ObjectID,ObjectType,Classification,Centroid_X,Centroid_Y,firstorder_10Percentile,firstorder_90Percentile,firstorder_Energy,firstorder_Entropy,firstorder_InterquartileRange,firstorder_Kurtosis,firstorder_Maximum,firstorder_Mean,firstorder_MeanAbsoluteDeviation,firstorder_Median,firstorder_Minimum,firstorder_Range,firstorder_RobustMeanAbsoluteDeviation,firstorder_RootMeanSquared,firstorder_Skewness,firstorder_StandardDeviation,firstorder_TotalEnergy,firstorder_Uniformity,firstorder_Variance,glcm_Autocorrelation,glcm_ClusterProminence,glcm_ClusterShade,glcm_ClusterTendency,glcm_Contrast,glcm_Correlation,glcm_DifferenceAverage,glcm_DifferenceEntropy,glcm_DifferenceVariance,glcm_Id,glcm_Idm,glcm_Idmn,glcm_Idn,glcm_Imc1,glcm_Imc2,glcm_InverseVariance,glcm_JointAverage,glcm_JointEnergy,glcm_JointEntropy,glcm_MaximumProbability,glcm_SumAverage,glcm_SumEntropy,glcm_SumSquares,gldm_DependenceEntropy,gldm_DependenceNonUniformity,gldm_DependenceNonUniformityNormalized,gldm_DependencePercentage,gldm_DependenceVariance,gldm_GrayLevelNonUniformity,gldm_GrayLevelVariance,gldm_HighGrayLevelEmphasis,gldm_LargeDependenceEmphasis,gldm_LargeDependenceHighGrayLevelEmphasis,gldm_LargeDependenceLowGrayLevelEmphasis,gldm_LowGrayLevelEmphasis,gldm_SmallDependenceEmphasis,gldm_SmallDependenceHighGrayLevelEmphasis,gldm_SmallDependenceLowGrayLevelEmphasis,glrlm_GrayLevelNonUniformity,glrlm_GrayLevelNonUniformityNormalized,glrlm_GrayLevelVariance,glrlm_HighGrayLevelRunEmphasis,glrlm_LongRunEmphasis,glrlm_LongRunHighGrayLevelEmphasis,glrlm_LongRunLowGrayLevelEmphasis,glrlm_LowGrayLevelRunEmphasis,glrlm_RunEntropy,glrlm_RunLengthNonUniformity,glrlm_RunLengthNonUniformityNormalized,glrlm_RunPercentage,glrlm_RunVariance,glrlm_ShortRunEmphasis,glrlm_ShortRunHighGrayLevelEmphasis,glrlm_ShortRunLowGrayLevelEmphasis,glszm_GrayLevelNonUniformity,glszm_GrayLevelNonUniformityNormalized,glszm_GrayLevelVariance,glszm_HighGrayLevelZoneEmphasis,glszm_LargeAreaEmphasis,glszm_LargeAreaHighGrayLevelEmphasis,glszm_LargeAreaLowGrayLevelEmphasis,glszm_LowGrayLevelZoneEmphasis,glszm_SizeZoneNonUniformity,glszm_SizeZoneNonUniformityNormalized,glszm_SmallAreaEmphasis,glszm_SmallAreaHighGrayLevelEmphasis,glszm_SmallAreaLowGrayLevelEmphasis,glszm_ZoneEntropy,glszm_ZonePercentage,glszm_ZoneVariance,ngtdm_Busyness,ngtdm_Coarseness,ngtdm_Complexity,ngtdm_Contrast,ngtdm_Strength,shape2D_Elongation,shape2D_Flatness,shape2D_MajorAxisLength,shape2D_MeshSurfaceArea,shape2D_MinorAxisLength,shape2D_Perimeter,shape2D_PerimeterSurfaceRatio,shape2D_PixelSurface,shape2D_SphericalDisproportion,shape2D_Sphericity,shape_Compactness1,shape_Compactness2,shape_Elongation,shape_LeastAxisLength,shape_MajorAxisLength,shape_Maximum2DDiameterColumn,shape_Maximum2DDiameterRow,shape_Maximum2DDiameterSlice,shape_Maximum3DDiameter,shape_MeshVolume,shape_MinorAxisLength,shape_SphericalDisproportion,shape_Sphericity,shape_SurfaceArea,shape_SurfaceVolumeRatio,shape_VoxelVolume
"a023e0e9-ad0e-445e-8af4-d5e0c1fad2a1","Detection","nuclei_tumor",367.908447,17.074821,88.000000,131.000000,10211346.000000,1.545272,21.000000,3.486599,168.000000,106.606613,13.199346,104.000000,76.000000,92.000000,9.375442,107.905032,0.810633,16.689098,10211346.000000,0.377355,278.525977,3.704962,11.675687,1.766480,2.006205,0.222256,0.800530,0.218647,0.769419,0.174449,0.891278,0.891038,0.986990,0.956391,-0.433914,0.000000,0.215489,1.805263,0.246155,2.436890,0.357293,3.610526,2.203468,0.557115,4.134166,166.555302,0.189915,1.000000,3.485376,330.940707,0.549195,3.766249,51.627138,184.958951,27.565652,0.513643,0.034460,0.129774,0.017117,138.456464,0.365320,0.583566,4.102902,37.651715,121.155673,21.608436,0.475759,4.899432,46.435356,0.122521,0.432155,16.233624,0.261217,1.039426,0.125653,6.000000,0.333333,0.765432,4.333333,14390.722222,42494.833333,7719.356867,0.508102,2.555556,0.141975,0.331953,1.051463,0.152882,3.614369,0.020525,12016.867284,12.245468,0.015740,1.350225,0.018165,0.105637,0.629963,0.629963,43.235541,866.500000,27.236785,119.482577,0.137891,866.500000,1.311085,0.762727,0.374315,49.782393,0.629963,27.236785,43.235541,30.000000,39.000000,49.203658,49.203658,866.500000,27.236785,1.311085,0.762727,119.482577,0.137891,866.500000
"dd402bd1-a315-497b-82aa-8119a38877c5","Detection","nuclei_endothelium",791.393555,9.233959,105.000000,134.000000,3047488.000000,0.990908,17.000000,2.315886,141.000000,118.595349,8.676084,118.000000,94.000000,47.000000,6.644451,119.056133,0.138238,10.464513,3047488.000000,0.563786,109.506025,5.341176,1.219653,0.420029,0.732419,0.180392,0.604755,0.180392,0.680934,0.147851,0.909804,0.909804,0.981961,0.954902,-0.286454,0.000000,0.180392,2.281046,0.422045,1.658527,0.602614,4.562092,1.478135,0.228203,3.504545,39.772093,0.184986,1.000000,3.562661,121.213953,0.234202,5.386047,50.246512,263.013953,10.894444,0.223902,0.035280,0.172097,0.012955,43.702128,0.464916,0.336804,5.617021,34.744681,175.446809,7.772459,0.247636,4.269264,11.680851,0.124264,0.437209,13.818923,0.250240,1.335617,0.089513,2.333333,0.388889,0.805556,5.500000,4088.833333,18285.333333,969.708333,0.430556,1.000000,0.166667,0.191274,0.239944,0.185863,2.584963,0.027907,2804.805556,3.064145,0.059665,0.611885,0.013483,0.157321,0.541894,0.541894,23.111511,213.000000,12.523981,63.209560,0.296758,213.000000,1.492712,0.669922,0.239128,20.317173,0.541894,12.523981,23.111511,13.000000,21.000000,24.698178,24.698178,213.000000,12.523981,1.492712,0.669922,63.209560,0.296758,213.000000
"ad463e46-41ac-4096-b3d3-4a63dbd01633","Detection","nuclei_endothelium",807.895508,8.078566,78.000000,110.000000,1961444.000000,1.042179,16.000000,2.359375,121.000000,93.745455,9.259339,94.000000,71.000000,50.000000,6.984444,94.422744,0.115987,11.289123,1961444.000000,0.546736,127.444298,5.236111,1.267838,0.309065,0.721519,0.266414,0.460664,0.266414,0.836272,0.195438,0.866793,0.866793,0.973359,0.933396,-0.160575,0.000000,0.266414,2.263258,0.360670,1.897789,0.550505,4.526515,1.631374,0.246983,3.728416,32.218182,0.146446,1.000000,4.493306,120.281818,0.250806,5.395455,43.954545,225.640909,9.659217,0.229419,0.058296,0.317823,0.021314,55.144000,0.441152,0.371584,5.680000,22.976000,111.680000,5.280000,0.256667,3.921370,22.456000,0.179648,0.568182,10.585600,0.385495,2.197661,0.123494,4.818182,0.438017,0.876033,5.636364,2170.000000,9431.363636,522.234848,0.446970,2.454545,0.223140,0.420760,1.968639,0.248772,2.732159,0.050000,1770.000000,4.949993,0.038052,0.914142,0.022082,0.102160,0.715215,0.715215,20.226189,218.500000,14.466078,58.331693,0.266964,218.500000,1.239218,0.806960,0.276707,27.204547,0.715215,14.466078,20.226189,14.000000,18.000000,22.803509,22.803509,218.500000,14.466078,1.239218,0.806960,58.331693,0.266964,218.500000
"15bd43f6-4607-42c3-9e12-9cf15c0aa468","Detection","nuclei_lymphocyte",903.615845,2.913371,77.000000,105.000000,744308.000000,0.776695,14.000000,3.107976,115.000000,88.382979,8.302399,85.000000,73.000000,42.000000,6.151695,88.984101,0.919079,10.325661,744308.000000,0.708692,106.619285,4.318471,0.937879,0.208386,0.381040,0.168790,0.386029,0.168790,0.654929,0.140300,0.915605,0.915605,0.983121,0.957803,-0.138233,0.000000,0.168790,2.065287,0.609127,1.317961,0.773885,4.130573,1.149171,0.137457,3.002024,17.531915,0.186510,1.000000,4.566320,66.617021,0.158895,4.595745,47.510638,198.063830,11.846336,0.254728,0.048454,0.312285,0.011187,21.541667,0.448785,0.364149,5.520833,27.375000,114.291667,6.849537,0.263310,3.520935,8.333333,0.173611,0.510638,12.034722,0.366759,2.578870,0.095528,3.000000,0.500000,0.583333,6.833333,1026.000000,4152.000000,256.166667,0.282407,1.333333,0.222222,0.248799,2.090907,0.044109,2.584963,0.063830,780.555556,1.072211,0.143251,0.549152,0.009078,0.311650,0.473521,0.473521,16.488815,88.500000,7.807804,41.774497,0.472028,88.500000,1.569168,0.637281,0.184927,12.150810,0.473521,7.807804,16.488815,17.000000,7.000000,18.384776,18.384776,88.500000,7.807804,1.569168,0.637281,41.774497,0.472028,88.500000
"30d70838-54ac-4340-ab3f-e7137e016b55","Detection","nuclei_endothelium",995.513489,3.351351,83.000000,112.000000,759844.000000,0.994030,16.000000,2.033316,117.000000,98.753247,9.308146,102.000000,76.000000,41.000000,7.770414,99.338330,-0.320990,10.765693,759844.000000,0.504132,115.900152,2.521569,0.789402,-0.115440,0.776870,0.215686,0.565393,0.215686,0.752212,0.169166,0.892157,0.892157,0.956863,0.928105,-0.245214,0.000000,0.215686,1.543137,0.334556,1.745353,0.435294,3.086275,1.529666,0.248139,3.659746,13.389610,0.173891,1.000000,3.793220,38.818182,0.247934,2.636364,42.168831,114.558442,24.071429,0.590909,0.041432,0.118436,0.022181,23.765957,0.505659,0.247171,2.659574,15.063830,41.489362,8.457447,0.585106,3.454952,8.319149,0.177003,0.610390,4.327750,0.361979,1.132919,0.169245,1.666667,0.555556,0.222222,2.000000,805.666667,2569.666667,364.666667,0.750000,1.000000,0.333333,0.002850,0.003417,0.002708,1.584963,0.038961,146.888889,6.678061,0.117656,0.220762,0.054256,0.118694,0.655859,0.655859,12.741241,74.000000,8.356453,36.000000,0.486486,74.000000,1.393681,0.717524,0.193287,13.274199,0.655859,8.356453,12.741241,13.000000,8.000000,15.264338,15.264338,74.000000,8.356453,1.393681,0.717524,36.000000,0.486486,74.000000
"b3144673-2f97-46d7-8368-b9074361b42b","Detection","nuclei_tumor",533.805481,16.841478,75.000000,120.000000,6205881.000000,1.529126,23.000000,2.510382,137.000000,93.732847,13.645761,89.000000,62.000000,75.000000,10.191359,95.182353,0.574525,16.547922,6205881.000000,0.417209,273.833739,5.347860,8.328178,0.698950,1.647135,0.189356,0.793785,0.189356,0.700122,0.153500,0.905322,0.905322,0.988861,0.962129,-0.465868,0.000000,0.189356,2.232356,0.327951,2.245036,0.527960,4.464713,2.055680,0.459123,3.647302,164.056934,0.239499,1.000000,4.141753,285.788321,0.510203,5.729927,55.081752,268.667153,15.973520,0.275243,0.036681,0.311810,0.007484,84.039427,0.301217,0.797883,7.985663,52.960573,245.412186,14.475806,0.232029,4.654185,40.971326,0.146851,0.407299,28.848602,0.346186,3.777522,0.054675,5.266667,0.351111,0.826667,11.066667,12798.466667,61434.733333,3117.284259,0.166204,2.466667,0.164444,0.367530,3.563573,0.046017,3.456565,0.021898,10713.022222,5.674874,0.023493,1.039677,0.016605,0.108048,0.707745,0.707745,35.456264,685.500000,25.093987,98.560780,0.143779,685.500000,1.127693,0.886766,0.395254,55.507912,0.707745,25.093987,35.456264,33.000000,30.000000,44.598206,44.598206,685.500000,25.093987,1.127693,0.886766,98.560780,0.143779,685.500000
"555457c4-89a4-4d14-b208-a99513eb9b92","Detection","nuclei_tumor",7.356636,16.443769,121.000000,144.000000,3018565.000000,0.862072,14.000000,2.499567,152.000000,132.555556,7.445094,134.000000,107.000000,45.000000,5.626981,132.862436,-0.219040,9.025054,3018565.000000,0.630108,81.451592,3.328947,1.094814,-0.538052,0.591085,0.143092,0.610198,0.143092,0.592280,0.122617,0.928454,0.928454,0.985691,0.964227,-0.310644,0.000000,0.143092,1.793586,0.524935,1.401747,0.702303,3.587171,1.258655,0.183544,3.036627,42.695906,0.249684,1.000000,4.353818,107.748538,0.192948,3.374269,54.672515,193.748538,19.916504,0.419428,0.042127,0.199314,0.015826,30.761194,0.459122,0.339942,3.134328,45.850746,166.059701,15.864842,0.532753,4.232824,8.701493,0.129873,0.391813,19.795055,0.327986,1.180845,0.181106,2.333333,0.388889,0.472222,5.166667,2819.500000,10519.166667,894.953704,0.328704,1.666667,0.277778,0.370491,3.148301,0.046409,1.918296,0.035088,2007.250000,1.978446,0.085070,0.520264,0.009372,0.218251,0.722760,0.722760,17.686832,164.500000,12.783328,50.867723,0.309226,164.500000,1.251725,0.798898,0.255816,23.251838,0.722760,12.783328,17.686832,16.000000,12.000000,20.000000,20.000000,164.500000,12.783328,1.251725,0.798898,50.867723,0.309226,164.500000
"51ce1021-05e1-4fb8-adff-58d1fe3a20d0","Detection","nuclei_tumor",322.439819,28.236338,101.000000,131.000000,12998567.000000,1.192001,13.000000,3.816145,161.000000,116.494726,8.933678,117.000000,84.000000,77.000000,5.920832,117.096407,0.148128,11.855271,12998567.000000,0.546278,140.547441,4.643409,3.852897,0.305413,0.964978,0.186431,0.676168,0.185328,0.695837,0.152085,0.907520,0.907446,0.989053,0.962971,-0.345722,0.000000,0.184363,2.109211,0.429243,1.898201,0.634859,4.218423,1.707134,0.287852,3.462337,220.556962,0.232655,1.000000,3.807038,517.871308,0.309895,4.850211,56.170886,250.607595,15.782195,0.285740,0.033912,0.234528,0.008130,134.760638,0.358406,0.584986,6.125000,54.664894,236.803191,14.514295,0.283448,4.754925,51.617021,0.137279,0.396624,29.237551,0.339952,2.811497,0.076367,8.578947,0.451524,0.797784,8.578947,24670.000000,101576.000000,6253.216740,0.251096,2.789474,0.146814,0.343426,3.474145,0.037410,3.636894,0.020042,22180.515235,7.554901,0.014377,1.130492,0.009519,0.077664,0.994531,0.994531,34.893275,948.500000,34.702428,111.009969,0.117037,948.500000,1.033896,0.967215,0.457530,74.377418,0.994531,34.702428,34.893275,35.000000,36.000000,50.209561,50.209561,948.500000,34.702428,1.033896,0.967215,111.009969,0.117037,948.500000
"2fa84fb4-5104-40ed-8769-6dd478e2ba9f","Detection","nuclei_endothelium",774.574402,24.266666,89.000000,108.000000,3438370.000000,0.954434,10.000000,2.600893,118.000000,97.477778,5.732099,97.000000,83.000000,35.000000,4.268869,97.729360,0.341099,7.007897,3438370.000000,0.531250,49.110617,1.902494,0.852468,0.391931,0.690348,0.199546,0.551528,0.199546,0.721020,0.159728,0.900227,0.900227,0.960091,0.933485,-0.238683,0.000000,0.199546,1.334089,0.395325,1.618739,0.566138,2.668178,1.419192,0.222474,3.357167,71.416667,0.198380,1.000000,4.175278,191.250000,0.234375,2.125000,51.555556,90.147222,41.907639,0.718750,0.033852,0.086409,0.020713,83.200000,0.520000,0.240000,2.800000,39.750000,61.912500,34.209375,0.550000,3.986036,23.837500,0.148984,0.444444,19.500000,0.340818,1.068795,0.158824,3.571429,0.510204,0.244898,2.714286,8201.142857,11869.285714,7284.107143,0.571429,1.571429,0.224490,0.103252,0.198713,0.079387,2.235926,0.019444,5556.244898,145.642857,0.027464,0.202282,0.048141,0.027047,0.487599,0.487599,31.061029,365.000000,15.145320,79.024283,0.216505,365.000000,1.361502,0.734483,0.293141,30.532081,0.487599,15.145320,31.061029,16.000000,30.000000,34.000000,34.000000,365.000000,15.145320,1.361502,0.734483,79.024283,0.216505,365.000000
"5751214b-0da9-487b-abf1-af0694c4d452","Detection","nuclei_endothelium",1004.580322,24.424007,88.000000,122.000000,2133470.000000,1.156529,17.000000,2.556732,138.000000,105.284211,9.771413,105.000000,82.000000,56.000000,7.593843,105.965983,0.114602,12.001020,2133470.000000,0.508255,144.024488,3.201175,2.406062,-0.110827,0.939424,0.195301,0.655774,0.195301,0.712430,0.157159,0.902349,0.902349,0.980470,0.951175,-0.326520,0.000000,0.195301,1.736417,0.368035,1.892063,0.549192,3.472834,1.696762,0.283681,3.621439,34.578947,0.181994,1.000000,3.420055,96.568421,0.294072,3.347368,49.231579,163.547368,22.056140,0.471637,0.033450,0.144478,0.014220,36.517241,0.419738,0.413000,3.505747,29.816092,104.137931,11.874202,0.501277,4.238303,11.137931,0.128022,0.457895,10.738275,0.238470,1.073949,0.093901,1.800000,0.360000,0.800000,4.800000,3387.200000,12448.800000,1140.022222,0.494444,1.000000,0.200000,0.203294,1.823087,0.023311,2.321928,0.026316,1943.200000,3.465051,0.064058,0.604899,0.018189,0.174364,0.587123,0.587123,20.438703,193.000000,12.000028,53.950225,0.279535,193.000000,1.200105,0.833260,0.274785,26.827933,0.587123,12.000028,20.438703,12.000000,21.000000,24.186773,24.186773,193.000000,12.000028,1.200105,0.833260,53.950225,0.279535,193.000000
"224e667d-6c61-4ce8-a740-91aae8b79d96","Detection","nuclei_tumor",564.990417,29.138561,81.000000,105.000000,5157014.000000,0.885745,13.000000,2.943113,127.000000,92.039867,7.856999,91.000000,71.000000,56.000000,5.602093,92.555218,0.444643,9.753528,5157014.000000,0.636362,95.131301,4.797886,1.242058,0.440237,0.548780,0.177015,0.512219,0.177015,0.673502,0.145680,0.911493,0.911493,0.989587,0.964597,-0.214227,0.000000,0.177015,2.169089,0.521911,1.495970,0.705856,4.338177,1.318956,0.181449,3.047564,145.588040,0.241841,1.000000,4.192073,383.089701,0.197459,5.019934,56.166113,254.747508,13.326839,0.234092,0.035831,0.233832,0.009116,98.180617,0.432514,0.393836,6.264317,57.682819,253.418502,13.903390,0.232440,4.314334,32.903084,0.144948,0.377076,29.550777,0.359241,2.636053,0.088216,7.375000,0.460938,0.875000,7.125000,13579.875000,55210.500000,3371.769531,0.338976,2.000000,0.125000,0.297946,2.431510,0.106456,3.750000,0.026578,12164.234375,4.714609,0.020358,1.202104,0.005917,0.113823,0.859747,0.859747,30.131389,593.000000,25.905370,90.341941,0.152347,593.000000,1.095253,0.913031,0.389624,53.937835,0.859747,25.905370,30.131389,25.000000,31.000000,39.824616,39.824616,593.000000,25.905370,1.095253,0.913031,90.341941,0.152347,593.000000
"710e5604-4bfb-4888-a282-81eb0e7f90f0","Detection","nuclei_lymphocyte",863.606567,23.237038,56.000000,101.000000,1243098.000000,1.557897,20.000000,3.043480,128.000000,77.276382,13.047549,76.000000,45.000000,83.000000,9.365436,79.036217,0.505405,16.585669,1243098.000000,0.388601,275.084417,7.004172,6.009602,0.518798,1.486642,0.411683,0.566267,0.375522,1.039666,0.270666,0.817918,0.815855,0.984501,0.938249,-0.199244,0.000000,0.347164,2.595271,0.213041,2.682759,0.319889,5.190542,2.236806,0.474581,4.206934,25.834171,0.129820,1.000000,4.433272,77.331658,0.528017,7.567839,36.165829,234.954774,6.908345,0.182702,0.066717,0.751751,0.009819,48.055556,0.333719,0.702932,8.888889,12.666667,85.083333,2.396366,0.169417,4.038534,32.986111,0.229070,0.723618,5.027585,0.458705,5.013441,0.061263,2.454545,0.223140,1.603306,11.727273,1148.272727,8064.000000,193.918889,0.203611,1.545455,0.140496,0.314135,5.408928,0.038511,3.277613,0.055276,820.991736,1.775084,0.041216,3.606381,0.019083,0.368219,0.812627,0.812627,17.803016,202.500000,14.467205,52.366599,0.258600,202.500000,1.077640,0.927953,0.301487,32.295300,0.812627,14.467205,17.803016,17.000000,14.000000,22.022716,22.022716,202.500000,14.467205,1.077640,0.927953,52.366599,0.258600,202.500000
"e22ef754-de1a-451f-9b39-b23d5a03f42b","Detection","nuclei_endothelium",810.383240,33.964100,85.000000,127.000000,6489840.000000,1.491434,28.000000,1.898776,139.000000,105.314685,13.826275,105.000000,71.000000,68.000000,11.180436,106.517013,0.082806,15.959047,6489840.000000,0.383069,254.691183,7.909475,6.022899,0.634445,1.709660,0.306285,0.696137,0.303471,0.896724,0.214191,0.848734,0.848546,0.982033,0.939400,-0.307783,0.000000,0.301008,2.749296,0.215969,2.534183,0.311914,5.498593,2.219204,0.503986,4.262643,84.475524,0.147684,1.000000,3.878454,219.115385,0.496635,7.963287,42.353147,315.795455,7.241101,0.164566,0.045285,0.398891,0.008546,122.060241,0.367651,0.537560,8.656627,23.048193,160.831325,4.159639,0.158363,4.379009,62.740964,0.188979,0.580420,11.174771,0.402217,3.638180,0.065399,4.625000,0.289063,1.058594,9.687500,5461.375000,38517.062500,924.829427,0.230035,1.875000,0.117188,0.272265,2.709715,0.093643,3.875000,0.027972,4183.312500,6.403326,0.018433,1.724037,0.022274,0.093587,0.444070,0.444070,41.345071,571.000000,18.360126,104.744222,0.183440,571.000000,1.529024,0.654012,0.300515,32.087387,0.444070,18.360126,41.345071,18.000000,41.000000,44.777226,44.777226,571.000000,18.360126,1.529024,0.654012,104.744222,0.183440,571.000000
"05192664-dc96-41ac-acb8-48ca6ac2ad0a","Detection","nuclei_tumor",101.574013,35.208332,91.000000,131.000000,8083592.000000,1.491396,24.000000,2.088270,151.000000,110.315951,12.986121,110.000000,76.000000,75.000000,10.262157,111.346968,0.106110,15.117480,8083592.000000,0.383483,228.538212,3.971185,6.317800,0.439403,1.716850,0.240666,0.754111,0.240666,0.796145,0.182746,0.879667,0.879667,0.985843,0.951867,-0.385810,0.000000,0.240666,1.897930,0.235533,2.404304,0.383117,3.795860,2.163638,0.489379,4.120235,116.923313,0.179330,1.000000,3.355330,250.030675,0.487006,4.162577,48.773006,199.920245,21.796577,0.436914,0.034626,0.184685,0.012383,116.384106,0.385378,0.495592,4.364238,31.569536,133.490066,13.436948,0.413033,4.567784,38.993377,0.129117,0.463190,12.925442,0.246610,1.313630,0.074558,3.600000,0.360000,0.640000,7.400000,15092.000000,55969.000000,6226.475694,0.236806,1.600000,0.160000,0.337704,3.608135,0.036308,3.121928,0.015337,10840.960000,8.653760,0.017186,1.622593,0.019236,0.107517,0.771019,0.771019,33.007987,644.000000,25.449801,93.793176,0.145642,644.000000,1.087043,0.919927,0.399995,56.847371,0.771019,25.449801,33.007987,25.000000,33.000000,41.400483,41.400483,644.000000,25.449801,1.087043,0.919927,93.793176,0.145642,644.000000
"a775054f-6a41-4843-b05e-9a9a1e90c489","Detection","nuclei_lymphocyte",716.938232,45.988117,81.000000,102.000000,2364637.000000,0.655561,11.000000,2.629072,116.000000,91.888489,6.474432,92.000000,75.000000,41.000000,5.074691,92.227374,0.080971,7.898990,2364637.000000,0.719036,62.394040,1.352127,0.617243,0.371394,0.336684,0.153314,0.374228,0.153314,0.618071,0.129809,0.923343,0.923343,0.969337,0.948895,-0.130082,0.000000,0.153314,1.142928,0.625193,1.106721,0.780415,2.285856,0.953407,0.122499,2.762565,68.733813,0.247244,1.000000,4.442575,199.892086,0.140482,1.507194,55.683453,64.392086,53.506295,0.873201,0.038286,0.105672,0.021439,55.504505,0.500041,0.249980,2.513514,50.594595,56.000000,49.243243,0.621622,3.750326,16.801802,0.151368,0.399281,25.504423,0.365180,1.313941,0.127989,7.222222,0.802469,0.098765,3.666667,5973.111111,6105.444444,5940.027778,0.333333,1.222222,0.135802,0.240736,0.962937,0.060186,2.947703,0.032374,5018.987654,22.113486,0.045881,0.156801,0.023587,0.042848,0.496395,0.496395,26.993573,280.500000,13.399484,66.491247,0.237045,280.500000,1.254256,0.797285,0.291885,30.270854,0.496395,13.399484,26.993573,14.000000,26.000000,29.529646,29.529646,280.500000,13.399484,1.254256,0.797285,66.491247,0.237045,280.500000
"af6e19ff-0047-44cc-9115-9cbc40512ca8","Detection","nuclei_endothelium",1014.246765,55.198051,72.000000,112.000000,3952893.000000,1.490275,24.000000,2.341874,129.000000,91.240260,12.693259,91.000000,57.000000,72.000000,9.654312,92.498894,0.079238,15.207250,3952893.000000,0.398297,231.260457,5.023865,6.153175,-0.067181,1.575798,0.249709,0.726422,0.248545,0.813956,0.187934,0.875922,0.875844,0.985332,0.950330,-0.355458,0.000000,0.247526,2.166182,0.254971,2.417588,0.424331,4.332363,2.163250,0.456377,4.198158,74.510823,0.161279,1.000000,3.877701,184.012987,0.470212,5.268398,47.346320,243.043290,14.278484,0.314469,0.040976,0.252458,0.013491,82.012766,0.348990,0.598533,5.608511,25.438298,130.280851,7.263416,0.328812,4.580781,33.834043,0.143975,0.508658,9.978343,0.315047,2.036705,0.096238,5.500000,0.343750,1.000000,7.250000,4266.750000,18913.625000,1127.463976,0.344618,2.250000,0.140625,0.248636,2.090031,0.085947,3.875000,0.034632,3432.984375,5.362170,0.024366,1.514717,0.019015,0.129604,0.660194,0.660194,30.541362,462.000000,20.163232,87.055507,0.188432,462.000000,1.305391,0.766054,0.320902,36.588751,0.660194,20.163232,30.541362,20.000000,30.000000,36.055513,36.055513,462.000000,20.163232,1.305391,0.766054,87.055507,0.188432,462.000000
"451efd12-926d-4f47-b4f2-bf4f8d06499f","Detection","nuclei_tumor",259.089386,61.545158,100.000000,127.000000,4716525.000000,1.030963,13.000000,3.420733,140.000000,114.108635,8.292906,115.000000,82.000000,58.000000,5.574899,114.620908,-0.529911,10.824604,4716525.000000,0.605124,117.172042,4.299771,2.299447,-0.080078,0.673610,0.140351,0.655141,0.140351,0.585157,0.120653,0.929825,0.929825,0.985965,0.964912,-0.384849,0.000000,0.140351,2.041190,0.540773,1.504292,0.724638,4.082380,1.363941,0.203490,3.096069,94.771588,0.263988,1.000000,4.134108,217.239554,0.238918,4.476323,57.111421,233.116992,16.731198,0.298050,0.034627,0.217617,0.008311,50.770992,0.387565,0.482256,5.587786,59.511450,243.541985,16.048346,0.302587,4.424431,15.381679,0.117417,0.364903,29.471010,0.289477,2.163271,0.058809,6.600000,0.660000,0.410000,7.700000,7569.300000,30260.500000,1965.388889,0.213889,1.200000,0.120000,0.240659,2.165188,0.026822,3.121928,0.027855,6280.490000,3.996825,0.043944,0.450360,0.011947,0.101275,0.489137,0.489137,31.839191,358.000000,15.573733,83.802056,0.234084,358.000000,1.561049,0.640595,0.263285,24.629433,0.489137,15.573733,31.839191,34.000000,16.000000,37.576588,37.576588,358.000000,15.573733,1.561049,0.640595,83.802056,0.234084,358.000000
"8051994e-3cda-4e4c-9950-7a4898b9fd5f","Detection","nuclei_tumor",330.738678,68.783333,81.000000,114.000000,4628976.000000,1.240355,17.000000,4.325887,151.000000,95.529175,10.667012,92.000000,69.000000,82.000000,7.209633,96.508212,1.083180,13.711737,4628976.000000,0.512123,188.011724,5.643740,5.716153,1.460008,1.164574,0.213864,0.689702,0.209565,0.753768,0.169946,0.895934,0.895648,0.991809,0.965175,-0.329138,0.000000,0.205803,2.325094,0.395923,1.992568,0.594841,4.650188,1.770035,0.344609,3.619435,98.058350,0.197301,1.000000,4.712152,254.525151,0.374173,5.925553,52.814889,272.356137,11.733807,0.216249,0.053581,0.469798,0.010641,77.956140,0.341913,0.687135,7.798246,40.035088,191.105263,9.288226,0.206964,4.559029,37.868421,0.166090,0.458753,21.028547,0.389547,3.805133,0.081716,7.434783,0.323251,1.043478,10.043478,5094.043478,23745.347826,1181.850857,0.223357,6.217391,0.270321,0.528291,5.534460,0.094550,3.288502,0.046278,4627.107750,2.779624,0.026387,2.173048,0.007754,0.270769,0.674716,0.674716,30.941201,500.000000,20.876523,84.101561,0.168203,500.000000,1.125714,0.888325,0.365754,47.531356,0.674716,20.876523,30.941201,22.000000,31.000000,38.013156,38.013156,500.000000,20.876523,1.125714,0.888325,84.101561,0.168203,500.000000
"1e8e6624-c245-4c37-8108-ccd743b10e26","Detection","nuclei_endothelium",768.941711,67.894173,72.000000,114.000000,2567972.000000,1.458317,17.000000,3.068129,133.000000,91.932432,11.491417,91.000000,54.000000,79.000000,7.690625,93.142799,0.241956,14.966928,2567972.000000,0.438002,224.008948,4.794585,8.202062,0.831574,1.500569,0.236228,0.727973,0.234360,0.792719,0.181303,0.883131,0.883007,0.986137,0.953190,-0.360217,0.000000,0.232726,2.116246,0.310791,2.333539,0.521008,4.232493,2.090245,0.434199,4.062623,47.439189,0.160268,1.000000,4.416682,129.648649,0.451196,5.155405,47.283784,219.445946,14.664367,0.307432,0.052273,0.363094,0.011973,56.037975,0.354671,0.597701,6.170886,26.987342,118.936709,8.482243,0.288986,4.310084,28.620253,0.181141,0.533784,12.948566,0.398684,2.839326,0.097435,6.090909,0.553719,0.512397,8.454545,3216.181818,13534.363636,873.808081,0.200126,2.818182,0.256198,0.461955,4.167024,0.051316,2.404010,0.037162,2492.082645,3.136232,0.041035,1.368573,0.017321,0.212479,0.421832,0.421832,30.387257,294.500000,12.818328,73.011604,0.247917,294.500000,1.440418,0.694243,0.266331,25.202713,0.421832,12.818328,30.387257,14.000000,31.000000,34.014703,34.014703,294.500000,12.818328,1.440418,0.694243,73.011604,0.247917,294.500000
"51e38e81-4c82-47c1-9df3-90713faca5fe","Detection","nuclei_endothelium",793.297607,65.054207,69.000000,104.000000,1080647.000000,1.370431,18.000000,2.975467,125.000000,85.303448,10.518335,84.000000,61.000000,64.000000,7.796052,86.329241,0.566434,13.268747,1080647.000000,0.457027,176.059643,3.700000,3.829425,-0.035159,1.141565,0.264706,0.623535,0.260784,0.841596,0.196697,0.870261,0.870000,0.984498,0.947974,-0.283402,0.000000,0.257353,1.865686,0.317370,2.203406,0.515686,3.731373,1.933075,0.351568,3.717326,21.496552,0.148252,1.000000,4.912913,66.268966,0.396956,4.179310,43.524138,147.875862,18.957519,0.393151,0.055178,0.410738,0.013303,33.088889,0.367654,0.544321,5.433333,16.444444,60.888889,6.605710,0.324537,3.718444,20.311111,0.225679,0.620690,6.061728,0.462229,3.407257,0.086140,2.000000,0.333333,0.888889,8.000000,1561.833333,5942.333333,512.732639,0.274306,1.333333,0.222222,0.337768,4.205177,0.029576,2.584963,0.041379,977.805556,1.815781,0.071046,1.644319,0.017571,0.406169,0.560518,0.560518,18.282976,144.500000,10.247933,46.558258,0.322202,144.500000,1.193756,0.837692,0.256624,23.399032,0.560518,10.247933,18.282976,11.000000,17.000000,20.248457,20.248457,144.500000,10.247933,1.193756,0.837692,46.558258,0.322202,144.500000
"0abab9d6-8943-4307-9e51-eed84da60ed9","Detection","nuclei_tumor",277.538849,82.484596,77.000000,119.000000,7947826.000000,1.352821,25.000000,2.145367,133.000000,95.699764,13.099738,92.000000,64.000000,69.000000,10.360939,96.925711,0.423612,15.367128,7947826.000000,0.457525,236.148629,5.703047,4.586019,0.677810,1.279422,0.210199,0.717782,0.209577,0.743447,0.166276,0.895315,0.895274,0.987646,0.958105,-0.374824,0.000000,0.209033,2.331468,0.336451,2.145124,0.516169,4.662935,1.932082,0.372405,3.773691,164.139480,0.194018,1.000000,4.101515,387.066194,0.391302,5.963357,53.267139,295.284870,11.680408,0.230579,0.039824,0.312130,0.011072,123.376658,0.327259,0.695411,7.018568,40.339523,210.074271,9.112179,0.256668,4.790540,56.787798,0.150631,0.445626,20.196807,0.363058,2.995919,0.106547,8.928571,0.318878,1.525510,9.285714,9717.428571,43655.964286,2303.712302,0.350942,3.785714,0.135204,0.312137,3.398266,0.099782,3.994680,0.033097,8804.525510,7.276557,0.016215,1.174420,0.013286,0.077087,0.630538,0.630538,42.055008,838.500000,26.517300,113.769524,0.135682,838.500000,1.228398,0.814069,0.389843,53.998374,0.630538,26.517300,42.055008,40.000000,31.000000,50.606324,50.606324,838.500000,26.517300,1.228398,0.814069,113.769524,0.135682,838.500000
"91006d2f-5d27-4eda-8d09-6fc847aeba9f","Detection","nuclei_endothelium",782.403748,81.228416,105.000000,125.000000,1657411.000000,0.549109,13.000000,2.049453,130.000000,114.420635,6.628622,114.000000,100.000000,30.000000,5.106498,114.691131,0.229854,7.872348,1657411.000000,0.778282,61.973860,1.351598,0.682259,0.405264,0.347074,0.132420,0.447667,0.132420,0.564038,0.114885,0.933790,0.933790,0.973516,0.955860,-0.182958,0.000000,0.132420,1.139269,0.645368,1.058104,0.794521,2.278539,0.925684,0.119873,2.903996,26.365079,0.209247,1.000000,3.538675,98.063492,0.110859,1.380952,52.984127,63.317460,50.400794,0.904762,0.027442,0.046894,0.022579,31.538462,0.606509,0.196746,1.807692,36.269231,41.692308,34.913462,0.798077,3.813649,6.576923,0.126479,0.412698,12.784024,0.258852,0.622138,0.168031,1.666667,0.555556,0.222222,3.000000,4086.666667,4246.666667,4046.666667,0.500000,1.000000,0.333333,0.023176,0.092620,0.005815,1.584963,0.023810,2322.666667,6.749893,0.119660,0.132651,0.014071,0.125056,0.638604,0.638604,16.026822,125.500000,10.234801,46.384776,0.369600,125.500000,1.364261,0.732998,0.224133,17.848981,0.638604,10.234801,16.026822,11.000000,16.000000,19.416488,19.416488,125.500000,10.234801,1.364261,0.732998,46.384776,0.369600,125.500000
"d714eb8d-0865-47a9-aed5-f44e99a9c57c","Detection","nuclei_endothelium",801.927917,97.699112,76.000000,113.000000,8340434.000000,1.381698,21.000000,2.877150,128.000000,96.263636,11.815393,99.000000,51.000000,77.000000,8.466513,97.353818,-0.548664,14.528531,8340434.000000,0.418830,211.078223,5.903129,5.021221,-0.818572,1.462046,0.255114,0.702865,0.249699,0.827990,0.192765,0.876053,0.875692,0.985089,0.950241,-0.329504,0.000000,0.244961,2.366727,0.263208,2.317552,0.370036,4.733454,2.047904,0.429290,4.061837,148.206818,0.168417,1.000000,3.916689,368.570455,0.426486,6.137500,48.654545,307.662500,11.189568,0.251136,0.040644,0.271995,0.010759,163.004717,0.384445,0.504978,5.945755,30.641509,195.169811,6.625033,0.281692,4.640398,58.613208,0.138239,0.481818,13.411178,0.315375,1.927833,0.091753,7.800000,0.312000,1.040000,6.800000,7735.520000,41622.520000,1674.756111,0.376389,2.920000,0.116800,0.314771,2.986472,0.050040,4.213661,0.028409,6496.480000,7.521384,0.013402,1.425584,0.015824,0.068957,0.381600,0.381600,55.115493,883.500000,21.032084,129.363396,0.146422,883.500000,1.507323,0.663428,0.338777,40.778501,0.381600,21.032084,55.115493,24.000000,53.000000,58.180753,58.180753,883.500000,21.032084,1.507323,0.663428,129.363396,0.146422,883.500000
"69322715-aa54-46e3-8e51-7752121041fd","Detection","nuclei_tumor",399.342102,97.854507,81.000000,129.000000,14050932.000000,1.665070,29.000000,2.242868,157.000000,104.652209,15.345941,104.000000,57.000000,100.000000,11.789229,106.235066,0.109361,18.270313,14050932.000000,0.347227,333.804343,7.869583,10.906901,0.597672,2.188132,0.296839,0.761093,0.290140,0.890846,0.212658,0.856046,0.855600,0.988636,0.951803,-0.361844,0.000000,0.284279,2.719699,0.199807,2.729635,0.311702,5.439397,2.414360,0.621243,4.377031,194.988755,0.156617,1.000000,3.825180,432.297992,0.615951,8.073896,45.726104,348.883534,8.539223,0.182314,0.040687,0.357139,0.008503,231.133333,0.342420,0.653924,8.711111,25.881481,183.875556,5.009157,0.178846,4.680694,113.871111,0.168698,0.542169,12.273580,0.361419,3.324582,0.065144,7.580645,0.244537,1.479709,10.096774,13667.322581,90817.290323,2472.341577,0.264005,3.580645,0.115505,0.290259,2.751021,0.098042,4.607264,0.024900,12054.393340,8.042399,0.009838,2.556920,0.015483,0.085904,0.600277,0.600277,51.592419,1236.000000,30.969724,134.315897,0.108670,1236.000000,1.161519,0.860941,0.447974,71.302879,0.600277,30.969724,51.592419,36.000000,50.000000,61.611687,61.611687,1236.000000,30.969724,1.161519,0.860941,134.315897,0.108670,1236.000000
"a680c130-8c86-410b-bb98-9b3d9bf7c697","Detection","nuclei_tumor",520.948914,114.528793,80.000000,126.000000,18234553.000000,1.640841,24.000000,2.876181,160.000000,103.064787,14.310364,102.000000,61.000000,99.000000,10.358122,104.587495,0.360039,17.781838,18234553.000000,0.370378,316.193763,7.419586,12.392841,0.969904,2.039303,0.245213,0.785326,0.243967,0.806817,0.185693,0.878224,0.878141,0.990579,0.959368,-0.409888,0.000000,0.242877,2.640277,0.234811,2.595403,0.339250,5.280554,2.345008,0.571129,4.280102,289.400720,0.173606,1.000000,3.531071,617.419916,0.579054,7.622076,50.191362,373.161368,9.247688,0.193823,0.036146,0.295269,0.008480,252.543450,0.327553,0.746762,8.073930,31.214008,226.666667,5.776596,0.209215,5.063274,98.584955,0.127866,0.462507,12.514833,0.279199,2.441407,0.064730,7.742857,0.221224,1.627755,9.628571,19258.771429,128882.114286,3463.387881,0.300651,4.428571,0.126531,0.335723,2.983872,0.105805,4.707715,0.020996,16990.290612,9.626890,0.007785,2.294093,0.013106,0.071532,0.650507,0.650507,57.857517,1673.000000,37.636732,161.526888,0.096549,1673.000000,1.241034,0.805779,0.459784,75.112078,0.650507,37.636732,57.857517,43.000000,56.000000,70.604532,70.604532,1673.000000,37.636732,1.241034,0.805779,161.526888,0.096549,1673.000000
"a08f38c9-f8b1-419c-8f4c-d2fc4db6ba19","Detection","nuclei_tumor",200.549408,100.131767,60.000000,100.000000,3645468.000000,1.368133,21.000000,3.137645,130.000000,76.900506,12.357078,73.000000,55.000000,75.000000,9.053440,78.406000,0.903044,15.290946,3645468.000000,0.423636,233.813035,2.627460,5.297370,1.318225,1.407553,0.203488,0.747383,0.202594,0.730790,0.162444,0.898852,0.898792,0.988046,0.959511,-0.391755,0.000000,0.201811,1.525268,0.320521,2.077492,0.481664,3.050537,1.870557,0.402760,3.530841,132.001686,0.222600,1.000000,3.891790,251.215852,0.452138,2.959528,53.128162,119.077572,38.787205,0.625410,0.031939,0.164292,0.013837,89.357724,0.363243,0.540634,4.556911,48.398374,94.317073,38.332712,0.409158,4.517699,33.593496,0.136559,0.414840,25.155000,0.298704,1.916241,0.075695,5.200000,0.520000,0.560000,8.400000,14632.100000,30485.900000,10761.264583,0.209028,1.200000,0.120000,0.146569,2.019106,0.011426,3.121928,0.016863,11115.610000,8.270907,0.024403,1.336051,0.014354,0.180046,0.854807,0.854807,30.099047,597.000000,25.728877,90.131276,0.150974,597.000000,1.082846,0.923492,0.393628,55.052174,0.854807,25.728877,30.099047,29.000000,26.000000,38.948684,38.948684,597.000000,25.728877,1.082846,0.923492,90.131276,0.150974,597.000000
"29482af9-343f-4990-a0ec-a4a4c3c8dd65","Detection","nuclei_tumor",242.834579,104.288750,89.000000,127.000000,4679773.000000,1.414409,25.000000,2.032570,146.000000,108.043147,12.272450,108.000000,81.000000,65.000000,9.772809,108.984386,0.125994,14.292473,4679773.000000,0.407766,204.274788,3.394270,4.641344,0.343281,1.428512,0.201910,0.752322,0.201910,0.725732,0.161142,0.899045,0.899045,0.979809,0.949523,-0.409086,0.000000,0.201910,1.757162,0.290240,2.175637,0.432469,3.514325,1.973727,0.407606,3.833627,73.604061,0.186812,1.000000,3.752635,160.659898,0.436806,3.720812,51.903553,163.350254,27.826424,0.477721,0.037105,0.189095,0.013014,66.211111,0.367840,0.516636,4.950000,34.744444,107.077778,18.957407,0.364352,4.398117,25.444444,0.141358,0.456853,15.579506,0.331547,2.163020,0.088105,4.600000,0.460000,0.450000,6.700000,6038.800000,19610.200000,2762.616667,0.241667,1.600000,0.160000,0.339354,2.054124,0.065489,3.121928,0.025381,4486.440000,9.855715,0.034945,0.529893,0.028596,0.088295,0.929804,0.929804,23.388483,400.000000,21.746698,73.081661,0.182704,400.000000,1.062544,0.941137,0.361221,46.360395,0.929804,21.746698,23.388483,22.000000,24.000000,32.557641,32.557641,400.000000,21.746698,1.062544,0.941137,73.081661,0.182704,400.000000
"c7e5775a-6579-4ddd-abb0-aa26175cd4ee","Detection","nuclei_tumor",39.726757,103.856010,103.000000,139.000000,4442596.000000,1.264403,23.000000,2.328349,148.000000,120.450331,11.934784,119.000000,83.000000,65.000000,9.089739,121.287191,-0.135826,14.223238,4442596.000000,0.450528,202.300513,5.788288,3.332445,-0.329439,1.182212,0.178378,0.737793,0.178378,0.676517,0.146560,0.910811,0.910811,0.982162,0.955405,-0.406904,0.000000,0.178378,2.353153,0.325931,1.979778,0.445946,4.706306,1.801400,0.340148,3.718238,60.821192,0.201395,1.000000,3.673918,136.059603,0.351607,5.847682,53.231788,320.907285,11.511589,0.240618,0.034776,0.227561,0.008124,51.790698,0.401478,0.449252,5.643411,32.651163,206.325581,6.596899,0.287037,4.342256,14.968992,0.116039,0.427152,10.728442,0.270426,1.841683,0.073269,3.000000,0.428571,0.775510,6.000000,5578.285714,31707.428571,1151.238095,0.384921,1.285714,0.183673,0.293112,2.610675,0.035602,2.521641,0.023179,3716.979592,5.174696,0.041686,0.608097,0.021830,0.121263,0.850065,0.850065,21.381280,294.000000,18.175486,63.547869,0.216149,294.000000,1.093062,0.914861,0.327432,38.092901,0.850065,18.175486,21.381280,20.000000,21.000000,29.000000,29.000000,294.000000,18.175486,1.093062,0.914861,63.547869,0.216149,294.000000
"03628c33-7fe1-4d21-904c-f657f1ff9810","Detection","nuclei_lymphocyte",880.740173,105.763321,52.000000,108.000000,2479003.000000,1.815344,29.000000,2.990112,136.000000,75.668329,17.441683,69.000000,36.000000,100.000000,12.349581,78.626029,0.762313,21.362498,2479003.000000,0.344693,456.356329,6.421477,19.456924,2.566328,2.497331,0.324161,0.770220,0.305369,0.936417,0.230911,0.850447,0.849195,0.987682,0.949553,-0.372416,0.000000,0.288926,2.424497,0.238773,2.798037,0.440268,4.848993,2.444086,0.705373,4.188640,62.426434,0.155677,1.000000,5.260427,138.221945,0.818229,7.162095,44.097257,236.264339,11.695415,0.243425,0.062638,0.849794,0.010984,58.677966,0.248635,1.177894,10.228814,23.771186,128.118644,5.898769,0.202189,4.432369,52.050847,0.220554,0.588529,12.222709,0.463119,6.353625,0.060061,6.000000,0.272727,1.834711,15.727273,2327.318182,11899.636364,529.245871,0.197311,4.181818,0.190083,0.417152,8.306390,0.063397,3.624680,0.054863,1995.084711,2.766129,0.035954,2.342582,0.021861,0.284674,0.659242,0.659242,27.925737,403.500000,18.409816,75.352384,0.186747,403.500000,1.119800,0.893016,0.348035,43.037641,0.659242,18.409816,27.925737,23.000000,25.000000,33.970576,33.970576,403.500000,18.409816,1.119800,0.893016,75.352384,0.186747,403.500000
"6d8eb94e-1710-42da-be0e-307a06240f40","Detection","nuclei_endothelium",763.392700,106.855705,93.000000,116.000000,2016973.000000,0.838190,12.000000,2.743817,125.000000,105.187845,7.117731,106.000000,83.000000,42.000000,5.138787,105.562764,-0.297849,8.889007,2016973.000000,0.629376,79.014438,3.107477,0.798535,-0.415082,0.558001,0.236760,0.404198,0.230530,0.797223,0.183616,0.885774,0.885358,0.976612,0.942679,-0.141921,0.000000,0.225078,1.739875,0.433556,1.599150,0.621495,3.479751,1.343429,0.198690,3.480073,29.839779,0.164861,1.000000,4.039681,113.917127,0.189249,3.314917,46.038674,160.530387,17.421885,0.427409,0.041170,0.158741,0.017916,51.515464,0.531087,0.254862,3.113402,25.402062,89.587629,9.378580,0.494559,3.812346,16.072165,0.165692,0.535912,11.474546,0.366897,1.173812,0.188078,2.200000,0.440000,0.640000,3.200000,3973.400000,15236.400000,1157.872222,0.672222,1.000000,0.200000,0.225553,1.825585,0.047767,2.321928,0.027624,2662.960000,3.400142,0.049108,0.861890,0.014372,0.132371,0.491622,0.491622,21.803255,182.500000,10.718969,54.279479,0.297422,182.500000,1.284691,0.778397,0.257475,23.554348,0.491622,10.718969,21.803255,11.000000,22.000000,24.596748,24.596748,182.500000,10.718969,1.284691,0.778397,54.279479,0.297422,182.500000
"ef729e1d-e7b1-4567-b36f-a6368748f5b9","Detection","nuclei_tumor",314.632446,116.526154,83.000000,126.000000,7970057.000000,1.552608,26.000000,3.211789,171.000000,106.590044,14.267072,107.000000,71.000000,100.000000,10.542188,108.024027,0.400197,17.542887,7970057.000000,0.396054,307.752873,7.919180,10.662784,1.050005,1.776556,0.226605,0.773753,0.226605,0.772046,0.175255,0.886698,0.886698,0.991284,0.962233,-0.409444,0.000000,0.226605,2.744393,0.268154,2.422854,0.411446,5.488786,2.196249,0.500790,4.072742,120.636896,0.176628,1.000000,3.598739,270.505124,0.524698,8.206442,50.610542,382.060029,8.445165,0.163536,0.034730,0.346324,0.005269,104.779180,0.330534,0.705192,9.479495,31.766562,237.047319,5.316816,0.156033,4.830157,43.044164,0.135786,0.464129,13.197803,0.273993,3.077371,0.039835,6.200000,0.413333,1.173333,12.733333,11529.000000,88013.133333,1738.334463,0.164241,1.666667,0.111111,0.235829,2.958665,0.028255,3.640224,0.021962,9455.715556,3.555389,0.019241,2.212903,0.011528,0.171724,0.943691,0.943691,30.544958,691.500000,28.825017,98.434433,0.142349,691.500000,1.115044,0.896826,0.399482,56.701639,0.943691,28.825017,30.544958,30.000000,30.000000,42.426407,42.426407,691.500000,28.825017,1.115044,0.896826,98.434433,0.142349,691.500000
"ad4fcfae-2d82-4d96-913f-55821140acb7","Detection","nuclei_tumor",51.687370,111.724640,116.000000,134.000000,2493353.000000,1.069520,9.000000,4.084577,138.000000,125.000000,5.974843,126.000000,97.000000,41.000000,4.420799,125.225658,-0.859216,7.514347,2493353.000000,0.498121,56.465409,6.834520,1.005077,-0.308634,0.747549,0.275801,0.460985,0.272242,0.857583,0.201685,0.864472,0.864235,0.972584,0.932117,-0.156754,0.000000,0.269128,2.591637,0.321060,1.886108,0.469751,5.183274,1.600276,0.255838,3.627106,23.729560,0.149243,1.000000,4.044460,79.201258,0.272299,6.792453,41.955975,312.188679,6.487247,0.180818,0.058665,0.333527,0.020306,44.770833,0.466363,0.320204,6.010417,17.625000,134.229167,2.663773,0.221933,3.663517,17.583333,0.183160,0.603774,6.652344,0.346628,1.846261,0.101664,2.750000,0.343750,0.609375,5.125000,1224.125000,9737.000000,171.739583,0.385417,2.500000,0.312500,0.505320,2.521360,0.279105,2.500000,0.050314,829.109375,2.949228,0.050291,0.997579,0.024193,0.176303,0.681852,0.681852,17.576018,161.000000,11.984244,48.448625,0.300923,161.000000,1.160185,0.861932,0.269357,25.778626,0.681852,11.984244,17.576018,14.000000,17.000000,22.022716,22.022716,161.000000,11.984244,1.160185,0.861932,48.448625,0.300923,161.000000
"9a491f9f-ddb3-435e-8caf-0be0b527f660","Detection","nuclei_tumor",292.101379,112.346977,80.000000,103.000000,690098.000000,0.702467,10.000000,3.240792,120.000000,90.190476,7.298186,88.000000,76.000000,44.000000,5.358538,90.639133,0.741549,9.007241,690098.000000,0.691610,81.130385,1.322581,0.533102,0.326745,0.304081,0.161290,0.306832,0.161290,0.637387,0.135276,0.919355,0.919355,0.967742,0.946237,-0.091360,0.000000,0.161290,1.134409,0.632038,1.086791,0.784946,2.268817,0.925501,0.116343,2.860138,17.309524,0.206066,1.000000,5.792517,58.095238,0.154195,1.571429,48.976190,54.261905,47.654762,0.857143,0.055806,0.168098,0.027733,21.000000,0.500000,0.250000,2.500000,27.809524,32.523810,26.630952,0.625000,3.024652,9.333333,0.222222,0.500000,11.809524,0.431566,1.529780,0.157012,3.400000,0.680000,0.160000,3.400000,941.200000,990.400000,928.900000,0.400000,1.400000,0.280000,0.229125,0.916370,0.057314,1.921928,0.059524,658.960000,8.357540,0.139595,0.170562,0.029961,0.122538,0.567542,0.567542,14.121111,85.500000,8.014321,40.358485,0.472029,85.500000,1.515981,0.659639,0.188143,12.577086,0.567542,8.014321,14.121111,14.000000,9.000000,16.643317,16.643317,85.500000,8.014321,1.515981,0.659639,40.358485,0.472029,85.500000
"eaa9d1b5-7ed3-4b40-ae79-ab97129ab20f","Detection","nuclei_endothelium",785.178833,117.349594,59.000000,87.000000,433863.000000,1.058515,15.000000,3.896021,107.000000,71.433735,8.777181,69.000000,53.000000,54.000000,6.236461,72.299828,1.033800,11.157355,433863.000000,0.549717,124.486573,1.770609,2.400677,0.905036,0.739739,0.261649,0.477428,0.240143,0.839565,0.203980,0.883513,0.882079,0.974828,0.941039,-0.165245,0.000000,0.221326,1.284946,0.438895,1.729415,0.634409,2.569892,1.445335,0.250347,3.457945,12.686747,0.152852,1.000000,5.352881,45.626506,0.299608,2.120482,43.554217,62.289157,39.098059,0.760040,0.067736,0.259521,0.027970,20.106383,0.427795,0.394749,3.148936,20.085106,31.063830,17.624113,0.557329,3.530647,8.702128,0.185152,0.566265,7.610684,0.400256,1.849913,0.111390,3.000000,0.500000,0.333333,4.333333,594.166667,759.666667,554.458333,0.351852,1.333333,0.222222,0.362897,1.544025,0.088191,2.251629,0.072289,402.805556,3.596875,0.120185,0.794107,0.024283,0.413130,0.783997,0.783997,11.946019,82.000000,9.365639,35.772699,0.436252,82.000000,1.241880,0.805231,0.216228,16.612116,0.783997,9.365639,11.946019,10.000000,10.000000,14.142136,14.142136,82.000000,9.365639,1.241880,0.805231,35.772699,0.436252,82.000000
"a4cf7591-3629-4603-a5ac-ceac8d32ef8a","Detection","nuclei_endothelium",775.039551,119.932205,80.000000,111.000000,875065.000000,1.061023,15.000000,2.349723,122.000000,96.858696,9.433129,98.000000,73.000000,49.000000,7.547995,97.527309,0.061387,11.400402,875065.000000,0.499291,129.969164,5.783439,0.952372,0.119504,0.711753,0.337580,0.356582,0.337580,0.922484,0.223620,0.831210,0.831210,0.966242,0.915605,-0.094434,0.000000,0.337580,2.385350,0.284332,2.017729,0.420382,4.770701,1.680149,0.262333,3.798040,13.717391,0.149102,1.000000,3.858223,45.934783,0.264178,6.086957,34.347826,197.521739,6.923913,0.199275,0.094777,0.624901,0.024113,33.200000,0.474286,0.306939,6.485714,10.885714,63.171429,2.195238,0.200000,3.346071,17.171429,0.245306,0.760870,3.976327,0.469352,3.235056,0.098673,3.750000,0.468750,0.500000,6.750000,470.750000,2609.500000,97.590278,0.256944,3.500000,0.437500,0.656406,4.282415,0.201413,2.405639,0.086957,338.500000,2.839835,0.069820,1.275091,0.028992,0.218186,0.781474,0.781474,12.362729,88.500000,9.661149,35.996561,0.406741,88.500000,1.165115,0.858284,0.231194,18.991351,0.781474,9.661149,12.362729,10.000000,12.000000,15.620499,15.620499,88.500000,9.661149,1.165115,0.858284,35.996561,0.406741,88.500000
"b5163699-0564-4d6a-a301-f91ed68bdb78","Detection","nuclei_tumor",75.083786,128.604477,75.000000,127.000000,10396233.000000,1.790102,29.000000,2.751368,158.000000,99.372530,16.427631,96.000000,62.000000,96.000000,12.480645,101.355599,0.570024,19.951387,10396233.000000,0.339724,398.057862,6.716805,22.439978,2.496703,2.679953,0.255705,0.825794,0.255705,0.820196,0.190320,0.872147,0.872147,0.990165,0.957382,-0.441960,0.000000,0.255705,2.471992,0.219653,2.773770,0.387967,4.943983,2.518064,0.733915,4.362197,169.300395,0.167293,1.000000,3.427948,343.800395,0.734165,7.008893,47.942688,304.372530,11.893284,0.246000,0.036185,0.327296,0.008136,142.879760,0.286332,0.930069,8.238477,31.887776,190.949900,7.530923,0.239432,4.946552,74.775551,0.149851,0.493083,15.435729,0.305184,3.056959,0.062092,5.857143,0.278912,1.523810,10.523810,14027.238095,84501.000000,2893.344431,0.276045,2.333333,0.111111,0.288802,4.289292,0.035050,3.744239,0.020751,11704.916100,6.936094,0.013600,2.352831,0.017817,0.121310,0.486634,0.486634,51.911824,1018.500000,25.262060,127.352007,0.125039,1018.500000,1.267187,0.789150,0.399832,56.801140,0.486634,25.262060,51.911824,50.000000,27.000000,56.824291,56.824291,1018.500000,25.262060,1.267187,0.789150,127.352007,0.125039,1018.500000
"4cf8481b-8420-4bf0-aaa6-544a579ff22d","Detection","nuclei_tumor",563.212341,140.978256,66.000000,110.000000,6819486.000000,1.462009,20.000000,2.679075,130.000000,84.495671,12.475610,82.000000,57.000000,73.000000,8.985188,85.909232,0.657516,15.520235,6819486.000000,0.400625,240.877687,3.790043,6.162884,0.530291,1.604955,0.180085,0.798228,0.179516,0.681449,0.147859,0.910337,0.910299,0.989417,0.964116,-0.471039,0.000000,0.179018,1.853058,0.286551,2.197484,0.449218,3.706117,2.015333,0.446260,3.861352,206.958874,0.223981,1.000000,3.234549,370.177489,0.460866,4.015152,55.718615,214.987013,25.327434,0.444136,0.029591,0.163359,0.012144,122.947059,0.361609,0.564671,4.541176,51.623529,193.105882,24.433292,0.415972,4.985575,33.658824,0.098997,0.367965,22.081107,0.222605,1.385618,0.080599,4.230769,0.325444,1.562130,6.538462,24412.307692,90981.538462,9162.529380,0.520833,2.076923,0.159763,0.330797,3.861437,0.106773,3.334679,0.014069,19360.378698,9.204083,0.016006,1.233083,0.013566,0.102393,0.564708,0.564708,46.184663,920.000000,26.080840,119.204552,0.129570,920.000000,1.229102,0.813602,0.398817,56.513149,0.564708,26.080840,46.184663,42.000000,34.000000,54.037024,54.037024,920.000000,26.080840,1.229102,0.813602,119.204552,0.129570,920.000000
"47e4efbe-0586-4ec8-8008-94d92315114f","Detection","nuclei_endothelium",750.765320,137.342468,54.000000,105.000000,1282847.000000,1.726896,29.000000,2.020330,115.000000,82.394444,15.594753,83.000000,45.000000,70.000000,12.234902,84.421133,-0.237685,18.387042,1282847.000000,0.324383,338.083302,8.305426,11.205596,-0.232100,2.302626,0.406202,0.700091,0.381395,1.028196,0.260739,0.813437,0.811783,0.976544,0.924548,-0.281144,0.000000,0.359690,2.798450,0.160606,2.969797,0.263566,5.596899,2.518667,0.677207,4.577045,23.877778,0.132654,1.000000,4.593951,58.388889,0.683056,8.805556,35.088889,301.050000,5.631983,0.177276,0.070865,0.664779,0.016548,40.714286,0.306122,0.791792,9.127820,12.210526,107.097744,1.972953,0.193244,4.107475,33.466165,0.251625,0.738889,4.883939,0.499639,4.926870,0.101401,2.555556,0.283951,1.283951,9.000000,1061.777778,9029.222222,161.355710,0.307870,1.666667,0.185185,0.371270,3.400383,0.136011,3.169925,0.050000,661.777778,2.333562,0.054706,1.983118,0.038598,0.269455,0.684808,0.684808,18.370702,182.500000,12.580402,50.627627,0.277412,182.500000,1.117641,0.894742,0.285829,29.027885,0.684808,12.580402,18.370702,13.000000,19.000000,23.021729,23.021729,182.500000,12.580402,1.117641,0.894742,50.627627,0.277412,182.500000
"5550a637-d73e-4607-bfbe-3cb28618a686","Detection","nuclei_tumor",7.265251,143.840408,108.000000,129.000000,4416166.000000,0.946711,11.000000,2.933494,137.000000,118.692308,6.438363,119.000000,96.000000,41.000000,4.611304,118.972174,-0.332591,8.155630,4416166.000000,0.598558,66.514300,4.909091,1.371399,0.358338,0.620895,0.194056,0.523761,0.194056,0.709879,0.156398,0.902972,0.902972,0.980594,0.951486,-0.220467,0.000000,0.194056,2.191434,0.470946,1.619015,0.662587,4.382867,1.424959,0.203738,3.325725,62.852564,0.201451,1.000000,4.370151,186.750000,0.217117,5.150641,52.121795,242.503205,12.361200,0.232995,0.038648,0.253626,0.008158,62.536232,0.453161,0.346198,6.239130,38.463768,169.884058,9.344605,0.221618,4.115099,20.260870,0.146818,0.442308,18.017643,0.347279,2.403708,0.076383,8.500000,0.708333,0.354167,7.916667,4479.166667,18429.416667,1108.270833,0.196759,1.833333,0.152778,0.212298,1.897072,0.025101,2.855389,0.038462,3803.166667,4.912464,0.035206,0.704556,0.014315,0.090678,0.807630,0.807630,22.847338,306.000000,18.452185,69.992140,0.228732,306.000000,1.273994,0.784933,0.294831,30.884987,0.807630,18.452185,22.847338,17.000000,24.000000,29.410882,29.410882,306.000000,18.452185,1.273994,0.784933,69.992140,0.228732,306.000000
"5e3f20c8-6166-4246-bd9a-c3f72994271d","Detection","nuclei_tumor",318.183838,150.135696,86.000000,125.000000,5438617.000000,1.376745,20.000000,2.875401,147.000000,104.103659,11.880255,102.000000,75.000000,72.000000,8.613180,105.138478,0.577271,14.714886,5438617.000000,0.412511,216.527873,2.887794,4.776385,0.917388,1.402839,0.216749,0.732341,0.214559,0.757956,0.170713,0.893085,0.892939,0.978426,0.946470,-0.373271,0.000000,0.212644,1.609743,0.287041,2.163658,0.396825,3.219485,1.939565,0.404897,3.905919,92.556911,0.188124,1.000000,4.186248,202.955285,0.431535,3.189024,50.991870,136.924797,32.740346,0.567920,0.038766,0.191278,0.015416,90.175966,0.387021,0.477076,4.240343,34.618026,83.296137,24.127086,0.423581,4.424543,35.343348,0.151688,0.473577,16.782811,0.343902,1.849147,0.108590,5.166667,0.430556,0.576389,6.416667,7610.666667,19305.583333,4804.252315,0.293981,2.000000,0.166667,0.319306,2.677580,0.054818,3.022055,0.024390,5929.666667,16.980479,0.024722,0.620935,0.030912,0.068859,0.503302,0.503302,36.732491,495.000000,18.487534,93.295990,0.188477,495.000000,1.399300,0.714643,0.309910,34.125092,0.503302,18.487534,36.732491,30.000000,30.000000,42.426407,42.426407,495.000000,18.487534,1.399300,0.714643,93.295990,0.188477,495.000000
"c20be1a5-a2a2-4f6e-a66d-6106148c3cc3","Detection","nuclei_tumor",161.935638,157.915176,85.000000,121.000000,7569130.000000,1.231408,21.000000,2.744514,147.000000,101.076923,11.100592,99.000000,75.000000,72.000000,8.433613,101.966448,0.577864,13.439204,7569130.000000,0.458078,180.612215,2.609810,3.690418,0.821563,1.232019,0.196925,0.724376,0.196925,0.715736,0.158146,0.901537,0.901537,0.980307,0.950769,-0.378661,0.000000,0.196925,1.533309,0.319595,2.014783,0.447291,3.066618,1.817858,0.357236,3.753119,143.881868,0.197640,1.000000,3.403091,333.480769,0.350967,2.679945,52.788462,128.751374,35.639919,0.636485,0.034344,0.125520,0.017217,126.551155,0.417661,0.415667,3.237624,43.207921,93.287129,31.656216,0.550605,4.668184,37.204620,0.122788,0.416209,20.117200,0.260733,1.053295,0.117515,6.000000,0.428571,0.408163,5.000000,13227.857143,27603.214286,9684.732143,0.317460,2.428571,0.173469,0.376423,2.222469,0.074227,3.324863,0.019231,10523.857143,21.166016,0.016960,0.622974,0.022697,0.052771,0.846346,0.846346,36.521880,725.000000,30.910159,120.284334,0.165909,725.000000,1.588072,0.629694,0.310063,34.158688,0.846346,30.910159,36.521880,34.000000,40.000000,52.497619,52.497619,725.000000,30.910159,1.588072,0.629694,120.284334,0.165909,725.000000
"d74308c8-e27f-4acd-b246-e8a03d94d39c","Detection","nuclei_tumor",391.187653,159.483368,85.000000,120.000000,7982054.000000,1.255543,20.000000,2.890333,148.000000,103.325170,11.015266,104.000000,65.000000,83.000000,8.308363,104.211023,-0.136253,13.559006,7982054.000000,0.478328,183.846645,7.140911,3.847054,-0.483983,1.181357,0.164217,0.755916,0.164217,0.644302,0.137249,0.917892,0.917892,0.990340,0.967157,-0.432358,0.000000,0.164217,2.624238,0.355966,1.963901,0.508067,5.248476,1.799685,0.336394,3.582573,173.617687,0.236215,1.000000,3.313741,351.571429,0.337452,7.340136,57.231293,410.175510,9.862774,0.175076,0.030363,0.245964,0.005258,104.180077,0.399157,0.496881,7.938697,52.367816,365.180077,9.062048,0.180343,4.963024,24.808429,0.095051,0.355102,20.646321,0.240432,2.168074,0.038791,3.909091,0.355372,1.107438,8.545455,22285.181818,176209.909091,3168.457071,0.237374,2.454545,0.223140,0.366607,3.662327,0.057667,3.095795,0.014966,17820.512397,4.290788,0.019904,1.028898,0.009270,0.106243,0.770988,0.770988,34.946010,726.500000,26.942969,98.965288,0.136222,726.500000,1.072804,0.932137,0.416329,61.584998,0.770988,26.942969,34.946010,27.000000,34.000000,43.416587,43.416587,726.500000,26.942969,1.072804,0.932137,98.965288,0.136222,726.500000
"3a9119be-b6f5-460e-b40c-d3a24d809abc","Detection","nuclei_tumor",191.222046,176.828964,93.000000,130.000000,19615835.000000,1.474005,21.000000,3.806414,171.000000,110.858328,12.058886,109.000000,77.000000,94.000000,8.742466,111.884236,0.689199,15.116661,19615835.000000,0.423501,228.513433,4.209821,9.247570,1.004214,1.655422,0.239418,0.747295,0.238757,0.796029,0.182413,0.880732,0.880688,0.985928,0.952271,-0.377938,0.000000,0.238178,1.963624,0.274435,2.401736,0.469246,3.927249,2.160062,0.473710,4.097782,277.607530,0.177159,1.000000,3.330544,663.626675,0.469888,4.278239,50.647735,215.306956,19.583240,0.406212,0.032151,0.133899,0.014808,262.393007,0.366983,0.569640,4.327273,32.648951,138.363636,11.797106,0.440909,4.881581,91.377622,0.127801,0.456286,13.436362,0.264676,1.156235,0.116681,9.000000,0.346154,0.917160,4.615385,35043.192308,139969.923077,10455.175481,0.546207,1.923077,0.073964,0.201516,0.610445,0.148218,4.363713,0.016592,31410.812130,19.723105,0.007233,1.515235,0.017958,0.044990,0.750192,0.750192,51.775377,1565.000000,38.841455,146.780916,0.093790,1565.000000,1.095507,0.912820,0.496518,87.593580,0.750192,38.841455,51.775377,46.000000,44.000000,63.655322,63.655322,1565.000000,38.841455,1.095507,0.912820,146.780916,0.093790,1565.000000
"edfdeaf1-c791-4b64-a0dc-d4d499353732","Detection","nuclei_tumor",111.841484,176.004898,113.000000,155.000000,9189219.000000,1.548982,25.000000,2.251627,171.000000,131.749042,13.202999,130.000000,92.000000,79.000000,10.307363,132.679568,0.216800,15.686227,9189219.000000,0.368234,246.057710,8.027152,7.334745,0.564556,1.842752,0.226947,0.780696,0.226947,0.772651,0.175442,0.886527,0.886527,0.986650,0.954611,-0.416246,0.000000,0.226947,2.761014,0.242060,2.430879,0.350410,5.522029,2.203932,0.517425,4.183512,90.019157,0.172450,1.000000,3.933148,192.218391,0.531925,8.258621,49.923372,391.293103,8.157394,0.162955,0.042317,0.365703,0.007136,82.190083,0.339628,0.621559,9.012397,31.438017,240.735537,5.241965,0.162247,4.767052,32.793388,0.135510,0.463602,12.826993,0.315214,3.037642,0.054887,7.117647,0.418685,0.588235,9.588235,5020.352941,35945.352941,851.441585,0.168301,3.352941,0.197232,0.371489,3.141358,0.050768,3.146286,0.032567,4077.501730,5.027160,0.024455,1.395999,0.019845,0.127353,0.525081,0.525081,35.824002,511.000000,18.810494,88.935246,0.174042,511.000000,1.231734,0.811863,0.343744,41.982901,0.525081,18.810494,35.824002,19.000000,35.000000,39.824616,39.824616,511.000000,18.810494,1.231734,0.811863,88.935246,0.174042,511.000000
"84e62801-7353-4f47-a2fc-82d7434c86b1","Detection","nuclei_stroma",624.124573,175.881973,62.000000,107.000000,3901276.000000,1.559665,27.000000,2.325957,129.000000,81.910233,14.586819,80.000000,49.000000,80.000000,11.350595,83.690419,0.442355,17.169736,3901276.000000,0.364878,294.799841,7.725830,7.496012,1.180157,1.856979,0.214526,0.792879,0.209716,0.755224,0.170545,0.895944,0.895623,0.991787,0.965162,-0.442508,0.000000,0.205507,2.704666,0.267769,2.328945,0.389129,5.409331,2.100660,0.517876,3.853652,115.463196,0.207295,1.000000,4.388153,203.236984,0.567402,8.251346,52.238779,365.145422,9.412491,0.160920,0.043483,0.563075,0.006207,85.661355,0.341280,0.641228,11.003984,39.561753,254.015936,7.681996,0.123785,4.474224,39.191235,0.156140,0.450628,19.863716,0.349371,4.864508,0.036635,6.250000,0.390625,1.109375,16.125000,6641.937500,44397.625000,1186.272153,0.130226,4.000000,0.250000,0.485653,9.082931,0.083322,3.077820,0.028725,5430.027344,2.672626,0.028978,2.002140,0.011110,0.240169,0.426963,0.426963,40.926118,562.000000,17.473942,98.725866,0.175669,562.000000,1.380116,0.724577,0.323232,37.122067,0.426963,17.473942,40.926118,28.000000,35.000000,44.821870,44.821870,562.000000,17.473942,1.380116,0.724577,98.725866,0.175669,562.000000
"f5eb12aa-09ae-49fc-9e56-47235d772669","Detection","nuclei_tumor",475.638367,175.788956,97.000000,127.000000,6009102.000000,1.116392,16.000000,2.832347,149.000000,112.012658,9.195001,111.000000,86.000000,63.000000,6.650068,112.594096,0.297710,11.427807,6009102.000000,0.566852,130.594776,4.095265,2.771929,0.001201,0.845528,0.209926,0.602208,0.206503,0.745681,0.167282,0.897319,0.897091,0.979165,0.948545,-0.275191,0.000000,0.203508,1.984027,0.425735,1.890942,0.634341,3.968055,1.669073,0.263864,3.618865,85.392405,0.180153,1.000000,3.935409,268.687764,0.272041,4.314346,51.295359,211.854430,15.808662,0.328469,0.042817,0.243923,0.013672,86.357466,0.390758,0.469728,4.877828,33.420814,136.171946,9.734037,0.352313,4.437111,31.208145,0.141213,0.466245,15.020208,0.309754,1.888648,0.097649,8.647059,0.508651,0.816609,6.352941,7173.176471,28998.764706,1830.831699,0.380719,3.588235,0.211073,0.414106,3.134990,0.111786,3.007196,0.035865,6395.750865,7.118023,0.026509,0.555308,0.018075,0.059619,0.392396,0.392396,39.577350,477.000000,15.529981,97.513662,0.204431,477.000000,1.586363,0.630373,0.279476,27.751901,0.392396,15.529981,39.577350,30.000000,31.000000,43.139309,43.139309,477.000000,15.529981,1.586363,0.630373,97.513662,0.204431,477.000000
"21d86faf-9eba-4719-84d7-b1f1d4edac70","Detection","nuclei_endothelium",774.270813,171.543884,101.000000,122.000000,3679682.000000,0.687264,11.000000,3.790438,144.000000,112.103093,6.939526,111.000000,89.000000,55.000000,4.987091,112.449790,0.529369,8.823373,3679682.000000,0.764623,77.851915,4.083097,0.848772,0.080564,0.311258,0.130312,0.409780,0.130312,0.558292,0.113330,0.934844,0.934844,0.986969,0.967422,-0.171102,0.000000,0.130312,2.009443,0.684948,1.117943,0.824363,4.018886,0.987631,0.110392,2.739966,82.106529,0.282153,1.000000,4.674673,222.505155,0.130159,4.213058,58.402062,238.920962,14.860729,0.280737,0.042592,0.214806,0.016231,42.533981,0.412951,0.436045,4.553398,67.689320,275.067961,17.203883,0.370550,4.374104,16.223301,0.157508,0.353952,35.761335,0.391725,1.900012,0.183653,5.166667,0.430556,0.909722,5.250000,5355.583333,21483.166667,1341.094907,0.493056,2.500000,0.208333,0.348735,2.093425,0.154880,3.084963,0.041237,4767.520833,2.808291,0.052868,0.421460,0.006307,0.113082,0.471228,0.471228,28.285235,290.500000,13.328796,69.018694,0.237586,290.500000,1.304901,0.766342,0.285839,29.029826,0.471228,13.328796,28.285235,15.000000,27.000000,30.886890,30.886890,290.500000,13.328796,1.304901,0.766342,69.018694,0.237586,290.500000
"4ed814cd-d9fc-4704-a405-04ca3e0b9122","Detection","nuclei_lymphocyte",543.455933,173.898682,73.000000,117.000000,3082987.000000,1.679359,22.000000,3.406734,157.000000,95.696319,13.484550,95.000000,62.000000,95.000000,9.318182,97.247187,0.484700,17.298262,3082987.000000,0.368042,299.229864,5.661398,11.907305,1.070757,1.928506,0.380200,0.670638,0.353577,1.006139,0.255183,0.827648,0.825874,0.985589,0.941704,-0.265426,0.000000,0.330283,2.296589,0.205729,2.833042,0.374376,4.593178,2.405482,0.577176,4.457130,43.460123,0.133313,1.000000,4.742519,119.981595,0.619114,6.125767,39.141104,217.861963,10.343453,0.278300,0.062099,0.535885,0.014121,64.511737,0.302872,0.840883,6.962441,16.544601,94.431925,4.246236,0.280852,4.428553,45.629108,0.214221,0.653374,7.174679,0.451143,3.703786,0.107112,4.777778,0.265432,1.333333,10.333333,1747.888889,8913.500000,418.923627,0.254537,2.444444,0.135802,0.292294,3.759506,0.033323,3.836592,0.055215,1419.876543,2.802651,0.032132,3.197014,0.019184,0.301539,0.875514,0.875514,21.953435,329.000000,19.220531,67.137444,0.204065,329.000000,1.090244,0.917226,0.337422,40.452909,0.875514,19.220531,21.953435,19.000000,23.000000,29.832868,29.832868,329.000000,19.220531,1.090244,0.917226,67.137444,0.204065,329.000000
"d68ec76d-2253-43a6-b6c2-1abe68ff0337","Detection","nuclei_lymphocyte",570.808472,190.396744,72.000000,118.000000,4786701.000000,1.717831,25.000000,3.504344,163.000000,94.766082,14.666302,93.000000,49.000000,114.000000,10.082840,96.596072,0.503576,18.713388,4786701.000000,0.363846,350.190896,10.944358,10.929238,0.492470,1.873422,0.464379,0.602722,0.390536,1.106818,0.311861,0.816389,0.812116,0.987798,0.945497,-0.232304,0.000000,0.332062,3.254550,0.202154,2.902761,0.378575,6.509100,2.402054,0.584450,4.375907,70.575049,0.137573,1.000000,4.603430,186.653021,0.655526,11.701754,38.551657,400.586745,4.425325,0.110198,0.070727,1.227897,0.007264,103.309456,0.296016,0.912521,13.495702,15.272206,164.573066,1.684674,0.104404,4.406268,78.329513,0.224440,0.680312,6.629617,0.460290,7.459648,0.043031,11.108108,0.300219,1.396640,18.945946,2000.081081,18931.378378,219.547402,0.098979,5.594595,0.151205,0.364980,8.352441,0.042382,4.303784,0.072125,1807.846603,2.328104,0.019442,4.968837,0.014803,0.248835,0.646682,0.646682,32.176751,512.500000,20.808111,85.961855,0.167730,512.500000,1.147381,0.871550,0.362794,46.765198,0.646682,20.808111,32.176751,30.000000,22.000000,37.202150,37.202150,512.500000,20.808111,1.147381,0.871550,85.961855,0.167730,512.500000
"e724cd99-9e8b-420d-845f-52fae62e77a6","Detection","nuclei_tumor",2.927813,192.414017,97.000000,126.000000,2098971.000000,1.145606,16.000000,2.391941,134.000000,111.291667,8.451389,112.000000,88.000000,46.000000,6.552172,111.776004,-0.128372,10.394226,2098971.000000,0.551658,108.039931,3.895288,2.672277,-0.080505,0.861989,0.237347,0.568199,0.237347,0.790601,0.181014,0.881326,0.881326,0.976265,0.940663,-0.237781,0.000000,0.237347,1.933682,0.390989,1.977498,0.602094,3.867365,1.740151,0.274834,3.738345,27.273810,0.162344,1.000000,4.482851,92.678571,0.284439,4.142857,42.952381,168.154762,14.264220,0.353175,0.048960,0.254129,0.015843,39.583333,0.412326,0.437066,4.520833,21.687500,86.208333,6.714699,0.374421,4.104928,16.395833,0.170790,0.571429,9.437500,0.370365,1.886562,0.129963,3.250000,0.406250,0.484375,6.125000,1484.500000,5760.250000,436.812500,0.274306,1.000000,0.125000,0.152346,1.296544,0.019113,3.000000,0.047619,1043.500000,3.188875,0.061835,0.649952,0.021858,0.147538,0.254311,0.254311,30.173902,157.000000,7.673542,66.406443,0.422971,157.000000,2.235172,0.447393,0.163685,9.519651,0.254311,7.673542,30.173902,8.000000,30.000000,31.048349,31.048349,157.000000,7.673542,2.235172,0.447393,66.406443,0.422971,157.000000
"12c8b806-7547-4b5d-a0c0-376f6b43f5b8","Detection","nuclei_lymphocyte",831.284790,193.695541,55.000000,94.000000,1453987.000000,1.384906,20.000000,3.771289,131.000000,74.424603,11.897424,75.000000,46.000000,85.000000,8.506222,75.959132,0.612926,15.191054,1453987.000000,0.433736,230.768125,6.393906,3.617762,0.245387,1.179891,0.332971,0.559814,0.311208,0.944636,0.236120,0.847751,0.846572,0.987403,0.948631,-0.215111,0.000000,0.294735,2.486398,0.260866,2.383733,0.369967,4.972797,2.024586,0.378215,3.966533,37.531746,0.148936,1.000000,4.427438,109.301587,0.407722,6.817460,41.579365,260.341270,7.931128,0.195457,0.063622,0.617147,0.012430,56.643312,0.360785,0.622338,7.847134,17.859873,113.859873,3.414522,0.198581,4.186870,33.522293,0.213518,0.623016,7.554546,0.434365,4.103324,0.085956,4.066667,0.271111,1.466667,10.466667,1489.866667,10087.600000,258.933685,0.242481,3.266667,0.217778,0.415938,5.311000,0.069266,3.323231,0.059524,1207.626667,1.852689,0.037286,3.019332,0.011728,0.362402,0.649463,0.649463,22.334421,254.000000,14.505389,60.989346,0.240116,254.000000,1.165371,0.858096,0.300869,32.163098,0.649463,14.505389,22.334421,17.000000,21.000000,27.018512,27.018512,254.000000,14.505389,1.165371,0.858096,60.989346,0.240116,254.000000
"3e1a6ac0-d59a-4fa0-85b9-8f62019a734f","Detection","nuclei_endothelium",775.950073,194.140228,81.000000,107.000000,2026498.000000,0.856405,14.000000,2.442655,118.000000,93.771930,7.953678,93.000000,75.000000,43.000000,5.798204,94.276981,0.236700,9.745476,2026498.000000,0.596183,94.974300,1.616223,0.885766,0.503342,0.551431,0.162228,0.545363,0.162228,0.639612,0.135910,0.918886,0.918886,0.967554,0.945924,-0.245122,0.000000,0.162228,1.232446,0.507261,1.372753,0.686441,2.464891,1.210526,0.178415,3.023318,55.622807,0.243960,1.000000,4.635426,135.929825,0.201908,1.842105,54.622807,77.807018,48.826754,0.789474,0.039788,0.116633,0.020577,49.127660,0.522635,0.238683,2.819149,44.106383,56.553191,40.994681,0.545213,3.651464,14.000000,0.148936,0.412281,20.573563,0.352613,1.247400,0.128916,5.285714,0.755102,0.122449,3.571429,4020.571429,4555.428571,3886.857143,0.357143,1.285714,0.183673,0.322641,1.290547,0.080664,2.521641,0.030702,2959.673469,61.465542,0.051519,0.170265,0.035949,0.049268,0.802688,0.802688,19.168085,227.000000,15.385996,57.724300,0.254292,227.000000,1.168104,0.856088,0.292020,30.298983,0.802688,15.385996,19.168085,16.000000,19.000000,24.839485,24.839485,227.000000,15.385996,1.168104,0.856088,57.724300,0.254292,227.000000
"7c5d61b9-7fe1-4caa-ac07-4ba0de884d53","Detection","nuclei_histiocyte",1012.986816,204.243317,45.000000,125.000000,2954189.000000,2.205133,41.000000,3.209313,168.000000,75.911162,25.375107,65.000000,37.000000,131.000000,18.308610,82.032676,1.052137,31.094299,2954189.000000,0.259966,966.855434,7.347375,109.828758,13.225172,5.603910,0.373016,0.875181,0.344933,0.999666,0.254037,0.832214,0.830342,0.990032,0.951225,-0.445691,0.000000,0.320360,2.457570,0.161247,3.318684,0.338217,4.915140,2.927164,1.494231,4.799175,58.084282,0.132310,1.000000,4.744828,114.125285,1.651776,8.091116,40.662870,236.059226,15.958629,0.329858,0.067966,0.871445,0.015656,56.615385,0.197956,1.929287,11.097902,16.937063,95.097902,6.654466,0.252728,4.836617,61.286713,0.214289,0.651481,7.512592,0.446773,6.034889,0.086918,5.640000,0.225600,2.057600,15.600000,1782.680000,8249.600000,613.183333,0.194744,5.160000,0.206400,0.453012,7.318341,0.080829,3.863465,0.056948,1474.326400,3.314381,0.034746,4.002590,0.031903,0.518425,0.847904,0.847904,25.840041,442.500000,21.909861,77.561296,0.175280,442.500000,1.081850,0.924343,0.365486,47.461750,0.847904,21.909861,25.840041,22.000000,25.000000,33.301652,33.301652,442.500000,21.909861,1.081850,0.924343,77.561296,0.175280,442.500000
"596fc0ba-4fa7-46c1-af67-fc7d6b23c979","Detection","nuclei_tumor",37.183571,213.961212,87.000000,129.000000,10315317.000000,1.447391,22.000000,2.572005,150.000000,109.867542,12.506006,110.000000,73.000000,77.000000,9.175990,110.947949,-0.114203,15.445736,10315317.000000,0.421614,238.570760,8.675243,5.879117,-0.085904,1.497880,0.238469,0.725322,0.236586,0.796578,0.182496,0.882021,0.881895,0.990843,0.960614,-0.364022,0.000000,0.234939,2.891434,0.277866,2.357663,0.465014,5.782868,2.112236,0.434087,4.022201,146.658711,0.175010,1.000000,3.748162,353.312649,0.438328,8.951074,50.176611,425.380668,7.200028,0.141953,0.035170,0.388438,0.004587,140.417526,0.361901,0.571228,9.930412,32.067010,268.046392,4.601044,0.139220,4.733613,51.056701,0.131589,0.463007,13.408173,0.293949,3.409378,0.039259,8.368421,0.440443,0.986150,13.052632,13480.631579,117174.894737,1642.842749,0.145380,1.947368,0.102493,0.223064,3.848720,0.016469,3.892407,0.022673,11535.357341,3.993831,0.015165,2.303652,0.009652,0.132500,0.643675,0.643675,40.953043,838.000000,26.360448,109.109173,0.130202,838.000000,1.130495,0.884568,0.414837,61.144390,0.643675,26.360448,40.953043,32.000000,37.000000,48.918299,48.918299,838.000000,26.360448,1.130495,0.884568,109.109173,0.130202,838.000000
"ee2fff40-c235-4b5f-a1cd-ef74788d5b5c","Detection","nuclei_endothelium",741.995117,210.900635,75.000000,115.000000,3158519.000000,1.524314,18.000000,3.004331,132.000000,95.623145,11.824670,96.000000,57.000000,75.000000,8.057722,96.811466,-0.112928,15.121971,3158519.000000,0.394641,228.674004,5.661031,6.653633,-0.112393,1.571775,0.346216,0.638981,0.336554,0.953072,0.232947,0.833333,0.832689,0.979805,0.933011,-0.248696,0.000000,0.328100,2.314010,0.214447,2.646841,0.352657,4.628019,2.274636,0.479498,4.266718,51.700297,0.153413,1.000000,3.599838,132.994065,0.487774,5.997033,38.715134,221.183976,10.102848,0.264569,0.062047,0.481013,0.015136,82.587719,0.362227,0.577774,6.460526,13.280702,76.631579,3.326876,0.260782,4.187544,44.491228,0.195137,0.676558,4.541936,0.388270,2.879607,0.087609,6.333333,0.351852,1.089506,8.500000,1925.388889,9605.166667,443.775849,0.305556,4.222222,0.234568,0.475155,4.640540,0.098978,3.413834,0.053412,1574.867284,4.577538,0.027491,1.763599,0.024681,0.137708,0.593079,0.593079,27.194970,340.500000,16.128777,71.740814,0.210693,340.500000,1.202834,0.831370,0.316150,35.513029,0.593079,16.128777,27.194970,19.000000,26.000000,32.202484,32.202484,340.500000,16.128777,1.202834,0.831370,71.740814,0.210693,340.500000
"c87edb00-bbf2-4a22-a659-a5322ee0a937","Detection","nuclei_tumor",70.247444,215.409012,96.000000,130.000000,9156129.000000,1.349077,18.000000,3.107860,155.000000,112.529494,11.038754,111.000000,82.000000,73.000000,7.560045,113.400757,0.396319,14.030133,9156129.000000,0.479899,196.844636,4.270772,5.411883,0.418668,1.221611,0.251484,0.658564,0.250742,0.815886,0.188612,0.874753,0.874703,0.985220,0.949876,-0.298095,0.000000,0.250093,2.007047,0.326401,2.242505,0.538947,4.014095,1.988602,0.368274,3.968296,116.325843,0.163379,1.000000,3.859132,341.688202,0.386307,4.533708,48.441011,206.264045,15.982512,0.345632,0.041871,0.240362,0.014983,126.944751,0.350676,0.595678,5.143646,28.342541,120.784530,8.868286,0.364065,4.575832,55.850829,0.154284,0.508427,12.868533,0.345510,2.196010,0.113702,8.636364,0.392562,1.126033,6.500000,10178.818182,41352.000000,2657.266730,0.436237,2.636364,0.119835,0.307871,2.260352,0.124591,4.061482,0.030899,9131.413223,8.188795,0.014858,1.575472,0.015852,0.084477,0.621329,0.621329,38.333103,718.000000,23.817488,100.717677,0.140275,718.000000,1.124287,0.889453,0.400766,57.066885,0.621329,23.817488,38.333103,31.000000,32.000000,44.553339,44.553339,718.000000,23.817488,1.124287,0.889453,100.717677,0.140275,718.000000
"d6e968b4-ab3c-4260-a11e-012847f607dc","Detection","nuclei_tumor",396.008209,214.513092,66.000000,104.000000,3052960.000000,1.356602,19.000000,2.908812,122.000000,82.979118,11.201415,81.000000,52.000000,70.000000,8.051509,84.163138,0.507537,14.067686,3052960.000000,0.438784,197.899796,3.467419,3.401605,0.035665,1.159241,0.269424,0.622831,0.268170,0.844296,0.197508,0.866124,0.866040,0.973115,0.933020,-0.266990,0.000000,0.267074,1.801378,0.288211,2.236371,0.469925,3.602757,1.961938,0.357166,3.905056,68.197216,0.158230,1.000000,4.374244,189.116009,0.393947,3.830626,45.649652,151.645012,21.331787,0.441866,0.041446,0.215385,0.015059,83.444444,0.356600,0.543429,4.786325,23.452991,78.717949,10.909307,0.390551,4.223940,39.504274,0.168822,0.542923,9.882899,0.388318,2.412410,0.118459,5.923077,0.455621,0.698225,6.384615,5343.461538,20114.538462,1698.897436,0.337607,1.615385,0.124260,0.054786,0.392150,0.009287,3.238901,0.030162,4244.284024,11.704014,0.024037,0.711391,0.034247,0.057755,0.657660,0.657660,30.060662,426.500000,19.769697,85.827200,0.201236,426.500000,1.374425,0.727577,0.302626,32.539855,0.657660,19.769697,30.060662,21.000000,33.000000,39.115214,39.115214,426.500000,19.769697,1.374425,0.727577,85.827200,0.201236,426.500000
"ff95e10b-2f42-4187-9360-873f57db7ec1","Detection","nuclei_endothelium",760.587952,216.042526,114.000000,133.000000,4471507.000000,1.028562,8.000000,3.718869,142.000000,124.162630,5.637409,125.000000,98.000000,44.000000,3.726433,124.387871,-0.646203,7.482241,4471507.000000,0.497420,55.983932,6.560837,0.761169,-0.116256,0.699116,0.308935,0.387065,0.308935,0.891941,0.213494,0.845532,0.845532,0.969106,0.922766,-0.110292,0.000000,0.308935,2.542300,0.289596,1.912614,0.391635,5.084601,1.603679,0.252013,3.660850,48.923875,0.169287,1.000000,3.061314,143.754325,0.256678,6.584775,39.435986,274.377163,6.621492,0.180507,0.043872,0.256331,0.011029,89.923077,0.494083,0.267631,6.192308,16.131868,112.296703,2.713370,0.196429,3.719792,33.549451,0.184338,0.629758,6.046009,0.363167,2.144270,0.078907,4.555556,0.506173,0.320988,4.777778,2966.777778,24201.222222,399.154321,0.302469,1.222222,0.135802,0.253574,1.236544,0.131294,3.169925,0.031142,1935.654321,6.857891,0.023464,1.171655,0.025642,0.082378,0.503231,0.503231,27.249703,290.000000,13.712908,69.156742,0.238472,290.000000,1.312385,0.761972,0.284493,28.757080,0.503231,13.712908,27.249703,17.000000,26.000000,31.064449,31.064449,290.000000,13.712908,1.312385,0.761972,69.156742,0.238472,290.000000
"260eace3-c528-4f3f-b8b3-224afc4d3184","Detection","nuclei_tumor",244.148926,232.227066,90.000000,117.000000,9096809.000000,1.153696,13.000000,3.925616,148.000000,103.624105,8.435239,103.000000,80.000000,68.000000,6.116481,104.189158,0.655488,10.836306,9096809.000000,0.489958,117.425529,2.933207,2.219880,-0.030970,1.000161,0.157961,0.727211,0.157961,0.629410,0.133010,0.921019,0.921019,0.984204,0.960510,-0.411299,0.000000,0.157961,1.650047,0.367447,1.805268,0.509022,3.300095,1.647306,0.289531,3.462078,212.916468,0.254077,1.000000,3.484789,410.584726,0.296075,3.075179,57.484487,169.385442,30.624337,0.522308,0.028896,0.091878,0.016530,129.963211,0.434660,0.386797,3.411371,61.317726,171.719064,34.416016,0.504924,4.802828,31.515050,0.105402,0.356802,29.897764,0.269875,0.961851,0.156862,6.230769,0.479290,0.828402,3.692308,24366.000000,81660.384615,10083.002137,0.668803,1.461538,0.112426,0.215784,0.392394,0.196161,3.238901,0.015513,20210.710059,13.820981,0.016824,0.543323,0.015717,0.048267,0.484669,0.484669,49.405126,836.000000,23.945121,128.893279,0.154179,836.000000,1.581410,0.632347,0.322319,36.912555,0.484669,23.945121,49.405126,29.000000,50.000000,57.801384,57.801384,836.000000,23.945121,1.581410,0.632347,128.893279,0.154179,836.000000
"1be20491-796f-4d95-8885-004833210132","Detection","nuclei_lymphocyte",779.222656,222.767807,62.000000,99.000000,1684410.000000,1.401172,18.000000,3.933701,127.000000,78.180451,11.362655,75.000000,53.000000,74.000000,7.480498,79.576180,1.041864,14.838648,1684410.000000,0.415936,220.185483,2.625257,3.815661,0.819556,1.167476,0.369610,0.519077,0.340862,0.996333,0.253423,0.834360,0.832444,0.978766,0.932786,-0.170892,0.000000,0.315708,1.557495,0.252789,2.354733,0.381930,3.114990,1.949360,0.384271,3.941749,34.932331,0.131325,1.000000,4.739782,110.639098,0.457247,3.131579,39.932331,90.875940,27.844142,0.588503,0.062715,0.415522,0.020026,63.855556,0.354753,0.592932,4.438889,14.733333,36.200000,9.984722,0.437346,3.805666,40.755556,0.226420,0.676692,5.998025,0.471573,2.999182,0.111361,4.692308,0.360947,0.828402,8.076923,1762.153846,3817.307692,1258.370726,0.261752,2.076923,0.159763,0.343451,4.150226,0.032604,3.238901,0.048872,1343.479290,5.603980,0.033009,2.211992,0.024167,0.232822,0.823219,0.823219,20.368910,262.000000,16.768082,59.167391,0.225830,262.000000,1.063295,0.940473,0.324790,37.480700,0.823219,16.768082,20.368910,20.000000,18.000000,26.907248,26.907248,262.000000,16.768082,1.063295,0.940473,59.167391,0.225830,262.000000
"6a48cfe4-a637-4e23-bde3-eb1304662c99","Detection","nuclei_lymphocyte",582.143799,224.795242,59.000000,105.000000,1916103.000000,1.701095,28.000000,2.332270,124.000000,82.129151,14.932395,81.000000,39.000000,85.000000,11.146473,84.086210,-0.039295,18.035889,1916103.000000,0.333533,325.293283,8.155399,10.770089,-0.147000,2.197151,0.366297,0.714216,0.329970,0.995171,0.257417,0.841070,0.838648,0.979094,0.935217,-0.311940,0.000000,0.298184,2.774470,0.184373,2.861838,0.298688,5.548940,2.438834,0.640862,4.592563,36.092251,0.133182,1.000000,5.065318,90.387454,0.649528,8.535055,41.464945,337.258303,7.045741,0.179300,0.074075,0.731793,0.014229,56.679558,0.313147,0.751809,9.005525,15.845304,125.546961,2.758441,0.189342,4.274813,40.712707,0.224932,0.667897,6.878423,0.469036,4.305613,0.091145,5.888889,0.327160,0.941358,10.277778,910.277778,6933.277778,156.535880,0.206404,4.333333,0.240741,0.466774,5.343392,0.091442,3.461320,0.066421,683.608025,3.203358,0.040094,1.795668,0.033232,0.191795,0.713898,0.713898,22.186683,273.500000,15.839030,61.895362,0.226308,273.500000,1.114677,0.897121,0.316880,35.677359,0.713898,15.839030,22.186683,18.000000,21.000000,27.658633,27.658633,273.500000,15.839030,1.114677,0.897121,61.895362,0.226308,273.500000
"1191a4dc-d615-4b7c-9dee-e655c3762aa8","Detection","nuclei_histiocyte",875.148010,229.066956,76.000000,121.000000,3264319.000000,1.652121,25.000000,2.958107,155.000000,96.173021,14.756650,94.000000,65.000000,90.000000,10.833289,97.840600,0.652948,17.987026,3264319.000000,0.376493,323.533114,5.966507,10.010671,1.031195,1.839745,0.381180,0.656737,0.376396,0.974573,0.239507,0.812600,0.812281,0.985377,0.937381,-0.259120,0.000000,0.372209,2.366826,0.203403,2.797678,0.366826,4.733652,2.403056,0.555231,4.279503,48.366569,0.141837,1.000000,3.881391,128.384164,0.598120,6.366569,35.287390,203.087977,8.168440,0.255794,0.060553,0.507591,0.018004,72.836066,0.298508,0.856406,7.045082,14.672131,87.377049,3.359647,0.279294,4.244471,58.008197,0.237739,0.715543,6.859648,0.474887,3.828270,0.134494,4.882353,0.287197,1.972318,9.294118,2129.000000,10371.470588,490.011454,0.411667,2.176471,0.128028,0.276510,3.466962,0.082489,3.690117,0.049853,1726.643599,2.521818,0.034672,2.897356,0.017038,0.304318,0.500332,0.500332,29.662200,343.500000,14.840946,74.165147,0.215910,343.500000,1.274275,0.784760,0.303425,32.711937,0.500332,14.840946,29.662200,15.000000,30.000000,33.541020,33.541020,343.500000,14.840946,1.274275,0.784760,74.165147,0.215910,343.500000
"b6f7a5d5-9061-4260-9704-9ff889e6503a","Detection","nuclei_tumor",192.026291,236.214859,82.000000,124.000000,5382663.000000,1.513305,24.000000,2.613052,146.000000,101.467583,13.824974,99.000000,59.000000,87.000000,10.328402,102.834704,0.343089,16.712448,5382663.000000,0.395548,279.305924,6.691540,6.501470,0.633559,1.614316,0.243826,0.737560,0.243826,0.801344,0.184375,0.878087,0.878087,0.985657,0.951235,-0.375118,0.000000,0.243826,2.519706,0.269606,2.390931,0.411456,5.039411,2.147105,0.464535,4.000399,87.958743,0.172807,1.000000,4.265508,201.333988,0.497883,7.051081,48.544204,302.913556,9.814546,0.198933,0.039046,0.347001,0.007252,79.385542,0.318817,0.713150,8.706827,32.771084,192.610442,6.871932,0.188030,4.639940,39.473896,0.158530,0.489194,16.056451,0.351977,3.738267,0.057849,4.230769,0.325444,1.076923,10.076923,6654.076923,37570.384615,1378.555021,0.239850,1.615385,0.124260,0.153018,1.551448,0.032197,3.546594,0.025540,5121.053254,4.870336,0.025330,1.356387,0.019284,0.118457,0.702943,0.702943,30.940934,513.500000,21.749705,87.692939,0.170775,513.500000,1.191733,0.839114,0.352792,44.222103,0.702943,21.749705,30.940934,22.000000,30.000000,37.202150,37.202150,513.500000,21.749705,1.191733,0.839114,87.692939,0.170775,513.500000
"814abdf8-6ba7-4d85-a18d-370e6d90619e","Detection","nuclei_tumor",479.713104,245.571396,83.000000,142.000000,18909409.000000,1.933332,30.000000,2.692359,174.000000,115.370532,17.837954,118.000000,58.000000,116.000000,12.901740,117.441138,-0.245106,21.955890,18909409.000000,0.298168,482.061101,10.643237,28.439351,-1.688406,3.260942,0.308131,0.827333,0.296733,0.910532,0.220081,0.853533,0.852774,0.988240,0.950816,-0.420049,0.000000,0.286759,3.147226,0.165714,3.070510,0.276786,6.294453,2.732563,0.892268,4.731191,209.021882,0.152459,1.000000,3.642948,408.788476,0.877496,10.801605,45.170678,488.594457,7.074792,0.157837,0.040454,0.445940,0.006133,218.679470,0.289642,0.918988,10.789404,20.993377,229.454305,3.168962,0.159334,4.981207,115.627815,0.153149,0.550693,7.803493,0.326548,3.537101,0.051374,8.428571,0.240816,1.245714,11.485714,8000.257143,94727.685714,898.870095,0.170992,3.457143,0.098776,0.274760,3.164933,0.035370,4.672140,0.025529,6465.856327,7.256964,0.010116,2.313496,0.022443,0.082707,0.607346,0.607346,54.322399,1375.000000,32.992506,144.809728,0.105316,1375.000000,1.213621,0.823981,0.445175,70.414898,0.607346,32.992506,54.322399,42.000000,49.000000,64.536811,64.536811,1375.000000,32.992506,1.213621,0.823981,144.809728,0.105316,1375.000000
"d60896dc-0dbd-41c4-944d-ca8c1bdcd92c","Detection","nuclei_histiocyte",1002.439148,242.878540,71.000000,113.000000,5579110.000000,1.501641,20.000000,4.526658,180.000000,89.960902,13.253977,87.000000,49.000000,131.000000,8.967676,91.594973,0.779172,17.224261,5579110.000000,0.438367,296.675163,9.907356,10.156595,0.952287,1.507897,0.367793,0.607832,0.323260,0.993628,0.263296,0.845295,0.842823,0.992767,0.960194,-0.237443,0.000000,0.288988,3.101988,0.273690,2.588112,0.483897,6.203976,2.174394,0.468922,4.226777,93.703759,0.140908,1.000000,4.943963,291.514286,0.501681,10.303759,44.284211,425.485714,5.269044,0.120098,0.062094,0.935739,0.007578,129.439506,0.319604,0.844530,11.693827,22.167901,216.444444,2.542649,0.119579,4.439888,92.674074,0.228825,0.609023,11.383570,0.480681,6.563436,0.052983,9.722222,0.270062,1.932099,17.055556,4748.305556,43160.944444,534.152843,0.123121,6.777778,0.188272,0.416873,8.978716,0.058249,4.231746,0.054135,4407.082562,1.960381,0.017115,6.224633,0.006555,0.403385,0.791199,0.791199,33.080633,660.000000,26.173374,95.156473,0.144176,660.000000,1.091749,0.915961,0.401154,57.177510,0.791199,26.173374,33.080633,27.000000,34.000000,43.416587,43.416587,660.000000,26.173374,1.091749,0.915961,95.156473,0.144176,660.000000
"f28bee76-710e-4a4a-aadd-304b7654bdee","Detection","nuclei_tumor",224.331070,251.622711,102.000000,130.000000,10527065.000000,0.989375,14.000000,2.888239,149.000000,114.704918,8.719988,114.000000,91.000000,58.000000,6.323956,115.217131,0.489342,10.852150,10527065.000000,0.609766,117.769169,4.677108,2.123366,0.336199,0.726569,0.136621,0.683451,0.136621,0.575321,0.117956,0.931689,0.931689,0.986338,0.965845,-0.382590,0.000000,0.136621,2.128291,0.513646,1.552844,0.699434,4.256581,1.416223,0.215797,3.113474,226.621690,0.285778,1.000000,3.340853,483.544767,0.226092,4.789407,60.112232,279.815889,14.908890,0.264222,0.030348,0.158273,0.010511,99.176000,0.396704,0.457024,5.192000,79.496000,348.752000,19.675333,0.320889,5.001592,23.680000,0.094720,0.315259,39.249664,0.250300,1.346065,0.102542,8.058824,0.474048,0.885813,5.882353,21667.470588,89175.882353,5372.393791,0.433007,2.529412,0.148789,0.349535,2.064314,0.159004,3.572469,0.021438,19491.522491,8.257301,0.020787,0.420723,0.010481,0.049582,0.762085,0.762085,38.088791,807.500000,29.026885,113.910797,0.141066,807.500000,1.278726,0.782029,0.374732,49.893362,0.762085,29.026885,38.088791,34.000000,39.000000,51.739733,51.739733,807.500000,29.026885,1.278726,0.782029,113.910797,0.141066,807.500000
"85062f51-74a4-4805-801b-3a775a063a82","Detection","nuclei_endothelium",754.105896,244.181931,77.000000,119.000000,5383023.000000,1.507065,22.000000,2.287011,135.000000,99.046642,12.503683,100.000000,66.000000,69.000000,9.269674,100.214537,-0.087689,15.255036,5383023.000000,0.400667,232.716108,6.509716,6.715019,-0.511288,1.615147,0.312905,0.675419,0.309915,0.904986,0.216857,0.845541,0.845341,0.981647,0.938117,-0.288352,0.000000,0.307299,2.486796,0.230429,2.580666,0.360737,4.973592,2.258791,0.482013,4.169227,83.052239,0.154948,1.000000,3.717922,214.757463,0.481256,6.684701,41.899254,285.972015,8.393048,0.230190,0.049121,0.388453,0.012246,111.838906,0.339936,0.649994,6.726444,18.711246,131.440729,3.598995,0.262095,4.383341,64.282675,0.195388,0.613806,8.094345,0.375117,2.829186,0.102236,5.500000,0.275000,1.187500,8.750000,4718.300000,33429.150000,794.856597,0.295139,3.500000,0.175000,0.366644,3.969204,0.080551,3.746439,0.037313,4000.060000,5.371885,0.019711,1.551335,0.021842,0.094895,0.514809,0.514809,36.516070,535.000000,18.798789,89.935702,0.168104,535.000000,1.203097,0.831188,0.353900,44.500362,0.514809,18.798789,36.516070,24.000000,33.000000,40.804412,40.804412,535.000000,18.798789,1.203097,0.831188,89.935702,0.168104,535.000000
"b20d65c3-9e53-4056-8167-017cab6272d4","Detection","nuclei_lymphocyte",933.059875,245.158569,59.000000,112.000000,2317575.000000,1.638464,24.000000,3.825599,146.000000,79.415698,16.074365,73.000000,46.000000,100.000000,10.867035,82.080062,1.187530,20.743278,2317575.000000,0.379648,430.283591,7.210443,18.135044,3.740552,2.186358,0.402690,0.688928,0.342563,1.039842,0.285340,0.838542,0.834731,0.985017,0.944324,-0.278438,0.000000,0.291820,2.600870,0.262088,2.620158,0.454114,5.201741,2.207905,0.647262,4.014457,53.302326,0.154949,1.000000,6.131558,130.598837,0.776019,8.037791,42.691860,245.305233,8.953341,0.178258,0.071994,0.980841,0.008891,62.694323,0.273774,1.030301,11.331878,19.772926,111.004367,4.249017,0.140361,4.083741,66.240175,0.289258,0.665698,10.746706,0.550308,7.458319,0.068908,6.818182,0.309917,1.266529,15.500000,1880.454545,10505.500000,390.799912,0.128965,4.000000,0.181818,0.394004,6.935416,0.036926,3.811038,0.063953,1635.958678,2.614119,0.035261,2.812047,0.022168,0.291973,0.497263,0.497263,29.825761,339.500000,14.831239,74.123389,0.218331,339.500000,1.287837,0.776496,0.300146,32.008559,0.497263,14.831239,29.825761,17.000000,29.000000,33.615473,33.615473,339.500000,14.831239,1.287837,0.776496,74.123389,0.218331,339.500000
"622c4ff8-2681-4191-9e47-fa4971bcac8c","Detection","nuclei_tumor",70.298141,249.718216,82.000000,139.000000,8413089.000000,1.814086,30.000000,2.371945,164.000000,110.487988,16.904229,111.000000,70.000000,94.000000,12.593390,112.393353,0.074412,20.607530,8413089.000000,0.325488,424.670276,8.717244,15.601036,0.079128,2.457163,0.288730,0.789701,0.283951,0.877443,0.208102,0.858821,0.858503,0.988933,0.952789,-0.397885,0.000000,0.279769,2.859219,0.196386,2.839060,0.344484,5.718439,2.540034,0.686473,4.430418,104.072072,0.156264,1.000000,3.831769,216.774775,0.728152,9.213213,45.015015,393.072072,7.343481,0.169617,0.046106,0.593977,0.007015,101.422460,0.271183,1.020282,10.393048,20.973262,190.235294,3.212911,0.175840,4.733692,62.374332,0.166776,0.561562,8.288999,0.372279,5.015577,0.058010,6.300000,0.315000,1.587500,15.650000,6707.600000,56660.100000,956.804347,0.170681,3.200000,0.160000,0.359596,6.989533,0.030889,3.646439,0.030030,5598.710000,3.923964,0.019070,2.488307,0.019543,0.153050,0.546197,0.546197,40.005388,672.500000,21.850827,101.910895,0.151540,672.500000,1.228964,0.813694,0.368796,48.325360,0.546197,21.850827,40.005388,37.000000,27.000000,45.803930,45.803930,672.500000,21.850827,1.228964,0.813694,101.910895,0.151540,672.500000
"cc6e0921-06c3-4407-b3c1-b11a78f1da63","Detection","nuclei_tumor",28.569845,254.726395,87.000000,137.000000,8959856.000000,1.680853,26.000000,2.774050,172.000000,111.767575,15.302129,111.000000,72.000000,100.000000,11.093758,113.379393,0.348014,19.049823,8959856.000000,0.353853,362.895764,9.061357,11.343973,1.091251,2.003894,0.314405,0.728762,0.305259,0.916292,0.221222,0.848895,0.848285,0.987980,0.949341,-0.331491,0.000000,0.297256,2.939215,0.213320,2.707088,0.371570,5.878430,2.371473,0.579575,4.301112,102.569584,0.147159,1.000000,4.238015,246.635581,0.631277,9.631277,43.493544,361.530846,6.588278,0.138707,0.051464,0.697896,0.006126,128.942857,0.307007,0.784263,11.642857,18.704762,152.095238,2.906209,0.121141,4.497620,75.852381,0.180601,0.602582,7.688685,0.373866,5.302935,0.039077,8.000000,0.307692,1.463018,15.961538,5809.653846,47702.192308,799.411581,0.128697,4.307692,0.165680,0.394366,7.102748,0.043908,3.946223,0.037303,5091.001479,4.127104,0.017080,2.676749,0.016933,0.140740,0.435719,0.435719,45.671115,692.000000,19.899766,108.300700,0.156504,692.000000,1.348797,0.741401,0.346405,42.635442,0.435719,19.899766,45.671115,35.000000,36.000000,50.209561,50.209561,692.000000,19.899766,1.348797,0.741401,108.300700,0.156504,692.000000
"007984d9-e365-4dd5-8ba5-8bc33a1cedd1","Detection","nuclei_tumor",143.599701,254.862396,68.000000,123.000000,6071349.000000,1.833258,29.000000,2.929686,152.000000,91.698690,16.828169,87.000000,57.000000,95.000000,12.178514,94.007874,0.739703,20.708226,6071349.000000,0.318527,428.830610,5.289676,23.149018,2.655510,2.866435,0.301233,0.809808,0.295069,0.895932,0.214167,0.853493,0.853082,0.988463,0.950969,-0.404107,0.000000,0.289676,2.156009,0.186381,2.899123,0.344761,4.312018,2.580070,0.791917,4.476826,107.937409,0.157114,1.000000,3.750301,218.828239,0.806434,5.605531,44.082969,211.963610,18.161480,0.369236,0.041253,0.341286,0.010925,110.000000,0.289474,0.930222,6.868421,23.694737,112.026316,9.567994,0.303839,4.740329,63.700000,0.167632,0.553130,10.620803,0.344862,3.116190,0.065050,4.529412,0.266436,1.633218,11.352941,7540.058824,34028.647059,2263.539559,0.255016,1.470588,0.086505,0.167465,2.953318,0.013480,3.852169,0.024745,5906.948097,5.836692,0.019258,2.710397,0.021131,0.192289,0.734429,0.734429,35.582146,679.500000,26.132560,100.426202,0.147794,679.500000,1.181122,0.846653,0.380929,51.557302,0.734429,26.132560,35.582146,27.000000,35.000000,44.204072,44.204072,679.500000,26.132560,1.181122,0.846653,100.426202,0.147794,679.500000
"5fe18858-7701-43ce-a229-7022cd827fb7","Detection","nuclei_tumor",365.301819,256.043854,91.000000,126.000000,16722832.000000,1.239313,15.000000,3.053780,143.000000,109.472384,10.145340,110.000000,70.000000,73.000000,7.062425,110.241648,-0.443088,13.000697,16722832.000000,0.519488,169.018133,8.727994,4.518929,-0.289976,1.150988,0.166226,0.747610,0.166226,0.648998,0.138595,0.916887,0.916887,0.990222,0.966755,-0.426740,0.000000,0.166226,2.912354,0.398331,1.960058,0.602758,5.824707,1.793832,0.329303,3.540625,334.194767,0.242874,1.000000,3.170219,714.815407,0.326299,8.874273,58.162791,507.398983,7.678981,0.136285,0.030847,0.308550,0.005008,177.831557,0.379172,0.542396,9.326226,63.194030,548.567164,8.144279,0.151267,5.176891,44.543710,0.094976,0.340843,28.762908,0.229033,2.338981,0.043028,10.913043,0.474480,1.300567,11.652174,41729.565217,365905.347826,4974.698671,0.219505,4.739130,0.206049,0.442655,5.730915,0.084662,3.375459,0.016715,38150.404537,6.969846,0.011450,1.047333,0.008753,0.063424,0.782966,0.782966,47.453222,1380.000000,37.154274,136.776519,0.099113,1380.000000,1.078783,0.926970,0.486729,84.173601,0.782966,37.154274,47.453222,47.000000,37.000000,59.816386,59.816386,1380.000000,37.154274,1.078783,0.926970,136.776519,0.099113,1380.000000
"cde276a9-3ba9-4e11-9356-bd2c3774e55b","Detection","nuclei_lymphocyte",811.453064,254.945114,42.000000,90.000000,1409049.000000,1.677013,23.000000,3.307027,114.000000,61.755882,14.418824,57.000000,32.000000,82.000000,10.188178,64.375941,0.991323,18.178910,1409049.000000,0.357907,330.472760,3.925837,10.433997,1.431253,1.843139,0.469697,0.593835,0.404306,1.111582,0.306233,0.808745,0.804386,0.973525,0.921318,-0.208938,0.000000,0.347089,1.892743,0.198759,2.817016,0.352472,3.785486,2.329680,0.578209,4.321522,43.776471,0.128754,1.000000,4.984637,121.688235,0.679196,4.620588,36.741176,123.332353,18.569077,0.433497,0.077137,0.686591,0.019204,72.912000,0.291648,0.867584,6.176000,13.832000,49.160000,6.995000,0.345722,4.095238,64.576000,0.258304,0.735294,6.433600,0.512250,4.094254,0.126223,9.400000,0.376000,0.873600,10.360000,1387.520000,4991.160000,513.432222,0.205833,4.040000,0.161600,0.379538,5.145820,0.030609,3.543465,0.073529,1202.560000,6.764117,0.030099,1.857474,0.038600,0.151399,0.562142,0.562142,27.823807,334.000000,15.640922,70.075366,0.209806,334.000000,1.169969,0.854723,0.321235,36.664788,0.562142,15.640922,27.823807,17.000000,26.000000,31.064449,31.064449,334.000000,15.640922,1.169969,0.854723,70.075366,0.209806,334.000000
"d219ba71-888b-4fd4-b9bc-91aab410985d","Detection","nuclei_tumor",329.891907,262.511597,105.000000,130.000000,7328448.000000,0.740185,14.000000,2.723828,145.000000,116.541045,7.776370,115.000000,98.000000,47.000000,5.735642,116.929370,0.567315,9.521685,7328448.000000,0.677469,90.662494,4.912412,0.986267,0.554375,0.522491,0.117618,0.632507,0.117618,0.522474,0.103784,0.941191,0.941191,0.988238,0.970596,-0.336978,0.000000,0.117618,2.193443,0.578837,1.218876,0.743744,4.386887,1.101258,0.160027,2.834241,167.179104,0.311901,1.000000,3.490129,363.123134,0.162383,4.992537,60.921642,287.272388,14.020937,0.223673,0.031239,0.190319,0.007238,81.123457,0.500762,0.264937,6.030864,84.481481,374.555556,20.111111,0.201818,4.563721,17.160494,0.105929,0.302239,40.693035,0.294779,2.126396,0.055612,5.666667,0.629630,0.444444,7.555556,20893.777778,86274.222222,5148.543210,0.225309,2.333333,0.259259,0.446787,3.132194,0.148409,2.641604,0.016791,17346.913580,4.980254,0.031469,0.479883,0.006614,0.079529,0.414831,0.414831,41.114622,532.000000,17.055615,96.530491,0.181448,532.000000,1.393823,0.717451,0.316475,35.586239,0.414831,17.055615,41.114622,19.000000,39.000000,43.382024,43.382024,532.000000,17.055615,1.393823,0.717451,96.530491,0.181448,532.000000
"6b5a9168-944d-4cbb-80c9-41be0edaee23","Detection","nuclei_tumor",503.000641,268.473999,83.000000,123.000000,8603643.000000,1.434137,20.000000,3.158578,165.000000,104.791395,12.188241,105.000000,71.000000,94.000000,8.639231,105.911595,0.185165,15.363251,8603643.000000,0.432979,236.029496,7.453012,5.800703,-0.033061,1.349659,0.286403,0.649888,0.279518,0.876758,0.208272,0.861388,0.860929,0.989039,0.953578,-0.279726,0.000000,0.273494,2.680895,0.270678,2.405424,0.432358,5.361790,2.100114,0.409015,4.095420,116.121252,0.151397,1.000000,4.421833,332.095176,0.430860,7.799218,46.460235,342.534550,7.808952,0.170180,0.050883,0.518240,0.009037,142.946860,0.345282,0.652553,8.707729,28.821256,220.980676,4.513245,0.172191,4.515979,74.164251,0.179141,0.539765,15.091904,0.396486,4.157385,0.062117,9.714286,0.346939,1.346939,12.142857,8041.464286,64474.714286,1119.079633,0.200030,5.500000,0.196429,0.439119,5.705571,0.098171,3.735926,0.036506,7291.095663,4.703594,0.013410,2.741191,0.011352,0.124327,0.596311,0.596311,40.750226,763.000000,24.299816,107.423776,0.140791,763.000000,1.203556,0.830871,0.386633,53.112923,0.596311,24.299816,40.750226,26.000000,41.000000,48.548944,48.548944,763.000000,24.299816,1.203556,0.830871,107.423776,0.140791,763.000000
"8cca6999-d626-450b-ba3c-e60f6d8d8144","Detection","nuclei_stroma",661.602844,273.531036,51.000000,89.000000,2897666.000000,1.481276,20.000000,6.069029,143.000000,69.566607,12.797800,67.000000,42.000000,101.000000,8.267424,71.741419,1.509196,17.530499,2897666.000000,0.461537,307.318388,5.434679,13.041811,2.198238,1.539075,0.361520,0.619572,0.314014,0.986930,0.262915,0.850554,0.847743,0.986521,0.948770,-0.240170,0.000000,0.275812,2.267221,0.319266,2.438820,0.532542,4.534442,2.078574,0.475149,3.973711,81.603908,0.144945,1.000000,5.277910,259.845471,0.572914,6.003552,44.925400,217.612789,11.280513,0.251698,0.059602,0.637437,0.012269,99.830409,0.291902,1.035849,8.225146,21.152047,102.456140,5.245266,0.238086,4.355157,80.888889,0.236517,0.607460,10.312164,0.494342,5.370714,0.092355,7.266667,0.242222,1.862222,12.533333,4481.366667,19397.733333,1088.291343,0.264713,4.600000,0.153333,0.342345,5.366602,0.060827,4.098069,0.053286,4129.178889,4.738907,0.017595,2.899278,0.016958,0.181305,0.432183,0.432183,40.895420,564.000000,17.674298,97.723980,0.173269,564.000000,1.347452,0.742141,0.329384,38.548470,0.432183,17.674298,40.895420,24.000000,37.000000,44.102154,44.102154,564.000000,17.674298,1.347452,0.742141,97.723980,0.173269,564.000000
"0c381542-04dc-4ad7-87a9-08eaf2135949","Detection","nuclei_endothelium",756.167969,272.695313,87.000000,127.000000,6177928.000000,1.364659,20.000000,2.584661,149.000000,109.372781,12.012885,112.000000,74.000000,75.000000,8.764465,110.386876,-0.280564,14.928399,6177928.000000,0.450439,222.857090,8.521993,4.539568,-0.194747,1.294065,0.218336,0.711272,0.217276,0.759543,0.171127,0.891539,0.891468,0.987175,0.956580,-0.368531,0.000000,0.216349,2.872814,0.318810,2.190501,0.514043,5.745628,1.967732,0.378100,3.877876,100.301775,0.197834,1.000000,4.409097,228.372781,0.390797,8.706114,51.063116,423.830375,7.250753,0.142327,0.037432,0.378462,0.005492,85.958333,0.358160,0.562066,9.687500,36.591667,303.691667,5.090972,0.141059,4.566191,38.741667,0.161424,0.473373,18.741042,0.379012,4.204849,0.051268,4.846154,0.372781,0.946746,11.384615,8307.000000,70023.692308,1070.030449,0.174679,1.923077,0.147929,0.167860,2.109164,0.030685,3.546594,0.025641,6786.000000,3.598326,0.025178,1.404794,0.013771,0.133433,0.465783,0.465783,38.228882,506.000000,17.806361,93.346759,0.184480,506.000000,1.370371,0.729729,0.316539,35.600466,0.465783,17.806361,38.228882,29.000000,30.000000,41.725292,41.725292,506.000000,17.806361,1.370371,0.729729,93.346759,0.184480,506.000000
"b48da07d-db93-4e04-8934-14695bece1f7","Detection","nuclei_endothelium",766.552795,283.485779,86.000000,113.000000,1820448.000000,1.090269,14.000000,2.978371,124.000000,98.880435,8.553521,97.000000,67.000000,57.000000,6.002222,99.467277,0.099627,10.788825,1820448.000000,0.493325,116.398748,5.870769,1.232475,0.082591,0.792249,0.275385,0.484121,0.272308,0.856256,0.201233,0.864359,0.864154,0.972604,0.932077,-0.172155,0.000000,0.269615,2.396154,0.307084,1.957972,0.441538,4.792308,1.672418,0.266908,3.810002,26.967391,0.146562,1.000000,3.846408,90.771739,0.274073,6.070652,41.695652,246.614130,8.304197,0.203351,0.054265,0.395047,0.009830,53.747826,0.467372,0.318034,6.373913,15.026087,90.104348,2.981159,0.207246,3.720144,20.600000,0.179130,0.625000,4.786087,0.374743,2.732901,0.073903,4.750000,0.593750,0.484375,7.375000,1781.000000,9389.375000,383.072917,0.239583,1.750000,0.218750,0.394970,3.443557,0.056233,2.405639,0.043478,1252.000000,4.717865,0.042209,1.052573,0.025228,0.130707,0.435125,0.435125,23.474345,181.500000,10.214267,56.775050,0.312810,181.500000,1.413281,0.707573,0.239368,20.357904,0.435125,10.214267,23.474345,19.000000,17.000000,25.495098,25.495098,181.500000,10.214267,1.413281,0.707573,56.775050,0.312810,181.500000
"16a6d95c-324f-44f4-8ad4-8e9c0c8735f7","Detection","nuclei_tumor",120.187668,284.687683,91.000000,132.000000,3149390.000000,1.476785,22.000000,2.214017,144.000000,109.875000,12.759766,108.000000,79.000000,65.000000,9.840006,110.915755,0.259116,15.158795,3149390.000000,0.384155,229.789063,3.694323,5.418120,0.477973,1.564085,0.298035,0.679897,0.295852,0.885180,0.210507,0.852438,0.852293,0.970297,0.926146,-0.295645,0.000000,0.293941,1.837882,0.220485,2.475303,0.361354,3.675764,2.169827,0.465530,4.263520,37.312500,0.145752,1.000000,3.997803,98.343750,0.481873,4.085938,40.562500,149.226563,19.872179,0.445530,0.053261,0.294340,0.016790,58.974843,0.370911,0.508445,4.635220,17.006289,61.283019,8.313068,0.391684,4.124123,30.182390,0.189826,0.621094,6.637079,0.401721,2.153160,0.128595,5.400000,0.540000,0.440000,7.200000,2329.200000,8021.000000,1003.361111,0.227778,1.800000,0.180000,0.347850,2.630481,0.052555,2.921928,0.039063,1673.840000,9.369174,0.037125,0.770944,0.045920,0.095007,0.376189,0.376189,30.410713,246.000000,11.440183,71.323403,0.289933,246.000000,1.645581,0.607688,0.230416,18.863680,0.376189,11.440183,30.410713,30.000000,13.000000,32.695565,32.695565,246.000000,11.440183,1.645581,0.607688,71.323403,0.289933,246.000000
"7a890a43-b8d1-47d7-84e9-1bd795b07e98","Detection","nuclei_lymphocyte",817.556824,287.342163,58.000000,107.000000,1827069.000000,1.644020,24.000000,2.689166,134.000000,80.615672,14.533610,77.000000,45.000000,89.000000,10.570954,82.567679,0.425033,17.847552,1827069.000000,0.358404,318.535128,7.263804,7.061849,0.554060,1.633852,0.426380,0.586085,0.389571,1.057211,0.274615,0.811350,0.808896,0.983894,0.935948,-0.198780,0.000000,0.357362,2.638548,0.196245,2.793555,0.296524,5.277096,2.313550,0.515058,4.209429,36.723881,0.137029,1.000000,4.077801,96.052239,0.592003,8.052239,35.320896,239.380597,6.585627,0.177460,0.073024,0.862414,0.012308,64.203883,0.311669,0.756433,9.582524,11.427184,81.446602,2.090583,0.164477,3.944131,52.058252,0.252710,0.768657,4.657084,0.487524,5.782941,0.066905,4.000000,0.250000,1.437500,12.000000,1038.875000,7243.250000,180.227656,0.212465,4.000000,0.250000,0.442999,6.790634,0.088935,3.452820,0.059701,758.312500,2.249956,0.034149,3.491909,0.020782,0.283183,0.555858,0.555858,24.896049,264.000000,13.838670,62.454310,0.236569,264.000000,1.175739,0.850529,0.301776,32.357353,0.555858,13.838670,24.896049,21.000000,19.000000,28.319605,28.319605,264.000000,13.838670,1.175739,0.850529,62.454310,0.236569,264.000000
"e64c0c5d-7a13-4771-a2b7-362ef79920d2","Detection","nuclei_tumor",408.630280,297.287964,70.000000,113.000000,5552368.000000,1.602086,24.000000,2.593348,137.000000,89.900752,13.415863,87.000000,61.000000,76.000000,10.060798,91.375191,0.578648,16.348712,5552368.000000,0.379117,267.280375,4.650958,8.956051,0.652910,1.807834,0.259185,0.749218,0.258387,0.827998,0.192422,0.870940,0.870887,0.984768,0.948349,-0.371526,0.000000,0.257688,2.064896,0.244364,2.529837,0.429313,4.129792,2.267252,0.516755,4.200014,108.747368,0.163530,1.000000,3.839254,252.112782,0.555360,5.025564,47.240602,211.618045,17.462343,0.355660,0.041168,0.283445,0.012434,107.505814,0.312517,0.750465,6.037791,26.156977,115.511628,9.588057,0.329720,4.694871,52.174419,0.151670,0.517293,11.208863,0.322486,2.555063,0.088569,5.000000,0.277778,1.126543,7.944444,8401.611111,37062.333333,2405.454475,0.320988,3.000000,0.166667,0.298283,2.819371,0.058333,3.683542,0.027068,7036.719136,7.891321,0.019083,1.389174,0.022125,0.098349,0.486021,0.486021,41.921122,668.500000,20.374552,103.830727,0.155319,668.500000,1.283336,0.779219,0.356482,45.152054,0.486021,20.374552,41.921122,34.000000,32.000000,46.690470,46.690470,668.500000,20.374552,1.283336,0.779219,103.830727,0.155319,668.500000
"3206ace3-7335-4eeb-a920-30bbb3519c29","Detection","nuclei_histiocyte",678.862549,299.146179,91.000000,120.000000,4522365.000000,1.316993,14.000000,4.620828,153.000000,105.276119,9.434841,105.000000,71.000000,82.000000,5.872671,106.064434,0.925217,12.907473,4522365.000000,0.464555,166.602863,7.800000,4.983783,0.340006,1.210535,0.264214,0.641683,0.262876,0.836785,0.195110,0.868785,0.868696,0.989849,0.956219,-0.284333,0.000000,0.261706,2.750167,0.298521,2.255726,0.478930,5.500334,1.988643,0.368687,3.951535,65.477612,0.162880,1.000000,4.374223,186.751244,0.369675,7.898010,46.462687,367.883085,6.867953,0.157054,0.042627,0.340882,0.007756,84.683721,0.393878,0.519502,7.897674,27.032558,221.776744,3.771401,0.171165,4.396582,37.130233,0.172699,0.534826,13.048437,0.379354,3.150275,0.067034,4.000000,0.285714,1.025510,8.785714,4148.714286,34454.928571,545.966786,0.212183,1.714286,0.122449,0.149186,1.032074,0.043933,3.664498,0.034826,3324.204082,2.537614,0.023546,2.712839,0.009218,0.242939,0.672834,0.672834,27.712395,402.500000,18.645846,75.464738,0.187490,402.500000,1.125933,0.888153,0.346398,42.633592,0.672834,18.645846,27.712395,19.000000,27.000000,33.015148,33.015148,402.500000,18.645846,1.125933,0.888153,75.464738,0.187490,402.500000
"009ebf0f-f778-485e-a8b8-2ac153eb8b5d","Detection","nuclei_tumor",339.462708,315.886993,63.000000,104.000000,8174224.000000,1.491761,25.000000,2.995671,137.000000,80.715353,13.505167,78.000000,51.000000,86.000000,10.117314,82.362542,0.752968,16.389638,8174224.000000,0.385626,268.620221,3.187892,7.778933,1.405423,1.775306,0.165622,0.829338,0.165622,0.647590,0.138191,0.917189,0.917189,0.990258,0.966876,-0.505064,0.000000,0.165622,1.668973,0.298121,2.154677,0.412108,3.337946,1.989055,0.485232,3.626658,337.215768,0.279847,1.000000,3.655079,464.679668,0.522755,3.448133,58.488797,168.430705,36.653994,0.560195,0.028488,0.159136,0.011284,140.289100,0.332439,0.662547,5.281991,64.805687,162.180095,45.579417,0.370689,4.944821,48.454976,0.114822,0.350207,32.191303,0.296940,2.378159,0.060197,7.400000,0.493333,0.533333,9.533333,36170.066667,91499.800000,23051.672685,0.169907,2.600000,0.173333,0.186152,2.200368,0.017038,3.323231,0.012448,29716.622222,13.773866,0.014894,1.050692,0.014215,0.097508,0.665272,0.665272,48.109888,1211.000000,32.006184,129.130043,0.106631,1211.000000,1.095723,0.912640,0.465616,77.029800,0.665272,32.006184,48.109888,45.000000,37.000000,58.258047,58.258047,1211.000000,32.006184,1.095723,0.912640,129.130043,0.106631,1211.000000
"798f6468-a057-46fe-8877-3781d88f1818","Detection","nuclei_endothelium",757.491821,311.923492,77.000000,104.000000,2255974.000000,0.949921,14.000000,6.464288,148.000000,90.175824,8.459526,89.000000,68.000000,80.000000,5.613644,90.904571,1.270595,11.487461,2255974.000000,0.655678,131.961760,4.428571,2.021254,0.458178,0.557709,0.210204,0.452532,0.206122,0.746505,0.167718,0.897619,0.897347,0.987707,0.958912,-0.161815,0.000000,0.202551,2.083673,0.538040,1.599378,0.724490,4.167347,1.376747,0.191978,3.259822,54.216117,0.198594,1.000000,5.735217,179.000000,0.223483,4.721612,50.816850,214.772894,12.728861,0.263304,0.057625,0.384189,0.017693,53.893617,0.382224,0.526332,5.709220,34.539007,145.134752,8.657210,0.292799,4.031618,36.390071,0.258086,0.516484,19.543987,0.518372,3.329449,0.158728,5.000000,0.357143,1.107143,7.357143,3413.071429,13860.928571,851.000496,0.368056,3.428571,0.244898,0.435404,3.677561,0.140268,3.324863,0.051282,3032.821429,2.207694,0.045032,1.241979,0.007534,0.234288,0.406015,0.406015,29.834665,274.500000,12.113307,73.955076,0.269417,274.500000,1.585564,0.630690,0.243509,21.068475,0.406015,12.113307,29.834665,17.000000,29.000000,33.615473,33.615473,274.500000,12.113307,1.585564,0.630690,73.955076,0.269417,274.500000
"7341ddb5-f43c-46b6-a149-b5e54e96c697","Detection","nuclei_histiocyte",716.012085,316.318146,75.000000,112.000000,5151271.000000,1.373668,20.000000,2.927800,139.000000,92.184122,11.650863,90.000000,66.000000,73.000000,8.587188,93.281677,0.573476,14.267411,5151271.000000,0.469606,203.559005,4.947061,5.084472,0.584559,1.236577,0.237775,0.677452,0.236878,0.793754,0.181664,0.881711,0.881651,0.986029,0.952654,-0.323882,0.000000,0.236092,2.167340,0.337105,2.209616,0.543293,4.334679,1.968710,0.368588,3.918260,99.986486,0.168896,1.000000,4.359797,278.006757,0.402073,5.283784,49.922297,245.685811,12.966509,0.279971,0.050119,0.379668,0.015430,94.128378,0.318001,0.725895,6.128378,30.547297,146.020270,7.693741,0.317568,4.653688,47.777027,0.161409,0.500000,14.547297,0.376598,2.803938,0.124982,7.416667,0.309028,1.493056,8.166667,6542.500000,29639.583333,1562.941262,0.399016,5.416667,0.225694,0.472462,4.911505,0.139215,3.653107,0.040541,5934.055556,6.102704,0.019717,1.395211,0.015850,0.099209,0.710621,0.710621,32.847362,592.500000,23.342036,91.065394,0.153697,592.500000,1.113803,0.897825,0.384666,52.573753,0.710621,23.342036,32.847362,30.000000,28.000000,41.036569,41.036569,592.500000,23.342036,1.113803,0.897825,91.065394,0.153697,592.500000
"3bcb3022-5261-4ee1-babe-6d27cd31580a","Detection","nuclei_tumor",8.222786,317.349121,93.000000,135.000000,3694631.000000,1.574376,24.000000,2.666703,164.000000,111.359589,13.099245,109.000000,81.000000,83.000000,10.168264,112.484870,0.511907,15.870974,3694631.000000,0.369277,251.887819,4.250000,7.769649,0.533369,1.800676,0.223881,0.778835,0.223881,0.767190,0.173758,0.888060,0.888060,0.986831,0.955224,-0.418542,0.000000,0.223881,1.963619,0.248099,2.419953,0.413246,3.927239,2.196073,0.506139,4.219608,49.602740,0.169872,1.000000,4.080409,107.828767,0.540908,4.486301,48.952055,209.075342,20.058267,0.414288,0.039545,0.229090,0.013715,45.737589,0.324380,0.696041,5.014184,28.581560,123.659574,11.182230,0.407703,4.673248,20.205674,0.143303,0.482877,11.426689,0.319412,1.982918,0.108323,2.555556,0.283951,0.888889,6.333333,2931.333333,12706.666667,925.462963,0.349537,1.000000,0.111111,0.162811,1.312065,0.023459,3.169925,0.030822,1878.691358,3.603734,0.042826,1.447054,0.020685,0.245357,0.933386,0.933386,20.265183,295.500000,18.915231,65.565705,0.221881,295.500000,1.157674,0.863801,0.314027,35.037825,0.933386,18.915231,20.265183,18.000000,19.000000,26.172505,26.172505,295.500000,18.915231,1.157674,0.863801,65.565705,0.221881,295.500000
"1bd99f94-1ee6-437c-b325-2e376cbe0465","Detection","nuclei_lymphocyte",837.582764,318.642548,37.000000,89.000000,1253623.000000,1.542224,21.000000,7.929785,174.000000,54.222535,17.586035,44.000000,30.000000,144.000000,10.160546,59.425015,2.136786,24.315614,1253623.000000,0.460694,591.249070,2.787234,51.746328,8.822042,2.678266,0.424772,0.726222,0.304711,1.015050,0.331923,0.865945,0.859650,0.989136,0.958532,-0.336878,0.000000,0.215805,1.491261,0.406210,2.257531,0.621581,2.982523,1.887669,0.775760,3.281279,84.577465,0.238246,1.000000,7.058838,163.546479,1.046935,3.670423,49.952113,74.538028,45.542706,0.703962,0.074124,0.953963,0.017594,48.353234,0.240563,1.525111,8.243781,35.134328,52.487562,32.759143,0.315484,3.901336,69.945274,0.347986,0.566197,22.656914,0.611623,6.820784,0.090106,5.500000,0.229167,1.498264,15.875000,2294.208333,2843.041667,2181.443310,0.123785,5.833333,0.243056,0.487165,9.852479,0.028678,3.636842,0.067606,2075.414931,2.603974,0.048037,3.763968,0.017131,1.032799,0.951643,0.951643,21.888133,359.500000,20.829683,68.823196,0.191441,359.500000,1.048482,0.953760,0.355240,44.837940,0.951643,20.829683,21.888133,21.000000,22.000000,30.413813,30.413813,359.500000,20.829683,1.048482,0.953760,68.823196,0.191441,359.500000
"73cedbe3-71ff-451e-a545-3f457e83229b","Detection","nuclei_tumor",84.516815,320.419678,107.000000,138.000000,6060412.000000,1.164887,17.000000,3.266973,165.000000,122.294264,9.964664,121.000000,101.000000,64.000000,6.999442,122.935946,0.730690,12.544313,6060412.000000,0.493734,157.359793,2.240617,3.672714,1.123078,1.096415,0.236595,0.645021,0.233914,0.794371,0.181879,0.883490,0.883311,0.976464,0.941655,-0.283810,0.000000,0.231568,1.423257,0.345793,1.982290,0.528820,2.846515,1.737925,0.333253,3.692131,70.426434,0.175627,1.000000,4.041007,197.987531,0.335408,2.391521,49.074813,94.780549,38.701302,0.701995,0.038661,0.142270,0.018930,86.233831,0.429024,0.392416,3.253731,26.796020,49.512438,21.581260,0.536070,4.174921,29.676617,0.147645,0.501247,10.875523,0.351089,1.436284,0.122056,4.818182,0.438017,0.380165,5.545455,6375.727273,9186.090909,5685.055556,0.267677,1.363636,0.123967,0.221117,1.469025,0.039043,3.459432,0.027431,5046.793388,16.874629,0.026761,0.732161,0.024949,0.088676,0.685790,0.685790,27.491100,401.500000,18.853117,75.108137,0.187069,401.500000,1.118095,0.894379,0.348001,43.029123,0.685790,18.853117,27.491100,20.000000,27.000000,33.600595,33.600595,401.500000,18.853117,1.118095,0.894379,75.108137,0.187069,401.500000
"099490f8-4432-49e8-8030-32485641b58a","Detection","nuclei_lymphocyte",790.751892,333.223450,39.000000,94.000000,1447927.000000,1.811546,28.000000,4.578409,155.000000,59.584746,18.030499,52.000000,29.000000,126.000000,11.970379,63.954588,1.386598,23.234615,1447927.000000,0.333301,539.847338,3.609737,28.130911,4.803213,2.690492,0.512365,0.680058,0.382535,1.143744,0.366032,0.829212,0.821716,0.986766,0.947615,-0.300762,0.000000,0.279882,1.750773,0.233088,2.813077,0.404173,3.501546,2.326484,0.800714,4.035479,52.485876,0.148265,1.000000,6.726771,117.988701,1.004181,4.564972,42.186441,96.367232,30.977801,0.541780,0.092829,1.121493,0.017980,60.427386,0.250736,1.229834,8.128631,20.489627,45.775934,16.057720,0.285928,4.032851,74.800830,0.310377,0.680791,11.859197,0.575569,6.362141,0.089013,9.125000,0.285156,1.061523,13.531250,978.437500,1773.812500,798.661745,0.123707,7.437500,0.232422,0.488026,8.435175,0.033673,3.877620,0.090395,856.058594,2.825826,0.038380,4.870448,0.020800,0.711626,0.419643,0.419643,33.248645,358.000000,13.952576,81.521125,0.227713,358.000000,1.477228,0.676944,0.274412,26.755183,0.419643,13.952576,33.248645,15.000000,34.000000,37.161808,37.161808,358.000000,13.952576,1.477228,0.676944,81.521125,0.227713,358.000000
"dafce6d7-d067-47a2-8df5-5bc09615a480","Detection","nuclei_tumor",43.258251,331.581055,120.000000,146.000000,6442035.000000,0.886880,13.000000,3.497037,163.000000,134.460452,8.410578,136.000000,101.000000,62.000000,5.616632,134.899366,-0.564146,10.873171,6442035.000000,0.664097,118.225837,3.641495,1.619413,-0.381980,0.591832,0.132723,0.633642,0.132723,0.564859,0.115108,0.933638,0.933638,0.986728,0.966819,-0.337257,0.000000,0.132723,1.877956,0.562234,1.414841,0.737605,3.755912,1.282118,0.181139,3.046965,94.406780,0.266686,1.000000,3.650962,235.090395,0.190790,3.805085,58.762712,216.516949,20.039783,0.355226,0.035548,0.163356,0.014772,50.606838,0.432537,0.409088,4.273504,59.111111,226.034188,18.405983,0.390551,4.457518,12.316239,0.105267,0.330508,22.493097,0.242965,1.501383,0.083885,3.666667,0.407407,0.888889,4.888889,9134.888889,35953.888889,2447.175926,0.521605,2.333333,0.259259,0.450968,2.262331,0.249705,2.725481,0.025424,7587.777778,3.738164,0.046150,0.414207,0.008819,0.105996,0.822387,0.822387,23.525365,348.500000,19.346962,68.636008,0.196947,348.500000,1.075701,0.929627,0.345780,42.481701,0.822387,19.346962,23.525365,22.000000,21.000000,30.413813,30.413813,348.500000,19.346962,1.075701,0.929627,68.636008,0.196947,348.500000
"fc3fedb5-c630-4bce-a595-b08611ca3c19","Detection","nuclei_tumor",19.014303,339.153351,126.000000,152.000000,8219919.000000,1.020783,14.000000,2.843960,167.000000,139.172986,8.367119,140.000000,111.000000,56.000000,5.904152,139.565329,-0.186952,10.457584,8219919.000000,0.609297,109.361071,4.297967,2.011346,0.090643,0.657681,0.195680,0.541390,0.195680,0.713203,0.157389,0.902160,0.902160,0.980432,0.951080,-0.233832,0.000000,0.195680,2.045108,0.488832,1.695770,0.686785,4.090216,1.500091,0.213340,3.312888,90.033175,0.213349,1.000000,4.521327,257.123223,0.235243,4.495261,53.521327,226.803318,14.450434,0.294695,0.039771,0.213408,0.012095,68.116022,0.376332,0.499191,5.165746,42.397790,176.784530,11.195212,0.339165,4.335355,27.309392,0.150881,0.428910,20.654376,0.368308,2.251669,0.124161,4.692308,0.360947,0.745562,5.384615,8034.307692,32921.153846,2007.467949,0.416667,1.923077,0.147929,0.261892,1.531404,0.056732,3.238901,0.030806,6980.556213,6.160605,0.028306,0.575907,0.015601,0.064744,0.854917,0.854917,25.166076,419.500000,21.514895,75.005625,0.178798,419.500000,1.067200,0.937031,0.364348,47.166625,0.854917,21.514895,25.166076,23.000000,24.000000,33.241540,33.241540,419.500000,21.514895,1.067200,0.937031,75.005625,0.178798,419.500000
"316a75df-8835-4937-8132-960d77d337cf","Detection","nuclei_endothelium",722.607239,340.282959,68.000000,131.000000,4297856.000000,1.925229,36.000000,2.168276,166.000000,98.189125,19.188740,97.000000,52.000000,114.000000,14.920430,100.798889,0.171567,22.788413,4297856.000000,0.280888,519.311749,6.754130,22.270129,0.558145,3.289006,0.334816,0.815214,0.324651,0.941551,0.229418,0.839369,0.838691,0.987203,0.946134,-0.397230,0.000000,0.315756,2.452668,0.147153,3.076285,0.249682,4.905337,2.716978,0.905955,4.734207,59.269504,0.140117,1.000000,4.182687,118.815603,0.909355,6.907801,40.952719,279.555556,12.638294,0.307226,0.053926,0.435565,0.014220,77.596364,0.282169,0.917898,6.996364,15.658182,105.847273,4.629887,0.300316,4.494513,54.214545,0.197144,0.650118,6.194169,0.409181,2.915341,0.109979,3.750000,0.234375,1.527344,9.437500,2766.187500,18183.000000,621.479063,0.292865,3.000000,0.187500,0.339108,3.927998,0.047204,3.452820,0.037825,2067.246094,3.462774,0.030088,2.888841,0.026386,0.261755,0.627720,0.627720,29.474768,423.500000,18.501899,78.603503,0.185604,423.500000,1.160969,0.861350,0.342859,41.767022,0.627720,18.501899,29.474768,26.000000,26.000000,36.769553,36.769553,423.500000,18.501899,1.160969,0.861350,78.603503,0.185604,423.500000
"19e1faac-6351-4594-8007-5a781556e10e","Detection","nuclei_stroma",950.756531,342.271973,68.000000,121.000000,3449080.000000,1.807036,27.000000,3.833948,159.000000,87.825059,16.562245,82.000000,57.000000,102.000000,11.447351,90.298690,1.152860,20.990770,3449080.000000,0.326716,440.612422,4.165380,20.791804,3.107830,2.491017,0.454955,0.691134,0.391892,1.097951,0.301376,0.814404,0.810360,0.983025,0.936175,-0.276979,0.000000,0.338231,1.912162,0.189191,2.938405,0.308237,3.824324,2.456267,0.736493,4.410392,52.385343,0.123842,1.000000,5.724964,138.200946,0.860319,4.917258,38.158392,117.442080,22.159831,0.451849,0.092390,0.897547,0.020312,80.719064,0.269963,1.065044,7.157191,16.013378,52.200669,9.551470,0.312409,4.288647,80.719064,0.269963,0.706856,8.007696,0.531041,4.993809,0.111475,11.540541,0.311907,0.994887,11.513514,1393.054054,4378.270270,686.685165,0.172913,9.810811,0.265157,0.500654,6.189675,0.057630,3.802991,0.087470,1262.353543,5.087477,0.026821,3.293647,0.028217,0.276215,0.420248,0.420248,37.574700,415.500000,15.790702,91.627859,0.220524,415.500000,1.607956,0.621908,0.267273,25.381181,0.420248,15.790702,37.574700,37.000000,19.000000,41.593269,41.593269,415.500000,15.790702,1.607956,0.621908,91.627859,0.220524,415.500000
"f07fb290-5304-4df7-b787-991cc19406d9","Detection","nuclei_lymphocyte",212.975281,348.129364,54.000000,94.000000,2364833.000000,1.496093,19.000000,4.498481,147.000000,74.124694,12.822413,73.000000,44.000000,103.000000,8.705045,76.039383,1.043239,16.956340,2364833.000000,0.411541,287.517459,6.286654,4.996566,0.630344,1.293329,0.389875,0.536746,0.346483,1.024323,0.269825,0.833826,0.831098,0.985372,0.943274,-0.186719,0.000000,0.310066,2.461867,0.247692,2.533405,0.398422,4.923734,2.096817,0.420801,4.153240,53.122249,0.129883,1.000000,5.156186,168.320293,0.493708,6.885086,41.361858,247.916870,8.364223,0.201224,0.071586,0.792014,0.010744,87.458182,0.318030,0.757607,8.516364,18.101818,107.112727,3.714863,0.190721,4.157139,66.316364,0.241150,0.672372,9.253898,0.483173,5.196885,0.077762,8.000000,0.285714,1.187500,11.750000,1913.821429,9687.357143,424.087619,0.193026,5.571429,0.198980,0.428808,6.301482,0.045719,3.886839,0.068460,1700.452806,3.473162,0.022219,3.253656,0.015906,0.206149,0.690751,0.690751,27.628907,404.500000,19.084682,75.607148,0.186915,404.500000,1.124598,0.889207,0.347136,42.815485,0.690751,19.084682,27.628907,23.000000,25.000000,33.970576,33.970576,404.500000,19.084682,1.124598,0.889207,75.607148,0.186915,404.500000
"ca78c7e4-1e69-4754-957a-40d9a6e8a5b1","Detection","nuclei_tumor",284.661804,354.229553,102.000000,151.000000,14083764.000000,1.733007,30.000000,2.634510,176.000000,127.193890,16.014209,128.000000,73.000000,103.000000,12.200212,128.645497,-0.322490,19.271180,14083764.000000,0.344547,371.378388,13.277640,15.321314,-0.443032,2.384317,0.227640,0.825694,0.225776,0.777631,0.176665,0.887422,0.887298,0.993855,0.967780,-0.466706,0.000000,0.224146,3.569099,0.227352,2.660814,0.334783,7.138199,2.426714,0.652989,4.286109,152.139835,0.178778,1.000000,3.631878,293.209166,0.651653,13.598120,50.774383,661.501763,4.762006,0.094501,0.042577,0.737607,0.003549,125.015038,0.313321,0.826703,14.997494,30.576441,391.358396,2.853634,0.094451,4.957590,52.598997,0.131827,0.468860,12.380550,0.293797,5.059719,0.026912,8.391304,0.364839,1.561437,19.347826,9803.086957,130827.913043,810.295399,0.111679,7.782609,0.338374,0.571985,13.176554,0.032098,3.196200,0.027027,8434.086957,2.239676,0.017974,3.236509,0.009267,0.236515,0.457891,0.457891,49.831872,856.000000,22.817569,121.673990,0.142143,856.000000,1.376296,0.726588,0.359834,46.005171,0.457891,22.817569,49.831872,41.000000,39.000000,56.586217,56.586217,856.000000,22.817569,1.376296,0.726588,121.673990,0.142143,856.000000
"6214957b-7710-46cd-a498-6ca2d3552c62","Detection","nuclei_histiocyte",586.997314,353.463470,54.000000,97.000000,4456769.000000,1.579926,21.000000,3.635442,154.000000,74.770751,13.088462,74.000000,36.000000,118.000000,9.090042,76.628297,0.604074,16.769935,4456769.000000,0.388527,281.230712,6.329030,7.906783,0.507271,1.601519,0.396720,0.602930,0.363224,1.026338,0.264788,0.823796,0.821738,0.989427,0.948701,-0.220976,0.000000,0.335563,2.455164,0.214155,2.728930,0.354152,4.910328,2.292974,0.499560,4.349921,102.351779,0.134851,1.000000,4.389063,294.891963,0.537220,6.790514,39.555995,240.432148,8.660550,0.221120,0.062289,0.646683,0.012159,168.996132,0.326878,0.744251,7.858801,15.446809,91.570600,3.400105,0.217871,4.343960,113.580271,0.219691,0.681159,6.825713,0.447919,4.162249,0.090208,11.952381,0.284580,1.535147,11.714286,3373.976190,17248.714286,748.292910,0.230575,6.809524,0.162132,0.380910,5.971420,0.058878,4.403989,0.055336,3047.399660,4.363936,0.012849,5.231332,0.011149,0.226142,0.664184,0.664184,39.552692,753.000000,26.270267,113.404204,0.150603,753.000000,1.359106,0.735778,0.351784,43.969838,0.664184,26.270267,39.552692,29.000000,39.000000,48.600412,48.600412,753.000000,26.270267,1.359106,0.735778,113.404204,0.150603,753.000000
"938204f0-7da2-4016-85b3-5fa46b07e794","Detection","nuclei_tumor",148.262833,345.904327,119.000000,147.000000,3108382.000000,1.099798,14.000000,3.660808,170.000000,133.883721,9.284478,134.000000,105.000000,65.000000,6.277245,134.432096,0.340594,12.130031,3108382.000000,0.560911,147.137642,3.592170,2.630454,-0.103907,0.865202,0.197390,0.628475,0.197390,0.716677,0.158427,0.901305,0.901305,0.980261,0.950653,-0.304928,0.000000,0.197390,1.850734,0.411307,1.856653,0.613377,3.701468,1.659263,0.265648,3.705060,30.569767,0.177731,1.000000,4.224446,96.476744,0.267002,3.750000,49.395349,184.005814,18.268572,0.396479,0.040101,0.172263,0.016822,38.348837,0.445917,0.384127,3.802326,26.279070,99.023256,9.126615,0.441537,4.001319,14.232558,0.165495,0.500000,10.279070,0.376251,1.481207,0.164611,2.333333,0.388889,0.805556,4.166667,2683.000000,10440.833333,770.393519,0.578704,1.000000,0.166667,0.214344,1.556970,0.065159,2.584963,0.034884,1861.222222,3.047487,0.067190,0.595728,0.017275,0.171016,0.655304,0.655304,18.385620,165.500000,12.048170,48.976370,0.295930,165.500000,1.153361,0.867031,0.272423,26.368693,0.655304,12.048170,18.385620,15.000000,15.000000,21.213203,21.213203,165.500000,12.048170,1.153361,0.867031,48.976370,0.295930,165.500000
"d3f4da02-b981-429b-a2e6-8d7cdeb95285","Detection","nuclei_lymphocyte",529.466064,352.875427,62.000000,93.000000,2425204.000000,1.198010,14.000000,4.255328,121.000000,74.489412,9.707095,71.000000,55.000000,66.000000,6.457225,75.540468,1.220026,12.557463,2425204.000000,0.486206,157.689888,2.192429,4.159818,1.301169,1.111654,0.249211,0.633746,0.242902,0.818851,0.190210,0.879600,0.879180,0.975370,0.939590,-0.266470,0.000000,0.237382,1.405994,0.355498,1.988323,0.548265,2.811987,1.725368,0.340216,3.543296,77.141176,0.181509,1.000000,4.451488,206.637647,0.360138,2.454118,48.948235,89.122353,40.337386,0.699216,0.045170,0.221733,0.018395,94.565611,0.427899,0.403800,3.647059,30.470588,48.045249,26.700352,0.473982,4.101258,40.366516,0.182654,0.520000,15.677689,0.415919,1.930161,0.130117,6.272727,0.570248,0.413223,7.363636,7166.818182,10469.727273,6362.707071,0.217172,2.818182,0.256198,0.487895,4.390765,0.054220,2.404010,0.025882,5674.049587,19.391835,0.025845,0.716695,0.027159,0.083152,0.745952,0.745952,27.049740,429.500000,20.177818,76.640025,0.178440,429.500000,1.088274,0.918886,0.361164,46.345950,0.745952,20.177818,27.049740,22.000000,27.000000,34.828150,34.828150,429.500000,20.177818,1.088274,0.918886,76.640025,0.178440,429.500000
"aa95ce98-297b-452b-8577-68dda91ae93e","Detection","nuclei_tumor",34.819153,351.293213,103.000000,132.000000,4243132.000000,1.102613,14.000000,2.904880,151.000000,117.267974,8.508052,118.000000,92.000000,59.000000,6.325581,117.755868,0.051505,10.708256,4243132.000000,0.554893,114.666752,4.842246,2.260170,0.198725,0.793516,0.225490,0.557431,0.225490,0.770066,0.174644,0.887255,0.887255,0.986736,0.954902,-0.236100,0.000000,0.225490,2.168004,0.406633,1.883727,0.609626,4.336007,1.658237,0.254752,3.569023,53.405229,0.174527,1.000000,3.871289,169.797386,0.268743,5.091503,48.490196,225.202614,12.266090,0.255015,0.042197,0.300679,0.009288,61.312925,0.417095,0.426304,5.870748,28.340136,132.095238,6.974773,0.258976,4.269310,20.401361,0.138785,0.480392,11.007358,0.309243,2.253066,0.068392,5.000000,0.454545,0.776860,7.727273,4394.909091,18437.272727,1083.765783,0.280934,1.727273,0.157025,0.302979,3.328065,0.033146,3.277613,0.035948,3621.057851,3.078840,0.033487,1.470964,0.010141,0.186044,0.573960,0.573960,26.208979,311.500000,15.042893,68.526915,0.219990,311.500000,1.199650,0.833577,0.309807,34.102399,0.573960,15.042893,26.208979,25.000000,17.000000,30.232433,30.232433,311.500000,15.042893,1.199650,0.833577,68.526915,0.219990,311.500000
"b8df45a4-e7d3-4b28-aca1-0b1d8e4df6e5","Detection","nuclei_endothelium",727.466064,360.064789,76.000000,116.000000,1376902.000000,1.250867,22.000000,2.839944,133.000000,91.500000,12.631250,88.000000,70.000000,63.000000,9.419290,92.766575,0.869018,15.277025,1376902.000000,0.527109,233.387500,4.989474,4.381757,1.074550,0.973838,0.252632,0.588035,0.252632,0.815422,0.188809,0.873684,0.873684,0.985139,0.949474,-0.242825,0.000000,0.252632,2.192982,0.417981,1.990482,0.628070,4.385965,1.737851,0.306617,3.328000,24.137500,0.150859,1.000000,4.969375,84.337500,0.371523,5.518750,44.975000,201.631250,10.974349,0.243359,0.050583,0.368219,0.016798,29.483516,0.323995,0.706436,7.318681,23.648352,108.087912,5.745116,0.242979,3.784482,19.725275,0.216761,0.568750,11.282695,0.442485,4.248700,0.098034,2.500000,0.312500,1.750000,8.000000,1679.250000,7544.625000,398.882813,0.443576,1.750000,0.218750,0.240558,1.387194,0.168850,2.750000,0.050000,1279.250000,1.563721,0.071154,1.363977,0.014843,0.349370,0.830303,0.830303,15.782367,159.500000,13.104152,46.863442,0.293815,159.500000,1.095716,0.912646,0.280501,27.955753,0.830303,13.104152,15.782367,14.000000,15.000000,20.518285,20.518285,159.500000,13.104152,1.095716,0.912646,46.863442,0.293815,159.500000
"7a556c72-01b0-4673-97bc-61d68ce5d4dc","Detection","nuclei_lymphocyte",748.179504,363.600220,45.000000,95.000000,1348176.000000,1.616906,22.000000,4.423234,138.000000,65.782456,15.403927,60.000000,33.000000,105.000000,10.121660,68.778210,1.245383,20.077614,1348176.000000,0.424044,403.110569,4.893678,17.572103,2.618387,1.858952,0.363027,0.673240,0.313218,0.988855,0.264921,0.851692,0.848372,0.986434,0.948983,-0.288739,0.000000,0.269636,2.125958,0.310681,2.550124,0.532567,4.251916,2.171581,0.555495,3.895922,43.540351,0.152773,1.000000,5.445417,120.852632,0.670434,5.603509,44.059649,181.498246,14.561656,0.309882,0.058178,0.636778,0.011056,48.268571,0.275820,1.034906,7.914286,21.565714,96.102857,6.414933,0.265122,4.251154,41.148571,0.235135,0.614035,10.956735,0.486238,5.161510,0.083072,3.307692,0.254438,1.597633,12.538462,2500.230769,10623.769231,646.982244,0.228910,1.923077,0.147929,0.340624,6.023937,0.020871,3.334679,0.045614,2019.609467,2.018101,0.046886,2.463055,0.017412,0.442750,0.751336,0.751336,22.187618,286.000000,16.670352,63.509588,0.222061,286.000000,1.122284,0.891040,0.318810,36.113248,0.751336,16.670352,22.187618,19.000000,21.000000,28.319605,28.319605,286.000000,16.670352,1.122284,0.891040,63.509588,0.222061,286.000000
"5ba39753-1a69-4429-9253-b098d8bbe460","Detection","nuclei_tumor",418.052765,379.523987,81.000000,118.000000,13576198.000000,1.346019,22.000000,2.264597,137.000000,98.756598,11.784380,99.000000,67.000000,70.000000,8.917978,99.765848,0.188853,14.154810,13576198.000000,0.440521,200.358644,6.326597,4.158281,0.304002,1.256198,0.234318,0.685588,0.233937,0.786716,0.179592,0.883095,0.883070,0.986223,0.953225,-0.327657,0.000000,0.233603,2.463966,0.291743,2.222179,0.414299,4.927931,1.986112,0.372629,3.903204,248.697947,0.182330,1.000000,3.679159,600.870968,0.381750,6.558651,51.192082,318.655425,10.173301,0.202677,0.034848,0.263936,0.007585,226.080992,0.373688,0.549727,7.335537,40.158678,243.672727,8.091804,0.210135,4.802221,82.907438,0.137037,0.443548,19.826777,0.310531,2.663196,0.067410,8.357143,0.298469,1.167092,9.535714,26443.000000,156056.142857,5232.294891,0.267361,3.285714,0.117347,0.280918,2.378031,0.077774,4.494680,0.020528,24069.918367,13.272212,0.008059,1.398296,0.014558,0.041832,0.729699,0.729699,49.157592,1358.500000,35.870225,138.567257,0.102000,1358.500000,1.124739,0.889095,0.469887,78.449431,0.729699,35.870225,49.157592,37.000000,49.000000,61.400326,61.400326,1358.500000,35.870225,1.124739,0.889095,138.567257,0.102000,1358.500000
"cc65bcd2-1be6-47fb-80d9-8f1b388e9adb","Detection","nuclei_lymphocyte",702.462952,367.734985,50.000000,85.000000,1176431.000000,1.298532,18.000000,5.094975,130.000000,65.696154,11.135680,64.000000,40.000000,90.000000,7.726939,67.266148,1.103147,14.448183,1176431.000000,0.514438,208.749985,4.655427,5.245849,0.653056,1.040041,0.326660,0.521973,0.299262,0.942226,0.237102,0.854935,0.853109,0.987654,0.950775,-0.187164,0.000000,0.275290,2.115911,0.350380,2.241116,0.565859,4.231823,1.890545,0.341675,3.887511,36.746154,0.141331,1.000000,4.976686,133.753846,0.391716,5.030769,43.607692,193.461538,11.877845,0.290025,0.067096,0.634097,0.017409,53.866242,0.343097,0.752079,6.127389,21.808917,95.566879,5.855849,0.307902,4.280859,33.356688,0.212463,0.603846,10.838898,0.450505,3.422241,0.135629,4.058824,0.238754,1.674740,9.647059,1862.823529,7651.294118,469.278807,0.319657,3.588235,0.211073,0.452988,6.615733,0.091571,3.690117,0.065385,1628.913495,2.068460,0.037634,3.112618,0.010969,0.426860,0.744708,0.744708,21.171510,261.000000,15.766600,60.182890,0.230586,261.000000,1.104322,0.905533,0.315396,35.343883,0.744708,15.766600,21.171510,17.000000,20.000000,26.248809,26.248809,261.000000,15.766600,1.104322,0.905533,60.182890,0.230586,261.000000
"ade72bbd-f389-46cf-aca8-1e26f29c8504","Detection","nuclei_stroma",816.754517,371.383728,46.000000,95.000000,1980234.000000,1.754480,23.000000,5.467460,155.000000,68.087179,15.489678,64.000000,33.000000,122.000000,9.627206,71.256741,1.361827,21.015686,1980234.000000,0.383340,441.659066,5.053621,21.725064,3.021651,2.124655,0.581476,0.570253,0.436630,1.208917,0.390831,0.803006,0.796072,0.985096,0.940073,-0.194050,0.000000,0.335834,2.160515,0.228254,2.949465,0.438022,4.321031,2.393740,0.676533,4.346004,49.251282,0.126285,1.000000,5.419487,149.502564,0.832932,5.935897,36.779487,156.576923,12.482217,0.318840,0.096398,1.204074,0.021626,76.463087,0.256588,1.326832,8.248322,13.422819,61.436242,4.267273,0.281451,4.270594,88.973154,0.298568,0.764103,6.571776,0.560278,6.018312,0.123582,8.444444,0.234568,1.916667,14.166667,1473.944444,5940.972222,419.963765,0.208102,9.833333,0.273148,0.532258,8.889648,0.100966,4.006750,0.092308,1356.583333,2.782785,0.025848,5.657829,0.020482,0.441257,0.481739,0.481739,33.228014,387.000000,16.007244,82.010432,0.211913,387.000000,1.382985,0.723074,0.293990,30.709095,0.481739,16.007244,33.228014,23.000000,29.000000,37.013511,37.013511,387.000000,16.007244,1.382985,0.723074,82.010432,0.211913,387.000000
"02026e54-b7ea-416d-abf0-3a43bd7cd7a1","Detection","nuclei_stroma",926.227051,371.492157,35.000000,93.000000,1320410.000000,1.851786,31.000000,5.209297,153.000000,60.286645,19.774045,52.000000,30.000000,123.000000,13.275857,65.582084,1.483978,25.817246,1320410.000000,0.324428,666.530213,3.934938,47.793711,7.443194,3.215998,0.524955,0.719347,0.396613,1.161079,0.367653,0.821970,0.814528,0.986417,0.945580,-0.314551,0.000000,0.294836,1.806150,0.212944,2.895820,0.385027,3.612299,2.425799,0.935238,4.146387,43.618893,0.142081,1.000000,5.823468,99.599349,1.132129,4.863192,40.009772,101.293160,29.043794,0.532491,0.071129,0.828019,0.017362,53.960784,0.264514,1.387231,7.661765,19.303922,62.607843,13.826656,0.322606,4.204466,54.686275,0.268070,0.664495,10.245002,0.525485,5.614378,0.098847,4.333333,0.240741,1.691358,14.333333,1551.500000,3634.500000,1096.705046,0.147963,2.555556,0.141975,0.331799,6.913220,0.022098,3.836592,0.058632,1260.608025,2.514151,0.043704,4.856842,0.022881,0.839197,0.483387,0.483387,28.576365,298.000000,13.813457,69.999009,0.234896,298.000000,1.308452,0.764262,0.287080,29.282572,0.483387,13.813457,28.576365,14.000000,29.000000,32.202484,32.202484,298.000000,13.813457,1.308452,0.764262,69.999009,0.234896,298.000000
"912a470c-0a13-4a3c-97a9-6cc3efb0fa65","Detection","nuclei_tumor",208.970001,388.270935,107.000000,146.000000,11200504.000000,1.361483,21.000000,2.278048,157.000000,126.421965,11.834308,127.000000,88.000000,69.000000,9.003833,127.223030,-0.153866,14.254336,11200504.000000,0.440726,203.186107,6.782443,4.466252,-0.332075,1.354108,0.195420,0.747768,0.195420,0.712673,0.157231,0.902290,0.902290,0.988505,0.960916,-0.413702,0.000000,0.195420,2.548092,0.312812,2.156164,0.427863,5.096183,1.960744,0.387382,3.752452,135.468208,0.195763,1.000000,3.390290,304.982659,0.388862,7.020231,53.693642,360.234104,10.030688,0.193200,0.031206,0.283110,0.005526,101.712230,0.365871,0.599348,7.877698,43.812950,292.388489,8.064698,0.204337,4.807266,31.359712,0.112805,0.401734,19.028311,0.242193,2.434828,0.045125,7.125000,0.445313,1.089844,12.062500,12776.875000,90748.250000,2105.433160,0.200521,2.250000,0.140625,0.211954,3.301839,0.015163,3.077820,0.023121,10906.312500,4.520963,0.020945,1.100727,0.012154,0.101377,0.704006,0.704006,35.532171,689.000000,25.014874,97.863862,0.142038,689.000000,1.106154,0.904033,0.401523,57.282738,0.704006,25.014874,35.532171,29.000000,32.000000,43.185646,43.185646,689.000000,25.014874,1.106154,0.904033,97.863862,0.142038,689.000000
"03c82293-1842-493f-8199-fa319b29dd9e","Detection","nuclei_lymphocyte",769.557617,382.364502,54.000000,114.000000,2049948.000000,1.800793,32.000000,3.879045,165.000000,78.735099,19.180913,72.000000,44.000000,121.000000,13.295460,82.388757,1.142074,24.262964,2049948.000000,0.361366,588.691417,7.503597,35.641180,6.095095,2.969191,0.357014,0.785332,0.322842,0.981842,0.252788,0.844050,0.841996,0.990507,0.954479,-0.354863,0.000000,0.295064,2.617356,0.246275,2.814824,0.447842,5.234712,2.436099,0.831551,4.245665,42.821192,0.141792,1.000000,4.995395,109.132450,0.972117,8.254967,42.278146,257.897351,8.948872,0.192987,0.064177,1.033013,0.008426,45.802139,0.244931,1.432412,11.454545,19.518717,120.631016,4.155808,0.167546,4.468607,39.598930,0.211759,0.619205,9.086162,0.443421,6.532709,0.063943,3.777778,0.209877,2.052469,18.500000,1620.888889,8212.611111,367.794660,0.127037,3.555556,0.197531,0.392860,10.014739,0.021207,3.905765,0.059603,1339.395062,1.589730,0.041936,4.120863,0.018623,0.626530,0.747144,0.747144,22.834503,299.500000,17.060653,64.454021,0.215205,299.500000,1.103808,0.905955,0.326548,37.887502,0.747144,17.060653,22.834503,21.000000,20.000000,29.000000,29.000000,299.500000,17.060653,1.103808,0.905955,64.454021,0.215205,299.500000
"521bd714-a997-4f0c-b951-137618e22826","Detection","nuclei_tumor",180.283859,382.734375,105.000000,125.000000,1734492.000000,0.709592,11.000000,2.918923,139.000000,114.763359,6.685624,114.000000,97.000000,42.000000,4.824588,115.066924,0.399616,8.352750,1734492.000000,0.735330,69.768428,4.483589,0.917358,0.398461,0.376530,0.111597,0.542753,0.111597,0.504715,0.099143,0.944201,0.944201,0.988840,0.972101,-0.268597,0.000000,0.111597,2.101751,0.668572,1.094888,0.811816,4.203501,0.983291,0.122032,2.763745,34.786260,0.265544,1.000000,4.250685,96.328244,0.141251,4.580153,56.068702,242.656489,13.552375,0.249152,0.038196,0.164762,0.016850,22.125000,0.460938,0.360677,5.145833,46.708333,197.166667,11.501157,0.287616,3.894641,6.208333,0.129340,0.366412,16.914931,0.276222,1.472943,0.117859,1.800000,0.360000,0.800000,4.800000,2502.200000,10190.800000,621.161111,0.494444,1.000000,0.200000,0.263700,0.373216,0.251524,2.321928,0.038168,1815.760000,1.071090,0.139618,0.400464,0.005885,0.300216,0.740550,0.740550,15.443085,128.000000,11.436378,44.955562,0.351215,128.000000,1.256455,0.795890,0.239585,20.394921,0.740550,11.436378,15.443085,15.000000,13.000000,19.849433,19.849433,128.000000,11.436378,1.256455,0.795890,44.955562,0.351215,128.000000
"c1426fec-7f81-4e8d-bff9-e1154c5aa305","Detection","nuclei_histiocyte",557.988770,401.082062,57.000000,127.000000,5017806.000000,2.051500,37.000000,2.865303,168.000000,88.050505,21.519097,83.000000,44.000000,124.000000,15.818429,91.910200,0.689942,26.355140,5017806.000000,0.275012,694.593409,9.780444,39.418131,4.797310,3.850488,0.441376,0.794320,0.386148,1.080789,0.292266,0.815791,0.812449,0.988321,0.945806,-0.348008,0.000000,0.341029,2.988004,0.149542,3.296399,0.279312,5.976007,2.806068,1.072966,4.810413,76.511785,0.128808,1.000000,4.895714,163.356902,1.158989,10.557239,38.084175,333.638047,6.447123,0.155949,0.076753,1.313625,0.008942,104.133489,0.243872,1.334160,12.833724,13.850117,119.386417,2.428335,0.138337,4.555595,106.700234,0.249883,0.718855,6.109472,0.501607,7.673370,0.059799,8.350000,0.208750,2.059375,19.075000,1758.750000,13239.125000,301.733153,0.140687,8.400000,0.210000,0.459140,11.017533,0.032155,4.184184,0.067340,1538.227500,3.217685,0.021899,4.404438,0.024773,0.268693,0.342442,0.342442,48.394878,593.000000,16.572425,110.122483,0.185704,593.000000,1.627374,0.614487,0.289511,29.780622,0.342442,16.572425,48.394878,22.000000,46.000000,50.990195,50.990195,593.000000,16.572425,1.627374,0.614487,110.122483,0.185704,593.000000
"b947274d-acd5-4beb-8b13-0848af5e2ae2","Detection","nuclei_histiocyte",623.297058,399.362488,64.000000,113.000000,3251226.000000,1.605647,23.000000,2.822174,136.000000,87.832099,13.786484,88.000000,45.000000,91.000000,9.593297,89.597536,0.174579,17.698614,3251226.000000,0.393458,313.240945,9.205843,10.074560,0.515534,1.756484,0.337981,0.677262,0.322045,0.948127,0.234268,0.841467,0.840571,0.987150,0.946693,-0.285291,0.000000,0.309669,2.975100,0.238210,2.694967,0.436255,5.950199,2.326871,0.523616,4.252115,56.367901,0.139180,1.000000,4.289492,159.350617,0.547929,9.637037,41.454321,378.298765,5.470243,0.138025,0.055544,0.737011,0.006341,76.904000,0.307616,0.786576,10.596000,18.488000,170.496000,2.394302,0.139768,4.421680,50.472000,0.201888,0.617284,7.990400,0.416551,5.168707,0.048468,4.000000,0.250000,1.464844,15.062500,3679.437500,32703.562500,452.642535,0.146615,3.000000,0.187500,0.406275,8.148703,0.027373,3.500000,0.039506,3038.714844,2.400654,0.026164,2.844440,0.015856,0.217414,0.639027,0.639027,28.527277,400.000000,18.229704,75.908569,0.189771,400.000000,1.146336,0.872345,0.341231,41.371374,0.639027,18.229704,28.527277,18.000000,28.000000,33.286634,33.286634,400.000000,18.229704,1.146336,0.872345,75.908569,0.189771,400.000000
"cc5ad19d-813d-46c3-a5ac-15a863c4dc65","Detection","nuclei_endothelium",724.173340,391.053345,94.000000,122.000000,268258.000000,1.308502,15.000000,2.970302,132.000000,105.166667,8.763889,105.000000,91.000000,41.000000,6.700000,105.723302,0.785043,10.834615,268258.000000,0.440972,117.388889,3.059701,2.652442,0.174795,1.132992,0.373134,0.504511,0.373134,0.953048,0.233905,0.813433,0.813433,0.962687,0.906716,-0.181502,0.000000,0.373134,1.694030,0.227779,2.385046,0.343284,3.388060,2.011912,0.376532,3.288320,5.083333,0.211806,1.000000,2.416667,10.583333,0.373264,3.291667,22.666667,62.208333,13.151620,0.519676,0.080977,0.372174,0.031326,9.434783,0.410208,0.431002,3.608696,6.260870,19.826087,3.159420,0.492754,3.142065,7.173913,0.311909,0.958333,1.905482,0.557597,2.243973,0.244698,1.000000,0.333333,0.666667,4.666667,84.666667,264.333333,41.231481,0.453704,1.000000,0.333333,0.089421,0.762005,0.013868,1.584963,0.125000,20.666667,0.932679,0.321654,0.947018,0.040746,0.858831,0.813407,0.813407,6.469018,25.000000,5.261942,20.458757,0.818350,25.000000,1.332320,0.750570,0.152421,8.254573,0.813407,5.261942,6.469018,6.000000,8.000000,10.000000,10.000000,25.000000,5.261942,1.332320,0.750570,20.458757,0.818350,25.000000
"8b2668fb-5ffa-4b10-a676-58cf65365be8","Detection","nuclei_tumor",166.160370,400.203552,84.000000,115.000000,5646279.000000,1.167635,17.000000,2.880002,142.000000,99.691071,9.579050,100.000000,74.000000,68.000000,6.850775,100.412355,0.256910,12.013798,5646279.000000,0.472966,144.331349,6.520764,1.630988,0.179329,0.968603,0.177566,0.690158,0.176611,0.676304,0.146374,0.911854,0.911790,0.989572,0.964710,-0.362912,0.000000,0.175776,2.514558,0.346848,1.837696,0.421002,5.029117,1.656242,0.286542,3.536471,122.667857,0.219050,1.000000,3.890867,264.860714,0.304461,6.816071,55.217857,351.151786,10.216704,0.176873,0.039625,0.340424,0.007527,98.187773,0.428768,0.411815,8.004367,47.196507,281.196507,9.266012,0.159874,4.491785,30.109170,0.131481,0.408929,23.276291,0.317189,2.933614,0.051681,5.800000,0.386667,1.128889,9.733333,9400.400000,63777.133333,1623.561574,0.203241,3.933333,0.262222,0.506835,5.338456,0.121848,3.240224,0.026786,8006.622222,4.104158,0.022855,1.207260,0.009177,0.122997,0.512865,0.512865,37.659642,556.000000,19.314324,95.531919,0.171820,556.000000,1.306208,0.765575,0.335952,40.101115,0.512865,19.314324,37.659642,35.000000,26.000000,43.600459,43.600459,556.000000,19.314324,1.306208,0.765575,95.531919,0.171820,556.000000
"5f7d183d-2b44-48b7-ba6d-c8700adff83e","Detection","nuclei_histiocyte",645.527649,395.728912,77.000000,113.000000,2602075.000000,1.340936,24.000000,2.164626,130.000000,94.318182,12.258741,92.000000,64.000000,66.000000,9.803495,95.384298,0.182282,14.221284,2602075.000000,0.446721,202.244914,5.647793,3.755198,0.028841,1.215782,0.253359,0.655092,0.251440,0.821124,0.190137,0.874600,0.874472,0.985130,0.949776,-0.297107,0.000000,0.249760,2.325336,0.290168,2.251914,0.447217,4.650672,1.992235,0.367285,3.961492,43.615385,0.152501,1.000000,4.213556,127.762238,0.376840,5.832168,45.965035,264.286713,10.170794,0.243104,0.040729,0.296280,0.010419,59.886076,0.379026,0.525116,6.158228,22.379747,133.139241,4.826565,0.267317,4.325120,26.417722,0.167201,0.552448,9.273514,0.374135,2.729200,0.100455,2.000000,0.250000,1.250000,7.500000,3285.250000,18603.500000,683.925347,0.355903,1.000000,0.125000,0.143374,2.233179,0.012385,3.000000,0.027972,2007.187500,3.057318,0.038848,1.433849,0.014691,0.197769,0.574632,0.574632,25.715407,286.500000,14.776897,68.891569,0.240459,286.500000,1.318250,0.758582,0.282684,28.392484,0.574632,14.776897,25.715407,23.000000,19.000000,29.832868,29.832868,286.500000,14.776897,1.318250,0.758582,68.891569,0.240459,286.500000
"9fa6e4ef-e818-411b-808e-849dcfe678d6","Detection","nuclei_histiocyte",700.347656,397.590759,88.000000,138.000000,2040113.000000,1.718665,25.000000,2.579730,151.000000,114.414474,14.745672,116.000000,67.000000,84.000000,11.106198,115.852475,-0.318138,18.196820,2040113.000000,0.343057,331.124264,10.145251,11.398418,-1.020889,2.064362,0.540037,0.585288,0.484171,1.146069,0.305615,0.767225,0.763501,0.979674,0.920635,-0.173773,0.000000,0.435289,3.124767,0.146259,3.130903,0.245810,6.249534,2.519915,0.651100,4.205808,25.592105,0.168369,1.000000,2.909280,52.144737,0.654735,10.256579,26.355263,289.953947,3.184306,0.144715,0.077932,0.859540,0.012001,47.265734,0.330530,0.724143,10.062937,7.076923,75.342657,0.904674,0.155111,3.730224,43.657343,0.305296,0.940789,2.557582,0.538935,5.522424,0.085870,3.307692,0.254438,1.230769,10.230769,340.307692,3969.000000,34.439658,0.201795,1.461538,0.112426,0.199969,3.147749,0.018846,3.392747,0.085526,203.597633,1.125980,0.057395,3.650195,0.024420,0.469994,0.649404,0.649404,17.485699,151.500000,11.355288,46.931607,0.309780,151.500000,1.156933,0.864354,0.265852,25.112004,0.649404,11.355288,17.485699,14.000000,16.000000,21.260292,21.260292,151.500000,11.355288,1.156933,0.864354,46.931607,0.309780,151.500000
"e6db2062-34cc-49a3-950e-b5f4d98b2a87","Detection","nuclei_lymphocyte",676.027100,410.957153,55.000000,90.000000,1684073.000000,1.121801,18.000000,2.491901,104.000000,69.882883,10.916322,68.000000,45.000000,59.000000,8.289252,71.114529,0.607265,13.177972,1684073.000000,0.531297,173.658956,5.272727,2.133031,0.695685,0.797940,0.206169,0.589350,0.206169,0.734095,0.163663,0.896916,0.896916,0.987872,0.958766,-0.259756,0.000000,0.206169,2.263799,0.429245,1.778864,0.623377,4.527597,1.572695,0.251027,3.134498,68.321321,0.205169,1.000000,4.446555,176.921922,0.292256,5.708709,51.696697,247.996997,11.857837,0.215611,0.040898,0.369973,0.007912,62.552632,0.411530,0.483899,7.618421,41.157895,189.986842,9.670687,0.192663,4.092508,27.065789,0.178064,0.456456,21.959661,0.380856,3.597301,0.070193,3.444444,0.382716,1.555556,10.555556,6540.555556,31728.111111,1481.672068,0.297068,2.333333,0.259259,0.429026,6.262455,0.064431,2.419382,0.027027,5171.555556,2.915267,0.036079,1.267418,0.009896,0.185890,0.900833,0.900833,21.752984,338.500000,19.595797,66.617578,0.196802,338.500000,1.043300,0.958497,0.351237,43.833203,0.900833,19.595797,21.752984,22.000000,20.000000,29.732137,29.732137,338.500000,19.595797,1.043300,0.958497,66.617578,0.196802,338.500000
"bd393f64-451e-498d-8e34-5808f54762ab","Detection","nuclei_tumor",103.080620,420.593414,75.000000,111.000000,14701790.000000,1.274237,21.000000,2.711926,137.000000,91.567347,11.288763,89.000000,67.000000,70.000000,8.514838,92.587647,0.629116,13.707417,14701790.000000,0.498840,187.893278,5.006792,4.297019,0.477160,1.130348,0.161509,0.749958,0.161509,0.637908,0.135424,0.919245,0.919245,0.990499,0.967698,-0.431666,0.000000,0.161509,2.182792,0.405600,1.925079,0.602415,4.365585,1.763570,0.322964,3.337363,465.130612,0.271213,1.000000,3.206956,855.510787,0.346126,5.253061,59.129446,289.319534,15.177527,0.266383,0.029098,0.193338,0.009170,185.086022,0.331695,0.680454,6.353047,82.860215,381.351254,20.739944,0.298250,5.159043,58.767025,0.105317,0.325364,45.075179,0.248439,1.895566,0.085673,7.869565,0.342155,1.776938,9.043478,62369.173913,284852.391304,14927.158816,0.405193,5.173913,0.224953,0.466164,4.178484,0.200310,3.480084,0.013411,56809.202268,11.873406,0.009489,0.977182,0.009302,0.048520,0.718303,0.718303,55.383011,1718.000000,39.781766,154.406430,0.089876,1718.000000,1.104327,0.905529,0.505185,90.678128,0.718303,39.781766,55.383011,56.000000,40.000000,68.818602,68.818602,1718.000000,39.781766,1.104327,0.905529,154.406430,0.089876,1718.000000
"5d2f0637-665b-4e07-b525-a24c8225a7fd","Detection","nuclei_endothelium",703.796326,416.512573,67.000000,103.000000,1702685.000000,1.381103,16.000000,5.353023,149.000000,83.133891,10.804573,81.000000,56.000000,93.000000,7.061901,84.405006,1.199127,14.593189,1702685.000000,0.452706,212.961153,3.556069,4.132668,0.335730,1.171217,0.368786,0.521058,0.338728,0.996091,0.254049,0.835645,0.833642,0.978837,0.933256,-0.178874,0.000000,0.312428,1.831792,0.262048,2.440620,0.449711,3.663584,2.024333,0.385001,4.078059,34.539749,0.144518,1.000000,3.976506,108.196653,0.414138,3.912134,38.732218,140.054393,16.351900,0.432793,0.067219,0.468709,0.020654,63.047337,0.373061,0.590456,4.449704,13.431953,50.177515,5.213264,0.428090,3.973417,36.952663,0.218655,0.707113,5.432093,0.436172,2.418232,0.153876,3.857143,0.275510,1.250000,7.500000,1600.071429,6204.071429,471.499504,0.374504,3.142857,0.224490,0.451231,5.174622,0.052896,3.324863,0.058577,1308.637755,3.603663,0.038967,2.016369,0.020859,0.228242,0.606510,0.606510,22.713773,245.500000,13.776131,60.688335,0.247203,245.500000,1.193848,0.837627,0.292967,30.495776,0.606510,13.776131,22.713773,19.000000,19.000000,26.870058,26.870058,245.500000,13.776131,1.193848,0.837627,60.688335,0.247203,245.500000
"f2afea40-b544-4db2-b215-094c0ce69849","Detection","nuclei_tumor",203.010208,431.366089,115.000000,155.000000,17605177.000000,1.571682,23.000000,3.336479,175.000000,135.744161,12.941023,137.000000,81.000000,94.000000,9.428711,136.708257,-0.562544,16.207104,17605177.000000,0.393415,262.670215,9.089211,11.079788,-1.142341,1.887857,0.270979,0.748959,0.267076,0.851014,0.199649,0.867113,0.866853,0.989609,0.955580,-0.367100,0.000000,0.263660,2.947031,0.238035,2.583223,0.424310,5.894062,2.299460,0.539709,4.286678,153.836518,0.163308,1.000000,3.465721,370.596603,0.531688,9.247346,46.980892,423.612527,7.339937,0.154000,0.040390,0.424075,0.005513,178.612121,0.360833,0.589638,9.686869,22.739394,203.361616,3.462928,0.148590,4.663675,71.420202,0.144283,0.525478,8.253297,0.304743,3.203952,0.038869,7.608696,0.330813,0.907372,11.826087,13371.478261,116571.521739,1693.277705,0.147572,3.956522,0.172023,0.402116,5.419895,0.039754,4.001823,0.024416,11694.041588,4.883117,0.012417,2.460694,0.012767,0.112029,0.651987,0.651987,43.927821,946.500000,28.640371,119.726989,0.126494,946.500000,1.205185,0.829748,0.407622,59.036068,0.651987,28.640371,43.927821,37.000000,40.000000,54.488531,54.488531,946.500000,28.640371,1.205185,0.829748,119.726989,0.126494,946.500000
"41666fad-8a19-4439-b7d9-4649c621cad6","Detection","nuclei_histiocyte",480.370056,427.985626,80.000000,121.000000,8002741.000000,1.505676,23.000000,2.850664,152.000000,98.602996,13.402423,97.000000,56.000000,96.000000,9.741754,99.954678,0.355074,16.382512,8002741.000000,0.406494,268.386708,6.379390,8.297872,0.749713,1.702538,0.229406,0.762513,0.225468,0.782775,0.178570,0.887923,0.887660,0.991208,0.962516,-0.400092,0.000000,0.222022,2.451756,0.277539,2.408224,0.432885,4.903512,2.166315,0.482986,4.056021,148.802747,0.185771,1.000000,3.986471,325.601748,0.481274,6.579276,51.701623,313.325843,11.432773,0.219914,0.040104,0.322566,0.009439,120.265537,0.339733,0.669101,7.675141,37.768362,223.406780,8.136094,0.217936,4.877847,47.779661,0.134971,0.441948,17.288902,0.330180,2.990130,0.064907,5.095238,0.242630,1.324263,8.952381,11158.714286,63753.904762,2286.740661,0.291918,4.238095,0.201814,0.396404,3.679859,0.130251,3.880180,0.026217,9703.836735,4.510821,0.017074,2.187602,0.010089,0.164531,0.805113,0.805113,35.860992,812.500000,28.872149,104.973326,0.129198,812.500000,1.079257,0.926564,0.426216,64.544945,0.805113,28.872149,35.860992,34.000000,28.000000,44.045431,44.045431,812.500000,28.872149,1.079257,0.926564,104.973326,0.129198,812.500000
"54ce18c5-9d35-4378-b0cb-0828b0283c6b","Detection","nuclei_histiocyte",810.291748,428.404480,71.000000,128.000000,4161490.000000,1.931554,37.000000,2.228385,153.000000,96.763033,19.112733,92.000000,57.000000,96.000000,15.027109,99.304334,0.519753,22.321875,4161490.000000,0.294221,498.266122,6.165922,24.783031,2.580193,3.152083,0.351627,0.799283,0.347798,0.947446,0.230664,0.826739,0.826484,0.986506,0.942125,-0.377860,0.000000,0.344448,2.337907,0.158764,3.072204,0.312061,4.675814,2.711370,0.875927,4.645886,65.265403,0.154657,1.000000,3.292581,124.161137,0.927298,6.689573,37.606635,223.827014,12.005176,0.312266,0.053923,0.501936,0.013316,73.855124,0.260972,1.088714,7.579505,13.399293,81.780919,4.234215,0.296803,4.600320,54.109541,0.191200,0.670616,4.504988,0.373418,3.507393,0.090160,4.333333,0.240741,1.496914,10.833333,2293.444444,10864.166667,674.160077,0.253287,2.444444,0.135802,0.325332,4.064525,0.048454,3.947703,0.042654,1743.802469,3.909028,0.029336,2.978430,0.028091,0.257103,0.603792,0.603792,30.394951,417.000000,18.352217,79.892252,0.191588,417.000000,1.218045,0.820988,0.329461,38.566523,0.603792,18.352217,30.394951,28.000000,22.000000,35.608988,35.608988,417.000000,18.352217,1.218045,0.820988,79.892252,0.191588,417.000000
"d3fc7c20-19c6-4891-8c8b-3dae34feabc5","Detection","nuclei_histiocyte",980.596008,425.635071,69.000000,134.000000,2667414.000000,2.028665,37.000000,2.904129,164.000000,96.490706,20.134548,92.000000,58.000000,106.000000,15.126370,99.579301,0.746017,24.608551,2667414.000000,0.273476,605.580769,5.753862,33.378404,3.690850,3.429781,0.474768,0.756813,0.429454,1.100943,0.290337,0.792825,0.789804,0.982100,0.929503,-0.308835,0.000000,0.389804,2.239444,0.136598,3.293198,0.258496,4.478888,2.776973,0.976137,4.742713,34.263941,0.127375,1.000000,4.671107,73.565056,1.103523,6.605948,32.576208,148.702602,14.835363,0.355370,0.079496,0.857575,0.017240,55.149780,0.242951,1.277339,8.665198,9.462555,45.700441,4.324838,0.267405,4.205561,66.427313,0.292631,0.843866,3.845446,0.548905,5.886752,0.110170,4.111111,0.228395,1.533951,12.277778,934.055556,4393.388889,339.449907,0.204969,2.777778,0.154321,0.338731,5.129235,0.038975,3.836592,0.066914,710.719136,3.552644,0.041421,3.276317,0.039887,0.363218,0.402845,0.402845,29.358120,269.000000,11.826763,71.849823,0.267100,269.000000,1.527177,0.654803,0.249195,22.063776,0.402845,11.826763,29.358120,27.000000,18.000000,32.449961,32.449961,269.000000,11.826763,1.527177,0.654803,71.849823,0.267100,269.000000
"5f35829e-d900-43f9-a1e8-cd6b513379a4","Detection","nuclei_endothelium",716.615784,431.319702,72.000000,119.000000,2226614.000000,1.702429,30.000000,2.254981,140.000000,96.510823,15.178951,98.000000,54.000000,86.000000,11.811203,98.178519,0.035811,18.018956,2226614.000000,0.342928,324.682783,6.220238,11.519650,-0.260363,2.194999,0.365476,0.714525,0.358333,0.967069,0.237073,0.822024,0.821548,0.978627,0.928571,-0.300574,0.000000,0.352083,2.400595,0.174814,2.893948,0.286905,4.801190,2.512131,0.640119,4.373335,36.047619,0.156050,1.000000,3.269167,79.216450,0.637020,6.367965,35.675325,234.913420,9.122625,0.283159,0.054827,0.389756,0.014071,53.710843,0.323559,0.712730,6.289157,12.060241,78.927711,2.970131,0.299992,4.176316,36.602410,0.220496,0.718615,4.314414,0.389769,2.607986,0.106126,2.818182,0.256198,1.140496,8.090909,1288.272727,7695.545455,291.059975,0.297348,1.545455,0.140496,0.291584,2.837467,0.042658,3.459432,0.047619,847.272727,2.949950,0.045474,1.656658,0.032260,0.216356,0.714360,0.714360,20.356785,232.500000,14.542077,56.534289,0.243158,232.500000,1.093934,0.914132,0.308589,33.834712,0.714360,14.542077,20.356785,17.000000,19.000000,25.495098,25.495098,232.500000,14.542077,1.093934,0.914132,56.534289,0.243158,232.500000
"f9f630c6-80cd-479b-9847-329b47d594bf","Detection","nuclei_endothelium",640.402466,433.517731,50.000000,96.000000,527871.000000,1.573064,28.000000,2.719842,121.000000,71.536082,14.976087,70.000000,44.000000,77.000000,11.804878,73.769703,0.583360,18.015493,527871.000000,0.388670,324.557976,5.734139,6.773786,0.947194,1.492611,0.456193,0.531822,0.432024,1.060467,0.269548,0.788016,0.786405,0.973592,0.914401,-0.163260,0.000000,0.410876,2.339879,0.214205,2.744599,0.395770,4.679758,2.263195,0.487201,3.889077,14.752577,0.152088,1.000000,4.018918,37.701031,0.536508,6.556701,28.608247,149.175258,6.693872,0.232245,0.084883,0.804725,0.018120,29.454545,0.334711,0.685950,7.636364,7.431818,41.000000,1.751263,0.229482,3.569742,26.204545,0.297779,0.907216,2.571798,0.540223,4.607863,0.124508,2.555556,0.283951,1.283951,9.000000,338.555556,1724.888889,76.439815,0.307870,1.444444,0.160494,0.289196,3.901912,0.052051,2.947703,0.092784,222.395062,1.483214,0.092371,1.896667,0.031082,0.424383,0.609403,0.609403,14.462681,94.000000,8.813607,39.177287,0.416780,94.000000,1.299364,0.769607,0.216273,16.619005,0.609403,8.813607,14.462681,9.000000,16.000000,18.357560,18.357560,94.000000,8.813607,1.299364,0.769607,39.177287,0.416780,94.000000
"7c94d79f-a408-43ac-87a9-e487c4af8741","Detection","nuclei_tumor",25.563145,436.770538,65.000000,110.000000,3543330.000000,1.601876,24.000000,2.853327,140.000000,85.421842,13.975203,82.000000,58.000000,82.000000,10.592357,87.105857,0.696147,17.045216,3543330.000000,0.363700,290.539394,3.798939,8.988173,1.128282,1.843266,0.293042,0.725655,0.293042,0.872619,0.207169,0.853479,0.853479,0.982762,0.941392,-0.336152,0.000000,0.293042,1.846993,0.218549,2.571046,0.349646,3.693986,2.278004,0.534077,4.092967,76.259101,0.163296,1.000000,3.726983,169.847966,0.575820,4.256959,41.364026,137.691649,22.261599,0.452980,0.043970,0.280967,0.013799,93.144928,0.337482,0.650126,5.471014,24.623188,78.731884,14.298007,0.348858,4.244678,50.992754,0.184756,0.591006,13.171340,0.372576,2.671222,0.089373,3.545455,0.322314,1.057851,9.000000,6957.000000,24952.000000,3042.195707,0.272096,1.727273,0.157025,0.241973,2.278093,0.034611,3.095795,0.023555,5154.611570,7.230381,0.023993,1.628431,0.025198,0.141178,0.287441,0.287441,51.205990,468.500000,14.718707,115.903463,0.247393,468.500000,2.281778,0.438255,0.211831,15.943451,0.287441,14.718707,51.205990,46.000000,21.000000,50.566788,50.566788,468.500000,14.718707,2.281778,0.438255,115.903463,0.247393,468.500000
"014ef0fe-1688-4c85-9488-3c75c32d90fd","Detection","nuclei_tumor",249.865631,441.441864,88.000000,125.000000,1425546.000000,1.602980,23.000000,2.866377,151.000000,105.190476,12.840514,104.000000,69.000000,82.000000,9.253364,106.366617,0.181393,15.774057,1425546.000000,0.381078,248.820862,7.214932,6.428058,0.145626,1.540637,0.445701,0.551233,0.400452,1.072923,0.285339,0.806750,0.804299,0.983294,0.934295,-0.186970,0.000000,0.366202,2.634615,0.196925,2.791402,0.314480,5.269231,2.295114,0.496585,4.288928,16.968254,0.134669,1.000000,4.211388,48.015873,0.543966,7.825397,32.825397,236.158730,5.813479,0.184070,0.079231,0.884284,0.011903,35.096154,0.337463,0.696746,8.365385,9.153846,69.769231,1.568210,0.190406,3.933425,27.865385,0.267936,0.825397,3.282544,0.513496,4.776589,0.092122,2.800000,0.280000,1.210000,12.100000,431.200000,2874.600000,78.277611,0.187333,1.800000,0.180000,0.357897,5.829480,0.030866,3.121928,0.079365,272.440000,1.023815,0.069140,3.460698,0.019253,0.590852,0.894664,0.894664,13.490984,129.000000,12.069900,42.209486,0.327205,129.000000,1.099058,0.909870,0.265399,25.026586,0.894664,12.069900,13.490984,14.000000,14.000000,19.798990,19.798990,129.000000,12.069900,1.099058,0.909870,42.209486,0.327205,129.000000
"c3aef48d-dd49-4dab-8d49-e72b5b0f6c30","Detection","nuclei_endothelium",605.801208,452.638428,79.000000,124.000000,4411095.000000,1.531591,24.000000,2.810422,147.000000,99.636574,13.555363,98.000000,63.000000,84.000000,9.795455,101.048840,0.478249,16.835117,4411095.000000,0.395876,283.421162,6.507769,7.280054,1.093404,1.622868,0.368552,0.629860,0.352393,0.984142,0.244371,0.826497,0.825420,0.978606,0.930060,-0.232967,0.000000,0.338254,2.488813,0.221969,2.661859,0.383468,4.977626,2.257139,0.497855,4.252879,60.101852,0.139125,1.000000,3.972715,171.018519,0.518176,6.861111,38.597222,242.555556,7.798611,0.209394,0.055913,0.417798,0.017776,94.595745,0.335446,0.661838,7.510638,15.290780,93.815603,3.228034,0.222296,4.306906,55.815603,0.197928,0.652778,5.903727,0.421461,3.409154,0.107732,4.764706,0.280277,1.543253,7.647059,2766.823529,14832.705882,595.312092,0.426879,2.411765,0.141869,0.311870,2.116349,0.198405,3.572469,0.039352,2121.065744,5.511355,0.024133,1.621878,0.024794,0.114077,0.610155,0.610155,30.136192,431.000000,18.387745,78.571379,0.182300,431.000000,1.139834,0.877321,0.349145,43.312553,0.610155,18.387745,30.136192,18.000000,30.000000,34.985711,34.985711,431.000000,18.387745,1.139834,0.877321,78.571379,0.182300,431.000000
"0c4999ba-86be-40fb-97e5-8ac7f5325288","Detection","nuclei_tumor",345.780365,448.465118,89.000000,113.000000,648455.000000,0.951412,11.000000,2.597517,118.000000,101.887097,7.084287,102.000000,80.000000,38.000000,5.217224,102.269016,-0.270893,8.830126,648455.000000,0.533299,77.971124,2.688442,0.776852,-0.245482,0.716346,0.241206,0.496203,0.241206,0.797040,0.183026,0.879397,0.879397,0.951759,0.919598,-0.187940,0.000000,0.241206,1.603015,0.338199,1.756175,0.482412,3.206030,1.514969,0.239388,3.642902,10.387097,0.167534,1.000000,3.305931,33.064516,0.233351,2.887097,37.774194,109.919355,19.737903,0.528226,0.054238,0.168386,0.025701,22.906977,0.532720,0.233640,2.883721,10.883721,32.372093,5.511628,0.529070,3.311481,8.674419,0.201731,0.693548,2.567875,0.313078,0.926962,0.159607,2.000000,0.500000,0.250000,2.500000,463.500000,1547.250000,192.562500,0.625000,1.000000,0.250000,0.278576,1.029095,0.090946,2.000000,0.064516,223.250000,4.190184,0.134514,0.239813,0.054856,0.137221,0.461795,0.461795,13.475539,64.500000,6.222943,33.476033,0.519008,64.500000,1.382606,0.723272,0.187881,12.542088,0.461795,6.222943,13.475539,11.000000,10.000000,14.866069,14.866069,64.500000,6.222943,1.382606,0.723272,33.476033,0.519008,64.500000
"0b2d36f6-bd44-47bb-80d2-f3d49b1bbed5","Detection","nuclei_lymphocyte",551.700745,450.496918,55.000000,92.000000,1259529.000000,1.241712,14.000000,4.022595,116.000000,70.784232,11.017717,68.000000,48.000000,68.000000,6.847916,72.292886,1.116396,14.691966,1259529.000000,0.534237,215.853859,5.304447,6.372890,1.585917,1.136761,0.338655,0.540937,0.309008,0.958803,0.243169,0.850437,0.848461,0.980602,0.939187,-0.182552,0.000000,0.283067,2.259407,0.399967,2.116792,0.613455,4.518814,1.769471,0.368854,3.461815,34.850622,0.144608,1.000000,5.869217,128.751037,0.405227,5.746888,43.531120,194.095436,10.837022,0.230521,0.070104,0.635080,0.013810,54.592105,0.359159,0.584314,7.578947,20.855263,95.013158,5.096308,0.203902,3.869009,37.513158,0.246797,0.630705,10.799688,0.502675,4.566762,0.087470,7.222222,0.401235,0.777778,9.777778,1598.944444,6569.833333,397.016975,0.204090,2.666667,0.148148,0.337753,3.771273,0.080031,3.530493,0.074689,1419.682099,2.562359,0.043828,1.542307,0.017918,0.211564,0.864620,0.864620,19.024283,244.500000,16.448781,57.045196,0.233314,244.500000,1.059130,0.944171,0.320166,36.421083,0.864620,16.448781,19.024283,19.000000,16.000000,24.839485,24.839485,244.500000,16.448781,1.059130,0.944171,57.045196,0.233314,244.500000
"566f6949-3782-4bdf-8b0e-96ba11719bfc","Detection","nuclei_endothelium",621.441406,455.059113,94.000000,123.000000,2020628.000000,0.885038,13.000000,2.625750,129.000000,110.206061,8.083232,112.000000,85.000000,44.000000,6.171523,110.662687,-0.495278,10.042635,2020628.000000,0.658916,100.854509,3.559585,1.396778,-0.447193,0.599503,0.188256,0.522047,0.181347,0.700023,0.155369,0.910478,0.910017,0.981493,0.955009,-0.241809,0.000000,0.175302,1.859240,0.507338,1.581229,0.696028,3.718480,1.371900,0.196940,3.316785,29.193939,0.176933,1.000000,4.201506,108.721212,0.191368,3.721212,50.030303,181.115152,17.467845,0.366835,0.053034,0.327428,0.013616,37.987342,0.480852,0.351867,4.151899,28.860759,108.455696,9.215190,0.380802,4.029375,11.354430,0.143727,0.478788,11.411633,0.328698,1.850583,0.095906,3.857143,0.551020,0.530612,7.142857,2557.571429,9927.142857,717.242063,0.257937,2.714286,0.387755,0.587506,5.285944,0.065454,1.664498,0.042424,2001.959184,2.035979,0.084069,0.504945,0.011025,0.183625,0.427787,0.427787,22.611413,163.500000,9.672859,53.998494,0.330266,163.500000,1.419174,0.704635,0.232472,19.201844,0.427787,9.672859,22.611413,10.000000,23.000000,25.079872,25.079872,163.500000,9.672859,1.419174,0.704635,53.998494,0.330266,163.500000
"00c4bb01-93ac-4ed9-8d92-d5b4e95b5e43","Detection","nuclei_tumor",306.446869,461.160889,85.000000,116.000000,12315866.000000,1.307076,16.000000,3.113732,135.000000,99.625205,9.740189,99.000000,60.000000,75.000000,6.795192,100.391484,0.104320,12.380173,12315866.000000,0.448771,153.268694,6.349828,3.955624,0.185921,1.178405,0.237737,0.664247,0.237737,0.791256,0.181218,0.881132,0.881132,0.986015,0.952453,-0.316009,0.000000,0.237737,2.472784,0.289361,2.177910,0.398021,4.945568,1.940173,0.354036,3.950024,213.199673,0.174468,1.000000,3.520849,548.397709,0.361122,6.545827,49.743044,314.922259,9.916490,0.199758,0.037188,0.291850,0.006524,235.366843,0.415109,0.436985,6.985891,30.768959,193.188713,6.076230,0.199319,4.673661,71.980600,0.126950,0.463993,12.189363,0.280476,2.237418,0.049501,10.407407,0.385460,0.661180,9.222222,14082.962963,97430.703704,2395.957047,0.186728,4.185185,0.155007,0.373830,4.010487,0.041368,3.824539,0.022095,12034.562414,12.951885,0.008013,1.511860,0.014313,0.044359,0.341001,0.341001,70.013734,1214.000000,23.874752,158.977607,0.130954,1214.000000,1.656698,0.603610,0.341696,41.484120,0.341001,23.874752,70.013734,62.000000,32.000000,69.771054,69.771054,1214.000000,23.874752,1.656698,0.603610,158.977607,0.130954,1214.000000
"cc5f1929-b524-455a-9300-6602ff0677ae","Detection","nuclei_endothelium",634.846558,455.343109,64.000000,114.000000,1238922.000000,1.649533,16.000000,3.321716,132.000000,82.285714,13.454694,79.000000,48.000000,84.000000,9.173676,84.140087,0.957399,17.567456,1238922.000000,0.358759,308.615510,7.779051,8.360819,1.408749,1.663512,0.536825,0.512052,0.477905,1.149113,0.308432,0.770867,0.766939,0.979822,0.921752,-0.138048,0.000000,0.426350,2.738134,0.173727,2.902124,0.252046,5.476268,2.308414,0.550084,4.215413,24.851429,0.142008,1.000000,4.046498,62.782857,0.629420,8.565714,27.582857,195.068571,4.834181,0.159317,0.092250,1.132335,0.015680,49.012821,0.314185,0.788420,9.826923,8.538462,66.128205,1.410840,0.149076,3.783933,50.358974,0.322814,0.891429,3.504767,0.575734,6.451252,0.079651,3.400000,0.226667,1.688889,12.800000,473.533333,3863.533333,66.093667,0.178722,2.333333,0.155556,0.327546,5.859166,0.081251,3.323231,0.085714,337.422222,1.634048,0.047220,3.897304,0.024464,0.391487,0.358431,0.358431,25.330101,170.500000,9.079090,58.767013,0.344675,170.500000,1.611881,0.620393,0.213525,16.199451,0.358431,9.079090,25.330101,11.000000,25.000000,27.313001,27.313001,170.500000,9.079090,1.611881,0.620393,58.767013,0.344675,170.500000
"cf8f3915-c9bd-4593-a7ab-daedb9a60e2b","Detection","nuclei_histiocyte",840.670410,463.245697,64.000000,115.000000,3753355.000000,1.646868,29.000000,2.214462,137.000000,89.782511,15.760673,89.000000,51.000000,86.000000,12.165660,91.736548,0.057586,18.833344,3753355.000000,0.342607,354.694851,4.943134,9.319392,0.108540,2.091535,0.395644,0.681853,0.360557,1.027574,0.265643,0.825570,0.823230,0.977346,0.929058,-0.269075,0.000000,0.329855,2.125832,0.171375,2.873328,0.278887,4.251664,2.426598,0.621795,4.422997,67.408072,0.151139,1.000000,3.601922,152.802691,0.606955,5.096413,38.058296,193.746637,14.350072,0.376448,0.052157,0.304619,0.017846,103.635452,0.346607,0.619993,5.187291,14.602007,75.826087,5.212235,0.365083,4.284148,59.795987,0.199987,0.670404,5.702061,0.405883,2.236546,0.127010,5.250000,0.328125,1.250000,7.500000,3383.000000,17120.937500,857.649740,0.388455,2.125000,0.132813,0.301850,2.449584,0.087821,3.577820,0.035874,2605.984375,6.519666,0.024037,1.787571,0.029995,0.121125,0.496813,0.496813,34.534768,447.000000,17.157338,86.330112,0.193132,447.000000,1.326805,0.753690,0.314405,35.122103,0.496813,17.157338,34.534768,18.000000,34.000000,38.470768,38.470768,447.000000,17.157338,1.326805,0.753690,86.330112,0.193132,447.000000
"ad9796d5-9972-4dcc-9d53-26cd53e9eb06","Detection","nuclei_endothelium",701.050964,460.661774,75.000000,126.000000,4625827.000000,1.717635,28.000000,2.460026,148.000000,101.321839,15.852134,102.000000,56.000000,92.000000,11.842888,103.121700,-0.035224,19.182544,4625827.000000,0.341736,367.969983,7.004938,12.676758,-0.207349,2.261036,0.339506,0.738896,0.320988,0.955291,0.236473,0.842593,0.841358,0.980356,0.936420,-0.329493,0.000000,0.304784,2.554321,0.186828,2.875545,0.306173,5.108642,2.495856,0.650136,4.515321,62.558621,0.143813,1.000000,3.940336,148.655172,0.646564,7.193103,41.473563,295.675862,9.194381,0.237165,0.047307,0.371875,0.011107,88.410072,0.318022,0.729828,7.215827,16.539568,116.115108,3.525679,0.253897,4.508372,53.510791,0.192485,0.639080,6.745821,0.395758,2.783425,0.101116,3.857143,0.275510,1.168367,8.928571,3753.928571,27294.785714,668.352183,0.260417,1.571429,0.112245,0.252011,3.123418,0.030747,3.664498,0.032184,2788.494898,4.622932,0.027856,1.436622,0.029268,0.128654,0.602037,0.602037,30.630041,441.500000,18.440407,80.135047,0.181506,441.500000,1.157456,0.863964,0.347234,42.839688,0.602037,18.440407,30.630041,25.000000,25.000000,35.355339,35.355339,441.500000,18.440407,1.157456,0.863964,80.135047,0.181506,441.500000
"1f2c67a0-d541-4de9-b80b-95a60ed3c0b8","Detection","nuclei_histiocyte",749.600159,460.543030,56.000000,113.000000,3522495.000000,1.908494,36.000000,2.663874,156.000000,83.103376,19.253672,82.000000,44.000000,112.000000,14.815411,86.205708,0.485853,22.918399,3522495.000000,0.303335,525.253027,8.451777,23.679582,2.554769,3.093907,0.358150,0.792501,0.337845,0.975808,0.244010,0.834320,0.833108,0.990413,0.952092,-0.371965,0.000000,0.321411,2.787084,0.181313,3.032033,0.340666,5.574168,2.639138,0.863014,4.471534,66.392405,0.140068,1.000000,4.623832,143.780591,0.916382,9.040084,40.928270,301.727848,7.912819,0.180562,0.060821,0.838271,0.008294,82.291803,0.269809,1.076549,11.232787,19.475410,137.875410,3.895494,0.162015,4.497383,67.426230,0.221070,0.643460,9.814523,0.456422,6.218584,0.059128,5.083333,0.211806,1.993056,14.833333,2459.416667,16543.958333,466.737488,0.198796,3.833333,0.159722,0.374605,7.225034,0.035433,4.053509,0.050633,2069.354167,2.269496,0.028872,4.129042,0.017434,0.377498,0.652959,0.652959,30.486290,478.500000,19.906311,81.595550,0.170524,478.500000,1.107238,0.903148,0.366275,47.666892,0.652959,19.906311,30.486290,25.000000,27.000000,36.796739,36.796739,478.500000,19.906311,1.107238,0.903148,81.595550,0.170524,478.500000
"18ca5189-7a0d-4954-b5a2-121bf3ccc349","Detection","nuclei_tumor",416.014221,466.367828,64.000000,124.000000,10065092.000000,1.939807,37.000000,2.173801,154.000000,92.622061,19.264613,92.000000,43.000000,111.000000,15.080014,95.396252,0.256938,22.838533,10065092.000000,0.277961,521.598573,10.847635,27.905432,1.955688,3.649156,0.239363,0.876887,0.238412,0.796541,0.182523,0.880952,0.880889,0.993535,0.965958,-0.513456,0.000000,0.237580,3.161517,0.178574,2.880049,0.269313,6.323033,2.636764,0.972130,4.379885,198.524412,0.179498,1.000000,3.678692,307.424955,0.967666,11.200723,49.884268,492.162749,7.465123,0.133039,0.037498,0.560422,0.003877,159.230624,0.301003,0.862247,13.559546,32.888469,281.017013,5.615820,0.105886,4.904394,77.158790,0.145858,0.478300,15.403740,0.300381,4.717392,0.028901,5.545455,0.252066,1.588843,17.954545,12478.272727,118414.181818,1843.638737,0.115556,3.727273,0.169421,0.402174,9.044762,0.025045,3.840812,0.019892,9950.925620,3.598995,0.015923,3.150379,0.013961,0.199284,0.875957,0.875957,41.408225,1102.000000,36.271825,144.787582,0.131386,1102.000000,1.513809,0.660585,0.356870,45.250316,0.875957,36.271825,41.408225,43.000000,41.000000,59.413803,59.413803,1102.000000,36.271825,1.513809,0.660585,144.787582,0.131386,1102.000000
"6c92a7b7-5453-449c-b3f4-0380b7e69b74","Detection","nuclei_stroma",512.113464,463.608276,79.000000,115.000000,3367287.000000,1.458299,18.000000,4.980647,164.000000,97.011461,11.656653,97.000000,62.000000,102.000000,7.927780,98.226202,0.888743,15.400104,3367287.000000,0.428921,237.163192,5.919342,5.727432,0.774166,1.245064,0.378230,0.533997,0.350039,1.003105,0.255703,0.829483,0.827800,0.985703,0.942317,-0.176751,0.000000,0.327221,2.388019,0.257423,2.495689,0.427565,4.776038,2.075175,0.405824,4.203341,45.252149,0.129662,1.000000,4.795264,149.693410,0.462837,6.366762,39.063037,216.979943,8.591820,0.222153,0.084373,0.810478,0.016883,84.412245,0.344540,0.683482,7.571429,13.575510,75.510204,3.057626,0.218624,4.095897,54.673469,0.223157,0.702006,5.458825,0.458221,4.262963,0.095148,8.259259,0.305898,1.179698,9.740741,1431.000000,6996.222222,325.372562,0.243961,8.481481,0.314129,0.557892,6.567744,0.097077,3.541744,0.077364,1263.920439,3.220989,0.024625,3.330292,0.014812,0.249626,0.399768,0.399768,33.751795,351.000000,13.492901,79.130052,0.225442,351.000000,1.419600,0.704424,0.281333,28.121745,0.399768,13.492901,33.751795,19.000000,31.000000,36.359318,36.359318,351.000000,13.492901,1.419600,0.704424,79.130052,0.225442,351.000000
"16287d2b-4fbf-42f6-8091-9fb61db7cd2d","Detection","nuclei_lymphocyte",543.097473,465.937805,70.000000,107.000000,1466900.000000,1.354149,18.000000,3.028724,133.000000,88.571429,11.433281,89.000000,57.000000,76.000000,7.679865,89.776891,0.201400,14.662611,1466900.000000,0.474037,214.992151,4.299080,4.708009,0.148727,1.216850,0.266871,0.640268,0.266871,0.836939,0.195651,0.866564,0.866564,0.984302,0.946626,-0.284449,0.000000,0.266871,2.015337,0.311992,2.276531,0.523006,4.030675,2.009659,0.370930,3.941661,27.681319,0.152095,1.000000,4.309745,86.274725,0.386457,4.631868,43.406593,176.313187,15.284112,0.336615,0.050857,0.388731,0.013887,40.853211,0.374800,0.548607,5.559633,18.623853,78.073394,6.066514,0.309888,4.069606,19.954128,0.183065,0.598901,7.471930,0.381152,2.643182,0.099386,2.777778,0.308642,1.111111,8.222222,1671.111111,6832.111111,464.078704,0.313272,1.888889,0.209877,0.308992,4.112908,0.048369,2.725481,0.049451,1262.172840,1.682334,0.071644,1.354489,0.014402,0.359693,0.717108,0.717108,18.123643,179.500000,12.996614,50.908262,0.283611,179.500000,1.148953,0.870358,0.278809,27.619542,0.717108,12.996614,18.123643,18.000000,13.000000,22.203603,22.203603,179.500000,12.996614,1.148953,0.870358,50.908262,0.283611,179.500000
"24bebadb-096f-4ab1-b284-a0527cfad72a","Detection","nuclei_lymphocyte",723.824890,473.006958,39.000000,84.000000,1258383.000000,1.697324,25.000000,7.692412,169.000000,57.594595,16.071260,51.000000,35.000000,134.000000,10.811453,61.472985,1.871716,21.489314,1258383.000000,0.359882,461.790601,3.304490,36.755757,5.610538,2.450096,0.395918,0.721774,0.330612,1.027241,0.286614,0.844966,0.841224,0.989611,0.953907,-0.325117,0.000000,0.279252,1.670612,0.257309,2.603038,0.434286,3.341224,2.217094,0.711504,3.891914,51.198198,0.153748,1.000000,6.269639,119.840841,0.882468,4.075075,44.057057,95.582583,33.369344,0.573047,0.080971,0.781607,0.021199,61.516129,0.283484,1.092145,6.967742,21.096774,43.428571,17.173820,0.320965,3.980705,59.838710,0.275754,0.651652,11.677249,0.533356,4.938342,0.110219,9.888889,0.366255,1.023320,11.888889,1398.555556,2992.407407,1015.517171,0.161975,6.629630,0.245542,0.458908,5.797842,0.072185,3.513785,0.081081,1246.444444,2.667414,0.038318,5.046094,0.017172,0.831428,0.654457,0.654457,25.645207,335.000000,16.783681,69.968687,0.208862,335.000000,1.162928,0.859899,0.322934,37.053634,0.654457,16.783681,25.645207,20.000000,25.000000,32.015621,32.015621,335.000000,16.783681,1.162928,0.859899,69.968687,0.208862,335.000000
"891e911e-b7fa-4482-ad5f-1215bdcd5989","Detection","nuclei_tumor",199.954071,479.944458,96.000000,151.000000,11892750.000000,1.844696,30.000000,2.434704,171.000000,123.052356,16.733670,123.000000,73.000000,98.000000,12.211250,124.765487,-0.053217,20.604475,11892750.000000,0.309319,424.544379,12.505361,18.719049,-0.010936,2.761283,0.297821,0.805289,0.296437,0.883071,0.209946,0.852012,0.851920,0.988556,0.950627,-0.406200,0.000000,0.295227,3.448115,0.173113,2.926064,0.290211,6.896230,2.623166,0.764776,4.628243,115.405759,0.151055,1.000000,3.571832,236.319372,0.776697,12.708115,43.638743,539.537958,4.648496,0.107136,0.044069,0.561484,0.005453,130.542986,0.295346,0.856335,13.106335,18.674208,226.520362,1.990919,0.110921,4.765659,71.728507,0.162282,0.578534,6.723265,0.343044,4.413693,0.043549,5.300000,0.265000,1.227500,12.450000,7330.600000,90216.550000,706.230042,0.152444,2.900000,0.145000,0.351338,4.613224,0.048010,3.884184,0.026178,5871.360000,4.252749,0.015853,2.752572,0.021208,0.142993,0.500639,0.500639,44.488468,762.000000,22.272680,109.911046,0.144240,762.000000,1.261589,0.792651,0.373094,49.458198,0.500639,22.272680,44.488468,40.000000,30.000000,50.000000,50.000000,762.000000,22.272680,1.261589,0.792651,109.911046,0.144240,762.000000
"23e40e0e-8449-4bc1-b17b-ba3eaa5bdf0e","Detection","nuclei_endothelium",599.298279,480.820313,75.000000,115.000000,3214895.000000,1.460045,19.000000,3.779165,147.000000,92.905817,12.678893,91.000000,50.000000,97.000000,8.355877,94.369096,0.684046,16.554016,3214895.000000,0.446643,274.035451,5.393985,8.500502,1.119596,1.561133,0.343609,0.639207,0.334586,0.949406,0.231661,0.834211,0.833609,0.979947,0.933383,-0.245051,0.000000,0.326692,2.256015,0.258560,2.583847,0.463158,4.512030,2.220785,0.476186,4.069575,56.407202,0.156253,1.000000,3.267409,161.238227,0.468305,5.515235,38.506925,198.019391,10.136677,0.277566,0.052405,0.346163,0.016572,86.834711,0.358821,0.607353,5.904959,14.404959,72.644628,3.738809,0.297033,4.187843,47.942149,0.198108,0.670360,5.503859,0.368642,2.303880,0.118056,5.588235,0.328720,1.301038,7.117647,3069.823529,13203.117647,755.439951,0.424428,2.529412,0.148789,0.336583,2.879547,0.107865,3.807764,0.047091,2618.885813,4.652686,0.027263,1.621841,0.022315,0.138165,0.684945,0.684945,26.967551,371.000000,18.471302,77.088461,0.207786,371.000000,1.274662,0.784522,0.309254,33.980681,0.684945,18.471302,26.967551,25.000000,22.000000,33.301652,33.301652,371.000000,18.471302,1.274662,0.784522,77.088461,0.207786,371.000000
"5e3330ef-d69d-4885-9e1c-9d67cbc54ea4","Detection","nuclei_histiocyte",761.876953,477.536469,85.000000,117.000000,1166433.000000,1.195001,17.000000,3.347125,140.000000,98.618644,10.111749,97.000000,75.000000,65.000000,7.238715,99.423465,0.684350,12.624914,1166433.000000,0.470698,159.388466,2.220339,2.366326,0.691680,0.928457,0.307506,0.502403,0.297821,0.908129,0.218809,0.852704,0.852058,0.969696,0.926029,-0.168140,0.000000,0.289346,1.437046,0.303247,2.076947,0.467312,2.874092,1.749937,0.308991,3.691285,17.271186,0.146366,1.000000,4.200804,55.542373,0.334674,2.559322,39.593220,74.881356,31.138418,0.657250,0.051549,0.225119,0.022607,35.074074,0.433013,0.389575,3.419753,13.580247,26.222222,10.611797,0.504801,3.655820,17.567901,0.216888,0.686441,5.091297,0.453689,1.962117,0.165745,1.500000,0.375000,0.687500,5.750000,1636.500000,3398.500000,1200.722222,0.368056,1.000000,0.250000,0.265793,2.391118,0.029600,2.000000,0.033898,766.250000,5.091270,0.071534,0.932988,0.031060,0.230091,0.709535,0.709535,14.609123,116.500000,10.365681,40.384776,0.346650,116.500000,1.114037,0.897636,0.256109,23.305111,0.709535,10.365681,14.609123,10.000000,14.000000,17.204651,17.204651,116.500000,10.365681,1.114037,0.897636,40.384776,0.346650,116.500000
"0b9353d8-ad34-4aae-ac80-8d76375d3767","Detection","nuclei_endothelium",680.630432,485.374298,70.000000,118.000000,3952080.000000,1.768566,28.000000,3.016535,137.000000,93.981352,15.833081,95.000000,33.000000,104.000000,11.759857,95.980767,-0.419195,19.488796,3952080.000000,0.342364,379.813172,11.046163,18.015998,-1.948753,2.369773,0.414847,0.702044,0.396132,1.026264,0.257926,0.805053,0.803805,0.984193,0.934424,-0.272126,0.000000,0.379757,3.249220,0.169693,3.028732,0.272614,6.498440,2.574836,0.696155,4.432607,63.708625,0.148505,1.000000,3.394667,146.874126,0.708005,11.510490,34.561772,400.321678,4.302584,0.131777,0.055834,0.744349,0.006725,95.627329,0.296979,0.869411,11.583851,10.571429,125.527950,1.242141,0.137482,4.281542,70.229814,0.218105,0.750583,3.471355,0.419821,5.272858,0.052696,4.578947,0.240997,1.722992,13.789474,1756.052632,20982.105263,172.450395,0.161754,1.947368,0.102493,0.248219,4.384053,0.023946,3.892407,0.044289,1246.243767,2.572916,0.023874,3.054816,0.022765,0.202276,0.967950,0.967950,23.848729,423.000000,23.084385,74.750096,0.176714,423.000000,1.051171,0.951320,0.369273,48.450453,0.967950,23.084385,23.848729,23.000000,23.000000,32.526912,32.526912,423.000000,23.084385,1.051171,0.951320,74.750096,0.176714,423.000000
"0d8f93c5-7c25-4f87-9fb2-27bca0812497","Detection","nuclei_tumor",360.847015,489.237427,90.000000,126.000000,5035854.000000,1.352010,18.000000,2.288608,138.000000,108.570071,10.830000,109.000000,78.000000,60.000000,8.157180,109.369321,0.072454,13.198033,5035854.000000,0.443041,174.188083,3.783163,4.721182,0.147449,1.339425,0.169005,0.775919,0.169005,0.655424,0.140442,0.915497,0.915497,0.983099,0.957749,-0.451900,0.000000,0.169005,1.868304,0.333250,2.058554,0.521046,3.736607,1.889549,0.377108,3.747968,98.135392,0.233101,1.000000,3.560090,186.520190,0.390327,3.902613,55.256532,211.394299,23.155318,0.430061,0.027793,0.121844,0.011769,58.113924,0.367810,0.516303,4.145570,49.721519,190.354430,18.726442,0.452707,4.834131,17.316456,0.109598,0.375297,21.322064,0.235253,1.129376,0.096831,3.250000,0.406250,0.859375,4.375000,9316.375000,35298.875000,3174.222222,0.572917,1.250000,0.156250,0.033711,0.173006,0.018233,3.000000,0.019002,6546.984375,7.468488,0.036321,0.465983,0.021564,0.092253,0.876154,0.876154,24.924876,420.500000,21.838024,78.549194,0.186800,420.500000,1.167636,0.856431,0.340783,41.262846,0.876154,21.838024,24.924876,27.000000,22.000000,34.828150,34.828150,420.500000,21.838024,1.167636,0.856431,78.549194,0.186800,420.500000
"5e92d487-9953-439a-bf02-113197d8e4f5","Detection","nuclei_stroma",493.049591,496.889862,94.000000,126.000000,3479217.000000,1.257186,17.000000,3.051348,141.000000,108.803448,10.019834,109.000000,73.000000,68.000000,7.260833,109.532187,-0.198872,12.613867,3479217.000000,0.506968,159.109643,8.287749,3.264879,-0.275908,0.967492,0.316239,0.507312,0.312441,0.910495,0.218620,0.844413,0.844160,0.981465,0.937638,-0.172285,0.000000,0.309117,2.850427,0.322449,2.242037,0.531814,5.700855,1.913310,0.320933,3.820884,41.862069,0.144352,1.000000,4.213746,147.020690,0.334554,8.565517,40.296552,345.275862,5.220307,0.142864,0.064294,0.686948,0.008980,68.567568,0.370636,0.534522,8.772973,18.032432,156.248649,2.311336,0.156607,4.015689,38.697297,0.209175,0.637931,8.203360,0.407036,3.928041,0.065031,7.105263,0.373961,0.975069,10.947368,2041.684211,17992.736842,239.136696,0.168860,3.947368,0.207756,0.424115,5.726116,0.045921,3.321104,0.065517,1808.720222,2.752252,0.030140,1.868651,0.016217,0.163209,0.474373,0.474373,28.557631,289.000000,13.546982,70.555784,0.244138,289.000000,1.370748,0.729529,0.275121,26.893677,0.474373,13.546982,28.557631,18.000000,27.000000,32.449961,32.449961,289.000000,13.546982,1.370748,0.729529,70.555784,0.244138,289.000000
"e2c1de92-e29c-4275-ab86-6ac3d8e5921f","Detection","nuclei_lymphocyte",1012.858032,494.686951,52.000000,83.000000,1512932.000000,1.227610,17.000000,3.040894,115.000000,67.209877,9.991160,66.000000,39.000000,76.000000,7.213333,68.334056,0.352741,12.344055,1512932.000000,0.501905,152.375705,4.924749,2.642141,0.119294,0.916494,0.295987,0.511767,0.292642,0.884823,0.210347,0.854236,0.854013,0.982648,0.941583,-0.183842,0.000000,0.289716,2.183946,0.327423,2.157940,0.530100,4.367893,1.853755,0.303120,3.810447,47.092593,0.145348,1.000000,4.062262,162.617284,0.320988,5.259259,42.932099,205.129630,10.925454,0.261188,0.056131,0.401748,0.015622,75.251309,0.393986,0.482059,6.057592,20.240838,94.240838,5.127254,0.265707,4.103269,34.717277,0.181766,0.589506,8.730627,0.377266,2.738417,0.092976,5.875000,0.367188,1.121094,7.062500,2947.875000,12653.500000,721.125868,0.391493,3.250000,0.203125,0.417574,3.848948,0.127455,3.452820,0.049383,2537.812500,3.836867,0.028451,1.716568,0.014529,0.149850,0.872549,0.872549,21.921969,320.500000,19.128000,66.551574,0.207649,320.500000,1.099712,0.909329,0.333055,39.412451,0.872549,19.128000,21.921969,21.000000,20.000000,29.000000,29.000000,320.500000,19.128000,1.099712,0.909329,66.551574,0.207649,320.500000
"d0a9fa2d-6230-4fdc-868f-9f7f40ef06a1","Detection","nuclei_tumor",45.805729,501.782318,81.000000,126.000000,10211742.000000,1.595053,25.000000,3.007143,159.000000,101.635036,14.455599,98.000000,56.000000,103.000000,10.338516,103.190713,0.455994,17.850563,10211742.000000,0.383619,318.642610,6.772453,10.949707,1.426294,1.925521,0.242607,0.776206,0.239321,0.805310,0.185332,0.880887,0.880668,0.990695,0.960191,-0.401572,0.000000,0.236446,2.520263,0.263001,2.489441,0.431818,5.040526,2.237516,0.542032,4.054718,166.897810,0.174033,1.000000,3.574479,367.890511,0.569532,7.128259,49.896767,311.382690,10.889881,0.204195,0.036536,0.354949,0.006671,147.725225,0.332714,0.701769,8.806306,33.738739,196.725225,7.444174,0.179337,4.806561,58.585586,0.131950,0.462982,15.077895,0.274768,3.086394,0.038862,9.400000,0.376000,1.206400,13.040000,11219.000000,56965.200000,2503.220889,0.190422,3.160000,0.126400,0.284681,3.730504,0.059477,4.163856,0.026069,9747.510400,5.973151,0.013751,2.287008,0.012918,0.126990,0.635440,0.635440,44.421688,954.000000,28.227308,121.380825,0.127234,954.000000,1.228972,0.813688,0.402484,57.557095,0.635440,28.227308,44.421688,43.000000,28.000000,51.312766,51.312766,954.000000,28.227308,1.228972,0.813688,121.380825,0.127234,954.000000
"5d89d573-04af-4bbd-849b-d59ccdf5bc9b","Detection","nuclei_tumor",92.354874,507.600830,111.000000,140.000000,24292305.000000,1.101262,15.000000,2.728760,157.000000,125.930921,8.894174,126.000000,90.000000,67.000000,6.360345,126.419063,-0.125873,11.098771,24292305.000000,0.491452,123.182728,6.681120,1.348075,-0.117611,0.900816,0.190167,0.651384,0.189143,0.703702,0.154392,0.905599,0.905531,0.988832,0.962206,-0.322389,0.000000,0.188247,2.550188,0.344629,1.830414,0.445886,5.100376,1.636043,0.272746,3.518587,336.163158,0.221160,1.000000,3.347353,747.006579,0.275760,6.865789,55.967105,377.071053,9.784846,0.174657,0.031193,0.233273,0.005847,260.835664,0.456006,0.352594,7.256993,48.178322,313.286713,8.736038,0.174570,4.797302,58.520979,0.102309,0.376316,19.932442,0.252052,2.049365,0.044293,7.695652,0.334594,1.062382,8.565217,45223.913043,331036.695652,7136.407307,0.231884,4.565217,0.198488,0.419627,3.423292,0.106136,3.675311,0.015132,40856.427221,11.379489,0.007636,1.249695,0.008547,0.043310,0.616404,0.616404,56.139421,1516.500000,34.604541,146.826536,0.096819,1516.500000,1.131245,0.883981,0.480906,82.171940,0.616404,34.604541,56.139421,53.000000,41.000000,67.007462,67.007462,1516.500000,34.604541,1.131245,0.883981,146.826536,0.096819,1516.500000
"ca1de70b-ba8b-41d2-a881-60526a3a458f","Detection","nuclei_endothelium",697.609741,497.592010,72.000000,113.000000,2000768.000000,1.464702,24.000000,2.009151,125.000000,93.128889,12.634114,93.000000,62.000000,63.000000,10.067462,94.299004,-0.079103,14.809196,2000768.000000,0.392040,219.312277,5.572840,6.077725,-0.691615,1.673039,0.213580,0.773584,0.211111,0.752170,0.169012,0.894856,0.894691,0.987480,0.957860,-0.419398,0.000000,0.208951,2.282099,0.265501,2.311830,0.364198,4.564198,2.090040,0.471655,4.097184,38.271111,0.170094,1.000000,4.489877,88.208889,0.473165,5.631111,49.231111,292.102222,12.846821,0.294228,0.046215,0.281225,0.014459,39.481481,0.365569,0.546296,5.240741,26.629630,160.777778,6.807227,0.341692,4.307359,17.981481,0.166495,0.480000,9.268519,0.354884,1.886881,0.120526,2.250000,0.281250,0.984375,6.625000,2308.125000,13275.375000,526.247396,0.361979,1.250000,0.156250,0.303153,2.865832,0.057468,3.000000,0.035556,1517.109375,2.019688,0.057484,1.356860,0.016756,0.297127,0.567633,0.567633,22.643690,225.500000,12.853304,60.704884,0.269201,225.500000,1.300442,0.768970,0.268990,25.708371,0.567633,12.853304,22.643690,22.000000,15.000000,26.627054,26.627054,225.500000,12.853304,1.300442,0.768970,60.704884,0.269201,225.500000
"54404a1e-7656-4751-87d9-b31cd304f1d5","Detection","nuclei_tumor",295.192108,506.278320,82.000000,127.000000,13726450.000000,1.657289,25.000000,3.226128,169.000000,105.237542,14.439410,106.000000,61.000000,108.000000,10.376010,106.774089,0.303060,18.048984,13726450.000000,0.374793,325.765833,7.843505,15.236743,1.143465,2.108690,0.293374,0.755732,0.282912,0.889722,0.213335,0.860288,0.859590,0.988800,0.953097,-0.360241,0.000000,0.273758,2.718396,0.228600,2.715440,0.373147,5.436792,2.397475,0.600516,4.323783,189.784053,0.157628,1.000000,3.813098,451.250831,0.597700,8.105482,46.127907,346.789867,8.270215,0.181105,0.041003,0.381704,0.007546,201.790047,0.313826,0.786569,9.010886,25.160187,189.228616,4.433557,0.184732,4.799561,103.339036,0.160714,0.534053,11.135569,0.348459,3.565342,0.063952,9.000000,0.281250,1.558594,10.187500,13974.375000,112011.468750,1970.345026,0.264870,4.125000,0.128906,0.285921,2.779310,0.054197,4.366729,0.026578,12558.734375,6.916282,0.010397,2.408255,0.014886,0.088881,0.382038,0.382038,65.392276,1202.500000,24.982328,150.835456,0.125435,1202.500000,1.505608,0.664183,0.366231,47.655411,0.382038,24.982328,65.392276,58.000000,32.000000,66.241981,66.241981,1202.500000,24.982328,1.505608,0.664183,150.835456,0.125435,1202.500000
"28881a81-0513-42ee-b21d-db4c0a6f873c","Detection","nuclei_endothelium",671.552490,511.993591,66.000000,118.000000,5157462.000000,1.729514,26.000000,3.150414,155.000000,90.500000,15.951667,88.000000,47.000000,108.000000,11.061576,92.713376,0.575100,20.137527,5157462.000000,0.357411,405.520000,10.172138,14.924606,1.611831,2.160922,0.321650,0.740873,0.301242,0.933845,0.230904,0.852780,0.851420,0.991389,0.957330,-0.338258,0.000000,0.283385,3.116460,0.223374,2.775797,0.413931,6.232919,2.413998,0.620643,4.486848,85.953333,0.143256,1.000000,4.796622,214.446667,0.678864,10.675000,44.823333,441.071667,5.622274,0.123861,0.060658,0.936871,0.007507,99.707182,0.275434,0.993445,12.444751,20.160221,200.497238,2.448231,0.118414,4.629462,74.872928,0.206831,0.603333,9.171545,0.452015,6.795359,0.048254,6.714286,0.239796,2.051020,16.928571,3952.857143,38105.178571,435.097440,0.134444,6.000000,0.214286,0.463005,10.162910,0.063092,4.151479,0.046667,3493.673469,2.307864,0.020749,4.124206,0.012368,0.271526,0.494577,0.494577,39.640170,598.500000,19.605130,98.237514,0.164140,598.500000,1.283160,0.779326,0.346795,42.731545,0.494577,19.605130,39.640170,32.000000,31.000000,44.553339,44.553339,598.500000,19.605130,1.283160,0.779326,98.237514,0.164140,598.500000
"4f910b25-655b-4c3b-a3e1-a4bac8c96d51","Detection","nuclei_stroma",526.763916,517.456604,88.000000,155.000000,4146163.000000,1.982360,39.000000,2.165696,174.000000,117.737762,21.161475,114.000000,66.000000,108.000000,16.284631,120.403793,0.363923,25.197079,4146163.000000,0.268228,634.892770,10.857834,30.205427,2.995802,3.809638,0.395551,0.811875,0.376209,1.012460,0.254018,0.815119,0.813830,0.984940,0.937759,-0.367408,0.000000,0.359284,3.162959,0.133832,3.210550,0.216634,6.325919,2.781517,1.051297,4.592170,48.202797,0.168541,1.000000,3.362414,76.713287,1.082791,11.475524,34.503497,360.916084,5.039697,0.135039,0.055873,0.723125,0.007320,53.613861,0.265415,1.064896,12.198020,15.425743,170.663366,2.142118,0.132566,4.267521,47.069307,0.233016,0.706294,7.407313,0.423205,5.626966,0.057844,2.818182,0.256198,1.338843,13.272727,1714.727273,17024.181818,246.810404,0.173939,1.363636,0.123967,0.241862,3.702975,0.036127,3.277613,0.038462,1038.727273,2.511479,0.042114,3.005590,0.034500,0.343794,0.371892,0.371892,31.446443,288.000000,11.694695,73.047337,0.253637,288.000000,1.474370,0.678256,0.260262,24.067123,0.371892,11.694695,31.446443,12.000000,31.000000,33.241540,33.241540,288.000000,11.694695,1.474370,0.678256,73.047337,0.253637,288.000000
"5b00d056-2cec-4922-af70-2fc4552b6553","Detection","nuclei_tumor",5.312925,515.175171,106.000000,162.000000,7562514.000000,1.754939,38.000000,1.769440,178.000000,134.807882,18.845956,139.000000,95.000000,83.000000,15.895702,136.480335,-0.031290,21.300629,7562514.000000,0.316593,453.716785,9.477673,13.518893,0.026546,2.807770,0.266576,0.826580,0.266576,0.836509,0.195513,0.866712,0.866712,0.989747,0.955571,-0.448037,0.000000,0.266576,2.973613,0.194789,2.721760,0.291610,5.947226,2.455184,0.768587,4.365467,61.418719,0.151278,1.000000,3.564270,128.536946,0.779757,9.428571,43.758621,399.985222,6.780254,0.158757,0.041920,0.434524,0.009905,64.603524,0.284597,0.911875,9.938326,21.127753,181.718062,3.531331,0.171977,4.662803,35.810573,0.157756,0.559113,8.332162,0.325858,3.326144,0.074534,2.454545,0.223140,2.545455,11.545455,3381.636364,29620.363636,510.051540,0.350556,1.545455,0.140496,0.247620,3.218567,0.128710,3.459432,0.027094,2019.355372,2.204273,0.035043,2.355353,0.019113,0.279677,0.342151,0.342151,41.451105,392.000000,14.182525,97.450824,0.248599,392.000000,1.927858,0.518710,0.229897,18.778805,0.342151,14.182525,41.451105,14.000000,42.000000,44.271887,44.271887,392.000000,14.182525,1.927858,0.518710,97.450824,0.248599,392.000000
"070c429f-a1da-41aa-8536-2e2ca65c9415","Detection","nuclei_tumor",368.518860,530.366150,97.000000,130.000000,8448716.000000,1.186073,15.000000,3.086837,152.000000,113.165644,9.522978,113.000000,81.000000,71.000000,6.638908,113.833885,0.114513,12.316264,8448716.000000,0.537680,151.690353,4.191153,3.007048,0.037362,0.900448,0.223620,0.602124,0.213880,0.772942,0.177876,0.894683,0.894034,0.987018,0.957549,-0.276716,0.000000,0.205357,2.005479,0.408271,1.963373,0.618912,4.010958,1.712720,0.281017,3.638242,128.993865,0.197843,1.000000,4.251073,350.567485,0.301110,4.430982,52.950920,222.019939,16.212860,0.327209,0.043190,0.230484,0.016426,103.706294,0.362609,0.538315,5.027972,45.552448,188.713287,13.255099,0.362325,4.599723,46.083916,0.161133,0.438650,24.763949,0.368428,2.118993,0.137132,8.130435,0.353497,0.888469,6.000000,9165.043478,37289.260870,2371.212862,0.403684,4.304348,0.187146,0.412209,2.614060,0.178000,3.816403,0.035276,8361.444234,6.097025,0.018021,1.428220,0.010859,0.100370,0.677679,0.677679,35.211378,649.500000,23.862005,95.580420,0.147160,649.500000,1.119306,0.893411,0.392149,54.639143,0.677679,23.862005,35.211378,31.000000,29.000000,42.449971,42.449971,649.500000,23.862005,1.119306,0.893411,95.580420,0.147160,649.500000
"61a85f9f-d7fb-475e-b703-f6021d15249c","Detection","nuclei_histiocyte",478.453278,536.947998,61.000000,109.000000,5088373.000000,1.626645,27.000000,2.292658,137.000000,87.029503,15.084304,89.000000,46.000000,91.000000,11.437445,88.888696,-0.112547,18.084963,5088373.000000,0.350604,327.065900,9.374587,8.166926,0.058137,1.943014,0.355611,0.690588,0.335809,0.973359,0.242843,0.835293,0.834076,0.986494,0.944496,-0.285121,0.000000,0.319456,2.996287,0.185063,2.776492,0.314356,5.992574,2.384496,0.574656,4.497001,89.229814,0.138556,1.000000,4.252662,225.788820,0.580273,9.711180,41.114907,382.844720,5.731112,0.137116,0.060273,0.664626,0.009129,141.354916,0.338981,0.645941,10.290168,16.398082,151.203837,2.319980,0.135585,4.389998,84.256595,0.202054,0.647516,6.857835,0.419538,4.616117,0.057708,9.000000,0.281250,1.277344,11.437500,3277.062500,29643.062500,405.646189,0.179314,5.875000,0.183594,0.418372,5.194711,0.077753,4.265320,0.049689,2872.046875,4.102786,0.016096,3.040304,0.017240,0.134879,0.531420,0.531420,39.480828,647.500000,20.980887,99.362381,0.153455,647.500000,1.213373,0.824149,0.368835,48.335470,0.531420,20.980887,39.480828,25.000000,37.000000,44.654227,44.654227,647.500000,20.980887,1.213373,0.824149,99.362381,0.153455,647.500000
"9beb6991-b916-4b13-b4ce-6f7b14b4f343","Detection","nuclei_tumor",382.449860,547.489929,66.000000,108.000000,5057326.000000,1.606098,22.000000,3.233432,140.000000,84.735598,13.600737,82.000000,56.000000,84.000000,9.589962,86.430324,0.816700,17.031714,5057326.000000,0.374764,290.079279,3.836292,12.732439,1.866227,1.935205,0.269822,0.755266,0.258777,0.854756,0.202857,0.872452,0.871716,0.984323,0.948613,-0.367720,0.000000,0.249112,1.849310,0.247773,2.519116,0.401183,3.698619,2.227462,0.551257,4.163773,108.382570,0.160092,1.000000,4.433501,253.714919,0.601926,4.249631,47.892171,165.091581,24.713996,0.456446,0.041253,0.263821,0.014474,113.834688,0.308495,0.781810,5.780488,26.314363,81.875339,15.082769,0.355917,4.520307,68.235772,0.184921,0.545052,12.850038,0.402857,2.987518,0.119658,6.809524,0.324263,1.229025,8.857143,7349.952381,25652.904762,3003.423942,0.315476,2.142857,0.102041,0.169594,1.779010,0.024704,3.880180,0.031019,6310.657596,9.942019,0.018677,1.447939,0.024459,0.106635,0.348195,0.348195,50.901978,678.000000,17.723791,115.819620,0.170825,678.000000,1.574435,0.635149,0.306889,33.463037,0.348195,17.723791,50.901978,35.000000,41.000000,53.907328,53.907328,678.000000,17.723791,1.574435,0.635149,115.819620,0.170825,678.000000
"3c4d6f27-7a48-4eed-bb65-f9c034ee7b84","Detection","nuclei_lymphocyte",634.533081,540.534485,63.000000,115.000000,1834172.000000,1.707516,22.000000,3.709792,155.000000,85.330544,15.332855,81.000000,51.000000,104.000000,10.445212,87.603424,0.942356,19.825693,1834172.000000,0.348716,393.058105,3.906789,16.716560,2.757017,2.132854,0.415420,0.673960,0.392405,1.033120,0.261438,0.807633,0.806099,0.984205,0.935147,-0.255292,0.000000,0.372267,1.864787,0.188850,2.837199,0.315305,3.729574,2.382680,0.637068,4.365317,31.242678,0.130723,1.000000,4.350414,83.343096,0.716234,4.485356,34.623431,114.677824,18.430897,0.462975,0.076242,0.685256,0.019260,53.087432,0.290095,0.941862,5.912568,11.169399,42.229508,5.452092,0.380029,4.105689,46.344262,0.253247,0.765690,4.346741,0.503164,4.036335,0.122943,4.500000,0.281250,1.375000,10.375000,962.812500,3591.500000,351.806319,0.266823,3.000000,0.187500,0.404254,5.684122,0.033692,3.452820,0.066946,739.683594,2.786804,0.043139,3.695884,0.022572,0.509401,0.642444,0.642444,21.935093,237.000000,14.092070,59.567712,0.251341,237.000000,1.191417,0.839337,0.290842,30.054970,0.642444,14.092070,21.935093,16.000000,23.000000,28.017851,28.017851,237.000000,14.092070,1.191417,0.839337,59.567712,0.251341,237.000000
"2590fdd2-5cc9-4407-85ac-3c85f523c719","Detection","nuclei_stroma",314.280579,542.533508,99.000000,135.000000,2856874.000000,1.419650,17.000000,2.813832,152.000000,118.457711,10.586471,119.000000,86.000000,66.000000,7.367007,119.219560,-0.156069,13.456377,2856874.000000,0.431054,181.074082,5.029915,4.329672,0.020973,1.209789,0.377493,0.524353,0.374644,0.966607,0.237135,0.813153,0.812963,0.977845,0.925166,-0.174466,0.000000,0.372151,2.195869,0.238373,2.516303,0.420228,4.391738,2.129338,0.396821,4.077964,29.099502,0.144774,1.000000,3.827182,86.641791,0.420584,5.432836,32.751244,157.960199,9.087376,0.282027,0.065147,0.467982,0.016893,57.428571,0.372913,0.539383,6.064935,12.194805,61.389610,3.216811,0.279627,3.833209,38.753247,0.251644,0.766169,5.380671,0.483608,3.361125,0.121003,3.545455,0.322314,1.157025,7.636364,1298.636364,5640.363636,324.280934,0.357323,1.545455,0.140496,0.232519,2.686378,0.042725,3.459432,0.054726,964.743802,3.062990,0.040210,2.029034,0.023330,0.207933,0.311876,0.311876,29.580363,199.000000,9.225399,68.486466,0.344153,199.000000,1.875627,0.533155,0.198094,13.942616,0.311876,9.225399,29.580363,26.000000,16.000000,30.528675,30.528675,199.000000,9.225399,1.875627,0.533155,68.486466,0.344153,199.000000
"66dd524b-3eef-4c28-ab35-018532acb8ab","Detection","nuclei_tumor",180.256592,550.881348,98.000000,152.000000,8019725.000000,1.822532,32.000000,2.095882,169.000000,125.598790,16.687500,126.000000,82.000000,87.000000,13.200411,127.156598,-0.053671,19.842991,8019725.000000,0.308809,393.744273,6.872560,15.989664,-0.028846,2.659055,0.364425,0.758937,0.355748,0.969046,0.237868,0.823572,0.822993,0.978716,0.929140,-0.335503,0.000000,0.348156,2.509761,0.155733,3.022526,0.251627,5.019523,2.635340,0.755870,4.696893,71.608871,0.144373,1.000000,3.899974,153.169355,0.764812,7.197581,37.802419,264.379032,9.707003,0.260767,0.059994,0.468238,0.015414,98.880952,0.294289,0.829046,7.410714,13.404762,95.029762,3.270089,0.262897,4.425209,66.898810,0.199104,0.677419,4.688209,0.413722,3.139199,0.102729,6.416667,0.267361,1.206597,8.541667,2175.916667,13255.833333,462.978877,0.305266,3.666667,0.152778,0.377276,3.241031,0.095934,4.220176,0.048387,1748.805556,7.050039,0.022096,1.624561,0.040152,0.103233,0.479022,0.479022,37.234124,493.000000,17.835967,91.433120,0.185463,493.000000,1.349430,0.741054,0.318139,35.961318,0.479022,17.835967,37.234124,35.000000,21.000000,40.816663,40.816663,493.000000,17.835967,1.349430,0.741054,91.433120,0.185463,493.000000
"2100a218-f322-40ac-81bb-044587e078a8","Detection","nuclei_lymphocyte",573.119690,549.647034,50.000000,95.000000,882164.000000,1.642854,23.000000,3.171541,126.000000,71.863354,14.403997,70.000000,40.000000,86.000000,10.907775,74.022155,0.624679,17.746488,882164.000000,0.373172,314.937850,5.755245,8.483940,0.667649,1.677539,0.412587,0.605203,0.395105,1.022659,0.256480,0.805361,0.804196,0.984270,0.934565,-0.212676,0.000000,0.379808,2.332168,0.200182,2.801506,0.356643,4.664336,2.361010,0.522532,4.101240,23.248447,0.144400,1.000000,3.596929,60.080745,0.580302,6.478261,32.329193,180.366460,7.867139,0.250507,0.070390,0.760948,0.013158,40.125000,0.313477,0.800537,7.609375,9.265625,54.296875,2.200603,0.246719,3.930897,30.312500,0.236816,0.795031,2.937256,0.456916,4.424803,0.091205,2.600000,0.260000,1.690000,11.300000,831.300000,4531.900000,182.688722,0.276222,1.600000,0.160000,0.335682,6.157497,0.025561,3.121928,0.062112,572.090000,1.427550,0.057777,3.453446,0.019585,0.534976,0.628060,0.628060,18.229560,161.500000,11.449264,48.709559,0.301607,161.500000,1.169085,0.855370,0.268026,25.524358,0.628060,11.449264,18.229560,14.000000,17.000000,22.022716,22.022716,161.500000,11.449264,1.169085,0.855370,48.709559,0.301607,161.500000
"2cce93fd-fc7a-4c6f-8589-4bf13cafed1d","Detection","nuclei_tumor",95.066391,557.745544,103.000000,133.000000,10387021.000000,1.199002,17.000000,2.734722,153.000000,117.804318,9.626915,118.000000,90.000000,63.000000,7.018976,118.395828,0.210073,11.820099,10387021.000000,0.514563,139.714745,5.080341,3.057338,0.250606,0.980922,0.197654,0.664589,0.197654,0.717211,0.158587,0.901173,0.901173,0.988373,0.960469,-0.329909,0.000000,0.197654,2.210096,0.383714,1.948855,0.580164,4.420192,1.751201,0.294644,3.622865,152.470985,0.205764,1.000000,3.859325,381.291498,0.309233,5.303644,54.152497,268.170040,13.476964,0.252755,0.038355,0.260626,0.010600,117.308197,0.384617,0.510293,6.160656,46.636066,217.619672,11.480100,0.263001,4.739611,38.586885,0.126514,0.411606,23.026025,0.312925,2.276508,0.080837,5.222222,0.290123,1.246914,7.777778,15016.388889,69183.333333,3530.536265,0.362654,4.000000,0.222222,0.452726,4.012551,0.155891,3.572431,0.024291,13321.694444,6.521298,0.016554,1.238674,0.010092,0.089843,0.770074,0.770074,35.142185,735.500000,27.062072,99.405115,0.135153,735.500000,1.069116,0.935352,0.418692,62.286157,0.770074,27.062072,35.142185,35.000000,27.000000,44.204072,44.204072,735.500000,27.062072,1.069116,0.935352,99.405115,0.135153,735.500000
"0dfcfc3c-56e9-4449-97f4-44223797516f","Detection","nuclei_lymphocyte",728.032471,558.328430,26.000000,59.000000,720904.000000,1.218160,18.000000,8.159071,122.000000,41.105820,10.866157,39.000000,20.000000,102.000000,7.368643,43.670968,1.731843,14.746694,720904.000000,0.560385,217.464993,4.735903,7.758465,1.253028,0.989958,0.289793,0.547110,0.264097,0.885299,0.220046,0.872056,0.870521,0.989083,0.956583,-0.205081,0.000000,0.243298,2.135617,0.429068,2.016801,0.638829,4.271235,1.724361,0.319938,3.517627,60.243386,0.159374,1.000000,5.158030,211.825397,0.381708,5.179894,47.994709,202.719577,13.066591,0.266204,0.055893,0.534696,0.012669,70.810427,0.335594,0.797287,7.298578,26.938389,114.881517,7.047001,0.245395,4.171935,45.502370,0.215651,0.558201,14.100941,0.468621,4.706373,0.090370,5.421053,0.285319,1.357341,11.000000,4003.789474,16275.263158,1007.281652,0.238494,3.105263,0.163435,0.344485,5.102115,0.073437,3.616349,0.050265,3607.988920,2.871431,0.026584,2.710358,0.009795,0.313116,0.747187,0.747187,25.761141,374.500000,19.248400,73.237384,0.195560,374.500000,1.139735,0.877397,0.337115,40.379184,0.747187,19.248400,25.761141,22.000000,22.000000,31.112698,31.112698,374.500000,19.248400,1.139735,0.877397,73.237384,0.195560,374.500000
"2724d7f9-1d1d-42b4-9438-afc36c978a69","Detection","nuclei_tumor",23.107981,562.746765,77.000000,132.000000,7827589.000000,1.795855,29.000000,2.306694,155.000000,108.078704,16.478095,111.000000,66.000000,89.000000,12.507377,109.907291,-0.258590,19.965131,7827589.000000,0.330280,398.606460,8.630977,18.954051,-1.548035,2.708985,0.308541,0.795501,0.303637,0.903276,0.216346,0.848999,0.848672,0.988172,0.949511,-0.391002,0.000000,0.299346,2.833878,0.184999,2.916354,0.348590,5.667756,2.592741,0.754381,4.481966,102.052469,0.157488,1.000000,3.166667,214.021605,0.736587,8.799383,42.577160,372.512346,7.982253,0.197949,0.037814,0.323749,0.007859,116.484375,0.303345,0.835063,8.877604,16.937500,144.390625,3.144253,0.207968,4.652785,62.666667,0.163194,0.592593,5.546875,0.308837,2.711061,0.063058,5.600000,0.280000,1.290000,9.700000,5837.700000,50128.100000,819.243111,0.228042,1.700000,0.085000,0.148763,0.983088,0.030993,4.121928,0.030864,4787.940000,3.611127,0.019513,2.588844,0.019750,0.158983,0.964233,0.964233,29.870966,639.000000,28.802580,95.640437,0.149672,639.000000,1.139128,0.877865,0.385446,52.787299,0.964233,28.802580,29.870966,29.000000,28.000000,40.311289,40.311289,639.000000,28.802580,1.139128,0.877865,95.640437,0.149672,639.000000
"51fd7e76-948e-4bfd-80d1-7a0b02ce4a45","Detection","nuclei_histiocyte",412.920532,567.427551,72.000000,124.000000,4750748.000000,1.817663,31.000000,2.527853,159.000000,98.109937,16.849152,98.000000,51.000000,108.000000,12.527507,100.219083,0.089271,20.452507,4750748.000000,0.319203,418.305039,6.272882,14.056448,0.159918,2.401547,0.501990,0.654222,0.448550,1.125746,0.300792,0.784489,0.781069,0.981137,0.926504,-0.226230,0.000000,0.403133,2.407902,0.141898,3.189382,0.233655,4.815804,2.617922,0.725884,4.665324,64.754757,0.136902,1.000000,3.996961,150.983087,0.744508,6.665962,32.044397,202.940803,9.269824,0.284594,0.077244,0.766622,0.016860,117.758270,0.299639,0.850494,7.119593,9.358779,60.519084,2.546836,0.276392,4.140602,107.666667,0.273961,0.830867,3.564529,0.523453,4.176373,0.128019,7.709677,0.248699,1.608741,11.000000,1609.774194,10729.645161,307.483934,0.272464,5.774194,0.186264,0.405763,6.447465,0.032718,3.990509,0.065539,1376.965661,4.088358,0.021747,3.452465,0.026018,0.185454,0.467847,0.467847,36.019800,474.000000,16.851756,87.498596,0.184596,474.000000,1.285328,0.778012,0.326740,37.932005,0.467847,16.851756,36.019800,22.000000,34.000000,40.496913,40.496913,474.000000,16.851756,1.285328,0.778012,87.498596,0.184596,474.000000
"10ee5fa6-d878-4bee-a542-9bb0866623c7","Detection","nuclei_tumor",5.154562,566.776550,78.000000,124.000000,2977225.000000,1.614336,26.000000,2.299605,142.000000,102.963370,14.436126,105.000000,65.000000,77.000000,10.756198,104.429814,-0.268684,17.439338,2977225.000000,0.383596,304.130526,7.465517,11.400428,-1.327265,2.048616,0.300203,0.744380,0.298174,0.887564,0.211295,0.851251,0.851116,0.982377,0.940433,-0.351479,0.000000,0.296400,2.651116,0.229433,2.682187,0.413793,5.302231,2.375860,0.587205,4.243792,44.619048,0.163440,1.000000,3.375035,104.721612,0.571214,7.604396,40.304029,304.776557,8.094246,0.213141,0.044237,0.351308,0.009940,52.644172,0.322970,0.709473,7.668712,16.993865,128.085890,3.355573,0.227718,4.384034,29.233129,0.179344,0.597070,5.773420,0.317537,2.440554,0.078552,3.545455,0.322314,1.090909,10.090909,2220.272727,18167.272727,324.131944,0.207702,1.545455,0.140496,0.167332,1.422003,0.028851,3.277613,0.040293,1604.330579,2.468784,0.042794,1.438423,0.025109,0.204918,0.421054,0.421054,29.243729,268.500000,12.313183,70.896335,0.264046,268.500000,1.489681,0.671284,0.253766,22.880715,0.421054,12.313183,29.243729,11.000000,27.000000,29.154759,29.154759,268.500000,12.313183,1.489681,0.671284,70.896335,0.264046,268.500000
"aacd4ced-e74f-43af-9489-1d16d786791a","Detection","nuclei_lymphocyte",662.433411,570.667542,34.000000,100.000000,1775710.000000,1.934348,36.000000,2.732977,136.000000,63.218750,20.642415,58.000000,25.000000,111.000000,15.286982,68.001800,0.684735,25.052633,1775710.000000,0.289076,627.634440,4.573931,31.440019,4.538652,3.245472,0.493343,0.736097,0.421864,1.134124,0.315373,0.800631,0.796216,0.981641,0.931366,-0.283957,0.000000,0.362629,1.971268,0.157139,3.167245,0.292221,3.942537,2.619584,0.934704,4.634926,50.229167,0.130805,1.000000,5.466037,111.005208,1.057183,5.354167,36.291667,128.255208,22.448456,0.469190,0.083604,0.804552,0.019482,74.617747,0.254668,1.156799,7.569966,13.071672,46.129693,8.283104,0.308835,4.180055,84.774744,0.289334,0.763021,6.201190,0.549817,5.233633,0.109370,8.225806,0.265349,1.188345,11.387097,948.387097,2847.677419,587.308011,0.192491,5.516129,0.177940,0.390518,5.289199,0.037271,4.103728,0.080729,794.946930,5.532934,0.031319,3.272294,0.035011,0.307983,0.760843,0.760843,25.436062,383.000000,19.352849,71.764978,0.187376,383.000000,1.070081,0.934509,0.355431,44.886139,0.760843,19.352849,25.436062,21.000000,24.000000,31.890437,31.890437,383.000000,19.352849,1.070081,0.934509,71.764978,0.187376,383.000000
"e7263699-9af7-4021-8fc8-1a553eeed354","Detection","nuclei_histiocyte",685.108032,578.878479,53.000000,106.000000,3871177.000000,1.817433,27.000000,3.276291,152.000000,77.957983,16.160695,76.000000,32.000000,120.000000,11.041927,80.660894,0.493065,20.705861,3871177.000000,0.335623,428.732688,7.070175,17.227519,0.902537,2.266725,0.413855,0.691220,0.376068,1.046629,0.272428,0.818151,0.815744,0.988976,0.946945,-0.285646,0.000000,0.344067,2.570400,0.182516,2.979179,0.282501,5.140801,2.523288,0.670145,4.518365,80.132773,0.134677,1.000000,4.408739,199.695798,0.756105,7.763025,38.048739,241.097479,9.485218,0.216890,0.075786,1.044566,0.011327,123.068493,0.280978,1.008611,9.872146,11.643836,75.543379,2.874434,0.178135,4.253288,101.283105,0.231240,0.736134,4.262317,0.471047,6.051971,0.065745,10.405405,0.281227,1.468225,16.405405,2178.837838,14193.648649,421.718521,0.147590,10.189189,0.275383,0.536703,10.339958,0.060859,3.847119,0.062185,1920.236669,3.201611,0.018238,4.816916,0.015922,0.280958,0.383923,0.383923,44.720328,594.000000,17.169168,104.407484,0.175770,594.000000,1.460384,0.684752,0.314133,35.061490,0.383923,17.169168,44.720328,40.000000,29.000000,49.406477,49.406477,594.000000,17.169168,1.460384,0.684752,104.407484,0.175770,594.000000
"33bfd1d8-b9a3-4fbc-a0a9-4dfaea614da2","Detection","nuclei_histiocyte",165.119446,581.906860,77.000000,116.000000,5700887.000000,1.382621,20.000000,3.246542,153.000000,93.414443,11.749138,91.000000,61.000000,92.000000,8.246665,94.602258,0.645717,14.944197,5700887.000000,0.472734,223.329022,5.122457,6.278979,0.796302,1.273352,0.247406,0.674629,0.240764,0.815976,0.189438,0.880725,0.880282,0.990537,0.960031,-0.312434,0.000000,0.234952,2.205895,0.345380,2.232937,0.554587,4.411789,1.968063,0.380189,3.815555,109.445840,0.171815,1.000000,4.241152,301.131868,0.416503,5.477237,50.042386,238.312402,13.365938,0.265641,0.043245,0.358689,0.011963,100.699681,0.321724,0.734886,7.121406,32.817891,149.782748,8.609991,0.256534,4.607112,49.996805,0.159734,0.491366,16.250651,0.359662,3.376978,0.084250,6.181818,0.280992,1.603306,9.545455,7705.863636,32055.500000,1928.177008,0.341149,3.181818,0.144628,0.351971,4.229802,0.116119,3.970573,0.034537,6867.497934,3.956213,0.019713,2.395584,0.009204,0.211671,0.898623,0.898623,30.319044,633.500000,27.245379,93.413351,0.147456,633.500000,1.096128,0.912302,0.395875,55.682505,0.898623,27.245379,30.319044,31.000000,29.000000,42.449971,42.449971,633.500000,27.245379,1.096128,0.912302,93.413351,0.147456,633.500000
"52aa6833-a31a-4fa6-8d48-19f5551b7c91","Detection","nuclei_tumor",221.308136,589.365784,80.000000,123.000000,13026058.000000,1.604197,25.000000,2.870941,147.000000,103.162321,14.289555,105.000000,55.000000,92.000000,10.096405,104.668398,-0.415885,17.692060,13026058.000000,0.384485,313.008976,7.224244,11.079664,-1.149650,1.963748,0.265673,0.761666,0.259097,0.845723,0.198542,0.871548,0.871109,0.984488,0.948400,-0.380575,0.000000,0.253343,2.607628,0.240011,2.591832,0.406839,5.215256,2.306760,0.557355,4.283211,196.902439,0.165603,1.000000,4.059272,457.153070,0.560089,7.463415,49.092515,348.427250,11.076038,0.215698,0.039430,0.346421,0.008023,198.979695,0.336683,0.663162,8.204738,29.651438,213.736041,6.402543,0.199474,4.795306,88.949239,0.150506,0.497056,13.461368,0.351916,3.235914,0.065010,10.793103,0.372176,1.374554,10.793103,17128.172414,129461.724138,2730.686063,0.256705,3.413793,0.117717,0.247659,3.006736,0.046192,4.306257,0.024390,15447.172414,9.869375,0.010692,1.291929,0.021756,0.052726,0.712412,0.712412,46.692535,1197.500000,33.264339,130.616136,0.109074,1197.500000,1.133726,0.882047,0.452590,72.780147,0.712412,33.264339,46.692535,40.000000,43.000000,58.728187,58.728187,1197.500000,33.264339,1.133726,0.882047,130.616136,0.109074,1197.500000
"9ac381cc-9ce6-452f-9725-04f1dd2a0c78","Detection","nuclei_histiocyte",575.281799,582.962952,93.000000,129.000000,3892343.000000,1.344171,18.000000,3.293874,156.000000,111.343042,10.924645,111.000000,73.000000,83.000000,7.582553,112.234484,0.055611,14.117587,3892343.000000,0.494957,199.306270,9.039964,4.822919,-0.095551,1.134323,0.285080,0.598310,0.281528,0.870631,0.205822,0.859828,0.859591,0.989064,0.953163,-0.241948,0.000000,0.278419,2.971137,0.326674,2.282996,0.541741,5.942274,1.990872,0.354851,3.907630,47.174757,0.152669,1.000000,3.714603,152.941748,0.381500,9.265372,42.766990,390.016181,5.269262,0.134810,0.048086,0.473219,0.008179,65.393617,0.347838,0.654227,9.686170,18.351064,166.319149,2.255653,0.152632,4.337999,34.095745,0.181360,0.608414,7.545156,0.381696,4.069948,0.067358,4.571429,0.326531,1.352041,10.785714,3140.785714,28267.214286,356.122044,0.198294,1.857143,0.132653,0.278208,2.765155,0.051424,3.521641,0.045307,2653.637755,1.630972,0.033639,2.650470,0.009905,0.296904,0.574326,0.574326,26.629180,310.500000,15.293821,76.231073,0.245511,310.500000,1.489336,0.671440,0.263202,24.613846,0.574326,15.293821,26.629180,23.000000,23.000000,32.526912,32.526912,310.500000,15.293821,1.489336,0.671440,76.231073,0.245511,310.500000
"b07dae2f-f81c-455f-b9b2-8971c53e2e59","Detection","nuclei_histiocyte",785.672729,590.346436,59.000000,97.000000,3152254.000000,1.547979,19.000000,3.604104,133.000000,77.732535,12.131155,76.000000,39.000000,94.000000,8.120508,79.321650,0.447188,15.798011,3152254.000000,0.396066,249.577165,6.977005,9.123906,0.298211,1.652217,0.308021,0.685731,0.305882,0.897357,0.214457,0.847415,0.847273,0.988170,0.949071,-0.303585,0.000000,0.304011,2.577005,0.231745,2.584212,0.339037,5.154011,2.270003,0.490059,4.211029,70.073852,0.139868,1.000000,4.309353,198.429142,0.504747,7.331337,42.620758,281.251497,8.734594,0.196333,0.042887,0.394300,0.007022,102.793333,0.342644,0.655322,8.476667,19.980000,137.080000,3.896611,0.179862,4.403151,57.506667,0.191689,0.598802,8.824400,0.419813,4.320803,0.058941,4.142857,0.295918,1.061224,11.857143,6331.357143,43492.785714,1099.068869,0.168532,1.285714,0.091837,0.051345,0.807322,0.003942,3.807355,0.027944,5050.739796,3.454275,0.020291,2.810999,0.013862,0.192938,0.574509,0.574509,34.031626,496.500000,19.551472,89.940447,0.181149,496.500000,1.296525,0.771292,0.328407,38.320022,0.574509,19.551472,34.031626,22.000000,32.000000,38.832976,38.832976,496.500000,19.551472,1.296525,0.771292,89.940447,0.181149,496.500000
"77d91121-c33a-4c67-85b2-7e643af8a6d9","Detection","nuclei_lymphocyte",613.796570,595.035889,67.000000,105.000000,2068500.000000,1.552896,21.000000,4.701467,150.000000,83.746479,12.610296,80.000000,60.000000,90.000000,8.559023,85.343135,1.262364,16.431007,2068500.000000,0.396771,269.977981,3.523763,10.267225,1.565662,1.651180,0.317168,0.677732,0.305529,0.922342,0.223820,0.849176,0.848400,0.987894,0.949356,-0.292876,0.000000,0.295344,1.786130,0.246239,2.498295,0.394762,3.572260,2.170703,0.492087,4.178007,39.000000,0.137324,1.000000,5.077366,112.683099,0.566604,4.049296,42.098592,129.000000,22.688032,0.467668,0.067700,0.556006,0.020501,57.640884,0.318458,0.811269,5.646409,18.464088,59.381215,9.707778,0.366196,4.251316,42.270718,0.233540,0.637324,8.616282,0.487682,3.702973,0.131266,4.750000,0.296875,1.308594,9.937500,1807.000000,6255.875000,727.852326,0.269861,4.000000,0.250000,0.489578,5.915271,0.098776,3.452820,0.056338,1491.937500,2.713827,0.039640,3.164833,0.015094,0.509178,0.577874,0.577874,25.781463,283.500000,14.898438,68.659656,0.242186,283.500000,1.323245,0.755718,0.281142,28.083655,0.577874,14.898438,25.781463,17.000000,26.000000,31.064449,31.064449,283.500000,14.898438,1.323245,0.755718,68.659656,0.242186,283.500000
"9ba2537c-d00c-49ec-8bbd-1a1178892294","Detection","nuclei_tumor",8.817999,599.382629,89.000000,122.000000,3839141.000000,1.333654,15.000000,3.312258,138.000000,105.438235,10.144446,106.000000,62.000000,76.000000,6.711911,106.261899,-0.142427,13.204913,3839141.000000,0.474377,174.369715,7.800800,4.940253,-0.450838,1.233999,0.272000,0.638778,0.267200,0.853636,0.200604,0.867200,0.866880,0.984085,0.946720,-0.272983,0.000000,0.263000,2.749600,0.301879,2.307188,0.496000,5.499200,2.020433,0.376500,4.036134,51.029412,0.150087,1.000000,3.923495,161.288235,0.375182,8.067647,44.958824,357.961765,6.824714,0.160784,0.044410,0.427215,0.006462,73.757895,0.388199,0.519557,8.242105,20.652632,168.768421,3.000146,0.173940,4.356037,31.336842,0.164931,0.558824,7.843767,0.363529,3.283952,0.061704,3.545455,0.322314,0.991736,10.545455,3907.636364,32382.090909,517.217172,0.195076,1.727273,0.157025,0.283090,3.848232,0.024578,3.095795,0.032353,2952.264463,2.869790,0.030024,1.531830,0.015527,0.161085,0.698007,0.698007,25.742673,331.500000,17.968575,73.412514,0.221456,331.500000,1.293739,0.772953,0.297340,31.412981,0.698007,17.968575,25.742673,21.000000,23.000000,31.144823,31.144823,331.500000,17.968575,1.293739,0.772953,73.412514,0.221456,331.500000
"564827b8-4ed1-403f-950d-b56e24c8f6fa","Detection","nuclei_histiocyte",509.311096,600.414795,67.000000,104.000000,2076187.000000,1.530856,21.000000,4.483161,145.000000,85.163043,12.358066,83.000000,56.000000,89.000000,8.115534,86.731867,1.081892,16.421714,2076187.000000,0.412755,269.672692,3.636911,7.569344,1.007036,1.424637,0.471414,0.502741,0.389168,1.114462,0.319963,0.818372,0.813641,0.973912,0.924822,-0.158489,0.000000,0.324306,1.843531,0.241406,2.634606,0.422267,3.687061,2.136200,0.474013,4.169707,35.434783,0.128387,1.000000,4.866677,113.920290,0.556855,4.286232,37.224638,125.626812,17.047403,0.429549,0.085365,0.713082,0.020016,65.123223,0.308641,0.828553,5.706161,10.881517,39.601896,4.670024,0.369471,3.909419,52.715640,0.249837,0.764493,4.037465,0.495756,3.969839,0.114772,7.857143,0.374150,0.761905,9.761905,1370.095238,4942.523810,491.601190,0.195106,5.761905,0.274376,0.512626,5.755992,0.054324,3.268049,0.076087,1197.360544,4.859506,0.034674,1.993432,0.032096,0.178564,0.395495,0.395495,29.989654,270.000000,11.860766,70.706385,0.261875,270.000000,1.473478,0.678666,0.256213,23.324052,0.395495,11.860766,29.989654,26.000000,20.000000,32.802439,32.802439,270.000000,11.860766,1.473478,0.678666,70.706385,0.261875,270.000000
"62e4e1ce-d004-4110-893e-8f1c8eb38797","Detection","nuclei_endothelium",682.924744,616.518311,83.000000,133.000000,7527031.000000,1.763768,30.000000,2.411158,152.000000,109.288052,16.129411,111.000000,55.000000,97.000000,12.102626,110.991890,-0.272758,19.373210,7527031.000000,0.320210,375.321281,8.712240,14.714651,-0.950529,2.487169,0.401910,0.721773,0.383681,1.015964,0.254699,0.811198,0.809983,0.984687,0.936487,-0.293146,0.000000,0.367730,2.861979,0.150617,3.028261,0.253038,5.723958,2.591130,0.722270,4.607770,87.821604,0.143734,1.000000,3.705428,195.648118,0.712009,9.000000,36.387889,330.505728,6.582069,0.179882,0.057033,0.592560,0.009441,146.080717,0.327535,0.698787,9.116592,12.493274,116.049327,2.133058,0.176578,4.277249,102.300448,0.229373,0.729951,4.986165,0.465212,4.424589,0.077055,7.750000,0.322917,1.305556,11.333333,3591.291667,32036.208333,478.459711,0.218102,3.583333,0.149306,0.352012,5.410368,0.035851,3.819774,0.039280,2943.164931,4.131567,0.017481,3.076191,0.021938,0.144841,0.612294,0.612294,35.878947,600.000000,21.968462,93.426966,0.155712,600.000000,1.157666,0.863807,0.374859,49.927306,0.612294,21.968462,35.878947,35.000000,24.000000,42.438190,42.438190,600.000000,21.968462,1.157666,0.863807,93.426966,0.155712,600.000000
"d796bd43-2071-4360-811d-7ff5a5e8f2c0","Detection","nuclei_lymphocyte",449.280151,623.820190,57.000000,111.000000,3637460.000000,1.678689,25.000000,2.964577,142.000000,79.190476,15.819990,74.000000,42.000000,100.000000,11.133644,81.621165,0.778344,19.770765,3637460.000000,0.364301,390.883133,7.211973,14.762128,2.596172,2.192599,0.371443,0.710268,0.330226,0.997574,0.262394,0.841266,0.839009,0.986108,0.945909,-0.296875,0.000000,0.298795,2.599362,0.231203,2.750430,0.414622,5.198724,2.339813,0.641010,4.366858,73.582418,0.134766,1.000000,5.149123,198.908425,0.699020,7.800366,42.838828,273.320513,8.829736,0.188122,0.063296,0.785136,0.008494,106.383333,0.295509,0.866173,10.000000,18.272222,114.305556,3.772250,0.160319,4.294292,91.194444,0.253318,0.659341,9.071111,0.513633,6.246839,0.066637,6.642857,0.237245,1.391582,13.392857,3002.500000,16620.535714,637.825456,0.163581,4.714286,0.168367,0.399037,6.934250,0.035339,4.021641,0.051282,2622.250000,4.408198,0.020561,2.813078,0.020356,0.176817,0.403420,0.403420,41.924267,551.500000,16.913100,99.222200,0.179913,551.500000,1.420569,0.703943,0.314816,35.214120,0.403420,16.913100,41.924267,31.000000,34.000000,46.010868,46.010868,551.500000,16.913100,1.420569,0.703943,99.222200,0.179913,551.500000
"0e0cfd50-1c08-4126-a891-6a0c3c386703","Detection","nuclei_lymphocyte",759.685730,616.567627,68.000000,101.000000,1935343.000000,1.322254,17.000000,4.356674,138.000000,83.825279,10.125206,82.000000,63.000000,75.000000,7.178347,84.820892,0.920621,12.957865,1935343.000000,0.478200,167.906275,3.479716,4.358384,0.261442,1.079002,0.276876,0.591591,0.272819,0.859835,0.202446,0.864266,0.863996,0.983785,0.945571,-0.239525,0.000000,0.269270,1.810852,0.321040,2.185999,0.516227,3.621704,1.898542,0.338969,3.810830,40.159851,0.149293,1.000000,4.783820,128.635688,0.380841,3.877323,45.052045,150.985130,19.642839,0.423559,0.054194,0.327887,0.018206,55.038710,0.355088,0.589386,4.851613,22.309677,79.238710,8.997670,0.389247,4.153330,29.709677,0.191675,0.576208,10.262060,0.416968,2.707065,0.126752,5.000000,0.454545,0.776860,7.727273,3087.000000,11231.909091,1074.993056,0.280934,2.090909,0.190083,0.406344,3.000354,0.125485,3.027169,0.040892,2488.975207,3.532867,0.037957,1.732118,0.016541,0.231431,0.832644,0.832644,20.347213,262.500000,16.941981,59.133924,0.225272,262.500000,1.060069,0.943335,0.325686,37.687810,0.832644,16.941981,20.347213,19.000000,18.000000,26.172505,26.172505,262.500000,16.941981,1.060069,0.943335,59.133924,0.225272,262.500000
"bf3eb5d8-2bbb-4699-997f-100b7e9bf493","Detection","nuclei_lymphocyte",559.610107,621.444031,79.000000,140.000000,1712243.000000,1.995240,33.000000,2.313533,159.000000,108.421429,18.051531,107.000000,65.000000,94.000000,13.570945,110.590719,0.208422,21.796811,1712243.000000,0.280918,475.100969,8.454545,22.750291,0.457737,2.972325,0.672727,0.630882,0.591919,1.200787,0.322359,0.717508,0.712121,0.974769,0.903271,-0.190756,0.000000,0.521212,2.807071,0.103783,3.558631,0.179798,5.614141,2.812725,0.911263,4.317522,28.171429,0.201224,1.000000,1.927755,39.328571,0.949541,9.235714,19.328571,172.292857,3.762058,0.200474,0.097779,1.081379,0.016047,44.533742,0.273213,0.996951,9.668712,3.889571,34.601227,0.783708,0.193032,3.573390,63.061350,0.386879,1.164286,0.938763,0.623208,6.456307,0.109777,4.333333,0.288889,1.555556,12.666667,259.866667,2157.933333,39.127870,0.215981,1.933333,0.128889,0.257311,3.742094,0.024580,3.773557,0.107143,172.755556,1.279073,0.069805,3.609890,0.039295,0.511640,0.832512,0.832512,14.703262,135.500000,12.240646,43.020012,0.317491,135.500000,1.086906,0.920043,0.270931,26.080709,0.832512,12.240646,14.703262,13.000000,14.000000,19.104973,19.104973,135.500000,12.240646,1.086906,0.920043,43.020012,0.317491,135.500000
"0297ece9-d1bd-437b-a67c-8de14287372b","Detection","nuclei_histiocyte",728.017456,626.650879,54.000000,114.000000,3070845.000000,2.007879,38.000000,2.735822,158.000000,82.328537,20.277936,81.000000,44.000000,114.000000,15.458426,85.814548,0.563470,24.210507,3070845.000000,0.286280,586.148658,8.320000,27.683113,2.710597,3.359511,0.471613,0.753799,0.378710,1.107398,0.328192,0.824677,0.819935,0.987740,0.947488,-0.337100,0.000000,0.311129,2.756452,0.169834,3.232622,0.330323,5.512903,2.704214,0.957781,4.581631,57.306954,0.137427,1.000000,5.209565,119.378897,1.047645,9.136691,40.266187,291.088729,8.150771,0.195610,0.087618,1.346034,0.011035,63.304833,0.235334,1.361866,11.654275,19.345725,147.011152,3.856378,0.180485,4.600290,63.349442,0.235500,0.645084,9.733420,0.486651,7.035615,0.070923,7.764706,0.228374,1.751730,16.147059,1069.911765,6442.470588,226.483407,0.156675,11.705882,0.344291,0.599572,11.345452,0.041762,3.594201,0.081535,919.488754,2.217269,0.032028,4.455900,0.022801,0.387369,0.666120,0.666120,28.667608,411.000000,19.096059,78.053159,0.189910,411.000000,1.179585,0.847756,0.336265,40.175803,0.666120,19.096059,28.667608,18.000000,28.000000,33.286634,33.286634,411.000000,19.096059,1.179585,0.847756,78.053159,0.189910,411.000000
"1f91c88b-7594-435e-b37c-90e40e470c38","Detection","nuclei_lymphocyte",540.829163,625.744324,61.000000,101.000000,1693967.000000,1.408234,16.000000,4.036161,136.000000,77.003650,12.194550,73.000000,53.000000,83.000000,7.991803,78.627993,1.145386,15.899662,1693967.000000,0.422958,252.799257,2.572139,6.351731,1.656531,1.409361,0.361194,0.591999,0.335323,0.985254,0.248752,0.836650,0.834925,0.979210,0.933798,-0.206762,0.000000,0.312687,1.519900,0.269567,2.371992,0.451741,3.039801,1.977185,0.442639,3.995946,37.058394,0.135250,1.000000,4.685279,115.890511,0.506327,3.003650,40.335766,84.872263,31.306519,0.641271,0.071338,0.463495,0.022481,66.544974,0.352090,0.602167,4.291005,14.359788,30.412698,11.193857,0.460170,3.895050,42.851852,0.226729,0.689781,5.952857,0.469801,2.718329,0.127882,5.666667,0.377778,0.595556,8.066667,1746.666667,2639.400000,1544.154630,0.200926,4.733333,0.315556,0.551451,5.560863,0.064113,2.999581,0.054745,1412.995556,6.815303,0.033899,2.094123,0.025033,0.256126,0.933194,0.933194,19.410845,279.000000,18.114090,60.548723,0.217021,279.000000,1.045673,0.956322,0.334096,39.659371,0.933194,18.114090,19.410845,19.000000,19.000000,26.870058,26.870058,279.000000,18.114090,1.045673,0.956322,60.548723,0.217021,279.000000
"f6d975c4-9d87-4a3b-83b7-0e39531ff60c","Detection","nuclei_histiocyte",322.915070,626.218750,70.000000,115.000000,3289742.000000,1.667098,27.000000,2.652658,146.000000,93.679558,14.687067,93.000000,61.000000,85.000000,11.104262,95.329351,0.289259,17.658581,3289742.000000,0.350646,311.825494,5.351976,9.474753,-0.031091,1.950673,0.342282,0.701449,0.321402,0.960207,0.238983,0.842779,0.841387,0.980234,0.936416,-0.307269,0.000000,0.303132,2.224832,0.194911,2.757658,0.328113,4.449664,2.377839,0.573239,4.392900,54.215470,0.149766,1.000000,4.016605,126.933702,0.604476,5.798343,41.287293,220.737569,13.733847,0.311464,0.054233,0.429613,0.015321,71.931507,0.328454,0.686933,6.433790,19.853881,109.552511,6.169711,0.288749,4.425629,42.726027,0.195096,0.604972,8.924668,0.393406,2.956410,0.100765,5.555556,0.308642,1.333333,8.444444,2083.666667,10459.388889,542.544753,0.352238,2.666667,0.148148,0.341653,3.677307,0.097457,3.683542,0.049724,1679.209877,5.000451,0.029548,1.608786,0.029305,0.144605,0.796194,0.796194,24.258017,365.000000,19.314079,71.370624,0.195536,365.000000,1.110545,0.900459,0.341538,41.445713,0.796194,19.314079,24.258017,21.000000,21.000000,29.698485,29.698485,365.000000,19.314079,1.110545,0.900459,71.370624,0.195536,365.000000
"4736366d-5623-4405-82df-ec49bbc80344","Detection","nuclei_histiocyte",498.774200,624.914001,74.000000,123.000000,856643.000000,1.645845,26.000000,2.738460,145.000000,95.966667,13.966667,96.000000,61.000000,84.000000,10.785319,97.561548,0.279883,17.568564,856643.000000,0.362222,308.654444,5.300330,6.582062,0.023393,1.655154,0.452145,0.570877,0.419142,1.071839,0.276465,0.795930,0.793729,0.973986,0.917272,-0.192303,0.000000,0.390264,2.235974,0.184426,2.848532,0.336634,4.471947,2.339440,0.526825,4.051110,12.977778,0.144198,1.000000,3.955062,32.600000,0.581358,6.077778,29.177778,148.122222,8.585571,0.281867,0.107606,1.201207,0.017498,23.701299,0.307809,0.769438,7.051948,8.597403,47.922078,2.277237,0.270743,3.723763,21.831169,0.283522,0.855556,3.132737,0.531466,4.639636,0.112583,3.444444,0.382716,1.209877,10.888889,306.000000,1759.222222,70.676698,0.213735,3.222222,0.358025,0.584430,9.002173,0.042614,1.879965,0.100000,206.000000,1.494066,0.094417,2.038819,0.036892,0.433189,0.571347,0.571347,14.328242,93.000000,8.186397,38.009597,0.408705,93.000000,1.236214,0.808921,0.223907,17.813058,0.571347,8.186397,14.328242,9.000000,15.000000,17.492856,17.492856,93.000000,8.186397,1.236214,0.808921,38.009597,0.408705,93.000000
"9498911c-b559-4dda-b9f0-2a0c391ba761","Detection","nuclei_lymphocyte",513.429321,636.108948,72.000000,96.000000,3211408.000000,0.927595,13.000000,2.808747,116.000000,83.572687,7.600439,83.000000,61.000000,55.000000,5.503594,84.104613,0.258847,9.444144,3211408.000000,0.646073,89.191853,3.640143,1.722533,-0.335860,0.629886,0.158551,0.597809,0.158551,0.630832,0.133413,0.920724,0.920724,0.984145,0.960362,-0.293014,0.000000,0.158551,1.876781,0.522317,1.541694,0.708432,3.753563,1.383143,0.197109,3.231345,104.295154,0.229725,1.000000,3.795921,293.317181,0.203832,3.817181,56.246696,208.200441,19.266581,0.359337,0.040864,0.227573,0.013490,75.426966,0.423747,0.421064,4.353933,45.831461,172.966292,14.659488,0.386236,4.507517,21.842697,0.122712,0.392070,19.809999,0.314904,1.841016,0.106640,7.875000,0.492188,0.839844,6.187500,8162.125000,32124.812500,2180.619792,0.397569,4.000000,0.250000,0.469114,3.651538,0.115511,2.905639,0.035242,7356.984375,5.722902,0.030844,0.482819,0.011114,0.071122,0.423787,0.423787,37.451779,462.000000,15.871594,89.647805,0.194043,462.000000,1.384291,0.722391,0.307084,33.505596,0.423787,15.871594,37.451779,30.000000,29.000000,41.725292,41.725292,462.000000,15.871594,1.384291,0.722391,89.647805,0.194043,462.000000
"31671e5b-19d7-4ab9-adae-500df02afbf7","Detection","nuclei_endothelium",696.737976,635.274536,72.000000,123.000000,4286762.000000,1.773485,28.000000,2.528037,152.000000,95.565410,15.819165,93.000000,59.000000,93.000000,11.642166,97.493669,0.472124,19.294245,4286762.000000,0.333592,372.267894,5.794934,17.026196,1.711641,2.501700,0.366707,0.744313,0.358263,0.970658,0.238355,0.822276,0.821713,0.985963,0.940491,-0.320187,0.000000,0.350875,2.293727,0.174813,2.971248,0.341375,4.587455,2.582051,0.717102,4.553995,63.966741,0.141833,1.000000,3.979351,150.450111,0.713467,6.144124,37.035477,210.179601,11.444549,0.303566,0.064091,0.533838,0.016341,96.322684,0.307740,0.790005,6.763578,13.392971,74.217252,4.189553,0.290635,4.375440,67.281150,0.214956,0.694013,5.088263,0.428249,3.223088,0.112066,7.181818,0.326446,1.148760,9.090909,2353.590909,11131.954545,644.568422,0.273283,4.363636,0.198347,0.430573,5.094482,0.089095,3.788755,0.048780,1933.340909,4.060460,0.023938,3.236964,0.022167,0.225654,0.329058,0.329058,42.306445,453.500000,13.921269,95.349873,0.210253,453.500000,1.595339,0.626826,0.274803,26.831602,0.329058,13.921269,42.306445,39.000000,20.000000,43.829214,43.829214,453.500000,13.921269,1.595339,0.626826,95.349873,0.210253,453.500000
"128f2dbe-5e8d-46e8-99a3-fde11247cd1e","Detection","nuclei_lymphocyte",555.973450,642.172668,62.000000,121.000000,2101863.000000,1.816634,32.000000,2.681991,154.000000,88.517787,17.802715,85.000000,55.000000,99.000000,13.157644,91.146908,0.632422,21.733853,2101863.000000,0.312565,472.360356,4.374459,15.468576,1.865007,2.482519,0.392857,0.726744,0.343074,1.028367,0.275158,0.836760,0.833442,0.985286,0.944006,-0.328772,0.000000,0.299513,1.962662,0.181633,2.890521,0.287879,3.925325,2.465747,0.718844,4.359377,35.750988,0.141308,1.000000,5.220953,79.079051,0.814667,5.055336,40.984190,153.387352,21.815677,0.432223,0.060780,0.521402,0.017575,47.024242,0.284995,0.926134,6.921212,16.896970,66.957576,8.967741,0.302800,4.216358,39.193939,0.237539,0.652174,7.492525,0.491354,4.529839,0.090564,3.333333,0.277778,1.333333,10.333333,1531.250000,5500.583333,714.044421,0.252755,1.833333,0.152778,0.293859,3.399867,0.100198,3.418296,0.047431,1086.743056,2.546034,0.049291,3.020656,0.024425,0.487722,0.856459,0.856459,19.466378,251.000000,16.672164,58.194806,0.231852,251.000000,1.073705,0.931355,0.318987,36.153233,0.856459,16.672164,19.466378,18.000000,17.000000,24.758837,24.758837,251.000000,16.672164,1.073705,0.931355,58.194806,0.231852,251.000000
"1d52d1e7-62b1-4499-a566-df1e33dba874","Detection","nuclei_melanophage",625.575439,642.769104,38.000000,67.000000,254150.000000,1.165335,18.000000,2.501214,81.000000,52.224719,9.425578,53.000000,31.000000,50.000000,7.251642,53.437983,0.217236,11.322398,254150.000000,0.477086,128.196692,2.615132,1.429572,0.032689,0.925164,0.230263,0.601423,0.217105,0.784724,0.183128,0.893640,0.892763,0.977581,0.946382,-0.282848,0.000000,0.205592,1.562500,0.325928,1.931823,0.417763,3.125000,1.672332,0.288857,3.795203,14.662921,0.164752,1.000000,5.384674,42.460674,0.303497,2.921348,46.258427,119.573034,28.042135,0.557116,0.063842,0.307228,0.021722,23.500000,0.451923,0.373891,3.711538,18.038462,48.269231,10.608974,0.450321,3.553845,12.153846,0.233728,0.584270,6.321006,0.461812,2.313553,0.127082,1.800000,0.360000,0.560000,5.400000,735.800000,2126.800000,389.161111,0.344444,1.400000,0.280000,0.450233,3.050493,0.077946,2.321928,0.056180,418.960000,2.033083,0.122966,0.702639,0.022091,0.344574,0.736695,0.736695,12.482830,89.500000,9.196038,35.242032,0.393766,89.500000,1.104305,0.905547,0.241355,20.697391,0.736695,9.196038,12.482830,11.000000,11.000000,15.556349,15.556349,89.500000,9.196038,1.104305,0.905547,35.242032,0.393766,89.500000
"3fdb3e68-b1f9-46b2-8e10-a7a912dc656e","Detection","nuclei_lymphocyte",532.330688,647.779419,83.000000,119.000000,4512724.000000,1.458199,18.000000,3.774031,154.000000,100.726437,11.619236,101.000000,49.000000,105.000000,7.841224,101.853219,0.008460,15.108378,4512724.000000,0.418798,228.263094,12.551724,6.915893,-0.086649,1.408812,0.305419,0.643667,0.304187,0.892009,0.212889,0.848112,0.848030,0.991750,0.956567,-0.275979,0.000000,0.303110,3.503695,0.243512,2.464364,0.330049,7.007389,2.156758,0.428558,4.137535,66.714943,0.153368,1.000000,3.746207,182.177011,0.445892,12.995402,42.186207,523.206897,3.847789,0.091135,0.050380,0.811447,0.005914,95.894942,0.373132,0.608881,13.929961,19.789883,237.501946,1.848818,0.092676,4.365415,43.809339,0.170464,0.590805,8.330209,0.352789,5.433654,0.034762,4.333333,0.288889,1.848889,16.800000,4469.400000,60235.933333,359.961407,0.142389,3.133333,0.208889,0.435575,9.722870,0.081975,3.373557,0.034483,3628.400000,1.752727,0.021079,4.385962,0.008237,0.334932,0.744799,0.744799,27.379951,439.000000,20.392559,78.065554,0.177826,439.000000,1.104700,0.905223,0.359088,45.814513,0.744799,20.392559,27.379951,27.000000,21.000000,34.205263,34.205263,439.000000,20.392559,1.104700,0.905223,78.065554,0.177826,439.000000
"973b0d8f-931c-4dd3-ae0a-e29e1df39115","Detection","nuclei_lymphocyte",326.269165,647.408997,60.000000,104.000000,1168705.000000,1.436961,24.000000,3.000454,134.000000,79.531073,13.583836,76.000000,54.000000,80.000000,10.151603,81.257942,0.740050,16.663177,1168705.000000,0.402790,277.661464,2.827532,4.638668,0.994879,1.325526,0.444620,0.497646,0.403481,1.071057,0.281823,0.804720,0.802373,0.974672,0.920630,-0.144999,0.000000,0.371220,1.614715,0.214097,2.554506,0.341772,3.229430,2.070092,0.442537,4.035241,27.293785,0.154202,1.000000,3.820997,71.293785,0.485748,3.225989,32.932203,84.186441,22.281427,0.584942,0.082473,0.471698,0.027465,49.691176,0.365376,0.561365,4.022059,10.691176,29.132353,6.906556,0.481924,3.669154,33.455882,0.245999,0.768362,3.915874,0.485305,2.546198,0.156105,4.500000,0.375000,0.576389,7.250000,992.416667,2296.750000,677.308449,0.227431,3.666667,0.305556,0.546058,4.247673,0.091358,2.855389,0.067797,774.854167,4.392347,0.044875,2.486019,0.028664,0.312646,0.906163,0.906163,15.909726,174.000000,14.416801,50.118260,0.288036,174.000000,1.148769,0.870497,0.276682,27.199625,0.906163,14.416801,15.909726,15.000000,15.000000,21.213203,21.213203,174.000000,14.416801,1.148769,0.870497,50.118260,0.288036,174.000000
"5da5e4cf-f9a7-41a4-ae97-62d6ef737d32","Detection","nuclei_lymphocyte",461.218994,653.941833,56.000000,101.000000,3208415.000000,1.622301,24.000000,3.772033,150.000000,77.631164,13.713471,76.000000,39.000000,111.000000,9.752321,79.550202,0.590114,17.367704,3208415.000000,0.380009,301.637135,6.966369,10.495551,0.844665,1.699273,0.364687,0.646614,0.328954,0.991261,0.256476,0.841216,0.839096,0.990308,0.953632,-0.263593,0.000000,0.300169,2.575407,0.228109,2.685349,0.332633,5.150815,2.274387,0.515990,4.273029,70.964497,0.139969,1.000000,4.981089,192.664694,0.577804,7.542406,42.972387,277.972387,8.657138,0.193206,0.062523,0.762141,0.008874,101.244648,0.309617,0.829017,9.376147,18.574924,118.648318,3.722120,0.175222,4.362290,77.733945,0.237718,0.644970,8.959235,0.492911,5.728122,0.069037,10.357143,0.369898,1.320153,13.821429,3018.964286,20511.714286,526.348403,0.158611,4.357143,0.155612,0.373046,6.505365,0.030655,3.940760,0.055227,2691.095663,2.485855,0.021614,4.605935,0.011249,0.343292,0.749099,0.749099,29.519297,498.500000,22.112862,82.526923,0.165550,498.500000,1.087217,0.919779,0.375143,50.002963,0.749099,22.112862,29.519297,29.000000,23.000000,37.013511,37.013511,498.500000,22.112862,1.087217,0.919779,82.526923,0.165550,498.500000
"76dfd1d4-df98-4699-98ec-ee3093f915a1","Detection","nuclei_melanophage",651.298401,657.597778,41.000000,86.000000,1325633.000000,1.639286,21.000000,5.016987,126.000000,58.240793,14.637145,51.000000,36.000000,90.000000,9.853162,61.280782,1.510665,19.061592,1325633.000000,0.365198,363.344285,3.174847,14.590549,2.885700,2.022300,0.364264,0.694738,0.325920,0.992275,0.258040,0.843239,0.840874,0.986321,0.946579,-0.293267,0.000000,0.294180,1.661426,0.244558,2.584085,0.405675,3.322853,2.193727,0.596641,4.068839,48.892351,0.138505,1.000000,5.405773,128.915014,0.719579,3.824363,42.813031,99.501416,30.856680,0.566194,0.064558,0.553836,0.017277,66.390558,0.284938,0.926560,6.377682,18.575107,42.291845,13.986574,0.342022,3.957975,63.317597,0.271749,0.660057,9.393947,0.533442,4.795464,0.088915,5.333333,0.296296,0.916667,10.944444,2391.388889,5402.000000,1674.037330,0.163488,3.333333,0.185185,0.396751,5.411386,0.040759,3.794653,0.050992,2006.793210,4.138519,0.034449,3.110432,0.019852,0.436627,0.593480,0.593480,27.619808,348.500000,16.391808,73.352387,0.210480,348.500000,1.228615,0.813925,0.312973,34.802880,0.593480,16.391808,27.619808,28.000000,18.000000,33.286634,33.286634,348.500000,16.391808,1.228615,0.813925,73.352387,0.210480,348.500000
"3eb82a75-a6c7-4c1a-bfd5-60d775079525","Detection","nuclei_lymphocyte",289.026947,659.984314,51.000000,102.000000,1637564.000000,1.600748,26.000000,3.775150,144.000000,71.750000,15.572635,67.000000,43.000000,101.000000,11.279633,74.379505,1.076258,19.602253,1637564.000000,0.412368,384.248311,5.884191,12.483317,2.418756,1.790366,0.355699,0.668511,0.324449,0.981036,0.250432,0.842984,0.840901,0.986568,0.946669,-0.263070,0.000000,0.297105,2.350643,0.289575,2.590475,0.504596,4.701287,2.186877,0.536516,4.041737,40.601351,0.137167,1.000000,5.750183,122.060811,0.631437,6.581081,42.729730,223.655405,9.879098,0.233672,0.078143,0.855614,0.017153,52.513228,0.277848,0.969514,8.423280,19.904762,105.174603,4.640750,0.236536,4.276356,46.777778,0.247501,0.638514,10.093614,0.502350,5.103118,0.113223,6.391304,0.277883,1.644612,11.173913,1405.478261,6379.391304,334.835930,0.285181,4.913043,0.213611,0.436182,6.298396,0.091271,3.495237,0.077703,1239.852552,2.164812,0.039748,2.807804,0.018793,0.334396,0.835740,0.835740,21.335627,297.000000,17.831044,63.228565,0.212891,297.000000,1.071175,0.933554,0.333282,39.466198,0.835740,17.831044,21.335627,19.000000,21.000000,28.319605,28.319605,297.000000,17.831044,1.071175,0.933554,63.228565,0.212891,297.000000
"09234450-93be-4c4e-aac1-7ea83f30711e","Detection","nuclei_histiocyte",599.900635,661.669678,65.000000,108.000000,4804510.000000,1.475494,18.000000,3.464850,149.000000,87.629752,12.306334,88.000000,49.000000,100.000000,8.279746,89.114190,0.088097,16.197697,4804510.000000,0.431356,262.365396,9.272127,6.609936,0.312561,1.427949,0.249670,0.702352,0.247908,0.814963,0.188211,0.876339,0.876222,0.990411,0.958724,-0.337089,0.000000,0.246367,2.996257,0.301105,2.349636,0.508146,5.992514,2.093402,0.419405,3.993828,99.360331,0.164232,1.000000,4.299351,260.970248,0.458859,9.748760,48.560331,430.975207,6.377513,0.127128,0.043759,0.531041,0.006219,100.583333,0.322382,0.718185,11.637821,29.032051,255.173077,3.760623,0.118394,4.511378,51.480769,0.165002,0.515702,13.991576,0.361549,5.219238,0.038301,6.157895,0.324100,1.401662,13.105263,7488.473684,67183.052632,871.787076,0.160190,2.684211,0.141274,0.321450,4.155981,0.080391,4.037401,0.031405,6474.554017,2.815728,0.020700,2.385687,0.010660,0.175102,0.554003,0.554003,37.949199,604.000000,21.023980,100.058835,0.165660,604.000000,1.319059,0.758116,0.340470,41.186977,0.554003,21.023980,37.949199,38.000000,25.000000,45.486262,45.486262,604.000000,21.023980,1.319059,0.758116,100.058835,0.165660,604.000000
"d5c4b20d-02a4-444b-97cb-f13cfdc1b931","Detection","nuclei_lymphocyte",547.439331,666.069397,48.000000,100.000000,2378792.000000,1.744141,28.000000,2.808009,133.000000,70.595937,15.930476,68.000000,31.000000,102.000000,11.406388,73.278466,0.555488,19.645543,2378792.000000,0.352914,385.947342,5.621212,13.022569,1.394197,2.093067,0.446061,0.648651,0.395152,1.084131,0.289916,0.810909,0.807515,0.983249,0.935354,-0.237988,0.000000,0.350606,2.282424,0.200433,2.950370,0.393333,4.564848,2.452603,0.634782,4.466341,56.399549,0.127313,1.000000,4.857472,156.340858,0.704136,6.268623,37.293454,188.828442,11.086893,0.284746,0.069454,0.665311,0.016153,92.402985,0.275830,0.949557,7.865672,13.205970,68.919403,3.692061,0.260946,4.151806,92.432836,0.275919,0.756208,6.211129,0.533033,5.151627,0.114326,9.071429,0.323980,1.218112,11.321429,1995.392857,8659.535714,522.680069,0.222907,4.571429,0.163265,0.297870,3.900044,0.063384,3.937193,0.063205,1745.075255,4.046276,0.023255,3.342442,0.023843,0.207668,0.614583,0.614583,30.457830,437.000000,18.718873,80.182219,0.183483,437.000000,1.170752,0.854152,0.343391,41.896817,0.614583,18.718873,30.457830,27.000000,24.000000,36.124784,36.124784,437.000000,18.718873,1.170752,0.854152,80.182219,0.183483,437.000000
"d647d2cb-b7d1-42fe-b919-6ed1c262e5b8","Detection","nuclei_lymphocyte",498.861664,672.077942,65.000000,104.000000,3115987.000000,1.409159,19.000000,2.521621,116.000000,82.832200,11.614070,82.000000,50.000000,66.000000,8.360246,84.057898,0.229138,14.302338,3115987.000000,0.414298,204.556877,3.643727,5.168604,0.461429,1.455060,0.236906,0.719963,0.236906,0.789857,0.180782,0.881547,0.881547,0.976309,0.940773,-0.362450,0.000000,0.236906,1.827345,0.263794,2.288723,0.428745,3.654689,2.051817,0.422992,4.091900,73.566893,0.166818,1.000000,3.618040,182.705215,0.429214,3.886621,48.274376,180.984127,22.131456,0.449672,0.033478,0.136667,0.015281,87.306306,0.393272,0.465648,4.130631,26.279279,98.090090,11.780030,0.432558,4.518222,32.558559,0.146660,0.503401,10.494765,0.309535,1.410793,0.119007,2.750000,0.343750,0.750000,4.750000,9202.125000,32336.500000,3728.253472,0.479167,1.000000,0.125000,0.140728,0.191222,0.134054,3.000000,0.018141,6163.359375,12.787085,0.024219,0.667876,0.033562,0.064706,0.671879,0.671879,29.235082,447.000000,19.642445,80.623482,0.180366,447.000000,1.157193,0.864160,0.348370,43.120398,0.671879,19.642445,29.235082,21.000000,31.000000,37.443290,37.443290,447.000000,19.642445,1.157193,0.864160,80.623482,0.180366,447.000000
"37332365-c1d3-45cc-9dea-fadcbb9eaa9b","Detection","nuclei_histiocyte",373.385254,673.908203,71.000000,117.000000,3260523.000000,1.674226,29.000000,2.723537,149.000000,92.922865,15.414066,91.000000,56.000000,93.000000,11.458810,94.774242,0.387360,18.641303,3260523.000000,0.354659,347.498182,5.138785,11.081585,1.048401,2.020913,0.358590,0.698601,0.334584,0.981149,0.246643,0.836709,0.835109,0.979330,0.933883,-0.308009,0.000000,0.313578,2.173293,0.196526,2.795421,0.353338,4.346587,2.390433,0.594876,4.421743,52.245179,0.143926,1.000000,3.869909,128.741047,0.612587,5.542700,39.573003,222.980716,11.640993,0.328245,0.057025,0.384650,0.017099,79.213992,0.325984,0.696676,5.489712,13.423868,77.226337,3.800412,0.359682,4.328151,46.349794,0.190740,0.669421,4.497790,0.393905,2.316058,0.134894,7.727273,0.351240,1.068182,7.318182,1709.863636,8030.090909,427.758207,0.359533,3.000000,0.136364,0.296766,2.623016,0.056350,3.936260,0.060606,1437.613636,5.623477,0.028766,1.754299,0.031405,0.139051,0.458408,0.458408,32.408785,359.500000,14.856438,77.925994,0.216762,359.500000,1.344175,0.743951,0.294850,30.888947,0.458408,14.856438,32.408785,29.000000,20.000000,35.227830,35.227830,359.500000,14.856438,1.344175,0.743951,77.925994,0.216762,359.500000
"86a4fcb5-6e63-4395-9c80-c011c93b5246","Detection","nuclei_lymphocyte",519.353882,675.086426,55.000000,101.000000,2247337.000000,1.585598,23.000000,2.640926,124.000000,78.179487,13.690554,79.000000,40.000000,84.000000,9.949704,80.016683,0.070149,17.048088,2247337.000000,0.381839,290.637300,7.254420,8.494436,-0.381621,1.756955,0.267487,0.735743,0.267487,0.837835,0.195937,0.866257,0.866257,0.984265,0.946503,-0.355895,0.000000,0.267487,2.623367,0.239996,2.548424,0.386626,5.246733,2.280938,0.506110,4.193069,57.085470,0.162637,1.000000,3.777891,134.025641,0.532690,7.689459,45.125356,326.065527,8.638236,0.194108,0.052061,0.540567,0.008326,62.815385,0.322130,0.708060,8.692308,21.015385,154.984615,3.832906,0.190171,4.517607,30.589744,0.156870,0.555556,8.055385,0.330570,3.652771,0.050967,4.846154,0.372781,1.053254,11.000000,3177.153846,24923.153846,475.763355,0.185363,4.230769,0.325444,0.539834,7.169282,0.052215,2.807390,0.037037,2448.153846,3.186484,0.034145,1.423140,0.022173,0.165489,0.905354,0.905354,22.401831,349.000000,20.281597,68.502166,0.196281,349.000000,1.069974,0.934602,0.347291,42.853896,0.905354,20.281597,22.401831,21.000000,21.000000,29.698485,29.698485,349.000000,20.281597,1.069974,0.934602,68.502166,0.196281,349.000000
"34fd0db6-d11d-4c64-b9ba-52d3b06e2208","Detection","nuclei_stroma",907.458618,675.668762,91.000000,122.000000,1852982.000000,1.149372,17.000000,2.383507,134.000000,106.937500,9.889844,107.000000,82.000000,52.000000,7.381420,107.615694,0.034587,12.062694,1852982.000000,0.516484,145.508594,3.221239,2.106753,-0.106151,0.880069,0.276106,0.522380,0.276106,0.850091,0.199872,0.861947,0.861947,0.972389,0.930973,-0.194606,0.000000,0.276106,1.752212,0.323819,2.067269,0.511504,3.504425,1.791163,0.289044,3.771083,24.137500,0.150859,1.000000,3.724844,82.637500,0.290273,3.418750,41.087500,137.943750,17.755382,0.457813,0.049484,0.241578,0.018594,40.957895,0.431136,0.397784,3.600000,17.894737,63.031579,7.054971,0.478655,3.893304,18.010526,0.189584,0.593750,6.548476,0.332683,1.473652,0.130043,2.714286,0.387755,0.857143,4.857143,1724.571429,6507.857143,536.845238,0.511905,1.285714,0.183673,0.298482,2.607559,0.041913,2.521641,0.043750,1202.122449,3.907445,0.055939,0.817409,0.025056,0.146324,0.521410,0.521410,19.909718,157.000000,10.381133,50.298602,0.320373,157.000000,1.282337,0.779826,0.248308,21.907052,0.521410,10.381133,19.909718,20.000000,10.000000,22.360680,22.360680,157.000000,10.381133,1.282337,0.779826,50.298602,0.320373,157.000000
"df032418-a3ca-4e17-938b-2c8d0f81672f","Detection","nuclei_endothelium",692.073975,687.486267,76.000000,114.000000,1853768.000000,1.506753,18.000000,3.687861,147.000000,95.847716,11.551650,96.000000,61.000000,86.000000,8.039968,97.005102,0.390634,14.940055,1853768.000000,0.404674,223.205236,5.692197,5.426567,0.008220,1.405886,0.369942,0.583358,0.355491,0.983222,0.243568,0.824663,0.823699,0.978494,0.929383,-0.211616,0.000000,0.342847,2.330925,0.222528,2.608929,0.371387,4.661850,2.213886,0.443957,4.304649,25.730964,0.130614,1.000000,4.406246,79.720812,0.475560,6.071066,35.527919,200.994924,8.585166,0.252538,0.068836,0.516607,0.017511,50.006897,0.344875,0.634768,6.696552,12.896552,70.593103,3.113697,0.257136,4.038571,35.427586,0.244328,0.736041,5.513151,0.481294,3.575949,0.118933,3.615385,0.278107,1.159763,8.000000,979.153846,4899.538462,224.693376,0.326389,1.923077,0.147929,0.293497,2.724129,0.063728,3.700440,0.065990,749.514793,2.842706,0.045000,1.798769,0.024908,0.225321,0.433313,0.433313,25.816615,200.500000,11.186683,63.834728,0.318378,200.500000,1.617297,0.618316,0.221796,17.478739,0.433313,11.186683,25.816615,12.000000,26.000000,28.635642,28.635642,200.500000,11.186683,1.617297,0.618316,63.834728,0.318378,200.500000
"77f862ba-5f63-410a-b292-4c74e6774793","Detection","nuclei_lymphocyte",571.452881,689.725830,64.000000,119.000000,3257351.000000,1.760579,26.000000,2.632802,144.000000,89.349614,15.906517,86.000000,48.000000,96.000000,11.484870,91.507666,0.418195,19.755996,3257351.000000,0.335928,390.299364,9.813407,16.900587,2.082090,2.440957,0.374568,0.733927,0.359364,0.988535,0.245425,0.822852,0.821838,0.985715,0.940468,-0.307298,0.000000,0.346061,3.049067,0.178762,2.942385,0.338632,6.098134,2.537361,0.703881,4.509083,55.992288,0.143939,1.000000,4.089360,130.676093,0.720534,10.316195,37.992288,356.151671,5.277205,0.131958,0.064891,0.890429,0.008894,81.059259,0.300219,0.823443,11.470370,13.474074,128.666667,1.815885,0.124666,4.373779,57.525926,0.213059,0.694087,5.171139,0.443289,5.751416,0.050745,5.600000,0.280000,1.640000,14.600000,2168.750000,19742.150000,266.823250,0.151931,4.800000,0.240000,0.465725,8.319036,0.080255,3.541446,0.051414,1790.447500,2.403056,0.030846,2.865673,0.021040,0.240349,0.825069,0.825069,24.611200,394.500000,20.305929,73.644583,0.186678,394.500000,1.094019,0.914061,0.352177,44.068063,0.825069,20.305929,24.611200,25.000000,21.000000,32.649655,32.649655,394.500000,20.305929,1.094019,0.914061,73.644583,0.186678,394.500000
"ade7db40-1fe4-4fc1-a786-2d95bf2b1847","Detection","nuclei_histiocyte",283.324951,689.092102,77.000000,111.000000,1701541.000000,1.135884,20.000000,2.425408,124.000000,92.979275,10.889366,91.000000,63.000000,61.000000,8.136341,93.895019,0.355321,13.081632,1701541.000000,0.507853,171.129104,5.135174,1.930590,0.224592,0.833280,0.255814,0.530226,0.247093,0.831074,0.194759,0.877907,0.877326,0.974821,0.938663,-0.208708,0.000000,0.239462,2.234012,0.360204,1.979070,0.553779,4.468023,1.699548,0.272273,3.628892,29.165803,0.151118,1.000000,3.835647,98.015544,0.286665,5.507772,44.782383,224.575130,10.340818,0.235751,0.041575,0.274641,0.009628,46.779817,0.429173,0.405858,6.183486,21.357798,103.724771,5.027013,0.244393,3.891262,21.550459,0.197711,0.564767,8.817103,0.313203,2.120839,0.080862,4.555556,0.506173,0.691358,6.666667,1857.666667,8419.888889,439.456790,0.324074,1.444444,0.160494,0.150119,1.216712,0.031605,3.169925,0.046632,1397.802469,3.995785,0.051166,0.800673,0.022891,0.134256,0.506101,0.506101,22.190493,199.000000,11.230624,56.106344,0.281941,199.000000,1.258812,0.794400,0.267153,25.358445,0.506101,11.230624,22.190493,22.000000,12.000000,25.059928,25.059928,199.000000,11.230624,1.258812,0.794400,56.106344,0.281941,199.000000
"23901e2d-d830-4b74-b59a-b52501dcbb1b","Detection","nuclei_endothelium",660.892883,689.073792,95.000000,121.000000,812701.000000,0.926667,12.000000,2.387395,125.000000,107.357143,7.442857,108.000000,87.000000,38.000000,5.866667,107.749776,-0.087471,9.190112,812701.000000,0.620000,84.458163,3.283262,1.089965,-0.356771,0.579123,0.227468,0.435977,0.227468,0.773571,0.175726,0.886266,0.886266,0.977253,0.943133,-0.151534,0.000000,0.227468,1.787554,0.446214,1.656297,0.639485,3.575107,1.428829,0.201648,3.503744,10.114286,0.144490,1.000000,4.379592,43.400000,0.208367,3.500000,42.114286,151.242857,14.959127,0.406746,0.045171,0.180750,0.019213,22.304348,0.484877,0.331285,3.586957,13.913043,50.739130,4.803140,0.449879,3.324966,9.652174,0.209830,0.657143,4.650284,0.405910,1.751359,0.166167,1.500000,0.375000,0.687500,3.750000,741.500000,2856.250000,213.923611,0.590278,1.000000,0.250000,0.092103,0.592370,0.036481,2.000000,0.057143,435.250000,1.395089,0.125440,0.811430,0.016523,0.327709,0.776256,0.776256,10.864525,70.000000,8.433652,31.456336,0.449376,70.000000,1.124886,0.888979,0.223852,17.804264,0.776256,8.433652,10.864525,10.000000,10.000000,14.142136,14.142136,70.000000,8.433652,1.124886,0.888979,31.456336,0.449376,70.000000
"a2152009-235a-4b41-9a3d-96f5e25dd841","Detection","nuclei_histiocyte",264.574829,707.771118,87.000000,127.000000,5375082.000000,1.455656,20.000000,2.867702,150.000000,107.713656,12.078053,108.000000,67.000000,83.000000,8.374421,108.808950,-0.093534,15.399867,5375082.000000,0.435628,237.155893,8.290533,7.210585,-0.292423,1.558827,0.228994,0.743829,0.228994,0.776254,0.176556,0.885503,0.885503,0.991193,0.961834,-0.385327,0.000000,0.228994,2.821006,0.292034,2.365306,0.484024,5.642012,2.136312,0.446955,4.022952,78.035242,0.171884,1.000000,3.879582,197.775330,0.441659,8.552863,49.308370,406.094714,7.401856,0.155374,0.041645,0.452474,0.007380,79.091324,0.361148,0.623882,9.378995,28.821918,233.196347,4.336996,0.161641,4.617776,31.027397,0.141678,0.482379,11.631617,0.292897,3.277928,0.046130,5.285714,0.377551,1.372449,12.642857,5994.000000,49906.357143,795.432421,0.215159,3.285714,0.234694,0.375436,5.546264,0.090260,3.324863,0.030837,4942.387755,2.274985,0.027085,2.303326,0.009922,0.241671,0.528176,0.528176,33.260380,450.000000,17.567341,83.089391,0.184643,450.000000,1.220868,0.819089,0.335212,39.924610,0.528176,17.567341,33.260380,31.000000,23.000000,38.600518,38.600518,450.000000,17.567341,1.220868,0.819089,83.089391,0.184643,450.000000
"9d4c1fed-e4f6-4ee5-a5b3-6d901ee3c886","Detection","nuclei_endothelium",619.727966,708.600464,69.000000,117.000000,3617234.000000,1.725830,27.000000,2.832809,142.000000,92.767327,15.149887,91.000000,58.000000,84.000000,10.942730,94.623197,0.530879,18.648662,3617234.000000,0.343312,347.772596,5.524350,13.655085,1.065777,2.270011,0.437625,0.676747,0.398933,1.068015,0.278478,0.806982,0.804403,0.974940,0.921503,-0.252090,0.000000,0.365077,2.250834,0.164805,3.030068,0.319546,4.501668,2.536098,0.676909,4.595808,57.242574,0.141690,1.000000,3.788697,138.698020,0.668930,5.742574,35.193069,194.049505,11.412249,0.324275,0.060089,0.438464,0.016942,94.884746,0.321643,0.720023,6.111864,12.223729,65.864407,3.937382,0.314430,4.273782,66.071186,0.223970,0.730198,4.721701,0.450381,2.978233,0.129053,5.736842,0.301939,1.141274,8.631579,2187.789474,9963.157895,570.597588,0.300073,1.947368,0.102493,0.256262,3.363827,0.026484,3.892407,0.047030,1735.667590,6.229459,0.027341,1.659365,0.034814,0.125570,0.716899,0.716899,27.071501,408.000000,19.407534,77.950811,0.191056,408.000000,1.185144,0.843779,0.334468,39.747588,0.716899,19.407534,27.071501,27.000000,19.000000,33.015148,33.015148,408.000000,19.407534,1.185144,0.843779,77.950811,0.191056,408.000000
"631ad334-4a93-467e-89ea-efb13e12d395","Detection","nuclei_lymphocyte",56.335522,709.107178,56.000000,99.000000,2288690.000000,1.568542,24.000000,3.531709,153.000000,76.224000,13.714603,74.000000,42.000000,111.000000,9.945929,78.122809,0.595000,17.119438,2288690.000000,0.391630,293.075157,6.564841,8.426049,1.048600,1.618104,0.430836,0.579455,0.397695,1.051639,0.272675,0.806316,0.804467,0.988517,0.943761,-0.191460,0.000000,0.372098,2.503602,0.205270,2.772380,0.352305,5.007205,2.304805,0.512235,4.343139,48.632000,0.129685,1.000000,4.474340,146.861333,0.546731,7.018667,35.506667,221.632000,7.229792,0.206644,0.075832,0.814680,0.013590,94.535714,0.337628,0.728520,8.057143,12.671429,77.371429,2.695623,0.203138,4.151768,71.614286,0.255765,0.746667,5.496684,0.507993,4.652304,0.100560,7.074074,0.262003,1.410151,11.555556,1233.222222,7528.666667,239.860278,0.206728,4.925926,0.182442,0.399021,6.361769,0.040313,3.958229,0.072000,1040.320988,2.435776,0.023075,5.749986,0.012561,0.406474,0.590545,0.590545,28.578837,381.000000,16.877094,74.254923,0.194895,381.000000,1.151637,0.868329,0.335940,40.098357,0.590545,16.877094,28.578837,27.000000,18.000000,32.449961,32.449961,381.000000,16.877094,1.151637,0.868329,74.254923,0.194895,381.000000
"35532eab-7c4f-4597-98a1-73e80d69f0cd","Detection","nuclei_endothelium",638.914917,706.020935,70.000000,119.000000,1149886.000000,1.581145,25.000000,2.121439,129.000000,96.466667,13.918889,98.000000,65.000000,64.000000,10.888889,97.889649,-0.194609,16.630260,1149886.000000,0.370139,276.565556,6.088517,9.041627,-1.267862,1.958111,0.337321,0.706094,0.332536,0.935518,0.226740,0.834530,0.834211,0.980242,0.933652,-0.300467,0.000000,0.328349,2.383971,0.202062,2.698839,0.344498,4.767943,2.349545,0.573858,4.156777,19.650000,0.163750,1.000000,3.338889,44.416667,0.563264,6.125000,35.450000,225.475000,9.786632,0.289063,0.048142,0.309372,0.013034,29.891566,0.360139,0.580926,5.987952,12.771084,81.012048,3.507028,0.290161,3.967782,17.722892,0.213529,0.691667,4.409929,0.407748,2.515406,0.103583,1.400000,0.280000,1.040000,6.800000,860.800000,6207.400000,177.212500,0.334722,1.000000,0.200000,0.023811,0.360178,0.002296,2.321928,0.041667,284.800000,1.218476,0.093794,1.505302,0.024471,0.468887,0.868329,0.868329,13.435693,119.500000,11.666602,40.973851,0.342877,119.500000,1.117985,0.894467,0.257059,23.478364,0.868329,11.666602,13.435693,12.000000,12.000000,16.970563,16.970563,119.500000,11.666602,1.117985,0.894467,40.973851,0.342877,119.500000
"2faaafd8-6c24-4ccf-9197-45265f525937","Detection","nuclei_endothelium",664.022034,707.629639,58.000000,110.000000,2237160.000000,1.809885,28.000000,2.955211,154.000000,82.757282,15.960285,83.000000,40.000000,114.000000,11.586496,85.088190,0.292138,19.779594,2237160.000000,0.326882,391.232350,8.038630,14.940526,0.092326,2.357068,0.380158,0.722231,0.352063,1.004543,0.256210,0.828431,0.826778,0.989856,0.950196,-0.316607,0.000000,0.329553,2.746708,0.175623,2.969600,0.294118,5.493415,2.561526,0.684307,4.537050,42.650485,0.138027,1.000000,4.097339,101.006472,0.730910,8.676375,38.598706,295.012945,7.580538,0.184669,0.065601,0.919309,0.007873,62.081340,0.297040,0.910007,10.287081,14.028708,106.727273,2.653230,0.167309,4.378657,42.712919,0.204368,0.676375,5.285227,0.423509,5.456915,0.052384,5.666667,0.314815,1.250000,15.944444,1134.944444,8036.277778,204.774907,0.127423,3.666667,0.203704,0.437748,8.846660,0.025587,3.683542,0.058252,840.250000,1.459534,0.037498,4.564668,0.014748,0.527564,0.695572,0.695572,23.837509,310.500000,16.580700,65.086914,0.209620,310.500000,1.085715,0.921052,0.333615,39.545269,0.695572,16.580700,23.837509,24.000000,17.000000,29.410882,29.410882,310.500000,16.580700,1.085715,0.921052,65.086914,0.209620,310.500000
"f3d6c572-7d45-498f-93e4-3f26c642b1bd","Detection","nuclei_lymphocyte",540.493225,713.064636,37.000000,82.000000,937621.000000,1.502507,23.000000,3.473171,109.000000,53.440678,14.581442,46.000000,28.000000,81.000000,10.616420,56.377090,1.116227,17.957456,937621.000000,0.414674,322.470210,2.670381,12.141050,2.954566,1.827288,0.330548,0.693630,0.289694,0.944647,0.246625,0.861730,0.859239,0.981336,0.943397,-0.308737,0.000000,0.256138,1.515320,0.327013,2.311507,0.534819,3.030641,1.958552,0.539459,3.652126,52.952542,0.179500,1.000000,6.329170,122.328814,0.656662,3.271186,46.383051,83.528814,38.918526,0.649835,0.067780,0.554289,0.018380,53.329412,0.313702,0.766920,5.658824,25.552941,46.682353,21.931944,0.361029,3.910671,42.505882,0.250035,0.576271,13.507958,0.511254,3.966244,0.089856,6.529412,0.384083,0.643599,10.000000,1894.294118,2806.882353,1686.957925,0.165441,3.117647,0.183391,0.401424,5.275700,0.033070,3.263933,0.057627,1593.169550,6.802043,0.046835,1.421643,0.027157,0.293595,0.501064,0.501064,27.469343,294.000000,13.763894,68.986812,0.234649,294.000000,1.288175,0.776292,0.289483,29.774796,0.501064,13.763894,27.469343,16.000000,26.000000,30.528675,30.528675,294.000000,13.763894,1.288175,0.776292,68.986812,0.234649,294.000000
"bdfce928-adf4-459b-b597-480431d937cb","Detection","nuclei_lymphocyte",720.830383,712.044250,48.000000,105.000000,2068521.000000,1.942577,26.000000,5.077766,171.000000,77.242812,18.300177,75.000000,30.000000,141.000000,11.379150,81.293870,1.128024,25.342481,2068521.000000,0.317948,642.241362,6.995667,53.322799,5.538493,3.274227,0.508666,0.731071,0.428943,1.148179,0.324674,0.798166,0.793501,0.986625,0.940115,-0.290495,0.000000,0.365324,2.510832,0.162920,3.192570,0.259965,5.021664,2.682611,0.945723,4.636276,38.789137,0.123927,1.000000,4.984618,99.517572,1.095449,7.875399,35.076677,210.035144,10.361890,0.253575,0.090997,1.221461,0.017869,63.713693,0.264372,1.484651,10.066390,11.302905,74.215768,3.154274,0.210860,4.375946,64.103734,0.265991,0.769968,4.555844,0.522226,6.671286,0.082454,5.538462,0.213018,2.005917,15.076923,964.269231,6399.115385,198.837308,0.192788,6.230769,0.239645,0.485157,7.946448,0.101938,3.796218,0.083067,819.344675,2.107111,0.032937,5.123451,0.025832,0.521914,0.810406,0.810406,22.224593,312.500000,18.010942,64.411245,0.206116,312.500000,1.056485,0.946535,0.341061,41.330184,0.810406,18.010942,22.224593,18.000000,22.000000,28.425341,28.425341,312.500000,18.010942,1.056485,0.946535,64.411245,0.206116,312.500000
"696acb06-0fc2-4516-8c31-115bc0d707ad","Detection","nuclei_histiocyte",126.385803,712.204468,69.000000,117.000000,3773937.000000,1.710261,26.000000,2.729867,145.000000,91.737209,15.259156,90.000000,52.000000,93.000000,10.866412,93.683497,0.416730,18.996897,3773937.000000,0.350860,360.882104,5.350406,14.779182,1.543730,2.335545,0.379763,0.720280,0.361024,0.997874,0.249424,0.822611,0.821362,0.977992,0.928420,-0.296300,0.000000,0.344628,2.204872,0.180624,2.937449,0.352280,4.409744,2.519479,0.678827,4.505698,64.348837,0.149648,1.000000,3.556431,150.869767,0.664516,5.453488,37.520930,198.639535,12.327923,0.345042,0.052957,0.306927,0.016658,97.006645,0.322281,0.720809,5.631229,12.830565,66.744186,4.165744,0.352183,4.291411,62.933555,0.209082,0.700000,4.667299,0.399872,2.325276,0.126247,5.700000,0.285000,0.887500,5.950000,2605.300000,12220.150000,686.894792,0.377083,2.900000,0.145000,0.274601,1.636668,0.065207,3.884184,0.046512,2143.050000,6.463070,0.026634,1.581310,0.031686,0.130814,0.675368,0.675368,28.571758,432.000000,19.296452,78.765667,0.182328,432.000000,1.142826,0.875023,0.348661,43.192566,0.675368,19.296452,28.571758,26.000000,23.000000,34.713110,34.713110,432.000000,19.296452,1.142826,0.875023,78.765667,0.182328,432.000000
"67a924e8-6263-45c1-adfc-331d1c396978","Detection","nuclei_lymphocyte",189.327347,716.268677,51.000000,105.000000,2525863.000000,1.780307,30.000000,2.784596,149.000000,74.232394,16.879058,71.000000,38.000000,111.000000,12.595238,77.001661,0.635683,20.464787,2525863.000000,0.341213,418.807495,6.240403,12.507489,1.182812,2.169036,0.458150,0.651224,0.414097,1.088484,0.286674,0.800294,0.797357,0.982729,0.932033,-0.245084,0.000000,0.375551,2.410950,0.191790,2.983225,0.377596,4.821901,2.477358,0.656796,4.365495,54.906103,0.128888,1.000000,5.051577,145.356808,0.742936,6.969484,35.690141,187.917840,9.703558,0.248093,0.076293,0.895321,0.013705,89.049844,0.277414,0.952766,8.778816,13.277259,77.520249,3.327970,0.222029,4.124782,92.433022,0.287953,0.753521,6.232451,0.547714,5.904677,0.098362,7.592593,0.281207,1.566529,12.925926,1747.185185,8498.629630,414.044506,0.220947,4.185185,0.155007,0.361806,6.626745,0.034593,3.865999,0.063380,1498.246914,3.677969,0.025970,3.098270,0.024667,0.211941,0.791598,0.791598,26.310646,417.500000,20.827459,75.571736,0.181010,417.500000,1.088560,0.918645,0.358544,45.675903,0.791598,20.827459,26.310646,23.000000,24.000000,33.241540,33.241540,417.500000,20.827459,1.088560,0.918645,75.571736,0.181010,417.500000
"7fa619b6-b80d-4b5b-ba08-952ea1f142b7","Detection","nuclei_endothelium",682.638000,722.094543,96.000000,137.000000,2708578.000000,1.537224,24.000000,2.449117,151.000000,115.567839,13.113406,115.000000,73.000000,78.000000,9.812681,116.665954,-0.007869,15.969323,2708578.000000,0.383399,255.019267,9.812676,6.298572,-0.180448,1.624021,0.412676,0.594760,0.401408,1.011055,0.251547,0.801174,0.800423,0.984218,0.933367,-0.206435,0.000000,0.391549,3.083803,0.184454,2.776122,0.332394,6.167606,2.336924,0.509174,4.306392,29.894472,0.150223,1.000000,3.510972,76.296482,0.504230,10.211055,31.723618,324.954774,3.763078,0.125934,0.079593,0.847370,0.014367,60.660819,0.354742,0.589994,10.269006,8.736842,89.625731,1.020367,0.133224,3.788723,48.672515,0.284635,0.859296,3.319654,0.532021,5.711585,0.072141,4.571429,0.326531,1.352041,10.785714,935.785714,9187.285714,103.784107,0.198294,3.285714,0.234694,0.474954,5.223210,0.125471,3.521641,0.070352,733.739796,1.394353,0.042425,3.612385,0.017499,0.364541,0.456155,0.456155,24.140705,197.500000,11.011906,58.633125,0.296877,197.500000,1.385189,0.721923,0.248186,21.885549,0.456155,11.011906,24.140705,16.000000,22.000000,27.202941,27.202941,197.500000,11.011906,1.385189,0.721923,58.633125,0.296877,197.500000
"3e3cc838-cb65-40c6-8fe3-3ef623e37db2","Detection","nuclei_endothelium",617.878662,732.733276,75.000000,117.000000,3983180.000000,1.593774,22.000000,3.160363,155.000000,95.876190,13.549388,96.000000,47.000000,108.000000,9.522368,97.384608,0.016357,17.073898,3983180.000000,0.386542,291.518005,11.574632,9.051642,0.120278,1.695309,0.401025,0.617403,0.380525,1.018506,0.256225,0.813154,0.811787,0.989245,0.946005,-0.220273,0.000000,0.362588,3.354260,0.200550,2.808858,0.333120,6.708520,2.363279,0.524083,4.377263,57.209524,0.136213,1.000000,4.183923,162.347619,0.535692,11.838095,36.457143,427.957143,3.582722,0.106815,0.069130,0.978735,0.008076,104.723270,0.329318,0.733318,12.182390,11.666667,135.930818,1.167159,0.114053,4.159548,80.339623,0.252640,0.757143,4.689095,0.481069,6.182288,0.056599,6.857143,0.244898,1.678571,13.928571,1556.357143,17487.071429,150.036171,0.148700,4.428571,0.158163,0.366951,6.779603,0.042096,4.164498,0.066667,1331.357143,1.774782,0.023703,4.671618,0.010917,0.324457,0.565747,0.565747,31.058371,423.000000,17.571165,79.597569,0.188174,423.000000,1.191926,0.838978,0.336059,40.126724,0.565747,17.571165,31.058371,26.000000,24.000000,35.383612,35.383612,423.000000,17.571165,1.191926,0.838978,79.597569,0.188174,423.000000
"f7c093ac-0fe1-4c73-bd2f-b85b46bc3d07","Detection","nuclei_histiocyte",495.561249,732.911621,52.000000,112.000000,3809821.000000,1.967004,32.000000,2.720775,153.000000,79.867754,18.703122,76.000000,39.000000,114.000000,13.581872,83.077371,0.509992,22.869009,3809821.000000,0.292349,522.991569,8.032258,31.360093,2.444855,3.398707,0.446317,0.767847,0.419355,1.059624,0.270458,0.794816,0.793019,0.988047,0.940574,-0.318449,0.000000,0.395763,2.700770,0.133262,3.336177,0.256139,5.401541,2.843636,0.961256,4.720678,82.590580,0.149621,1.000000,3.426696,161.376812,0.936358,8.202899,33.358696,255.666667,7.755580,0.226080,0.058296,0.615951,0.011047,119.990566,0.282997,0.985938,8.731132,10.957547,87.632075,2.389118,0.217520,4.375776,100.665094,0.237418,0.768116,4.177910,0.464487,4.509358,0.084463,5.347826,0.232514,1.795841,11.869565,2952.782609,20165.130435,590.239915,0.253176,2.565217,0.111531,0.278507,4.991058,0.032800,4.088779,0.041667,2376.782609,3.213788,0.020885,4.955566,0.019948,0.306133,0.702506,0.702506,31.690429,556.500000,22.262717,86.661062,0.155725,556.500000,1.073923,0.931166,0.389183,53.815910,0.702506,22.262717,31.690429,31.000000,23.000000,38.600518,38.600518,556.500000,22.262717,1.073923,0.931166,86.661062,0.155725,556.500000
"921fc8fc-0774-450b-9352-108cb023a12f","Detection","nuclei_endothelium",573.968506,734.574280,62.000000,115.000000,3023674.000000,1.733967,27.000000,3.532890,157.000000,85.794344,16.345953,81.000000,54.000000,103.000000,11.799352,88.164283,0.891639,20.304466,3023674.000000,0.335479,412.271330,3.916089,13.377852,2.001226,2.144602,0.477809,0.635596,0.405687,1.118206,0.313227,0.808484,0.804369,0.982290,0.934053,-0.233282,0.000000,0.349129,1.870666,0.175030,2.916134,0.266990,3.741331,2.406453,0.655603,4.484982,50.773779,0.130524,1.000000,4.689329,130.501285,0.745158,4.532134,36.645244,130.388175,19.987808,0.469777,0.092154,0.926409,0.020673,85.293706,0.298230,0.967725,5.944056,12.636364,45.972028,6.906276,0.375658,4.191737,72.041958,0.251895,0.735219,5.236442,0.500292,3.973760,0.124865,7.967742,0.257024,1.159209,11.774194,1253.258065,3793.967742,689.503817,0.167572,11.129032,0.359001,0.614899,8.785860,0.058520,3.413085,0.079692,1095.796046,4.806541,0.025259,3.853208,0.025757,0.286778,0.958159,0.958159,23.237519,386.000000,22.265245,75.845675,0.196491,386.000000,1.185945,0.843210,0.329698,38.621978,0.958159,22.265245,23.237519,23.000000,25.000000,33.970576,33.970576,386.000000,22.265245,1.185945,0.843210,75.845675,0.196491,386.000000
"1d47f72e-10de-4cfd-aaa9-d77c9ff43556","Detection","nuclei_stroma",942.768005,733.428772,59.000000,117.000000,2710356.000000,1.821498,33.000000,2.890629,152.000000,85.243553,18.233299,82.000000,51.000000,101.000000,13.362216,88.125269,0.706447,22.351727,2710356.000000,0.313815,499.599708,4.071654,23.735607,3.645977,2.718780,0.462205,0.709395,0.391339,1.106771,0.309059,0.815945,0.811417,0.982813,0.936450,-0.287545,0.000000,0.331190,1.872835,0.184895,2.976353,0.320472,3.745669,2.473313,0.795246,4.366304,43.974212,0.126001,1.000000,5.443256,109.521490,0.875970,4.762178,37.727794,109.828080,24.589638,0.485321,0.074767,0.679627,0.018026,71.778210,0.279293,0.964284,7.011673,13.175097,39.556420,8.829715,0.306469,4.064456,68.307393,0.265788,0.736390,5.798695,0.522545,4.796788,0.094058,6.565217,0.285444,0.952741,11.304348,1106.304348,2535.391304,804.640640,0.152935,3.260870,0.141777,0.325283,4.516361,0.032949,4.055958,0.065903,876.056711,4.454996,0.032265,3.384350,0.029007,0.340418,0.344305,0.344305,36.659873,340.500000,12.622169,82.683889,0.242831,340.500000,1.597772,0.625872,0.255512,23.196578,0.344305,12.622169,36.659873,33.000000,18.000000,37.589892,37.589892,340.500000,12.622169,1.597772,0.625872,82.683889,0.242831,340.500000
"db6980ef-cc16-4832-a07f-264fc8ff0208","Detection","nuclei_lymphocyte",443.384369,742.785339,50.000000,92.000000,2757841.000000,1.544313,20.000000,3.879313,137.000000,69.785847,12.702198,67.000000,40.000000,97.000000,8.596430,71.663410,0.784812,16.296620,2757841.000000,0.418211,265.579837,5.375559,10.355182,1.101809,1.657555,0.251366,0.736641,0.245405,0.822236,0.191143,0.878291,0.877894,0.990380,0.959241,-0.363431,0.000000,0.240189,2.241431,0.295443,2.427008,0.497765,4.482861,2.160063,0.477230,4.030270,95.301676,0.177471,1.000000,4.456068,224.579143,0.524231,5.787709,49.074488,243.493482,13.863502,0.272531,0.045640,0.435161,0.008665,84.793358,0.312891,0.798219,7.623616,30.206642,144.863469,8.198495,0.239027,4.605324,45.250923,0.166978,0.504655,14.500483,0.377973,3.905904,0.057422,5.888889,0.327160,1.089506,11.833333,5787.166667,25224.333333,1440.632269,0.192037,2.777778,0.154321,0.359627,5.393431,0.025384,3.524945,0.033520,4897.138889,3.541882,0.023675,2.404635,0.012196,0.241921,0.613763,0.613763,33.851517,542.000000,20.776795,90.353032,0.166703,542.000000,1.198606,0.834303,0.356049,45.042528,0.613763,20.776795,33.851517,32.000000,24.000000,40.000000,40.000000,542.000000,20.776795,1.198606,0.834303,90.353032,0.166703,542.000000
"6b179ef9-3678-400a-9af7-55a647cde00b","Detection","nuclei_lymphocyte",405.819763,746.545654,63.000000,108.000000,1942204.000000,1.517772,20.000000,2.939807,137.000000,83.323420,13.295311,82.000000,51.000000,86.000000,9.679421,84.971108,0.519090,16.652234,1942204.000000,0.385829,277.296886,3.519427,7.063381,1.033680,1.581698,0.289366,0.690694,0.283231,0.880054,0.209146,0.859407,0.858998,0.983087,0.943558,-0.313859,0.000000,0.277863,1.787832,0.234417,2.459199,0.373211,3.575665,2.153344,0.467766,4.207243,41.914498,0.155816,1.000000,4.186786,103.788104,0.508368,3.921933,43.052045,153.230483,21.443128,0.474365,0.048891,0.277977,0.017229,55.262500,0.345391,0.643711,4.668750,18.700000,70.600000,8.747135,0.424392,4.294660,29.012500,0.181328,0.594796,7.393594,0.399727,2.584499,0.112257,2.777778,0.308642,0.913580,6.888889,2417.444444,7963.000000,1212.880401,0.334105,1.444444,0.160494,0.290402,2.476764,0.056397,2.947703,0.033457,1524.098765,4.234479,0.039165,1.832322,0.022865,0.240686,0.551340,0.551340,25.173516,270.000000,13.879178,65.167505,0.241361,270.000000,1.251666,0.798935,0.289562,29.791106,0.551340,13.879178,25.173516,17.000000,24.000000,29.410882,29.410882,270.000000,13.879178,1.251666,0.798935,65.167505,0.241361,270.000000
"40a30c7c-0bfe-4a9c-aff9-bc201c6a173d","Detection","nuclei_lymphocyte",546.160950,746.018250,71.000000,127.000000,4218838.000000,1.924466,32.000000,2.473409,159.000000,97.592417,17.935581,98.000000,51.000000,108.000000,13.370924,99.986231,0.214411,21.747795,4218838.000000,0.291975,472.966578,6.227476,19.684942,0.801151,2.828587,0.415974,0.743587,0.391693,1.035252,0.262551,0.808200,0.806581,0.984194,0.935296,-0.315307,0.000000,0.370447,2.371565,0.144900,3.147602,0.254952,4.743131,2.697739,0.811140,4.649324,56.440758,0.133746,1.000000,4.272793,123.213270,0.877855,6.881517,35.654028,203.071090,12.486380,0.297851,0.069731,0.776139,0.014767,83.487013,0.271062,1.005007,8.425325,13.701299,82.740260,4.304735,0.241198,4.324314,76.571429,0.248609,0.729858,6.192275,0.488171,5.013941,0.088898,6.407407,0.237311,1.654321,12.037037,1275.925926,7959.777778,297.873282,0.234835,4.111111,0.152263,0.359099,6.029302,0.057886,4.134336,0.063981,1031.640604,3.626577,0.027945,3.009906,0.028129,0.235179,0.544656,0.544656,31.839370,420.500000,17.341517,80.799462,0.192151,420.500000,1.235495,0.809392,0.326647,37.910452,0.544656,17.341517,31.839370,31.000000,20.000000,36.891733,36.891733,420.500000,17.341517,1.235495,0.809392,80.799462,0.192151,420.500000
"33426ea2-3e1e-4e19-adf5-cc778b91d7cb","Detection","nuclei_stroma",976.984436,751.014954,91.000000,121.000000,3091044.000000,1.243600,18.000000,3.012482,141.000000,105.130435,9.828607,104.000000,81.000000,60.000000,7.035265,105.827382,0.588186,12.125447,3091044.000000,0.462534,147.026465,2.837061,1.895587,0.058851,0.931732,0.335463,0.470542,0.318424,0.949357,0.234070,0.843628,0.842492,0.967240,0.921246,-0.152595,0.000000,0.303514,1.639510,0.270633,2.210217,0.402556,3.279020,1.840503,0.316799,3.943470,38.949275,0.141121,1.000000,4.588532,127.659420,0.337692,3.188406,37.028986,106.130435,20.136071,0.521337,0.086296,0.465507,0.026718,81.703518,0.410570,0.433120,3.778894,13.125628,37.376884,7.319654,0.467197,3.709616,46.165829,0.231989,0.721014,5.431277,0.463208,2.257694,0.158982,8.809524,0.419501,0.426304,6.095238,862.761905,2259.619048,516.246032,0.255291,6.523810,0.310658,0.564923,4.051013,0.091696,2.980342,0.076087,690.027211,9.337111,0.028314,0.967570,0.035543,0.075831,0.138288,0.138288,51.935390,267.500000,7.182025,108.818536,0.406798,267.500000,3.522671,0.283875,0.132952,6.280458,0.138288,7.182025,51.935390,48.000000,19.000000,51.623638,51.623638,267.500000,7.182025,3.522671,0.283875,108.818536,0.406798,267.500000
"998de1ee-dc54-4a21-b5d3-d040d72d0903","Detection","nuclei_histiocyte",300.168732,761.222595,81.000000,142.000000,10044852.000000,1.986955,38.000000,2.425792,174.000000,109.621079,20.151991,110.000000,51.000000,123.000000,15.403283,112.264542,0.196126,24.218722,10044852.000000,0.280215,586.546507,9.155548,30.018243,1.685924,3.534408,0.275429,0.855412,0.269485,0.859959,0.202807,0.866248,0.865852,0.989454,0.955227,-0.464652,0.000000,0.264283,2.888045,0.167285,3.030336,0.268824,5.776090,2.739196,0.952459,4.654985,130.809285,0.164127,1.000000,3.933446,223.331242,0.967984,9.521957,47.143036,422.282309,8.862849,0.182594,0.039005,0.421245,0.006758,111.382567,0.269691,1.027514,10.513317,23.970944,200.450363,4.589993,0.172751,5.056103,59.184019,0.143303,0.518193,9.074709,0.315976,3.619222,0.049663,4.578947,0.240997,1.612188,13.315789,7595.842105,60667.000000,1315.528406,0.193728,1.947368,0.102493,0.220426,3.115500,0.030574,4.037401,0.023839,5836.260388,4.720271,0.020611,2.045320,0.022277,0.162123,0.733789,0.733789,37.370958,805.000000,27.422390,105.953197,0.131619,805.000000,1.109743,0.901110,0.416438,61.617197,0.733789,27.422390,37.370958,35.000000,31.000000,46.754679,46.754679,805.000000,27.422390,1.109743,0.901110,105.953197,0.131619,805.000000
"73ac18a7-5de2-4b74-8095-f3235050ae99","Detection","nuclei_lymphocyte",422.766937,753.492188,33.000000,80.000000,832743.000000,1.574526,27.000000,4.401265,127.000000,52.837838,16.337264,47.000000,27.000000,100.000000,11.637959,56.702945,1.248322,20.576366,832743.000000,0.401351,423.386831,2.845503,20.014610,4.123677,2.120019,0.384127,0.693207,0.288889,0.971190,0.300670,0.869312,0.865079,0.986269,0.953968,-0.337938,0.000000,0.225544,1.552910,0.318598,2.381944,0.523810,3.105820,2.024725,0.626037,3.640959,49.563707,0.191366,1.000000,5.600722,103.949807,0.757144,3.513514,47.525097,95.552124,38.692753,0.634714,0.050378,0.363188,0.016337,43.992908,0.312006,0.902771,6.021277,28.028369,53.872340,23.786107,0.350869,4.124721,30.957447,0.219556,0.544402,14.531865,0.466198,3.779180,0.086911,3.833333,0.319444,1.000000,10.000000,1952.583333,2997.333333,1726.972708,0.194306,1.500000,0.125000,0.165898,1.809695,0.016622,3.418296,0.046332,1486.743056,2.892177,0.056678,2.589735,0.018850,0.705964,0.701197,0.701197,21.827575,256.000000,15.305427,60.341024,0.235707,256.000000,1.131815,0.883536,0.308139,33.736053,0.701197,15.305427,21.827575,21.000000,15.000000,25.806976,25.806976,256.000000,15.305427,1.131815,0.883536,60.341024,0.235707,256.000000
"bf5c0b3e-00ce-4dc1-b699-e0dab9f50db2","Detection","nuclei_stroma",702.820618,758.946594,77.000000,104.000000,1032664.000000,0.942096,14.000000,3.017773,119.000000,88.883721,8.313323,88.000000,69.000000,50.000000,6.223076,89.471489,0.535073,10.238723,1032664.000000,0.640887,104.831440,4.275626,1.151722,0.056910,0.489184,0.273349,0.283051,0.268793,0.855341,0.201099,0.866363,0.866059,0.972875,0.933030,-0.066435,0.000000,0.264806,2.054670,0.475332,1.723427,0.674260,4.109339,1.434920,0.190633,3.402098,16.984496,0.131663,1.000000,5.310017,82.674419,0.208401,4.589147,41.217054,168.899225,10.709087,0.274978,0.075900,0.464852,0.023881,34.662651,0.417622,0.417477,5.385542,18.240964,75.975904,4.717537,0.291834,3.629997,19.530120,0.235303,0.643411,8.578604,0.480434,3.061294,0.137539,5.363636,0.487603,0.776860,6.363636,937.909091,3782.545455,235.436869,0.366162,2.272727,0.206612,0.417748,2.821506,0.150660,2.845351,0.085271,800.380165,2.492035,0.066707,0.827011,0.018999,0.150289,0.420348,0.420348,21.251638,131.000000,8.933088,51.495149,0.393093,131.000000,1.610837,0.620795,0.200008,14.213336,0.420348,8.933088,21.251638,13.000000,19.000000,23.021729,23.021729,131.000000,8.933088,1.610837,0.620795,51.495149,0.393093,131.000000
"28d29f7b-e737-4172-84e6-02c448fa4730","Detection","nuclei_endothelium",640.651123,759.917603,65.000000,112.000000,2415081.000000,1.667227,28.000000,2.306326,133.000000,87.442244,15.031163,87.000000,55.000000,78.000000,11.552755,89.278017,0.269741,18.011615,2415081.000000,0.340326,324.418281,3.995471,9.390392,0.926741,1.995706,0.328804,0.717098,0.319746,0.933313,0.226567,0.841636,0.841033,0.980818,0.936353,-0.323577,0.000000,0.311821,1.891757,0.199796,2.683568,0.312500,3.783514,2.336623,0.581128,4.173599,43.858086,0.144746,1.000000,4.267229,103.118812,0.636430,4.544554,40.148515,135.013201,22.352769,0.441144,0.056925,0.453502,0.014334,64.675127,0.328300,0.684429,6.208122,16.964467,55.380711,9.902002,0.303934,4.113812,39.639594,0.201216,0.650165,7.501817,0.415472,3.498062,0.078068,5.857143,0.418367,0.637755,10.071429,1961.214286,6412.500000,933.368056,0.170635,2.000000,0.142857,0.317777,4.016160,0.027287,3.521641,0.046205,1492.801020,5.213030,0.035312,1.701423,0.031814,0.190150,0.467664,0.467664,29.015949,311.500000,13.569718,71.160683,0.228445,311.500000,1.293637,0.773015,0.292768,30.454267,0.467664,13.569718,29.015949,28.000000,16.000000,32.249031,32.249031,311.500000,13.569718,1.293637,0.773015,71.160683,0.228445,311.500000
"11303cb3-5cca-46d9-8ce2-21cdfb27be79","Detection","nuclei_histiocyte",143.912720,766.274536,70.000000,126.000000,2839254.000000,1.890079,32.000000,2.561061,154.000000,101.371212,18.043733,103.000000,49.000000,105.000000,13.671006,103.705111,-0.257969,21.877554,2839254.000000,0.312385,478.627353,13.030177,20.120028,-0.966609,2.825376,0.465140,0.717284,0.425598,1.088265,0.284007,0.793791,0.791155,0.987589,0.939906,-0.279404,0.000000,0.390999,3.527055,0.153125,3.225378,0.308012,7.054110,2.700970,0.822629,4.601338,35.810606,0.135646,1.000000,4.242367,82.469697,0.831267,13.401515,32.606061,428.613636,3.210355,0.103484,0.093711,1.509648,0.011094,57.827907,0.268967,1.047355,14.074419,9.693023,129.041860,0.950413,0.106310,4.221171,57.502326,0.267453,0.814394,3.662001,0.514196,7.946786,0.054712,6.083333,0.253472,1.493056,18.166667,739.666667,9875.250000,64.778206,0.112870,6.500000,0.270833,0.494494,9.136796,0.067879,3.601227,0.090909,618.666667,1.134185,0.038360,5.165964,0.019732,0.478736,0.598602,0.598602,23.869083,263.500000,14.288076,62.523875,0.237282,263.500000,1.180596,0.847030,0.300702,32.127427,0.598602,14.288076,23.869083,22.000000,19.000000,29.068884,29.068884,263.500000,14.288076,1.180596,0.847030,62.523875,0.237282,263.500000
"9b07b35b-cfc7-4189-9a91-4661a66dfc65","Detection","nuclei_lymphocyte",85.819839,769.000000,61.000000,109.000000,3375884.000000,1.785547,25.000000,3.745124,160.000000,86.106236,15.351919,85.000000,39.000000,121.000000,10.737202,88.297785,0.477839,19.550321,3375884.000000,0.353103,382.215042,9.020408,16.115423,0.568630,2.162284,0.502783,0.622686,0.434756,1.131319,0.313770,0.793001,0.789338,0.986769,0.939058,-0.216458,0.000000,0.383671,2.933519,0.178010,3.101719,0.350649,5.867038,2.546183,0.666267,4.534343,57.563510,0.132941,1.000000,4.191873,152.893764,0.719786,9.554273,33.872979,291.715935,5.098448,0.155948,0.083273,1.189364,0.010886,98.545977,0.283178,1.017530,10.882184,11.097701,96.729885,1.626893,0.154863,4.242827,93.775862,0.269471,0.803695,4.905040,0.510028,6.474061,0.071023,7.705882,0.226644,1.865917,15.382353,1495.617647,13270.735294,183.889060,0.171176,7.411765,0.217993,0.469665,9.154816,0.041288,4.109194,0.078522,1333.429931,2.248504,0.022492,5.235271,0.017306,0.300837,0.787285,0.787285,26.540156,438.500000,20.894669,76.256073,0.173902,438.500000,1.055284,0.947612,0.371521,49.042011,0.787285,20.894669,26.540156,27.000000,21.000000,34.205263,34.205263,438.500000,20.894669,1.055284,0.947612,76.256073,0.173902,438.500000
"ff087e8b-76d4-489a-a4da-fd6451d564a7","Detection","nuclei_lymphocyte",178.834854,768.321167,72.000000,121.000000,3293741.000000,1.708492,23.000000,3.291774,155.000000,97.400000,14.207761,98.000000,55.000000,100.000000,9.537738,99.156758,0.150268,18.582322,3293741.000000,0.349913,345.302687,6.099676,10.605792,-0.446856,1.992414,0.345219,0.704642,0.330632,0.958275,0.235901,0.837115,0.836143,0.986838,0.945242,-0.310511,0.000000,0.317869,2.384927,0.196443,2.776332,0.290924,4.769854,2.410773,0.584408,4.380591,48.582090,0.145021,1.000000,4.157986,117.220896,0.638236,6.513433,39.979104,234.202985,11.508365,0.270720,0.060913,0.653577,0.013238,68.392857,0.305325,0.823661,7.714286,14.276786,83.446429,3.918993,0.239802,4.338942,44.330357,0.197903,0.668657,5.330277,0.415577,4.073612,0.075136,5.125000,0.320313,1.812500,12.375000,2215.187500,14535.000000,433.316632,0.261944,3.750000,0.234375,0.463075,7.582632,0.085308,3.250000,0.047761,1776.808594,2.356094,0.034511,2.766579,0.017880,0.316474,0.687412,0.687412,25.267062,329.000000,17.368873,70.981964,0.215751,329.000000,1.218682,0.820559,0.310384,34.229467,0.687412,17.368873,25.267062,26.000000,18.000000,31.622777,31.622777,329.000000,17.368873,1.218682,0.820559,70.981964,0.215751,329.000000
"e5f637b0-96a7-4469-a97c-8aa6c7355242","Detection","nuclei_lymphocyte",222.352249,771.493958,52.000000,85.000000,1979280.000000,1.293190,15.000000,8.233526,155.000000,67.354217,10.750762,65.000000,42.000000,113.000000,6.632454,69.060476,1.755289,15.256437,1979280.000000,0.539068,232.758868,4.881818,8.978250,1.622831,1.115640,0.330519,0.542900,0.296753,0.944806,0.242457,0.856926,0.855000,0.991229,0.958194,-0.184496,0.000000,0.270274,2.164610,0.388508,2.187602,0.603896,4.329221,1.838060,0.361540,3.699044,60.079518,0.144770,1.000000,5.176972,223.713253,0.434896,5.349398,45.308434,201.195181,11.567116,0.264764,0.056971,0.564361,0.014298,81.957854,0.314015,0.892353,7.325670,21.777778,95.180077,5.581699,0.259354,4.141763,67.965517,0.260404,0.628916,11.664890,0.522189,5.044907,0.115330,5.454545,0.247934,1.952479,11.227273,3969.863636,16174.727273,990.315593,0.298144,2.818182,0.128099,0.278845,5.039535,0.062960,4.095795,0.053012,3614.026860,2.311709,0.025059,4.660398,0.007812,0.536366,0.583115,0.583115,30.353232,414.000000,17.699424,80.153844,0.193608,414.000000,1.234919,0.809770,0.325491,37.642632,0.583115,17.699424,30.353232,25.000000,27.000000,36.796739,36.796739,414.000000,17.699424,1.234919,0.809770,80.153844,0.193608,414.000000
"86b3f717-125a-4a7f-810c-9101443f584c","Detection","nuclei_lymphocyte",201.711334,772.034607,57.000000,99.000000,1851994.000000,1.520375,20.000000,3.626099,134.000000,76.846667,12.486711,75.000000,48.000000,86.000000,8.569491,78.570435,0.769598,16.367747,1851994.000000,0.399178,267.903156,6.696639,6.666431,0.772223,1.444826,0.353315,0.607022,0.333333,0.972286,0.242204,0.836664,0.835332,0.986570,0.944920,-0.227700,0.000000,0.315849,2.534514,0.233199,2.567879,0.355132,5.069028,2.182168,0.449535,4.117286,45.193333,0.150644,1.000000,3.832222,119.753333,0.501900,7.210000,39.433333,251.690000,7.728798,0.191517,0.048529,0.479881,0.008204,65.146597,0.341082,0.667197,8.251309,17.256545,111.036649,3.400835,0.185111,4.237471,37.408377,0.195855,0.636667,7.388394,0.370533,3.658625,0.065249,4.142857,0.295918,1.061224,11.857143,1830.428571,10226.071429,381.578889,0.168532,1.714286,0.122449,0.142925,2.378955,0.010429,3.521641,0.046667,1371.244898,2.364151,0.031410,3.079166,0.015056,0.296690,0.766545,0.766545,22.510362,298.500000,17.255202,65.055334,0.217941,298.500000,1.128266,0.886316,0.320956,36.600946,0.766545,17.255202,22.510362,20.000000,19.000000,27.586228,27.586228,298.500000,17.255202,1.128266,0.886316,65.055334,0.217941,298.500000
"a2da7e26-fdb2-48f5-bf02-6af3adeaf28c","Detection","nuclei_lymphocyte",237.045746,773.732056,61.000000,111.000000,825941.000000,1.496676,25.000000,3.129135,140.000000,79.813008,15.332937,73.000000,55.000000,85.000000,11.201200,81.944905,0.973585,18.570170,825941.000000,0.402736,344.851213,2.827103,10.123690,2.565490,1.870600,0.247664,0.766164,0.242991,0.815104,0.188619,0.879283,0.878972,0.985514,0.951558,-0.379451,0.000000,0.238902,1.556075,0.303457,2.259143,0.500000,3.112150,2.003183,0.529566,3.875359,20.284553,0.164915,1.000000,5.179192,49.536585,0.605988,3.276423,44.674797,104.170732,34.336156,0.630194,0.069732,0.517782,0.021817,25.080000,0.334400,0.706489,4.760000,18.960000,44.240000,14.567778,0.432222,3.878715,16.840000,0.224533,0.609756,8.201600,0.474562,2.987328,0.126000,1.857143,0.265306,1.061224,8.428571,855.000000,1740.142857,675.311508,0.263889,2.714286,0.387755,0.572124,6.434044,0.069565,2.521641,0.056911,546.244898,2.599652,0.108023,1.468917,0.023057,0.742368,0.790846,0.790846,14.284020,127.500000,11.296465,42.475656,0.333142,127.500000,1.126056,0.888055,0.259851,23.991227,0.790846,11.296465,14.284020,12.000000,15.000000,19.209373,19.209373,127.500000,11.296465,1.126056,0.888055,42.475656,0.333142,127.500000
"a5f1496a-61a4-4567-90f8-67b887c38f18","Detection","nuclei_melanophage",472.763367,780.499817,37.000000,94.000000,2440628.000000,1.823750,28.000000,3.298864,145.000000,66.324649,17.329384,65.000000,25.000000,120.000000,12.016489,69.935957,0.466329,22.182853,2440628.000000,0.320509,492.078972,5.179515,19.818355,1.639209,2.650260,0.253369,0.825481,0.244744,0.826940,0.193470,0.879066,0.878491,0.990324,0.959415,-0.465465,0.000000,0.237197,2.140162,0.212288,2.715430,0.358491,4.280323,2.455208,0.725907,4.227768,93.653307,0.187682,1.000000,4.665178,159.933868,0.792647,5.599198,48.851703,215.855711,21.057094,0.367002,0.046847,0.472023,0.010939,70.214286,0.278628,1.037415,7.896825,30.785714,132.801587,12.972820,0.259152,4.718743,43.555556,0.172840,0.505010,15.101600,0.376486,4.025195,0.069428,3.888889,0.216049,1.666667,12.777778,3838.166667,18208.777778,1315.661034,0.203719,3.111111,0.172840,0.346107,5.729081,0.030884,3.836592,0.036072,3069.645062,3.713746,0.030372,2.237011,0.018378,0.297752,0.445593,0.445593,38.244404,501.500000,17.041422,93.477905,0.186397,501.500000,1.386555,0.721212,0.313064,34.823092,0.445593,17.041422,38.244404,33.000000,28.000000,43.278170,43.278170,501.500000,17.041422,1.386555,0.721212,93.477905,0.186397,501.500000
"3d5465cd-68dc-44a9-a60d-91cd9f457245","Detection","nuclei_lymphocyte",102.463661,783.242126,44.000000,97.000000,1501861.000000,1.831406,25.000000,4.579235,156.000000,63.570571,17.085085,55.000000,37.000000,119.000000,11.510400,67.157227,1.401711,21.653537,1501861.000000,0.329943,468.875650,4.261866,21.566410,3.343441,2.405038,0.511457,0.649266,0.426350,1.149016,0.329682,0.799986,0.795336,0.986599,0.940564,-0.235724,0.000000,0.361543,1.946399,0.185491,2.989028,0.333879,3.892799,2.455671,0.729124,4.369938,42.459459,0.127506,1.000000,4.838532,109.870871,0.896536,5.165165,35.006006,118.192192,18.077548,0.427261,0.076655,0.824955,0.018387,68.037879,0.257719,1.195234,7.238636,11.015152,41.818182,5.521822,0.332342,4.125757,74.022727,0.280389,0.792793,4.650999,0.538841,5.230103,0.123508,6.304348,0.274102,1.603025,12.521739,1327.782609,4836.608696,509.304819,0.209626,3.173913,0.137996,0.325858,6.072978,0.023575,4.055958,0.069069,1118.162571,2.870211,0.030026,6.229263,0.021629,0.584478,0.623855,0.623855,26.822035,332.500000,16.733066,72.252849,0.217302,332.500000,1.249420,0.800371,0.305446,33.149023,0.623855,16.733066,26.822035,22.000000,23.000000,31.827661,31.827661,332.500000,16.733066,1.249420,0.800371,72.252849,0.217302,332.500000
"7660f669-d4c7-4d65-ae79-0b319ff8e44b","Detection","nuclei_lymphocyte",528.567749,778.308960,42.000000,99.000000,1081492.000000,1.909820,30.000000,4.212969,143.000000,64.051502,18.260200,57.000000,37.000000,106.000000,12.830240,68.129264,1.268720,23.216409,1081492.000000,0.300705,539.001639,4.653983,42.808291,6.258370,3.428637,0.378121,0.801342,0.354340,1.001642,0.252564,0.826793,0.825208,0.985646,0.941510,-0.361300,0.000000,0.333532,1.972652,0.174198,3.022223,0.292509,3.945303,2.609552,0.951690,4.434937,32.828326,0.140894,1.000000,4.858627,70.064378,1.021607,5.283262,37.884120,134.682403,22.823126,0.457158,0.059455,0.479305,0.015621,42.194805,0.273992,1.093776,7.246753,16.740260,58.792208,10.307280,0.306382,4.348133,33.311688,0.216310,0.660944,7.583741,0.449168,4.084331,0.084473,5.461538,0.420118,0.840237,10.307692,1160.692308,3709.769231,630.761410,0.177222,1.615385,0.124260,0.162502,1.522550,0.017736,3.180833,0.055794,839.455621,2.781076,0.057384,2.841989,0.028822,0.592828,0.484186,0.484186,24.938682,232.500000,12.074959,61.081537,0.262716,232.500000,1.276989,0.783092,0.274779,26.826771,0.484186,12.074959,24.938682,23.000000,11.000000,25.495098,25.495098,232.500000,12.074959,1.276989,0.783092,61.081537,0.262716,232.500000
"21310960-a0ba-4739-8a7e-8438bb682c5f","Detection","nuclei_lymphocyte",554.287598,784.217834,46.000000,108.000000,2166064.000000,2.053821,38.000000,3.024439,150.000000,71.633952,20.515138,65.000000,40.000000,110.000000,15.348365,75.799260,0.884192,24.781137,2166064.000000,0.269621,614.104736,5.713362,39.986985,4.604373,3.631436,0.392960,0.804711,0.372845,1.011305,0.253947,0.816930,0.815589,0.989461,0.947096,-0.380599,0.000000,0.355244,2.214440,0.153996,3.166921,0.284483,4.428879,2.750841,1.006099,4.375016,52.177719,0.138402,1.000000,4.510128,101.647215,1.150898,6.599469,37.063660,156.180371,18.075153,0.365677,0.060287,0.741554,0.011709,65.260223,0.242603,1.261868,9.349442,15.026022,68.245353,7.237571,0.242337,4.314422,69.185874,0.257197,0.713528,7.169359,0.513430,6.294857,0.074617,4.428571,0.316327,1.494898,16.928571,2650.785714,12392.571429,997.983591,0.139028,2.285714,0.163265,0.329422,6.855066,0.017728,3.324863,0.037135,1925.637755,2.483855,0.036311,4.618036,0.022799,0.581305,0.547925,0.547925,30.014645,382.500000,16.445775,76.462718,0.199903,382.500000,1.216349,0.822133,0.322762,37.014003,0.547925,16.445775,30.014645,28.000000,21.000000,35.000000,35.000000,382.500000,16.445775,1.216349,0.822133,76.462718,0.199903,382.500000
"27e5920d-db43-43ad-b856-dc15266e0a48","Detection","nuclei_histiocyte",23.531025,788.510071,82.000000,132.000000,5381628.000000,1.830940,24.000000,3.319209,181.000000,107.083700,15.359060,106.000000,59.000000,122.000000,10.660968,108.875186,0.367938,19.669450,5381628.000000,0.330212,386.887267,8.085697,16.968642,0.354893,2.328744,0.470449,0.663868,0.425532,1.095146,0.289372,0.794425,0.791726,0.987490,0.939998,-0.238313,0.000000,0.389020,2.760638,0.160508,3.144463,0.305556,5.521277,2.609722,0.699798,4.660615,60.854626,0.134041,1.000000,4.175979,149.916300,0.748258,8.647577,33.775330,271.942731,6.167835,0.189926,0.077246,0.898943,0.011487,99.951009,0.288043,0.935379,9.440922,11.625360,93.608069,2.161843,0.187898,4.348054,86.855908,0.250305,0.764317,4.778164,0.495569,5.188892,0.085663,8.290323,0.267430,1.340271,13.032258,1400.903226,11277.161290,206.363450,0.160905,5.838710,0.188345,0.426463,6.621797,0.033036,3.868665,0.068282,1186.422477,2.460771,0.022282,5.409465,0.017533,0.311356,0.614437,0.614437,30.898047,462.000000,18.984899,83.013851,0.179684,462.000000,1.186996,0.842463,0.344621,42.197298,0.614437,18.984899,30.898047,32.000000,20.000000,37.735925,37.735925,462.000000,18.984899,1.186996,0.842463,83.013851,0.179684,462.000000
"f2884aec-1c26-487d-8e19-33ed728369f0","Detection","nuclei_histiocyte",437.226746,787.660645,100.000000,141.000000,3145823.000000,1.554312,22.000000,2.840592,160.000000,120.731132,13.029370,122.000000,78.000000,82.000000,9.312327,121.814563,-0.273945,16.210536,3145823.000000,0.384345,262.781484,6.178010,6.425032,-0.405923,1.561626,0.341623,0.641011,0.333770,0.945498,0.230221,0.834424,0.833901,0.980043,0.933508,-0.250449,0.000000,0.326898,2.423429,0.217039,2.627408,0.312827,4.846859,2.263586,0.475812,4.142143,31.273585,0.147517,1.000000,3.471164,81.481132,0.511815,6.231132,37.462264,241.287736,8.074620,0.259565,0.043203,0.277340,0.013377,49.427586,0.340880,0.649037,6.082759,12.979310,87.351724,2.800479,0.298755,4.148062,28.241379,0.194768,0.683962,4.428728,0.384889,2.469982,0.122567,2.250000,0.281250,1.437500,6.500000,1557.750000,11057.875000,270.227431,0.467014,1.750000,0.218750,0.030049,0.313844,0.012243,2.750000,0.037736,855.500000,2.371947,0.050382,1.570320,0.023530,0.242635,0.719305,0.719305,19.610416,220.500000,14.105868,57.382090,0.260236,220.500000,1.188322,0.841523,0.286200,29.103182,0.719305,14.105868,19.610416,19.000000,15.000000,24.207437,24.207437,220.500000,14.105868,1.188322,0.841523,57.382090,0.260236,220.500000
"716bfe50-df6e-43d3-a88c-3b77089df11d","Detection","nuclei_histiocyte",503.827026,792.048157,77.000000,141.000000,2506558.000000,2.020415,30.000000,2.933048,173.000000,106.265403,19.192875,103.000000,64.000000,109.000000,13.232660,108.992760,0.589424,24.229857,2506558.000000,0.281732,587.085959,7.755906,28.117549,2.308193,3.144329,0.509186,0.721262,0.475066,1.100034,0.283499,0.768154,0.765879,0.980687,0.921635,-0.284620,0.000000,0.445210,2.664042,0.134954,3.322007,0.245407,5.328084,2.795590,0.913379,4.186049,31.644550,0.149974,1.000000,3.594618,59.445498,1.039824,8.805687,27.748815,179.876777,6.876636,0.215028,0.074748,1.008078,0.010658,45.176796,0.249596,1.182687,10.618785,9.005525,71.966851,1.907971,0.185436,3.994212,54.325967,0.300143,0.857820,3.569671,0.554562,7.436675,0.067918,3.571429,0.255102,1.816327,14.571429,801.071429,5406.285714,152.024821,0.210337,1.714286,0.122449,0.146871,3.062125,0.012113,3.664498,0.066351,573.923469,2.146007,0.050062,3.212507,0.039009,0.389770,0.586454,0.586454,21.457558,211.000000,12.583878,55.872698,0.264800,211.000000,1.177354,0.849362,0.285041,28.868111,0.586454,12.583878,21.457558,12.000000,22.000000,25.059928,25.059928,211.000000,12.583878,1.177354,0.849362,55.872698,0.264800,211.000000
"63df40ca-cce8-4839-be64-6c132ed406ea","Detection","nuclei_lymphocyte",262.278412,794.591736,52.000000,99.000000,1503439.000000,1.587364,28.000000,4.054110,146.000000,71.840741,16.247106,65.000000,44.000000,102.000000,11.427000,74.620993,1.157407,20.179211,1503439.000000,0.418930,407.200562,5.942915,16.846812,3.065078,1.868725,0.343527,0.689432,0.314985,0.962315,0.244312,0.847010,0.845362,0.987049,0.948164,-0.280966,0.000000,0.292417,2.358308,0.302408,2.545201,0.516820,4.716616,2.171405,0.553063,3.930910,38.533333,0.142716,1.000000,5.409328,113.111111,0.639904,6.633333,42.303704,208.774074,10.373166,0.228892,0.058021,0.628379,0.010156,53.429379,0.301861,0.916276,9.056497,18.824859,93.310734,4.572163,0.198901,4.150113,42.887006,0.242299,0.655556,9.517189,0.488835,5.586443,0.076575,3.857143,0.275510,1.515306,12.785714,2095.857143,10198.500000,479.969266,0.217024,2.285714,0.163265,0.230944,3.644957,0.020066,3.521641,0.051852,1723.918367,1.957486,0.043760,2.589748,0.017595,0.396615,0.761666,0.761666,21.952008,267.000000,16.720101,65.438684,0.245089,267.000000,1.276286,0.783523,0.284567,28.772078,0.761666,16.720101,21.952008,19.000000,21.000000,28.319605,28.319605,267.000000,16.720101,1.276286,0.783523,65.438684,0.245089,267.000000
"0b4b6488-483e-44cf-832f-b21ee4cbed12","Detection","nuclei_lymphocyte",192.298798,798.136414,66.000000,115.000000,1641488.000000,1.727144,29.000000,2.944831,149.000000,89.876289,15.828675,87.000000,48.000000,101.000000,11.804375,91.985207,0.513851,19.583950,1641488.000000,0.341535,383.531087,9.337625,10.040636,0.813129,1.983917,0.410587,0.657059,0.379113,1.038930,0.266860,0.815689,0.813591,0.984459,0.937564,-0.258088,0.000000,0.351574,2.990701,0.180943,2.892783,0.331903,5.981402,2.437553,0.598626,4.409808,26.587629,0.137050,1.000000,3.974280,66.257732,0.658970,10.128866,35.195876,332.994845,4.682879,0.133916,0.062446,0.769919,0.011082,43.794521,0.299962,0.826234,11.013699,10.972603,107.424658,1.418870,0.134387,4.091988,34.369863,0.235410,0.752577,3.910114,0.463668,5.949552,0.059096,3.000000,0.250000,1.743056,13.416667,865.666667,8022.083333,102.611829,0.185926,1.666667,0.138889,0.237612,2.939243,0.092458,3.418296,0.061856,604.305556,1.229139,0.056531,3.011290,0.020331,0.445245,0.766064,0.766064,18.119795,193.000000,13.880915,51.645456,0.267593,193.000000,1.099758,0.909291,0.293382,30.582334,0.766064,13.880915,18.119795,16.000000,17.000000,23.345235,23.345235,193.000000,13.880915,1.099758,0.909291,51.645456,0.267593,193.000000
"765a57d4-c8fc-4d92-a669-39f2e623fbdf","Detection","nuclei_stroma",915.947876,805.688171,102.000000,143.000000,6337247.000000,1.538665,20.000000,3.417943,163.000000,123.697789,12.645208,125.000000,72.000000,91.000000,8.601720,124.782336,-0.513444,16.416106,6337247.000000,0.397050,269.488521,12.513096,9.033019,-0.992035,1.699419,0.374748,0.638652,0.358630,0.989934,0.246133,0.823371,0.822297,0.985715,0.940612,-0.243184,0.000000,0.344527,3.490262,0.207256,2.730630,0.342512,6.980524,2.320122,0.518542,4.336075,56.046683,0.137707,1.000000,4.019499,161.599509,0.505491,12.712531,37.103194,475.690418,3.455293,0.097080,0.055502,0.707354,0.007586,112.681063,0.374356,0.568471,12.667774,12.106312,154.930233,1.117497,0.101449,4.060365,71.338870,0.237006,0.739558,4.792971,0.467892,5.908034,0.049217,3.933333,0.262222,1.360000,11.600000,1878.866667,26273.466667,148.501889,0.177444,1.800000,0.120000,0.278046,3.765916,0.090118,3.773557,0.036855,1142.648889,2.238557,0.022761,3.172454,0.015094,0.226234,0.317895,0.317895,41.114620,403.000000,13.070138,92.105503,0.228550,403.000000,1.675160,0.596958,0.257218,23.507461,0.317895,13.070138,41.114620,34.000000,27.000000,43.416587,43.416587,403.000000,13.070138,1.675160,0.596958,92.105503,0.228550,403.000000
"01a4454d-a707-4d77-9d50-b8c6609eb148","Detection","nuclei_lymphocyte",420.199860,808.405762,59.000000,102.000000,3434062.000000,1.560079,24.000000,3.081602,138.000000,79.183206,13.586883,77.000000,42.000000,96.000000,9.909446,80.954021,0.516854,16.839635,3434062.000000,0.386181,283.573306,7.378819,9.614219,1.318760,1.753543,0.321792,0.689889,0.302444,0.932007,0.230320,0.851875,0.850713,0.987794,0.950044,-0.297054,0.000000,0.286716,2.649695,0.232960,2.607268,0.343686,5.299389,2.253868,0.518834,4.202491,78.473282,0.149758,1.000000,4.331216,202.358779,0.538732,7.769084,43.992366,299.971374,8.131506,0.175060,0.053524,0.644840,0.006800,104.231270,0.339516,0.689981,9.322476,21.276873,147.478827,3.828283,0.158017,4.328973,56.635179,0.184479,0.585878,9.623656,0.389418,4.463054,0.048706,7.181818,0.326446,1.035124,14.590909,3390.727273,25220.045455,530.949634,0.126907,4.000000,0.181818,0.410462,7.682489,0.024252,3.624680,0.041985,2823.421488,3.693059,0.019828,2.843554,0.015170,0.178617,0.625415,0.625415,32.784086,524.500000,20.503675,86.543049,0.165001,524.500000,1.136342,0.880017,0.367555,48.000613,0.625415,20.503675,32.784086,32.000000,25.000000,40.607881,40.607881,524.500000,20.503675,1.136342,0.880017,86.543049,0.165001,524.500000
"d10c193a-319e-46cc-a641-d22c0f88730c","Detection","nuclei_histiocyte",210.665161,826.466064,83.000000,116.000000,2106298.000000,1.183695,20.000000,2.317735,134.000000,98.820755,10.980420,98.000000,74.000000,60.000000,8.335917,99.676316,0.306769,13.031744,2106298.000000,0.476460,169.826362,6.024934,1.551623,0.384372,0.881532,0.257218,0.548245,0.254593,0.828289,0.192400,0.873141,0.872966,0.984916,0.949169,-0.216668,0.000000,0.252297,2.422572,0.319734,1.987675,0.468504,4.845144,1.722364,0.284687,3.714549,31.886792,0.150409,1.000000,4.100481,101.009434,0.315237,6.424528,44.650943,254.858491,9.055949,0.189924,0.056462,0.552444,0.011283,51.243902,0.416617,0.430828,7.585366,19.495935,110.926829,3.986337,0.174289,3.948698,21.845528,0.177606,0.580189,7.613061,0.368574,3.514332,0.058469,3.500000,0.437500,1.187500,11.750000,2673.250000,15655.250000,530.701389,0.209201,3.500000,0.437500,0.656275,8.625179,0.158207,2.000000,0.037736,1971.000000,2.373885,0.044386,1.644923,0.013201,0.235200,0.551684,0.551684,22.339952,221.000000,12.324598,58.172855,0.263226,221.000000,1.218537,0.820656,0.281020,28.059232,0.551684,12.324598,22.339952,20.000000,16.000000,25.612497,25.612497,221.000000,12.324598,1.218537,0.820656,58.172855,0.263226,221.000000
"b40920c5-83a0-46c2-a481-801791259706","Detection","nuclei_lymphocyte",253.009125,832.894348,42.000000,85.000000,1330113.000000,1.651232,19.000000,5.823525,154.000000,59.291908,13.657824,54.000000,32.000000,122.000000,8.859967,62.002074,1.513965,18.130828,1330113.000000,0.371145,328.726929,3.612853,14.987494,2.252442,1.886324,0.374608,0.668625,0.326019,1.005652,0.268320,0.844893,0.841850,0.990087,0.954284,-0.285478,0.000000,0.285354,1.798589,0.238684,2.611546,0.374608,3.597179,2.226322,0.565233,4.127617,48.890173,0.141301,1.000000,5.568713,128.416185,0.694377,4.289017,43.323699,127.219653,24.451525,0.474807,0.067963,0.674324,0.016764,60.972093,0.283591,1.028534,6.567442,18.976744,59.925581,10.608447,0.341070,4.327717,51.706977,0.240498,0.621387,8.617328,0.499152,4.652526,0.103979,5.631579,0.296399,1.373961,12.368421,2232.736842,7035.263158,1067.397939,0.188509,3.842105,0.202216,0.426239,6.909942,0.044570,3.787144,0.054913,1901.113573,2.365536,0.034825,5.091707,0.013051,0.760756,0.670327,0.670327,25.898185,347.000000,17.360240,71.328338,0.205557,347.000000,1.166769,0.857068,0.324984,37.525372,0.670327,17.360240,25.898185,21.000000,24.000000,31.890437,31.890437,347.000000,17.360240,1.166769,0.857068,71.328338,0.205557,347.000000
"2663baf9-8b66-43ff-a03f-2011ab24e098","Detection","nuclei_histiocyte",316.065338,847.697021,66.000000,119.000000,2150973.000000,1.724017,31.000000,2.099550,135.000000,90.596000,16.969984,87.000000,50.000000,85.000000,13.407199,92.757167,0.214394,19.906200,2150973.000000,0.332608,396.256784,5.192179,11.650045,0.365725,2.305521,0.330726,0.749093,0.315084,0.942548,0.231448,0.845065,0.844022,0.980822,0.937505,-0.350708,0.000000,0.301397,2.167598,0.186035,2.828474,0.322905,4.335196,2.463198,0.659062,4.508771,34.280000,0.137120,1.000000,4.446400,83.152000,0.667776,5.368000,39.968000,194.008000,15.376611,0.363000,0.064191,0.449406,0.023214,50.644970,0.299674,0.828402,6.153846,13.562130,70.260355,4.759862,0.336744,4.277839,35.745562,0.211512,0.676000,4.808935,0.447348,3.420191,0.118982,4.142857,0.295918,1.678571,7.928571,1286.428571,6477.285714,344.919643,0.431052,2.714286,0.193878,0.404022,3.178972,0.189628,3.378783,0.056000,967.551020,3.555543,0.050951,1.426196,0.029441,0.245327,0.464309,0.464309,27.363311,252.500000,12.705024,71.010457,0.281230,252.500000,1.589181,0.629255,0.238069,20.137623,0.464309,12.705024,27.363311,24.000000,21.000000,31.890437,31.890437,252.500000,12.705024,1.589181,0.629255,71.010457,0.281230,252.500000
"5c9c92fd-817a-4f83-acf8-ec47d4b46c14","Detection","nuclei_lymphocyte",730.482483,861.231873,43.000000,93.000000,1602832.000000,1.714708,24.000000,3.327469,125.000000,64.100840,15.383659,60.000000,34.000000,91.000000,10.841818,67.005414,0.922514,19.514296,1602832.000000,0.354487,380.807758,4.237443,13.937417,1.851611,2.081840,0.332572,0.724511,0.315830,0.945650,0.232824,0.844876,0.843760,0.987342,0.947760,-0.333334,0.000000,0.301180,1.949391,0.229392,2.681678,0.402588,3.898782,2.329804,0.603603,4.105005,51.425770,0.144050,1.000000,4.911957,126.551821,0.709476,4.890756,42.098039,144.997199,20.434111,0.409367,0.061365,0.622465,0.013016,61.187500,0.273158,0.973035,7.156250,18.107143,68.053571,8.141044,0.302844,4.255891,46.517857,0.207669,0.627451,7.946987,0.436814,4.523220,0.069214,6.411765,0.377163,0.837370,12.882353,2500.764706,8942.470588,994.562402,0.141650,3.117647,0.183391,0.392961,6.332192,0.026608,3.499228,0.047619,2059.764706,3.358886,0.033297,2.959544,0.020004,0.359816,0.531997,0.531997,29.625240,356.500000,15.760530,74.543368,0.209098,356.500000,1.240363,0.806216,0.312515,34.701193,0.531997,15.760530,29.625240,21.000000,26.000000,33.421550,33.421550,356.500000,15.760530,1.240363,0.806216,74.543368,0.209098,356.500000
"9b822961-a255-4ac8-ba98-7aff2b1e68de","Detection","nuclei_histiocyte",445.762390,863.955322,71.000000,117.000000,4745000.000000,1.657756,24.000000,3.336050,149.000000,90.768116,14.957467,87.000000,51.000000,98.000000,10.206187,92.714694,0.752970,18.898773,4745000.000000,0.375991,357.163621,4.959076,15.507473,2.019632,2.170542,0.338469,0.730197,0.321136,0.953156,0.235340,0.842321,0.841165,0.980396,0.936351,-0.316347,0.000000,0.305970,2.121570,0.225191,2.756787,0.424651,4.243139,2.383028,0.627253,4.334806,79.355072,0.143759,1.000000,4.502363,207.547101,0.632768,5.288043,42.619565,199.403986,15.678203,0.345977,0.050510,0.358206,0.015373,113.362606,0.321141,0.710559,6.093484,20.028329,90.606232,6.995711,0.317792,4.303178,76.093484,0.215562,0.639493,10.247205,0.437500,3.084545,0.118567,7.818182,0.355372,1.107438,8.545455,4567.272727,18669.318182,1328.016098,0.308396,4.090909,0.185950,0.280527,2.774005,0.086368,3.823068,0.039855,3937.719008,7.786042,0.020963,1.521103,0.029566,0.103392,0.760101,0.760101,30.515825,548.500000,23.195119,86.109024,0.156990,548.500000,1.075749,0.929585,0.387283,53.291709,0.760101,23.195119,30.515825,26.000000,29.000000,38.948684,38.948684,548.500000,23.195119,1.075749,0.929585,86.109024,0.156990,548.500000
"a60ced5f-81ff-4306-8e5f-bcc735bbca3c","Detection","nuclei_histiocyte",226.531555,860.151733,71.000000,118.000000,1390528.000000,1.611943,25.000000,2.140683,129.000000,95.194631,13.669474,94.000000,63.000000,66.000000,10.733091,96.604362,0.064433,16.443386,1390528.000000,0.370299,270.384938,5.396190,8.231647,-0.021559,1.819124,0.304762,0.713015,0.304762,0.887034,0.211882,0.847619,0.847619,0.982073,0.939048,-0.329387,0.000000,0.304762,2.240000,0.215938,2.641478,0.375238,4.480000,2.336716,0.530971,4.133390,23.671141,0.158867,1.000000,3.365704,55.174497,0.554299,5.791946,38.167785,192.476510,12.139541,0.295582,0.050021,0.437019,0.010907,30.702128,0.326618,0.696695,6.893617,14.127660,73.489362,4.222961,0.263150,4.138560,16.000000,0.170213,0.630872,4.077411,0.339279,3.202266,0.055977,2.142857,0.306122,1.142857,10.142857,1011.285714,4955.571429,265.918651,0.237103,1.000000,0.142857,0.195504,3.117650,0.012592,2.807355,0.046980,558.204082,1.955581,0.073403,1.523780,0.025326,0.362136,0.592707,0.592707,18.219817,150.500000,10.799015,48.716559,0.323698,150.500000,1.254893,0.796880,0.249716,22.156214,0.592707,10.799015,18.219817,18.000000,11.000000,21.095023,21.095023,150.500000,10.799015,1.254893,0.796880,48.716559,0.323698,150.500000
"62c682cf-93d9-41fc-a9a1-230ce2586746","Detection","nuclei_lymphocyte",267.720276,864.187317,41.000000,84.000000,1261265.000000,1.566738,19.000000,4.021392,125.000000,59.929231,13.086864,58.000000,31.000000,94.000000,8.776295,62.296191,0.970913,17.008900,1261265.000000,0.394405,289.302684,3.702431,8.113602,1.007290,1.574814,0.355407,0.631745,0.321878,0.979846,0.251801,0.844440,0.842414,0.986626,0.947137,-0.257432,0.000000,0.294519,1.843252,0.243117,2.560355,0.412406,3.686505,2.181689,0.482555,4.220369,44.760000,0.137723,1.000000,4.917056,128.181538,0.562329,4.236923,42.070769,140.507692,20.476726,0.441426,0.062954,0.550150,0.016887,63.370732,0.309126,0.826318,5.687805,19.356098,64.712195,9.572003,0.370275,4.328531,44.736585,0.218227,0.630769,9.302558,0.454152,3.407156,0.126207,4.764706,0.280277,1.162630,10.882353,2259.000000,7849.000000,896.635114,0.210686,3.235294,0.190311,0.408323,6.108041,0.037960,3.381580,0.052308,1893.515571,3.303960,0.031050,3.443846,0.016766,0.385489,0.586306,0.586306,26.781765,326.500000,15.702298,70.257165,0.215183,326.500000,1.203063,0.831212,0.312804,34.765372,0.586306,15.702298,26.781765,26.000000,17.000000,31.064449,31.064449,326.500000,15.702298,1.203063,0.831212,70.257165,0.215183,326.500000
"071696de-4d16-4a71-bd53-f99b168900f7","Detection","nuclei_histiocyte",486.914185,878.644714,55.000000,100.000000,4657170.000000,1.512362,22.000000,3.807776,140.000000,74.352201,14.254658,70.000000,42.000000,98.000000,9.758265,76.538066,1.005793,18.161102,4657170.000000,0.431564,329.825640,6.223259,12.467109,2.365489,1.799814,0.207264,0.793467,0.203266,0.740626,0.165947,0.899034,0.898767,0.992060,0.966218,-0.433531,0.000000,0.199767,2.413529,0.342632,2.251321,0.543819,4.827058,2.035138,0.501770,3.709483,168.869182,0.212414,1.000000,4.112296,343.093082,0.566031,6.662893,53.535849,292.449057,12.392831,0.213979,0.037901,0.425230,0.006786,104.156069,0.301029,0.857229,9.479769,44.219653,226.710983,10.307834,0.175376,4.695792,50.456647,0.145828,0.435220,23.102175,0.344468,4.454407,0.045568,4.111111,0.228395,1.694444,13.944444,13553.166667,62852.944444,3181.740849,0.192052,2.777778,0.154321,0.352685,6.642668,0.071865,3.725481,0.022642,11602.472222,4.117178,0.019825,1.904717,0.011103,0.182619,0.415484,0.415484,50.032928,790.500000,20.787892,118.841340,0.150337,790.500000,1.421750,0.703358,0.344251,42.106923,0.415484,20.787892,50.032928,40.000000,38.000000,55.172457,55.172457,790.500000,20.787892,1.421750,0.703358,118.841340,0.150337,790.500000
"a35bac00-4ab1-43b7-9299-2d8139bbd2c7","Detection","nuclei_lymphocyte",166.187241,881.508240,64.000000,109.000000,2492852.000000,1.645656,23.000000,3.170492,145.000000,85.510703,14.099748,84.000000,45.000000,100.000000,10.172756,87.312087,0.376673,17.644269,2492852.000000,0.372163,311.320222,8.679370,9.684081,0.454082,1.821139,0.354598,0.674043,0.347970,0.956168,0.233515,0.827120,0.826678,0.986414,0.942163,-0.271909,0.000000,0.342171,2.883181,0.203541,2.768686,0.368683,5.766363,2.396742,0.543934,4.335750,46.883792,0.143376,1.000000,3.872813,121.697248,0.579974,9.198777,37.954128,321.137615,5.662742,0.148495,0.057680,0.699245,0.007250,69.009132,0.315110,0.771627,10.356164,13.817352,120.885845,1.983486,0.143364,4.313283,42.123288,0.192344,0.669725,4.899356,0.393493,5.086364,0.044290,5.375000,0.335938,1.359375,12.750000,2029.937500,18115.125000,243.815590,0.168194,2.500000,0.156250,0.318636,4.864840,0.033895,3.375000,0.048930,1612.246094,2.239187,0.030148,3.122708,0.018355,0.249697,0.906212,0.906212,21.623292,324.000000,19.595290,66.570816,0.205465,324.000000,1.088461,0.918728,0.336546,40.243037,0.906212,19.595290,21.623292,20.000000,20.000000,28.284271,28.284271,324.000000,19.595290,1.088461,0.918728,66.570816,0.205465,324.000000
"160c2579-3c58-4945-8595-bac5343b7a3e","Detection","nuclei_histiocyte",209.370834,885.720215,60.000000,119.000000,2147247.000000,1.831312,31.000000,4.128534,168.000000,83.094406,19.474155,75.000000,47.000000,121.000000,13.432776,86.647889,1.238775,24.559650,2147247.000000,0.340188,603.176402,8.084372,39.834113,6.645310,3.058959,0.462128,0.737508,0.387344,1.106128,0.312093,0.818313,0.813806,0.987849,0.945978,-0.297331,0.000000,0.326435,2.726750,0.226536,2.910102,0.421860,5.453500,2.420930,0.880272,4.209067,37.209790,0.130104,1.000000,6.030515,97.293706,1.058059,9.059441,38.832168,231.506993,8.058394,0.171156,0.085357,1.372162,0.014019,52.839623,0.249244,1.299818,12.674528,14.452830,91.641509,3.022222,0.133475,4.138812,63.405660,0.299083,0.741259,7.173015,0.562147,8.981540,0.062842,4.500000,0.225000,2.090000,18.900000,1222.000000,6637.550000,264.177139,0.158528,4.800000,0.240000,0.480309,9.741750,0.116433,3.784184,0.069930,1017.510000,1.574436,0.043772,4.451581,0.021842,0.599652,0.513895,0.513895,26.895095,280.000000,13.821261,65.954949,0.235553,280.000000,1.236309,0.808860,0.294925,30.904823,0.513895,13.821261,26.895095,24.000000,17.000000,29.410882,29.410882,280.000000,13.821261,1.236309,0.808860,65.954949,0.235553,280.000000
"b6402e3f-4e6c-42ab-b7b0-252de366f2a6","Detection","nuclei_endothelium",694.266602,892.927612,75.000000,131.000000,4144548.000000,1.853493,30.000000,2.445104,158.000000,102.089005,16.797210,102.000000,57.000000,101.000000,12.402176,104.161423,0.278725,20.674552,4144548.000000,0.312121,427.437104,7.433709,16.714395,0.420515,2.579415,0.373766,0.746872,0.359661,0.986250,0.244409,0.822520,0.821580,0.985737,0.940392,-0.323533,0.000000,0.347320,2.623413,0.163691,3.049162,0.265162,5.246827,2.642376,0.738295,4.575001,57.188482,0.149708,1.000000,3.386557,119.230366,0.777179,7.589005,37.099476,273.515707,7.869931,0.238039,0.048543,0.404808,0.013168,72.272727,0.273760,0.988981,7.939394,13.477273,101.053030,2.816172,0.261188,4.446524,53.628788,0.203139,0.691099,5.102388,0.395828,3.459736,0.108348,2.846154,0.218935,2.177515,9.846154,2654.153846,20546.230769,428.726004,0.383825,1.615385,0.124260,0.142552,1.981797,0.018427,3.392747,0.034031,1790.698225,2.844890,0.030911,2.872755,0.023407,0.254613,0.711597,0.711597,26.242399,384.500000,18.674001,73.326548,0.190706,384.500000,1.112798,0.898636,0.345485,42.409323,0.711597,18.674001,26.242399,25.000000,20.000000,32.015621,32.015621,384.500000,18.674001,1.112798,0.898636,73.326548,0.190706,384.500000
"e36ba150-1c65-497f-a8d5-9d06c2e28bd0","Detection","nuclei_lymphocyte",896.534607,892.212708,53.000000,97.000000,1525875.000000,1.654949,21.000000,5.958234,150.000000,73.652672,14.586388,69.000000,40.000000,110.000000,8.885533,76.314811,1.495733,19.980849,1525875.000000,0.402628,399.234325,5.851309,16.399764,2.515779,1.836583,0.486911,0.580880,0.396859,1.130700,0.329414,0.815794,0.810576,0.987265,0.944877,-0.209972,0.000000,0.325480,2.348168,0.257531,2.731721,0.463874,4.696335,2.270576,0.580874,4.094766,34.992366,0.133559,1.000000,5.575491,105.488550,0.713187,6.717557,38.091603,186.778626,9.842887,0.237518,0.085183,1.060606,0.015167,54.778947,0.288310,1.073241,9.031579,13.568421,72.136842,3.327170,0.212651,4.088705,51.073684,0.268809,0.725191,5.962438,0.527856,6.138083,0.093368,6.600000,0.264000,1.526400,13.360000,907.280000,3881.440000,224.561611,0.193967,4.360000,0.174400,0.389011,6.480021,0.066036,4.003856,0.095420,797.449600,1.584185,0.039642,4.962127,0.015859,0.649712,0.855352,0.855352,20.155673,262.500000,17.240193,61.303424,0.233537,262.500000,1.139280,0.877748,0.308551,33.826479,0.855352,17.240193,20.155673,21.000000,18.000000,27.658633,27.658633,262.500000,17.240193,1.139280,0.877748,61.303424,0.233537,262.500000
"24e3a64d-394f-4695-adad-1e912de9db5b","Detection","nuclei_lymphocyte",760.285706,895.473328,66.000000,112.000000,1793222.000000,1.656646,24.000000,3.199112,144.000000,85.905579,14.311186,82.000000,56.000000,88.000000,10.243360,87.728170,0.837644,17.789412,1793222.000000,0.350955,316.463188,3.856805,10.729301,1.418702,2.001479,0.268639,0.763326,0.268639,0.839505,0.196472,0.865680,0.865680,0.984198,0.946272,-0.383602,0.000000,0.268639,1.850296,0.227791,2.550085,0.352663,3.700592,2.281446,0.567529,4.094039,35.678112,0.153125,1.000000,4.220450,81.772532,0.635340,4.381974,43.969957,143.575107,24.363734,0.456128,0.045102,0.353006,0.012534,42.701493,0.318668,0.725384,6.111940,20.597015,72.044776,10.920709,0.317734,4.181256,23.552239,0.175763,0.575107,8.503230,0.388642,3.369332,0.066293,2.500000,0.312500,1.000000,10.000000,2303.375000,7990.625000,1066.692708,0.221354,1.250000,0.156250,0.177011,2.721609,0.011851,2.750000,0.034335,1455.109375,3.660028,0.052439,1.472880,0.026992,0.296852,0.652252,0.652252,21.486232,234.500000,14.014431,57.475214,0.245097,234.500000,1.121007,0.892055,0.303632,32.756408,0.652252,14.014431,21.486232,21.000000,15.000000,25.806976,25.806976,234.500000,14.014431,1.121007,0.892055,57.475214,0.245097,234.500000
"1b8b3467-6448-46dc-a447-43ca1b9d1c7e","Detection","nuclei_melanophage",169.673798,903.824219,27.000000,57.000000,1025943.000000,0.938615,17.000000,4.235743,92.000000,40.233969,9.989217,37.000000,19.000000,73.000000,7.015729,42.167098,1.175466,12.621089,1025943.000000,0.642663,159.291879,4.829020,2.743483,0.928883,0.656998,0.153420,0.621381,0.150647,0.619336,0.130725,0.925139,0.924954,0.991024,0.969963,-0.295286,0.000000,0.148221,2.168669,0.572732,1.446918,0.746765,4.337338,1.287165,0.202604,2.898125,172.036395,0.298157,1.000000,4.721175,370.816291,0.238519,5.121317,59.204506,265.225303,14.101074,0.232284,0.042916,0.322731,0.010165,78.194175,0.379583,0.535960,7.155340,74.572816,318.048544,18.219795,0.216458,4.427721,35.592233,0.172778,0.357019,43.191064,0.417967,3.614210,0.091201,9.173913,0.398866,0.926276,8.913043,8941.782609,36457.869565,2217.166063,0.261171,4.130435,0.179584,0.376202,3.596567,0.093678,3.740953,0.039861,8312.427221,3.600299,0.027228,0.976737,0.006381,0.135859,0.572312,0.572312,36.249846,584.000000,20.746226,97.376751,0.166741,584.000000,1.292075,0.773949,0.342890,41.774593,0.572312,20.746226,36.249846,32.000000,27.000000,41.868843,41.868843,584.000000,20.746226,1.292075,0.773949,97.376751,0.166741,584.000000
"0aa738f8-de35-4e00-b62c-b8afacb6b0d9","Detection","nuclei_histiocyte",203.181137,908.402466,64.000000,92.000000,5891925.000000,1.205209,14.000000,4.373401,141.000000,76.848516,8.664590,76.000000,50.000000,91.000000,6.011801,77.657128,0.673753,11.177437,5891925.000000,0.466329,124.935087,2.716059,2.723960,0.342577,1.064750,0.213765,0.665604,0.206208,0.750465,0.171244,0.898021,0.897652,0.987593,0.958995,-0.330243,0.000000,0.200870,1.582186,0.318995,1.990625,0.409177,3.164372,1.765817,0.319629,3.755645,199.812692,0.204517,1.000000,3.944748,455.603889,0.326018,2.885363,53.577277,144.318321,32.104629,0.575358,0.040847,0.175804,0.017627,180.371981,0.435681,0.416352,3.466184,41.178744,104.599034,25.930556,0.504563,4.658743,52.589372,0.127027,0.423746,18.902168,0.315611,1.461379,0.114517,8.692308,0.334320,0.658284,5.807692,9543.269231,21322.653846,6618.086538,0.333600,6.538462,0.251479,0.505932,3.267653,0.121617,3.580462,0.026612,8131.244083,12.715721,0.011478,1.627087,0.011188,0.094905,0.388765,0.388765,56.934028,979.000000,22.133934,133.392195,0.136254,979.000000,1.446333,0.691404,0.358519,45.669526,0.388765,22.133934,56.934028,51.000000,36.000000,62.425956,62.425956,979.000000,22.133934,1.446333,0.691404,133.392195,0.136254,979.000000
"7954e8a9-4a90-45e9-b5ec-e6771d8a13d4","Detection","nuclei_lymphocyte",32.274101,920.887329,52.000000,95.000000,1598107.000000,1.654090,26.000000,4.374070,155.000000,72.764085,14.662567,71.000000,41.000000,114.000000,10.651585,75.014247,0.814227,18.235277,1598107.000000,0.376017,332.525330,5.949038,12.923500,0.910604,1.848314,0.359615,0.674251,0.315385,0.985854,0.260148,0.849439,0.846731,0.990478,0.955723,-0.299456,0.000000,0.278953,2.361538,0.233322,2.696418,0.381731,4.723077,2.299421,0.551982,4.284501,39.964789,0.140721,1.000000,5.267209,106.788732,0.619222,6.556338,43.323944,244.535211,10.902638,0.250643,0.076039,0.973250,0.014395,52.790055,0.291658,1.013705,8.342541,18.607735,106.696133,4.425743,0.238435,4.384963,42.082873,0.232502,0.637324,8.759928,0.482643,5.239591,0.094425,5.090909,0.231405,1.787190,13.409091,1067.909091,5715.181818,237.398447,0.213788,5.272727,0.239669,0.480014,8.878350,0.071179,3.572624,0.077465,901.264463,1.419140,0.041796,4.562194,0.011662,0.697985,0.701496,0.701496,22.883218,287.000000,16.052495,63.663297,0.221823,287.000000,1.123793,0.889843,0.318767,36.103456,0.701496,16.052495,22.883218,22.000000,17.000000,27.802878,27.802878,287.000000,16.052495,1.123793,0.889843,63.663297,0.221823,287.000000
"9d4fc29d-304a-4ab8-bd00-ed4325c760d9","Detection","nuclei_lymphocyte",459.853577,923.697693,44.000000,82.000000,978113.000000,1.543246,21.000000,3.635812,114.000000,60.891129,12.175468,58.000000,39.000000,75.000000,8.652382,62.801306,0.984857,15.371221,978113.000000,0.393633,236.274437,3.749723,8.689554,1.016977,1.668937,0.244740,0.744220,0.244740,0.802834,0.184842,0.877630,0.877630,0.985604,0.951052,-0.377616,0.000000,0.244740,1.842193,0.267923,2.388557,0.433001,3.684385,2.143817,0.478419,3.841352,41.467742,0.167209,1.000000,3.637097,97.620968,0.529120,4.197581,45.887097,150.907258,23.366375,0.438900,0.042296,0.311576,0.011872,43.396947,0.331274,0.677000,5.748092,23.267176,77.496183,11.998410,0.332485,4.126690,20.847328,0.159140,0.528226,8.931414,0.313479,2.723643,0.060923,2.750000,0.343750,0.859375,9.125000,2960.250000,10568.375000,1195.970486,0.227431,1.250000,0.156250,0.276872,3.401616,0.024467,3.000000,0.032258,1999.250000,3.312882,0.048673,1.448826,0.021277,0.283572,0.723600,0.723600,21.061540,247.000000,15.240123,59.156233,0.239499,247.000000,1.127442,0.886964,0.306282,33.330724,0.723600,15.240123,21.061540,20.000000,16.000000,25.612497,25.612497,247.000000,15.240123,1.127442,0.886964,59.156233,0.239499,247.000000
"e453ba20-f28a-47d5-8cde-6b5e2b88d1eb","Detection","nuclei_endothelium",663.850281,930.316345,69.000000,125.000000,1900360.000000,1.762014,30.000000,2.538103,145.000000,92.160377,18.109114,85.000000,53.000000,92.000000,13.310035,94.678204,0.637514,21.689332,1900360.000000,0.339979,470.427109,5.255405,15.954931,1.838791,2.439114,0.363514,0.740591,0.352703,0.971831,0.239114,0.825450,0.824730,0.978808,0.929820,-0.323894,0.000000,0.343243,2.176351,0.189638,2.894315,0.371622,4.352703,2.515294,0.700657,4.371162,31.047170,0.146449,1.000000,3.558117,72.075472,0.751157,5.792453,34.433962,161.141509,12.933962,0.334840,0.060084,0.409476,0.019865,49.106509,0.290571,0.888344,7.005917,8.781065,42.899408,3.166913,0.290146,3.923302,39.662722,0.234691,0.797170,2.486608,0.432308,3.762213,0.097009,2.600000,0.260000,1.240000,7.000000,1421.000000,6574.800000,418.397222,0.395833,1.800000,0.180000,0.279406,1.190710,0.154892,3.321928,0.047170,971.560000,3.594934,0.051549,1.609012,0.038583,0.252975,0.287117,0.287117,31.228672,216.000000,8.966295,74.186824,0.343458,216.000000,2.027636,0.493185,0.190717,12.923482,0.287117,8.966295,31.228672,25.000000,23.000000,33.970576,33.970576,216.000000,8.966295,2.027636,0.493185,74.186824,0.343458,216.000000
"5db5227a-60af-4fd4-a19e-4eb158cd2433","Detection","nuclei_lymphocyte",142.754333,943.796082,48.000000,104.000000,2533317.000000,1.870233,30.000000,2.879637,142.000000,72.167785,17.738000,68.000000,36.000000,106.000000,13.561677,75.281976,0.654072,21.428640,2533317.000000,0.317138,459.186613,5.980804,19.561287,1.625277,2.588003,0.306539,0.788195,0.294541,0.908916,0.219784,0.854729,0.853929,0.988306,0.951195,-0.398042,0.000000,0.284043,2.326035,0.206205,2.853812,0.378524,4.652070,2.525893,0.723635,4.292807,69.085011,0.154553,1.000000,4.740517,141.760626,0.824988,6.673378,44.512304,227.474273,14.599876,0.288079,0.047186,0.546263,0.008671,68.583333,0.259785,1.087466,9.287879,22.318182,116.492424,6.729080,0.223929,4.531553,52.333333,0.198232,0.590604,10.850723,0.421799,5.264994,0.060576,4.733333,0.315556,1.688889,15.133333,4022.466667,21969.000000,950.892907,0.197241,1.666667,0.111111,0.193788,4.062309,0.010003,3.640224,0.033557,3134.426667,3.202060,0.032893,2.322220,0.020854,0.279954,0.635484,0.635484,30.108375,443.000000,19.133403,79.527004,0.179519,443.000000,1.136098,0.880206,0.352417,44.128174,0.635484,19.133403,30.108375,26.000000,25.000000,36.069378,36.069378,443.000000,19.133403,1.136098,0.880206,79.527004,0.179519,443.000000
"d784afe0-2a1c-4379-85d8-2cf427c1dbd5","Detection","nuclei_histiocyte",337.902344,954.612793,67.000000,113.000000,1223215.000000,1.668064,29.000000,2.136588,133.000000,87.666667,15.163399,85.000000,61.000000,72.000000,12.289494,89.414033,0.433178,17.590476,1223215.000000,0.332137,309.424837,3.948435,9.072057,0.972836,2.076310,0.355433,0.707672,0.344383,0.964437,0.236833,0.829650,0.828913,0.979287,0.931492,-0.298854,0.000000,0.334715,1.875691,0.184332,2.741564,0.279926,3.751381,2.360970,0.607936,4.023925,24.594771,0.160750,1.000000,3.650733,50.816993,0.652911,4.549020,36.058824,119.516340,21.452841,0.451117,0.053972,0.412380,0.014866,38.504425,0.340747,0.635132,5.929204,11.469027,38.654867,6.877581,0.314958,3.751839,26.840708,0.237528,0.738562,4.135954,0.409482,3.159436,0.084090,2.750000,0.343750,0.859375,9.125000,844.375000,2800.250000,427.302951,0.227431,1.250000,0.156250,0.191262,2.814526,0.013707,3.000000,0.052288,478.609375,2.632539,0.071929,1.727556,0.032050,0.386967,0.779702,0.779702,15.970445,148.500000,12.452190,45.709931,0.307811,148.500000,1.119656,0.893131,0.271104,26.114012,0.779702,12.452190,15.970445,15.000000,14.000000,20.518285,20.518285,148.500000,12.452190,1.119656,0.893131,45.709931,0.307811,148.500000
"be89c73e-63d4-4621-959e-9bbf4ff1002b","Detection","nuclei_lymphocyte",30.170450,957.134583,41.000000,94.000000,1844045.000000,1.718466,26.000000,3.461341,135.000000,62.828638,15.620468,58.000000,31.000000,104.000000,11.403478,65.793192,0.940073,19.527066,1844045.000000,0.345489,381.306316,4.133207,12.871105,1.593891,2.058291,0.331439,0.722614,0.309975,0.947094,0.235355,0.848590,0.847159,0.987423,0.948849,-0.335013,0.000000,0.291193,1.923927,0.220054,2.688573,0.375000,3.847854,2.338971,0.597433,4.148044,60.164319,0.141231,1.000000,4.805131,147.178404,0.694637,4.751174,43.384977,147.892019,22.091395,0.425185,0.059639,0.613056,0.013478,73.750958,0.282571,0.930932,7.019157,19.662835,68.544061,10.093472,0.302683,4.343309,53.942529,0.206676,0.612676,9.006738,0.446554,4.442479,0.083766,6.904762,0.328798,1.102041,12.857143,2693.523810,9948.285714,1071.525304,0.172460,3.666667,0.174603,0.395674,6.806726,0.025513,3.439936,0.049296,2282.013605,3.975421,0.027848,2.988559,0.019602,0.305020,0.557971,0.557971,31.337678,418.500000,17.485523,79.459797,0.189868,418.500000,1.200576,0.832934,0.333349,39.482164,0.557971,17.485523,31.337678,30.000000,18.000000,34.985711,34.985711,418.500000,17.485523,1.200576,0.832934,79.459797,0.189868,418.500000
"f2c26ca3-9412-4d95-9c44-253c03643262","Detection","nuclei_stroma",389.066010,962.940186,44.000000,87.000000,1475750.000000,1.531763,21.000000,3.083983,116.000000,62.897143,13.097404,60.000000,36.000000,80.000000,9.542667,64.934032,0.733750,16.136232,1475750.000000,0.406498,260.377992,4.076378,6.607124,0.523398,1.456289,0.336220,0.624861,0.329921,0.937209,0.227372,0.836089,0.835669,0.980333,0.934226,-0.248799,0.000000,0.324409,1.948425,0.249899,2.529752,0.444094,3.896850,2.179744,0.448127,3.988425,48.428571,0.138367,1.000000,4.301224,142.274286,0.507755,4.622857,38.942857,141.160000,16.570813,0.379306,0.061815,0.512740,0.016062,84.868726,0.327678,0.683025,5.996139,11.853282,45.135135,4.861379,0.319391,3.816182,59.972973,0.231556,0.740000,4.548680,0.457415,3.613353,0.116432,5.625000,0.351563,0.933594,10.312500,2895.875000,11028.500000,961.748698,0.212674,3.250000,0.203125,0.433482,5.684224,0.048814,3.375000,0.045714,2417.359375,5.044142,0.028625,1.752547,0.025315,0.151289,0.291276,0.291276,40.298482,351.000000,11.737967,87.671319,0.249776,351.000000,1.742602,0.573855,0.241238,20.677307,0.291276,11.737967,40.298482,28.000000,30.000000,41.036569,41.036569,351.000000,11.737967,1.742602,0.573855,87.671319,0.249776,351.000000
"e648a493-35e6-48d2-9bd5-158719c31a23","Detection","nuclei_endothelium",645.789063,961.354248,67.000000,116.000000,3171639.000000,1.708408,24.000000,3.424601,157.000000,87.413098,15.148132,81.000000,59.000000,98.000000,11.153027,89.381291,0.947411,18.653830,3171639.000000,0.350900,347.965370,4.150376,14.588769,1.993191,2.091585,0.346548,0.715727,0.332878,0.958702,0.235741,0.835840,0.834928,0.986780,0.944846,-0.307154,0.000000,0.320916,1.927204,0.206076,2.751456,0.359535,3.854409,2.382809,0.609533,4.381719,53.992443,0.136001,1.000000,4.837719,139.307305,0.690151,4.710327,40.445844,145.294710,19.830571,0.426839,0.064245,0.548140,0.016085,78.047970,0.288000,0.926512,6.416974,14.878229,55.055351,7.223581,0.336819,4.327647,61.738007,0.227816,0.682620,6.293977,0.468353,4.071593,0.104958,5.777778,0.320988,0.867284,11.611111,2844.277778,9817.000000,1219.713364,0.153071,4.111111,0.228395,0.472200,5.825211,0.047873,3.461320,0.045340,2357.830247,4.070352,0.027214,3.328296,0.020748,0.308345,0.502312,0.502312,32.511025,399.000000,16.330665,82.389078,0.206489,399.000000,1.353806,0.738658,0.301019,32.195060,0.502312,16.330665,32.511025,29.000000,23.000000,37.013511,37.013511,399.000000,16.330665,1.353806,0.738658,82.389078,0.206489,399.000000
"30d03052-386c-4bc7-8eff-1fce53de941d","Detection","nuclei_lymphocyte",47.971588,967.672913,40.000000,92.000000,1075595.000000,1.772849,29.000000,2.973187,131.000000,63.222222,17.005944,60.000000,35.000000,96.000000,12.742815,66.530571,0.775192,20.718771,1075595.000000,0.327542,429.267490,3.954545,15.423060,2.142175,2.260041,0.402273,0.697802,0.347727,1.039441,0.281358,0.835227,0.831591,0.984962,0.943344,-0.323008,0.000000,0.300000,1.868182,0.213316,2.767080,0.323864,3.736364,2.344868,0.665579,3.970750,36.950617,0.152060,1.000000,6.121458,79.592593,0.785856,4.736626,41.189300,117.213992,24.923776,0.456812,0.080968,0.859248,0.015283,45.025316,0.284970,0.905664,7.411392,18.569620,59.468354,10.888956,0.274944,3.991582,43.696203,0.276558,0.650206,9.108156,0.537720,5.350152,0.080756,6.444444,0.358025,0.777778,11.888889,983.944444,3041.500000,502.441651,0.145355,3.888889,0.216049,0.429444,6.729343,0.030055,3.038562,0.074074,801.694444,2.378155,0.053330,2.885995,0.023283,0.529308,0.520315,0.520315,24.608402,240.500000,12.804114,61.690221,0.256508,240.500000,1.259238,0.794131,0.280037,27.863365,0.520315,12.804114,24.608402,23.000000,13.000000,26.419690,26.419690,240.500000,12.804114,1.259238,0.794131,61.690221,0.256508,240.500000
"aefd3ac3-4b98-4895-a8ce-9b8b087b998d","Detection","nuclei_lymphocyte",751.104187,984.429138,67.000000,90.000000,1005900.000000,1.255797,13.000000,6.790023,128.000000,78.223602,8.328768,76.000000,64.000000,64.000000,5.580530,79.043191,1.672910,11.353154,1005900.000000,0.457814,128.894101,2.604895,2.720427,0.432948,0.987197,0.305944,0.526820,0.291958,0.909496,0.220705,0.856352,0.855420,0.982250,0.942075,-0.191656,0.000000,0.279720,1.560315,0.280024,2.144328,0.354895,3.120629,1.821356,0.323285,3.856169,22.987578,0.142780,1.000000,4.260561,73.708075,0.358011,3.006211,41.236025,102.472050,26.186033,0.564225,0.054035,0.325803,0.018898,45.018868,0.424706,0.467782,3.886792,14.471698,38.962264,8.611766,0.457154,3.719884,21.037736,0.198469,0.658385,5.243859,0.420810,2.312692,0.117374,2.000000,0.333333,0.888889,8.000000,1972.833333,5528.666667,1087.862269,0.274306,1.666667,0.277778,0.370429,4.500129,0.033091,2.251629,0.037267,1252.805556,2.739172,0.054423,2.099826,0.016467,0.426640,0.795066,0.795066,16.476071,160.000000,13.099569,48.503256,0.303145,160.000000,1.170070,0.854650,0.267232,25.373458,0.795066,13.099569,16.476071,17.000000,14.000000,22.022716,22.022716,160.000000,13.099569,1.170070,0.854650,48.503256,0.303145,160.000000
"ab928f78-1635-4792-ade8-a4b52f9afc55","Detection","nuclei_histiocyte",238.062500,983.500000,66.000000,107.000000,550231.000000,1.282503,19.000000,2.343102,115.000000,88.867647,11.471453,90.000000,59.000000,56.000000,8.843952,89.953501,-0.312887,13.934621,550231.000000,0.482699,194.173659,4.066964,2.885776,-0.073998,0.980150,0.357143,0.465872,0.348214,0.962737,0.235890,0.827381,0.826786,0.964698,0.913393,-0.141152,0.000000,0.340402,1.977679,0.287638,2.330111,0.495536,3.955357,1.949559,0.334323,3.633521,10.794118,0.158737,1.000000,3.807093,32.823529,0.349481,4.588235,32.147059,128.294118,10.790033,0.331699,0.070335,0.463386,0.016612,20.884615,0.401627,0.446746,5.423077,10.384615,42.500000,3.466880,0.300214,3.355167,11.961538,0.230030,0.764706,3.544379,0.453250,3.090436,0.094879,3.000000,0.500000,0.583333,6.833333,349.666667,1400.333333,98.481481,0.282407,1.000000,0.166667,0.201984,1.804094,0.023936,2.584963,0.088235,221.222222,1.894505,0.115043,0.939389,0.039225,0.267188,0.597050,0.597050,12.239394,64.000000,7.307533,31.870300,0.497973,64.000000,1.262939,0.791804,0.200690,14.310469,0.597050,7.307533,12.239394,13.000000,7.000000,14.764823,14.764823,64.000000,7.307533,1.262939,0.791804,31.870300,0.497973,64.000000
"45c91a61-3178-47c4-9489-bc432569f1f7","Detection","nuclei_histiocyte",222.662811,986.523804,74.000000,132.000000,1468243.000000,1.902420,33.000000,2.591796,162.000000,101.918519,18.357531,99.000000,62.000000,100.000000,13.692282,104.287459,0.437717,22.101802,1468243.000000,0.307325,488.489657,6.514894,19.190871,1.501357,2.621802,0.468085,0.697021,0.429787,1.088493,0.283368,0.791489,0.788936,0.982301,0.929281,-0.266297,0.000000,0.396277,2.444681,0.155589,3.176514,0.304255,4.889362,2.660272,0.772472,4.384615,19.370370,0.143484,1.000000,4.048505,41.488889,0.854321,7.385185,30.096296,170.081481,8.649992,0.252844,0.095128,1.177762,0.013922,29.991150,0.265408,1.054272,9.123894,8.973451,55.079646,2.409081,0.217463,4.037215,30.681416,0.271517,0.837037,3.264312,0.518031,6.007342,0.082835,3.615385,0.278107,1.171598,13.153846,352.846154,1930.384615,85.560256,0.160534,2.692308,0.207101,0.429962,7.058347,0.029806,3.334679,0.096296,245.005917,1.299814,0.077974,3.253182,0.030871,0.625608,0.489651,0.489651,18.923505,129.500000,9.265915,45.734055,0.353159,129.500000,1.285286,0.778037,0.236230,19.827721,0.489651,9.265915,18.923505,18.000000,10.000000,20.591260,20.591260,129.500000,9.265915,1.285286,0.778037,45.734055,0.353159,129.500000
"36822d15-e520-46f2-9fa8-667a7b00dad4","Detection","nuclei_histiocyte",9.993804,1007.655518,65.000000,105.000000,2009431.000000,1.607813,24.000000,4.163304,156.000000,85.229323,13.496410,84.000000,56.000000,100.000000,9.815243,86.915199,0.838182,17.035678,2009431.000000,0.375940,290.214328,3.719752,9.069809,1.030229,1.690590,0.387797,0.626829,0.342296,1.021571,0.270631,0.836177,0.833402,0.985482,0.944016,-0.255827,0.000000,0.304924,1.842296,0.226000,2.649554,0.374354,3.684592,2.219658,0.519597,4.116500,36.255639,0.136299,1.000000,4.876081,100.000000,0.594663,4.270677,40.157895,123.744361,21.745112,0.450730,0.069722,0.624170,0.017227,56.522222,0.314012,0.794321,6.033333,15.200000,49.577778,7.973284,0.334125,4.030830,41.733333,0.231852,0.676692,6.464691,0.444990,3.749856,0.092860,6.000000,0.300000,1.147500,9.850000,1138.000000,3965.000000,450.271097,0.242625,3.400000,0.170000,0.369577,5.081086,0.038179,3.684184,0.075188,961.110000,2.807543,0.037717,3.532728,0.018982,0.443645,0.515390,0.515390,25.801243,269.000000,13.297714,65.162595,0.242240,269.000000,1.256130,0.796096,0.288523,29.577524,0.515390,13.297714,25.801243,16.000000,24.000000,28.844410,28.844410,269.000000,13.297714,1.256130,0.796096,65.162595,0.242240,269.000000
"c55b6860-934a-4a75-b975-d4d5cdf3257e","Detection","nuclei_histiocyte",42.133205,1012.174133,85.000000,121.000000,5560368.000000,1.289116,19.000000,2.637502,143.000000,102.937984,10.872574,103.000000,77.000000,66.000000,8.018587,103.807066,0.283144,13.404414,5560368.000000,0.441507,179.678325,2.866977,3.221873,0.427358,1.195445,0.232919,0.673866,0.232919,0.783066,0.178668,0.883540,0.883540,0.976708,0.941770,-0.321077,0.000000,0.232919,1.620600,0.290409,2.127553,0.382505,3.241201,1.894633,0.357091,3.809833,87.689922,0.169942,1.000000,3.415179,227.817829,0.367267,3.087209,48.899225,130.160853,29.979167,0.555717,0.031236,0.127357,0.014183,99.514286,0.406181,0.441249,3.844898,28.008163,75.118367,17.273696,0.461111,4.462718,32.012245,0.130662,0.474806,10.265156,0.272076,1.445928,0.088033,3.727273,0.338843,0.727273,4.727273,8050.181818,26526.090909,3475.446970,0.472222,1.181818,0.107438,0.046520,0.222393,0.013300,3.277613,0.021318,5849.719008,14.490414,0.021298,0.681561,0.027540,0.059803,0.786168,0.786168,29.330583,525.500000,23.058767,89.407350,0.170138,525.500000,1.210497,0.826107,0.350702,43.699669,0.786168,23.058767,29.330583,29.000000,24.000000,37.643060,37.643060,525.500000,23.058767,1.210497,0.826107,89.407350,0.170138,525.500000
"1d70e033-7ba2-4924-b621-781ae96502a6","Detection","nuclei_melanophage",362.263367,1017.506165,55.000000,107.000000,1764441.000000,1.523365,24.000000,2.352023,117.000000,84.995726,14.261086,86.000000,48.000000,69.000000,10.691243,86.835167,-0.384853,17.778432,1764441.000000,0.385602,316.072631,9.425329,6.688252,-0.360359,1.659086,0.201912,0.783007,0.201912,0.725735,0.161143,0.899044,0.899044,0.988123,0.959618,-0.441858,0.000000,0.201912,3.010155,0.274999,2.302497,0.454002,6.020311,2.100586,0.465249,4.025602,42.717949,0.182555,1.000000,4.368544,90.230769,0.499543,9.628205,49.384615,459.910256,6.524840,0.136129,0.041899,0.416784,0.007269,36.636364,0.333058,0.687934,10.018182,33.181818,320.400000,4.164520,0.156124,4.413221,16.054545,0.145950,0.470085,15.080661,0.349176,3.546198,0.072443,3.600000,0.360000,1.200000,10.200000,1959.400000,18202.900000,236.243750,0.217361,2.400000,0.240000,0.194542,1.403721,0.056439,2.846439,0.042735,1411.840000,1.454573,0.065025,1.282458,0.015953,0.360671,0.377413,0.377413,28.470836,243.000000,10.745273,69.390952,0.285559,243.000000,1.576847,0.634177,0.237179,19.987403,0.377413,10.745273,28.470836,27.000000,11.000000,29.154759,29.154759,243.000000,10.745273,1.576847,0.634177,69.390952,0.285559,243.000000
"8eb06d84-072f-4044-9fba-bc62b9e5cfde","Detection","nuclei_stroma",426.432434,1018.777771,54.000000,103.000000,628351.000000,1.341424,21.000000,5.757376,153.000000,73.620370,14.878258,68.000000,51.000000,102.000000,9.755556,76.276240,1.633529,19.952591,628351.000000,0.508573,398.105881,2.142077,16.086175,3.809965,1.555444,0.467213,0.538020,0.330601,1.065659,0.357916,0.855419,0.848361,0.983394,0.948006,-0.193703,0.000000,0.230419,1.367486,0.435184,2.067304,0.644809,2.734973,1.658872,0.505664,3.328680,17.777778,0.164609,1.000000,7.219136,54.925926,0.675583,2.870370,42.555556,54.185185,40.122734,0.739504,0.111112,1.050245,0.027984,22.710526,0.298823,1.025450,5.513158,16.342105,24.052632,15.061542,0.431060,3.558306,25.684211,0.337950,0.703704,8.264543,0.599692,4.667334,0.120201,4.200000,0.280000,1.093333,8.933333,366.266667,409.066667,357.798500,0.211463,3.933333,0.262222,0.484827,6.276309,0.054799,3.323231,0.138889,314.426667,1.478755,0.107404,3.057931,0.019083,1.632954,0.582479,0.582479,16.069444,111.000000,9.360110,45.205250,0.407255,111.000000,1.465025,0.682582,0.206046,15.084527,0.582479,9.360110,16.069444,16.000000,10.000000,18.867962,18.867962,111.000000,9.360110,1.465025,0.682582,45.205250,0.407255,111.000000
"612c91d9-ee4c-47ca-9655-6307e052a76c","Detection","nuclei_melanophage",1008.274597,433.425171,27.000000,90.000000,1857240.000000,1.674371,36.000000,2.831241,136.000000,50.866551,21.081312,41.000000,21.000000,115.000000,15.943225,56.734353,0.977984,25.127292,1857240.000000,0.410259,631.380805,7.625347,35.348727,6.773908,3.468232,0.226642,0.877321,0.214616,0.778118,0.180582,0.894696,0.893895,0.993923,0.969555,-0.493681,0.000000,0.204093,2.610546,0.333287,2.462874,0.552729,5.221092,2.217194,0.923719,3.912571,124.785095,0.216265,1.000000,4.754293,236.719237,0.961418,7.937608,52.788562,351.365685,11.217855,0.201627,0.047048,0.536870,0.010148,64.015504,0.248122,1.257557,10.728682,43.883721,258.240310,9.814591,0.179507,4.965212,44.534884,0.172616,0.447140,23.877171,0.408077,4.969653,0.074661,4.100000,0.205000,2.027500,13.250000,6286.550000,31878.500000,1458.089000,0.230222,4.200000,0.210000,0.445604,6.649832,0.122229,3.784184,0.034662,5454.227500,1.775583,0.035230,2.748664,0.012217,0.503584,0.572485,0.572485,36.470611,579.000000,20.878889,98.175698,0.169561,579.000000,1.324706,0.754884,0.335813,40.067986,0.572485,20.878889,36.470611,30.000000,29.000000,41.725292,41.725292,579.000000,20.878889,1.324706,0.754884,98.175698,0.169561,579.000000
"c3d96fcd-43d1-400c-bf6a-47986060ca27","Detection","nuclei_melanophage",929.120422,64.774017,59.000000,135.000000,4189592.000000,2.213774,42.000000,2.447580,175.000000,91.444201,23.668105,86.000000,31.000000,144.000000,17.687012,95.747571,0.322863,28.382308,4189592.000000,0.241136,805.555420,10.502652,51.109863,3.172235,4.534063,0.428992,0.827126,0.391279,1.059343,0.275893,0.810499,0.808132,0.991512,0.951609,-0.381601,0.000000,0.359671,3.078374,0.119624,3.494862,0.210961,6.156747,3.006679,1.240764,4.915369,66.680525,0.145909,1.000000,3.726616,110.199125,1.343583,11.341357,35.722101,349.210066,6.876783,0.168087,0.058526,1.009156,0.006959,76.111111,0.228562,1.495081,13.297297,11.669670,116.564565,2.115194,0.141697,4.632129,72.171171,0.216730,0.728665,4.136046,0.423691,6.783296,0.046901,3.600000,0.180000,2.587500,20.650000,1826.550000,16393.350000,278.241437,0.127687,2.600000,0.130000,0.334898,10.247106,0.014954,4.084184,0.043764,1304.427500,1.599573,0.031787,6.213241,0.019237,0.616020,0.525906,0.525906,33.650272,458.000000,17.696893,86.861974,0.189655,458.000000,1.310944,0.762809,0.319188,36.198806,0.525906,17.696893,33.650272,32.000000,23.000000,39.408121,39.408121,458.000000,17.696893,1.310944,0.762809,86.861974,0.189655,458.000000
"64e2cea3-c559-4465-a735-4f06c71b078f","Detection","nuclei_histiocyte",828.101563,160.496506,82.000000,141.000000,2975753.000000,1.964796,34.000000,2.542580,161.000000,107.930328,18.919477,105.000000,50.000000,111.000000,13.725323,110.434184,-0.016573,23.382757,2975753.000000,0.281779,546.753343,8.638952,23.599925,-0.177451,3.241137,0.329157,0.815613,0.324601,0.926440,0.223791,0.838459,0.838155,0.987376,0.946008,-0.406579,0.000000,0.320615,2.812642,0.152358,3.092237,0.249431,5.625285,2.749827,0.892574,4.671409,35.877049,0.147037,1.000000,3.738981,68.754098,0.923945,8.967213,38.278689,339.172131,7.490472,0.208378,0.053997,0.508316,0.011197,42.262500,0.264141,1.065000,9.187500,14.750000,130.475000,2.811531,0.216226,4.570475,30.712500,0.191953,0.655738,5.447500,0.399566,3.797458,0.079663,2.833333,0.236111,2.076389,10.583333,1221.166667,11208.500000,184.584560,0.283727,1.666667,0.138889,0.239493,2.285584,0.048837,3.022055,0.049180,807.722222,1.623015,0.054470,2.533269,0.026042,0.429069,0.459656,0.459656,26.171468,238.000000,12.029876,66.925841,0.281201,238.000000,1.497617,0.667727,0.245251,21.370997,0.459656,12.029876,26.171468,12.000000,25.000000,27.730849,27.730849,238.000000,12.029876,1.497617,0.667727,66.925841,0.281201,238.000000
"ae61588c-f2c0-42a8-af9c-d2c153313d31","Detection","nuclei_tumor",443.306061,257.895508,92.000000,142.000000,4940875.000000,1.675731,30.000000,2.045582,155.000000,115.214876,15.424857,115.000000,83.000000,72.000000,11.997833,116.667159,0.217066,18.350974,4940875.000000,0.335033,336.758236,4.657463,10.319855,0.379259,2.210302,0.250000,0.796773,0.247015,0.817239,0.188984,0.876990,0.876791,0.985347,0.950697,-0.419939,0.000000,0.244403,2.041418,0.207781,2.605244,0.325373,4.082836,2.346982,0.615076,4.323369,58.107438,0.160076,1.000000,3.842861,121.617080,0.635855,5.019284,47.011019,207.581267,21.040002,0.392428,0.041540,0.271028,0.012166,61.756757,0.333820,0.664251,6.091892,25.772973,108.897297,12.036937,0.305856,4.583365,27.670270,0.149569,0.509642,10.372652,0.300968,2.227015,0.075160,4.166667,0.347222,0.743056,9.250000,3094.583333,12339.000000,1235.195023,0.196181,1.666667,0.138889,0.296702,2.568558,0.042363,3.251629,0.033058,2179.520833,4.852474,0.034762,1.405610,0.025627,0.186917,0.546429,0.546429,29.364334,360.500000,16.045521,74.518128,0.206708,360.500000,1.225769,0.815814,0.316182,35.520340,0.546429,16.045521,29.364334,15.000000,27.000000,30.886890,30.886890,360.500000,16.045521,1.225769,0.815814,74.518128,0.206708,360.500000
"eed53da6-5f87-4982-8186-bb8465cce553","Detection","nuclei_histiocyte",581.488892,607.055298,72.000000,127.000000,4673100.000000,1.841688,31.000000,2.752700,142.000000,102.055814,17.197144,104.000000,41.000000,101.000000,12.419994,104.248139,-0.504314,21.266999,4673100.000000,0.324143,452.285257,13.509706,23.780139,-2.208463,2.841300,0.296807,0.810837,0.296807,0.877352,0.208712,0.851597,0.851597,0.988584,0.950532,-0.409106,0.000000,0.296807,3.587977,0.186049,2.927619,0.339386,7.175955,2.630812,0.784527,4.542242,66.093023,0.153705,1.000000,3.294343,139.381395,0.790184,13.700000,42.023256,586.620930,4.001329,0.105819,0.038003,0.526580,0.004374,74.455939,0.285272,0.969686,13.394636,17.379310,249.440613,1.586777,0.120248,4.692506,45.812261,0.175526,0.606977,6.522159,0.348972,4.734967,0.045807,2.636364,0.239669,1.785124,11.909091,4546.181818,67917.727273,340.851414,0.205985,1.181818,0.107438,0.050678,0.488774,0.010724,3.459432,0.025581,3018.082645,1.896266,0.030577,2.584120,0.020392,0.283136,0.751425,0.751425,27.561685,419.000000,20.710535,81.104374,0.193567,419.000000,1.249294,0.800452,0.323648,37.217534,0.751425,20.710535,27.561685,26.000000,23.000000,34.713110,34.713110,419.000000,20.710535,1.249294,0.800452,81.104374,0.193567,419.000000
"16102d85-1eed-4658-a4e9-313ed6a6c5c3","Detection","nuclei_melanophage",928.596802,559.265442,43.000000,74.000000,1505304.000000,1.318691,16.000000,5.535915,121.000000,58.297362,10.665574,57.000000,25.000000,96.000000,6.774589,60.081958,1.186638,14.534762,1505304.000000,0.482244,211.259298,3.517776,7.318467,0.933817,1.189099,0.277957,0.621068,0.271493,0.864198,0.204249,0.865331,0.864900,0.983764,0.945917,-0.252151,0.000000,0.265837,1.813833,0.320712,2.204192,0.516484,3.627666,1.910005,0.366764,3.984733,62.438849,0.149733,1.000000,4.201830,201.095923,0.398507,3.808153,45.537170,162.465228,19.000500,0.437184,0.046201,0.234918,0.018422,83.870690,0.361512,0.602389,4.314655,21.612069,79.232759,8.323994,0.452556,4.364222,37.689655,0.162455,0.556355,8.689284,0.363934,1.874387,0.149726,6.764706,0.397924,1.086505,5.823529,4312.058824,16877.882353,1197.400327,0.482435,1.705882,0.100346,0.235581,1.934436,0.047489,3.690117,0.040767,3710.366782,5.896970,0.023415,1.823658,0.017179,0.153947,0.626963,0.626963,29.416304,417.500000,18.442920,80.587750,0.193025,417.500000,1.237861,0.807845,0.325595,37.666758,0.626963,18.442920,29.416304,20.000000,30.000000,36.055513,36.055513,417.500000,18.442920,1.237861,0.807845,80.587750,0.193025,417.500000
"37be5cb0-a0cb-4a58-a8ce-fd0286b8141f","Detection","nuclei_melanophage",803.972961,678.546570,84.000000,150.000000,2961446.000000,2.102997,34.000000,5.021150,227.000000,113.354839,21.419949,108.000000,73.000000,154.000000,14.468320,116.821302,1.321743,28.247073,2961446.000000,0.281361,797.897131,9.333765,71.639580,8.904979,4.067277,0.606727,0.740382,0.474774,1.236437,0.381317,0.782988,0.775809,0.990890,0.948674,-0.275991,0.000000,0.374587,2.910091,0.147483,3.463227,0.289780,5.820181,2.821923,1.168501,4.642098,28.198157,0.129945,1.000000,4.672938,61.055300,1.372507,10.539171,31.359447,233.046083,5.806630,0.165780,0.091762,1.875326,0.011227,42.005405,0.227056,1.843272,13.183784,9.405405,78.875676,1.668723,0.156947,4.389922,55.594595,0.300511,0.852535,3.901943,0.555637,8.875286,0.084967,3.571429,0.170068,3.079365,21.857143,543.571429,3670.714286,100.611160,0.153105,3.571429,0.170068,0.365861,11.660549,0.030635,4.201841,0.096774,436.793651,0.694680,0.057911,9.995732,0.016918,1.877922,0.493751,0.493751,24.403433,222.000000,12.049225,63.392093,0.285550,222.000000,1.440480,0.694213,0.248156,21.880289,0.493751,12.049225,24.403433,12.000000,24.000000,26.832816,26.832816,222.000000,12.049225,1.440480,0.694213,63.392093,0.285550,222.000000
"b077fa9f-0d52-4295-b26c-fefbe6cbdf98","Detection","nuclei_tumor",26.151260,134.663864,106.000000,149.000000,2963385.000000,1.575927,25.000000,2.527812,169.000000,126.532967,13.539548,125.000000,94.000000,75.000000,9.832426,127.602254,0.251191,16.484642,2963385.000000,0.379121,271.743419,6.636364,7.345216,0.399356,1.705585,0.268105,0.728321,0.268105,0.838732,0.196225,0.865948,0.865948,0.984229,0.946379,-0.353962,0.000000,0.268105,2.505393,0.245643,2.515638,0.371341,5.010786,2.247533,0.493422,3.950664,30.241758,0.166164,1.000000,3.545103,69.000000,0.529797,7.170330,42.230769,267.236264,8.644994,0.205662,0.042421,0.379465,0.007950,32.657143,0.311020,0.761542,8.495238,20.247619,130.171429,4.069577,0.207870,4.168260,18.790476,0.178957,0.576923,8.229841,0.332486,3.532641,0.068535,2.142857,0.306122,1.142857,10.142857,1745.142857,11309.285714,324.930556,0.237103,1.000000,0.142857,0.168153,1.656515,0.019552,2.807355,0.038462,1069.142857,1.801218,0.066916,1.415125,0.022233,0.311745,0.496545,0.496545,21.740249,178.500000,10.795015,53.284442,0.298512,178.500000,1.265764,0.790037,0.258918,23.819221,0.496545,10.795015,21.740249,21.000000,10.000000,23.259407,23.259407,178.500000,10.795015,1.265764,0.790037,53.284442,0.298512,178.500000
"1dcd09c7-8e6f-4c3b-afc3-631fb84b175f","Detection","nuclei_tumor",172.238144,68.015671,118.000000,148.000000,7952433.000000,1.100552,17.000000,2.202235,160.000000,133.820862,9.272381,134.000000,108.000000,52.000000,7.067763,134.285993,-0.133758,11.167134,7952433.000000,0.554106,124.704871,3.479294,2.353159,-0.388747,0.906899,0.160171,0.699794,0.160171,0.634717,0.134516,0.919915,0.919915,0.983983,0.959957,-0.400393,0.000000,0.160171,1.814555,0.429883,1.752016,0.618758,3.629111,1.591845,0.266767,3.388297,100.492063,0.227873,1.000000,3.722348,244.360544,0.268129,3.641723,56.342404,188.775510,24.204145,0.412635,0.031400,0.159307,0.010769,71.831325,0.432719,0.409058,4.506024,50.373494,174.554217,20.305556,0.364458,4.586560,18.674699,0.112498,0.376417,22.142836,0.284997,1.844330,0.070910,4.555556,0.506173,0.691358,6.666667,11860.111111,44291.555556,3778.793210,0.324074,1.222222,0.135802,0.188624,1.475294,0.045660,3.169925,0.020408,9459.111111,6.259939,0.032920,0.459957,0.014608,0.080031,0.554335,0.554335,32.133610,436.000000,17.812781,81.501841,0.186931,436.000000,1.212379,0.824824,0.334319,39.712122,0.554335,17.812781,32.133610,31.000000,21.000000,37.443290,37.443290,436.000000,17.812781,1.212379,0.824824,81.501841,0.186931,436.000000
"f00e7370-ca0b-48a1-8360-8bf94cd89380","Detection","nuclei_tumor",237.705948,30.329847,129.000000,147.000000,13641297.000000,0.516864,9.000000,3.171471,163.000000,137.741980,5.725966,137.000000,118.000000,45.000000,4.050463,137.933023,0.330738,7.257110,13641297.000000,0.833819,52.665643,4.117971,0.772697,0.094728,0.253703,0.077178,0.533502,0.077178,0.392155,0.071221,0.961411,0.961411,0.992282,0.980706,-0.287666,0.000000,0.077178,2.018376,0.774102,0.844118,0.878354,4.036751,0.766940,0.082720,2.121788,313.287308,0.436942,1.000000,2.712674,597.847978,0.088483,4.200837,66.779637,272.786611,17.041415,0.264877,0.025788,0.126406,0.008458,70.071895,0.457986,0.373275,4.830065,169.032680,681.830065,42.561728,0.318446,5.009187,12.228758,0.079927,0.213389,81.188005,0.215489,1.268664,0.080217,6.230769,0.479290,0.828402,6.153846,32850.846154,131510.153846,8221.745726,0.395299,2.692308,0.207101,0.399002,2.340016,0.183334,3.180833,0.018131,29808.899408,3.765556,0.037074,0.239957,0.002358,0.079133,0.838084,0.838084,33.175586,717.000000,27.803923,98.171103,0.136919,717.000000,1.069642,0.934893,0.415881,61.452517,0.838084,27.803923,33.175586,31.000000,30.000000,43.139309,43.139309,717.000000,27.803923,1.069642,0.934893,98.171103,0.136919,717.000000
"3ac01453-36a4-42ac-90bf-97b0fb06204c","Detection","nuclei_tumor",37.921703,291.818665,140.000000,165.000000,6413487.000000,1.050085,13.000000,2.710908,181.000000,151.322581,7.641346,150.000000,130.000000,51.000000,5.615574,151.615991,0.292006,9.427894,6413487.000000,0.495741,88.885189,2.479042,0.925648,-0.015891,0.803037,0.237525,0.543468,0.237525,0.790900,0.181107,0.881238,0.881238,0.976248,0.940619,-0.221538,0.000000,0.237525,1.528942,0.317052,1.853836,0.399202,3.057884,1.616312,0.260140,3.832207,42.612903,0.152734,1.000000,4.270963,138.311828,0.261996,2.659498,46.218638,117.598566,28.381621,0.593090,0.047339,0.173519,0.023759,74.385621,0.486181,0.289205,2.895425,22.705882,54.640523,14.751271,0.555192,3.993266,24.921569,0.162886,0.548387,9.404844,0.360443,1.141923,0.194121,3.800000,0.380000,0.490000,4.100000,2559.100000,6105.200000,1672.797222,0.447222,1.600000,0.160000,0.333054,2.253489,0.075167,3.121928,0.035842,1780.690000,7.616383,0.031363,0.903322,0.020680,0.102859,0.484797,0.484797,28.914436,289.500000,14.017618,77.048209,0.266142,289.500000,1.631799,0.612821,0.241507,20.723441,0.484797,14.017618,28.914436,27.000000,18.000000,32.449961,32.449961,289.500000,14.017618,1.631799,0.612821,77.048209,0.266142,289.500000
"b8527fa2-89cb-4786-acde-5937d048c43d","Detection","nuclei_tumor",312.101166,414.217377,130.000000,155.000000,13452408.000000,0.899395,14.000000,3.864745,182.000000,141.729730,8.303384,140.000000,120.000000,62.000000,5.763435,142.122520,0.884820,10.559097,13452408.000000,0.641119,111.494522,4.840810,2.058919,0.688658,0.640218,0.128225,0.666272,0.128225,0.552551,0.111784,0.935887,0.935887,0.992457,0.974355,-0.358465,0.000000,0.128225,2.170901,0.563747,1.407892,0.736800,4.341802,1.279666,0.192111,2.813916,205.255255,0.308191,1.000000,3.289100,426.984985,0.205142,5.024024,60.966967,280.858859,14.412412,0.234443,0.025283,0.142347,0.007184,82.929293,0.418835,0.427507,6.353535,92.212121,402.828283,22.282548,0.234708,4.684779,21.434343,0.108254,0.297297,46.955923,0.264778,1.916780,0.069107,5.000000,0.416667,0.916667,7.166667,22837.833333,94568.500000,5623.731481,0.340856,1.166667,0.097222,0.110133,0.315800,0.091078,3.584963,0.018018,19757.583333,3.688557,0.026198,0.848640,0.004489,0.141621,0.820127,0.820127,32.326524,665.500000,26.511865,96.016549,0.144277,665.500000,1.102387,0.907122,0.399075,56.586159,0.820127,26.511865,32.326524,29.000000,30.000000,41.725292,41.725292,665.500000,26.511865,1.102387,0.907122,96.016549,0.144277,665.500000
"773e4270-d11d-42e4-9a38-67a1f9732271","Detection","nuclei_tumor",592.604614,27.676413,96.000000,143.000000,7506893.000000,1.657088,28.000000,2.156048,160.000000,118.487572,14.897492,118.000000,81.000000,79.000000,11.448522,119.806193,0.159799,17.726231,7506893.000000,0.358591,314.219253,5.595517,11.911190,0.601442,2.224373,0.204789,0.831392,0.204789,0.731403,0.162850,0.897606,0.897606,0.987954,0.959042,-0.501343,0.000000,0.204789,2.256240,0.248394,2.504578,0.402445,4.512481,2.299789,0.607290,4.167987,97.611855,0.186638,1.000000,3.272487,187.543021,0.593948,5.701721,51.845124,287.583174,15.451840,0.311677,0.030578,0.185865,0.009730,70.215859,0.309321,0.771216,5.938326,34.484581,187.656388,9.564427,0.341165,5.025666,27.105727,0.119408,0.434034,13.251567,0.227927,1.479108,0.077796,3.666667,0.305556,1.000000,5.000000,7539.916667,40661.666667,1778.741319,0.512153,1.500000,0.125000,0.187064,1.148052,0.043491,3.584963,0.022945,5640.409722,5.046156,0.031031,1.100232,0.019582,0.147037,0.651256,0.651256,32.219026,513.000000,20.982837,86.343053,0.168310,513.000000,1.156452,0.864714,0.360746,46.238624,0.651256,20.982837,32.219026,24.000000,30.000000,38.418745,38.418745,513.000000,20.982837,1.156452,0.864714,86.343053,0.168310,513.000000
"35d27941-4bb2-4703-9305-f2f3ef5beeb9","Detection","nuclei_stroma",129.653778,695.939026,49.000000,91.000000,2772000.000000,1.669757,21.000000,10.399966,198.000000,72.060362,13.866806,70.000000,37.000000,161.000000,9.040731,74.682426,1.756174,19.615529,2772000.000000,0.379359,384.768992,5.866217,26.650321,2.254399,2.087494,0.426644,0.660604,0.331085,1.026010,0.317027,0.846665,0.843437,0.991898,0.959802,-0.304928,0.000000,0.278565,2.334739,0.223570,2.732182,0.372681,4.669477,2.344144,0.628535,4.429091,67.704225,0.136226,1.000000,5.284803,188.541247,0.719043,6.394366,41.647887,230.112676,11.785572,0.268439,0.071583,0.901954,0.012314,99.641026,0.319362,1.154956,8.096154,18.262821,103.839744,5.096747,0.236724,4.466609,67.820513,0.217373,0.627767,8.112878,0.465077,5.003877,0.081553,7.000000,0.212121,2.062443,14.848485,1411.727273,7908.606061,335.557873,0.156127,7.363636,0.223140,0.440018,8.767249,0.034473,4.150159,0.066398,1184.905418,2.482193,0.019879,7.647622,0.010681,0.662465,0.161706,0.161706,68.947510,494.810001,11.149199,137.745483,0.278381,494.810001,3.051451,0.327713,0.172682,10.594909,0.161706,11.149199,68.947510,59.000000,22.000000,62.968246,62.968246,494.810001,11.149199,3.051451,0.327713,137.745483,0.278381,494.810001
