ObjectID,ObjectType,Classification,Centroid_X,Centroid_Y,firstorder_10Percentile,firstorder_90Percentile,firstorder_Energy,firstorder_Entropy,firstorder_InterquartileRange,firstorder_Kurtosis,firstorder_Maximum,firstorder_Mean,firstorder_MeanAbsoluteDeviation,firstorder_Median,firstorder_Minimum,firstorder_Range,firstorder_RobustMeanAbsoluteDeviation,firstorder_RootMeanSquared,firstorder_Skewness,firstorder_StandardDeviation,firstorder_TotalEnergy,firstorder_Uniformity,firstorder_Variance,glcm_Autocorrelation,glcm_ClusterProminence,glcm_ClusterShade,glcm_ClusterTendency,glcm_Contrast,glcm_Correlation,glcm_DifferenceAverage,glcm_DifferenceEntropy,glcm_DifferenceVariance,glcm_Id,glcm_Idm,glcm_Idmn,glcm_Idn,glcm_Imc1,glcm_Imc2,glcm_InverseVariance,glcm_JointAverage,glcm_JointEnergy,glcm_JointEntropy,glcm_MaximumProbability,glcm_SumAverage,glcm_SumEntropy,glcm_SumSquares,gldm_DependenceEntropy,gldm_DependenceNonUniformity,gldm_DependenceNonUniformityNormalized,gldm_DependencePercentage,gldm_DependenceVariance,gldm_GrayLevelNonUniformity,gldm_GrayLevelVariance,gldm_HighGrayLevelEmphasis,gldm_LargeDependenceEmphasis,gldm_LargeDependenceHighGrayLevelEmphasis,gldm_LargeDependenceLowGrayLevelEmphasis,gldm_LowGrayLevelEmphasis,gldm_SmallDependenceEmphasis,gldm_SmallDependenceHighGrayLevelEmphasis,gldm_SmallDependenceLowGrayLevelEmphasis,glrlm_GrayLevelNonUniformity,glrlm_GrayLevelNonUniformityNormalized,glrlm_GrayLevelVariance,glrlm_HighGrayLevelRunEmphasis,glrlm_LongRunEmphasis,glrlm_LongRunHighGrayLevelEmphasis,glrlm_LongRunLowGrayLevelEmphasis,glrlm_LowGrayLevelRunEmphasis,glrlm_RunEntropy,glrlm_RunLengthNonUniformity,glrlm_RunLengthNonUniformityNormalized,glrlm_RunPercentage,glrlm_RunVariance,glrlm_ShortRunEmphasis,glrlm_ShortRunHighGrayLevelEmphasis,glrlm_ShortRunLowGrayLevelEmphasis,glszm_GrayLevelNonUniformity,glszm_GrayLevelNonUniformityNormalized,glszm_GrayLevelVariance,glszm_HighGrayLevelZoneEmphasis,glszm_LargeAreaEmphasis,glszm_LargeAreaHighGrayLevelEmphasis,glszm_LargeAreaLowGrayLevelEmphasis,glszm_LowGrayLevelZoneEmphasis,glszm_SizeZoneNonUniformity,glszm_SizeZoneNonUniformityNormalized,glszm_SmallAreaEmphasis,glszm_SmallAreaHighGrayLevelEmphasis,glszm_SmallAreaLowGrayLevelEmphasis,glszm_ZoneEntropy,glszm_ZonePercentage,glszm_ZoneVariance,ngtdm_Busyness,ngtdm_Coarseness,ngtdm_Complexity,ngtdm_Contrast,ngtdm_Strength,shape2D_Elongation,shape2D_Flatness,shape2D_MajorAxisLength,shape2D_MeshSurfaceArea,shape2D_MinorAxisLength,shape2D_Perimeter,shape2D_PerimeterSurfaceRatio,shape2D_PixelSurface,shape2D_SphericalDisproportion,shape2D_Sphericity,shape_Compactness1,shape_Compactness2,shape_Elongation,shape_LeastAxisLength,shape_MajorAxisLength,shape_Maximum2DDiameterColumn,shape_Maximum2DDiameterRow,shape_Maximum2DDiameterSlice,shape_Maximum3DDiameter,shape_MeshVolume,shape_MinorAxisLength,shape_SphericalDisproportion,shape_Sphericity,shape_SurfaceArea,shape_SurfaceVolumeRatio,shape_VoxelVolume
"2fa13049-2531-4812-aff8-542880935231","Detection","nuclei_lymphocyte",11.152129,9.368120,42.000000,88.000000,1379238.000000,1.681086,28.000000,2.669612,114.000000,63.268750,14.503555,61.000000,37.000000,77.000000,11.045989,65.651495,0.603264,17.526666,1379238.000000,0.339004,307.184023,4.250424,11.315573,1.111730,2.222968,0.238540,0.806184,0.238540,0.792604,0.181639,0.880730,0.880730,0.985968,0.952292,-0.437930,0.000000,0.238540,1.937606,0.220465,2.563058,0.341256,3.875212,2.324518,0.615377,4.167235,51.550000,0.161094,1.000000,3.851211,108.481250,0.646865,4.634375,47.493750,180.834375,24.218490,0.432769,0.042520,0.318147,0.011555,52.048780,0.317371,0.740779,6.280488,23.329268,86.012195,12.577659,0.306572,4.448113,23.170732,0.141285,0.512500,8.100238,0.305013,2.898173,0.050576,3.400000,0.340000,0.760000,8.600000,3197.600000,11824.500000,1416.493056,0.218056,1.600000,0.160000,0.331110,3.563520,0.035352,3.121928,0.031250,2173.600000,4.088238,0.045350,1.246092,0.023469,0.246911,0.887680,0.887680,21.607708,321.000000,19.180721,70.284271,0.218954,321.000000,1.224620,0.816580,0.307357,33.565104,0.887680,19.180721,21.607708,21.000000,19.000000,28.319605,28.319605,321.000000,19.180721,1.224620,0.816580,70.284271,0.218954,321.000000
"2e4fcd10-30e5-4da3-8b0f-6e9b83d020e2","Detection","nuclei_histiocyte",37.472221,5.131783,68.000000,102.000000,2089860.000000,1.300995,19.000000,2.410176,121.000000,88.007576,10.862948,90.000000,61.000000,60.000000,8.182758,88.972672,-0.217478,13.069161,2089860.000000,0.474891,170.802973,4.081761,4.001200,-0.181015,1.205394,0.247379,0.659438,0.247379,0.807098,0.186183,0.876310,0.876310,0.975262,0.938155,-0.315531,0.000000,0.247379,1.960168,0.308769,2.203648,0.511530,3.920335,1.956269,0.363193,4.003381,39.719697,0.150453,1.000000,3.769054,125.371212,0.359145,4.253788,45.234848,175.094697,17.710964,0.371738,0.043406,0.244402,0.012531,58.169014,0.409641,0.438008,4.901408,22.901408,88.000000,8.614241,0.337637,4.245999,21.267606,0.149772,0.537879,9.075580,0.319653,1.872374,0.080225,5.181818,0.471074,0.611570,6.636364,2784.545455,10764.090909,841.376263,0.297980,1.363636,0.123967,0.240192,2.002296,0.034932,3.277613,0.041667,2208.545455,6.190773,0.037146,0.685066,0.029665,0.094150,0.446210,0.446210,27.934153,258.000000,12.464507,68.970563,0.267328,258.000000,1.467229,0.681557,0.254126,22.945656,0.446210,12.464507,27.934153,26.000000,12.000000,28.635642,28.635642,258.000000,12.464507,1.467229,0.681557,68.970563,0.267328,258.000000
"67fe71b5-3ac3-4253-9a49-b8e8b75010df","Detection","nuclei_lymphocyte",112.663597,4.422290,52.000000,84.000000,705066.000000,0.980111,17.000000,3.094293,98.000000,63.211765,10.117232,60.000000,47.000000,51.000000,7.437607,64.400676,0.982650,12.317462,705066.000000,0.614048,151.719862,4.546823,1.678115,0.382731,0.617812,0.160535,0.587497,0.160535,0.635588,0.134764,0.919732,0.919732,0.983946,0.959866,-0.294088,0.000000,0.160535,2.105351,0.528814,1.531918,0.714047,4.210702,1.371383,0.194587,3.285321,34.317647,0.201869,1.000000,4.849965,104.388235,0.222872,4.782353,52.541176,238.558824,12.703431,0.263562,0.060136,0.369413,0.019189,29.710526,0.390928,0.470222,5.473684,34.473684,149.421053,8.631579,0.305556,4.111894,11.500000,0.151316,0.447059,14.459834,0.367704,2.230391,0.132778,4.600000,0.460000,0.810000,6.100000,1731.200000,7233.900000,426.413889,0.391667,3.200000,0.320000,0.523777,3.813964,0.158198,2.321928,0.058824,1442.200000,2.105432,0.081068,0.521347,0.013047,0.182445,0.561787,0.561787,20.498504,163.000000,11.515784,55.798990,0.342325,163.000000,1.520041,0.657877,0.220634,17.296115,0.561787,11.515784,20.498504,21.000000,11.000000,23.706539,23.706539,163.000000,11.515784,1.520041,0.657877,55.798990,0.342325,163.000000
"e4c539a7-e9f8-4294-a022-4bd6c956a217","Detection","nuclei_lymphocyte",138.607681,8.835652,44.000000,98.000000,1291314.000000,1.829705,26.000000,4.741475,146.000000,67.441860,16.184785,65.000000,39.000000,107.000000,11.173640,70.746682,1.255047,21.370271,1291314.000000,0.334054,456.688480,4.900215,24.313983,3.019681,2.534716,0.417382,0.717230,0.370172,1.054293,0.280355,0.822514,0.819635,0.984359,0.939410,-0.310085,0.000000,0.331396,2.090665,0.198256,2.931785,0.373391,4.181330,2.503304,0.738024,4.319235,33.139535,0.128448,1.000000,4.677423,86.186047,0.854636,5.565891,37.317829,142.775194,16.984750,0.374100,0.077419,0.783630,0.015757,48.325967,0.266994,1.106315,7.734807,14.276243,61.436464,6.016661,0.283603,4.202597,42.745856,0.236165,0.701550,6.149019,0.482634,5.189440,0.089150,4.764706,0.280277,1.162630,10.882353,1110.000000,4514.117647,395.881275,0.210686,4.411765,0.259516,0.484490,6.001425,0.048061,3.146286,0.065891,879.674740,2.667586,0.044611,2.966192,0.026359,0.445208,0.683991,0.683991,22.809602,251.500000,15.601562,68.041631,0.270543,251.500000,1.464878,0.682651,0.252814,22.709324,0.683991,15.601562,22.809602,16.000000,21.000000,26.400758,26.400758,251.500000,15.601562,1.464878,0.682651,68.041631,0.270543,251.500000
"df919ecf-7d95-4845-9be1-f495c2cf1bbe","Detection","nuclei_histiocyte",155.608597,6.582796,83.000000,109.000000,1479161.000000,1.127166,14.000000,2.905389,118.000000,95.930818,7.888770,97.000000,69.000000,49.000000,5.679752,96.451539,-0.383952,10.008876,1479161.000000,0.498596,100.177604,5.604278,1.868429,-0.011771,0.865071,0.292335,0.494844,0.292335,0.871719,0.206875,0.853832,0.853832,0.970766,0.926916,-0.176651,0.000000,0.292335,2.336898,0.295544,2.073581,0.450980,4.673797,1.781246,0.289352,3.877336,24.522013,0.154226,1.000000,3.540841,79.276730,0.285115,5.729560,39.465409,222.622642,8.448987,0.222921,0.056765,0.387304,0.011065,46.841584,0.463778,0.328399,5.881188,14.891089,81.485149,3.259076,0.230748,3.807949,18.821782,0.186354,0.635220,4.977943,0.339887,2.013326,0.079096,5.666667,0.629630,0.444444,7.555556,1158.555556,5284.777778,273.419753,0.225309,1.666667,0.185185,0.368352,3.279550,0.044880,2.641604,0.056604,846.444444,4.530618,0.046918,1.021259,0.027434,0.138947,0.699396,0.699396,17.346370,155.000000,12.131982,50.970563,0.328842,155.000000,1.333820,0.749726,0.240313,20.519061,0.699396,12.131982,17.346370,14.000000,15.000000,20.518285,20.518285,155.000000,12.131982,1.333820,0.749726,50.970563,0.328842,155.000000
"75adc055-1e0b-4683-b1b7-e36e769e4519","Detection","nuclei_lymphocyte",174.929382,9.547081,53.000000,100.000000,2026312.000000,1.430905,27.000000,2.642474,121.000000,72.991643,14.803780,68.000000,42.000000,79.000000,11.184676,75.128710,0.733577,17.791658,2026312.000000,0.444014,316.543106,5.973625,7.522676,1.633045,1.527451,0.222306,0.745901,0.214770,0.770663,0.176180,0.893871,0.893369,0.987056,0.957297,-0.382949,0.000000,0.208176,2.376413,0.356474,2.178901,0.561417,4.752826,1.941522,0.437439,3.659045,71.657382,0.199603,1.000000,4.590452,159.401114,0.503317,6.484680,51.278552,271.225627,11.734370,0.214175,0.041459,0.382702,0.008875,50.726708,0.315073,0.731685,8.788820,38.906832,202.223602,8.893288,0.189570,4.417761,26.329193,0.163535,0.448468,19.018556,0.384872,4.322594,0.059763,3.400000,0.340000,1.400000,10.400000,5585.900000,27457.600000,1267.440278,0.278472,1.600000,0.160000,0.319859,3.521343,0.115440,3.121928,0.027855,4297.090000,2.908197,0.043775,1.126759,0.016248,0.202056,0.833316,0.833316,23.810529,354.000000,19.841689,73.798990,0.208472,354.000000,1.224300,0.816794,0.315031,35.262057,0.833316,19.841689,23.810529,20.000000,21.000000,29.000000,29.000000,354.000000,19.841689,1.224300,0.816794,73.798990,0.208472,354.000000
"4a9eaf4a-e2e9-4632-9d22-980d91919d6d","Detection","nuclei_endothelium",251.117493,6.467896,57.000000,89.000000,1353042.000000,1.111961,18.000000,2.480126,103.000000,72.277778,9.927690,71.000000,44.000000,59.000000,7.368804,73.274923,0.309461,12.047287,1353042.000000,0.499465,145.137125,5.778390,1.381676,0.411536,0.828164,0.211687,0.592851,0.207277,0.749540,0.168723,0.897097,0.896803,0.987626,0.958692,-0.266027,0.000000,0.203418,2.371555,0.365776,1.820451,0.528115,4.743109,1.596954,0.259963,3.520096,47.492063,0.188461,1.000000,4.406966,125.865079,0.281352,6.083333,49.595238,274.527778,10.309992,0.199157,0.039488,0.312159,0.007779,55.524590,0.455120,0.367979,7.204918,32.016393,168.459016,6.924408,0.183345,4.202788,19.639344,0.160978,0.484127,14.950013,0.384323,3.273890,0.065217,1.857143,0.265306,1.061224,8.428571,4312.857143,23587.571429,902.695437,0.263889,1.857143,0.265306,0.255737,3.087315,0.056442,2.807355,0.027778,3016.857143,2.495118,0.043198,1.349754,0.009653,0.237434,0.656846,0.656846,23.354359,244.000000,15.340221,68.627417,0.281260,244.000000,1.536016,0.651035,0.242141,20.832389,0.656846,15.340221,23.354359,22.000000,17.000000,27.802878,27.802878,244.000000,15.340221,1.536016,0.651035,68.627417,0.281260,244.000000
"e87856c8-c4e5-4c41-a46c-aee4e70ce9af","Detection","nuclei_histiocyte",415.581848,5.247312,51.000000,92.000000,803483.000000,1.639422,22.000000,4.002963,127.000000,72.673611,13.539834,71.000000,43.000000,84.000000,9.406064,74.697678,0.798575,17.271054,803483.000000,0.378665,298.289304,6.243083,16.604473,1.303823,2.063058,0.286561,0.756079,0.278656,0.877980,0.208912,0.861989,0.861462,0.989041,0.953746,-0.371490,0.000000,0.271739,2.408103,0.232567,2.633227,0.365613,4.816206,2.346583,0.587405,4.299338,20.402778,0.141686,1.000000,3.823881,54.527778,0.619165,6.493056,41.000000,240.756944,10.501375,0.253775,0.047459,0.388041,0.010074,29.285714,0.321821,0.854486,7.637363,13.802198,81.010989,3.456624,0.236801,4.176069,15.769231,0.173288,0.631944,3.786016,0.332334,3.308105,0.055913,1.571429,0.224490,1.551020,9.714286,954.571429,5899.285714,197.933373,0.260675,1.000000,0.142857,0.167143,1.782473,0.018167,2.807355,0.048611,531.387755,1.120308,0.075609,2.679744,0.015976,0.794350,0.844073,0.844073,15.112474,139.500000,12.756037,49.556349,0.355243,139.500000,1.400924,0.713815,0.225606,18.084349,0.844073,12.756037,15.112474,14.000000,13.000000,19.104973,19.104973,139.500000,12.756037,1.400924,0.713815,49.556349,0.355243,139.500000
"409ea278-7028-444d-92da-fd196f70ae1f","Detection","nuclei_histiocyte",508.551483,11.538226,77.000000,142.000000,4126875.000000,1.975882,34.000000,2.394980,162.000000,108.777778,19.382049,109.000000,51.000000,111.000000,14.378820,111.323933,-0.077229,23.673045,4126875.000000,0.281209,560.413080,9.091879,27.580588,-0.490768,3.442903,0.315012,0.832347,0.310090,0.911097,0.218856,0.845775,0.845447,0.987923,0.948435,-0.422795,0.000000,0.305783,2.882691,0.149695,3.112355,0.233798,5.765381,2.782949,0.939479,4.665529,49.744745,0.149384,1.000000,3.697932,93.642643,0.932518,9.330330,40.531532,382.729730,8.161196,0.197100,0.048758,0.468251,0.010617,62.113208,0.292987,0.904325,9.292453,15.622642,152.443396,2.903912,0.191057,4.535298,38.877358,0.183384,0.636637,5.753560,0.372198,3.690187,0.060402,3.000000,0.214286,1.637755,11.071429,1826.214286,16213.357143,287.811310,0.243810,1.714286,0.122449,0.247220,2.128582,0.096092,3.807355,0.042042,1260.454082,2.003067,0.043248,2.316840,0.023900,0.344818,0.584317,0.584317,27.353934,327.000000,15.983359,77.455844,0.236868,327.000000,1.459993,0.684935,0.270640,26.024674,0.584317,15.983359,27.353934,16.000000,26.000000,30.528675,30.528675,327.000000,15.983359,1.459993,0.684935,77.455844,0.236868,327.000000
"37cc34a7-a5dd-44d5-b6ba-1227600997b5","Detection","nuclei_tumor",598.182495,8.606339,69.000000,106.000000,3544557.000000,1.287968,16.000000,3.057628,134.000000,88.114350,10.467584,89.000000,54.000000,80.000000,7.531781,89.148400,-0.014505,13.538781,3544557.000000,0.489674,183.298583,4.172601,4.261047,-0.049959,1.157134,0.149668,0.770940,0.148461,0.610111,0.127627,0.925971,0.925890,0.991217,0.970348,-0.465814,0.000000,0.147405,1.980084,0.401033,1.903538,0.603500,3.960169,1.750291,0.326701,3.540639,114.762332,0.257315,1.000000,3.723964,218.394619,0.349776,4.349776,57.479821,233.035874,20.485504,0.355708,0.031700,0.185565,0.010361,55.529032,0.358252,0.556670,5.200000,59.187097,234.864516,20.106900,0.351882,4.832192,16.354839,0.105515,0.347534,26.068928,0.277101,1.658044,0.096930,3.444444,0.382716,0.913580,7.444444,10503.111111,42204.666667,3006.306327,0.318673,1.222222,0.135802,0.259323,3.075949,0.027382,3.169925,0.020179,8047.358025,3.100284,0.037977,0.947498,0.008531,0.226726,0.747985,0.747985,28.546464,436.500000,21.352331,86.870058,0.199015,436.500000,1.375771,0.726865,0.304161,32.870820,0.747985,21.352331,28.546464,28.000000,21.000000,35.000000,35.000000,436.500000,21.352331,1.375771,0.726865,86.870058,0.199015,436.500000
"e02c90dd-29b1-48a4-aabe-28aa20b640eb","Detection","nuclei_tumor",570.744690,16.886942,52.000000,109.000000,3751348.000000,1.917214,26.000000,3.959606,160.000000,77.653846,17.643491,73.000000,39.000000,121.000000,11.550870,80.983336,0.961390,22.982186,3751348.000000,0.324313,528.180877,7.144921,39.837192,4.966409,3.204132,0.309413,0.823874,0.295433,0.914176,0.222132,0.854613,0.853681,0.991694,0.958045,-0.416222,0.000000,0.283201,2.534017,0.207286,2.941615,0.387232,5.068034,2.605546,0.878386,4.508399,86.010490,0.150368,1.000000,4.475879,185.506993,0.959640,7.736014,44.660839,275.001748,11.967253,0.234293,0.049362,0.673590,0.007425,87.449848,0.265805,1.266359,10.468085,22.072948,128.881459,5.797727,0.182086,4.768391,59.765957,0.181659,0.575175,9.982003,0.401798,5.468897,0.049981,4.263158,0.224377,1.894737,17.894737,4589.578947,23433.210526,1096.156316,0.125658,2.894737,0.152355,0.364109,9.109218,0.018400,3.892407,0.033217,3683.252078,3.019906,0.023298,3.905814,0.016722,0.375672,0.593584,0.593584,35.278370,570.500000,20.940684,97.840620,0.171500,570.500000,1.335282,0.748906,0.332584,39.301224,0.593584,20.940684,35.278370,24.000000,34.000000,41.617304,41.617304,570.500000,20.940684,1.335282,0.748906,97.840620,0.171500,570.500000
"83905450-3bad-4cf3-96e9-dbf092c6af91","Detection","nuclei_lymphocyte",86.221497,15.733209,38.000000,76.000000,1607773.000000,1.375515,18.000000,3.453364,100.000000,52.885768,11.651215,48.000000,33.000000,67.000000,8.082357,54.870856,1.095063,14.625540,1607773.000000,0.424175,213.906427,2.633284,6.382208,1.656791,1.490939,0.216741,0.746157,0.216741,0.754173,0.169765,0.891629,0.891629,0.987251,0.956652,-0.377040,0.000000,0.216741,1.521425,0.312482,2.123099,0.487793,3.042850,1.906358,0.426920,3.665484,103.749064,0.194287,1.000000,3.635315,226.509363,0.468824,2.955056,51.074906,115.955056,38.045737,0.635105,0.034343,0.168633,0.014825,91.344262,0.374362,0.520290,4.262295,36.868852,69.918033,30.296277,0.435166,4.488340,36.336066,0.148918,0.456929,17.710293,0.280266,1.597246,0.077586,3.000000,0.333333,0.691358,6.666667,11967.777778,22113.555556,9724.114969,0.266204,1.666667,0.185185,0.337507,3.247835,0.047865,3.169925,0.016854,8447.333333,8.779040,0.024370,1.481299,0.016027,0.187800,0.692983,0.692983,31.383094,533.500000,21.747941,89.840620,0.168399,533.500000,1.203930,0.830613,0.353468,44.391824,0.692983,21.747941,31.383094,28.000000,26.000000,38.209946,38.209946,533.500000,21.747941,1.203930,0.830613,89.840620,0.168399,533.500000
"4a669e33-bcd3-4bfa-8dc8-bf19ffcced4b","Detection","nuclei_histiocyte",474.938141,13.040757,57.000000,112.000000,1760876.000000,1.677414,31.000000,2.345205,139.000000,85.069565,17.180794,87.000000,51.000000,88.000000,13.304527,87.498472,0.166749,20.473194,1760876.000000,0.338866,419.151682,4.194712,13.939904,1.706928,2.415540,0.272837,0.797025,0.270433,0.851473,0.199703,0.865184,0.865024,0.983993,0.945994,-0.410579,0.000000,0.268329,1.912861,0.205571,2.669907,0.296875,3.825721,2.390881,0.672094,4.194734,35.078261,0.152514,1.000000,4.274178,77.939130,0.654234,4.465217,43.800000,156.656522,24.647615,0.456008,0.046252,0.313184,0.013188,48.507463,0.361996,0.599688,5.611940,20.313433,72.656716,11.083333,0.317320,4.075337,26.059701,0.194475,0.582609,8.529071,0.430228,2.696390,0.090974,2.142857,0.306122,0.979592,9.142857,2454.000000,8721.857143,1166.187500,0.244048,1.285714,0.183673,0.292044,3.655897,0.025337,2.807355,0.030435,1374.408163,3.445829,0.056662,1.391398,0.026510,0.315363,0.560840,0.560840,22.954103,229.000000,12.873578,61.112698,0.266868,229.000000,1.297829,0.770517,0.270435,25.985373,0.560840,12.873578,22.954103,16.000000,21.000000,26.400758,26.400758,229.000000,12.873578,1.297829,0.770517,61.112698,0.266868,229.000000
"415e1d67-39f3-4b39-b182-0711020ffdef","Detection","nuclei_endothelium",231.725723,15.220668,44.000000,73.000000,717184.000000,1.293153,16.000000,5.186727,105.000000,56.570093,9.408333,54.000000,39.000000,66.000000,6.536932,57.890648,1.340353,12.294374,717184.000000,0.472050,151.151629,3.139142,3.458020,0.272518,1.049329,0.287386,0.570011,0.282185,0.876168,0.207758,0.859775,0.859428,0.983187,0.943736,-0.226018,0.000000,0.277633,1.717165,0.295365,2.180908,0.462939,3.434330,1.889544,0.334179,3.795845,33.915888,0.158485,1.000000,3.454450,101.018692,0.370251,3.523364,41.616822,128.626168,20.737085,0.473326,0.049583,0.344554,0.016259,49.682171,0.385133,0.561024,4.286822,16.868217,54.914729,7.908915,0.437769,4.069407,21.976744,0.170362,0.602804,5.860225,0.316318,1.937169,0.116507,2.142857,0.306122,0.979592,9.142857,3077.142857,10494.571429,1247.240079,0.244048,1.857143,0.265306,0.465318,6.187566,0.037843,2.521641,0.032710,2142.530612,3.051840,0.045065,1.875785,0.016066,0.307980,0.592878,0.592878,21.602433,214.500000,12.807604,60.041631,0.279914,214.500000,1.337420,0.747708,0.260120,24.040834,0.592878,12.807604,21.602433,13.000000,22.000000,25.553865,25.553865,214.500000,12.807604,1.337420,0.747708,60.041631,0.279914,214.500000
"bfe53606-57ac-43bf-b918-2e29fa1d8406","Detection","nuclei_histiocyte",354.962952,13.865741,61.000000,96.000000,1343351.000000,1.271908,19.000000,2.305248,108.000000,77.837963,10.470593,79.000000,54.000000,54.000000,7.962080,78.862016,0.202291,12.667640,1343351.000000,0.447659,160.469114,2.728553,2.350957,0.279937,1.043299,0.261204,0.599536,0.261204,0.828557,0.192976,0.869398,0.869398,0.973880,0.934699,-0.252522,0.000000,0.261204,1.591549,0.285771,2.110753,0.376440,3.183099,1.849549,0.326126,3.806119,35.824074,0.165852,1.000000,4.049297,96.694444,0.356289,3.087963,44.277778,113.643519,27.502186,0.550026,0.048421,0.254299,0.017519,50.040650,0.406835,0.442329,4.000000,20.000000,50.861789,12.682023,0.439702,4.076797,19.845528,0.161346,0.569444,7.664485,0.347896,1.925358,0.101328,4.750000,0.593750,0.484375,7.375000,2591.750000,7424.125000,1389.767361,0.239583,1.500000,0.187500,0.331414,2.982555,0.036839,2.500000,0.037037,1862.750000,6.776174,0.043310,0.805191,0.031262,0.120673,0.827906,0.827906,18.339428,216.000000,15.183322,57.112698,0.264411,216.000000,1.201716,0.832144,0.282345,28.324473,0.827906,15.183322,18.339428,16.000000,19.000000,24.839485,24.839485,216.000000,15.183322,1.201716,0.832144,57.112698,0.264411,216.000000
"25d0a555-272b-4f9d-82b7-f586eec17463","Detection","nuclei_lymphocyte",379.286469,17.367136,48.000000,74.000000,1881494.000000,0.983260,14.000000,2.921416,96.000000,60.770161,8.221221,59.000000,40.000000,56.000000,6.107553,61.590053,0.478332,10.016096,1881494.000000,0.630520,100.322174,3.924691,2.047200,-0.178150,0.663039,0.178053,0.576615,0.178053,0.675799,0.146350,0.910974,0.910974,0.982195,0.955487,-0.270233,0.000000,0.178053,1.950242,0.504180,1.644974,0.698225,3.900484,1.466922,0.210273,3.187874,114.173387,0.230188,1.000000,3.728018,312.737903,0.221189,4.125000,55.012097,213.790323,17.291107,0.328517,0.032698,0.180864,0.009893,74.187166,0.396723,0.459150,4.898396,51.326203,201.133690,15.336007,0.346257,4.574710,20.989305,0.112242,0.377016,23.185164,0.273036,1.822216,0.080696,6.272727,0.570248,0.611570,7.090909,13900.363636,54924.727273,3698.313131,0.285354,1.363636,0.123967,0.244716,2.121419,0.036193,3.095795,0.022177,11867.173554,6.753283,0.025825,0.519015,0.013537,0.058537,0.852465,0.852465,27.398970,498.000000,23.356650,86.426407,0.173547,498.000000,1.193586,0.837811,0.349691,43.448190,0.852465,23.356650,27.398970,24.000000,28.000000,36.878178,36.878178,498.000000,23.356650,1.193586,0.837811,86.426407,0.173547,498.000000
"81848cc0-9582-4a04-ae5a-26874895fdb8","Detection","nuclei_lymphocyte",213.523926,16.554981,41.000000,84.000000,1502718.000000,1.603771,26.000000,2.912413,116.000000,60.129870,14.184584,57.000000,35.000000,81.000000,11.042398,62.475304,0.740930,16.957664,1502718.000000,0.358921,287.562355,3.686671,10.524864,1.499407,2.041609,0.210747,0.812866,0.210747,0.742908,0.166333,0.894627,0.894627,0.987603,0.957851,-0.457842,0.000000,0.210747,1.796930,0.250418,2.404412,0.339846,3.593859,2.193666,0.563089,4.018787,75.576623,0.196303,1.000000,4.187053,138.184416,0.597295,4.007792,51.457143,169.249351,29.572583,0.496970,0.039300,0.246771,0.012260,59.079096,0.333780,0.686457,5.666667,33.525424,104.971751,20.194994,0.337884,4.616955,25.180791,0.142264,0.459740,14.600466,0.341750,2.735319,0.060340,4.200000,0.420000,0.610000,7.900000,5057.900000,15875.100000,2711.822222,0.222917,1.600000,0.160000,0.322965,2.886317,0.036682,2.846439,0.025974,3575.650000,5.244672,0.037415,1.270546,0.021194,0.221946,0.851683,0.851683,24.116667,386.500000,20.539767,73.355339,0.189794,386.500000,1.107909,0.902601,0.347078,42.801223,0.851683,20.539767,24.116667,22.000000,22.000000,31.112698,31.112698,386.500000,20.539767,1.107909,0.902601,73.355339,0.189794,386.500000
"cf361d90-d035-40d6-bd50-9d1599f0ec5b","Detection","nuclei_histiocyte",304.221222,19.363148,63.000000,112.000000,4711298.000000,1.643114,27.000000,2.401088,136.000000,90.287770,14.729569,92.000000,46.000000,90.000000,11.034964,92.051929,-0.260367,17.935333,4711298.000000,0.347491,321.676181,10.228188,8.963369,-0.542283,2.038142,0.340844,0.713455,0.326462,0.953195,0.234266,0.839166,0.838207,0.987005,0.945932,-0.304894,0.000000,0.313878,3.131112,0.185952,2.775443,0.292426,6.262224,2.401779,0.594746,4.479158,78.176259,0.140605,1.000000,4.222168,193.205036,0.598002,10.482014,41.528777,440.384892,5.058844,0.127552,0.058947,0.696473,0.008865,117.074074,0.333544,0.674865,10.549858,17.703704,191.692308,2.091865,0.134543,4.397600,70.270655,0.200201,0.631295,7.666902,0.407918,4.540961,0.057041,7.866667,0.262222,1.288889,12.400000,1734.800000,18745.733333,187.443852,0.169222,5.200000,0.173333,0.395813,5.655096,0.072111,4.348394,0.053957,1391.315556,3.127344,0.020305,2.765036,0.016281,0.172997,0.912302,0.912302,28.259552,559.000000,25.781247,95.254834,0.170402,559.000000,1.291672,0.774190,0.339239,40.889793,0.912302,25.781247,28.259552,28.000000,28.000000,39.597980,39.597980,559.000000,25.781247,1.291672,0.774190,95.254834,0.170402,559.000000
"2c4d7562-691d-4578-b11c-445980137916","Detection","nuclei_tumor",695.820313,21.849964,65.000000,98.000000,4417334.000000,1.344758,16.000000,3.856153,130.000000,78.630216,10.295393,76.000000,57.000000,73.000000,7.111634,79.723750,1.071894,13.159233,4417334.000000,0.425715,173.165418,2.751522,3.613636,0.643336,1.229174,0.219559,0.696896,0.218037,0.762465,0.172019,0.891235,0.891134,0.987112,0.956443,-0.344869,0.000000,0.216705,1.580860,0.300984,2.096515,0.398782,3.161720,1.872033,0.362183,3.654860,136.700719,0.196692,1.000000,3.878400,295.871942,0.407826,3.074820,51.756835,129.258993,33.581185,0.578068,0.032676,0.165722,0.013739,112.663492,0.357662,0.551373,4.425397,37.733333,89.492063,25.651014,0.429586,4.471980,45.025397,0.142938,0.453237,18.261426,0.321970,2.125516,0.083380,2.250000,0.281250,0.984375,6.625000,25099.625000,65952.375000,15293.177951,0.361979,1.500000,0.187500,0.285636,3.313760,0.034536,3.000000,0.011511,17552.359375,9.642863,0.017536,1.545319,0.014616,0.128972,0.655637,0.655637,37.017873,696.500000,24.270301,105.154329,0.150975,696.500000,1.263349,0.791547,0.364423,47.185998,0.655637,24.270301,37.017873,32.000000,32.000000,45.254834,45.254834,696.500000,24.270301,1.263349,0.791547,105.154329,0.150975,696.500000
"b6fc69dd-11f3-445b-8323-4e5d98afdfae","Detection","nuclei_lymphocyte",434.829254,15.600101,39.000000,63.000000,787171.000000,1.004662,10.000000,5.411913,95.000000,48.009202,7.858990,45.000000,32.000000,63.000000,4.947953,49.138935,1.534682,10.476233,787171.000000,0.565960,109.751449,1.755408,2.206959,0.914965,0.751332,0.151414,0.664548,0.151414,0.613368,0.128488,0.924293,0.924293,0.984859,0.962146,-0.341772,0.000000,0.151414,1.267055,0.501250,1.486609,0.683028,2.534110,1.335195,0.225687,2.715853,95.981595,0.294422,1.000000,4.025631,184.503067,0.268508,2.024540,56.699387,82.282209,50.446830,0.771132,0.031188,0.115275,0.016037,53.352941,0.448344,0.372431,3.546218,61.848739,82.235294,57.013539,0.475490,3.898599,17.773109,0.149354,0.365031,31.829391,0.320433,1.624436,0.089878,2.333333,0.388889,0.555556,6.000000,9988.000000,13978.333333,8994.490741,0.305556,1.333333,0.222222,0.245395,1.375087,0.050420,2.251629,0.018405,7035.888889,8.126120,0.049164,0.496212,0.013267,0.172659,0.695297,0.695297,24.576737,328.000000,17.088140,71.112698,0.216807,328.000000,1.226904,0.815060,0.308587,33.834408,0.695297,17.088140,24.576737,24.000000,17.000000,29.410882,29.410882,328.000000,17.088140,1.226904,0.815060,71.112698,0.216807,328.000000
"6f0499ef-c4eb-4aaf-8411-adbe0fcd3f26","Detection","nuclei_tumor",1007.212646,27.863596,58.000000,101.000000,6489619.000000,1.356747,20.000000,2.277178,112.000000,81.866596,12.293644,84.000000,48.000000,64.000000,9.212550,83.222317,-0.362073,14.960436,6489619.000000,0.444853,223.814647,8.108653,4.663475,0.062648,1.362129,0.169700,0.778434,0.169140,0.658081,0.141092,0.915523,0.915486,0.990028,0.966191,-0.455819,0.000000,0.168650,2.794735,0.331092,2.079770,0.503780,5.589471,1.907478,0.382957,3.658647,245.168623,0.261653,1.000000,3.783111,416.827108,0.388253,8.326574,57.586980,457.342583,8.714537,0.148916,0.031541,0.299255,0.005429,122.470769,0.376833,0.528625,9.381538,63.858462,495.729231,9.732436,0.145321,4.998462,35.713846,0.109889,0.346852,30.609931,0.290791,3.016494,0.045071,5.428571,0.387755,1.265306,11.142857,27048.071429,219104.142857,3721.089782,0.230159,2.142857,0.153061,0.342064,3.913490,0.107441,3.467720,0.014941,22568.637755,5.570998,0.016613,1.097838,0.010864,0.088441,0.588276,0.588276,45.289737,933.500000,26.642867,121.497475,0.130153,933.500000,1.258376,0.794675,0.393268,54.951464,0.588276,26.642867,45.289737,29.000000,42.000000,51.039201,51.039201,933.500000,26.642867,1.258376,0.794675,121.497475,0.130153,933.500000
"feafc2a8-3638-4487-9dde-4f19fd9e3bbf","Detection","nuclei_tumor",723.652100,20.826050,71.000000,115.000000,1681620.000000,1.562324,27.000000,2.047650,129.000000,91.456410,13.570230,91.000000,66.000000,63.000000,10.998781,92.863837,0.284950,16.106438,1681620.000000,0.367995,259.417331,4.679542,6.593319,-0.049647,1.739374,0.221745,0.773858,0.221745,0.763342,0.172574,0.889127,0.889127,0.986956,0.955651,-0.415465,0.000000,0.221745,2.073677,0.249460,2.387405,0.410587,4.147353,2.165660,0.490280,4.074424,32.600000,0.167179,1.000000,3.105220,71.758974,0.530861,4.994872,46.394872,219.538462,16.482550,0.360613,0.043725,0.332040,0.012130,33.788462,0.324889,0.686021,5.576923,20.346154,96.211538,7.064904,0.359241,4.419467,15.480769,0.148854,0.533333,6.283654,0.264809,1.934615,0.077942,1.666667,0.277778,1.222222,8.333333,2300.500000,11209.333333,697.192130,0.289352,2.000000,0.333333,0.500173,6.000626,0.062614,2.251629,0.030769,1244.250000,2.144150,0.066871,1.356667,0.019368,0.361848,0.794993,0.794993,17.786268,194.500000,14.139950,56.041631,0.288132,194.500000,1.284967,0.778230,0.261564,24.308564,0.794993,14.139950,17.786268,17.000000,16.000000,23.345235,23.345235,194.500000,14.139950,1.284967,0.778230,56.041631,0.288132,194.500000
"d71bbd44-4582-4fe1-aecb-cb7cd3b74366","Detection","nuclei_histiocyte",268.074554,27.271496,56.000000,88.000000,2059088.000000,0.986061,20.000000,2.123664,99.000000,71.101010,10.208142,70.000000,48.000000,51.000000,8.187328,72.109064,0.281711,12.015138,2059088.000000,0.522740,144.363534,5.693933,0.934167,0.358040,0.757349,0.181322,0.613661,0.181322,0.682961,0.148445,0.909339,0.909339,0.981868,0.954669,-0.294421,0.000000,0.181322,2.355828,0.389082,1.649095,0.548057,4.711656,1.467773,0.234668,3.433063,86.000000,0.217172,1.000000,4.212861,207.005051,0.241557,5.924242,54.136364,299.202020,11.239759,0.198232,0.035629,0.231529,0.008118,81.792683,0.498736,0.271379,6.798780,47.048780,238.585366,10.370596,0.180386,4.254014,23.000000,0.140244,0.414141,23.726948,0.352684,2.570876,0.064075,3.750000,0.468750,0.500000,6.750000,8836.250000,43819.000000,1973.756944,0.256944,1.250000,0.156250,0.297832,1.611034,0.146133,3.000000,0.020202,6386.000000,7.423885,0.027609,0.747710,0.015157,0.084962,0.615604,0.615604,28.966449,393.500000,17.831865,81.355339,0.206748,393.500000,1.338497,0.747106,0.302546,32.522481,0.615604,17.831865,28.966449,20.000000,28.000000,34.409301,34.409301,393.500000,17.831865,1.338497,0.747106,81.355339,0.206748,393.500000
"aecd9e9e-ee83-4c1e-80ea-693df1a7d2ff","Detection","nuclei_tumor",966.721130,31.439770,61.000000,108.000000,4610035.000000,1.534465,25.000000,2.233814,134.000000,85.519802,14.227788,85.000000,53.000000,81.000000,10.950987,87.219943,0.065200,17.137151,4610035.000000,0.368292,293.681951,4.142420,6.575010,0.240019,1.779343,0.276540,0.730977,0.273919,0.857161,0.201508,0.863478,0.863303,0.983779,0.945304,-0.345200,0.000000,0.271625,1.940804,0.215260,2.520234,0.355177,3.881608,2.235139,0.513971,4.275129,94.910891,0.156619,1.000000,4.408391,223.184818,0.521117,4.344884,46.594059,191.701320,21.192290,0.427920,0.046843,0.252294,0.017078,120.478788,0.365087,0.537043,4.733333,24.818182,97.278788,11.757534,0.388531,4.489732,57.418182,0.173994,0.544554,11.329256,0.396458,2.032518,0.140569,8.700000,0.435000,0.847500,6.850000,5500.500000,21657.450000,1904.658333,0.344792,2.900000,0.145000,0.353274,2.565986,0.095698,3.821928,0.033003,4582.410000,8.196392,0.018549,1.651703,0.022120,0.107175,0.773150,0.773150,31.621958,606.000000,24.448506,93.254834,0.153886,606.000000,1.141985,0.875669,0.379656,51.213394,0.773150,24.448506,31.621958,27.000000,29.000000,39.623226,39.623226,606.000000,24.448506,1.141985,0.875669,93.254834,0.153886,606.000000
"072b0f94-e33a-42b8-a33f-e0c5c71af342","Detection","nuclei_lymphocyte",4.404463,24.486750,45.000000,67.000000,400086.000000,0.818125,10.000000,2.845411,77.000000,56.455285,6.380726,56.000000,38.000000,39.000000,4.441600,57.032725,0.152225,8.095218,400086.000000,0.677573,65.532553,3.524823,1.093240,-0.474539,0.490899,0.132388,0.575195,0.132388,0.563950,0.114861,0.933806,0.933806,0.986761,0.966903,-0.283648,0.000000,0.132388,1.853428,0.590122,1.286481,0.756501,3.706856,1.154093,0.155822,3.208168,24.365854,0.198096,1.000000,4.616829,83.341463,0.173706,3.609756,53.162602,196.016260,17.530488,0.374661,0.054705,0.213249,0.028619,26.127273,0.475041,0.341818,3.581818,32.981818,123.272727,10.570707,0.455556,4.133556,7.581818,0.137851,0.447154,12.976529,0.336985,1.331181,0.174295,2.333333,0.388889,0.805556,4.166667,1694.833333,6602.000000,468.967593,0.578704,2.000000,0.333333,0.542145,2.208863,0.356947,2.251629,0.048780,1274.583333,1.310913,0.124111,0.469281,0.008320,0.292565,0.691001,0.691001,15.760521,119.500000,10.890533,47.556349,0.397961,119.500000,1.506049,0.663989,0.205580,15.016291,0.691001,10.890533,15.760521,12.000000,15.000000,19.209373,19.209373,119.500000,10.890533,1.506049,0.663989,47.556349,0.397961,119.500000
"e770e586-4341-46ed-9e85-365063f704f1","Detection","nuclei_tumor",789.007629,35.676575,102.000000,142.000000,10819498.000000,1.472008,23.000000,2.417115,155.000000,119.991881,12.930801,119.000000,81.000000,74.000000,9.691928,120.998876,0.099699,15.578078,10819498.000000,0.417261,242.676524,5.738231,7.390378,0.403630,1.603807,0.191869,0.786299,0.191869,0.705364,0.155055,0.904066,0.904066,0.988714,0.961626,-0.445555,0.000000,0.191869,2.320613,0.302088,2.274444,0.470756,4.641227,2.082576,0.448919,3.855316,151.782138,0.205389,1.000000,3.167800,308.355886,0.453746,5.959405,54.041949,300.238160,13.726310,0.252321,0.028084,0.186549,0.008236,101.558621,0.350202,0.622402,6.855172,45.737931,239.386207,11.350766,0.251724,4.941307,34.772414,0.119905,0.392422,19.763092,0.206649,1.587851,0.053145,3.857143,0.275510,1.530612,7.428571,12580.642857,66111.142857,2807.906250,0.434524,1.428571,0.102041,0.174182,1.333773,0.101518,3.664498,0.018945,9794.311224,6.410029,0.020057,1.081806,0.014131,0.100075,0.728205,0.728205,36.074481,740.000000,26.269635,105.740115,0.142892,740.000000,1.202370,0.831691,0.383970,52.383737,0.728205,26.269635,36.074481,29.000000,35.000000,45.453273,45.453273,740.000000,26.269635,1.202370,0.831691,105.740115,0.142892,740.000000
"da65da8d-bc83-443c-85a4-1d3b246458bc","Detection","nuclei_lymphocyte",21.798998,34.563808,46.000000,82.000000,2295486.000000,1.417896,19.000000,3.303284,111.000000,61.989437,11.269788,59.000000,37.000000,74.000000,8.044227,63.571602,0.800070,14.094621,2295486.000000,0.452359,198.658339,4.070258,5.717319,0.427173,1.305714,0.273068,0.654078,0.270258,0.852486,0.200029,0.865340,0.865152,0.983987,0.946042,-0.287147,0.000000,0.267799,1.952459,0.300337,2.331342,0.507728,3.904918,2.052237,0.394695,4.062771,85.795775,0.151049,1.000000,4.288720,256.940141,0.431335,4.424296,46.492958,181.966549,17.543256,0.373411,0.046005,0.315150,0.015011,106.170886,0.335984,0.658578,5.357595,22.664557,91.702532,8.211630,0.360562,4.453066,56.272152,0.178076,0.556338,9.740987,0.404753,2.796319,0.127495,5.117647,0.301038,1.086505,9.058824,7778.000000,30416.764706,2311.699346,0.270016,2.411765,0.141869,0.329220,3.789765,0.080157,3.807764,0.029930,6661.653979,6.870154,0.019129,1.567571,0.017992,0.108787,0.760970,0.760970,31.031659,565.500000,23.614160,94.325902,0.166801,565.500000,1.252044,0.798694,0.348266,43.094783,0.760970,23.614160,31.031659,29.000000,28.000000,40.311289,40.311289,565.500000,23.614160,1.252044,0.798694,94.325902,0.166801,565.500000
"4aa103c9-33cc-4af9-93c1-44c001e779c3","Detection","nuclei_endothelium",183.840454,34.203106,48.000000,89.000000,1760783.000000,1.473703,17.000000,4.652554,131.000000,65.431169,12.723049,62.000000,39.000000,92.000000,7.830437,67.627379,1.291648,17.094575,1760783.000000,0.471884,292.224483,4.600840,11.006182,1.674145,1.522108,0.287815,0.681959,0.266807,0.884367,0.216629,0.870098,0.868697,0.989097,0.956032,-0.306742,0.000000,0.248424,2.071779,0.358510,2.320723,0.579132,4.143557,2.003696,0.452481,3.778586,67.254545,0.174687,1.000000,5.418546,181.675325,0.538033,5.129870,47.888312,194.537662,15.695338,0.318931,0.058335,0.585664,0.013280,60.096774,0.276944,0.967360,7.414747,25.972350,107.732719,7.837143,0.283187,4.307866,49.442396,0.227845,0.563636,13.381299,0.475163,4.660799,0.101073,4.647059,0.273356,1.591696,12.058824,3978.764706,16351.470588,1055.641961,0.247761,3.823529,0.224913,0.464618,7.548310,0.039425,3.292770,0.044156,3465.875433,2.641079,0.032921,2.519371,0.013046,0.350587,0.572987,0.572987,29.439743,386.500000,16.868597,77.497475,0.200511,386.500000,1.236562,0.808694,0.319627,36.298503,0.572987,16.868597,29.439743,25.000000,24.000000,34.655447,34.655447,386.500000,16.868597,1.236562,0.808694,77.497475,0.200511,386.500000
"0c9cffc0-bf73-4c99-8c09-ccc18be9835d","Detection","nuclei_endothelium",231.472595,36.652348,47.000000,80.000000,1339302.000000,1.263123,18.000000,2.790961,101.000000,61.946269,10.298222,60.000000,38.000000,63.000000,7.397203,63.229079,0.517449,12.671867,1339302.000000,0.504050,160.576217,4.072358,3.624422,0.026091,1.024330,0.225203,0.639540,0.223577,0.772937,0.175216,0.888482,0.888374,0.986781,0.955339,-0.296496,0.000000,0.222154,1.967886,0.371949,2.061027,0.583740,3.935772,1.829375,0.312383,3.800098,58.725373,0.175300,1.000000,4.630840,168.856716,0.337233,4.373134,49.620896,197.394030,17.160303,0.347533,0.049154,0.301782,0.016847,59.836364,0.362645,0.544867,5.200000,33.078788,131.187879,10.646212,0.347727,4.288484,27.484848,0.166575,0.492537,16.590266,0.380775,2.325524,0.135867,5.857143,0.418367,0.959184,6.857143,3792.500000,15009.214286,1039.554067,0.371528,2.571429,0.183673,0.381822,3.325911,0.106784,3.324863,0.041791,3219.923469,3.293158,0.035102,1.446684,0.012458,0.196992,0.592252,0.592252,27.246777,337.500000,16.136969,75.698485,0.224292,337.500000,1.351110,0.740132,0.289113,29.698763,0.592252,16.136969,27.246777,19.000000,25.000000,31.400637,31.400637,337.500000,16.136969,1.351110,0.740132,75.698485,0.224292,337.500000
"a676c128-3658-4ad2-a569-057a2424cb35","Detection","nuclei_lymphocyte",432.881683,35.626369,39.000000,75.000000,1756983.000000,1.400308,20.000000,3.162474,111.000000,56.282150,11.533350,55.000000,34.000000,77.000000,8.578192,58.071751,0.694029,14.305518,1756983.000000,0.417538,204.647839,3.212230,4.676807,0.450616,1.375477,0.193731,0.753085,0.193731,0.709211,0.156199,0.903135,0.903135,0.988604,0.961254,-0.418208,0.000000,0.193731,1.707862,0.306678,2.120237,0.434224,3.415725,1.926506,0.392302,3.785775,107.360845,0.206067,1.000000,4.210602,217.537428,0.428137,3.499040,53.533589,158.021113,29.982086,0.507598,0.037064,0.213177,0.012801,75.167442,0.349616,0.586696,4.967442,42.009302,118.734884,24.668346,0.380879,4.665711,27.316279,0.127052,0.412668,18.520627,0.321059,2.384291,0.071232,7.923077,0.609467,0.437870,8.538462,8527.461538,26078.538462,4206.284188,0.186432,1.615385,0.124260,0.217947,2.096114,0.023284,3.238901,0.024952,6921.301775,5.953141,0.026895,1.296373,0.014247,0.172045,0.849227,0.849227,28.872460,517.000000,24.519260,93.941125,0.181704,517.000000,1.358348,0.736188,0.320355,36.464157,0.849227,24.519260,28.872460,26.000000,27.000000,37.483330,37.483330,517.000000,24.519260,1.358348,0.736188,93.941125,0.181704,517.000000
"48932d80-3eac-4dbf-a48a-3b70a5b17bf2","Detection","nuclei_tumor",871.668823,46.885391,66.000000,114.000000,8661969.000000,1.703215,27.000000,2.580179,148.000000,91.245000,15.158590,92.000000,49.000000,99.000000,11.461657,93.069700,0.139767,18.339001,8661969.000000,0.336054,336.318975,10.346597,11.751812,0.251919,2.267479,0.228796,0.816690,0.228272,0.777461,0.176688,0.885951,0.885916,0.991204,0.961967,-0.450115,0.000000,0.227814,3.136387,0.215763,2.602808,0.343979,6.272775,2.371708,0.624069,4.290441,179.424000,0.179424,1.000000,3.443596,336.054000,0.643759,10.699000,51.026000,519.459000,6.538708,0.123669,0.034417,0.429367,0.004527,140.818182,0.312235,0.761491,11.838137,30.700665,306.900222,3.972088,0.116199,4.995750,54.250554,0.120289,0.451000,11.035078,0.256001,3.633899,0.027442,5.095238,0.242630,1.297052,13.714286,12244.380952,128785.761905,1339.837870,0.142460,2.714286,0.129252,0.316719,4.870562,0.064939,4.106603,0.021000,9976.807256,4.890302,0.013824,2.262804,0.014333,0.120059,0.634379,0.634379,44.964247,1000.500000,28.524388,123.639610,0.123578,1000.500000,1.215873,0.822454,0.410587,59.898187,0.634379,28.524388,44.964247,33.000000,42.000000,53.413481,53.413481,1000.500000,28.524388,1.215873,0.822454,123.639610,0.123578,1000.500000
"1bafcca7-7f46-4148-97d3-dcfb902e659e","Detection","nuclei_histiocyte",156.315567,41.371128,52.000000,96.000000,2371936.000000,1.571667,24.000000,2.954072,130.000000,71.300000,14.272727,68.000000,41.000000,89.000000,10.438889,73.421820,0.647076,17.523517,2371936.000000,0.407903,307.073636,5.762981,10.323931,1.263837,1.703745,0.262676,0.732839,0.254123,0.842247,0.198097,0.874364,0.873794,0.989965,0.957850,-0.364516,0.000000,0.246640,2.324374,0.298265,2.429898,0.502749,4.648748,2.151048,0.491605,3.879757,76.081818,0.172913,1.000000,4.647851,179.477273,0.557722,6.306818,47.968182,240.161364,12.991242,0.243158,0.041783,0.414653,0.007033,74.443478,0.323667,0.726295,8.786957,29.147826,143.765217,7.490597,0.186482,4.317257,40.678261,0.176862,0.522727,14.508885,0.403814,4.687395,0.042733,4.000000,0.400000,1.250000,13.500000,7803.200000,39505.300000,1780.854194,0.177611,1.400000,0.140000,0.231856,3.932848,0.014041,2.921928,0.022727,5867.200000,2.781951,0.029978,2.273710,0.012642,0.292812,0.558084,0.558084,31.817611,441.000000,17.756892,84.426407,0.191443,441.000000,1.286199,0.777485,0.320735,36.550610,0.558084,17.756892,31.817611,21.000000,30.000000,36.619667,36.619667,441.000000,17.756892,1.286199,0.777485,84.426407,0.191443,441.000000
"f8e6a7b5-9afc-4669-9518-f30c361cf8bd","Detection","nuclei_histiocyte",303.543823,39.520832,59.000000,88.000000,1324091.000000,1.194152,14.000000,3.998831,119.000000,74.021186,8.735924,73.000000,49.000000,70.000000,6.087464,74.903639,0.623834,11.463814,1324091.000000,0.477413,131.419043,6.060819,1.966243,0.498648,0.917651,0.267836,0.548142,0.260819,0.849429,0.199810,0.870760,0.870292,0.984369,0.948070,-0.211278,0.000000,0.254678,2.428655,0.315344,2.033704,0.467836,4.857310,1.749333,0.296372,3.888199,35.296610,0.149562,1.000000,4.812195,112.669492,0.324817,6.385593,45.533898,264.444915,9.127119,0.191502,0.067913,0.553277,0.013422,54.772727,0.414945,0.430383,7.340909,22.181818,129.878788,4.450021,0.179451,4.034377,25.409091,0.192493,0.559322,9.395776,0.419084,3.657299,0.069980,5.571429,0.397959,0.637755,9.214286,1630.142857,8460.500000,353.967262,0.184028,4.142857,0.295918,0.538635,4.505928,0.129187,3.235926,0.059322,1345.979592,2.803355,0.039083,1.674378,0.013808,0.209496,0.785179,0.785179,19.964009,232.000000,15.675327,60.627417,0.261325,232.000000,1.260783,0.793158,0.277274,27.316254,0.785179,15.675327,19.964009,16.000000,19.000000,24.839485,24.839485,232.000000,15.675327,1.260783,0.793158,60.627417,0.261325,232.000000
"270655f8-804f-45f4-90c7-2eb684289d10","Detection","nuclei_histiocyte",481.056610,44.323517,51.000000,95.000000,2319211.000000,1.467730,21.000000,3.017678,117.000000,70.466216,12.898588,68.000000,40.000000,77.000000,9.256153,72.273427,0.681957,16.061151,2319211.000000,0.430799,257.960570,5.597340,6.320548,0.930722,1.393999,0.301693,0.644165,0.299274,0.890262,0.212128,0.850766,0.850605,0.982296,0.940226,-0.264731,0.000000,0.297158,2.307437,0.285285,2.423414,0.484885,4.614873,2.114934,0.423923,3.952301,64.198198,0.144591,1.000000,4.077855,191.274775,0.471674,6.085586,42.887387,222.963964,10.212071,0.239974,0.053688,0.487773,0.012646,86.858209,0.324098,0.709999,7.473881,21.201493,106.477612,5.074471,0.238314,4.276938,51.902985,0.193668,0.603604,10.222655,0.394291,3.680264,0.085128,6.600000,0.330000,1.490000,9.900000,3991.700000,19646.900000,902.905208,0.318403,3.500000,0.175000,0.382363,4.744805,0.087731,3.641446,0.045045,3498.860000,5.257530,0.024101,1.517509,0.021336,0.115429,0.616020,0.616020,30.579575,441.500000,18.837638,83.840620,0.189899,441.500000,1.266976,0.789281,0.324470,37.406781,0.616020,18.837638,30.579575,23.000000,28.000000,36.235342,36.235342,441.500000,18.837638,1.266976,0.789281,83.840620,0.189899,441.500000
"34695072-b664-4712-bc20-d641958dec81","Detection","nuclei_lymphocyte",61.586147,45.167099,46.000000,94.000000,1885527.000000,1.657689,24.000000,3.630143,134.000000,67.474093,14.394803,64.000000,36.000000,98.000000,10.077024,69.891237,0.884360,18.221737,1885527.000000,0.386883,332.031712,4.943475,12.240602,1.330164,1.826392,0.321703,0.700476,0.293789,0.930943,0.235391,0.857409,0.855897,0.987896,0.951675,-0.322583,0.000000,0.272660,2.137125,0.266042,2.602946,0.473133,4.274250,2.262261,0.537024,4.131124,56.725389,0.146957,1.000000,5.021289,149.336788,0.629118,5.569948,45.176166,197.217617,15.460683,0.315883,0.061304,0.679337,0.011960,62.165919,0.278771,0.982324,7.793722,22.170404,100.556054,7.168772,0.266951,4.379165,44.793722,0.200869,0.577720,10.185767,0.442958,4.839058,0.081540,5.800000,0.290000,1.540000,13.100000,2623.300000,11351.900000,710.785264,0.218847,4.400000,0.220000,0.457651,7.529900,0.037468,3.521928,0.051813,2250.810000,2.916951,0.031995,2.628627,0.016492,0.319527,0.754853,0.754853,25.645928,385.000000,19.358911,77.112698,0.200293,385.000000,1.229083,0.813615,0.320772,36.559153,0.754853,19.358911,25.645928,20.000000,25.000000,32.015621,32.015621,385.000000,19.358911,1.229083,0.813615,77.112698,0.200293,385.000000
"7d613985-a4f6-457c-a5fb-0f14ebb1e1bb","Detection","nuclei_tumor",513.493286,52.546249,72.000000,115.000000,6284477.000000,1.556734,25.000000,2.498574,140.000000,93.046875,13.559526,92.000000,60.000000,80.000000,10.078806,94.481818,0.352812,16.404054,6284477.000000,0.391137,269.092973,5.225442,7.638442,0.213562,1.715421,0.210764,0.781159,0.209259,0.745808,0.166975,0.895622,0.895521,0.987629,0.958198,-0.432579,0.000000,0.207941,2.202108,0.277420,2.372459,0.451637,4.404215,2.156626,0.481546,4.054885,130.105114,0.184808,1.000000,3.848778,275.360795,0.512056,5.555398,52.491477,271.021307,15.631816,0.298680,0.037640,0.293394,0.010168,94.025641,0.301364,0.797173,6.730769,37.833333,185.256410,11.340812,0.294471,4.854469,41.532051,0.133116,0.443182,17.467784,0.317883,2.870638,0.084551,5.555556,0.308642,1.333333,8.444444,10048.444444,49990.277778,2454.890046,0.352238,3.222222,0.179012,0.357953,4.231102,0.059384,3.572431,0.025568,8518.765432,6.931230,0.020241,1.183997,0.017706,0.100051,0.478995,0.478995,43.429936,704.500000,20.802737,109.639610,0.155628,704.500000,1.357826,0.736471,0.346222,42.590420,0.478995,20.802737,43.429936,30.000000,38.000000,48.414874,48.414874,704.500000,20.802737,1.357826,0.736471,109.639610,0.155628,704.500000
"034223ed-edd3-4508-b82e-9e9f72a667ba","Detection","nuclei_histiocyte",282.445709,44.927204,82.000000,102.000000,1088372.000000,0.867368,12.000000,3.479080,113.000000,91.457364,6.639865,92.000000,66.000000,47.000000,4.685475,91.853101,-0.254986,8.517204,1088372.000000,0.665525,72.542756,4.616071,1.174718,0.233991,0.488660,0.200893,0.417324,0.200893,0.723710,0.160535,0.899554,0.899554,0.979911,0.949777,-0.156529,0.000000,0.200893,2.131696,0.524663,1.507967,0.709821,4.263393,1.307074,0.172388,3.235114,20.364341,0.157863,1.000000,3.782345,85.852713,0.186167,4.697674,46.689922,201.891473,11.567399,0.256460,0.036554,0.203643,0.010379,30.272727,0.458678,0.357438,5.318182,23.090909,99.181818,5.785354,0.273990,3.872545,9.727273,0.147383,0.511628,7.809917,0.284426,1.748499,0.090616,3.000000,0.500000,0.583333,6.833333,1794.166667,7273.333333,448.634259,0.282407,1.333333,0.222222,0.044342,0.345665,0.010855,2.584963,0.046512,1331.916667,1.864447,0.086056,0.665269,0.012530,0.200001,0.649811,0.649811,16.284883,130.500000,10.582101,48.384776,0.370765,130.500000,1.427569,0.700492,0.218762,17.003847,0.649811,10.582101,16.284883,14.000000,14.000000,19.798990,19.798990,130.500000,10.582101,1.427569,0.700492,48.384776,0.370765,130.500000
"3cf44024-a8e3-4167-8343-08546165719b","Detection","nuclei_lymphocyte",337.512848,50.814167,41.000000,90.000000,1355350.000000,1.746303,20.000000,5.335457,134.000000,59.296188,15.809995,52.000000,35.000000,99.000000,9.164828,63.044694,1.679767,21.414844,1355350.000000,0.349627,458.595557,3.690967,28.160679,4.849097,2.502091,0.469889,0.683787,0.387480,1.112532,0.319748,0.819202,0.814501,0.982690,0.937325,-0.260502,0.000000,0.322856,1.784073,0.209045,2.827785,0.320919,3.568146,2.354836,0.742995,4.229427,47.105572,0.138140,1.000000,5.030383,119.222874,0.902538,4.469208,38.847507,106.539589,24.951878,0.515158,0.073994,0.720217,0.018663,64.258333,0.267743,1.258316,6.879167,15.041667,46.166667,9.584799,0.360377,4.235185,64.791667,0.269965,0.703812,6.966597,0.531505,5.191823,0.112621,5.222222,0.290123,1.237654,12.722222,2179.388889,5958.333333,1288.333117,0.152022,5.111111,0.283951,0.521209,7.243656,0.052780,3.260785,0.052786,1820.496914,4.779652,0.031624,3.399041,0.028447,0.384987,0.753499,0.753499,24.143835,343.500000,18.192346,70.526912,0.205319,343.500000,1.152320,0.867814,0.327205,38.040065,0.753499,18.192346,24.143835,21.000000,21.000000,29.698485,29.698485,343.500000,18.192346,1.152320,0.867814,70.526912,0.205319,343.500000
"b4e1aa09-cc49-4004-a091-af75f814b979","Detection","nuclei_tumor",704.632080,56.123402,52.000000,87.000000,2113978.000000,1.276790,18.000000,2.901463,107.000000,67.864253,10.790688,66.000000,43.000000,64.000000,7.989041,69.157470,0.591714,13.311603,2113978.000000,0.495045,177.198767,5.014033,4.095409,0.405440,1.052700,0.208664,0.669146,0.208664,0.738921,0.165123,0.895668,0.895668,0.987726,0.958267,-0.329048,0.000000,0.208664,2.191580,0.383164,2.017506,0.587553,4.383160,1.808843,0.315341,3.622841,86.497738,0.195696,1.000000,4.444319,218.809955,0.348688,5.395928,51.624434,243.386878,13.627734,0.256096,0.040290,0.311946,0.008252,81.135266,0.391958,0.520059,6.879227,35.429952,162.908213,9.143116,0.232521,4.338918,31.792271,0.153586,0.468326,17.192513,0.365256,3.234548,0.066293,5.000000,0.454545,0.628099,9.090909,8014.181818,34668.818182,1979.165404,0.195707,1.545455,0.140496,0.299574,3.344585,0.028880,3.277613,0.024887,6399.603306,4.286201,0.026347,1.335544,0.012856,0.136056,0.541500,0.541500,32.597194,443.000000,17.651396,89.254834,0.201478,443.000000,1.431034,0.698795,0.296402,31.215090,0.541500,17.651396,32.597194,29.000000,25.000000,38.288379,38.288379,443.000000,17.651396,1.431034,0.698795,89.254834,0.201478,443.000000
"586552d2-addf-4029-b802-4085b3fdc309","Detection","nuclei_tumor",753.101685,59.951111,67.000000,112.000000,7800212.000000,1.550645,22.000000,3.035211,153.000000,91.573333,13.425363,92.000000,53.000000,100.000000,9.763176,93.096199,0.174620,16.769819,7800212.000000,0.390775,281.226844,5.113570,8.840765,0.076974,1.788296,0.221316,0.779742,0.220151,0.765203,0.172850,0.890118,0.890041,0.991497,0.963336,-0.422333,0.000000,0.219132,2.172976,0.255492,2.424187,0.419627,4.345952,2.198248,0.502403,4.080611,166.760000,0.185289,1.000000,3.389136,351.697778,0.511822,5.293333,51.768889,259.457778,17.301845,0.320621,0.033179,0.211416,0.010848,141.138462,0.361893,0.633531,5.958974,33.282051,165.189744,10.933415,0.295197,4.967413,44.676923,0.114556,0.433333,11.980276,0.246007,1.811956,0.064611,5.000000,0.312500,1.496094,8.062500,17343.250000,81082.375000,4397.612865,0.387049,2.500000,0.156250,0.353596,2.746346,0.160153,3.625000,0.017778,14179.187500,5.362344,0.016058,2.219344,0.010052,0.179526,0.782011,0.782011,38.347221,900.000000,29.987935,113.740115,0.126378,900.000000,1.143865,0.874229,0.418598,62.258177,0.782011,29.987935,38.347221,36.000000,32.000000,48.166378,48.166378,900.000000,29.987935,1.143865,0.874229,113.740115,0.126378,900.000000
"ce9c2737-7879-4383-bd27-77aca3ae88fa","Detection","nuclei_lymphocyte",378.491638,60.546425,44.000000,84.000000,1404479.000000,1.513941,19.000000,3.750429,121.000000,60.684358,12.216285,57.000000,37.000000,84.000000,8.510065,62.634860,1.027389,15.509173,1404479.000000,0.407681,240.534448,3.764259,6.224902,0.521540,1.440839,0.302662,0.652811,0.287452,0.905620,0.220033,0.858809,0.857795,0.982465,0.943016,-0.286939,0.000000,0.274144,1.865399,0.268953,2.427449,0.453232,3.730798,2.108113,0.435875,4.006700,51.016760,0.142505,1.000000,4.580413,145.949721,0.502146,4.270950,44.150838,148.846369,20.753569,0.418917,0.055528,0.438637,0.017124,67.150943,0.316750,0.727038,5.896226,19.726415,67.764151,9.234604,0.336576,4.266733,39.264151,0.185208,0.592179,8.319865,0.404445,3.354614,0.096568,5.235294,0.307958,1.321799,9.294118,2831.882353,10481.235294,992.248366,0.311275,3.352941,0.197232,0.377577,4.657014,0.095099,3.381580,0.047486,2388.408304,5.113370,0.029541,1.651308,0.023172,0.166603,0.508004,0.508004,30.423070,359.000000,15.455028,80.426407,0.224029,359.000000,1.433815,0.697440,0.280816,28.018525,0.508004,15.455028,30.423070,24.000000,25.000000,34.655447,34.655447,359.000000,15.455028,1.433815,0.697440,80.426407,0.224029,359.000000
"0c180d3d-4cfd-4080-b1b1-05eb66d36a84","Detection","nuclei_endothelium",233.600876,61.283443,62.000000,84.000000,1657480.000000,0.992436,13.000000,2.256719,95.000000,73.478548,7.027982,73.000000,53.000000,42.000000,5.398285,73.961010,0.025659,8.434099,1657480.000000,0.505234,71.134028,2.248639,0.810256,0.140851,0.791849,0.197822,0.600226,0.197822,0.717551,0.158689,0.901089,0.901089,0.960436,0.934059,-0.278917,0.000000,0.197822,1.449183,0.346476,1.708237,0.451906,2.898367,1.510415,0.247418,3.670860,54.108911,0.178577,1.000000,4.164189,153.085809,0.247383,2.346535,50.881188,118.128713,34.069307,0.663366,0.039479,0.110995,0.021600,70.057143,0.500408,0.249796,2.457143,32.728571,76.828571,21.703571,0.635714,4.120552,19.371429,0.138367,0.462046,13.992041,0.332894,0.968133,0.174085,5.888889,0.654321,0.172840,3.333333,3896.111111,7236.111111,3061.111111,0.416667,1.222222,0.135802,0.233261,0.928917,0.059348,2.947703,0.029703,2762.666667,44.917812,0.032122,0.205486,0.050918,0.032069,0.483549,0.483549,28.737875,304.000000,13.896176,75.112698,0.247081,304.000000,1.476873,0.677106,0.263468,24.663769,0.483549,13.896176,28.737875,15.000000,28.000000,31.764760,31.764760,304.000000,13.896176,1.476873,0.677106,75.112698,0.247081,304.000000
"4171a7b0-5ef7-43ad-8502-253f2bd2d2fe","Detection","nuclei_histiocyte",253.545593,63.030392,43.000000,84.000000,1303162.000000,1.565407,19.000000,3.306736,112.000000,59.812317,12.502352,57.000000,37.000000,75.000000,9.055445,61.819006,0.972720,15.622939,1303162.000000,0.374051,244.076212,3.493995,5.985051,0.669914,1.525891,0.381105,0.600309,0.350681,1.009747,0.258128,0.829730,0.827702,0.978119,0.930878,-0.224508,0.000000,0.324059,1.791033,0.217835,2.608051,0.349880,3.582066,2.185336,0.476749,4.131958,46.501466,0.136368,1.000000,4.595489,127.551320,0.547880,4.070381,39.029326,118.973607,21.576246,0.467620,0.064475,0.513323,0.016887,81.453441,0.329771,0.667016,5.607287,13.028340,41.578947,7.039755,0.346800,3.859704,61.170040,0.247652,0.724340,5.404481,0.501277,3.803369,0.102406,7.470588,0.439446,0.574394,10.294118,2392.764706,7537.411765,1137.926471,0.157271,3.117647,0.183391,0.387907,5.241117,0.030953,3.146286,0.049853,1990.408304,5.701844,0.030205,1.871502,0.028313,0.165416,0.399847,0.399847,33.080602,340.000000,13.227174,79.254834,0.233102,340.000000,1.470154,0.680201,0.271873,26.262310,0.399847,13.227174,33.080602,23.000000,26.000000,34.713110,34.713110,340.000000,13.227174,1.470154,0.680201,79.254834,0.233102,340.000000
"01b832c9-ab57-4e80-b401-0a413886ada7","Detection","nuclei_histiocyte",28.808876,73.234558,66.000000,137.000000,9694527.000000,2.128567,38.000000,2.345629,164.000000,101.437783,21.560528,101.000000,41.000000,123.000000,16.314597,104.721820,-0.042426,26.019910,9694527.000000,0.254668,677.035722,13.869565,43.339344,-0.622043,4.209508,0.350208,0.846390,0.343061,0.952934,0.232517,0.829661,0.829184,0.990564,0.951119,-0.425022,0.000000,0.336808,3.592317,0.129538,3.348938,0.221263,7.184634,2.980467,1.139929,4.887385,137.101810,0.155093,1.000000,3.225917,225.126697,1.144595,13.817873,39.443439,539.989819,4.433373,0.117552,0.044681,0.664731,0.005604,140.446809,0.249019,1.213055,13.964539,15.858156,210.542553,1.881344,0.122442,4.885123,104.659574,0.185567,0.638009,6.031487,0.362834,5.024150,0.047268,5.000000,0.200000,2.358400,18.040000,6434.480000,81898.840000,603.450611,0.159533,2.120000,0.084800,0.238083,5.418523,0.016944,4.483856,0.028281,5184.150400,3.292302,0.016471,3.880058,0.021609,0.194852,0.504308,0.504308,47.362364,882.500000,23.885230,122.325902,0.138613,882.500000,1.349312,0.741119,0.368012,48.120100,0.504308,23.885230,47.362364,25.000000,46.000000,52.354560,52.354560,882.500000,23.885230,1.349312,0.741119,122.325902,0.138613,882.500000
"25e01faa-d0bb-4e45-aea9-9c0061d32558","Detection","nuclei_endothelium",182.889038,66.124298,56.000000,101.000000,2337531.000000,1.429811,27.000000,3.100153,138.000000,75.610825,14.534900,71.000000,49.000000,89.000000,10.985820,77.618068,0.782551,17.537606,2337531.000000,0.425484,307.567615,6.515024,7.816964,1.896711,1.518049,0.241789,0.725215,0.225017,0.805169,0.191156,0.890287,0.889168,0.990834,0.962896,-0.366613,0.000000,0.210342,2.489168,0.338766,2.158929,0.524808,4.978337,1.888817,0.439960,3.552342,78.340206,0.201908,1.000000,5.162212,165.087629,0.518705,7.108247,51.108247,284.268041,10.730487,0.184261,0.044555,0.474428,0.007799,59.502732,0.325152,0.694138,10.327869,39.344262,209.890710,8.577362,0.136785,4.182799,35.732240,0.195258,0.471649,21.362955,0.438119,5.872763,0.047522,5.285714,0.377551,1.102041,12.857143,3855.000000,18929.857143,872.353254,0.161587,2.142857,0.153061,0.237666,2.556840,0.085068,3.324863,0.036082,3086.918367,2.010366,0.039517,2.104745,0.010660,0.339389,0.543568,0.543568,30.696593,387.500000,16.685680,82.526912,0.212973,387.500000,1.398652,0.714974,0.291611,30.214054,0.543568,16.685680,30.696593,22.000000,26.000000,34.058773,34.058773,387.500000,16.685680,1.398652,0.714974,82.526912,0.212973,387.500000
"d52ddf55-49a9-4fbd-b35a-05d9a0919b7d","Detection","nuclei_histiocyte",278.702576,61.252304,49.000000,91.000000,1741847.000000,1.517478,25.000000,2.323355,111.000000,69.369186,13.181618,69.000000,40.000000,71.000000,9.993500,71.158336,0.280228,15.856379,1741847.000000,0.405506,251.424748,5.278869,7.334532,0.263663,1.560945,0.249018,0.724836,0.247447,0.813591,0.187788,0.876538,0.876434,0.985380,0.950563,-0.360751,0.000000,0.246072,2.225059,0.276458,2.406699,0.466614,4.450118,2.152663,0.452491,4.018693,54.761628,0.159191,1.000000,3.947776,139.494186,0.484037,5.718023,47.186047,230.438953,14.238614,0.277132,0.040279,0.328707,0.008352,63.446927,0.354452,0.623326,7.284916,25.173184,120.770950,7.239758,0.233007,4.334551,26.854749,0.150027,0.520349,10.400112,0.324654,3.147617,0.049324,3.600000,0.360000,0.800000,9.800000,4179.200000,19509.700000,1054.581944,0.199306,1.400000,0.140000,0.217565,2.715488,0.018979,3.321928,0.029070,2995.840000,4.135374,0.032317,1.427107,0.020034,0.166606,0.880909,0.880909,22.353643,343.500000,19.691527,70.526912,0.205319,343.500000,1.152320,0.867814,0.327205,38.040065,0.880909,19.691527,22.353643,22.000000,20.000000,29.732137,29.732137,343.500000,19.691527,1.152320,0.867814,70.526912,0.205319,343.500000
"cfc9e510-1966-446d-aa38-8ab6f4ca30bb","Detection","nuclei_lymphocyte",485.862366,66.136162,44.000000,83.000000,1337118.000000,1.541503,18.000000,4.725620,127.000000,60.344023,12.188578,56.000000,35.000000,92.000000,7.868087,62.436393,1.315080,16.028164,1337118.000000,0.412167,256.902056,3.736133,8.116894,1.066701,1.410518,0.412837,0.547168,0.373217,1.047188,0.273546,0.819995,0.817353,0.984437,0.938740,-0.178395,0.000000,0.338550,1.867274,0.248195,2.583834,0.435816,3.734548,2.139977,0.455839,4.182164,42.708455,0.124514,1.000000,5.402086,141.373178,0.545929,4.361516,38.556851,131.481050,17.090475,0.416763,0.076322,0.616152,0.022866,76.444444,0.303351,0.827979,5.801587,13.928571,51.301587,5.634466,0.364708,4.013075,70.682540,0.280486,0.734694,6.518078,0.539124,4.019762,0.149977,7.666667,0.319444,1.354167,8.916667,1760.291667,6712.500000,544.479387,0.326030,4.416667,0.184028,0.383801,4.682786,0.076832,3.938722,0.069971,1556.039931,3.373346,0.029185,3.688341,0.017456,0.332024,0.555130,0.555130,28.277292,341.500000,15.697584,75.355339,0.220660,341.500000,1.323206,0.755740,0.294540,30.824192,0.555130,15.697584,28.277292,18.000000,27.000000,32.449961,32.449961,341.500000,15.697584,1.323206,0.755740,75.355339,0.220660,341.500000
"1c535b3d-ef25-4e07-9438-e6440685df60","Detection","nuclei_histiocyte",106.069061,69.838753,42.000000,116.000000,3463018.000000,2.143329,44.000000,2.287125,143.000000,71.814433,23.979594,66.000000,35.000000,108.000000,19.011455,77.137557,0.658441,28.158302,3463018.000000,0.242853,792.889964,6.635865,73.576546,8.249074,5.700707,0.293687,0.902013,0.290027,0.882369,0.209571,0.855596,0.855352,0.988733,0.951749,-0.508114,0.000000,0.286825,2.298719,0.153365,3.170598,0.291400,4.597438,2.866130,1.498599,4.596872,90.920962,0.156222,1.000000,4.068540,141.340206,1.475588,7.008591,44.353952,242.393471,24.451252,0.417735,0.043491,0.409693,0.010665,83.565476,0.248707,1.186428,9.163690,23.059524,106.375000,14.827740,0.240322,4.687361,62.523810,0.186083,0.577320,11.058248,0.384096,4.196784,0.053926,4.000000,0.285714,1.025510,11.357143,5559.571429,25951.071429,2969.236290,0.172004,2.000000,0.142857,0.323391,3.630173,0.038380,3.521641,0.024055,3831.387755,8.057300,0.031081,2.100030,0.037163,0.265741,0.636384,0.636384,34.402776,584.000000,21.893367,97.740115,0.167363,584.000000,1.301736,0.768205,0.340980,41.310412,0.636384,21.893367,34.402776,29.000000,31.000000,42.449971,42.449971,584.000000,21.893367,1.301736,0.768205,97.740115,0.167363,584.000000
"1f0012a4-c19e-46ac-9106-10bf58792f5e","Detection","nuclei_histiocyte",147.531082,77.756119,44.000000,103.000000,4539232.000000,1.944769,34.000000,2.253561,134.000000,73.120823,18.593209,74.000000,35.000000,99.000000,14.325908,76.383823,0.269305,22.086958,4539232.000000,0.284306,487.833731,6.491502,25.542038,0.711691,3.298997,0.256968,0.855472,0.248810,0.832749,0.195061,0.876954,0.876411,0.990182,0.958726,-0.480325,0.000000,0.241672,2.393950,0.175311,2.918181,0.264446,4.787899,2.641549,0.888991,4.605221,131.491003,0.169012,1.000000,4.382399,221.190231,0.918174,6.907455,49.434447,306.863753,17.532444,0.312481,0.046689,0.509991,0.009269,108.620779,0.282132,0.957153,8.451948,28.384416,168.509091,10.974592,0.233962,4.949187,59.825974,0.155392,0.494859,12.050221,0.373627,4.027517,0.060337,7.190476,0.342404,1.174603,14.619048,7140.952381,46101.714286,1962.936058,0.134272,6.238095,0.297052,0.544358,9.650550,0.033461,3.230109,0.026992,5768.426304,4.779315,0.020827,2.146481,0.021001,0.181152,0.651549,0.651549,40.175577,769.500000,26.176346,117.639610,0.152878,769.500000,1.431162,0.698733,0.340254,41.134753,0.651549,26.176346,40.175577,35.000000,36.000000,50.209561,50.209561,769.500000,26.176346,1.431162,0.698733,117.639610,0.152878,769.500000
"fd88a19a-a7bc-4f8c-a127-37c14e8c5c9f","Detection","nuclei_histiocyte",326.343689,73.744720,52.000000,89.000000,2079146.000000,1.375161,18.000000,3.286690,117.000000,68.978520,11.213618,68.000000,38.000000,79.000000,7.753097,70.442617,0.508529,14.287268,2079146.000000,0.471420,204.126030,5.069364,4.723258,0.340867,1.142876,0.339756,0.541685,0.314066,0.959374,0.241119,0.847249,0.845536,0.980468,0.938043,-0.210831,0.000000,0.291586,2.206487,0.311331,2.342951,0.520231,4.412974,1.980168,0.370658,3.943561,58.188544,0.138875,1.000000,4.790791,197.525060,0.410889,5.508353,43.147971,196.897375,12.152861,0.262646,0.059380,0.530543,0.011841,90.096000,0.360384,0.585216,6.976000,20.344000,94.424000,5.484556,0.231417,4.194561,48.640000,0.194560,0.596659,9.108096,0.421062,3.737679,0.078623,9.720000,0.388800,0.838400,10.080000,2897.240000,11925.840000,733.541389,0.207778,3.640000,0.145600,0.313382,4.013014,0.038625,3.843856,0.059666,2616.342400,5.384856,0.022130,1.664026,0.020148,0.111590,0.674422,0.674422,28.393292,418.500000,19.149061,81.355339,0.194397,418.500000,1.258539,0.794572,0.321767,36.786216,0.674422,19.149061,28.393292,27.000000,20.000000,33.600595,33.600595,418.500000,19.149061,1.258539,0.794572,81.355339,0.194397,418.500000
"2f3f42d8-7696-460c-97db-79d72587e410","Detection","nuclei_lymphocyte",74.609238,80.428017,48.000000,98.000000,2323342.000000,1.723448,21.000000,5.937635,164.000000,70.391608,15.287300,65.000000,37.000000,127.000000,9.165483,73.591546,1.590735,21.464787,2323342.000000,0.393472,460.737086,5.426158,25.775653,3.599275,2.294990,0.386733,0.711578,0.326658,1.018440,0.280028,0.846370,0.842678,0.989815,0.954392,-0.327138,0.000000,0.277048,2.224656,0.276695,2.691684,0.493116,4.449312,2.312269,0.670431,4.078352,65.158508,0.151885,1.000000,5.711314,168.799534,0.823425,6.202797,44.533800,190.734266,15.050245,0.293106,0.067792,0.926541,0.010395,67.671756,0.258289,1.279893,9.583969,22.053435,100.152672,6.887180,0.217883,4.383079,64.511450,0.246227,0.610723,11.329060,0.506674,6.730158,0.065997,6.851852,0.253772,1.533608,16.370370,2408.703704,9885.000000,649.488467,0.142706,4.629630,0.171468,0.396811,8.177829,0.024125,4.060262,0.062937,2156.246914,2.426300,0.028491,4.303946,0.015581,0.505959,0.679986,0.679986,28.423727,429.500000,19.327722,81.012193,0.188620,429.500000,1.215984,0.822379,0.332325,39.239868,0.679986,19.327722,28.423727,23.000000,26.000000,34.713110,34.713110,429.500000,19.327722,1.215984,0.822379,81.012193,0.188620,429.500000
"dd2728d2-2cbc-4f76-bb11-9ee562bb40eb","Detection","nuclei_tumor",623.521851,88.940109,73.000000,110.000000,10215641.000000,1.402644,16.000000,3.912093,147.000000,91.688345,10.919191,92.000000,47.000000,100.000000,6.797498,92.887433,-0.058152,14.876916,10215641.000000,0.466627,221.322634,9.986362,5.841264,0.093487,1.283384,0.228773,0.697422,0.221293,0.782947,0.179802,0.890600,0.890101,0.991261,0.963296,-0.362934,0.000000,0.214749,3.118126,0.347048,2.192819,0.556533,6.236252,1.947772,0.378039,3.671873,248.405405,0.209802,1.000000,4.178983,552.486486,0.417355,10.395270,53.297297,499.810811,6.463922,0.115564,0.039559,0.578401,0.004103,172.893281,0.341686,0.664360,12.735178,46.577075,430.130435,5.586116,0.104169,4.691765,74.762846,0.147753,0.427365,24.676155,0.341567,5.290897,0.033176,9.896552,0.341260,1.517241,17.517241,20807.448276,191195.655172,2336.977241,0.117969,6.034483,0.208086,0.419971,9.126529,0.035467,3.529384,0.024493,19140.556480,4.872981,0.011174,2.179694,0.008739,0.098520,0.950225,0.950225,39.887592,1185.500000,37.902179,130.811183,0.110343,1185.500000,1.148625,0.870606,0.447053,71.010222,0.950225,37.902179,39.887592,39.000000,39.000000,55.154329,55.154329,1185.500000,37.902179,1.148625,0.870606,130.811183,0.110343,1185.500000
"2f1e3c21-0021-4198-8003-3b34e961fd73","Detection","nuclei_lymphocyte",388.684174,79.749084,43.000000,69.000000,751337.000000,1.138041,14.000000,3.156509,86.000000,56.712389,8.205302,55.000000,37.000000,49.000000,5.806983,57.658477,0.573181,10.402158,751337.000000,0.532344,108.204891,3.379731,1.930537,-0.239709,0.803708,0.258852,0.512776,0.253968,0.833523,0.194352,0.873830,0.873504,0.974340,0.936752,-0.192755,0.000000,0.249695,1.800977,0.369938,1.971970,0.570208,3.601954,1.697702,0.265640,3.726623,34.283186,0.151696,1.000000,4.350536,120.309735,0.284047,3.575221,45.628319,159.699115,17.872665,0.429941,0.050405,0.268088,0.018543,51.106061,0.387167,0.475838,3.977273,22.681818,83.075758,7.953704,0.457702,4.031533,25.530303,0.193411,0.584071,10.956382,0.403724,2.057203,0.159640,4.600000,0.460000,0.810000,6.100000,2550.600000,9711.000000,766.833333,0.391667,1.800000,0.180000,0.331830,2.931843,0.042938,2.646439,0.044248,2039.840000,4.784367,0.044902,0.723389,0.023076,0.107326,0.879929,0.879929,18.321966,228.500000,16.122033,59.355339,0.259761,228.500000,1.226941,0.815035,0.281917,28.238746,0.879929,16.122033,18.321966,19.000000,18.000000,26.172505,26.172505,228.500000,16.122033,1.226941,0.815035,59.355339,0.259761,228.500000
"62c78a07-51b6-482e-8030-b3bdbcd8793e","Detection","nuclei_tumor",854.391846,87.740128,91.000000,126.000000,8876566.000000,1.358444,19.000000,2.744279,141.000000,109.683631,10.851855,111.000000,70.000000,71.000000,7.979905,110.498221,-0.462427,13.392459,8876566.000000,0.463923,179.357958,8.612400,5.370534,-0.351773,1.339673,0.226251,0.711032,0.226251,0.771418,0.175061,0.886875,0.886875,0.986691,0.954750,-0.360552,0.000000,0.226251,2.886875,0.312985,2.242565,0.513416,5.773749,2.016314,0.391481,3.920850,127.693260,0.175644,1.000000,3.303777,337.272352,0.386306,8.762036,50.510316,426.525447,7.173372,0.143283,0.032723,0.317639,0.004637,125.894260,0.380345,0.522430,9.432024,31.752266,264.283988,4.486657,0.143987,4.726398,41.253776,0.124634,0.455296,12.456020,0.261566,2.728019,0.035293,6.529412,0.384083,1.044983,10.764706,13478.176471,116377.882353,1658.270425,0.178513,1.823529,0.107266,0.216458,2.535751,0.028277,3.852169,0.023384,11649.356401,5.332053,0.016403,1.416986,0.014007,0.090620,0.781173,0.781173,34.488739,726.000000,26.941688,103.740115,0.142893,726.000000,1.179633,0.847721,0.387652,53.393137,0.781173,26.941688,34.488739,29.000000,34.000000,44.687806,44.687806,726.000000,26.941688,1.179633,0.847721,103.740115,0.142893,726.000000
"858af137-6156-42b9-b229-da3e6fec75a6","Detection","nuclei_lymphocyte",264.496277,82.829620,41.000000,86.000000,1172053.000000,1.726149,20.000000,6.596298,146.000000,59.515464,15.807985,52.000000,36.000000,110.000000,8.858445,63.463955,1.926303,22.035950,1172053.000000,0.357565,485.583094,3.658879,35.070560,5.870748,2.615345,0.453271,0.704576,0.380374,1.094784,0.308587,0.821262,0.817103,0.983241,0.938290,-0.281124,0.000000,0.323209,1.765888,0.217948,2.768740,0.338318,3.531776,2.340472,0.767154,4.166675,37.426117,0.128612,1.000000,5.360258,104.051546,0.938274,4.432990,39.048110,100.103093,26.025062,0.526366,0.075471,0.788428,0.018608,55.556604,0.262059,1.366946,7.245283,14.358491,39.283019,9.640993,0.352338,4.129150,60.745283,0.286534,0.728522,6.821912,0.548687,5.649299,0.116024,4.555556,0.253086,1.469136,13.333333,1418.722222,4163.444444,762.453133,0.188287,3.555556,0.197531,0.424369,6.679355,0.032231,3.683542,0.061856,1157.361111,4.367169,0.035293,3.465838,0.029990,0.453334,0.914426,0.914426,20.215771,291.500000,18.485828,64.526912,0.221362,291.500000,1.136667,0.879765,0.317287,35.769004,0.914426,18.485828,20.215771,19.000000,20.000000,27.586228,27.586228,291.500000,18.485828,1.136667,0.879765,64.526912,0.221362,291.500000
"eec8e629-848d-4e72-acac-d70ba0ce4d68","Detection","nuclei_lymphocyte",726.380127,87.472260,44.000000,93.000000,1577951.000000,1.762468,26.000000,4.480613,138.000000,64.621387,15.219068,60.000000,40.000000,98.000000,10.747135,67.531859,1.237636,19.611944,1577951.000000,0.345768,384.628329,4.380282,17.371593,2.117022,2.218872,0.361502,0.719806,0.314554,0.986632,0.262558,0.850156,0.847418,0.986522,0.948664,-0.348957,0.000000,0.277169,1.978873,0.227118,2.720443,0.395149,3.957746,2.360801,0.645094,4.129870,52.086705,0.150540,1.000000,5.336463,119.635838,0.771367,5.089595,44.092486,153.303468,21.721783,0.402087,0.069129,0.827425,0.013585,58.497630,0.277240,1.056625,7.777251,19.744076,71.431280,9.770887,0.272754,4.310774,45.568720,0.215965,0.609827,8.988163,0.462631,5.060255,0.080734,5.380952,0.256236,1.482993,14.238095,1763.238095,6609.952381,672.978532,0.173545,5.285714,0.251701,0.494075,8.967089,0.033745,3.368042,0.060694,1491.773243,3.267178,0.034790,2.804024,0.022333,0.361498,0.756954,0.756954,24.345846,345.500000,18.428695,72.526912,0.209919,345.500000,1.211548,0.825391,0.315591,35.387584,0.756954,18.428695,24.345846,20.000000,23.000000,30.479501,30.479501,345.500000,18.428695,1.211548,0.825391,72.526912,0.209919,345.500000
"b28c7d85-9c1e-4a35-bff2-f33ae489ae14","Detection","nuclei_endothelium",225.486893,90.562843,37.000000,71.000000,825075.000000,1.206322,18.000000,3.684031,96.000000,50.016287,10.978875,45.000000,32.000000,64.000000,7.815917,51.841496,1.180589,13.634947,825075.000000,0.497692,185.911787,2.021641,4.626024,1.542253,1.067453,0.259693,0.608644,0.250676,0.837610,0.196855,0.876165,0.875564,0.974447,0.937782,-0.240980,0.000000,0.242786,1.348963,0.405733,1.893589,0.609558,2.697926,1.619266,0.331787,3.251775,60.042345,0.195578,1.000000,5.706395,152.791531,0.395378,2.449511,47.260586,69.342020,42.590753,0.720865,0.047141,0.219179,0.019143,69.081395,0.401636,0.451697,4.110465,27.348837,39.965116,24.711563,0.429102,3.627118,40.732558,0.236817,0.560261,14.605598,0.487620,2.559133,0.120474,3.750000,0.468750,0.500000,6.750000,5548.625000,7748.000000,5022.531250,0.256944,1.000000,0.125000,0.175227,1.574119,0.019553,3.000000,0.026059,4075.984375,15.986356,0.037508,0.685029,0.030313,0.117539,0.334877,0.334877,34.459551,305.000000,11.539724,81.597980,0.267534,305.000000,1.737197,0.575640,0.233456,19.364836,0.334877,11.539724,34.459551,18.000000,31.000000,35.846897,35.846897,305.000000,11.539724,1.737197,0.575640,81.597980,0.267534,305.000000
"ae5b9cca-1eab-405e-ba2b-8a5564f66236","Detection","nuclei_tumor",879.484802,97.767654,60.000000,105.000000,5798455.000000,1.501839,20.000000,2.710275,136.000000,81.285545,12.894199,80.000000,52.000000,84.000000,9.095935,82.886714,0.413400,16.213190,5798455.000000,0.385270,262.867516,3.498597,6.488832,0.755664,1.627815,0.220767,0.761150,0.218273,0.765776,0.173124,0.891279,0.891113,0.987058,0.956429,-0.401293,0.000000,0.216090,1.773932,0.265620,2.315422,0.394450,3.547864,2.085913,0.462146,3.954899,173.462085,0.205524,1.000000,4.364822,325.168246,0.499219,3.819905,52.670616,173.120853,28.341117,0.487477,0.038926,0.234438,0.013846,128.431579,0.337978,0.630055,5.173684,41.210526,126.442105,23.760636,0.374251,4.677318,61.636842,0.162202,0.450237,21.478227,0.383261,2.709434,0.099118,10.360000,0.414400,0.777600,7.960000,9691.040000,31155.840000,4598.637222,0.264167,2.760000,0.110400,0.260032,2.381668,0.062864,4.103465,0.029621,8551.302400,10.229015,0.016423,1.354889,0.017495,0.099559,0.613665,0.613665,42.105639,845.000000,25.838753,116.225397,0.137545,845.000000,1.272142,0.786076,0.380479,51.435466,0.613665,25.838753,42.105639,32.000000,38.000000,49.678969,49.678969,845.000000,25.838753,1.272142,0.786076,116.225397,0.137545,845.000000
"fd4a12db-5219-468f-89a5-346da4ebb121","Detection","nuclei_histiocyte",369.913025,93.759102,44.000000,87.000000,3409673.000000,1.655254,23.000000,4.009160,129.000000,61.776300,13.838363,58.000000,32.000000,97.000000,9.736231,64.210139,1.049656,17.510875,3409673.000000,0.363346,306.630732,4.224171,12.929025,1.555554,2.051037,0.231824,0.796900,0.226722,0.787843,0.180421,0.887489,0.887149,0.991124,0.962334,-0.434804,0.000000,0.222258,1.941486,0.248445,2.498682,0.412309,3.882972,2.258732,0.570715,4.175901,149.960097,0.181330,1.000000,3.981688,300.487304,0.628568,4.570738,51.370012,202.631197,23.244509,0.424963,0.039450,0.330308,0.013375,110.392208,0.286733,0.986244,6.187013,31.251948,118.228571,14.865766,0.364161,4.971878,51.514286,0.133803,0.465538,12.795439,0.323125,2.948094,0.094396,3.941176,0.231834,1.854671,12.705882,14191.000000,53583.176471,5623.947729,0.247974,3.823529,0.224913,0.463990,7.632484,0.091430,3.381580,0.020556,11824.463668,6.065792,0.017206,2.498861,0.013655,0.203600,0.755044,0.755044,37.835430,824.000000,28.567404,118.225397,0.143477,824.000000,1.349847,0.740825,0.361648,46.470191,0.755044,28.567404,37.835430,41.000000,30.000000,50.803543,50.803543,824.000000,28.567404,1.349847,0.740825,118.225397,0.143477,824.000000
"3126c4de-a6c1-4893-89cc-ca9202a46c5f","Detection","nuclei_tumor",556.527527,92.487457,50.000000,97.000000,2171430.000000,1.605812,25.000000,3.416429,133.000000,70.312195,14.861535,66.000000,36.000000,97.000000,10.407389,72.774795,0.894561,18.771413,2171430.000000,0.409280,352.365949,5.363995,11.389634,1.569459,1.738240,0.314060,0.693943,0.298292,0.921488,0.225082,0.853482,0.852431,0.988046,0.950660,-0.307548,0.000000,0.284494,2.237845,0.288646,2.545372,0.503942,4.475690,2.210991,0.513075,3.921606,59.717073,0.145651,1.000000,4.532897,167.804878,0.597912,5.978049,43.824390,203.939024,12.535026,0.271871,0.048330,0.464632,0.009529,69.702479,0.288027,0.893108,8.107438,21.157025,101.628099,5.660443,0.240216,4.278748,48.231405,0.199303,0.590244,9.675569,0.403676,4.468019,0.062087,5.352941,0.314879,1.439446,11.529412,3862.470588,17991.588235,922.614314,0.249085,1.941176,0.114187,0.182471,2.384930,0.018834,3.852169,0.041463,3280.809689,2.966875,0.029229,2.663098,0.016126,0.276815,0.664261,0.664261,28.448741,412.000000,18.897381,81.597980,0.198053,412.000000,1.286032,0.777586,0.315358,35.335284,0.664261,18.897381,28.448741,21.000000,28.000000,35.000000,35.000000,412.000000,18.897381,1.286032,0.777586,81.597980,0.198053,412.000000
"5aaf87c6-fb1d-4ef2-9368-baf274dbb6b4","Detection","nuclei_lymphocyte",486.986694,93.957001,40.000000,89.000000,1450556.000000,1.713033,25.000000,4.472556,145.000000,58.875332,15.613140,51.000000,35.000000,110.000000,11.240699,62.029256,1.294699,19.527519,1450556.000000,0.347987,381.323980,3.396564,19.012870,3.538075,2.352942,0.371510,0.727277,0.327130,1.001956,0.264497,0.843832,0.840873,0.986064,0.946535,-0.320763,0.000000,0.288296,1.703293,0.238388,2.668349,0.413744,3.406586,2.267739,0.681113,4.123446,52.273210,0.138656,1.000000,5.825947,131.190981,0.817637,4.090186,43.663130,106.551724,31.733382,0.560810,0.077691,0.731777,0.018019,68.766129,0.277283,1.004276,6.721774,19.532258,43.137097,15.466414,0.331613,4.125366,65.491935,0.264080,0.657825,10.288697,0.522707,4.804795,0.100574,9.000000,0.346154,0.764793,11.961538,1780.884615,3884.692308,1294.026923,0.133686,7.846154,0.301775,0.534656,6.751782,0.051866,3.334679,0.068966,1570.634615,4.759616,0.033506,3.045060,0.023699,0.387665,0.688811,0.688811,26.610489,376.000000,18.329586,76.426407,0.203262,376.000000,1.236201,0.808930,0.317503,35.817704,0.688811,18.329586,26.610489,22.000000,25.000000,33.301652,33.301652,376.000000,18.329586,1.236201,0.808930,76.426407,0.203262,376.000000
"fe8120ff-5e4f-4b04-bc1c-7374475be2d6","Detection","nuclei_histiocyte",95.613106,93.821632,52.000000,88.000000,1529339.000000,1.239660,18.000000,3.045259,110.000000,67.846875,10.530605,66.000000,43.000000,67.000000,7.489112,69.131645,0.612864,13.265969,1529339.000000,0.517559,175.985928,4.952462,3.961160,0.487017,0.986372,0.200340,0.662362,0.200340,0.722607,0.160204,0.899830,0.899830,0.988215,0.959932,-0.330031,0.000000,0.200340,2.180815,0.414971,1.931556,0.619694,4.361630,1.731216,0.296678,3.488588,65.568750,0.204902,1.000000,4.443594,165.618750,0.337344,5.343750,51.881250,236.300000,13.799457,0.253364,0.039628,0.324855,0.007466,56.148649,0.379383,0.541773,7.168919,37.013514,164.608108,9.450920,0.218844,4.235121,22.851351,0.154401,0.462500,18.313733,0.349654,3.335741,0.051443,3.600000,0.360000,0.800000,9.800000,4883.800000,20595.800000,1213.365972,0.199306,1.400000,0.140000,0.248272,3.087528,0.021919,3.121928,0.031250,3859.800000,2.761087,0.040019,1.181611,0.011161,0.208583,0.691314,0.691314,24.368620,320.500000,16.846369,70.526912,0.220053,320.500000,1.235014,0.809707,0.305296,33.116455,0.691314,16.846369,24.368620,19.000000,23.000000,29.832868,29.832868,320.500000,16.846369,1.235014,0.809707,70.526912,0.220053,320.500000
"a4dee50a-9db4-405d-b198-6210055193b1","Detection","nuclei_tumor",690.561584,104.397110,57.000000,94.000000,5135588.000000,1.313472,18.000000,4.436562,141.000000,73.481888,11.899072,71.000000,47.000000,94.000000,8.066300,75.082012,1.087940,15.418190,5135588.000000,0.466487,237.720583,6.169311,6.239787,1.531051,1.301215,0.197000,0.737020,0.193539,0.719479,0.159543,0.903807,0.903577,0.992451,0.967826,-0.379907,0.000000,0.190511,2.427603,0.355220,2.031348,0.533026,4.855206,1.824884,0.374554,3.628537,199.562020,0.219058,1.000000,3.814594,424.969265,0.415497,6.482986,54.958288,314.720088,11.366092,0.196844,0.033349,0.300338,0.006637,126.331492,0.348982,0.660755,8.414365,56.215470,287.839779,12.491581,0.174586,4.880533,47.458564,0.131101,0.397366,30.882879,0.305552,3.316061,0.048181,4.411765,0.259516,1.647059,10.647059,18803.000000,85526.941176,4438.519346,0.266046,2.411765,0.141869,0.305924,4.152157,0.095115,3.969816,0.018661,15931.301038,4.963751,0.015118,1.995894,0.007752,0.159064,0.687656,0.687656,41.690365,912.000000,28.668645,122.083261,0.133863,912.000000,1.300492,0.768940,0.381448,51.697993,0.687656,28.668645,41.690365,29.000000,42.000000,51.039201,51.039201,912.000000,28.668645,1.300492,0.768940,122.083261,0.133863,912.000000
"8a4a7064-6e94-4ccd-882a-8ddca667f8a1","Detection","nuclei_histiocyte",116.190819,102.881340,61.000000,106.000000,4064345.000000,1.560753,27.000000,2.376085,132.000000,84.099638,14.153625,85.000000,50.000000,82.000000,10.792647,85.807598,0.160364,17.035104,4064345.000000,0.368745,290.194782,3.894152,7.851132,0.744824,1.835575,0.307878,0.712727,0.304978,0.898827,0.214866,0.847994,0.847801,0.981941,0.939101,-0.319448,0.000000,0.302441,1.874094,0.207441,2.606061,0.332044,3.748188,2.288524,0.535863,4.259172,83.449275,0.151176,1.000000,3.896805,203.547101,0.539694,4.164855,42.597826,150.436594,22.404313,0.454735,0.045593,0.264247,0.015019,115.714734,0.362742,0.567899,5.018809,19.059561,65.586207,10.303858,0.365378,4.409809,51.771160,0.162292,0.577899,7.082320,0.343082,2.075914,0.092563,6.125000,0.382813,0.859375,7.750000,6168.750000,21024.937500,2690.093750,0.289063,2.250000,0.140625,0.303371,2.660440,0.049206,3.375000,0.028986,4978.500000,7.967976,0.020631,1.642576,0.023355,0.119723,0.641452,0.641452,33.722494,552.000000,21.631348,95.597980,0.173185,552.000000,1.317494,0.759017,0.333189,39.444312,0.641452,21.631348,33.722494,21.000000,32.000000,38.275318,38.275318,552.000000,21.631348,1.317494,0.759017,95.597980,0.173185,552.000000
"b6f3bfd0-3112-4d7c-b100-cf5d1257c4b3","Detection","nuclei_tumor",920.008240,110.984352,71.000000,121.000000,11558483.000000,1.725157,20.000000,3.663324,169.000000,95.740527,14.165309,94.000000,55.000000,114.000000,9.069598,97.575565,0.610594,18.834606,11558483.000000,0.362106,354.742394,5.639974,16.678261,1.484964,2.259931,0.205882,0.833011,0.203736,0.736881,0.164374,0.898490,0.898347,0.992099,0.966095,-0.494176,0.000000,0.201857,2.264169,0.266541,2.507882,0.454916,4.528338,2.297043,0.616453,3.987405,268.655684,0.221298,1.000000,3.779999,439.596376,0.678276,6.032125,54.454695,273.152389,17.880654,0.294888,0.035432,0.361664,0.007104,138.593361,0.287538,0.941104,8.475104,51.543568,244.336100,16.827273,0.222095,5.144907,59.713693,0.123887,0.397035,26.168730,0.300376,3.579233,0.043931,6.391304,0.277883,1.553875,13.652174,21453.565217,102159.869565,5585.570894,0.172500,4.478261,0.194707,0.432614,7.476657,0.033135,3.584012,0.018946,18667.561437,7.118785,0.013253,1.919321,0.013336,0.131936,0.668561,0.668561,48.213223,1214.000000,32.233472,136.568542,0.112495,1214.000000,1.222567,0.817951,0.429159,65.439161,0.668561,32.233472,48.213223,32.000000,47.000000,56.859476,56.859476,1214.000000,32.233472,1.222567,0.817951,136.568542,0.112495,1214.000000
"66b1b6bb-21e0-4549-90eb-90e1e6e91c46","Detection","nuclei_lymphocyte",204.721329,100.575760,39.000000,88.000000,1050603.000000,1.679318,25.000000,3.549879,118.000000,57.897163,15.482295,51.000000,35.000000,83.000000,10.990339,61.037223,1.154924,19.325141,1050603.000000,0.349354,373.461056,3.411822,16.939780,3.309111,2.323448,0.310078,0.764515,0.298450,0.913274,0.221005,0.852713,0.851938,0.981965,0.940698,-0.359329,0.000000,0.288275,1.705426,0.240885,2.582955,0.408915,3.410853,2.257083,0.658381,3.892806,43.553191,0.154444,1.000000,4.826719,98.517730,0.766926,4.024823,42.985816,105.691489,31.128965,0.554940,0.049016,0.383262,0.014849,50.127907,0.291441,0.861107,6.296512,20.779070,49.197674,15.882106,0.335796,4.189826,36.058140,0.209640,0.609929,10.026771,0.429554,3.771528,0.079051,3.909091,0.355372,0.809917,10.363636,2424.000000,5777.181818,1678.138258,0.186869,1.545455,0.140496,0.163197,2.256402,0.012669,2.913977,0.039007,1766.776860,6.996693,0.047642,1.439179,0.032711,0.277132,0.691452,0.691452,22.918033,280.500000,15.846713,65.698485,0.234219,280.500000,1.224526,0.816643,0.297184,31.379935,0.691452,15.846713,22.918033,19.000000,20.000000,27.586228,27.586228,280.500000,15.846713,1.224526,0.816643,65.698485,0.234219,280.500000
"10a4e834-4ac6-4ff1-b3b6-8f48f2fb6fa0","Detection","nuclei_lymphocyte",157.489197,103.254112,42.000000,84.000000,1156526.000000,1.579579,18.000000,5.005659,117.000000,57.298137,13.190000,51.000000,35.000000,82.000000,7.949552,59.930757,1.557166,17.567561,1156526.000000,0.378477,308.619189,3.213502,11.025131,2.113931,1.714765,0.409283,0.614620,0.375527,1.039744,0.268262,0.817862,0.815612,0.976520,0.926020,-0.217608,0.000000,0.345992,1.699156,0.216218,2.623266,0.312236,3.398312,2.198922,0.531012,4.132028,44.024845,0.136723,1.000000,4.226226,121.869565,0.632422,3.832298,36.950311,98.354037,23.497886,0.528080,0.059841,0.449227,0.018670,72.858333,0.303576,0.880556,5.575000,11.683333,32.916667,7.300637,0.394878,3.971918,59.125000,0.246354,0.745342,4.483056,0.497111,3.932535,0.126774,4.846154,0.372781,0.792899,11.230769,2953.076923,8161.230769,1693.543803,0.167735,2.384615,0.183432,0.304109,4.150385,0.023979,3.238901,0.040373,2339.562130,7.845016,0.027808,2.099347,0.034777,0.179831,0.583578,0.583578,26.649115,324.000000,15.551842,71.597980,0.220981,324.000000,1.259061,0.794243,0.301730,32.347453,0.583578,15.551842,26.649115,21.000000,23.000000,31.144823,31.144823,324.000000,15.551842,1.259061,0.794243,71.597980,0.220981,324.000000
"fccc1e36-60c5-49d8-bd9c-e31e8f8f9a09","Detection","nuclei_histiocyte",254.623581,110.935776,46.000000,86.000000,3743314.000000,1.594122,22.000000,3.225656,136.000000,66.333333,12.956053,64.000000,36.000000,100.000000,9.422665,68.233886,0.584259,15.992250,3743314.000000,0.392565,255.752073,4.986202,11.001288,0.844401,1.867859,0.229304,0.781320,0.218134,0.782487,0.181721,0.892712,0.892050,0.991281,0.963904,-0.426883,0.000000,0.209136,2.139290,0.276440,2.454448,0.471419,4.278581,2.204746,0.524291,4.135142,154.064677,0.191623,1.000000,4.217321,315.621891,0.550011,5.298507,52.661692,248.947761,18.165661,0.324778,0.045228,0.403032,0.009930,117.938889,0.327608,0.731103,6.747222,37.422222,168.361111,12.578184,0.274769,4.882208,49.555556,0.137654,0.447761,17.471111,0.330784,2.969844,0.064146,8.037037,0.297668,0.987654,10.666667,7886.370370,32151.333333,2337.449979,0.179660,6.555556,0.242798,0.482644,6.616491,0.052692,3.806382,0.033582,6999.654321,5.148513,0.017429,2.262932,0.011613,0.189914,0.645870,0.645870,40.513790,804.500000,26.166649,118.325902,0.147080,804.500000,1.384917,0.722065,0.352640,44.183997,0.645870,26.166649,40.513790,33.000000,36.000000,48.836462,48.836462,804.500000,26.166649,1.384917,0.722065,118.325902,0.147080,804.500000
"bab3a041-f55c-49e8-bd43-691f159ff96b","Detection","nuclei_histiocyte",76.606277,108.334923,46.000000,86.000000,1730718.000000,1.484024,19.000000,4.409030,122.000000,62.253589,12.432660,58.000000,38.000000,84.000000,8.213695,64.346513,1.268223,16.277727,1730718.000000,0.441256,264.964401,4.066753,7.643152,0.804406,1.438788,0.297472,0.657341,0.278030,0.899327,0.220172,0.864226,0.862929,0.982845,0.945042,-0.292678,0.000000,0.261017,1.944588,0.306964,2.378004,0.515230,3.889177,2.064937,0.434065,3.969313,64.698565,0.154781,1.000000,5.082484,184.444976,0.506971,4.564593,46.066986,169.177033,18.597970,0.377409,0.060642,0.516023,0.014866,72.685950,0.300355,0.818182,6.404959,22.157025,82.669421,8.702192,0.316374,4.336125,46.793388,0.193361,0.578947,10.223140,0.427560,3.855703,0.094543,8.280000,0.331200,1.193600,9.720000,2859.280000,11120.960000,841.578056,0.276944,5.320000,0.212800,0.403386,4.659609,0.053620,3.509275,0.059809,2579.721600,5.074311,0.028883,1.418041,0.021259,0.151590,0.487783,0.487783,33.757434,419.500000,16.466305,89.497475,0.213343,419.500000,1.519427,0.658143,0.279538,27.764123,0.487783,16.466305,33.757434,24.000000,31.000000,39.204592,39.204592,419.500000,16.466305,1.519427,0.658143,89.497475,0.213343,419.500000
"6cb88620-2eb5-4390-95bc-4ed6c534711b","Detection","nuclei_tumor",1010.043640,114.907784,92.000000,133.000000,8568594.000000,1.440080,19.000000,2.821596,159.000000,114.678125,12.291094,116.000000,73.000000,86.000000,8.630348,115.708375,-0.370033,15.406355,8568594.000000,0.421084,237.355771,9.903186,5.284617,-0.342625,1.413596,0.274721,0.674563,0.267273,0.860272,0.203286,0.867604,0.867108,0.989493,0.955632,-0.313371,0.000000,0.260757,3.101365,0.264815,2.390541,0.452627,6.202731,2.094489,0.422079,4.175827,99.809375,0.155952,1.000000,4.233594,269.493750,0.434705,10.151563,47.300000,458.179688,5.805580,0.120880,0.052953,0.619593,0.007192,125.213018,0.370453,0.548694,10.967456,25.337278,238.349112,3.142516,0.118807,4.549744,53.857988,0.159343,0.528125,10.996044,0.362971,4.268694,0.043942,7.240000,0.289600,1.120000,12.680000,5733.920000,51346.920000,672.834522,0.144522,7.320000,0.292800,0.528942,6.790484,0.091771,3.863465,0.039063,5078.560000,3.413402,0.016407,2.687833,0.011017,0.150947,0.713734,0.713734,33.908710,638.000000,24.201795,99.254834,0.155572,638.000000,1.228776,0.813818,0.364014,47.080247,0.713734,24.201795,33.908710,25.000000,34.000000,42.201896,42.201896,638.000000,24.201795,1.228776,0.813818,99.254834,0.155572,638.000000
"4fc5faf0-25f6-4a46-a81b-448fe0433673","Detection","nuclei_stroma",394.407135,119.955002,50.000000,99.000000,2580483.000000,1.694477,24.000000,3.100784,128.000000,72.083871,14.983032,69.000000,41.000000,87.000000,10.543671,74.494468,0.715675,18.797376,2580483.000000,0.364014,353.341353,5.971946,13.304156,1.142823,2.110085,0.270018,0.773104,0.268849,0.844973,0.197738,0.865771,0.865693,0.989624,0.955220,-0.391040,0.000000,0.267826,2.347750,0.238089,2.644926,0.424313,4.695500,2.370935,0.595026,4.245941,72.419355,0.155741,1.000000,4.064720,169.266667,0.641646,6.443011,44.832258,240.503226,12.947618,0.260312,0.043719,0.429712,0.008394,81.153257,0.310932,0.785778,8.061303,21.931034,120.750958,5.973208,0.218019,4.565899,45.996169,0.176231,0.561290,9.234509,0.384392,3.971960,0.059863,3.181818,0.289256,1.289256,12.000000,6958.272727,37354.181818,1613.826086,0.182778,2.090909,0.190083,0.351121,6.139896,0.025632,2.845351,0.023656,5171.289256,3.300412,0.027136,2.492205,0.016077,0.256757,0.434028,0.434028,39.576172,463.000000,17.177163,102.911688,0.222271,463.000000,1.820281,0.549366,0.250212,22.244377,0.434028,17.177163,39.576172,21.000000,38.000000,43.416587,43.416587,463.000000,17.177163,1.820281,0.549366,102.911688,0.222271,463.000000
"63679056-0410-4463-ad71-f1ed950bb87c","Detection","nuclei_tumor",542.326050,115.700607,87.000000,121.000000,1498887.000000,1.171391,17.000000,2.278031,132.000000,103.890511,9.939901,104.000000,80.000000,52.000000,7.675592,104.598188,0.025320,12.146718,1498887.000000,0.488092,147.542757,3.064315,2.199290,-0.059196,0.969530,0.246888,0.594074,0.246888,0.806308,0.185934,0.876556,0.876556,0.975311,0.938278,-0.254162,0.000000,0.246888,1.698133,0.316315,2.051626,0.481328,3.396266,1.804738,0.304104,3.690028,23.160584,0.169055,1.000000,3.114817,66.868613,0.302946,3.145985,42.795620,133.715328,20.795620,0.512165,0.041383,0.177897,0.017717,35.048780,0.427424,0.396936,3.353659,17.536585,56.829268,8.038618,0.519986,3.804362,14.682927,0.179060,0.598540,6.371208,0.333385,1.458504,0.136417,1.800000,0.360000,0.800000,4.800000,1674.200000,5750.200000,660.977778,0.494444,1.000000,0.200000,0.210161,1.874250,0.025250,2.321928,0.036496,923.440000,3.248591,0.072213,0.754027,0.023399,0.201881,0.714326,0.714326,15.723709,137.500000,11.231848,45.213203,0.328823,137.500000,1.183091,0.845244,0.255170,23.134597,0.714326,11.231848,15.723709,12.000000,15.000000,19.209373,19.209373,137.500000,11.231848,1.183091,0.845244,45.213203,0.328823,137.500000
"b22d034f-bb7a-467c-abe9-2f99b4f5c66a","Detection","nuclei_lymphocyte",50.916561,120.277710,51.000000,97.000000,1978129.000000,1.517536,24.000000,3.868650,132.000000,68.787179,14.580184,63.000000,39.000000,93.000000,9.920544,71.218857,1.135563,18.451276,1978129.000000,0.451847,340.449579,5.296271,11.007884,1.823202,1.605720,0.268646,0.713347,0.256215,0.853261,0.203000,0.873964,0.873135,0.989766,0.957593,-0.347694,0.000000,0.245338,2.227555,0.354947,2.317160,0.573895,4.455110,2.038245,0.468592,3.638906,68.558974,0.175792,1.000000,5.065720,176.220513,0.566864,5.892308,48.220513,217.394872,13.370086,0.262643,0.056405,0.729370,0.008575,57.325359,0.274284,0.987294,8.875598,29.454545,135.799043,7.652980,0.220165,4.184137,44.186603,0.211419,0.535897,15.526293,0.438730,5.621313,0.053063,6.058824,0.356401,1.501730,15.235294,3981.411765,18015.764706,956.858676,0.181389,4.411765,0.259516,0.498054,10.077597,0.026388,3.028639,0.043590,3455.114187,2.337487,0.035896,2.194647,0.013019,0.340090,0.777105,0.777105,25.416252,389.500000,19.751102,76.526912,0.196475,389.500000,1.196495,0.835774,0.328255,38.284654,0.777105,19.751102,25.416252,19.000000,25.000000,31.400637,31.400637,389.500000,19.751102,1.196495,0.835774,76.526912,0.196475,389.500000
"0aa05f71-58ad-4f6e-8fe2-082b9a3fecd3","Detection","nuclei_histiocyte",7.775531,123.308449,61.000000,98.000000,2090604.000000,1.411195,19.000000,2.808853,119.000000,79.341615,11.074688,79.000000,44.000000,75.000000,7.726864,80.576417,-0.011822,14.052301,2090604.000000,0.438467,197.467150,7.604928,5.662389,-0.286075,1.378086,0.294817,0.647538,0.293118,0.880017,0.208899,0.853724,0.853611,0.982688,0.941433,-0.272494,0.000000,0.291631,2.708156,0.260549,2.444232,0.435854,5.416313,2.143088,0.418226,4.182462,47.254658,0.146754,1.000000,3.845531,141.186335,0.415995,7.850932,41.962733,326.913043,6.711396,0.170204,0.054754,0.479154,0.009228,75.505051,0.381339,0.529359,7.994949,18.686869,148.303030,2.871984,0.181748,4.266055,37.333333,0.188552,0.614907,8.107948,0.375368,3.201607,0.068779,5.235294,0.307958,0.927336,9.235294,2171.764706,17910.588235,291.192810,0.195261,2.647059,0.155709,0.350662,3.470365,0.051661,3.852169,0.052795,1812.996540,3.086632,0.030046,1.643907,0.018765,0.157649,0.575742,0.575742,27.479667,321.500000,15.821204,76.526912,0.238031,321.500000,1.449564,0.689862,0.270947,26.083854,0.575742,15.821204,27.479667,18.000000,27.000000,32.449961,32.449961,321.500000,15.821204,1.449564,0.689862,76.526912,0.238031,321.500000
"315f8b80-1505-4a35-965f-b1fe6844f6ae","Detection","nuclei_histiocyte",31.442656,121.007378,81.000000,129.000000,2720433.000000,1.623402,23.000000,3.008837,153.000000,102.513944,14.593356,99.000000,70.000000,83.000000,10.322617,104.107533,0.703197,18.145791,2720433.000000,0.379343,329.269726,6.987912,12.289415,1.809154,1.988113,0.237363,0.786686,0.237363,0.790627,0.181022,0.881319,0.881319,0.990871,0.960440,-0.412491,0.000000,0.237363,2.559341,0.258187,2.501473,0.408791,5.118681,2.264110,0.556369,4.198195,40.713147,0.162204,1.000000,4.273012,95.215139,0.606213,7.374502,46.912351,309.541833,9.276745,0.196493,0.044080,0.464794,0.007233,40.552239,0.302629,0.878425,8.962687,24.955224,155.492537,5.077819,0.186532,4.614502,22.134328,0.165182,0.533865,10.920695,0.359043,4.016255,0.054987,2.111111,0.234568,1.654321,11.333333,2325.666667,13982.777778,467.270525,0.219537,1.222222,0.135802,0.242569,4.119089,0.020800,3.169925,0.035857,1547.876543,1.541899,0.053548,2.234600,0.013887,0.480859,0.552284,0.552284,24.314669,248.500000,13.428601,64.870058,0.261047,248.500000,1.347573,0.742075,0.268340,25.584227,0.552284,13.428601,24.314669,16.000000,22.000000,27.202941,27.202941,248.500000,13.428601,1.347573,0.742075,64.870058,0.261047,248.500000
"278f5047-33fb-4785-a8d6-b08a16825733","Detection","nuclei_tumor",776.935425,134.769028,64.000000,112.000000,8314298.000000,1.672266,21.000000,3.374496,153.000000,88.254403,14.346158,88.000000,45.000000,108.000000,9.528886,90.196014,0.260958,18.614007,8314298.000000,0.388276,346.481267,9.610456,12.903468,0.289061,1.971487,0.283957,0.748203,0.257817,0.876534,0.217488,0.875384,0.873706,0.992436,0.963633,-0.387069,0.000000,0.235549,3.031266,0.267867,2.613045,0.470015,6.062532,2.297944,0.563861,4.175991,180.052838,0.176177,1.000000,4.557378,396.818004,0.612570,10.076321,50.324853,456.872798,6.858142,0.135435,0.048346,0.756927,0.005028,139.096386,0.279310,0.999488,12.447791,34.048193,310.606426,4.437512,0.129349,4.896483,81.365462,0.163384,0.487280,17.201948,0.383158,6.214591,0.039135,10.950000,0.273750,1.609375,18.625000,8754.300000,77912.500000,1040.496826,0.120167,7.350000,0.183750,0.399976,9.097645,0.024841,4.171528,0.039139,8101.497500,3.491168,0.013186,3.553711,0.009942,0.178882,0.564004,0.564004,48.163596,1022.500000,27.164482,127.154329,0.124356,1022.500000,1.258314,0.794714,0.402339,57.515587,0.564004,27.164482,48.163596,27.000000,48.000000,55.072679,55.072679,1022.500000,27.164482,1.258314,0.794714,127.154329,0.124356,1022.500000
"b6beff2a-1e17-4040-b4c9-ab43badfdaf9","Detection","nuclei_lymphocyte",357.539093,121.623405,37.000000,88.000000,1087586.000000,1.651849,20.000000,7.022405,153.000000,55.900000,15.764667,49.000000,32.000000,121.000000,8.869390,60.210353,1.979938,22.371336,1087586.000000,0.388089,500.476667,3.285326,47.013535,7.786501,2.733143,0.361413,0.766420,0.312500,0.987389,0.263757,0.851676,0.848641,0.990448,0.956220,-0.343812,0.000000,0.271840,1.640851,0.277014,2.535415,0.457428,3.281703,2.185081,0.773639,3.903568,45.500000,0.151667,1.000000,5.545556,116.426667,0.948889,3.953333,44.400000,93.406667,34.095940,0.608549,0.065359,0.740387,0.017468,48.571429,0.247813,1.513640,7.561224,18.969388,38.051020,15.420303,0.358866,4.126195,51.224490,0.261349,0.653333,9.598292,0.521031,6.091788,0.087920,3.533333,0.235556,1.555556,15.000000,2298.400000,4667.733333,1742.287019,0.146889,3.133333,0.208889,0.435977,8.528403,0.026913,3.589898,0.050000,1898.400000,2.585045,0.042109,4.736308,0.016432,1.075906,0.986643,0.986643,19.756328,300.500000,19.492448,66.183766,0.220245,300.500000,1.159975,0.862088,0.314878,35.227911,0.986643,19.492448,19.756328,20.000000,21.000000,29.000000,29.000000,300.500000,19.492448,1.159975,0.862088,66.183766,0.220245,300.500000
"8a21ca69-8555-481d-9200-390a544b7d12","Detection","nuclei_histiocyte",317.220551,132.941513,47.000000,101.000000,1969274.000000,1.785325,25.000000,3.779716,141.000000,66.812968,16.838826,59.000000,38.000000,103.000000,11.589844,70.077869,1.204353,21.140839,1969274.000000,0.360949,446.935094,5.083108,28.031918,4.360735,2.638159,0.402703,0.735139,0.372973,1.030332,0.263594,0.818468,0.816486,0.984748,0.938546,-0.292897,0.000000,0.346959,2.127027,0.215804,2.915516,0.417568,4.254054,2.480517,0.760215,4.363014,54.047382,0.134782,1.000000,4.332933,144.740648,0.847433,5.718204,37.259352,164.825436,13.785143,0.350826,0.060220,0.603333,0.014667,73.142349,0.260293,1.167766,7.320285,14.170819,66.661922,4.847958,0.320214,4.440090,64.750890,0.230430,0.700748,6.024974,0.461841,4.357272,0.112529,4.700000,0.235000,1.860000,12.100000,2566.350000,10598.750000,719.125444,0.269458,2.900000,0.145000,0.288281,5.111256,0.027008,3.984184,0.049875,2164.347500,3.902530,0.028574,3.097570,0.025905,0.283593,0.519258,0.519258,31.864464,399.000000,16.545881,86.284271,0.216251,399.000000,1.484843,0.673472,0.280867,28.028720,0.519258,16.545881,31.864464,17.000000,30.000000,34.481879,34.481879,399.000000,16.545881,1.484843,0.673472,86.284271,0.216251,399.000000
"fa59636e-725c-4495-8f26-e3647b1e7e66","Detection","nuclei_stroma",410.364960,131.378891,42.000000,87.000000,1356474.000000,1.624678,17.000000,5.268551,129.000000,58.854749,13.333729,54.000000,36.000000,93.000000,8.423991,61.555126,1.566397,18.031974,1356474.000000,0.373475,325.152086,3.388342,11.903226,1.966645,1.778989,0.388342,0.641640,0.332324,1.022281,0.277903,0.842985,0.839440,0.985535,0.945933,-0.265709,0.000000,0.285095,1.743755,0.239464,2.591960,0.352006,3.487509,2.178920,0.541833,4.063476,51.882682,0.144924,1.000000,5.698574,133.703911,0.664594,4.053073,43.256983,118.656425,25.914174,0.502124,0.071743,0.727395,0.017236,65.779221,0.284759,0.958153,6.402597,19.359307,53.194805,12.157138,0.344037,4.102089,64.125541,0.277600,0.645251,9.751991,0.541520,4.803982,0.108081,6.619048,0.315193,1.092971,12.523810,2080.952381,6316.238095,1044.882778,0.174775,5.000000,0.238095,0.475164,7.984600,0.031185,3.368042,0.058659,1790.331066,3.540334,0.034536,3.044532,0.018379,0.404882,0.557839,0.557839,28.809185,358.500000,16.070885,77.012193,0.214818,358.500000,1.316497,0.759591,0.299278,31.823813,0.557839,16.070885,28.809185,20.000000,27.000000,33.600595,33.600595,358.500000,16.070885,1.316497,0.759591,77.012193,0.214818,358.500000
"11f641f6-19d0-4685-b4fa-387329fee719","Detection","nuclei_tumor",630.135254,130.303741,48.000000,102.000000,2287196.000000,1.825395,35.000000,1.971561,119.000000,72.570720,17.578078,69.000000,42.000000,77.000000,14.137548,75.335412,0.401746,20.221646,2287196.000000,0.312267,408.914974,6.025300,16.648337,1.053147,2.619761,0.275632,0.809606,0.272969,0.855938,0.201120,0.863959,0.863782,0.983833,0.945495,-0.429398,0.000000,0.270639,2.332224,0.204791,2.779703,0.380160,4.664447,2.496757,0.723848,4.224615,63.987593,0.158778,1.000000,3.892641,125.843672,0.794365,6.647643,45.228288,237.615385,15.179746,0.288996,0.040945,0.390703,0.008260,66.460870,0.288960,0.888639,8.900000,19.834783,101.808696,6.529106,0.218237,4.349973,37.391304,0.162571,0.570720,7.554329,0.341095,4.054613,0.047866,5.833333,0.486111,1.055556,12.166667,3999.250000,21376.416667,1032.542245,0.175926,1.333333,0.111111,0.192231,2.075227,0.027665,3.418296,0.029777,2871.409722,5.382030,0.036741,1.224822,0.031876,0.169096,0.905743,0.905743,23.907887,405.500000,21.654406,76.183766,0.187876,405.500000,1.139001,0.877962,0.344051,42.057822,0.905743,21.654406,23.907887,24.000000,22.000000,32.557641,32.557641,405.500000,21.654406,1.139001,0.877962,76.183766,0.187876,405.500000
"69b9b02e-edfd-4ebc-a46f-ac1c8e1529d2","Detection","nuclei_endothelium",148.571899,133.371887,47.000000,87.000000,1962332.000000,1.497638,21.000000,4.296712,127.000000,63.010846,13.392785,57.000000,36.000000,91.000000,9.329915,65.243279,1.151888,16.920956,1962332.000000,0.437769,286.318754,4.375874,8.397010,0.941380,1.509499,0.258741,0.707346,0.251748,0.835007,0.195364,0.875291,0.874825,0.990104,0.958208,-0.340073,0.000000,0.245629,2.015734,0.308455,2.364237,0.519814,4.031469,2.096963,0.442060,3.974069,74.856833,0.162379,1.000000,4.071485,201.811280,0.497814,4.798265,47.585683,196.108460,16.977807,0.350518,0.041506,0.325120,0.012049,71.388186,0.301216,0.838256,6.282700,29.282700,122.016878,9.829276,0.327664,4.580767,38.341772,0.161780,0.514100,14.148302,0.352729,3.191916,0.085238,4.066667,0.271111,1.706667,8.466667,5831.933333,24478.000000,1555.588315,0.402204,1.666667,0.111111,0.250711,3.248392,0.040612,3.773557,0.032538,4887.395556,3.347298,0.026404,2.714624,0.011965,0.302872,0.587857,0.587857,31.928897,462.500000,18.769619,87.840620,0.189926,462.500000,1.327606,0.753236,0.316952,35.693543,0.587857,18.769619,31.928897,26.000000,27.000000,37.483330,37.483330,462.500000,18.769619,1.327606,0.753236,87.840620,0.189926,462.500000
"3258af64-9105-4ee2-852b-2465a49db5ca","Detection","nuclei_tumor",498.215668,138.462051,78.000000,113.000000,8454379.000000,1.347081,20.000000,2.729088,128.000000,96.429854,11.324579,99.000000,58.000000,70.000000,8.472867,97.409655,-0.520391,13.781295,8454379.000000,0.427733,189.924092,5.974080,5.153533,-0.901649,1.412203,0.220619,0.729770,0.220619,0.761295,0.171946,0.889691,0.889691,0.987022,0.955876,-0.373608,0.000000,0.220619,2.382474,0.277352,2.209070,0.369072,4.764948,1.988451,0.408205,3.916422,162.349046,0.182210,1.000000,3.127640,381.109989,0.402849,6.139169,51.282828,315.995511,12.425747,0.243445,0.033939,0.219514,0.008449,162.974227,0.420037,0.420309,6.177835,34.639175,220.360825,7.854381,0.242930,4.636457,47.185567,0.121612,0.435466,13.545515,0.224241,1.527094,0.049618,5.000000,0.294118,0.830450,6.647059,15866.764706,98985.764706,3085.750408,0.311275,3.470588,0.204152,0.435159,3.043179,0.122645,3.690117,0.019080,13119.771626,7.542076,0.013298,1.317521,0.013697,0.073233,0.725704,0.725704,39.680205,889.500000,28.796098,116.325902,0.130777,889.500000,1.210590,0.826044,0.399997,56.847974,0.725704,28.796098,39.680205,31.000000,38.000000,49.040799,49.040799,889.500000,28.796098,1.210590,0.826044,116.325902,0.130777,889.500000
"7368fc7d-e107-44cf-a769-b34cadd59703","Detection","nuclei_stroma",375.583344,131.446838,56.000000,92.000000,648605.000000,1.147824,21.000000,2.127316,102.000000,74.289474,10.988458,75.000000,51.000000,51.000000,8.622001,75.428891,0.017321,13.061074,648605.000000,0.475685,170.591644,2.341837,1.383978,0.274598,0.858230,0.262755,0.531207,0.262755,0.830875,0.193715,0.868622,0.868622,0.973724,0.934311,-0.203908,0.000000,0.262755,1.480867,0.303061,1.964386,0.415816,2.961735,1.701631,0.280246,3.655338,17.263158,0.151431,1.000000,4.258233,54.228070,0.298861,2.736842,41.105263,89.736842,29.035088,0.595029,0.049922,0.232492,0.018899,34.217391,0.495904,0.315060,3.492754,16.434783,37.623188,11.266506,0.457327,3.684822,12.043478,0.174543,0.605263,5.516068,0.379091,1.766684,0.100630,1.500000,0.375000,0.687500,5.750000,1544.500000,4077.500000,912.638889,0.368056,1.000000,0.250000,0.312663,2.812886,0.034830,2.000000,0.035088,732.250000,3.451179,0.077178,0.875665,0.025223,0.240691,0.508141,0.508141,17.066324,116.000000,8.672106,44.970563,0.387677,116.000000,1.387359,0.720794,0.217015,16.733369,0.508141,8.672106,17.066324,10.000000,16.000000,18.867962,18.867962,116.000000,8.672106,1.387359,0.720794,44.970563,0.387677,116.000000
"5b006583-6834-4efd-a36a-a6f645e72c0e","Detection","nuclei_tumor",958.499390,137.166077,60.000000,102.000000,3795204.000000,1.463485,30.000000,1.846430,116.000000,80.010545,14.419000,78.000000,51.000000,65.000000,11.837522,81.669788,0.232810,16.378859,3795204.000000,0.383113,268.267024,3.099813,6.497119,1.246451,1.745322,0.173974,0.818711,0.172108,0.668743,0.144353,0.914257,0.914132,0.982689,0.957066,-0.492626,0.000000,0.170476,1.645289,0.300031,2.130403,0.436101,3.290578,1.950069,0.479824,3.648948,143.861160,0.252832,1.000000,4.062484,217.991213,0.518821,3.413005,56.567663,154.695958,37.186926,0.568590,0.033775,0.183328,0.012058,80.589041,0.367986,0.520923,5.205479,52.694064,122.739726,38.541350,0.344368,4.471522,29.383562,0.134172,0.384886,25.692041,0.309225,2.163471,0.056906,5.363636,0.487603,0.429752,6.909091,10655.545455,26076.545455,7157.669192,0.229798,1.545455,0.140496,0.305353,2.606112,0.037875,3.027169,0.019332,7979.834711,24.984282,0.030285,0.441902,0.030255,0.076835,0.835530,0.835530,29.502542,568.000000,24.650254,90.426407,0.159201,568.000000,1.145598,0.872906,0.372675,49.347280,0.835530,24.650254,29.502542,25.000000,29.000000,38.288379,38.288379,568.000000,24.650254,1.145598,0.872906,90.426407,0.159201,568.000000
"3d668c5e-e0e8-41eb-80b8-d7a7f09973d8","Detection","nuclei_histiocyte",288.418152,137.252823,41.000000,74.000000,1654542.000000,1.333872,17.000000,3.287429,106.000000,56.112000,10.290336,54.000000,34.000000,72.000000,7.675395,57.524638,0.733989,12.669943,1654542.000000,0.438360,160.527456,3.067769,3.386004,0.259209,1.193985,0.235326,0.670715,0.235326,0.787180,0.179947,0.882337,0.882337,0.986157,0.952935,-0.321630,0.000000,0.235326,1.681697,0.294816,2.147029,0.427962,3.363394,1.911703,0.357328,3.838747,84.436000,0.168872,1.000000,4.056176,219.180000,0.386016,3.372000,49.376000,140.808000,27.812514,0.510403,0.044458,0.265422,0.014553,92.726908,0.372397,0.522024,4.489960,29.060241,78.899598,17.390506,0.408913,4.385821,37.570281,0.150885,0.498000,12.931469,0.332088,2.116076,0.092558,7.941176,0.467128,0.712803,7.411765,5919.058824,19190.705882,2631.116422,0.281454,3.000000,0.176471,0.402363,3.723731,0.051704,3.381580,0.034000,5054.006920,6.570779,0.022701,1.607157,0.014835,0.154874,0.957254,0.957254,26.013652,501.000000,24.901685,86.426407,0.172508,501.000000,1.186439,0.842859,0.351798,43.973239,0.957254,24.901685,26.013652,26.000000,26.000000,36.769553,36.769553,501.000000,24.901685,1.186439,0.842859,86.426407,0.172508,501.000000
"51ae16be-d237-4fa1-83d5-09c0d89f9967","Detection","nuclei_histiocyte",123.141411,138.054550,41.000000,95.000000,1584298.000000,1.806982,34.000000,2.073088,116.000000,66.260606,17.450836,63.000000,36.000000,80.000000,13.855703,69.288549,0.396943,20.259198,1584298.000000,0.306244,410.435115,4.874587,14.091248,1.005219,2.550706,0.303630,0.787250,0.300330,0.894421,0.213432,0.850385,0.850165,0.982198,0.940044,-0.388614,0.000000,0.297442,2.076733,0.179841,2.814723,0.291254,4.153465,2.502527,0.713584,4.345814,48.072727,0.145675,1.000000,4.195225,101.060606,0.777236,5.445455,42.036364,180.233333,19.947559,0.389268,0.053810,0.493670,0.013501,57.656716,0.286849,0.866860,7.154229,18.766169,79.751244,9.190506,0.285102,4.357081,38.492537,0.191505,0.609091,7.984258,0.392213,3.732165,0.082123,4.428571,0.316327,1.352041,9.928571,2206.142857,10260.642857,811.704365,0.290675,2.571429,0.183673,0.408505,5.503884,0.054204,3.235926,0.042424,1650.530612,5.442367,0.039944,1.397118,0.034703,0.193871,0.536904,0.536904,28.093040,330.000000,15.083259,74.284271,0.225104,330.000000,1.330669,0.751502,0.290800,30.046207,0.536904,15.083259,28.093040,16.000000,26.000000,30.528675,30.528675,330.000000,15.083259,1.330669,0.751502,74.284271,0.225104,330.000000
"4db59706-60c3-41de-879a-c799378cb80f","Detection","nuclei_endothelium",224.643570,138.618256,37.000000,76.000000,1007594.000000,1.408675,21.000000,2.586732,105.000000,55.906977,12.261918,56.000000,31.000000,74.000000,9.393819,57.857483,0.402403,14.896252,1007594.000000,0.414333,221.898323,3.275296,4.514897,0.340104,1.404859,0.183227,0.769248,0.181404,0.689419,0.150320,0.909602,0.909480,0.989254,0.963780,-0.451606,0.000000,0.179809,1.723336,0.314127,2.090867,0.443026,3.446673,1.903826,0.397022,3.788924,58.661130,0.194887,1.000000,4.191985,124.714286,0.432733,3.544850,52.820598,156.003322,29.496424,0.502330,0.045741,0.271895,0.016411,47.325926,0.350562,0.578546,5.066667,34.770370,99.555556,19.916152,0.370679,4.442240,18.540741,0.137339,0.448505,14.885377,0.339895,2.502474,0.072271,3.400000,0.340000,0.850000,7.100000,3625.100000,11298.100000,1758.575694,0.311806,3.000000,0.300000,0.507398,3.966491,0.154303,3.121928,0.033223,2719.090000,3.214919,0.050175,1.173638,0.013368,0.318950,0.544234,0.544234,27.261321,303.000000,14.836548,74.426407,0.245632,303.000000,1.454794,0.687382,0.266242,25.185842,0.544234,14.836548,27.261321,20.000000,26.000000,32.802439,32.802439,303.000000,14.836548,1.454794,0.687382,74.426407,0.245632,303.000000
"2fe3d8e9-3eec-47da-892b-6467278416c1","Detection","nuclei_tumor",881.829163,148.340851,55.000000,103.000000,8106953.000000,1.731445,30.000000,2.622502,141.000000,77.747427,16.145460,77.000000,39.000000,102.000000,12.180788,80.117456,0.343779,19.342814,8106953.000000,0.345846,374.144441,7.211146,12.902981,0.716442,2.211284,0.248091,0.798249,0.236120,0.818280,0.192338,0.883935,0.883137,0.990553,0.960932,-0.439111,0.000000,0.225645,2.592363,0.238367,2.621625,0.366976,5.184727,2.350605,0.614844,4.161815,250.250990,0.198140,1.000000,4.238302,436.803642,0.663913,7.640538,51.939034,344.354711,11.350009,0.205317,0.039731,0.493135,0.006074,165.643478,0.288076,0.909054,10.045217,40.093913,253.791304,8.532196,0.174098,4.921706,89.121739,0.154994,0.455265,20.795082,0.354214,4.673312,0.043864,11.000000,0.314286,1.505306,15.514286,14120.142857,92226.057143,2594.277008,0.160635,4.542857,0.129796,0.340853,7.406267,0.023661,4.136286,0.027712,12817.964082,6.599968,0.012553,2.007662,0.014230,0.103156,0.612527,0.612527,51.614563,1264.500000,31.615294,142.124892,0.112396,1264.500000,1.271193,0.786662,0.421055,62.991159,0.612527,31.615294,51.614563,45.000000,41.000000,60.876925,60.876925,1264.500000,31.615294,1.271193,0.786662,142.124892,0.112396,1264.500000
"833efb9b-00f6-4283-b28f-e151a67951dd","Detection","nuclei_endothelium",208.578720,140.370239,51.000000,82.000000,1197979.000000,1.074927,16.000000,3.165199,102.000000,65.305147,9.410710,64.000000,43.000000,59.000000,6.734662,66.365161,0.621147,11.814073,1197979.000000,0.583018,139.572326,4.494416,2.253787,0.279691,0.721373,0.205076,0.557286,0.205076,0.731965,0.163020,0.897462,0.897462,0.987937,0.958985,-0.241787,0.000000,0.205076,2.089340,0.464440,1.774299,0.665990,4.178680,1.569223,0.231612,3.385915,47.308824,0.173929,1.000000,4.058769,158.580882,0.257231,4.819853,49.720588,217.871324,12.844388,0.271880,0.041896,0.270464,0.012869,52.489051,0.383132,0.500293,5.620438,27.430657,120.671533,6.935219,0.299574,4.099497,21.364964,0.155949,0.503676,11.663381,0.338683,2.288734,0.103164,2.750000,0.343750,1.000000,7.250000,5182.250000,21351.125000,1302.466146,0.344618,2.000000,0.250000,0.379489,3.286925,0.147585,3.000000,0.029412,4026.250000,2.367558,0.043223,1.335837,0.008856,0.233460,0.449434,0.449434,27.923811,271.000000,12.549909,70.769553,0.261142,271.000000,1.470665,0.679965,0.256818,23.434279,0.449434,12.549909,27.923811,20.000000,23.000000,30.479501,30.479501,271.000000,12.549909,1.470665,0.679965,70.769553,0.261142,271.000000
"8c3f9b03-9d82-48fa-8db1-8a79438ef84d","Detection","nuclei_lymphocyte",252.616058,138.044281,43.000000,84.000000,1106126.000000,1.566415,21.000000,5.466830,137.000000,61.745318,13.387788,58.000000,33.000000,104.000000,8.433180,64.364540,1.345603,18.174423,1106126.000000,0.416572,330.309669,3.899073,12.911577,1.921205,1.684566,0.389289,0.624574,0.352214,1.021926,0.265235,0.830072,0.827600,0.985322,0.942180,-0.234542,0.000000,0.319773,1.890834,0.251961,2.599249,0.440783,3.781668,2.202553,0.518464,4.120249,34.865169,0.130581,1.000000,4.616869,111.224719,0.613334,4.494382,38.797753,133.692884,17.384923,0.415406,0.064289,0.623944,0.017008,56.268817,0.302521,0.959995,6.107527,14.698925,55.677419,5.963151,0.357752,4.132967,43.537634,0.234073,0.696629,6.456469,0.465884,4.091128,0.105378,3.875000,0.242188,1.808594,10.437500,1640.062500,6309.000000,498.588333,0.320972,1.875000,0.117188,0.296249,5.467430,0.032145,3.750000,0.059925,1361.589844,2.882336,0.036072,3.506966,0.019052,0.443006,0.657013,0.657013,23.166665,263.500000,15.220803,66.526912,0.252474,263.500000,1.336609,0.748162,0.273974,26.669908,0.657013,15.220803,23.166665,20.000000,20.000000,28.284271,28.284271,263.500000,15.220803,1.336609,0.748162,66.526912,0.252474,263.500000
"9dfb8fb5-947f-41ca-ba1b-46737cedc7e6","Detection","nuclei_tumor",438.928589,144.356598,58.000000,102.000000,4749152.000000,1.581568,25.000000,3.051787,141.000000,79.766854,14.177811,79.000000,42.000000,99.000000,10.335489,81.671031,0.449654,17.533007,4749152.000000,0.385723,307.406317,7.437940,9.215250,0.868101,1.717591,0.273435,0.725333,0.264542,0.859351,0.203452,0.869211,0.868618,0.989554,0.956121,-0.347594,0.000000,0.256762,2.660245,0.252489,2.514158,0.361615,5.320489,2.221950,0.497756,4.111876,116.146067,0.163126,1.000000,4.280134,274.634831,0.545504,7.893258,47.966292,331.519663,8.725057,0.175156,0.041606,0.459567,0.006375,114.888000,0.306368,0.821220,9.885333,26.202667,180.709333,4.773246,0.160601,4.678997,62.760000,0.167360,0.526685,11.782926,0.383873,4.881730,0.052608,5.666667,0.314815,1.472222,13.722222,10380.000000,73734.222222,1718.139059,0.189151,2.666667,0.148148,0.288846,4.636614,0.032835,3.836592,0.025281,8815.358025,4.013168,0.017820,2.367769,0.013088,0.153912,0.744420,0.744420,35.135338,716.500000,26.155450,101.840620,0.142136,716.500000,1.151903,0.868128,0.393332,54.969483,0.744420,26.155450,35.135338,33.000000,27.000000,42.638011,42.638011,716.500000,26.155450,1.151903,0.868128,101.840620,0.142136,716.500000
"8c97df06-34a0-48ac-8ea1-4d2e6cc65758","Detection","nuclei_histiocyte",359.327881,148.609070,38.000000,79.000000,1270071.000000,1.497449,25.000000,3.021701,116.000000,56.607629,13.325736,55.000000,34.000000,82.000000,10.488221,58.827578,0.722293,16.008130,1270071.000000,0.387344,256.260214,3.034712,5.710691,0.972264,1.545187,0.246677,0.724670,0.237814,0.815535,0.190121,0.882570,0.881979,0.985646,0.952733,-0.383128,0.000000,0.230059,1.646233,0.281666,2.257747,0.397341,3.292467,2.003927,0.447966,3.669436,68.253406,0.185977,1.000000,5.004744,142.155313,0.519760,3.504087,49.316076,121.727520,32.821223,0.546927,0.049132,0.390064,0.013712,62.467391,0.339497,0.637524,5.554348,30.771739,73.271739,21.597524,0.339976,4.161345,33.413043,0.181593,0.501362,14.858578,0.411577,3.307268,0.071739,5.857143,0.418367,0.637755,10.071429,3602.642857,9439.714286,2182.829365,0.170635,2.428571,0.173469,0.357830,5.220437,0.025873,2.753434,0.038147,2915.454082,5.419562,0.036329,1.402430,0.020306,0.220065,0.561031,0.561031,29.129320,367.500000,16.342464,78.526912,0.213679,367.500000,1.335272,0.748911,0.297958,31.543618,0.561031,16.342464,29.129320,19.000000,27.000000,33.015148,33.015148,367.500000,16.342464,1.335272,0.748911,78.526912,0.213679,367.500000
"d0b77daf-20b3-4abf-90d5-110a013534c6","Detection","nuclei_tumor",672.249207,153.516220,51.000000,80.000000,2904754.000000,1.034470,14.000000,3.261863,100.000000,63.009873,8.979480,61.000000,42.000000,58.000000,6.400072,64.007603,0.806321,11.257402,2904754.000000,0.609904,126.729099,4.415327,2.639008,0.303591,0.729952,0.151028,0.657136,0.151028,0.612407,0.128219,0.924486,0.924486,0.991116,0.969794,-0.348109,0.000000,0.151028,2.066542,0.520876,1.611606,0.710280,4.133084,1.460578,0.220245,3.097740,206.540197,0.291312,1.000000,3.942190,432.421721,0.242440,4.653032,58.794076,254.954866,15.842315,0.280432,0.032700,0.173151,0.011976,88.244813,0.366161,0.543827,5.601660,71.219917,300.738589,18.599931,0.315814,4.726237,31.697095,0.131523,0.339915,36.600609,0.342299,2.184177,0.121090,4.846154,0.372781,1.147929,5.461538,22825.615385,92690.384615,5751.797543,0.528312,2.076923,0.159763,0.358011,1.718467,0.213082,3.238901,0.018336,19851.171598,4.441886,0.022835,0.971635,0.006051,0.124501,0.500528,0.500528,42.708462,709.000000,21.376801,110.083261,0.155266,709.000000,1.360149,0.735214,0.346329,42.616814,0.500528,21.376801,42.708462,25.000000,40.000000,47.169906,47.169906,709.000000,21.376801,1.360149,0.735214,110.083261,0.155266,709.000000
"b991224a-7252-4e9d-85e8-05e246d8cee7","Detection","nuclei_histiocyte",5.069717,146.515244,88.000000,121.000000,1678148.000000,1.207210,18.000000,2.303806,129.000000,103.636364,10.362456,103.000000,76.000000,53.000000,7.661160,104.389008,-0.023530,12.512756,1678148.000000,0.466942,156.569067,2.755064,2.009508,0.116745,1.020102,0.220994,0.643872,0.220994,0.761979,0.172156,0.889503,0.889503,0.977901,0.944751,-0.306559,0.000000,0.220994,1.598527,0.314259,1.994019,0.418048,3.197053,1.773024,0.310274,3.681571,27.571429,0.179035,1.000000,4.107101,71.909091,0.322314,3.000000,46.272727,121.818182,27.711039,0.550505,0.042291,0.201652,0.016480,34.902439,0.425640,0.409875,3.756098,21.317073,56.853659,12.703930,0.460027,3.978074,12.414634,0.151398,0.532468,7.208804,0.337760,1.735627,0.106857,2.200000,0.440000,0.640000,6.400000,2208.800000,6472.800000,1147.022222,0.316667,1.400000,0.280000,0.244523,2.200164,0.027218,1.921928,0.032468,1260.160000,3.799830,0.068925,0.698360,0.023934,0.196090,0.744794,0.744794,16.634576,153.000000,12.389328,50.142136,0.327726,153.000000,1.307689,0.764708,0.243115,21.000361,0.744794,12.389328,16.634576,12.000000,16.000000,20.000000,20.000000,153.000000,12.389328,1.307689,0.764708,50.142136,0.327726,153.000000
"8661b1e2-ae6c-4ef3-ae10-7068e7838b5e","Detection","nuclei_tumor",521.927368,163.988693,61.000000,102.000000,7454410.000000,1.393391,18.000000,3.137039,133.000000,83.577519,11.908284,84.000000,45.000000,88.000000,8.021451,84.989796,-0.030917,15.429315,7454410.000000,0.464831,238.063758,8.364420,5.395213,-0.180209,1.281231,0.232134,0.693222,0.221997,0.789214,0.182851,0.890691,0.890015,0.991152,0.963242,-0.344684,0.000000,0.213127,2.846427,0.337582,2.223880,0.540801,5.692854,1.969263,0.378341,3.858606,208.038760,0.201588,1.000000,4.523121,479.705426,0.406567,8.711240,53.360465,446.193798,7.500389,0.145788,0.043115,0.491196,0.006985,143.413483,0.322277,0.728090,9.728090,42.386517,358.211236,5.768230,0.156147,4.933179,66.874157,0.150279,0.431202,20.873597,0.374331,4.342063,0.059070,11.166667,0.310185,1.611111,12.722222,12542.666667,109915.222222,1492.303017,0.190309,6.111111,0.169753,0.334769,5.169000,0.065889,3.993133,0.034884,11720.888889,4.677553,0.012712,2.175259,0.008777,0.108649,0.647024,0.647024,45.142088,1032.500000,29.208019,124.325902,0.120412,1032.500000,1.191306,0.839415,0.420216,62.740452,0.647024,29.208019,45.142088,29.000000,44.000000,52.697249,52.697249,1032.500000,29.208019,1.191306,0.839415,124.325902,0.120412,1032.500000
"30cb5720-9218-468c-998e-1783564a49fb","Detection","nuclei_tumor",733.494202,160.445908,61.000000,105.000000,5329033.000000,1.512620,23.000000,3.421995,145.000000,84.234397,13.522300,84.000000,50.000000,95.000000,9.602699,85.971909,0.505745,17.196966,5329033.000000,0.406976,295.735627,3.834187,10.635679,1.324276,1.756061,0.189605,0.805100,0.188873,0.702162,0.153932,0.905686,0.905637,0.988860,0.962250,-0.462033,0.000000,0.188232,1.855417,0.297771,2.269848,0.468155,3.710835,2.077996,0.486416,3.886609,162.775312,0.225763,1.000000,3.933180,293.429958,0.515812,4.079057,55.052705,196.328710,26.374412,0.447671,0.033559,0.174118,0.012812,93.795775,0.330267,0.703767,5.362676,46.746479,156.943662,23.379988,0.369278,4.942739,34.584507,0.121776,0.393897,20.965830,0.308877,2.081320,0.091529,5.125000,0.320313,0.839844,6.187500,12102.562500,42946.562500,4849.950087,0.365017,1.875000,0.117188,0.229986,1.205805,0.094073,3.702820,0.022191,10071.933594,7.948163,0.020422,1.181425,0.016355,0.124859,0.731922,0.731922,35.539594,721.000000,26.012218,105.740115,0.146658,721.000000,1.234055,0.810337,0.374111,49.728294,0.731922,26.012218,35.539594,27.000000,36.000000,45.000000,45.000000,721.000000,26.012218,1.234055,0.810337,105.740115,0.146658,721.000000
"ae427cad-9778-4f4e-8fc6-7004be2a6a5a","Detection","nuclei_histiocyte",230.107986,154.348755,47.000000,92.000000,1256240.000000,1.718519,27.000000,3.170718,129.000000,68.610442,15.108595,66.000000,32.000000,97.000000,11.345723,71.029153,0.681769,18.377917,1256240.000000,0.351494,337.747843,5.544653,12.206623,0.770963,2.075639,0.261301,0.776373,0.254686,0.838861,0.196436,0.873760,0.873319,0.990003,0.957710,-0.407394,0.000000,0.248897,2.256340,0.236701,2.616754,0.402426,4.512679,2.352775,0.584235,4.134722,43.168675,0.173368,1.000000,3.870357,87.522088,0.653828,5.967871,45.522088,238.803213,13.658091,0.302335,0.043375,0.453226,0.011209,36.052632,0.271072,1.031828,7.338346,22.345865,115.864662,6.548822,0.302425,4.705029,20.789474,0.156312,0.534137,8.325626,0.304463,3.096730,0.084611,1.750000,0.218750,1.734375,13.125000,2388.625000,11598.500000,650.458785,0.209653,1.250000,0.156250,0.265519,6.494827,0.011075,2.750000,0.032129,1419.859375,1.716253,0.054956,2.474311,0.015796,0.521382,0.873978,0.873978,19.207479,248.500000,16.786916,61.355339,0.246903,248.500000,1.205503,0.829529,0.291725,30.237653,0.873978,16.786916,19.207479,18.000000,20.000000,26.907248,26.907248,248.500000,16.786916,1.205503,0.829529,61.355339,0.246903,248.500000
"c110809d-6ef1-4e6e-aaec-d252151aaef3","Detection","nuclei_tumor",582.715820,166.355881,62.000000,100.000000,8387227.000000,1.387613,18.000000,3.232466,133.000000,80.146245,11.255498,79.000000,49.000000,84.000000,7.898181,81.426157,0.467967,14.380486,8387227.000000,0.427819,206.798375,7.821754,6.562442,0.801421,1.495445,0.183830,0.781061,0.183416,0.689370,0.150188,0.908361,0.908333,0.992933,0.969441,-0.442451,0.000000,0.183054,2.737490,0.303211,2.164270,0.443548,5.474979,1.978474,0.419819,3.838578,281.890119,0.222838,1.000000,3.413464,541.191304,0.417045,7.976285,55.904348,426.325692,8.983377,0.156320,0.030090,0.261686,0.005038,183.634249,0.388233,0.514524,8.818182,48.515856,351.568710,8.222588,0.147457,5.067335,48.057082,0.101601,0.373913,19.905797,0.248286,2.412696,0.036800,5.842105,0.307479,1.146814,9.526316,30542.473684,249621.894737,4170.051623,0.197281,2.263158,0.119114,0.305410,2.712203,0.086198,4.037401,0.015020,26109.717452,5.712443,0.011164,1.939099,0.007502,0.108979,0.652264,0.652264,51.470687,1264.000000,33.572489,154.367532,0.122126,1264.000000,1.500220,0.666569,0.371825,49.122294,0.652264,33.572489,51.470687,40.000000,51.000000,64.815122,64.815122,1264.000000,33.572489,1.500220,0.666569,154.367532,0.122126,1264.000000
"f9c56166-651d-4eb8-ad8e-63ccd6e68d43","Detection","nuclei_tumor",648.017395,165.067383,54.000000,97.000000,5885689.000000,1.604592,21.000000,5.657572,169.000000,79.173228,13.963810,80.000000,44.000000,125.000000,9.538476,81.366901,0.900598,18.766259,5885689.000000,0.406315,352.172467,7.375185,17.191517,0.780984,1.910672,0.282718,0.742209,0.246086,0.866310,0.222160,0.882841,0.880620,0.992524,0.965488,-0.390002,0.000000,0.216125,2.639734,0.285118,2.477586,0.447858,5.279468,2.178159,0.548347,4.060037,165.893138,0.186606,1.000000,4.681541,361.213723,0.624792,7.840270,51.933633,364.861642,10.285496,0.193659,0.051099,0.759830,0.006794,115.309927,0.279201,1.232393,10.276029,36.784504,270.213075,6.648573,0.178067,4.968566,68.641646,0.166203,0.464567,18.250749,0.397148,5.829905,0.053848,8.243243,0.222790,1.834916,18.270270,7484.675676,59220.540541,1089.128611,0.109527,8.081081,0.218408,0.462956,10.765953,0.029072,4.185824,0.041620,6907.377648,3.473697,0.014685,3.591817,0.009871,0.239444,0.639716,0.639716,42.180791,890.500000,26.983730,117.154329,0.131560,890.500000,1.226515,0.815318,0.396206,55.775722,0.639716,26.983730,42.180791,27.000000,43.000000,50.774009,50.774009,890.500000,26.983730,1.226515,0.815318,117.154329,0.131560,890.500000
"1639b888-225c-49a0-b60a-b1e800539823","Detection","nuclei_endothelium",154.706497,155.789825,64.000000,98.000000,1802342.000000,1.347308,17.000000,3.592339,127.000000,80.102564,10.843242,77.000000,57.000000,70.000000,7.961252,81.252602,0.857095,13.622209,1802342.000000,0.430343,185.564572,2.850701,3.671076,0.543207,1.216345,0.236473,0.674463,0.234469,0.793329,0.181497,0.883100,0.882966,0.986125,0.953173,-0.321591,0.000000,0.232715,1.614228,0.292164,2.141217,0.378758,3.228457,1.901681,0.363204,3.735292,46.545788,0.170497,1.000000,3.748259,117.483516,0.401589,3.216117,47.366300,122.505495,29.706985,0.545813,0.046729,0.301476,0.014940,54.166667,0.376157,0.527778,4.527778,24.625000,62.111111,15.956115,0.404032,3.993096,22.236111,0.154417,0.527473,10.248264,0.325160,2.298039,0.074340,4.333333,0.481481,0.617284,8.333333,3536.111111,10095.555556,1925.698302,0.219907,2.555556,0.283951,0.500509,5.282254,0.050220,2.419382,0.032967,2616.000000,3.777881,0.041916,1.611959,0.015320,0.298031,0.738820,0.738820,21.817298,272.000000,16.119060,65.112698,0.239385,272.000000,1.240374,0.806209,0.292076,30.310500,0.738820,16.119060,21.817298,17.000000,22.000000,27.802878,27.802878,272.000000,16.119060,1.240374,0.806209,65.112698,0.239385,272.000000
"1687cf2d-8dab-427e-b4a1-cac43d485b86","Detection","nuclei_lymphocyte",55.577618,159.487366,41.000000,82.000000,1564493.000000,1.584479,20.000000,5.172342,125.000000,58.545238,13.129172,54.000000,37.000000,88.000000,8.812657,61.032642,1.425689,17.246403,1564493.000000,0.383277,297.438430,3.388960,10.531404,1.686559,1.694133,0.352375,0.655633,0.312580,0.977044,0.254668,0.850342,0.847689,0.986764,0.948851,-0.276329,0.000000,0.277760,1.747433,0.245943,2.532796,0.370347,3.494865,2.155983,0.511627,4.151294,59.709524,0.142166,1.000000,5.438685,160.976190,0.615079,3.976190,44.471429,127.580952,25.695466,0.496788,0.064740,0.581405,0.017520,74.748031,0.294284,0.916796,5.952756,20.440945,60.661417,11.870448,0.369628,4.342943,55.220472,0.217403,0.604762,9.504123,0.466992,3.984183,0.106974,8.130435,0.353497,0.888469,11.521739,2802.521739,8488.000000,1403.312729,0.172331,4.652174,0.202268,0.417295,6.156296,0.033700,3.464235,0.054762,2469.062382,4.200180,0.027746,3.134779,0.016752,0.347605,0.868901,0.868901,25.484229,415.500000,22.143275,84.183766,0.202608,415.500000,1.357300,0.736757,0.303496,32.727240,0.868901,22.143275,25.484229,24.000000,25.000000,34.655447,34.655447,415.500000,22.143275,1.357300,0.736757,84.183766,0.202608,415.500000
"5e8c3a9e-c04a-438f-b660-411ba4ebd5b7","Detection","nuclei_histiocyte",305.192322,159.582458,67.000000,100.000000,2382033.000000,1.266346,18.000000,2.689849,118.000000,83.523952,10.039209,83.000000,51.000000,67.000000,7.403828,84.450194,0.184980,12.473362,2382033.000000,0.482215,155.584756,3.521277,2.975004,-0.023348,1.019860,0.291326,0.555630,0.279869,0.887489,0.212999,0.861975,0.861211,0.971396,0.930606,-0.213376,0.000000,0.269845,1.827332,0.310209,2.207493,0.508183,3.654664,1.887973,0.327796,4.013944,47.335329,0.141723,1.000000,4.364122,161.059880,0.342474,3.799401,44.197605,155.949102,18.478626,0.423237,0.046117,0.221274,0.018354,77.127451,0.378076,0.493921,4.357843,18.617647,66.460784,7.452070,0.416531,4.131545,40.254902,0.197328,0.610778,7.895233,0.419163,2.163503,0.155895,5.933333,0.395556,0.862222,5.133333,3223.466667,12144.733333,1018.409259,0.485185,2.600000,0.173333,0.157636,1.053539,0.056354,3.373557,0.044910,2727.662222,8.334078,0.029296,0.753144,0.030392,0.069428,0.454960,0.454960,30.873265,334.500000,14.046110,81.012193,0.242189,334.500000,1.561330,0.640479,0.258819,23.800904,0.454960,14.046110,30.873265,25.000000,23.000000,33.970576,33.970576,334.500000,14.046110,1.561330,0.640479,81.012193,0.242189,334.500000
"d6e76cfe-0443-44c5-b2ca-1955cd869b15","Detection","nuclei_histiocyte",332.280060,161.023941,74.000000,118.000000,2524959.000000,1.525847,24.000000,2.621961,143.000000,93.795699,13.132077,91.000000,69.000000,74.000000,10.261603,95.131657,0.603575,15.887074,2524959.000000,0.415527,252.399121,5.276742,7.726502,0.807982,1.603047,0.241413,0.738229,0.241413,0.797382,0.183133,0.879293,0.879293,0.985799,0.951717,-0.377107,0.000000,0.241413,2.221786,0.293835,2.387592,0.492640,4.443572,2.146179,0.461115,3.885714,46.032258,0.164990,1.000000,3.380918,115.931900,0.502486,5.698925,46.168459,233.741935,12.386400,0.277031,0.036628,0.283487,0.009095,45.081081,0.304602,0.785975,6.702703,22.567568,115.216216,5.755818,0.291761,4.520983,23.027027,0.155588,0.530466,8.352630,0.286922,2.538510,0.076052,2.250000,0.281250,1.437500,9.000000,3973.125000,19541.000000,934.298611,0.332465,1.000000,0.125000,0.168876,1.784294,0.019290,3.000000,0.028674,2756.859375,2.916384,0.045642,1.311745,0.019878,0.217578,0.595398,0.595398,24.515208,278.500000,14.596311,67.355339,0.241850,278.500000,1.296310,0.771420,0.284245,28.706926,0.595398,14.596311,24.515208,18.000000,23.000000,29.206164,29.206164,278.500000,14.596311,1.296310,0.771420,67.355339,0.241850,278.500000
"283343b8-a7a8-49cd-a253-50dde3636706","Detection","nuclei_tumor",473.762360,162.575058,87.000000,107.000000,3478523.000000,0.953170,12.000000,2.412517,116.000000,97.054496,6.363385,97.000000,77.000000,39.000000,4.995678,97.356378,0.007506,7.660883,3478523.000000,0.532107,58.689128,2.026529,0.857808,0.332631,0.749297,0.186441,0.601511,0.186441,0.693966,0.151681,0.906780,0.906780,0.962712,0.937853,-0.283530,0.000000,0.186441,1.373250,0.380451,1.636027,0.533530,2.746500,1.449587,0.233934,3.525388,68.329700,0.186184,1.000000,3.296735,195.283379,0.233946,2.119891,52.525886,104.310627,39.579700,0.720027,0.035066,0.091280,0.021012,77.467532,0.503036,0.248482,2.383117,37.025974,69.129870,29.000000,0.654221,4.226035,18.376623,0.119329,0.419619,14.308990,0.244024,0.636685,0.145859,4.250000,0.531250,0.234375,2.875000,7667.375000,12176.000000,6540.218750,0.531250,2.000000,0.250000,0.390798,1.516310,0.109420,2.155639,0.021798,5562.859375,138.739299,0.030060,0.181293,0.042420,0.030055,0.627340,0.627340,27.407656,367.500000,17.193924,76.526912,0.208236,367.500000,1.268122,0.788567,0.309714,34.081955,0.627340,17.193924,27.407656,18.000000,27.000000,32.449961,32.449961,367.500000,17.193924,1.268122,0.788567,76.526912,0.208236,367.500000
"6b9012dc-c04c-440e-a8e3-ef258042452e","Detection","nuclei_histiocyte",378.241730,165.713684,50.000000,101.000000,2575879.000000,1.664382,26.000000,3.599209,139.000000,70.643606,16.287823,64.000000,39.000000,100.000000,11.519185,73.485819,1.064546,20.239727,2575879.000000,0.403417,409.646568,5.625422,15.597709,2.534153,1.990177,0.345332,0.704277,0.314961,0.967017,0.246132,0.847441,0.845557,0.986979,0.948220,-0.305890,0.000000,0.289714,2.283465,0.289449,2.623050,0.509561,4.566929,2.257929,0.583877,4.023861,71.809224,0.150543,1.000000,5.230103,192.429769,0.699849,6.341719,43.867925,209.218029,12.004012,0.262445,0.063896,0.791056,0.011174,76.498305,0.259316,1.095593,8.935593,21.403390,104.406780,5.565508,0.234355,4.339277,67.447458,0.228635,0.618449,10.945292,0.477419,5.703955,0.083059,6.520000,0.260800,1.526400,14.200000,3323.960000,14375.560000,829.150544,0.188767,5.160000,0.206400,0.433393,8.045041,0.030274,3.749275,0.052411,2959.913600,3.498261,0.026182,2.533312,0.019038,0.238146,0.531227,0.531227,33.959576,478.500000,18.040237,89.012193,0.186023,478.500000,1.317672,0.758914,0.321464,36.717047,0.531227,18.040237,33.959576,21.000000,32.000000,38.275318,38.275318,478.500000,18.040237,1.317672,0.758914,89.012193,0.186023,478.500000
"6a8c6393-29db-41a1-b1b5-16faa96e1b4c","Detection","nuclei_tumor",614.300049,163.170166,51.000000,99.000000,2193337.000000,1.564702,23.000000,3.047258,126.000000,71.240786,14.131459,68.000000,40.000000,86.000000,10.099490,73.410043,0.776357,17.713971,2193337.000000,0.417238,313.784774,5.552840,10.334992,1.632446,1.696689,0.291942,0.706389,0.282695,0.886751,0.212025,0.860194,0.859577,0.988845,0.953104,-0.315932,0.000000,0.274604,2.280713,0.304503,2.466686,0.521136,4.561427,2.159769,0.497158,3.892719,65.088452,0.159922,1.000000,4.921322,169.815725,0.575385,6.162162,45.511057,222.692875,12.122658,0.253255,0.059240,0.662640,0.010006,68.948498,0.295916,0.843559,8.364807,23.098712,111.416309,6.021147,0.224950,4.289960,46.004292,0.197443,0.572482,10.893735,0.436398,4.636256,0.083808,8.000000,0.500000,0.859375,14.000000,4251.437500,20321.375000,1012.629670,0.137483,5.500000,0.343750,0.589194,9.551009,0.038522,2.771782,0.039312,3604.371094,2.816129,0.029738,2.597488,0.014803,0.284636,0.729304,0.729304,26.780034,405.500000,19.530775,78.183766,0.192808,405.500000,1.199589,0.833619,0.330934,38.912070,0.729304,19.530775,26.780034,23.000000,24.000000,33.241540,33.241540,405.500000,19.530775,1.199589,0.833619,78.183766,0.192808,405.500000
"554faa93-b0cd-4ae3-acab-a260969f4136","Detection","nuclei_tumor",947.643494,169.880829,51.000000,105.000000,4122015.000000,1.839440,22.000000,3.335764,140.000000,76.115789,15.361710,73.000000,40.000000,100.000000,10.133117,78.730673,0.706225,20.122261,4122015.000000,0.328636,404.905390,6.707521,20.817164,1.695171,2.560616,0.278949,0.803527,0.272583,0.865550,0.204648,0.864770,0.864345,0.989322,0.954721,-0.424911,0.000000,0.267012,2.477318,0.214631,2.785494,0.369678,4.954636,2.499507,0.709891,4.329027,109.472180,0.164620,1.000000,4.345765,218.542857,0.791972,7.288722,46.879699,273.980451,12.970409,0.242029,0.049003,0.606151,0.007412,96.390313,0.274616,1.010998,9.891738,27.247863,156.774929,7.305511,0.183558,4.712088,61.393162,0.174909,0.527820,12.890025,0.384712,5.198742,0.044553,7.434783,0.323251,1.100189,15.739130,6042.130435,35720.130435,1296.052089,0.120036,4.304348,0.187146,0.402834,7.199971,0.026705,3.795089,0.034586,5206.166352,4.620091,0.020469,2.299506,0.020106,0.177432,0.724764,0.724764,34.415199,668.500000,24.942905,101.012193,0.151103,668.500000,1.214609,0.823311,0.371506,49.038118,0.724764,24.942905,34.415199,25.000000,34.000000,42.201896,42.201896,668.500000,24.942905,1.214609,0.823311,101.012193,0.151103,668.500000
"92b7f9aa-2e11-4fa5-ad95-fe958ee1ad70","Detection","nuclei_endothelium",190.738052,168.700806,38.000000,77.000000,911942.000000,1.519178,22.000000,4.327755,119.000000,55.895911,12.867650,54.000000,32.000000,87.000000,9.496875,58.224728,1.082966,16.302335,911942.000000,0.392656,265.766117,3.036045,7.946645,1.438274,1.574240,0.331617,0.652002,0.300721,0.949196,0.241184,0.854789,0.852729,0.981038,0.940886,-0.295260,0.000000,0.273687,1.650875,0.258346,2.402621,0.372812,3.301751,2.081835,0.476464,3.895269,37.141264,0.138072,1.000000,5.056232,105.624535,0.564254,3.591078,43.000000,103.375465,29.042544,0.543267,0.066149,0.507940,0.018678,59.561798,0.334617,0.713168,5.415730,16.337079,40.202247,11.300094,0.363647,3.926691,41.000000,0.230337,0.661710,7.201742,0.479429,3.632127,0.105397,5.666667,0.377778,0.862222,9.466667,1829.400000,4976.400000,1060.552778,0.225926,3.400000,0.226667,0.464714,5.128190,0.058961,3.240224,0.055762,1507.795556,5.115835,0.038892,1.746172,0.027608,0.242339,0.360071,0.360071,31.064225,268.500000,11.185333,72.669048,0.270648,268.500000,1.565110,0.638933,0.244537,21.246752,0.360071,11.185333,31.064225,22.000000,24.000000,32.557641,32.557641,268.500000,11.185333,1.565110,0.638933,72.669048,0.270648,268.500000
"d64de1f5-d459-40e7-9e97-d4fc31e0111f","Detection","nuclei_histiocyte",6.147226,169.729919,54.000000,96.000000,1794012.000000,1.436705,25.000000,2.692713,124.000000,72.819876,13.602716,70.000000,40.000000,84.000000,10.128468,74.642252,0.547747,16.393033,1794012.000000,0.432449,268.731530,6.126593,6.263855,0.920793,1.486736,0.236194,0.725823,0.234494,0.792419,0.181206,0.883036,0.882923,0.986136,0.953158,-0.360390,0.000000,0.233008,2.411215,0.299108,2.309734,0.474936,4.822430,2.067908,0.430732,4.079181,50.602484,0.157151,1.000000,4.301609,139.248447,0.456512,6.369565,47.894410,279.431677,10.263932,0.218987,0.046381,0.353176,0.012126,55.000000,0.331325,0.687618,7.397590,26.325301,149.325301,5.690763,0.225778,4.619374,26.289157,0.158368,0.515528,11.274641,0.362963,3.151228,0.081681,3.857143,0.275510,1.204082,8.571429,2526.142857,12619.785714,567.305556,0.307540,2.000000,0.142857,0.263776,2.181127,0.105832,3.467720,0.043478,1997.142857,3.023544,0.041503,1.225199,0.016298,0.198470,0.538991,0.538991,28.381534,321.500000,15.297382,76.041631,0.236521,321.500000,1.431238,0.698696,0.273545,26.586432,0.538991,15.297382,28.381534,15.000000,28.000000,31.764760,31.764760,321.500000,15.297382,1.431238,0.698696,76.041631,0.236521,321.500000
"c7e95da7-6549-407d-bada-92afc1ff3fe3","Detection","nuclei_endothelium",208.277725,174.004181,59.000000,84.000000,2872457.000000,1.004729,13.000000,4.207151,115.000000,71.301444,7.784215,71.000000,49.000000,66.000000,5.671537,72.006530,0.837353,10.052090,2872457.000000,0.550991,101.044511,5.457033,1.517185,0.607695,0.721100,0.213154,0.543691,0.212194,0.749655,0.168128,0.894063,0.893999,0.987478,0.957593,-0.221860,0.000000,0.211354,2.308689,0.409662,1.702587,0.594815,4.617379,1.486035,0.233563,3.421205,105.198556,0.189889,1.000000,4.052549,305.249097,0.251900,5.707581,52.046931,263.653430,11.486174,0.205613,0.035785,0.248858,0.007491,114.921260,0.452446,0.349758,7.122047,35.637795,174.165354,8.046861,0.175416,4.202020,38.133858,0.150133,0.458484,16.608965,0.351208,3.079587,0.052559,5.000000,0.454545,0.561983,8.000000,13377.636364,58197.818182,3214.917298,0.212753,1.363636,0.123967,0.243026,1.422436,0.109124,3.277613,0.019856,10841.140496,5.529837,0.018376,1.440678,0.008916,0.103953,0.697762,0.697762,32.128649,557.500000,22.418148,91.497475,0.164121,557.500000,1.194988,0.836829,0.359382,45.889655,0.697762,22.418148,32.128649,28.000000,28.000000,39.597980,39.597980,557.500000,22.418148,1.194988,0.836829,91.497475,0.164121,557.500000
"8a6481ac-a2f7-42fe-83a6-fdf815c79f05","Detection","nuclei_histiocyte",131.338364,176.881622,69.000000,107.000000,5546893.000000,1.507853,23.000000,2.651731,135.000000,88.191919,12.394654,88.000000,51.000000,84.000000,9.267613,89.466053,0.107091,15.045265,5546893.000000,0.398949,226.359992,4.493521,7.547022,0.322419,1.661348,0.246951,0.741182,0.246189,0.808672,0.186342,0.877033,0.876982,0.985487,0.950788,-0.371407,0.000000,0.245522,2.034680,0.255992,2.442874,0.441692,4.069360,2.192636,0.477075,4.123474,116.408369,0.167977,1.000000,3.518441,276.471861,0.482441,4.681097,48.561328,209.616162,18.723405,0.370330,0.036402,0.191931,0.013234,120.806452,0.354271,0.575176,5.284457,27.202346,111.630499,10.719778,0.348302,4.692049,47.205279,0.138432,0.492063,10.682055,0.279757,1.582939,0.096900,6.111111,0.339506,0.950617,5.888889,8890.055556,36194.000000,2585.983025,0.427855,2.000000,0.111111,0.231066,1.420174,0.091216,3.947703,0.025974,7407.805556,7.993264,0.017134,1.445367,0.018586,0.096676,0.745416,0.745416,34.562686,695.500000,25.763576,101.497475,0.145935,695.500000,1.178701,0.848392,0.383742,52.321590,0.745416,25.763576,34.562686,30.000000,31.000000,43.139309,43.139309,695.500000,25.763576,1.178701,0.848392,101.497475,0.145935,695.500000
"1e28031b-740d-4e97-b255-22b78b003f47","Detection","nuclei_lymphocyte",31.261141,174.667557,43.000000,78.000000,1351982.000000,1.485429,19.000000,4.404423,117.000000,58.310992,11.580548,54.000000,30.000000,87.000000,7.712529,60.204789,1.213878,14.981483,1351982.000000,0.408290,224.444839,3.337906,6.514343,0.815946,1.405231,0.316245,0.632588,0.288809,0.927306,0.232835,0.860168,0.858339,0.981882,0.943153,-0.268506,0.000000,0.264801,1.750903,0.265432,2.397074,0.415884,3.501805,2.057802,0.430369,4.011171,56.672922,0.151938,1.000000,4.869107,152.292225,0.499522,3.823056,45.616622,138.455764,24.371761,0.479669,0.052984,0.333953,0.016691,68.607477,0.320596,0.722421,5.383178,21.439252,67.467290,11.130322,0.376201,4.262149,43.280374,0.202245,0.573727,9.287187,0.440973,3.322703,0.106799,6.200000,0.413333,0.728889,8.200000,3541.666667,11611.866667,1557.602778,0.241667,2.066667,0.137778,0.320367,2.612105,0.045296,3.456565,0.040214,2923.315556,5.808733,0.029188,1.697513,0.022668,0.173914,0.877201,0.877201,23.373974,374.000000,20.503675,73.112698,0.195488,374.000000,1.137376,0.879217,0.337526,40.477822,0.877201,20.503675,23.373974,20.000000,23.000000,30.479501,30.479501,374.000000,20.503675,1.137376,0.879217,73.112698,0.195488,374.000000
"55bd3e27-8b77-4057-b03e-fbe33c5f2fd8","Detection","nuclei_tumor",994.535156,185.652466,65.000000,114.000000,8111001.000000,1.726021,23.000000,3.507086,164.000000,91.503233,14.869556,92.000000,50.000000,114.000000,10.138127,93.489587,0.345300,19.169277,8111001.000000,0.345836,367.461196,5.029428,13.673198,0.749425,2.153712,0.282965,0.767745,0.267685,0.876554,0.211310,0.868704,0.867685,0.989238,0.955750,-0.401986,0.000000,0.254315,2.135823,0.222331,2.654548,0.386531,4.271647,2.355615,0.609169,4.233296,151.273707,0.163010,1.000000,4.240186,320.935345,0.670768,5.479526,48.273707,212.078664,19.653965,0.346439,0.044444,0.390086,0.010567,146.952484,0.317392,0.789648,7.384449,29.282937,125.710583,12.538402,0.248423,4.739404,73.008639,0.157686,0.498922,13.213748,0.367476,3.664807,0.056599,8.172414,0.281807,1.198573,11.482759,7973.586207,32854.586207,2509.119013,0.197203,3.551724,0.122473,0.321918,3.890660,0.062449,4.319718,0.031250,6949.586207,7.563982,0.013181,2.603708,0.017332,0.138550,0.558602,0.558602,46.184200,927.500000,25.798582,121.840620,0.131365,927.500000,1.273680,0.785126,0.389091,53.790292,0.558602,25.798582,46.184200,26.000000,44.000000,51.107729,51.107729,927.500000,25.798582,1.273680,0.785126,121.840620,0.131365,927.500000
"910a71bc-b6a8-4b29-842b-2bdcbf121dbb","Detection","nuclei_endothelium",161.218948,179.195541,36.000000,87.000000,1104901.000000,1.661908,27.000000,3.252975,116.000000,56.871711,16.119503,51.000000,32.000000,84.000000,11.555840,60.287169,1.011639,20.003782,1104901.000000,0.356280,400.151305,3.235507,16.559661,3.354608,2.208031,0.383152,0.704265,0.343297,1.015969,0.265299,0.834994,0.832337,0.978165,0.932669,-0.290257,0.000000,0.308424,1.667120,0.242342,2.634462,0.422101,3.334239,2.218311,0.647796,3.876090,44.572368,0.146620,1.000000,5.420317,108.309211,0.763926,3.930921,40.401316,88.990132,30.945541,0.568805,0.074503,0.633132,0.018667,61.274882,0.290402,0.866243,6.303318,18.227488,40.805687,14.022512,0.336690,3.932365,58.658768,0.278004,0.694079,9.924350,0.525419,4.367639,0.100590,6.900000,0.345000,0.847500,10.150000,1458.400000,3346.750000,1026.000000,0.196875,4.500000,0.225000,0.460628,5.469823,0.047847,3.484184,0.065789,1227.360000,8.238361,0.040729,1.581253,0.035496,0.239087,0.507317,0.507317,28.221129,306.000000,14.317059,77.597980,0.253588,306.000000,1.565920,0.638602,0.252564,22.664387,0.507317,14.317059,28.221129,19.000000,26.000000,32.202484,32.202484,306.000000,14.317059,1.565920,0.638602,77.597980,0.253588,306.000000
"675ff55d-2cb0-4168-9249-31dffa12838f","Detection","nuclei_histiocyte",340.586975,182.679810,57.000000,85.000000,2999019.000000,1.112373,14.000000,2.733718,104.000000,70.823630,8.773468,71.000000,45.000000,59.000000,6.294825,71.661053,0.130515,10.923366,2999019.000000,0.507700,119.319921,5.556062,1.785488,0.266070,0.874002,0.208295,0.615087,0.208295,0.738212,0.164908,0.895852,0.895852,0.987747,0.958341,-0.283254,0.000000,0.208295,2.321559,0.361114,1.881547,0.531449,4.643118,1.673252,0.270574,3.597357,105.102740,0.179970,1.000000,3.456265,296.496575,0.277089,5.772260,51.739726,281.803082,11.130755,0.216110,0.032341,0.197435,0.008345,115.488550,0.440796,0.377673,6.400763,35.122137,178.435115,7.882475,0.220605,4.473125,33.778626,0.128926,0.448630,15.248237,0.276689,1.913130,0.067198,4.090909,0.371901,0.793388,7.272727,12764.727273,56522.818182,3048.247475,0.293561,1.363636,0.123967,0.233813,1.076538,0.118870,3.459432,0.018836,9946.082645,5.836220,0.018213,1.384908,0.009593,0.102305,0.559003,0.559003,36.631668,583.500000,20.477195,97.497475,0.167091,583.500000,1.296391,0.771372,0.341960,41.548370,0.559003,20.477195,36.631668,27.000000,32.000000,41.868843,41.868843,583.500000,20.477195,1.296391,0.771372,97.497475,0.167091,583.500000
"556db4fb-018b-4fe1-9972-a97a402c6666","Detection","nuclei_histiocyte",226.402115,184.061981,51.000000,92.000000,1167156.000000,1.580897,22.000000,2.555284,114.000000,71.376147,13.229358,72.000000,39.000000,75.000000,9.776085,73.170531,0.255631,16.105039,1167156.000000,0.382081,259.372275,5.900128,8.269376,0.264881,1.741170,0.294494,0.710665,0.291933,0.881428,0.209269,0.854460,0.854289,0.982722,0.941699,-0.324980,0.000000,0.289693,2.353393,0.232944,2.600923,0.393086,4.706786,2.298754,0.508916,4.127850,32.871560,0.150787,1.000000,3.552815,83.293578,0.528323,6.394495,40.550459,224.082569,10.719451,0.247229,0.051368,0.418196,0.013055,47.985714,0.342755,0.660153,7.607143,14.914286,82.728571,3.773710,0.225694,4.156994,26.471429,0.189082,0.642202,5.215510,0.365294,3.529655,0.063620,2.777778,0.308642,1.111111,8.222222,1745.777778,9673.111111,385.553241,0.313272,1.666667,0.185185,0.347528,3.018912,0.132284,3.169925,0.041284,1159.061728,2.692807,0.047288,1.582297,0.025000,0.230635,0.544045,0.544045,23.090508,220.500000,12.562281,62.870058,0.285125,220.500000,1.426492,0.701021,0.249556,22.127787,0.544045,12.562281,23.090508,14.000000,22.000000,26.076810,26.076810,220.500000,12.562281,1.426492,0.701021,62.870058,0.285125,220.500000
"a770ee35-ee65-4b07-99ea-59d080c319e9","Detection","nuclei_histiocyte",315.001038,187.046310,48.000000,109.000000,2726962.000000,1.827738,28.000000,4.077427,158.000000,71.573222,18.653245,64.000000,37.000000,121.000000,12.321893,75.531063,1.253813,24.129139,2726962.000000,0.372507,582.215350,6.042017,41.155080,6.202992,3.143524,0.305882,0.822646,0.290196,0.910342,0.221669,0.857516,0.856471,0.991797,0.958824,-0.415892,0.000000,0.276471,2.309244,0.266367,2.778876,0.487395,4.618487,2.459437,0.862352,4.234932,72.389121,0.151442,1.000000,4.740813,178.058577,0.994083,6.682008,45.188285,218.200837,14.231448,0.291049,0.054523,0.681421,0.010600,62.035714,0.221556,1.572844,10.003571,22.571429,111.200000,6.585167,0.246362,4.700447,55.785714,0.199235,0.585774,10.914082,0.433856,6.220663,0.073421,3.941176,0.231834,1.792388,16.411765,4879.882353,21522.235294,1312.224526,0.136454,3.588235,0.211073,0.447974,7.960483,0.035607,3.499228,0.035565,4089.280277,2.430469,0.030183,3.880636,0.016820,0.509808,0.826354,0.826354,27.515615,475.000000,22.737636,87.597980,0.184417,475.000000,1.285537,0.777885,0.326872,37.962720,0.826354,22.737636,27.515615,25.000000,26.000000,36.069378,36.069378,475.000000,22.737636,1.285537,0.777885,87.597980,0.184417,475.000000
"4dd3d17a-17d9-478f-9786-6e458f23fcd9","Detection","nuclei_tumor",707.120605,193.921722,55.000000,106.000000,5770337.000000,1.820451,24.000000,3.117391,146.000000,82.107673,15.569858,82.000000,39.000000,107.000000,10.536611,84.507433,0.243889,19.995904,5770337.000000,0.344871,399.836179,8.124552,19.761740,-0.121542,2.488658,0.278122,0.798956,0.274209,0.861421,0.202931,0.863547,0.863287,0.989334,0.954392,-0.417307,0.000000,0.270786,2.751712,0.226283,2.780336,0.406912,5.503424,2.495646,0.691695,4.300304,127.222772,0.157454,1.000000,4.081070,278.655941,0.762566,8.683168,46.653465,352.512376,9.622400,0.194340,0.044090,0.600258,0.006013,113.004673,0.264030,1.072364,10.584112,25.733645,211.696262,4.700890,0.175159,4.779019,69.719626,0.162896,0.529703,11.477727,0.375644,5.519453,0.044101,7.521739,0.327032,1.504726,16.478261,8996.869565,73384.521739,1277.117766,0.154614,2.913043,0.126654,0.306322,6.562236,0.015178,3.827910,0.028465,7762.722117,4.831728,0.016030,2.346927,0.020078,0.131478,0.592289,0.592289,41.811117,807.000000,24.764259,112.911688,0.139915,807.000000,1.257171,0.795437,0.379481,51.166150,0.592289,24.764259,41.811117,26.000000,41.000000,48.548944,48.548944,807.000000,24.764259,1.257171,0.795437,112.911688,0.139915,807.000000
"28cdaf7f-e54f-44de-b3c6-c621e709f223","Detection","nuclei_tumor",438.211578,209.345032,66.000000,107.000000,8835383.000000,1.439330,20.000000,2.576816,130.000000,87.878378,12.415607,88.000000,55.000000,75.000000,8.869752,89.217736,-0.054253,15.401140,8835383.000000,0.421402,237.195118,4.401038,6.536642,0.112645,1.584151,0.144610,0.832701,0.144610,0.596185,0.123698,0.927695,0.927695,0.991494,0.971078,-0.531336,0.000000,0.144610,2.010262,0.324317,2.101541,0.510498,4.020524,1.956932,0.432190,3.643227,314.309910,0.283162,1.000000,3.135375,467.756757,0.436786,4.567568,59.886486,259.221622,22.810210,0.366554,0.027132,0.148356,0.009110,130.260116,0.376474,0.520306,5.332370,83.664740,343.988439,31.875000,0.325345,5.253728,32.768786,0.094707,0.311712,42.497310,0.247694,1.570015,0.071344,5.571429,0.397959,0.821429,7.071429,34550.285714,145057.714286,10456.771825,0.317956,2.000000,0.142857,0.301677,2.151681,0.097361,3.467720,0.012613,28264.061224,7.963458,0.016246,0.928425,0.010620,0.094136,0.552623,0.552623,50.930131,1111.500000,28.145177,137.154329,0.123396,1111.500000,1.346789,0.742507,0.390409,54.155522,0.552623,28.145177,50.930131,29.000000,50.000000,57.801384,57.801384,1111.500000,28.145177,1.346789,0.742507,137.154329,0.123396,1111.500000
"623af17f-0998-4dd2-8289-7c48f780bf5f","Detection","nuclei_tumor",857.875854,208.197479,60.000000,93.000000,5554251.000000,1.161115,17.000000,2.584241,111.000000,76.090812,9.749895,75.000000,49.000000,62.000000,7.241062,77.032648,0.188268,12.009046,5554251.000000,0.474612,144.217181,6.533539,1.742178,0.196979,0.960135,0.203480,0.650262,0.203480,0.728834,0.162076,0.898260,0.898260,0.988031,0.959304,-0.313935,0.000000,0.203480,2.518804,0.327863,1.912810,0.405276,5.037609,1.709330,0.290904,3.603710,190.162393,0.203165,1.000000,3.557857,444.237179,0.301209,6.788462,53.459402,342.388889,9.840033,0.177551,0.032969,0.283734,0.005315,169.826873,0.438829,0.387610,7.720930,45.410853,267.886305,8.998313,0.163867,4.625421,47.072351,0.121634,0.413462,22.012259,0.271213,2.463655,0.042206,6.250000,0.390625,0.937500,11.500000,22741.250000,158034.125000,3823.350260,0.165365,3.125000,0.195313,0.337710,4.694593,0.039133,3.202820,0.017094,19319.000000,7.879545,0.011879,1.352789,0.010129,0.065802,0.664612,0.664612,43.193676,941.000000,28.707020,124.225397,0.132014,941.000000,1.305032,0.766264,0.383441,52.239672,0.664612,28.707020,43.193676,31.000000,44.000000,53.823787,53.823787,941.000000,28.707020,1.305032,0.766264,124.225397,0.132014,941.000000
"c69b5330-3621-41e3-b061-40d359581c86","Detection","nuclei_lymphocyte",60.193504,197.848404,40.000000,79.000000,1309854.000000,1.546082,21.000000,5.472171,135.000000,58.354930,12.748677,55.000000,32.000000,103.000000,8.478898,60.743144,1.321271,16.865105,1309854.000000,0.402214,284.431771,3.479848,11.445609,1.747173,1.657405,0.339163,0.660254,0.316350,0.957469,0.239086,0.845627,0.844106,0.987137,0.947818,-0.275798,0.000000,0.296388,1.774905,0.248591,2.507181,0.393916,3.549810,2.159949,0.499142,4.051119,49.985915,0.140805,1.000000,4.757992,142.785915,0.585312,4.000000,42.571831,125.960563,23.472428,0.478218,0.062096,0.521252,0.018856,67.654378,0.311771,0.880545,5.732719,18.617512,56.138249,10.564869,0.373113,4.292287,43.663594,0.201215,0.611268,7.912251,0.436104,3.515771,0.118384,6.500000,0.325000,1.247500,10.550000,2409.750000,7836.900000,1071.773792,0.234556,3.700000,0.185000,0.378481,4.826055,0.079531,3.546439,0.056338,2094.687500,3.628744,0.030344,3.251338,0.016272,0.396450,0.732550,0.732550,24.972178,354.000000,18.293368,71.941125,0.203224,354.000000,1.163433,0.859525,0.327312,38.065121,0.732550,18.293368,24.972178,19.000000,24.000000,30.610456,30.610456,354.000000,18.293368,1.163433,0.859525,71.941125,0.203224,354.000000
"3e8c26dc-8ce3-40bf-a398-e8f7a6a2b956","Detection","nuclei_tumor",807.593567,206.615326,62.000000,119.000000,7666592.000000,1.803009,34.000000,2.165080,148.000000,90.344207,18.405263,91.000000,50.000000,98.000000,14.588705,92.864622,0.174125,21.488655,7666592.000000,0.301658,461.762286,5.094535,16.074489,0.725142,2.887686,0.238996,0.847125,0.237814,0.796353,0.182440,0.881290,0.881211,0.985962,0.952477,-0.472782,0.000000,0.236780,2.105318,0.193351,2.709590,0.252290,4.210635,2.465790,0.781670,4.342689,156.030371,0.175512,1.000000,3.733961,268.174353,0.810496,5.373453,50.093363,240.651294,23.294674,0.414112,0.035180,0.234878,0.011130,121.454106,0.293367,0.841817,6.376812,30.980676,149.289855,14.875772,0.326842,4.917485,54.140097,0.130773,0.465692,12.536349,0.306652,2.360770,0.076791,3.461538,0.266272,1.136095,8.384615,15281.153846,84533.153846,4967.088141,0.275641,1.923077,0.147929,0.325397,3.066699,0.044428,3.546594,0.014623,10604.698225,11.292519,0.017196,1.212251,0.030525,0.087328,0.688620,0.688620,40.644481,889.500000,27.988601,117.154329,0.131708,889.500000,1.227894,0.814403,0.395761,55.650524,0.688620,27.988601,40.644481,29.000000,41.000000,50.219518,50.219518,889.500000,27.988601,1.227894,0.814403,117.154329,0.131708,889.500000
"393d8b0c-2355-4895-9935-200fa476f08d","Detection","nuclei_tumor",915.076233,205.135147,62.000000,93.000000,3938460.000000,1.127162,15.000000,2.491354,105.000000,77.251932,8.837431,77.000000,56.000000,49.000000,6.526987,78.020922,0.171812,10.927182,3938460.000000,0.486518,119.403300,2.729098,1.574455,-0.048254,0.970822,0.153279,0.727286,0.153279,0.617985,0.129784,0.923361,0.923361,0.984672,0.961680,-0.416274,0.000000,0.153279,1.588934,0.367759,1.755474,0.473361,3.177869,1.602195,0.281025,3.378942,177.812983,0.274827,1.000000,3.829058,314.777434,0.287586,2.876352,58.387944,157.228748,33.921604,0.558389,0.034391,0.157324,0.014564,95.609091,0.434587,0.391302,3.550000,65.963636,162.309091,42.129798,0.483712,4.755809,25.045455,0.113843,0.340031,31.367851,0.299901,1.383438,0.123012,6.000000,0.428571,0.530612,6.428571,13223.214286,37633.642857,7124.575397,0.277778,2.571429,0.183673,0.403468,3.471906,0.061160,2.978095,0.021638,11087.454082,11.113053,0.021531,0.544091,0.015423,0.063818,0.616694,0.616694,36.945993,645.000000,22.784363,102.568542,0.159021,645.000000,1.297952,0.770444,0.350319,43.604293,0.616694,22.784363,36.945993,27.000000,36.000000,45.000000,45.000000,645.000000,22.784363,1.297952,0.770444,102.568542,0.159021,645.000000
"ff37fd07-2687-41ef-9e79-ff68456f51de","Detection","nuclei_lymphocyte",133.218674,201.425995,41.000000,88.000000,988384.000000,1.664442,25.000000,3.192215,125.000000,60.184000,15.030272,54.000000,34.000000,91.000000,11.014045,62.877150,0.925127,18.205003,988384.000000,0.352384,331.422144,3.674342,9.568947,1.282266,1.836777,0.359649,0.672514,0.328947,0.982804,0.251443,0.840369,0.838596,0.986449,0.945887,-0.292794,0.000000,0.304672,1.817982,0.217384,2.642995,0.337719,3.635965,2.269472,0.549106,4.110502,33.480000,0.133920,1.000000,4.856000,88.096000,0.649600,4.336000,40.856000,122.752000,23.539521,0.464910,0.073453,0.732541,0.016952,50.571429,0.301020,0.841270,6.285714,15.285714,47.928571,8.847946,0.330089,4.122717,38.285714,0.227891,0.672000,6.428005,0.461459,4.035695,0.098427,4.466667,0.297778,1.226667,11.466667,1365.466667,4470.666667,653.634611,0.214704,4.866667,0.324444,0.574466,8.553416,0.056900,2.999581,0.060000,1087.688889,2.526529,0.044412,3.256589,0.019266,0.514674,0.767316,0.767316,20.430485,250.000000,15.676635,60.627417,0.242510,250.000000,1.170006,0.854696,0.298787,31.719417,0.767316,15.676635,20.430485,16.000000,19.000000,24.839485,24.839485,250.000000,15.676635,1.170006,0.854696,60.627417,0.242510,250.000000
"cf031081-897a-4d49-a3f7-bfbb72de951c","Detection","nuclei_histiocyte",280.256226,204.097397,56.000000,109.000000,1789590.000000,1.465187,28.000000,3.474675,142.000000,75.944637,16.785311,70.000000,53.000000,89.000000,12.492675,78.691505,1.077208,20.609830,1789590.000000,0.426947,424.765101,2.611477,14.021935,3.286286,1.802159,0.254939,0.752137,0.243650,0.830222,0.195574,0.880056,0.879304,0.985203,0.951646,-0.374086,0.000000,0.233772,1.491533,0.350539,2.163852,0.553151,2.983067,1.904888,0.514275,3.061788,64.024221,0.221537,1.000000,5.041630,123.387543,0.622837,3.145329,48.674740,84.854671,41.153811,0.658905,0.042578,0.285366,0.014855,47.013333,0.313422,0.775822,5.853333,32.320000,54.120000,28.239444,0.345463,3.694412,34.733333,0.231556,0.519031,17.471822,0.432399,3.717447,0.071002,2.750000,0.343750,0.859375,9.125000,4405.375000,7739.125000,3645.570312,0.227431,1.000000,0.125000,0.178057,1.839003,0.018147,3.000000,0.027682,3100.359375,5.440755,0.053654,1.255116,0.021941,0.354152,0.960399,0.960399,19.612275,287.500000,18.835606,63.698485,0.221560,287.500000,1.123079,0.890409,0.319058,36.169355,0.960399,18.835606,19.612275,19.000000,19.000000,26.870058,26.870058,287.500000,18.835606,1.123079,0.890409,63.698485,0.221560,287.500000
"74b10889-7695-4d72-ade1-67d56029b8e4","Detection","nuclei_endothelium",154.240921,206.664749,64.000000,95.000000,1624946.000000,1.238590,15.000000,2.486185,110.000000,78.091954,9.182631,77.000000,58.000000,52.000000,6.726893,78.904035,0.382555,11.291300,1624946.000000,0.456849,127.493460,2.673319,2.126736,0.252499,0.995462,0.265756,0.578572,0.265756,0.835309,0.195130,0.867122,0.867122,0.973424,0.933561,-0.235357,0.000000,0.265756,1.578256,0.286398,2.090654,0.373950,3.156513,1.824898,0.315305,3.770770,40.586207,0.155503,1.000000,3.623993,119.237548,0.338780,3.015326,44.026820,111.865900,27.501277,0.555768,0.040069,0.190946,0.015890,62.476510,0.419305,0.421152,3.852349,19.369128,50.523490,11.908650,0.450969,3.997642,25.053691,0.168146,0.570881,7.095626,0.340422,1.851487,0.102270,3.750000,0.468750,0.500000,6.750000,3642.125000,10141.875000,2023.576389,0.256944,1.250000,0.156250,0.188333,1.682119,0.021291,2.750000,0.030651,2577.734375,7.747379,0.035992,0.812897,0.028817,0.102511,0.734492,0.734492,21.432277,261.500000,15.741843,63.355339,0.242277,261.500000,1.221476,0.818682,0.292565,30.412078,0.734492,15.741843,21.432277,19.000000,19.000000,26.870058,26.870058,261.500000,15.741843,1.221476,0.818682,63.355339,0.242277,261.500000
"0685ff7a-1c51-4919-aa39-2840a678fc78","Detection","nuclei_stroma",332.591125,207.993835,52.000000,91.000000,1935511.000000,1.308883,18.000000,3.740600,132.000000,67.312808,12.202055,63.000000,41.000000,91.000000,8.399223,69.045409,1.074314,15.370568,1935511.000000,0.516513,236.254368,5.196667,7.952897,1.611412,1.261678,0.236000,0.684846,0.230667,0.795447,0.182793,0.885556,0.885200,0.990966,0.961683,-0.307013,0.000000,0.226000,2.222667,0.399736,2.105956,0.612667,4.445333,1.855939,0.374420,3.645160,76.014778,0.187229,1.000000,4.661409,209.704433,0.413144,5.559113,49.610837,237.130542,12.375064,0.249278,0.050065,0.493602,0.009618,70.125000,0.337139,0.690435,7.158654,30.932692,141.326923,7.697500,0.241470,4.401908,37.711538,0.181305,0.512315,15.692678,0.387918,3.559610,0.079280,4.142857,0.295918,1.311224,11.642857,5767.142857,24408.642857,1424.364960,0.222103,4.000000,0.285714,0.519137,8.172865,0.051275,2.978095,0.034483,4926.142857,2.250840,0.033703,2.186948,0.008613,0.348339,0.487729,0.487729,32.859083,406.000000,16.026335,85.254834,0.209987,406.000000,1.424630,0.701937,0.290986,30.084819,0.487729,16.026335,32.859083,31.000000,21.000000,37.443290,37.443290,406.000000,16.026335,1.424630,0.701937,85.254834,0.209987,406.000000
"35fefbc8-5169-45e6-8c06-10fb2846aeb1","Detection","nuclei_histiocyte",366.801392,210.723907,70.000000,113.000000,3998487.000000,1.521226,21.000000,2.704345,136.000000,95.251748,12.665884,98.000000,55.000000,81.000000,9.396052,96.542646,-0.473281,15.734897,3998487.000000,0.382051,247.586972,5.624220,7.608876,-0.959209,1.799945,0.232834,0.770920,0.232834,0.782919,0.178622,0.883583,0.883583,0.986304,0.953433,-0.405404,0.000000,0.232834,2.287453,0.239373,2.411787,0.326467,4.574906,2.178953,0.508195,4.080052,77.657343,0.181019,1.000000,3.320825,163.899767,0.515929,5.960373,48.608392,274.053613,14.979377,0.286163,0.032793,0.240276,0.007664,80.962085,0.383707,0.532737,6.582938,24.597156,139.772512,7.438718,0.250823,4.522322,28.753555,0.136273,0.491841,8.061948,0.258295,2.010109,0.053908,1.857143,0.265306,1.061224,8.428571,9434.142857,59824.428571,2054.954365,0.263889,1.285714,0.183673,0.157254,2.426341,0.011084,2.807355,0.016317,5678.204082,3.920223,0.028513,1.329261,0.018830,0.152747,0.925574,0.925574,24.341830,428.000000,22.530162,78.426407,0.183239,428.000000,1.143592,0.874438,0.347677,42.948990,0.925574,22.530162,24.341830,24.000000,24.000000,33.941125,33.941125,428.000000,22.530162,1.143592,0.874438,78.426407,0.183239,428.000000
"4b72151d-3039-42a2-93f9-0f1261e09c89","Detection","nuclei_tumor",625.792358,209.774231,84.000000,122.000000,5038959.000000,1.392398,21.000000,2.548407,141.000000,102.702991,12.177013,102.000000,70.000000,71.000000,8.980388,103.764187,0.210440,14.802093,5038959.000000,0.422648,219.101957,7.106200,4.837659,0.498743,1.377715,0.277842,0.664353,0.276693,0.856051,0.201282,0.861845,0.861768,0.983677,0.944700,-0.290512,0.000000,0.275689,2.613662,0.252558,2.383910,0.347876,5.227325,2.101656,0.413889,4.118200,72.264957,0.154412,1.000000,3.575261,197.799145,0.412868,7.230769,44.393162,313.615385,7.741468,0.179710,0.045007,0.357097,0.010864,101.704545,0.385244,0.508480,7.518939,20.962121,146.083333,3.700389,0.190446,4.393884,42.863636,0.162362,0.564103,8.391873,0.336179,2.713030,0.071885,4.200000,0.280000,1.226667,9.066667,5781.866667,38533.600000,1023.403241,0.291204,2.866667,0.191111,0.387770,3.277439,0.160881,3.640224,0.032051,4808.426667,4.684502,0.022201,1.546150,0.017137,0.114982,0.543973,0.543973,33.411050,469.500000,18.174696,89.355339,0.190320,469.500000,1.353305,0.738932,0.313603,34.943149,0.543973,18.174696,33.411050,31.000000,21.000000,37.443290,37.443290,469.500000,18.174696,1.353305,0.738932,89.355339,0.190320,469.500000
"78ed7d7a-701f-4eeb-ad17-0ae91fdef37b","Detection","nuclei_histiocyte",29.538252,211.817856,70.000000,104.000000,2832346.000000,1.299212,18.000000,2.575827,120.000000,86.572973,10.233163,87.000000,59.000000,61.000000,7.454133,87.492795,0.223425,12.653440,2832346.000000,0.475515,160.109540,3.931437,3.915180,0.000372,1.152376,0.207877,0.694355,0.207877,0.737406,0.164664,0.896061,0.896061,0.979212,0.948031,-0.351281,0.000000,0.207877,1.922319,0.344826,2.083895,0.549964,3.844639,1.876017,0.340063,3.758778,69.810811,0.188678,1.000000,3.496684,175.940541,0.358225,4.218919,50.697297,197.186486,19.264189,0.375450,0.034790,0.178717,0.012873,60.634146,0.369720,0.512344,4.963415,35.231707,137.365854,12.394648,0.361450,4.573884,20.670732,0.126041,0.443243,14.871802,0.266230,1.711897,0.078721,3.888889,0.432099,0.839506,5.777778,6704.222222,26572.111111,1896.262346,0.422840,1.222222,0.135802,0.252055,1.377665,0.126986,3.169925,0.024324,5014.098765,6.677458,0.034545,0.551717,0.023920,0.083064,0.649006,0.649006,27.122433,366.000000,17.602628,75.112698,0.205226,366.000000,1.226693,0.815200,0.317202,35.749869,0.649006,17.602628,27.122433,27.000000,17.000000,31.906112,31.906112,366.000000,17.602628,1.226693,0.815200,75.112698,0.205226,366.000000
"5b373c86-d4af-4f38-ba98-d7807df6094a","Detection","nuclei_histiocyte",223.059204,222.774399,43.000000,78.000000,2178076.000000,1.379236,16.000000,3.986319,110.000000,58.396040,10.551318,56.000000,33.000000,77.000000,7.333714,59.951521,0.930276,13.567880,2178076.000000,0.450446,184.087377,3.524823,4.824160,0.349305,1.201015,0.258422,0.645861,0.255762,0.830222,0.193008,0.872562,0.872385,0.984846,0.948936,-0.285469,0.000000,0.253435,1.813608,0.305821,2.229562,0.495124,3.627216,1.961851,0.364859,3.920512,99.867987,0.164799,1.000000,4.623621,272.970297,0.409176,3.910891,47.541254,161.805281,21.412220,0.432137,0.045818,0.287152,0.014880,109.930818,0.345694,0.610350,4.827044,27.830189,100.213836,11.750349,0.400507,4.407444,57.817610,0.181816,0.524752,13.304023,0.409282,2.638940,0.128700,8.100000,0.405000,1.047500,7.050000,7589.600000,28055.300000,2525.831250,0.379861,2.400000,0.120000,0.274644,2.727158,0.040060,3.621928,0.033003,6671.510000,7.420064,0.018749,1.614332,0.016731,0.110547,0.407102,0.407102,45.506928,608.000000,18.525953,114.911688,0.188999,608.000000,1.728283,0.578609,0.278473,27.552875,0.407102,18.525953,45.506928,23.000000,41.000000,47.010637,47.010637,608.000000,18.525953,1.728283,0.578609,114.911688,0.188999,608.000000
"a94a7e98-65b5-4dea-a59f-768bd0f35f98","Detection","nuclei_tumor",775.805176,221.280655,54.000000,93.000000,3545144.000000,1.414994,23.000000,3.276596,134.000000,72.006126,12.815199,70.000000,45.000000,89.000000,9.605115,73.681821,0.701170,15.624615,3545144.000000,0.435082,244.128600,5.916087,4.821527,0.538128,1.282042,0.257061,0.665960,0.242325,0.833817,0.198340,0.881293,0.880311,0.990230,0.959963,-0.312982,0.000000,0.229431,2.379042,0.308498,2.264009,0.479738,4.758084,1.977639,0.384776,3.763589,126.950995,0.194412,1.000000,4.971490,284.108729,0.429531,6.358346,50.188361,281.488515,11.086319,0.216934,0.043306,0.395760,0.008831,103.317152,0.334360,0.682879,7.967638,36.284790,202.051780,7.917060,0.207536,4.587009,55.556634,0.179795,0.473201,18.421173,0.421747,4.252637,0.073503,6.400000,0.320000,1.260000,11.500000,7920.850000,39502.600000,1776.659292,0.225958,2.600000,0.130000,0.178701,2.368656,0.060962,3.746439,0.030628,6854.827500,3.935519,0.019641,2.298995,0.009462,0.191088,0.406006,0.406006,46.356698,648.500000,18.821090,115.355339,0.177880,648.500000,1.632885,0.612413,0.295310,30.985552,0.406006,18.821090,46.356698,20.000000,45.000000,49.244289,49.244289,648.500000,18.821090,1.632885,0.612413,115.355339,0.177880,648.500000
"3d74ff3c-3586-4094-b6eb-d8faff2ca55c","Detection","nuclei_tumor",657.107849,219.177277,57.000000,97.000000,3021444.000000,1.482818,23.000000,2.922947,127.000000,76.204819,13.215706,75.000000,42.000000,85.000000,9.807847,77.891955,0.475896,16.123962,3021444.000000,0.409034,259.982145,6.511866,5.099332,0.346729,1.379709,0.299892,0.642901,0.279396,0.898822,0.221830,0.863448,0.862352,0.988665,0.953903,-0.284197,0.000000,0.264009,2.498382,0.264781,2.419141,0.388889,4.996764,2.095313,0.419900,4.071816,73.795181,0.148183,1.000000,4.578942,203.698795,0.467492,7.012048,45.971888,284.228916,9.278789,0.196822,0.053498,0.555345,0.010949,92.632509,0.327323,0.712707,8.604240,24.056537,150.353357,4.754688,0.187673,4.436774,53.197880,0.187978,0.568273,11.670117,0.414488,4.556443,0.069708,5.363636,0.243802,1.446281,11.000000,3805.545455,24319.909091,705.337285,0.233434,3.909091,0.177686,0.405779,5.489372,0.112827,3.970573,0.044177,3293.140496,2.951880,0.024464,2.468069,0.011417,0.218932,0.470227,0.470227,37.357289,494.500000,17.566396,95.154329,0.192425,494.500000,1.457072,0.686308,0.300572,32.099577,0.470227,17.566396,37.357289,27.000000,32.000000,41.868843,41.868843,494.500000,17.566396,1.457072,0.686308,95.154329,0.192425,494.500000
"b41b6ced-f7eb-4f43-8063-749a26c6df89","Detection","nuclei_tumor",555.430725,220.599533,55.000000,102.000000,2990187.000000,1.539795,28.000000,3.102752,134.000000,74.747012,15.768424,70.000000,44.000000,90.000000,11.485068,77.178675,0.869412,19.220614,2990187.000000,0.414898,369.432013,6.416399,10.776059,2.241168,1.792582,0.297964,0.714942,0.271168,0.899336,0.224431,0.868882,0.867095,0.988753,0.955443,-0.326993,0.000000,0.247722,2.458199,0.305465,2.446289,0.508574,4.916399,2.109607,0.522636,3.949721,86.756972,0.172823,1.000000,5.552467,208.278884,0.584181,6.944223,48.035857,268.294821,10.451202,0.204174,0.057708,0.613507,0.011259,82.768953,0.298805,0.869424,9.483755,31.602888,161.682310,7.195552,0.179951,4.438748,63.794224,0.230304,0.551793,18.465535,0.484204,5.582287,0.077649,5.250000,0.218750,1.722222,11.750000,3505.416667,16628.916667,809.657813,0.250590,4.416667,0.184028,0.397783,5.221653,0.090654,4.053509,0.047809,3067.909722,3.056827,0.027046,2.312867,0.014123,0.231768,0.469758,0.469758,37.829917,501.500000,17.770888,98.669048,0.196748,501.500000,1.544831,0.647320,0.288685,29.610889,0.469758,17.770888,37.829917,25.000000,34.000000,42.201896,42.201896,501.500000,17.770888,1.544831,0.647320,98.669048,0.196748,501.500000
"4cdfde9d-0b29-49c4-88f8-88e1ed0de6d9","Detection","nuclei_tumor",746.412476,227.406082,65.000000,106.000000,7082288.000000,1.502067,23.000000,2.480564,131.000000,86.895490,12.736026,88.000000,48.000000,83.000000,9.540876,88.268318,-0.110083,15.507090,7082288.000000,0.398546,240.469826,9.085574,6.548702,-0.042886,1.612707,0.285053,0.699590,0.283897,0.865934,0.204456,0.858244,0.858167,0.989046,0.952711,-0.326814,0.000000,0.282885,2.958659,0.237344,2.510602,0.412547,5.917317,2.220968,0.474440,4.166663,144.401540,0.158858,1.000000,3.664857,362.278328,0.475814,9.337734,45.323432,392.136414,6.464376,0.136215,0.045929,0.517114,0.005566,180.684211,0.365758,0.555086,10.463563,23.129555,198.526316,3.299295,0.126867,4.482318,76.716599,0.155297,0.543454,9.585963,0.325569,3.917832,0.037888,14.419355,0.465140,0.892820,12.806452,8537.193548,74711.870968,1039.455457,0.133011,5.064516,0.163371,0.389970,5.197536,0.041436,3.833071,0.034103,7677.379813,5.344363,0.011430,2.803737,0.012767,0.101527,0.538951,0.538951,46.377848,909.500000,24.995383,121.154329,0.133210,909.500000,1.284297,0.778636,0.384786,52.606689,0.538951,24.995383,46.377848,27.000000,45.000000,52.478567,52.478567,909.500000,24.995383,1.284297,0.778636,121.154329,0.133210,909.500000
"18333c29-b2c4-4eab-bf0c-2918c973e78c","Detection","nuclei_histiocyte",387.842346,226.352432,58.000000,95.000000,4455214.000000,1.472362,17.000000,3.773142,126.000000,75.191041,11.126914,74.000000,44.000000,82.000000,7.361085,76.614928,0.605666,14.702195,4455214.000000,0.413635,216.154544,6.416841,6.096891,0.427360,1.402837,0.271399,0.675794,0.265136,0.854246,0.201102,0.868476,0.868058,0.989611,0.955960,-0.306742,0.000000,0.259656,2.476688,0.267068,2.385645,0.394224,4.953375,2.099740,0.418559,4.087690,120.198946,0.158365,1.000000,4.170945,313.948617,0.460272,6.826087,47.584980,292.328063,9.945468,0.203770,0.043995,0.437577,0.007034,136.232673,0.337210,0.681159,8.311881,26.504950,159.029703,5.514070,0.188936,4.587813,68.222772,0.168868,0.532279,12.386702,0.381032,4.061915,0.056804,5.900000,0.295000,1.127500,12.350000,10535.450000,63819.850000,2057.637778,0.154347,3.400000,0.170000,0.368302,5.706761,0.029563,3.584184,0.026350,9095.247500,5.157339,0.014156,2.638515,0.011569,0.140880,0.585662,0.585662,40.955293,759.000000,23.985977,113.396970,0.149403,759.000000,1.348190,0.741735,0.354621,44.681895,0.585662,23.985977,40.955293,34.000000,34.000000,48.083261,48.083261,759.000000,23.985977,1.348190,0.741735,113.396970,0.149403,759.000000
"f17fceca-a614-4751-a2a1-8d5c6ed1ec43","Detection","nuclei_histiocyte",254.752899,223.035797,59.000000,101.000000,2217459.000000,1.461660,22.000000,2.421370,119.000000,80.123123,12.569416,80.000000,47.000000,72.000000,9.523835,81.602917,0.102394,15.470009,2217459.000000,0.406217,239.321177,7.634365,5.628747,0.212483,1.489533,0.224756,0.737785,0.224756,0.768757,0.174241,0.887622,0.887622,0.986779,0.955049,-0.378930,0.000000,0.224756,2.705212,0.275045,2.314239,0.417752,5.410423,2.089483,0.428572,3.990931,57.090090,0.171442,1.000000,3.493890,135.270270,0.451262,7.951952,48.621622,367.135135,7.990053,0.165311,0.035438,0.356046,0.005236,56.374233,0.345854,0.603034,8.846626,26.932515,200.343558,4.460378,0.163940,4.545673,22.177914,0.136061,0.489489,10.238022,0.293304,3.193850,0.040903,4.333333,0.481481,1.111111,12.222222,4898.555556,36775.111111,757.699846,0.192901,1.222222,0.135802,0.167632,2.577829,0.016989,3.169925,0.027027,3529.555556,2.785234,0.036992,1.389481,0.016785,0.189269,0.655096,0.655096,25.569187,330.500000,16.750277,71.355339,0.215901,330.500000,1.225947,0.815696,0.309355,34.002894,0.655096,16.750277,25.569187,24.000000,19.000000,30.610456,30.610456,330.500000,16.750277,1.225947,0.815696,71.355339,0.215901,330.500000
"9623bde1-f43e-4fa0-8d9f-fa021ada5715","Detection","nuclei_stroma",283.635590,226.262665,41.000000,87.000000,1866935.000000,1.731512,27.000000,4.105449,137.000000,61.154525,15.389140,57.000000,25.000000,112.000000,10.825551,64.197113,1.024251,19.529294,1866935.000000,0.342748,381.393340,4.041891,18.498609,2.604237,2.316320,0.322561,0.755532,0.298624,0.936103,0.233385,0.854678,0.853082,0.987784,0.950799,-0.363374,0.000000,0.277678,1.882406,0.220638,2.704605,0.344105,3.764811,2.354221,0.659720,4.279031,67.105960,0.148137,1.000000,5.407813,155.264901,0.738106,4.589404,44.629139,142.849890,25.202762,0.456433,0.066608,0.642719,0.014798,79.800000,0.295556,0.922702,6.988889,21.985185,69.377778,12.833953,0.293315,4.334802,61.362963,0.227270,0.596026,10.725432,0.478270,4.448668,0.079925,7.480000,0.299200,1.081600,11.840000,2558.680000,8208.600000,1227.274878,0.171189,5.800000,0.232000,0.471474,6.877901,0.043942,3.639080,0.055188,2230.345600,3.873535,0.030906,2.615249,0.018770,0.331140,0.458974,0.458974,37.298287,450.500000,17.118953,97.497475,0.216421,450.500000,1.679121,0.595550,0.264016,24.766342,0.458974,17.118953,37.298287,31.000000,26.000000,40.459857,40.459857,450.500000,17.118953,1.679121,0.595550,97.497475,0.216421,450.500000
"876196fd-d348-4f2c-b358-01e0de3b318c","Detection","nuclei_tumor",493.088318,236.194855,68.000000,111.000000,10660956.000000,1.526260,25.000000,2.273555,134.000000,89.465531,13.328067,90.000000,52.000000,82.000000,10.131379,90.873019,0.018028,15.931865,10660956.000000,0.377465,253.824335,4.738499,7.044045,-0.165745,1.770674,0.231638,0.768629,0.230831,0.783033,0.178355,0.884719,0.884665,0.986388,0.953861,-0.403969,0.000000,0.230125,2.086562,0.241004,2.428857,0.398507,4.173123,2.193832,0.500578,4.081586,233.013943,0.180491,1.000000,3.131847,487.306739,0.504987,4.963594,50.860573,236.714175,19.185773,0.355302,0.029038,0.169655,0.009159,210.951220,0.367511,0.540716,5.614983,32.498258,146.310105,12.835221,0.313371,4.814337,70.188153,0.122279,0.444617,12.263934,0.239888,1.610436,0.064408,4.882353,0.287197,1.072664,7.470588,29723.705882,127210.823529,8853.090686,0.336193,1.352941,0.079585,0.095750,1.286976,0.009475,4.087463,0.013168,23956.643599,14.496429,0.009519,1.394608,0.018744,0.053031,0.597237,0.597237,52.922012,1289.000000,31.607007,144.166522,0.111844,1289.000000,1.283116,0.779353,0.420128,62.714064,0.597237,31.607007,52.922012,46.000000,45.000000,64.350602,64.350602,1289.000000,31.607007,1.283116,0.779353,144.166522,0.111844,1289.000000
"25ae0ce7-555e-4a33-8626-a7139e4e5720","Detection","nuclei_lymphocyte",155.057251,228.257858,42.000000,89.000000,1388784.000000,1.727176,24.000000,5.146131,134.000000,61.733333,15.205253,57.000000,36.000000,98.000000,10.264673,64.872462,1.403989,19.935695,1388784.000000,0.345546,397.431919,3.888980,23.468088,3.398528,2.274192,0.376645,0.715830,0.325658,1.007357,0.270592,0.845669,0.842270,0.985919,0.946938,-0.338300,0.000000,0.281044,1.847862,0.225323,2.660234,0.348684,3.695724,2.315158,0.662709,4.029370,48.224242,0.146134,1.000000,5.132746,114.030303,0.800964,4.621212,43.048485,129.718182,24.846804,0.465090,0.059330,0.552845,0.013938,59.926829,0.292326,0.995503,6.873171,20.224390,70.234146,11.413507,0.316153,4.205693,47.341463,0.230934,0.621212,9.859131,0.483466,4.707650,0.087198,4.076923,0.313609,0.982249,11.923077,2809.538462,9405.307692,1364.540406,0.166004,2.692308,0.207101,0.432211,5.793679,0.034857,3.026987,0.039394,2165.159763,3.398662,0.036122,3.009828,0.023771,0.397602,0.632749,0.632749,25.845957,329.000000,16.353991,71.112698,0.216148,329.000000,1.223175,0.817545,0.309528,34.041030,0.632749,16.353991,25.845957,17.000000,25.000000,30.232433,30.232433,329.000000,16.353991,1.223175,0.817545,71.112698,0.216148,329.000000
"7122b3a1-e920-4ae2-b99a-7a6ab9f075a9","Detection","nuclei_tumor",718.053894,236.954086,54.000000,97.000000,4945778.000000,1.482681,25.000000,2.427148,119.000000,75.199522,12.911345,75.000000,46.000000,73.000000,9.606807,76.869593,0.198940,15.936316,4945778.000000,0.404087,253.966165,6.698208,6.010941,0.282794,1.518155,0.221314,0.745538,0.219428,0.766158,0.173165,0.890600,0.890475,0.987015,0.956177,-0.389063,0.000000,0.217777,2.524678,0.280749,2.320046,0.383842,5.049356,2.092154,0.434867,3.964648,153.183990,0.183016,1.000000,3.798104,338.221027,0.462724,7.060932,51.965352,337.094385,10.258712,0.197630,0.038935,0.337550,0.008699,123.495957,0.332873,0.674029,8.336927,38.070081,227.762803,7.944370,0.196578,4.814268,49.021563,0.132134,0.443250,17.710769,0.307992,3.001018,0.061303,6.800000,0.340000,1.490000,9.900000,13510.650000,88096.200000,2454.481250,0.292361,4.700000,0.235000,0.484925,4.855891,0.148218,3.541446,0.023895,11759.227500,6.968711,0.015887,1.247010,0.016469,0.076870,0.588907,0.588907,42.648198,838.500000,25.115815,114.811183,0.136924,838.500000,1.250995,0.799364,0.384549,52.541919,0.588907,25.115815,42.648198,26.000000,43.000000,50.249378,50.249378,838.500000,25.115815,1.250995,0.799364,114.811183,0.136924,838.500000
"e7e814ed-c791-4a16-9263-0d59bdc07892","Detection","nuclei_tumor",966.202576,233.823441,65.000000,108.000000,5645720.000000,1.560676,24.000000,2.567069,138.000000,85.258667,13.203036,84.000000,51.000000,87.000000,9.949647,86.761896,0.358068,16.080623,5645720.000000,0.369298,258.586425,3.957484,8.041847,0.682375,1.854813,0.194308,0.810350,0.194308,0.710397,0.156552,0.902846,0.902846,0.988570,0.961138,-0.466732,0.000000,0.194308,1.882115,0.259499,2.339902,0.402670,3.764230,2.145594,0.512280,3.967742,164.946667,0.219929,1.000000,3.757518,276.973333,0.536891,4.238667,54.376000,203.764000,26.482889,0.444037,0.030697,0.167168,0.010760,105.436482,0.343441,0.619784,5.439739,47.446254,161.993485,24.538274,0.345526,4.867248,41.429967,0.134951,0.409333,23.573322,0.293481,2.000171,0.077170,4.166667,0.347222,0.687500,8.250000,15897.833333,54439.750000,7016.613426,0.211806,2.000000,0.166667,0.127697,0.701338,0.028151,3.251629,0.016000,11991.583333,7.838648,0.020488,1.178538,0.016850,0.120011,0.694760,0.694760,37.137726,749.500000,25.801808,105.982756,0.141405,749.500000,1.192584,0.838515,0.387564,53.369117,0.694760,25.801808,37.137726,29.000000,36.000000,46.227697,46.227697,749.500000,25.801808,1.192584,0.838515,105.982756,0.141405,749.500000
"8cadcba9-97ef-4e1d-abf7-ef605bdbca20","Detection","nuclei_lymphocyte",122.438751,231.540268,40.000000,88.000000,1301825.000000,1.621716,21.000000,4.317789,132.000000,58.725948,14.314852,55.000000,34.000000,98.000000,9.800208,61.606884,1.238380,18.619110,1301825.000000,0.372965,346.671251,3.390032,11.830785,1.902925,1.804957,0.351266,0.674184,0.306962,0.972670,0.257040,0.853507,0.850949,0.986896,0.949866,-0.310685,0.000000,0.271932,1.739715,0.249300,2.518895,0.354430,3.479430,2.171064,0.539056,3.815935,55.868805,0.162883,1.000000,5.369990,127.927114,0.655560,4.029155,44.551020,118.915452,27.426173,0.503311,0.060922,0.577894,0.015377,55.979381,0.288554,0.949304,6.474227,26.000000,74.505155,15.907755,0.334588,4.219428,43.783505,0.225688,0.565598,13.496121,0.473154,4.456214,0.088603,5.352941,0.314879,0.948097,12.588235,2496.764706,7269.529412,1332.454869,0.146046,3.000000,0.176471,0.368691,6.069816,0.026567,3.263933,0.049563,2089.674740,3.563817,0.034227,3.043008,0.018466,0.414918,0.554279,0.554279,28.142239,341.500000,15.598663,74.870058,0.219239,341.500000,1.306218,0.765569,0.297409,31.427460,0.554279,15.598663,28.142239,17.000000,26.000000,31.064449,31.064449,341.500000,15.598663,1.306218,0.765569,74.870058,0.219239,341.500000
"c7fe7764-9cbd-4e3f-9473-74c47a21c937","Detection","nuclei_histiocyte",55.987610,234.707382,66.000000,97.000000,1910654.000000,1.260064,17.000000,3.006997,116.000000,81.375887,9.765102,81.000000,56.000000,60.000000,6.716814,82.312628,0.476646,12.382806,1910654.000000,0.472260,153.333887,3.278210,3.404568,0.132608,1.127337,0.196498,0.703138,0.196498,0.714869,0.157887,0.901751,0.901751,0.980350,0.950875,-0.367327,0.000000,0.196498,1.745136,0.333055,2.018210,0.505837,3.490272,1.821712,0.330959,3.691277,54.326241,0.192646,1.000000,3.072079,133.177305,0.341733,3.510638,50.106383,165.141844,23.908589,0.466903,0.030453,0.118769,0.012687,51.274194,0.413502,0.432557,4.024194,30.903226,97.403226,15.389337,0.432124,4.416065,15.306452,0.123439,0.439716,10.215401,0.200761,0.997034,0.063981,1.500000,0.375000,0.500000,4.500000,9303.500000,32387.000000,3692.625000,0.402778,1.000000,0.250000,0.250476,1.003974,0.062584,2.000000,0.014184,4333.250000,5.884060,0.044050,0.582782,0.021530,0.118957,0.527872,0.527872,26.308345,282.500000,13.887428,68.526912,0.242573,282.500000,1.322799,0.755972,0.280965,28.048252,0.527872,13.887428,26.308345,17.000000,24.000000,29.410882,29.410882,282.500000,13.887428,1.322799,0.755972,68.526912,0.242573,282.500000
"b77bd275-6606-4d8e-b05b-679392488eb5","Detection","nuclei_histiocyte",337.664063,237.089188,65.000000,131.000000,4390429.000000,1.994428,38.000000,2.260528,169.000000,96.185682,19.925949,95.000000,49.000000,120.000000,15.188472,99.105947,0.195364,23.881024,4390429.000000,0.271124,570.303330,12.269115,31.692384,1.625853,3.797298,0.285370,0.860204,0.279350,0.874362,0.207334,0.861329,0.860927,0.992312,0.960200,-0.465891,0.000000,0.274082,3.375075,0.152277,3.077742,0.248043,6.750151,2.775396,1.020667,4.674278,68.928412,0.154202,1.000000,3.707170,121.192394,0.998554,12.364653,44.387025,528.722595,5.520671,0.117995,0.039510,0.478803,0.006278,72.425197,0.285139,0.963048,12.803150,19.960630,237.968504,2.495558,0.114189,4.817797,42.015748,0.165416,0.568233,7.572447,0.344055,4.510141,0.042430,2.454545,0.223140,1.834711,12.545455,4282.454545,48844.636364,495.344343,0.194293,1.363636,0.123967,0.217709,1.361897,0.105282,3.459432,0.024609,2631.140496,1.624192,0.034359,3.532438,0.016184,0.434178,0.592385,0.592385,31.356156,448.500000,18.574919,87.012193,0.194007,448.500000,1.343346,0.744410,0.311758,34.533208,0.592385,18.574919,31.356156,24.000000,27.000000,36.124784,36.124784,448.500000,18.574919,1.343346,0.744410,87.012193,0.194007,448.500000
"846b8110-1060-4c9c-b2fa-6976220b2693","Detection","nuclei_tumor",637.739136,237.711823,86.000000,124.000000,3356091.000000,1.433102,21.000000,2.625967,143.000000,105.303030,11.544536,105.000000,70.000000,73.000000,8.224824,106.301316,-0.053411,14.534150,3356091.000000,0.433028,211.241506,7.690542,6.243147,-0.260512,1.446477,0.356290,0.604730,0.347107,0.962349,0.235807,0.827977,0.827365,0.979204,0.930885,-0.223022,0.000000,0.339073,2.723600,0.226698,2.609592,0.393939,5.447199,2.228504,0.450692,4.228489,44.885522,0.151130,1.000000,3.304856,128.609428,0.429344,7.922559,37.195286,290.474747,6.097175,0.170501,0.048761,0.390417,0.008514,82.304348,0.397606,0.494854,8.077295,12.502415,97.835749,2.021538,0.174383,4.021051,43.415459,0.209737,0.696970,4.268011,0.387218,3.216832,0.064307,3.833333,0.319444,1.020833,8.583333,2826.083333,23482.916667,374.473380,0.226852,1.333333,0.111111,0.214772,1.649227,0.037479,3.584963,0.040404,2213.520833,3.144519,0.029870,1.822137,0.021598,0.154896,0.626650,0.626650,24.778951,299.000000,15.527740,68.284271,0.228375,299.000000,1.240967,0.805823,0.298961,31.756506,0.626650,15.527740,24.778951,16.000000,24.000000,28.844410,28.844410,299.000000,15.527740,1.240967,0.805823,68.284271,0.228375,299.000000
"395b3351-b6b2-4517-9402-2a6388b3e6de","Detection","nuclei_histiocyte",32.059952,241.062698,52.000000,90.000000,2495173.000000,1.487927,18.000000,5.156174,139.000000,69.651546,12.635400,67.000000,42.000000,97.000000,8.116850,71.726471,1.289378,17.127425,2495173.000000,0.461562,293.348683,5.375207,11.988516,1.968052,1.533725,0.325069,0.650237,0.298623,0.939935,0.235893,0.855096,0.853333,0.987708,0.950859,-0.262524,0.000000,0.275482,2.252342,0.324980,2.421977,0.541047,4.504683,2.078327,0.464698,3.951110,70.830928,0.146043,1.000000,4.989920,223.857732,0.554091,5.915464,45.292784,213.676289,11.978871,0.255829,0.060787,0.606573,0.013043,82.477663,0.283428,1.004995,8.412371,22.872852,108.680412,5.793627,0.229075,4.277834,65.302405,0.224407,0.600000,11.761741,0.476633,5.622319,0.081944,7.769231,0.298817,1.437870,11.384615,3850.576923,16450.807692,946.539583,0.232917,4.692308,0.180473,0.403318,4.932900,0.079536,3.840266,0.053608,3502.610947,3.619537,0.022976,2.620126,0.014783,0.233605,0.692943,0.692943,30.032795,486.500000,20.811009,85.840620,0.176445,486.500000,1.205294,0.829673,0.345119,42.319402,0.692943,20.811009,30.032795,23.000000,29.000000,37.013511,37.013511,486.500000,20.811009,1.205294,0.829673,85.840620,0.176445,486.500000
"a517eb36-3cb5-40b6-9fe7-deb541ee48f2","Detection","nuclei_histiocyte",295.626862,248.278931,60.000000,104.000000,4673467.000000,1.476051,24.000000,2.394292,122.000000,81.698813,13.223142,81.000000,45.000000,77.000000,10.004922,83.270207,0.173275,16.100660,4673467.000000,0.396010,259.231245,8.109177,5.961086,0.485491,1.570891,0.287184,0.690881,0.276899,0.880756,0.210511,0.863265,0.862579,0.983288,0.944963,-0.312913,0.000000,0.267900,2.790744,0.233385,2.477533,0.377373,5.581487,2.166438,0.464519,4.202478,107.646884,0.159713,1.000000,3.539425,266.910979,0.466791,8.181009,45.308605,377.302671,6.872713,0.159145,0.043130,0.377499,0.008163,140.611860,0.379008,0.513960,8.102426,20.452830,169.250674,3.118411,0.169849,4.496835,56.159030,0.151372,0.550445,7.251066,0.304894,2.566368,0.057085,5.666667,0.314815,1.163580,9.833333,6496.444444,46112.666667,1098.959105,0.226852,3.666667,0.203704,0.436056,4.753462,0.100122,3.725481,0.026706,5094.358025,6.464757,0.016570,1.541141,0.019158,0.086462,0.388125,0.388125,47.242364,674.000000,18.335930,117.053824,0.173670,674.000000,1.617713,0.618157,0.300266,32.034308,0.388125,18.335930,47.242364,32.000000,40.000000,51.224994,51.224994,674.000000,18.335930,1.617713,0.618157,117.053824,0.173670,674.000000
"599ff3df-e950-458b-889a-8f8e3fb7e08c","Detection","nuclei_stroma",313.836090,247.139847,48.000000,94.000000,1685704.000000,1.647648,26.000000,2.460678,118.000000,69.268882,14.301731,67.000000,41.000000,77.000000,10.824754,71.363585,0.479879,17.163429,1685704.000000,0.368188,294.583291,5.755204,12.457974,0.809533,2.155335,0.282265,0.768408,0.282265,0.858518,0.202591,0.858868,0.858868,0.983396,0.943547,-0.377912,0.000000,0.282265,2.299334,0.215481,2.706892,0.387177,4.598668,2.424628,0.609400,4.277086,54.178248,0.163681,1.000000,2.968629,121.870091,0.589078,5.861027,41.513595,228.978852,12.512546,0.293723,0.036151,0.215863,0.012048,66.494949,0.335833,0.664345,6.227273,16.101010,87.232323,4.702160,0.293455,4.326367,35.767677,0.180645,0.598187,4.922457,0.263093,1.629381,0.089006,2.555556,0.283951,1.358025,7.333333,4093.444444,20274.222222,1021.274691,0.412037,1.000000,0.111111,0.040970,0.107835,0.035367,3.169925,0.027190,2740.839506,3.982691,0.037915,1.354179,0.024229,0.184188,0.505486,0.505486,30.832004,332.500000,15.585154,88.669048,0.266674,332.500000,1.881666,0.531444,0.224677,17.935750,0.505486,15.585154,30.832004,22.000000,30.000000,37.202150,37.202150,332.500000,15.585154,1.881666,0.531444,88.669048,0.266674,332.500000
"a3786685-7e49-4222-a1c4-ead0234c4c1e","Detection","nuclei_lymphocyte",141.799591,251.639267,40.000000,87.000000,1268603.000000,1.680536,19.000000,5.086884,137.000000,58.845455,14.491846,54.000000,31.000000,106.000000,8.780965,62.002028,1.458609,19.531103,1268603.000000,0.363618,381.463994,3.648316,17.180120,2.699824,2.014222,0.403451,0.666248,0.349219,1.040892,0.281497,0.834429,0.830813,0.984914,0.943088,-0.281037,0.000000,0.301767,1.801561,0.229030,2.661774,0.354971,3.603122,2.271398,0.604418,4.052805,44.830303,0.135849,1.000000,5.387879,119.993939,0.729991,4.351515,41.387879,117.690909,24.241032,0.478983,0.069400,0.628929,0.018632,61.018519,0.282493,0.981974,6.578704,17.009259,51.796296,10.167119,0.335256,4.184081,52.037037,0.240912,0.654545,7.672840,0.496047,4.557073,0.100152,8.090909,0.367769,0.966942,11.090909,1717.636364,5254.272727,855.111995,0.180720,4.636364,0.210744,0.358209,4.510061,0.071024,3.550341,0.066667,1492.636364,3.670836,0.034156,3.210078,0.022175,0.392380,0.646839,0.646839,25.752600,328.500000,16.657782,71.355339,0.217216,328.500000,1.233411,0.810760,0.307483,33.592606,0.646839,16.657782,25.752600,19.000000,24.000000,30.610456,30.610456,328.500000,16.657782,1.233411,0.810760,71.355339,0.217216,328.500000
"e883bf64-dd66-43a6-8c0e-12cbc2d5f1ec","Detection","nuclei_endothelium",110.724976,250.949402,68.000000,116.000000,1277013.000000,1.610478,25.000000,2.691776,139.000000,90.218543,14.718302,86.000000,60.000000,79.000000,10.749950,91.962165,0.600816,17.822857,1277013.000000,0.384501,317.654226,4.649156,8.246996,0.737723,1.622513,0.358349,0.638189,0.350844,0.961336,0.235257,0.825829,0.825328,0.979053,0.930081,-0.251674,0.000000,0.344278,2.081614,0.235632,2.646040,0.435272,4.163227,2.275794,0.495215,4.015585,20.192053,0.133722,1.000000,4.714881,58.059603,0.566379,5.284768,36.178808,147.827815,13.038677,0.331448,0.056701,0.436169,0.014420,33.448598,0.312604,0.750983,6.700935,14.112150,61.420561,4.762980,0.289655,3.967712,26.158879,0.244476,0.708609,6.146039,0.487284,3.974239,0.110502,2.142857,0.306122,1.142857,10.142857,1166.142857,4995.142857,342.231151,0.237103,1.285714,0.183673,0.088943,1.409667,0.005845,2.521641,0.046358,700.816327,2.385693,0.063294,1.749828,0.029542,0.325680,0.613343,0.613343,17.847669,151.500000,10.946736,49.213203,0.324840,151.500000,1.272157,0.786066,0.247580,21.778739,0.613343,10.946736,17.847669,11.000000,18.000000,21.095023,21.095023,151.500000,10.946736,1.272157,0.786066,49.213203,0.324840,151.500000
"7cd4a91b-9685-4c8a-a5c6-b02312d33f02","Detection","nuclei_histiocyte",257.244598,256.024841,38.000000,72.000000,1251096.000000,1.270165,18.000000,2.526094,92.000000,53.970516,10.450133,52.000000,29.000000,63.000000,7.892487,55.443178,0.337224,12.693674,1251096.000000,0.447820,161.129352,2.851557,2.845238,0.294546,1.155659,0.203446,0.700618,0.203446,0.728767,0.162056,0.898277,0.898277,0.979655,0.949139,-0.361749,0.000000,0.203446,1.616634,0.313835,2.026821,0.411531,3.233267,1.823375,0.339776,3.734170,79.044226,0.194212,1.000000,4.178015,182.262899,0.355668,3.073710,51.879607,138.488943,31.259214,0.552553,0.039189,0.173067,0.016300,71.629834,0.395745,0.460364,3.988950,34.696133,90.784530,21.373849,0.449202,4.509643,23.895028,0.132017,0.444717,14.470987,0.318547,1.709545,0.103239,5.307692,0.408284,0.544379,6.230769,5298.692308,14808.692308,2932.474359,0.290598,2.076923,0.159763,0.242093,1.536338,0.057569,3.334679,0.031941,4318.520710,10.017129,0.029357,0.620851,0.024593,0.081427,0.740269,0.740269,26.716457,409.500000,19.777372,84.183766,0.205577,409.500000,1.377187,0.726118,0.299114,31.788873,0.740269,19.777372,26.716457,21.000000,27.000000,34.205263,34.205263,409.500000,19.777372,1.377187,0.726118,84.183766,0.205577,409.500000
"0327760f-2473-4a8c-8009-29c2a43ec70f","Detection","nuclei_tumor",402.614624,263.351227,65.000000,109.000000,5594923.000000,1.536048,20.000000,4.270678,152.000000,86.646648,13.135100,85.000000,51.000000,101.000000,8.539144,88.397615,0.885514,17.507046,5594923.000000,0.420555,306.496651,4.098343,9.927671,1.214679,1.657670,0.326703,0.670724,0.288398,0.938115,0.243530,0.861817,0.859632,0.987789,0.952819,-0.298148,0.000000,0.258359,1.940516,0.275927,2.521056,0.475506,3.881031,2.160531,0.496093,4.171218,110.932961,0.154934,1.000000,4.961346,301.117318,0.552878,4.497207,47.611732,178.667598,20.107316,0.400380,0.062797,0.458208,0.021677,116.561856,0.300417,0.899963,6.020619,24.587629,94.865979,9.985745,0.357791,4.636584,72.304124,0.186351,0.541899,10.966203,0.421161,3.439614,0.122024,11.871795,0.304405,1.401709,8.512821,4857.794872,19070.410256,1423.822073,0.355905,9.871795,0.253123,0.512455,4.438632,0.174552,3.860176,0.054469,4520.742932,5.845514,0.016715,2.900872,0.014289,0.193522,0.756577,0.756577,34.778453,717.500000,26.312563,102.325902,0.142614,717.500000,1.161287,0.861114,0.391083,54.342478,0.756577,26.312563,34.778453,28.000000,34.000000,44.045431,44.045431,717.500000,26.312563,1.161287,0.861114,102.325902,0.142614,717.500000
"e4ddf4d0-1ae3-45b3-949b-350fd4a136cd","Detection","nuclei_histiocyte",13.645661,266.775696,61.000000,103.000000,4523055.000000,1.580447,21.000000,2.718782,122.000000,81.022659,13.108757,80.000000,42.000000,80.000000,9.193460,82.658390,0.195879,16.362706,4523055.000000,0.377224,267.738157,7.753403,8.619504,-0.001054,1.789166,0.294636,0.717213,0.290633,0.884179,0.210168,0.855351,0.855084,0.982739,0.942007,-0.328593,0.000000,0.287130,2.716573,0.219989,2.622293,0.366693,5.433147,2.315720,0.520950,4.358453,102.054381,0.154161,1.000000,3.773514,249.722054,0.530682,8.039275,44.332326,353.274924,7.544079,0.178206,0.045225,0.395262,0.008402,126.064865,0.340716,0.635325,8.264865,20.697297,162.264865,3.513176,0.188570,4.579657,58.718919,0.158700,0.558912,7.892505,0.341688,2.993204,0.070013,6.636364,0.301653,1.000000,10.000000,4080.727273,27999.545455,722.474747,0.203598,3.000000,0.136364,0.305300,3.063896,0.041365,3.697846,0.033233,3175.264463,6.830781,0.016404,1.552557,0.023458,0.083762,0.838823,0.838823,32.319787,666.500000,27.110574,102.669048,0.154042,666.500000,1.258546,0.794568,0.361465,46.423094,0.838823,27.110574,32.319787,30.000000,31.000000,43.139309,43.139309,666.500000,27.110574,1.258546,0.794568,102.669048,0.154042,666.500000
"bfd7b28d-d539-4e3c-8871-559739baaf39","Detection","nuclei_lymphocyte",50.162407,259.321991,46.000000,95.000000,1416481.000000,1.819350,31.000000,2.655749,129.000000,66.572881,16.120793,62.000000,36.000000,93.000000,12.416843,69.293798,0.712868,19.227116,1416481.000000,0.314978,369.681976,4.702403,15.955391,1.503101,2.453146,0.368762,0.738644,0.341035,0.992008,0.252457,0.833872,0.832255,0.986069,0.943804,-0.339279,0.000000,0.318957,2.044824,0.182731,2.890097,0.316081,4.089649,2.493967,0.705477,4.290782,39.644068,0.134387,1.000000,4.940695,92.918644,0.788394,5.349153,40.091525,153.749153,19.877121,0.393444,0.063159,0.635889,0.012891,58.267327,0.288452,0.904519,7.633663,15.306931,61.356436,7.435336,0.260624,4.104365,49.782178,0.246446,0.684746,6.775904,0.501932,5.218524,0.069099,5.266667,0.351111,1.040000,12.600000,1548.866667,6582.800000,627.120852,0.158222,2.200000,0.146667,0.326242,5.283767,0.020665,3.373557,0.050847,1162.088889,2.773781,0.041871,2.897928,0.023019,0.410479,0.665368,0.665368,23.933575,293.500000,15.924630,67.355339,0.229490,293.500000,1.230059,0.812969,0.299554,31.882510,0.665368,15.924630,23.933575,23.000000,18.000000,29.206164,29.206164,293.500000,15.924630,1.230059,0.812969,67.355339,0.229490,293.500000
"98e9b28a-4cee-4b19-90a3-5ee7add7e438","Detection","nuclei_tumor",656.506592,260.716309,67.000000,112.000000,1350102.000000,1.552065,25.000000,2.042928,125.000000,89.219512,13.889054,90.000000,56.000000,69.000000,10.831025,90.732184,0.022923,16.498725,1350102.000000,0.366523,272.207912,4.423143,6.949731,0.304591,1.854624,0.300518,0.721115,0.293610,0.895956,0.214311,0.854347,0.853886,0.982444,0.941508,-0.335514,0.000000,0.287565,2.008636,0.203436,2.589558,0.335060,4.017271,2.271596,0.538786,4.305000,23.756098,0.144854,1.000000,4.048632,60.109756,0.528666,4.701220,40.195122,192.237805,15.440083,0.389947,0.049157,0.304249,0.015226,40.570093,0.379160,0.530527,4.719626,13.887850,67.626168,4.971054,0.382269,4.010987,19.691589,0.184034,0.652439,4.491047,0.377319,1.994804,0.108340,1.666667,0.277778,0.916667,7.166667,1550.000000,6849.833333,538.473380,0.297454,1.000000,0.166667,0.227088,3.001111,0.023018,2.584963,0.036585,802.888889,2.517771,0.058054,1.919121,0.025810,0.331022,0.516512,0.516512,20.231723,164.500000,10.449919,52.870058,0.321399,164.500000,1.352209,0.739531,0.241422,20.708795,0.516512,10.449919,20.231723,13.000000,19.000000,23.021729,23.021729,164.500000,10.449919,1.352209,0.739531,52.870058,0.321399,164.500000
"2eccecb0-5115-4769-a8ed-87e32da411ce","Detection","nuclei_tumor",759.466492,268.038818,71.000000,105.000000,4439987.000000,1.266261,17.000000,2.924433,128.000000,86.773356,9.837580,86.000000,63.000000,65.000000,7.332696,87.644957,0.574431,12.329762,4439987.000000,0.498946,152.023027,4.006455,3.764772,-0.011635,1.065915,0.192254,0.694390,0.192254,0.706164,0.155293,0.903873,0.903873,0.988691,0.961549,-0.359889,0.000000,0.192254,1.946289,0.383175,1.991469,0.591056,3.892577,1.799214,0.314542,3.617902,118.785467,0.205511,1.000000,3.778128,288.391003,0.338993,4.297578,53.653979,211.204152,19.169418,0.357327,0.040911,0.259708,0.010942,86.168067,0.362051,0.543182,5.243697,38.722689,154.126050,12.817986,0.345530,4.590347,27.445378,0.115317,0.411765,15.130852,0.262950,1.927430,0.060813,7.777778,0.432099,0.691358,7.222222,8520.555556,34007.222222,2293.119213,0.279707,4.333333,0.240741,0.476426,4.118201,0.065997,3.302723,0.031142,7489.432099,5.161555,0.022632,1.283651,0.011016,0.131291,0.613372,0.613372,35.202729,579.500000,21.592355,97.840620,0.168836,579.500000,1.314544,0.760720,0.337831,40.551009,0.613372,21.592355,35.202729,22.000000,35.000000,41.340053,41.340053,579.500000,21.592355,1.314544,0.760720,97.840620,0.168836,579.500000
"5d86a55a-b29d-476c-8432-ccd612ea244e","Detection","nuclei_histiocyte",241.455231,268.341736,55.000000,93.000000,2282289.000000,1.282062,20.000000,2.708221,119.000000,72.635492,11.601849,71.000000,45.000000,74.000000,8.795362,73.980505,0.485986,14.042808,2282289.000000,0.465395,197.200467,6.117152,3.228931,0.678686,1.120907,0.273786,0.607389,0.264725,0.859995,0.203707,0.869148,0.868544,0.984055,0.947357,-0.252561,0.000000,0.256796,2.430097,0.307295,2.186469,0.475081,4.860194,1.893435,0.348673,3.822518,64.836930,0.155484,1.000000,4.048238,194.069544,0.366728,6.338129,46.064748,261.935252,9.497952,0.201289,0.050103,0.434548,0.011849,82.040359,0.367894,0.557663,7.439462,27.031390,151.067265,5.669283,0.199022,4.392290,39.726457,0.178146,0.534772,13.044461,0.367490,3.220821,0.078763,5.375000,0.335938,1.375000,10.375000,3832.312500,21017.062500,801.444010,0.270833,3.750000,0.234375,0.469208,5.134330,0.153232,3.250000,0.038369,3153.058594,4.653933,0.024903,1.542002,0.015252,0.124537,0.562579,0.562579,31.226487,417.000000,17.567354,84.769553,0.203284,417.000000,1.371304,0.729233,0.301440,32.285299,0.562579,17.567354,31.226487,19.000000,31.000000,36.359318,36.359318,417.000000,17.567354,1.371304,0.729233,84.769553,0.203284,417.000000
"134432d8-1c39-4333-b31c-d6ac9d3d191c","Detection","nuclei_tumor",902.767212,276.305969,54.000000,109.000000,5225741.000000,1.754544,29.000000,2.994140,145.000000,76.303721,17.154473,72.000000,40.000000,105.000000,12.453362,79.204789,0.835070,21.240072,5225741.000000,0.355566,451.140646,7.031901,17.985389,2.745510,2.438153,0.273531,0.798257,0.259002,0.861506,0.206449,0.872921,0.871952,0.989595,0.957179,-0.410948,0.000000,0.246289,2.547694,0.254672,2.662476,0.442514,5.095389,2.365670,0.677921,4.182214,147.734694,0.177353,1.000000,4.762122,296.186074,0.771432,7.626651,49.489796,308.142857,10.754527,0.207556,0.048103,0.654972,0.007067,104.904306,0.250967,1.167332,10.471292,33.942584,197.334928,7.472476,0.187495,4.882085,75.129187,0.179735,0.501801,18.057210,0.403534,5.609812,0.060171,7.769231,0.298817,1.717456,16.807692,8380.192308,47147.961538,1784.395694,0.151474,4.769231,0.183432,0.410587,9.384781,0.019350,3.623517,0.031212,7353.729290,5.181115,0.018262,2.123749,0.018075,0.149460,0.586783,0.586783,42.600624,834.000000,24.997313,115.396970,0.138366,834.000000,1.270612,0.787022,0.379577,51.191902,0.586783,24.997313,42.600624,30.000000,40.000000,50.000000,50.000000,834.000000,24.997313,1.270612,0.787022,115.396970,0.138366,834.000000
"ec4118ba-cd49-4793-a4b3-4a6e01dd900b","Detection","nuclei_tumor",443.191589,274.753235,55.000000,103.000000,5214389.000000,1.721547,29.000000,2.530981,137.000000,79.406130,15.574825,78.000000,44.000000,93.000000,11.700857,81.605764,0.290120,18.819328,5214389.000000,0.344402,354.167114,7.449412,11.621193,0.477893,2.145978,0.280000,0.769165,0.269244,0.870410,0.207508,0.867171,0.866454,0.989316,0.955382,-0.394962,0.000000,0.259832,2.642521,0.222000,2.683819,0.337479,5.285042,2.383729,0.606494,4.290240,126.678161,0.161786,1.000000,4.156897,269.666667,0.652391,7.900383,47.636015,326.084291,9.787829,0.194321,0.042149,0.502326,0.006119,122.559902,0.299657,0.838577,9.882641,25.691932,169.770171,5.266074,0.170277,4.747114,64.124694,0.156784,0.522350,11.031833,0.354828,4.511621,0.043918,8.181818,0.371901,0.935950,15.863636,6748.954545,39421.000000,1388.841591,0.115152,2.272727,0.103306,0.278062,5.787934,0.014229,4.061482,0.028097,5482.241736,4.899658,0.016495,2.442240,0.016731,0.136803,0.807755,0.807755,35.222736,785.500000,28.451344,108.325902,0.137907,785.500000,1.188799,0.841185,0.393073,54.896899,0.807755,28.451344,35.222736,31.000000,33.000000,45.276926,45.276926,785.500000,28.451344,1.188799,0.841185,108.325902,0.137907,785.500000
"aa48c8af-5616-4ca8-80c6-6453e8b8940c","Detection","nuclei_tumor",589.685852,273.002014,61.000000,93.000000,1998732.000000,1.161674,17.000000,2.194601,108.000000,77.033435,9.999501,76.000000,53.000000,55.000000,7.754481,77.943398,0.126901,11.875319,1998732.000000,0.473878,141.023198,2.618616,1.624229,0.101071,0.999765,0.163921,0.718273,0.163921,0.643608,0.137051,0.918040,0.918040,0.983608,0.959020,-0.405136,0.000000,0.163921,1.552306,0.355209,1.800013,0.426689,3.104613,1.636092,0.290921,3.522077,74.045593,0.225063,1.000000,4.019660,155.905775,0.303804,2.811550,55.431611,139.717325,34.508781,0.580885,0.038755,0.184595,0.014865,56.085271,0.434770,0.393486,3.627907,40.961240,94.558140,27.854866,0.472222,4.355136,15.697674,0.121687,0.392097,14.943333,0.294143,1.557076,0.085836,3.888889,0.432099,0.469136,6.444444,5504.333333,14827.666667,3176.462963,0.256173,1.888889,0.209877,0.392756,2.944466,0.060041,2.725481,0.027356,4168.024691,6.359504,0.041189,0.554181,0.017570,0.120234,0.801867,0.801867,22.936709,330.000000,18.392200,70.769553,0.214453,330.000000,1.207728,0.828001,0.312730,34.748887,0.801867,18.392200,22.936709,20.000000,23.000000,30.479501,30.479501,330.000000,18.392200,1.207728,0.828001,70.769553,0.214453,330.000000
"55b3d75a-5b87-46f8-9a96-cf1f3b874f2b","Detection","nuclei_tumor",623.917175,273.504456,51.000000,98.000000,1385549.000000,1.632126,26.000000,2.356333,121.000000,73.370370,15.030331,73.000000,40.000000,81.000000,11.574203,75.510580,0.351107,17.850392,1385549.000000,0.366323,318.636488,6.209622,7.823923,0.168567,1.750546,0.323024,0.688437,0.313860,0.926743,0.224516,0.844597,0.843986,0.981160,0.937533,-0.302486,0.000000,0.305842,2.419244,0.223470,2.658743,0.367698,4.838488,2.316071,0.518393,4.062263,35.255144,0.145083,1.000000,4.480110,89.016461,0.570882,6.872428,40.037037,234.485597,9.425297,0.230053,0.051428,0.513658,0.008830,51.569697,0.312544,0.765473,8.369697,15.042424,90.533333,3.466414,0.215236,4.037814,38.854545,0.235482,0.679012,6.366722,0.486791,5.112345,0.086041,3.444444,0.382716,1.061728,11.444444,2280.555556,14002.444444,457.961420,0.198302,1.666667,0.185185,0.138532,2.161928,0.009359,2.947703,0.037037,1551.555556,2.816260,0.045509,1.582111,0.027845,0.204849,0.490912,0.490912,26.271269,243.500000,12.896880,68.183766,0.280015,243.500000,1.519334,0.658183,0.244007,21.154723,0.490912,12.896880,26.271269,19.000000,23.000000,29.832868,29.832868,243.500000,12.896880,1.519334,0.658183,68.183766,0.280015,243.500000
"b030952e-151d-46dc-b8c1-d5f7cd50f764","Detection","nuclei_histiocyte",209.335068,275.469666,62.000000,110.000000,2254717.000000,1.670481,29.000000,2.268850,138.000000,86.700348,15.400333,87.000000,48.000000,90.000000,11.925469,88.634964,-0.023653,18.417556,2254717.000000,0.334361,339.206376,9.361480,8.780552,0.172604,2.110025,0.289374,0.758795,0.287476,0.873376,0.206731,0.856578,0.856452,0.988885,0.952132,-0.363982,0.000000,0.285816,2.984345,0.193910,2.669137,0.301708,5.968691,2.373352,0.599850,4.343716,44.240418,0.154148,1.000000,3.666938,95.961672,0.633952,9.717770,42.609756,388.756098,6.163366,0.139350,0.052630,0.670384,0.008611,53.736842,0.314251,0.745118,10.754386,17.906433,164.596491,2.548736,0.133694,4.412523,28.754386,0.168154,0.595819,6.638829,0.353226,4.509073,0.046148,3.333333,0.277778,1.576389,14.416667,1885.583333,18360.583333,229.561667,0.170301,2.666667,0.222222,0.449201,7.623432,0.102001,3.251629,0.041812,1313.576389,1.626578,0.043331,2.572191,0.016081,0.361827,0.906493,0.906493,20.206981,288.500000,18.317488,64.526912,0.223663,288.500000,1.148487,0.870711,0.314022,35.036552,0.906493,18.317488,20.206981,19.000000,20.000000,27.586228,27.586228,288.500000,18.317488,1.148487,0.870711,64.526912,0.223663,288.500000
"8b5cdb6f-1725-46a8-b3e9-1bfc1384f72c","Detection","nuclei_tumor",514.213867,280.001160,64.000000,104.000000,6630770.000000,1.426764,21.000000,2.825565,137.000000,86.357724,12.476379,88.000000,51.000000,86.000000,8.814231,87.756725,-0.077443,15.607252,6630770.000000,0.431871,243.586320,3.989936,5.393706,0.065252,1.401281,0.207380,0.742170,0.205550,0.739561,0.165129,0.897530,0.897408,0.987833,0.958951,-0.408531,0.000000,0.203949,1.921317,0.314638,2.195147,0.507167,3.842635,1.983146,0.402165,3.818876,182.356562,0.211796,1.000000,4.261436,371.840883,0.430950,4.242741,54.077816,199.281069,23.304289,0.399302,0.041064,0.278982,0.012303,123.116992,0.342944,0.622279,5.637883,47.208914,173.403900,20.010020,0.330896,4.734902,53.434540,0.148843,0.416957,24.200992,0.361633,2.684651,0.095596,8.272727,0.376033,0.845041,9.045455,13481.772727,52597.590909,4267.507260,0.233902,5.181818,0.235537,0.473468,4.954063,0.086893,3.533771,0.025552,11950.117769,8.069214,0.016646,1.184847,0.013975,0.094590,0.756251,0.756251,38.162110,859.500000,28.860149,113.982756,0.132615,859.500000,1.202881,0.831338,0.398485,56.419168,0.756251,28.860149,38.162110,32.000000,35.000000,47.423623,47.423623,859.500000,28.860149,1.202881,0.831338,113.982756,0.132615,859.500000
"0cbf52be-24d4-4768-b87b-f51efeed0aa5","Detection","nuclei_endothelium",96.603752,274.426300,49.000000,125.000000,1598889.000000,2.175674,40.000000,2.036281,146.000000,90.859551,22.791945,95.000000,42.000000,104.000000,18.683733,94.776170,-0.152268,26.964134,1598889.000000,0.239553,727.064544,10.511811,51.003935,-2.211831,4.941137,0.518110,0.810190,0.477165,1.115151,0.290423,0.768241,0.765512,0.980399,0.921447,-0.341582,0.000000,0.441339,3.066929,0.097112,3.638782,0.188976,6.133858,3.065392,1.364812,4.702702,29.325843,0.164752,1.000000,2.894837,42.640449,1.328778,11.050562,26.674157,312.140449,5.710095,0.209764,0.070586,0.884493,0.012756,38.031847,0.242241,1.253195,10.796178,7.477707,82.662420,1.717406,0.199991,4.192331,42.617834,0.271451,0.882022,2.336079,0.491808,5.212098,0.094124,4.000000,0.285714,1.229592,14.500000,354.428571,3810.785714,65.689663,0.148452,1.571429,0.112245,0.148605,3.042958,0.007892,3.324863,0.078652,192.775510,1.311265,0.067873,2.980167,0.047803,0.522005,0.714244,0.714244,17.939013,177.500000,12.812829,54.041631,0.304460,177.500000,1.309329,0.763750,0.252076,22.576871,0.714244,12.812829,17.939013,17.000000,15.000000,22.671568,22.671568,177.500000,12.812829,1.309329,0.763750,54.041631,0.304460,177.500000
"50ce1286-7782-43d9-90dc-e0100154378b","Detection","nuclei_lymphocyte",67.109550,278.527008,46.000000,86.000000,1416467.000000,1.582493,21.000000,4.418180,132.000000,64.009288,13.001812,61.000000,39.000000,93.000000,8.760940,66.221951,1.184239,16.975212,1416467.000000,0.416059,288.157808,4.268456,11.739094,1.475938,1.660730,0.312919,0.682903,0.292785,0.921829,0.227196,0.856963,0.855621,0.988125,0.951682,-0.309971,0.000000,0.275168,1.982802,0.295925,2.465632,0.505034,3.965604,2.142776,0.493412,3.810460,48.343653,0.149671,1.000000,5.173557,134.386997,0.592453,4.882353,44.789474,162.281734,18.178202,0.366669,0.062443,0.683261,0.012292,52.107527,0.280148,0.959649,7.182796,22.483871,90.032258,8.151398,0.295962,4.221788,37.774194,0.203087,0.575851,10.421320,0.447541,4.722184,0.075709,4.625000,0.289063,1.359375,12.750000,2541.562500,10073.187500,757.135642,0.200747,3.750000,0.234375,0.475920,8.183836,0.031174,3.375000,0.049536,2134.027344,2.651659,0.036383,2.780166,0.015674,0.404320,0.913756,0.913756,21.391847,321.000000,19.546933,68.284271,0.212724,321.000000,1.155916,0.865114,0.320959,36.601628,0.913756,19.546933,21.391847,20.000000,20.000000,28.284271,28.284271,321.000000,19.546933,1.155916,0.865114,68.284271,0.212724,321.000000
"103c7c68-7203-43e5-a9c2-26de776c533d","Detection","nuclei_endothelium",112.568245,282.418640,73.000000,113.000000,2065222.000000,1.384061,17.000000,4.880409,153.000000,88.588235,11.930334,84.000000,67.000000,86.000000,8.123176,89.993943,1.402616,15.844064,2065222.000000,0.504098,251.034371,4.389794,8.903177,1.317384,1.308317,0.283388,0.643919,0.268187,0.877192,0.211463,0.868440,0.867427,0.989221,0.955664,-0.274662,0.000000,0.254886,2.033116,0.372012,2.238326,0.590662,4.066232,1.935269,0.397926,3.823268,38.937255,0.152695,1.000000,5.111050,128.545098,0.469573,4.854902,45.321569,182.698039,14.375075,0.325511,0.057413,0.560384,0.013752,45.928105,0.300184,0.878893,6.601307,21.450980,88.575163,6.384328,0.308711,4.288171,33.601307,0.219616,0.600000,10.339869,0.468493,4.223295,0.105288,3.461538,0.266272,1.692308,10.692308,2405.307692,9686.461538,628.112585,0.302756,1.923077,0.147929,0.341177,5.839722,0.038254,3.334679,0.050980,2020.544379,1.885924,0.044891,2.714670,0.011630,0.520954,0.481073,0.481073,26.359240,254.000000,12.680711,68.284271,0.268836,254.000000,1.460824,0.684545,0.253967,22.917000,0.481073,12.680711,26.359240,15.000000,25.000000,29.154759,29.154759,254.000000,12.680711,1.460824,0.684545,68.284271,0.268836,254.000000
"2624f821-2b27-4956-8ac5-9142d12b7c12","Detection","nuclei_endothelium",126.538544,300.817566,43.000000,94.000000,3891889.000000,1.787055,29.000000,2.960581,146.000000,68.682831,16.030012,67.000000,31.000000,115.000000,11.920771,71.419689,0.434250,19.581642,3891889.000000,0.321898,383.440688,5.268129,15.274198,0.785706,2.423658,0.299965,0.779731,0.293597,0.894552,0.213765,0.854262,0.853838,0.988514,0.951219,-0.387950,0.000000,0.288026,2.176512,0.189460,2.804330,0.326495,4.353024,2.493074,0.680906,4.418845,112.237221,0.147100,1.000000,4.188907,245.608126,0.726981,5.785059,43.353866,202.891219,17.878738,0.342526,0.046727,0.408674,0.010974,139.945946,0.315194,0.785975,7.378378,22.202703,103.756757,9.455278,0.254529,4.526796,82.833333,0.186562,0.581913,10.390167,0.391024,3.610923,0.074038,6.750000,0.281250,1.222222,11.250000,6293.041667,31286.333333,1897.011169,0.211667,2.666667,0.111111,0.269525,3.604169,0.027628,4.136842,0.031455,5282.331597,6.099379,0.016365,2.687056,0.019209,0.163237,0.236077,0.236077,67.801257,761.000000,16.006338,153.396970,0.201573,761.000000,2.460589,0.406407,0.225988,18.145601,0.236077,16.006338,67.801257,24.000000,64.000000,68.352030,68.352030,761.000000,16.006338,2.460589,0.406407,153.396970,0.201573,761.000000
"24e52c31-b625-4824-b37e-ff2c34be12bd","Detection","nuclei_stroma",256.240112,280.830811,47.000000,76.000000,1197084.000000,1.305744,16.000000,4.732721,107.000000,59.229358,9.534383,57.000000,42.000000,65.000000,6.527634,60.504606,1.288481,12.356800,1197084.000000,0.490073,152.690514,3.631623,4.526081,0.302247,1.115732,0.264929,0.616229,0.261564,0.841219,0.196513,0.869779,0.869554,0.984475,0.947799,-0.263535,0.000000,0.258621,1.849033,0.328838,2.185108,0.530698,3.698066,1.915087,0.345165,3.922715,48.003058,0.146798,1.000000,4.174976,160.253823,0.373201,3.944954,44.908257,159.070336,18.414331,0.410296,0.051530,0.333528,0.018100,67.507937,0.357185,0.609725,4.867725,18.275132,65.767196,7.362213,0.390028,4.240698,31.550265,0.166933,0.577982,6.301335,0.373876,2.499360,0.120972,2.818182,0.256198,1.338843,7.818182,4521.181818,17147.090909,1463.511364,0.365530,2.818182,0.256198,0.486706,5.027241,0.128981,3.095795,0.033639,3637.471074,4.407998,0.029626,1.736194,0.016043,0.189275,0.441081,0.441081,31.723233,329.000000,13.992508,82.426407,0.250536,329.000000,1.643338,0.608517,0.248040,21.859744,0.441081,13.992508,31.723233,24.000000,25.000000,34.655447,34.655447,329.000000,13.992508,1.643338,0.608517,82.426407,0.250536,329.000000
"991168da-b7d2-4849-91d9-0697e5da689a","Detection","nuclei_tumor",995.547363,285.209900,64.000000,113.000000,5243993.000000,1.516899,25.000000,2.305383,131.000000,88.177196,14.354800,87.000000,51.000000,80.000000,10.603294,89.889446,0.076295,17.461233,5243993.000000,0.383653,304.894642,4.507536,6.631476,0.124036,1.719791,0.202037,0.789745,0.201222,0.727785,0.161546,0.899525,0.899470,0.988130,0.959783,-0.444502,0.000000,0.200509,2.031772,0.263945,2.324388,0.431772,4.063544,2.119342,0.480457,4.033943,129.884438,0.200130,1.000000,3.794473,248.990755,0.495042,4.758089,53.443760,246.844376,19.937917,0.370570,0.036097,0.208552,0.013807,92.940520,0.345504,0.601125,5.122677,40.460967,187.249071,14.591853,0.370766,4.889399,31.698885,0.117840,0.414484,17.177651,0.290888,1.696930,0.116561,6.555556,0.364198,1.250000,5.944444,7541.500000,31995.777778,2195.851080,0.508488,3.333333,0.185185,0.274631,2.192072,0.106592,3.683542,0.027735,6241.496914,6.053341,0.022811,1.234807,0.015714,0.125204,0.899837,0.899837,30.352536,649.500000,27.312331,96.669048,0.148836,649.500000,1.144948,0.873402,0.385543,52.813915,0.899837,27.312331,30.352536,28.000000,30.000000,41.036569,41.036569,649.500000,27.312331,1.144948,0.873402,96.669048,0.148836,649.500000
"50430a3e-7046-4ef9-8884-44d84d795aed","Detection","nuclei_tumor",370.255951,293.300507,62.000000,106.000000,5457169.000000,1.479064,22.000000,2.414994,121.000000,81.185696,13.188938,78.000000,54.000000,67.000000,9.710729,82.747435,0.548307,16.000648,5457169.000000,0.376867,256.020724,3.351039,6.610200,1.042877,1.740072,0.195315,0.798164,0.194655,0.713944,0.157424,0.902782,0.902738,0.980499,0.951369,-0.448784,0.000000,0.194078,1.721874,0.265139,2.243688,0.354998,3.443748,2.045582,0.483847,3.899070,178.490590,0.223953,1.000000,4.018753,300.362610,0.508311,3.624843,54.826851,179.695107,31.563223,0.526419,0.034096,0.173833,0.013128,114.735849,0.360805,0.531358,4.569182,44.213836,131.710692,27.867226,0.408194,4.751886,39.371069,0.123808,0.398996,19.087892,0.320311,1.941592,0.092586,9.000000,0.642857,0.346939,7.714286,16409.071429,46892.928571,9438.345238,0.194444,1.857143,0.132653,0.272246,2.093065,0.040171,3.235926,0.017566,13168.209184,28.853918,0.018268,0.520643,0.032322,0.048542,0.767869,0.767869,36.407827,797.000000,27.956457,107.254834,0.134573,797.000000,1.148591,0.870632,0.404816,58.226192,0.767869,27.956457,36.407827,28.000000,35.000000,44.821870,44.821870,797.000000,27.956457,1.148591,0.870632,107.254834,0.134573,797.000000
"ce757779-80ce-45f5-bc09-b03f01df4b22","Detection","nuclei_tumor",657.074951,289.552979,83.000000,120.000000,5465603.000000,1.329481,19.000000,2.457165,132.000000,99.882900,10.896263,99.000000,71.000000,61.000000,8.005276,100.792427,0.191037,13.509987,5465603.000000,0.443920,182.519745,6.322277,4.335477,0.422603,1.291172,0.211386,0.718632,0.211386,0.744124,0.166702,0.894307,0.894307,0.987566,0.957723,-0.368527,0.000000,0.211386,2.460149,0.305356,2.173913,0.431683,4.920297,1.962527,0.375640,3.826743,97.226766,0.180719,1.000000,3.432567,238.828996,0.372507,6.557621,51.345725,318.018587,10.164718,0.201453,0.031409,0.234813,0.006611,95.559322,0.404912,0.493895,7.262712,35.703390,207.466102,7.398129,0.208804,4.657001,29.228814,0.123851,0.438662,14.915972,0.250379,1.968902,0.058474,3.000000,0.272727,1.107438,8.545455,8588.545455,45426.000000,1848.231692,0.284722,1.000000,0.090909,0.123527,1.632119,0.015767,3.459432,0.020446,6196.446281,4.642330,0.022652,1.260650,0.012811,0.116933,0.630590,0.630590,33.054713,538.000000,20.843987,90.426407,0.168079,538.000000,1.209479,0.826802,0.352992,44.272200,0.630590,20.843987,33.054713,33.000000,21.000000,39.115214,39.115214,538.000000,20.843987,1.209479,0.826802,90.426407,0.168079,538.000000
"136e0d29-297f-4db3-bb31-f66362d86dde","Detection","nuclei_tumor",631.357605,290.149994,67.000000,106.000000,1572121.000000,1.474470,21.000000,2.679424,122.000000,83.286364,11.929339,79.000000,62.000000,60.000000,8.779853,84.534044,0.734508,14.470182,1572121.000000,0.382521,209.386178,3.517588,5.097426,0.542005,1.505863,0.317839,0.651435,0.315327,0.909632,0.218408,0.842755,0.842588,0.968332,0.921294,-0.266832,0.000000,0.313128,1.794598,0.216783,2.487350,0.345477,3.589196,2.161284,0.455926,4.230526,32.372727,0.147149,1.000000,3.689587,84.154545,0.485207,3.890909,39.254545,132.527273,20.618182,0.474242,0.044563,0.202745,0.018587,52.917808,0.362451,0.527350,4.500000,13.191781,44.356164,7.120624,0.414193,4.034837,27.369863,0.187465,0.663636,4.109401,0.370577,1.943802,0.133653,2.750000,0.343750,0.609375,5.125000,1869.250000,6473.250000,872.277778,0.385417,1.250000,0.156250,0.075191,0.486150,0.015981,3.000000,0.036364,1113.000000,9.378055,0.041012,0.819686,0.048587,0.106741,0.741219,0.741219,19.632110,220.000000,14.551684,58.284271,0.264929,220.000000,1.228769,0.813823,0.278946,27.646721,0.741219,14.551684,19.632110,15.000000,20.000000,25.000000,25.000000,220.000000,14.551684,1.228769,0.813823,58.284271,0.264929,220.000000
"3c47218b-e75b-42e4-838a-91762f82c333","Detection","nuclei_tumor",954.384460,296.701538,53.000000,105.000000,6040986.000000,1.768029,20.000000,3.937595,146.000000,77.020877,14.470823,75.000000,44.000000,102.000000,9.406029,79.409262,0.904097,19.329134,6040986.000000,0.347240,373.615431,7.029765,17.493753,1.604388,2.323372,0.244402,0.809639,0.233479,0.811727,0.189890,0.885081,0.884353,0.990687,0.961347,-0.448079,0.000000,0.223921,2.551475,0.246075,2.629107,0.377389,5.102949,2.368139,0.641943,4.198894,182.747390,0.190759,1.000000,4.522731,332.655532,0.726505,7.536534,52.158664,333.260960,11.821027,0.214867,0.043583,0.505372,0.008062,113.050000,0.256932,1.134086,10.120455,35.050000,219.372727,7.831155,0.188351,5.059961,67.859091,0.154225,0.459290,16.087934,0.377183,5.069935,0.055113,7.074074,0.262003,1.862826,15.037037,11362.000000,71881.037037,2202.739342,0.190545,5.074074,0.187929,0.406461,6.149877,0.080948,3.940073,0.028184,10103.064472,5.277495,0.016443,1.983136,0.015803,0.138156,0.856536,0.856536,37.779590,955.500000,32.359565,116.811183,0.122251,955.500000,1.136392,0.879978,0.427001,64.782915,0.856536,32.359565,37.779590,36.000000,35.000000,50.209561,50.209561,955.500000,32.359565,1.136392,0.879978,116.811183,0.122251,955.500000
"89a234c6-0a69-4222-a54c-10cf47078222","Detection","nuclei_tumor",531.028137,300.744812,66.000000,99.000000,4443244.000000,1.217967,17.000000,2.514507,115.000000,82.878357,9.926457,84.000000,56.000000,59.000000,7.306376,83.781518,0.034587,12.268690,4443244.000000,0.498728,150.520748,3.503778,3.476611,-0.063244,1.109623,0.147775,0.764951,0.147775,0.604244,0.125938,0.926113,0.926113,0.985223,0.963056,-0.456038,0.000000,0.147775,1.806465,0.388966,1.862387,0.574307,3.612930,1.714612,0.314349,3.489693,164.769352,0.260299,1.000000,3.162018,315.695103,0.319405,3.642970,58.127962,202.745656,25.478892,0.435800,0.025446,0.112398,0.010115,84.500000,0.406250,0.444434,4.105769,61.307692,209.259615,27.012019,0.426549,4.974966,18.759615,0.090190,0.328594,24.261742,0.189203,1.003882,0.071623,3.000000,0.428571,0.530612,6.428571,17880.142857,60576.000000,7430.146825,0.277778,1.000000,0.142857,0.146402,1.317525,0.016273,2.807355,0.011058,9702.816327,9.476137,0.025418,0.434915,0.015752,0.065179,0.690519,0.690519,34.704397,633.500000,23.964033,103.154329,0.162832,633.500000,1.336652,0.748138,0.341146,41.350735,0.690519,23.964033,34.704397,27.000000,35.000000,44.204072,44.204072,633.500000,23.964033,1.336652,0.748138,103.154329,0.162832,633.500000
"f81ab1d8-a633-4934-a924-625ed5eba933","Detection","nuclei_tumor",868.803711,312.317780,60.000000,95.000000,8285381.000000,1.348596,17.000000,3.441372,127.000000,77.694215,10.587777,76.000000,48.000000,79.000000,7.075145,78.898222,0.475553,13.730927,8285381.000000,0.437184,188.538351,7.048049,3.938921,0.357330,1.227491,0.204354,0.714559,0.204354,0.730551,0.162593,0.897823,0.897823,0.992140,0.965941,-0.369672,0.000000,0.204354,2.606197,0.310676,2.103989,0.414199,5.212395,1.899635,0.357961,3.735817,286.975958,0.215609,1.000000,4.097438,581.892562,0.390081,7.380165,54.453043,370.666416,9.582658,0.170768,0.036848,0.378415,0.005489,190.205993,0.356191,0.605455,8.739700,53.749064,348.820225,9.946890,0.162090,4.885151,76.992509,0.144181,0.401202,28.898652,0.354355,3.731385,0.057475,8.931034,0.307967,1.179548,12.137931,24252.931034,174289.896552,3930.581312,0.150929,4.862069,0.167658,0.381842,6.212253,0.031163,3.973447,0.021788,22146.437574,6.671877,0.009695,2.143923,0.007794,0.094644,0.456669,0.456669,61.377759,1328.000000,28.029321,153.396970,0.115510,1328.000000,1.410021,0.709209,0.394365,55.258384,0.456669,28.029321,61.377759,29.000000,60.000000,66.640828,66.640828,1328.000000,28.029321,1.410021,0.709209,153.396970,0.115510,1328.000000
"0b49e63a-800b-4e22-a098-78c8d31a9364","Detection","nuclei_stroma",280.902313,308.297180,49.000000,87.000000,3333474.000000,1.450717,19.000000,2.854445,112.000000,68.480118,11.858494,69.000000,36.000000,76.000000,8.519639,70.067020,0.242258,14.827704,3333474.000000,0.424281,219.860798,5.251177,6.668200,0.184200,1.470898,0.242151,0.717287,0.242151,0.798599,0.183514,0.878925,0.878925,0.985756,0.951570,-0.356605,0.000000,0.242151,2.223509,0.280359,2.353056,0.466248,4.447017,2.110905,0.428262,4.071654,110.870398,0.163285,1.000000,3.554946,288.086892,0.439440,5.543446,48.281296,244.103093,14.106928,0.278095,0.037050,0.263344,0.009430,125.742515,0.376475,0.539460,6.479042,27.047904,129.544910,7.972222,0.253992,4.575106,45.634731,0.136631,0.491900,10.516619,0.289403,2.219166,0.071237,6.058824,0.356401,0.913495,8.235294,9822.176471,44510.470588,2473.099265,0.275735,1.823529,0.107266,0.234733,2.694983,0.041283,3.852169,0.025037,8226.878893,7.990481,0.015877,1.449875,0.017576,0.085793,0.421034,0.421034,45.907485,682.500000,19.328591,116.325902,0.170441,682.500000,1.577758,0.633811,0.306911,33.467895,0.421034,19.328591,45.907485,26.000000,43.000000,50.249378,50.249378,682.500000,19.328591,1.577758,0.633811,116.325902,0.170441,682.500000
"ed98dd47-d524-4906-9670-3f9a380212ca","Detection","nuclei_tumor",841.940186,305.036133,59.000000,99.000000,4231319.000000,1.462255,23.000000,2.789273,125.000000,78.903670,12.585697,80.000000,42.000000,83.000000,9.189782,80.435730,0.252753,15.624264,4231319.000000,0.412012,244.117632,7.403082,6.366326,0.232143,1.551781,0.172344,0.800080,0.172344,0.663039,0.142641,0.913828,0.913828,0.993371,0.971276,-0.473392,0.000000,0.172344,2.656732,0.304972,2.191297,0.429440,5.313463,2.018953,0.431031,3.806271,150.211009,0.229680,1.000000,3.599127,269.455657,0.447168,7.714067,56.039755,404.701835,9.815354,0.172664,0.033811,0.315410,0.005496,85.595918,0.349371,0.634969,8.938776,52.848980,371.444898,9.207413,0.170111,4.963878,27.816327,0.113536,0.374618,24.346456,0.288167,2.934570,0.048415,4.230769,0.325444,1.360947,11.307692,13261.076923,98155.923077,2086.115791,0.194316,2.538462,0.195266,0.418139,4.603741,0.068268,3.334679,0.019878,10730.213018,2.758340,0.023853,1.831512,0.007841,0.221460,0.594694,0.594694,37.623300,655.000000,22.374345,102.769553,0.156900,655.000000,1.283151,0.779332,0.354707,44.703505,0.594694,22.374345,37.623300,23.000000,36.000000,42.720019,42.720019,655.000000,22.374345,1.283151,0.779332,102.769553,0.156900,655.000000
"94d86c16-27b7-41c3-84ec-a79f57aea5fa","Detection","nuclei_tumor",687.046448,308.226135,59.000000,105.000000,7967921.000000,1.535416,23.000000,2.879543,139.000000,85.374286,13.702193,87.000000,49.000000,90.000000,9.748448,87.111975,0.003070,17.312641,7967921.000000,0.394806,299.727529,8.858352,6.601827,0.219514,1.622792,0.291262,0.695659,0.264376,0.888034,0.221367,0.872168,0.870500,0.989028,0.956569,-0.342048,0.000000,0.242027,2.919841,0.254304,2.483512,0.428180,5.839681,2.150849,0.478513,4.140435,177.293333,0.168851,1.000000,4.480094,414.546667,0.506304,9.222857,49.740952,414.036190,7.340340,0.137989,0.048234,0.603736,0.005994,175.780769,0.338040,0.667215,11.167308,34.223077,272.688462,5.204266,0.119602,4.633135,91.242308,0.175466,0.495238,17.913905,0.398120,5.285322,0.042093,14.230769,0.364892,0.950690,15.743590,9833.333333,81732.205128,1300.350271,0.105563,7.358974,0.188692,0.408420,6.495050,0.054843,4.229985,0.037143,9108.481262,5.322051,0.012051,2.484996,0.012303,0.098323,0.699076,0.699076,44.029596,1051.000000,30.780015,125.396970,0.119312,1051.000000,1.190588,0.839921,0.422277,63.357303,0.699076,30.780015,44.029596,36.000000,39.000000,53.075418,53.075418,1051.000000,30.780015,1.190588,0.839921,125.396970,0.119312,1051.000000
"c945c111-6fd6-41f8-8d80-8d4c5d13b96e","Detection","nuclei_lymphocyte",52.548286,300.942688,44.000000,81.000000,1067774.000000,1.435114,18.000000,4.129387,121.000000,61.268657,11.701715,60.000000,38.000000,83.000000,8.060184,63.120768,0.967086,15.178374,1067774.000000,0.450852,230.383047,3.878819,7.119974,0.644074,1.358308,0.247454,0.691792,0.243381,0.814224,0.188220,0.878988,0.878717,0.985516,0.951460,-0.335229,0.000000,0.239817,1.897658,0.327457,2.242352,0.529532,3.795316,1.983407,0.401441,3.781717,43.708955,0.163093,1.000000,4.828525,120.828358,0.457827,4.324627,47.858209,166.414179,20.407882,0.391558,0.045519,0.341506,0.011601,45.657143,0.326122,0.695714,5.985714,25.757143,95.685714,10.091468,0.319544,4.346837,24.100000,0.172143,0.522388,11.099184,0.398550,3.429399,0.070010,3.444444,0.382716,0.765432,9.111111,3508.222222,13199.666667,1158.652006,0.214506,1.444444,0.160494,0.251685,3.064276,0.022443,2.947703,0.033582,2621.506173,3.123857,0.044637,1.391983,0.017866,0.254029,0.912057,0.912057,19.400010,267.500000,17.693923,61.698485,0.230649,267.500000,1.132440,0.883049,0.311413,34.456920,0.912057,17.693923,19.400010,19.000000,18.000000,26.172505,26.172505,267.500000,17.693923,1.132440,0.883049,61.698485,0.230649,267.500000
"c112b7a7-b673-40de-b9f5-c1a1c44fce5b","Detection","nuclei_stroma",226.173660,315.334991,45.000000,99.000000,4701631.000000,1.805935,30.000000,2.633073,130.000000,69.116869,16.560616,66.000000,33.000000,97.000000,12.338831,71.998032,0.549753,20.163707,4701631.000000,0.325073,406.575096,5.667929,21.272235,1.955009,2.866347,0.223711,0.855206,0.223128,0.768525,0.173925,0.888533,0.888494,0.991400,0.962826,-0.500388,0.000000,0.222619,2.237693,0.217354,2.716278,0.387999,4.475386,2.490334,0.772515,4.342250,162.040794,0.178656,1.000000,3.591634,294.841235,0.762012,5.855568,50.969129,260.210584,19.020768,0.336934,0.033107,0.239571,0.009243,120.161765,0.294514,0.857357,7.218137,34.544118,161.681373,13.823557,0.273234,5.084449,52.950980,0.129782,0.449835,14.776504,0.288441,2.359384,0.067293,4.411765,0.259516,1.231834,10.588235,14037.705882,66024.294118,4268.492173,0.218856,1.705882,0.100346,0.213215,2.445520,0.021780,3.969816,0.018743,11191.169550,5.649473,0.018361,2.075986,0.015638,0.178058,0.420072,0.420072,53.105804,905.000000,22.308263,133.882251,0.147936,905.000000,1.576114,0.634472,0.329601,38.599397,0.420072,22.308263,53.105804,29.000000,49.000000,56.938563,56.938563,905.000000,22.308263,1.576114,0.634472,133.882251,0.147936,905.000000
"6226ff3c-9a30-40ce-8ef7-7c98aec5b59f","Detection","nuclei_lymphocyte",254.009399,302.749451,49.000000,78.000000,1437206.000000,1.179606,13.000000,6.809038,121.000000,60.329787,9.770145,56.000000,40.000000,81.000000,5.937092,61.825208,1.797171,13.515663,1437206.000000,0.578302,182.673155,4.055118,5.386856,0.744103,0.920925,0.251253,0.571306,0.241231,0.823705,0.193060,0.881055,0.880387,0.985397,0.952088,-0.227234,0.000000,0.232462,1.971725,0.449359,1.925086,0.656407,3.943450,1.668606,0.293044,3.440416,66.531915,0.176947,1.000000,4.958550,217.441489,0.345292,4.430851,49.521277,194.510638,15.067764,0.330951,0.046342,0.305035,0.015653,62.442786,0.310661,0.783446,5.751244,31.771144,127.592040,8.960199,0.357034,4.256000,42.233831,0.210119,0.534574,17.773867,0.447375,3.514060,0.134616,4.714286,0.336735,1.229592,6.785714,5646.000000,22595.571429,1451.278274,0.431548,2.142857,0.153061,0.240832,2.072497,0.089918,3.664498,0.037234,4924.693878,3.759135,0.031257,1.373720,0.012934,0.172719,0.799229,0.799229,24.618917,372.500000,19.676146,74.183766,0.199151,372.500000,1.175660,0.850586,0.328918,38.439550,0.799229,19.676146,24.618917,21.000000,24.000000,31.890437,31.890437,372.500000,19.676146,1.175660,0.850586,74.183766,0.199151,372.500000
"a43bfd8d-20d1-46bb-96fc-bb5a5b6f4649","Detection","nuclei_tumor",315.936035,311.740234,51.000000,100.000000,5710687.000000,1.728533,25.000000,4.582824,155.000000,72.592040,15.613752,69.000000,39.000000,116.000000,10.840495,75.380870,1.167359,20.314315,5710687.000000,0.374307,412.671379,6.172306,18.929352,2.329788,2.204033,0.279282,0.775074,0.243883,0.861175,0.219803,0.883763,0.881598,0.992610,0.965782,-0.424232,0.000000,0.214754,2.385606,0.280971,2.565269,0.469547,4.771213,2.273568,0.620829,3.985419,212.442786,0.211386,1.000000,4.981035,376.178109,0.737847,6.783085,52.735323,282.952239,13.963500,0.246027,0.050143,0.688746,0.007623,111.653422,0.246476,1.253551,10.359823,45.598234,235.757174,11.792524,0.196931,4.900003,80.814570,0.178399,0.450746,25.910501,0.417316,6.239754,0.053050,11.210526,0.295014,1.394044,17.605263,8672.342105,42388.447368,2050.068626,0.121550,7.631579,0.200831,0.447315,9.334046,0.028490,3.984348,0.037811,7972.878809,4.070871,0.015803,3.328079,0.011016,0.252657,0.690669,0.690669,43.165618,1006.000000,29.813148,122.568542,0.121838,1006.000000,1.188366,0.841492,0.418268,62.160038,0.690669,29.813148,43.165618,32.000000,41.000000,52.009614,52.009614,1006.000000,29.813148,1.188366,0.841492,122.568542,0.121838,1006.000000
"f6db815a-38be-4834-aeb8-216009045cb6","Detection","nuclei_histiocyte",23.952896,315.110931,60.000000,115.000000,4871864.000000,1.769289,31.000000,2.150442,136.000000,84.389490,17.116751,81.000000,41.000000,95.000000,13.646930,86.775163,0.297786,20.207496,4871864.000000,0.319140,408.342888,8.677896,13.628923,0.725063,2.557366,0.294577,0.793420,0.288003,0.887668,0.211631,0.857094,0.856656,0.988722,0.952156,-0.390438,0.000000,0.282251,2.848192,0.186147,2.817980,0.283484,5.696385,2.505522,0.712986,4.482273,98.792890,0.152694,1.000000,3.627055,206.483771,0.741083,8.925811,44.353941,380.533230,7.377012,0.168755,0.044407,0.517744,0.007796,108.083110,0.289767,0.886185,9.678284,19.678284,167.646113,3.307227,0.171059,4.705826,61.235925,0.164171,0.576507,7.643151,0.344539,3.833528,0.059096,3.941176,0.231834,2.346021,13.588235,5784.176471,52611.117647,835.125703,0.258807,3.000000,0.176471,0.388962,7.464980,0.078695,3.499228,0.026275,4335.702422,4.161207,0.020330,2.455932,0.018858,0.167662,0.528744,0.528744,39.982299,647.500000,21.140413,105.497475,0.162930,647.500000,1.367837,0.731081,0.337133,40.383665,0.528744,21.140413,39.982299,26.000000,37.000000,45.221676,45.221676,647.500000,21.140413,1.367837,0.731081,105.497475,0.162930,647.500000
"f8b7e8cb-fcbc-4936-bbab-a287031e5d4b","Detection","nuclei_histiocyte",170.433411,324.193848,70.000000,117.000000,9448027.000000,1.680813,25.000000,2.698495,144.000000,94.049467,14.349330,95.000000,50.000000,94.000000,10.294039,95.728495,0.035984,17.850562,9448027.000000,0.350699,318.642558,5.757296,11.832062,0.273975,2.147932,0.364567,0.709797,0.346646,0.982258,0.244404,0.829664,0.828469,0.978871,0.931268,-0.296114,0.000000,0.330965,2.304659,0.178477,2.888665,0.307732,4.609319,2.485195,0.628125,4.504014,156.501455,0.151796,1.000000,3.434190,361.570320,0.614149,5.911736,39.655674,229.052376,12.271978,0.302599,0.049360,0.299311,0.016487,219.711180,0.341166,0.650889,6.054348,16.437888,91.481366,5.289165,0.300433,4.494110,114.683230,0.178080,0.624636,6.185959,0.355890,2.156113,0.109958,9.000000,0.264706,1.294983,6.970588,7315.558824,34313.264706,1888.537377,0.413194,5.000000,0.147059,0.354950,2.227579,0.147289,4.454822,0.032978,6396.042388,15.297373,0.009908,1.679117,0.031016,0.048744,0.351325,0.351325,61.814881,1027.500000,21.717086,148.811183,0.144828,1027.500000,1.715061,0.583070,0.319340,36.233420,0.351325,21.717086,61.814881,29.000000,58.000000,64.845971,64.845971,1027.500000,21.717086,1.715061,0.583070,148.811183,0.144828,1027.500000
"8df8a2de-0871-4e43-b487-2c81b73c9a53","Detection","nuclei_tumor",441.114349,316.840942,60.000000,105.000000,5900235.000000,1.627194,24.000000,2.511688,136.000000,81.419695,13.847360,79.000000,44.000000,92.000000,10.096521,83.168743,0.214263,16.966823,5900235.000000,0.355423,287.873094,8.112854,8.874020,0.598771,1.944002,0.258918,0.764932,0.253998,0.833661,0.194403,0.873821,0.873493,0.990081,0.957784,-0.383992,0.000000,0.249692,2.773370,0.223618,2.575719,0.341021,5.546740,2.302165,0.550730,4.248515,143.743259,0.168515,1.000000,3.665568,303.175850,0.579682,8.463072,48.648300,394.547479,7.880179,0.164607,0.036080,0.342530,0.006530,133.104513,0.316163,0.732946,9.199525,28.261283,224.432304,4.628746,0.170668,4.849603,59.589074,0.141542,0.493552,11.840500,0.323805,3.424946,0.058357,3.705882,0.217993,1.647059,10.647059,11527.823529,90916.529412,1785.784346,0.269820,2.294118,0.134948,0.195423,1.819697,0.053713,3.852169,0.019930,9010.145329,5.341645,0.014027,2.521152,0.014305,0.124311,0.813958,0.813958,36.590355,854.000000,29.783014,109.740115,0.128501,854.000000,1.122181,0.891121,0.419117,62.412543,0.813958,29.783014,36.590355,31.000000,35.000000,46.754679,46.754679,854.000000,29.783014,1.122181,0.891121,109.740115,0.128501,854.000000
"e00d7acc-f8fb-46ea-8ab0-b1acc3dce682","Detection","nuclei_tumor",644.780640,310.311951,69.000000,96.000000,832788.000000,1.018496,9.000000,3.476575,113.000000,83.777778,7.441595,84.000000,64.000000,49.000000,5.208663,84.367329,0.377353,9.956410,832788.000000,0.602601,99.130104,3.606880,2.214768,-0.237118,0.761840,0.171990,0.631646,0.171990,0.662237,0.142410,0.914005,0.914005,0.982801,0.957002,-0.315857,0.000000,0.171990,1.859951,0.464868,1.700985,0.660934,3.719902,1.528995,0.233457,3.502421,21.478632,0.183578,1.000000,3.908540,70.504274,0.235518,3.803419,49.615385,182.316239,17.997626,0.375119,0.046469,0.203967,0.020121,26.054545,0.473719,0.358347,4.072727,27.672727,104.618182,9.244444,0.393434,4.203757,7.109091,0.129256,0.470085,9.571570,0.260666,1.243006,0.094345,1.800000,0.360000,0.800000,4.800000,1639.000000,6365.400000,468.511111,0.494444,1.400000,0.280000,0.404607,2.037338,0.223182,2.321928,0.042735,1091.440000,1.769745,0.106631,0.541539,0.014036,0.262320,0.804207,0.804207,13.759239,117.000000,11.065283,41.798990,0.357256,117.000000,1.188327,0.841519,0.244266,21.199555,0.804207,11.065283,13.759239,12.000000,13.000000,17.691806,17.691806,117.000000,11.065283,1.188327,0.841519,41.798990,0.357256,117.000000
"84b34ef1-f36f-4869-b7a9-2768b246d95c","Detection","nuclei_tumor",496.938263,323.172760,49.000000,99.000000,3167578.000000,1.717227,32.000000,1.987201,116.000000,73.483636,16.283874,74.000000,34.000000,82.000000,12.985898,75.889609,-0.004339,18.957529,3167578.000000,0.341269,359.387914,6.441495,12.745303,-0.239665,2.287972,0.240905,0.809477,0.240905,0.796541,0.182870,0.879548,0.879548,0.985829,0.951819,-0.444767,0.000000,0.240905,2.435103,0.219165,2.648116,0.329892,4.870206,2.407212,0.632219,4.352531,91.360000,0.166109,1.000000,4.153243,187.698182,0.645964,6.796364,47.905455,291.250909,13.292828,0.257096,0.042741,0.353170,0.009063,85.182482,0.310885,0.764452,8.058394,30.715328,189.883212,8.177514,0.225238,4.737496,41.810219,0.152592,0.498182,14.598327,0.356145,3.421695,0.067236,4.333333,0.288889,1.128889,9.733333,5582.000000,38384.533333,1101.024074,0.237963,1.933333,0.128889,0.312283,2.545805,0.057391,3.589898,0.027273,4237.555556,5.490014,0.024245,1.275729,0.025854,0.114861,0.312513,0.312513,49.069626,548.000000,15.334875,113.254834,0.206669,548.000000,1.862615,0.536880,0.256520,23.379932,0.312513,15.334875,49.069626,19.000000,45.000000,48.846699,48.846699,548.000000,15.334875,1.862615,0.536880,113.254834,0.206669,548.000000
"93a4ed17-30b1-4a0e-9871-8bdedd952d01","Detection","nuclei_tumor",1014.986084,329.645782,73.000000,108.000000,5365807.000000,1.227885,17.000000,3.153793,124.000000,90.190698,10.579629,90.000000,52.000000,72.000000,7.246556,91.208994,-0.096140,13.591125,5365807.000000,0.505395,184.718673,4.643035,3.688407,-0.052236,1.068335,0.176617,0.716267,0.175788,0.674064,0.145716,0.912244,0.912189,0.982377,0.956095,-0.394512,0.000000,0.175062,2.102405,0.387527,1.933081,0.590796,4.204809,1.752766,0.311238,3.606700,152.798450,0.236897,1.000000,3.953359,325.979845,0.322543,4.748837,55.325581,254.004651,16.368992,0.305685,0.036869,0.214977,0.011176,99.713725,0.391034,0.468220,5.325490,48.854902,214.596078,14.713725,0.315142,4.674518,31.305882,0.122768,0.395349,23.263206,0.304521,1.969044,0.090289,9.947368,0.523546,0.670360,6.789474,6645.526316,28583.421053,1733.157895,0.312865,2.789474,0.146814,0.318833,2.340115,0.094244,3.405822,0.029457,5493.102493,9.625548,0.021313,0.524436,0.019190,0.052116,0.459581,0.459581,43.970006,646.500000,20.207790,116.183766,0.179712,646.500000,1.661547,0.601849,0.291256,30.140682,0.459581,20.207790,43.970006,20.000000,46.000000,50.159745,50.159745,646.500000,20.207790,1.661547,0.601849,116.183766,0.179712,646.500000
"da265bd2-c4de-4bc4-b69c-e0a4107242a8","Detection","nuclei_tumor",774.054932,322.502197,49.000000,104.000000,2547147.000000,1.886022,33.000000,3.095755,148.000000,74.813842,17.850138,73.000000,36.000000,112.000000,13.253704,77.968646,0.682958,21.954470,2547147.000000,0.316500,481.998758,6.521543,20.181796,1.664253,2.582688,0.377492,0.744953,0.336334,1.009477,0.264371,0.838692,0.835949,0.985809,0.944924,-0.351608,0.000000,0.300322,2.443408,0.196514,2.954848,0.336334,4.886817,2.552824,0.740045,4.440287,57.023866,0.136095,1.000000,5.041530,132.613365,0.849881,7.298329,41.992840,250.042959,10.773980,0.254784,0.061637,0.763591,0.010658,63.439394,0.240301,1.256141,9.500000,19.810606,122.083333,4.871843,0.236689,4.574007,57.916667,0.219381,0.630072,9.734791,0.460506,5.834210,0.077906,7.782609,0.338374,1.463138,14.173913,2067.608696,11886.260870,448.549300,0.195362,3.086957,0.134216,0.317540,5.507621,0.021212,3.844882,0.054893,1735.735350,3.005768,0.032388,2.573926,0.024989,0.248546,0.544301,0.544301,31.591932,418.500000,17.195529,83.355339,0.199176,418.500000,1.321179,0.756900,0.310256,34.201333,0.544301,17.195529,31.591932,19.000000,30.000000,35.510562,35.510562,418.500000,17.195529,1.321179,0.756900,83.355339,0.199176,418.500000
"45e386b2-feec-4a26-8f39-93cc8b48ed5e","Detection","nuclei_tumor",389.213165,332.769714,54.000000,116.000000,5050589.000000,1.966175,29.000000,3.106351,161.000000,82.998529,18.383668,80.000000,43.000000,118.000000,12.830537,86.181998,0.659882,23.207345,5050589.000000,0.300446,538.580880,8.208009,27.136710,2.254134,2.979364,0.337481,0.796505,0.299378,0.956646,0.247853,0.856564,0.854121,0.991041,0.957908,-0.412028,0.000000,0.266956,2.747278,0.201251,2.969479,0.311431,5.494557,2.597257,0.829211,4.340081,110.573529,0.162608,1.000000,5.043599,204.302941,0.964946,9.045588,46.532353,328.022059,9.704899,0.190647,0.050636,0.792969,0.006150,89.680412,0.231135,1.364119,12.938144,28.201031,205.103093,5.644082,0.151488,4.551528,89.329897,0.230232,0.570588,15.914922,0.476523,8.344687,0.044571,7.000000,0.280000,1.520000,19.160000,5091.120000,36959.800000,882.939789,0.108156,3.400000,0.136000,0.309423,7.365879,0.015491,4.003856,0.036765,4351.280000,2.779320,0.022776,3.648311,0.016904,0.289701,0.651717,0.651717,36.657513,681.000000,23.890313,101.740115,0.149398,681.000000,1.209560,0.826747,0.374398,49.804653,0.651717,23.890313,36.657513,27.000000,35.000000,44.204072,44.204072,681.000000,23.890313,1.209560,0.826747,101.740115,0.149398,681.000000
"ac786f05-e0df-4ba6-adcf-0d169d595f54","Detection","nuclei_lymphocyte",45.319176,328.696686,34.000000,78.000000,1166465.000000,1.420239,25.000000,2.695445,101.000000,52.125964,13.971597,48.000000,29.000000,72.000000,10.534740,54.759699,0.810253,16.778217,1166465.000000,0.419446,281.508555,2.636238,7.762181,2.078927,1.642060,0.217842,0.765749,0.216459,0.759090,0.170988,0.892001,0.891909,0.987210,0.956754,-0.397341,0.000000,0.215249,1.510028,0.334056,2.118943,0.529046,3.020055,1.897763,0.464976,3.273306,87.447301,0.224800,1.000000,4.233424,163.164524,0.535193,3.059126,50.886889,104.143959,40.589082,0.645351,0.043896,0.281077,0.016929,62.284916,0.347960,0.595175,5.078212,40.357542,71.452514,34.558504,0.372284,4.025098,34.553073,0.193034,0.460154,21.466621,0.348010,2.428712,0.084039,4.833333,0.402778,0.854167,8.416667,5178.250000,9973.666667,4137.179398,0.262731,3.666667,0.305556,0.500057,5.000471,0.121537,2.584963,0.030848,4127.409722,6.412530,0.039701,1.279486,0.017403,0.275719,0.895001,0.895001,23.657407,388.500000,21.173406,75.355339,0.193965,388.500000,1.163127,0.859751,0.335077,39.892599,0.895001,21.173406,23.657407,23.000000,22.000000,31.827661,31.827661,388.500000,21.173406,1.163127,0.859751,75.355339,0.193965,388.500000
"c3539f05-e6df-4996-9eb8-56315c7d7c80","Detection","nuclei_histiocyte",194.592468,336.856720,45.000000,89.000000,3525415.000000,1.694056,20.000000,5.835863,146.000000,64.119231,14.926913,59.000000,36.000000,110.000000,9.352200,67.229181,1.588439,20.211063,3525415.000000,0.382636,408.487066,4.548289,21.670953,3.015432,2.203965,0.310403,0.753096,0.282616,0.918436,0.230531,0.863238,0.861471,0.988294,0.953553,-0.363869,0.000000,0.259102,2.018638,0.262459,2.625143,0.461538,4.037275,2.301985,0.628592,4.110931,129.769231,0.166371,1.000000,4.649053,298.456410,0.738100,5.105128,47.300000,182.312821,19.740168,0.381367,0.049704,0.539210,0.011810,106.073986,0.253160,1.245220,7.742243,27.985680,111.918854,10.637994,0.306795,4.712108,76.412888,0.182370,0.537179,14.123832,0.408338,4.721983,0.078296,7.533333,0.251111,1.648889,14.133333,6775.200000,26680.600000,1992.224639,0.200713,4.400000,0.146667,0.357572,6.535280,0.024004,4.148394,0.038462,6099.200000,6.428156,0.016862,2.562384,0.018408,0.183349,0.550288,0.550288,43.040207,784.000000,23.684491,116.083261,0.148065,784.000000,1.367771,0.731117,0.353661,44.440169,0.550288,23.684491,43.040207,29.000000,39.000000,48.600412,48.600412,784.000000,23.684491,1.367771,0.731117,116.083261,0.148065,784.000000
"929e2c40-bf76-402b-ae53-3549e5f58146","Detection","nuclei_tumor",640.734863,331.166382,48.000000,93.000000,2859503.000000,1.588559,25.000000,3.550809,132.000000,68.684859,14.199607,65.000000,38.000000,94.000000,10.013025,70.953057,0.871919,17.796808,2859503.000000,0.410044,316.726390,5.388318,13.413415,1.496232,1.881756,0.189252,0.817237,0.188318,0.701669,0.153789,0.905997,0.905935,0.992729,0.968636,-0.479363,0.000000,0.187500,2.228271,0.317729,2.324959,0.521495,4.456542,2.132450,0.517752,3.846860,133.302817,0.234688,1.000000,4.133555,232.904930,0.567766,5.765845,54.823944,270.522887,16.676774,0.283133,0.038270,0.385821,0.007171,69.330435,0.301437,0.877807,8.191304,44.956522,211.886957,13.050486,0.225455,4.858835,30.756522,0.133724,0.404930,20.561512,0.329488,3.882372,0.043712,4.000000,0.285714,1.102041,12.857143,8712.857143,38711.642857,2256.078671,0.157004,2.428571,0.173469,0.387451,6.757425,0.023530,3.235926,0.024648,7066.816327,3.086891,0.028032,1.907776,0.010760,0.286717,0.793060,0.793060,30.249149,567.000000,23.989387,90.426407,0.159482,567.000000,1.147619,0.871370,0.372019,49.173675,0.793060,23.989387,30.249149,29.000000,25.000000,38.288379,38.288379,567.000000,23.989387,1.147619,0.871370,90.426407,0.159482,567.000000
"5df1515c-d53e-4d62-b7aa-aeddd5c52cd6","Detection","nuclei_stroma",247.305557,342.682800,54.000000,82.000000,1585671.000000,0.814033,12.000000,3.989797,102.000000,64.341398,8.587380,61.000000,46.000000,56.000000,5.690443,65.288257,1.211189,11.078853,1585671.000000,0.689834,122.740974,4.651471,1.635688,0.567763,0.541001,0.110294,0.661308,0.110294,0.500802,0.098129,0.944853,0.944853,0.993512,0.977941,-0.372395,0.000000,0.110294,2.131618,0.621435,1.254729,0.779412,4.263235,1.144435,0.162824,2.822783,114.774194,0.308533,1.000000,3.911261,256.618280,0.178135,4.814516,60.241935,269.787634,14.459640,0.240703,0.034813,0.256583,0.007355,49.000000,0.426087,0.427524,6.104348,86.052174,365.582609,21.156280,0.237198,4.570065,13.260870,0.115312,0.309140,44.196900,0.307129,2.404742,0.071153,2.777778,0.308642,0.839506,8.555556,10289.555556,42559.000000,2537.140432,0.229938,1.888889,0.209877,0.363424,4.746500,0.033308,2.947703,0.024194,8581.111111,1.722505,0.054841,0.738213,0.003467,0.285128,0.404896,0.404896,34.496800,372.000000,13.967608,89.112698,0.239550,372.000000,1.698738,0.588672,0.249493,22.116656,0.404896,13.967608,34.496800,15.000000,34.000000,37.161808,37.161808,372.000000,13.967608,1.698738,0.588672,89.112698,0.239550,372.000000
"7b465879-5712-4e02-94a0-2f7699571189","Detection","nuclei_tumor",517.917664,339.368408,44.000000,84.000000,1450955.000000,1.594184,20.000000,3.497380,112.000000,60.501355,13.118176,58.000000,33.000000,79.000000,9.193370,62.706677,0.991796,16.483732,1450955.000000,0.378941,271.713413,3.637162,8.662776,1.189620,1.676688,0.356986,0.648925,0.320410,0.983435,0.254324,0.845891,0.843453,0.979646,0.937137,-0.270554,0.000000,0.288405,1.818581,0.234460,2.584992,0.385516,3.637162,2.204546,0.508418,4.154308,52.918699,0.143411,1.000000,4.737788,139.829268,0.594282,4.203252,42.815718,139.065041,22.171033,0.459463,0.063117,0.502385,0.016328,71.109705,0.300041,0.828322,5.886076,16.852321,56.135021,8.792077,0.358650,4.219965,53.641350,0.226335,0.642276,7.155798,0.477251,3.925019,0.109571,5.555556,0.308642,0.888889,9.888889,2630.388889,8603.833333,1209.577932,0.180170,4.222222,0.234568,0.485581,5.231033,0.065702,3.461320,0.048780,2210.138889,6.797677,0.027223,1.792194,0.030244,0.156529,0.795890,0.795890,24.708473,370.500000,19.665229,76.183766,0.205624,370.500000,1.246599,0.802183,0.314354,35.110861,0.795890,19.665229,24.708473,20.000000,26.000000,32.802439,32.802439,370.500000,19.665229,1.246599,0.802183,76.183766,0.205624,370.500000
"e12fd78f-5f20-41c7-aae5-b60599c9ad27","Detection","nuclei_endothelium",124.414810,354.538879,60.000000,103.000000,4631724.000000,1.563521,27.000000,2.367143,130.000000,81.342262,13.860039,82.000000,45.000000,85.000000,10.680311,83.020759,0.073464,16.609722,4631724.000000,0.384416,275.882857,7.826923,6.999734,0.235006,1.625223,0.303686,0.685122,0.294872,0.902260,0.216737,0.854033,0.853446,0.988390,0.951065,-0.303998,0.000000,0.287159,2.737981,0.236751,2.570332,0.381410,5.475962,2.244292,0.482227,4.204095,100.565476,0.149651,1.000000,4.051649,258.327381,0.517538,8.178571,43.375000,324.431548,7.180273,0.166812,0.053441,0.579500,0.008976,122.582474,0.315934,0.736290,9.278351,22.396907,176.829897,3.571926,0.169666,4.477114,70.056701,0.180559,0.577381,10.398183,0.388176,4.355473,0.064123,9.222222,0.341564,1.196159,12.555556,3737.037037,28413.703704,572.449228,0.189691,5.518519,0.204390,0.443696,6.021060,0.070515,3.930270,0.040179,3117.580247,4.280986,0.016203,2.772173,0.014205,0.139410,0.259710,0.259710,57.734412,673.000000,14.994218,130.911688,0.194520,673.000000,2.026431,0.493478,0.253497,22.832172,0.259710,14.994218,57.734412,23.000000,53.000000,57.775427,57.775427,673.000000,14.994218,2.026431,0.493478,130.911688,0.194520,673.000000
"62565b38-1491-4114-93e6-169a4d09a683","Detection","nuclei_tumor",566.809326,339.106995,78.000000,121.000000,3733600.000000,1.541567,19.000000,3.046543,143.000000,101.789773,12.119899,103.000000,65.000000,78.000000,8.122647,102.989408,-0.181764,15.673556,3733600.000000,0.404103,245.660350,6.855061,8.619278,-1.191819,1.711522,0.266871,0.730214,0.266871,0.836939,0.195651,0.866564,0.866564,0.984302,0.946626,-0.348818,0.000000,0.266871,2.548313,0.253304,2.485305,0.419479,5.096626,2.218433,0.494598,4.099586,55.750000,0.158381,1.000000,3.387397,142.244318,0.517360,7.303977,44.755682,307.673295,10.030066,0.215515,0.040109,0.387237,0.006951,67.474227,0.347805,0.632081,8.180412,19.855670,140.804124,4.165020,0.195733,4.430855,28.969072,0.149325,0.551136,6.687002,0.300992,3.121403,0.041510,4.200000,0.420000,1.160000,11.400000,4920.800000,37735.300000,772.723611,0.198611,1.400000,0.140000,0.260199,3.860662,0.021102,3.121928,0.028409,3681.760000,3.225979,0.030911,1.460596,0.022357,0.155885,0.875154,0.875154,22.707864,350.500000,19.872884,71.355339,0.203582,350.500000,1.155993,0.865057,0.328075,38.242740,0.875154,19.872884,22.707864,20.000000,23.000000,30.479501,30.479501,350.500000,19.872884,1.155993,0.865057,71.355339,0.203582,350.500000
"4480e3a6-aec0-40ec-b785-9b9d6d0408f5","Detection","nuclei_tumor",825.429321,364.422821,45.000000,76.000000,3575677.000000,1.369762,20.000000,2.601844,100.000000,59.222793,10.866013,58.000000,36.000000,64.000000,8.405778,60.589820,0.561521,12.797934,3575677.000000,0.432563,163.787119,3.456463,4.429506,0.208645,1.333599,0.173878,0.769313,0.173878,0.666499,0.143644,0.913061,0.913061,0.989772,0.965224,-0.442695,0.000000,0.173878,1.779475,0.325611,2.063023,0.490265,3.558951,1.889145,0.376869,3.632860,235.866530,0.242163,1.000000,3.444923,421.316222,0.402010,3.715606,56.342916,185.935318,27.868533,0.462019,0.030497,0.170124,0.010754,125.862069,0.361673,0.538545,4.890805,59.568966,195.436782,29.289951,0.375519,4.845118,35.448276,0.101863,0.357290,28.234707,0.248580,1.768869,0.062061,7.266667,0.484444,0.622222,7.733333,24433.733333,87487.400000,9054.874537,0.244907,1.933333,0.128889,0.302162,3.172636,0.030720,3.456565,0.015400,20217.395556,9.443910,0.015270,1.188206,0.011735,0.099132,0.466661,0.466661,52.414825,979.500000,24.459933,137.154329,0.140025,979.500000,1.528286,0.654328,0.344045,42.056458,0.466661,24.459933,52.414825,25.000000,53.000000,58.600341,58.600341,979.500000,24.459933,1.528286,0.654328,137.154329,0.140025,979.500000
"510d51e4-ffb0-41c9-9882-6b2d3e99e75a","Detection","nuclei_lymphocyte",81.626534,346.748810,46.000000,85.000000,1472863.000000,1.616889,16.000000,5.751485,137.000000,61.759887,13.616122,56.000000,35.000000,102.000000,7.902954,64.502945,1.720539,18.610382,1472863.000000,0.413116,346.346301,4.177235,16.975960,2.620172,1.852897,0.401070,0.644121,0.355233,1.037589,0.274879,0.830023,0.826967,0.984939,0.941886,-0.250213,0.000000,0.315126,1.953018,0.267953,2.612317,0.471352,3.906035,2.214558,0.563492,4.061359,47.423729,0.133965,1.000000,5.165629,146.242938,0.692872,4.875706,40.423729,143.299435,16.901588,0.389846,0.078986,0.814090,0.021559,62.923404,0.267759,1.148864,6.868085,15.702128,62.178723,6.134962,0.345090,4.302702,53.365957,0.227089,0.663842,6.625369,0.474810,4.607178,0.126962,7.689655,0.265161,1.543401,11.827586,1609.724138,6260.206897,473.415785,0.244262,6.862069,0.236623,0.439311,6.176529,0.097174,3.771437,0.081921,1460.715815,3.745496,0.028640,3.321429,0.021860,0.322734,0.801956,0.801956,23.863496,353.000000,19.137480,73.941125,0.209465,353.000000,1.232502,0.811358,0.313235,34.861303,0.801956,19.137480,23.863496,23.000000,20.000000,30.479501,30.479501,353.000000,19.137480,1.232502,0.811358,73.941125,0.209465,353.000000
"cb9f7c52-7d34-493e-811c-8b6720fab75d","Detection","nuclei_tumor",726.353149,353.796234,64.000000,105.000000,6328832.000000,1.605071,21.000000,5.118341,162.000000,84.891795,13.307226,84.000000,45.000000,117.000000,8.961982,86.748862,0.933815,17.853518,6328832.000000,0.402467,318.748102,8.440662,11.810851,0.915625,1.753786,0.284197,0.721099,0.249219,0.862983,0.222087,0.880517,0.878888,0.992514,0.964988,-0.376617,0.000000,0.225250,2.841349,0.286077,2.463194,0.468457,5.682698,2.179192,0.509496,3.989921,158.036861,0.187915,1.000000,4.672228,338.474435,0.588357,9.005945,51.304400,401.702735,8.027244,0.149398,0.045439,0.674501,0.004989,111.673469,0.284881,0.989796,11.785714,34.056122,263.107143,5.398577,0.130843,4.841747,63.505102,0.162003,0.466112,15.645018,0.390923,6.230396,0.036356,7.857143,0.280612,1.605867,17.892857,9112.464286,76514.785714,1179.087520,0.115159,4.000000,0.142857,0.355652,8.488561,0.017398,4.066109,0.033294,8210.320153,2.999759,0.016307,3.440655,0.009107,0.237432,0.747208,0.747208,37.933195,840.000000,28.343975,110.911688,0.132038,840.000000,1.165374,0.858093,0.405731,58.489647,0.747208,28.343975,37.933195,30.000000,36.000000,46.861498,46.861498,840.000000,28.343975,1.165374,0.858093,110.911688,0.132038,840.000000
"749a0671-3156-4e66-a049-768bcace3d79","Detection","nuclei_tumor",693.750305,360.622498,47.000000,96.000000,4152717.000000,1.779950,30.000000,2.534816,133.000000,71.998661,16.269175,74.000000,36.000000,97.000000,12.471121,74.559994,0.244638,19.374869,4152717.000000,0.330384,375.385540,6.431219,17.876567,0.004384,2.602954,0.196721,0.859469,0.196721,0.715322,0.158022,0.901639,0.901639,0.992434,0.967213,-0.520832,0.000000,0.196721,2.414469,0.232773,2.604071,0.354954,4.828938,2.407350,0.699919,4.287290,151.147256,0.202339,1.000000,3.894371,246.796519,0.718175,6.595716,53.382865,342.611780,14.988951,0.287935,0.034510,0.247288,0.009437,90.352381,0.286833,0.922288,7.038095,41.923810,285.746032,10.256235,0.296132,5.091847,42.041270,0.133464,0.421687,19.429116,0.315444,2.537125,0.077602,3.666667,0.244444,1.315556,7.733333,11100.066667,75016.466667,2234.701556,0.323963,1.933333,0.128889,0.245834,1.639833,0.049181,3.640224,0.020080,8620.026667,3.770512,0.022240,2.039392,0.014418,0.203342,0.342310,0.342310,53.660454,747.000000,18.368506,125.882251,0.168517,747.000000,1.688101,0.592381,0.298400,31.637348,0.342310,18.368506,53.660454,31.000000,46.000000,55.470713,55.470713,747.000000,18.368506,1.688101,0.592381,125.882251,0.168517,747.000000
"6cb147c0-0788-4bb9-98bb-dcffb5acbc16","Detection","nuclei_histiocyte",9.597485,351.092041,54.000000,99.000000,1870767.000000,1.642775,28.000000,2.368242,126.000000,78.175258,14.926347,81.000000,38.000000,88.000000,11.332160,80.179502,-0.257857,17.815209,1870767.000000,0.376838,317.381656,7.076707,11.027334,-0.826041,2.002079,0.272217,0.760614,0.262862,0.857747,0.203120,0.870128,0.869504,0.989605,0.956412,-0.381002,0.000000,0.254677,2.577643,0.237463,2.630777,0.393826,5.155285,2.335687,0.568574,4.276000,44.457045,0.152773,1.000000,4.859201,109.659794,0.583012,7.512027,46.463918,325.697595,10.127023,0.215368,0.055430,0.608840,0.008515,52.105590,0.323637,0.752363,8.739130,23.763975,174.012422,4.637488,0.197529,4.384481,31.472050,0.195479,0.553265,10.696424,0.435102,4.823237,0.053950,3.909091,0.355372,1.322314,12.636364,2841.181818,21483.090909,459.398207,0.184192,2.818182,0.256198,0.467186,7.199007,0.044395,3.027169,0.037801,2141.338843,1.639329,0.042467,2.490797,0.014754,0.369107,0.736047,0.736047,22.549481,291.500000,16.597486,65.698485,0.225381,291.500000,1.178317,0.848668,0.308838,33.889365,0.736047,16.597486,22.549481,17.000000,22.000000,27.802878,27.802878,291.500000,16.597486,1.178317,0.848668,65.698485,0.225381,291.500000
"49062475-95e5-4483-882a-fa6b1f0af3a9","Detection","nuclei_tumor",901.830200,359.167480,66.000000,117.000000,8025249.000000,1.689879,26.000000,2.882062,149.000000,90.577991,15.254264,89.000000,52.000000,97.000000,10.640800,92.595810,0.393301,19.225281,8025249.000000,0.355607,369.611439,4.908989,13.505487,1.173012,2.173007,0.202464,0.829538,0.200224,0.730115,0.162375,0.900261,0.900112,0.988130,0.960030,-0.485968,0.000000,0.198264,2.101512,0.260975,2.477768,0.445533,4.203024,2.269077,0.593868,4.057675,205.735043,0.219802,1.000000,4.019706,332.848291,0.642336,5.290598,54.587607,245.884615,21.345872,0.354330,0.035618,0.297123,0.009155,112.181818,0.299951,0.805799,7.149733,45.390374,190.026738,18.790478,0.275475,5.049982,45.877005,0.122666,0.399573,20.336870,0.315972,3.002274,0.063877,7.125000,0.445313,1.089844,12.062500,19201.250000,86807.375000,5900.591146,0.200521,3.625000,0.226563,0.442733,6.478226,0.035133,2.977217,0.017094,15779.000000,10.050692,0.016982,1.063023,0.021324,0.086279,0.663894,0.663894,42.474930,934.500000,28.198852,118.669048,0.126987,934.500000,1.199184,0.833901,0.407848,59.101515,0.663894,28.198852,42.474930,28.000000,41.000000,49.648766,49.648766,934.500000,28.198852,1.199184,0.833901,118.669048,0.126987,934.500000
"674d1ed2-cfb5-4f20-89da-3c7f71d2f4fe","Detection","nuclei_lymphocyte",42.807682,359.455780,42.000000,92.000000,2863008.000000,1.708655,23.000000,4.099285,132.000000,63.641422,14.961136,59.000000,36.000000,96.000000,10.083629,66.521057,1.141833,19.360279,2863008.000000,0.367940,374.820417,4.396311,17.479813,2.327517,2.128203,0.304508,0.749655,0.284836,0.906762,0.223377,0.860656,0.859549,0.988472,0.952981,-0.363171,0.000000,0.269558,1.985041,0.251962,2.627793,0.440984,3.970082,2.305046,0.608178,4.119059,102.047913,0.157725,1.000000,4.987361,238.057187,0.716033,4.979907,46.746522,169.647604,21.154194,0.395450,0.054965,0.575624,0.013955,92.154286,0.263298,1.089478,7.454286,27.348571,105.394286,11.813635,0.302383,4.660866,67.840000,0.193829,0.540958,13.679706,0.436518,4.677728,0.086301,6.703704,0.248285,1.764060,12.629630,4910.703704,19081.555556,1541.249455,0.251492,4.851852,0.179698,0.410522,6.883696,0.068639,4.014147,0.041731,4336.480110,5.371223,0.020361,2.600804,0.018015,0.220561,0.628721,0.628721,36.504147,646.500000,22.950927,101.497475,0.156995,646.500000,1.268037,0.788620,0.356706,45.208877,0.628721,22.950927,36.504147,34.000000,26.000000,42.801869,42.801869,646.500000,22.950927,1.268037,0.788620,101.497475,0.156995,646.500000
"6a11531c-6e34-42ae-be2a-4716485494e2","Detection","nuclei_tumor",292.885101,364.851288,81.000000,115.000000,9090534.000000,1.320446,18.000000,2.870412,140.000000,96.560084,10.740321,95.000000,69.000000,71.000000,7.731003,97.462765,0.451351,13.234079,9090534.000000,0.459217,175.140852,5.821869,4.432322,0.565236,1.223979,0.175391,0.749329,0.175391,0.669889,0.144629,0.912305,0.912305,0.989683,0.964922,-0.417360,0.000000,0.175391,2.357906,0.352933,2.019813,0.520965,4.715813,1.844422,0.349842,3.617785,219.407524,0.229266,1.000000,3.488403,439.470219,0.372941,6.113898,56.609195,317.096134,12.574553,0.218449,0.031882,0.267495,0.006211,129.005731,0.369644,0.571210,7.595989,59.283668,301.885387,13.562997,0.206523,4.893032,38.421203,0.110089,0.364681,29.206772,0.261580,2.532766,0.048305,5.947368,0.313019,1.157895,10.157895,20623.842105,107673.421053,4479.484649,0.245614,3.105263,0.163435,0.339762,4.579020,0.040299,3.721612,0.019854,18086.864266,7.713180,0.015157,1.061893,0.010933,0.077646,0.603568,0.603568,45.045267,956.000000,27.187872,122.568542,0.128210,956.000000,1.250519,0.799668,0.397479,56.134660,0.603568,27.187872,45.045267,41.000000,32.000000,52.009614,52.009614,956.000000,27.187872,1.250519,0.799668,122.568542,0.128210,956.000000
"20098826-3d36-4d5c-b673-69ebb1485684","Detection","nuclei_tumor",436.682556,385.939545,50.000000,82.000000,6899535.000000,1.149899,16.000000,2.876171,108.000000,65.430858,9.285294,64.000000,40.000000,68.000000,6.700502,66.461386,0.409404,11.658418,6899535.000000,0.547756,135.918715,4.598634,3.365988,0.085715,0.938628,0.131789,0.753761,0.131789,0.562325,0.114421,0.934105,0.934105,0.992248,0.973642,-0.463267,0.000000,0.131789,2.096884,0.467401,1.698815,0.662779,4.193769,1.567026,0.267604,3.095229,531.402049,0.340206,1.000000,3.348383,855.594110,0.286108,4.809219,62.211268,275.179257,18.160567,0.284660,0.028126,0.185197,0.007473,177.997753,0.399995,0.478647,6.249438,124.786517,522.795506,33.979026,0.257553,5.033655,47.876404,0.107587,0.284891,75.502962,0.295296,2.308286,0.059988,8.428571,0.401361,0.943311,8.571429,59999.238095,246003.809524,15236.884921,0.277778,3.190476,0.151927,0.371183,3.911090,0.116749,3.725651,0.013444,54466.712018,9.397133,0.011231,0.863679,0.006475,0.063189,0.453234,0.453234,66.570677,1563.500000,30.172097,169.296465,0.108280,1563.500000,1.458774,0.685507,0.400453,56.977643,0.453234,30.172097,66.570677,31.000000,67.000000,73.824115,73.824115,1563.500000,30.172097,1.458774,0.685507,169.296465,0.108280,1563.500000
"46a3ab55-e284-4b96-9dc0-b4206a291a62","Detection","nuclei_tumor",763.536194,368.807159,64.000000,102.000000,5065599.000000,1.441400,22.000000,2.784744,126.000000,81.783083,12.237295,80.000000,53.000000,73.000000,9.158136,83.131079,0.583289,14.909848,5065599.000000,0.402121,222.303561,3.306863,5.417521,0.703676,1.471585,0.292490,0.668393,0.286022,0.884721,0.210681,0.858067,0.857636,0.982909,0.943011,-0.288861,0.000000,0.280363,1.735537,0.241725,2.419607,0.361840,3.471074,2.110609,0.441019,4.131767,109.998636,0.150066,1.000000,4.012444,294.754434,0.457899,3.574352,45.564802,139.653479,25.719731,0.508896,0.044515,0.242410,0.017350,147.779412,0.362204,0.553057,4.436275,22.343137,67.495098,12.918573,0.425943,4.420151,68.857843,0.168769,0.556617,9.432502,0.371129,2.131095,0.118873,7.857143,0.374150,1.006803,6.904762,7783.666667,26035.904762,3333.393188,0.373677,3.190476,0.151927,0.343499,3.063437,0.084617,3.689704,0.028649,6565.324263,11.922580,0.014179,1.808983,0.020108,0.093104,0.994163,0.994163,30.683990,732.000000,30.504876,102.083261,0.139458,732.000000,1.132891,0.882697,0.400409,56.965371,0.994163,30.504876,30.683990,31.000000,30.000000,43.139309,43.139309,732.000000,30.504876,1.132891,0.882697,102.083261,0.139458,732.000000
"8f90e8a9-ecd5-4aa1-a273-ab80f9920183","Detection","nuclei_tumor",532.986633,371.916870,98.000000,121.000000,4888626.000000,0.908750,12.000000,3.019935,137.000000,108.933985,7.434724,108.000000,80.000000,57.000000,5.397791,109.328088,0.142690,9.274570,4888626.000000,0.654163,86.017647,3.682237,1.577210,-0.166267,0.573164,0.199342,0.483908,0.199342,0.720610,0.159605,0.900329,0.900329,0.980066,0.950164,-0.197134,0.000000,0.199342,1.894408,0.503985,1.610554,0.696053,3.788816,1.411212,0.193127,3.267157,79.371638,0.194063,1.000000,3.914479,267.552567,0.197775,3.806846,52.232274,202.877751,15.874898,0.358055,0.031615,0.117821,0.014467,76.136364,0.432593,0.398760,3.704545,42.397727,166.193182,12.080177,0.462753,4.364194,25.579545,0.145338,0.430318,20.796358,0.284493,1.066749,0.146800,6.230769,0.479290,0.828402,3.692308,8133.461538,32454.692308,2066.487179,0.668803,1.615385,0.124260,0.056709,0.272267,0.032758,3.238901,0.031785,7143.633136,6.309090,0.027704,0.610698,0.012837,0.065882,0.701473,0.701473,27.475199,411.000000,19.273110,80.769553,0.196520,411.000000,1.263117,0.791692,0.319444,36.257093,0.701473,19.273110,27.475199,25.000000,23.000000,33.970576,33.970576,411.000000,19.273110,1.263117,0.791692,80.769553,0.196520,411.000000
"9b606c30-3950-4638-8598-7d639da46fb5","Detection","nuclei_lymphocyte",183.305725,372.709106,44.000000,80.000000,1536355.000000,1.372180,17.000000,6.322220,130.000000,59.774752,11.114057,57.000000,35.000000,95.000000,7.045118,61.667324,1.508956,15.160405,1536355.000000,0.482894,229.837877,3.753498,6.536339,0.527833,1.186067,0.265823,0.633825,0.237841,0.840212,0.209254,0.885410,0.883877,0.990044,0.961002,-0.305718,0.000000,0.216504,1.877082,0.365713,2.125909,0.569620,3.754164,1.863575,0.362972,3.682978,77.321782,0.191391,1.000000,5.312445,195.089109,0.437629,4.222772,50.975248,177.099010,21.064159,0.391751,0.064895,0.625361,0.015306,60.005076,0.304594,0.869695,6.157360,34.253807,124.903553,12.965209,0.339997,4.420441,37.152284,0.188590,0.487624,17.431317,0.427755,3.825007,0.112719,8.040000,0.321600,1.238400,10.480000,3017.280000,11416.720000,931.591256,0.241533,7.000000,0.280000,0.523674,7.343009,0.055628,3.475085,0.061881,2756.134400,2.788707,0.031798,2.544870,0.009984,0.385103,0.794922,0.794922,25.658187,404.500000,20.396263,79.355339,0.196181,404.500000,1.238865,0.807191,0.322834,37.030619,0.794922,20.396263,25.658187,23.000000,23.000000,32.526912,32.526912,404.500000,20.396263,1.238865,0.807191,79.355339,0.196181,404.500000
"9f153413-57ff-48ec-877b-78be12374f8c","Detection","nuclei_lymphocyte",222.592834,375.436615,43.000000,84.000000,1521080.000000,1.642345,20.000000,6.607257,140.000000,59.588689,13.851164,53.000000,37.000000,103.000000,8.680079,62.531843,1.800118,18.958363,1521080.000000,0.382452,359.419512,3.639640,19.066631,3.000930,1.980651,0.388080,0.672331,0.327096,1.019806,0.281088,0.846269,0.842550,0.985606,0.946911,-0.288385,0.000000,0.277008,1.800416,0.251286,2.582966,0.395703,3.600832,2.203232,0.592183,3.989727,57.575835,0.148010,1.000000,5.578750,148.773779,0.734928,4.334190,44.120823,128.251928,24.688198,0.475642,0.069755,0.718463,0.018793,63.017094,0.269304,1.155691,6.944444,21.444444,67.059829,11.987436,0.338716,4.313771,53.683761,0.229418,0.601542,10.390240,0.484463,5.024392,0.092755,7.846154,0.301775,1.366864,12.307692,2138.730769,6772.307692,998.472511,0.195994,6.153846,0.236686,0.408029,6.323115,0.073532,3.715454,0.066838,1914.883136,4.191918,0.029218,3.085135,0.021396,0.348888,0.736717,0.736717,26.155957,390.500000,19.269532,77.355339,0.198093,390.500000,1.219410,0.820069,0.323825,37.258346,0.736717,19.269532,26.155957,20.000000,26.000000,32.802439,32.802439,390.500000,19.269532,1.219410,0.820069,77.355339,0.198093,390.500000
"bf24de30-e0a8-4e49-b4f7-c9a9b6111666","Detection","nuclei_tumor",334.431091,380.445068,55.000000,102.000000,2566888.000000,1.477820,20.000000,4.172515,142.000000,73.679458,14.851500,68.000000,46.000000,96.000000,9.774318,76.120494,1.274898,19.122422,2566888.000000,0.465292,365.667005,6.006105,14.939444,3.325085,1.778312,0.319292,0.695565,0.278999,0.927123,0.241452,0.867216,0.864530,0.988040,0.954460,-0.304950,0.000000,0.243742,2.375153,0.380236,2.286968,0.597680,4.750305,1.947169,0.524401,3.547646,88.295711,0.199313,1.000000,6.317352,206.124153,0.646067,6.722348,48.318284,231.525959,11.440699,0.213367,0.061572,0.801633,0.008649,64.004292,0.274697,0.989187,10.274678,35.854077,172.343348,8.503739,0.168833,4.306454,61.163090,0.262503,0.525959,21.394500,0.526271,6.880501,0.066976,6.826087,0.296786,1.323251,15.304348,3659.434783,15621.913043,891.712053,0.154758,3.347826,0.145558,0.355159,6.921374,0.024314,3.882045,0.051919,3288.453686,2.645375,0.031243,2.240327,0.015539,0.275211,0.414007,0.414007,37.363823,441.500000,15.468867,91.355339,0.206920,441.500000,1.504275,0.664772,0.285269,28.914254,0.414007,15.468867,37.363823,18.000000,35.000000,39.357337,39.357337,441.500000,15.468867,1.504275,0.664772,91.355339,0.206920,441.500000
"ca809ae8-8f6f-4765-989b-77199957ca4d","Detection","nuclei_lymphocyte",22.306650,384.477325,47.000000,99.000000,2100194.000000,1.841204,30.000000,3.674021,151.000000,69.806616,17.580910,64.000000,36.000000,115.000000,12.896178,73.102702,0.987612,21.703490,2100194.000000,0.331637,471.041483,5.428277,18.907320,2.187249,2.349368,0.465340,0.669351,0.392588,1.108705,0.311215,0.815317,0.810981,0.987757,0.945191,-0.266259,0.000000,0.333791,2.226493,0.186444,3.021751,0.357584,4.452986,2.509834,0.703677,4.572947,50.231552,0.127816,1.000000,4.890676,130.333333,0.817409,6.190840,38.048346,194.480916,11.963943,0.314750,0.070631,0.792618,0.017714,72.050000,0.257321,1.218559,7.739286,14.600000,76.457143,4.340133,0.301783,4.463959,69.892857,0.249617,0.712468,6.719949,0.500024,4.933188,0.126118,5.166667,0.215278,2.222222,13.333333,1784.958333,8324.041667,459.123657,0.271644,3.833333,0.159722,0.361501,6.766240,0.066033,4.136842,0.061069,1516.817708,2.689526,0.026597,5.810247,0.019283,0.442755,0.621154,0.621154,28.719876,393.500000,17.839475,79.355339,0.201665,393.500000,1.273496,0.785240,0.314055,35.043977,0.621154,17.839475,28.719876,18.000000,29.000000,34.132096,34.132096,393.500000,17.839475,1.273496,0.785240,79.355339,0.201665,393.500000
"1144d608-8c69-4bc9-a122-cf2f09793893","Detection","nuclei_lymphocyte",45.106621,384.561218,41.000000,96.000000,1409592.000000,1.777705,33.000000,2.371690,121.000000,67.347368,16.934367,65.000000,37.000000,84.000000,13.466004,70.327355,0.443642,20.255093,1409592.000000,0.313660,410.268809,4.765774,12.514622,0.775722,2.389388,0.288719,0.784386,0.284895,0.876017,0.207554,0.858190,0.857935,0.983084,0.943149,-0.395756,0.000000,0.281549,2.059273,0.192066,2.742283,0.315488,4.118547,2.444114,0.669527,4.179480,43.764912,0.153561,1.000000,3.885134,89.392982,0.738640,5.364912,43.112281,179.070175,20.335526,0.386355,0.047613,0.439462,0.010953,49.500000,0.301829,0.798632,7.109756,19.085366,81.914634,9.235942,0.276677,4.224760,27.817073,0.169616,0.575439,7.005503,0.335828,3.521694,0.050970,3.444444,0.382716,1.061728,11.444444,2793.000000,13241.222222,1015.442901,0.198302,1.888889,0.209877,0.367331,5.098973,0.028382,2.725481,0.031579,1790.222222,4.391162,0.045900,1.379953,0.032499,0.224410,0.762222,0.762222,21.898997,284.500000,16.691903,64.041631,0.225102,284.500000,1.147183,0.871701,0.313194,34.852166,0.762222,16.691903,21.898997,18.000000,19.000000,26.172505,26.172505,284.500000,16.691903,1.147183,0.871701,64.041631,0.225102,284.500000
"fa930b9b-1fb0-40cb-be4f-ae7f67926817","Detection","nuclei_tumor",1007.503174,388.240326,57.000000,94.000000,4399454.000000,1.228426,20.000000,3.502847,123.000000,73.139241,11.704695,71.000000,49.000000,74.000000,8.181971,74.625258,0.871522,14.818253,4399454.000000,0.480663,219.580612,6.063752,4.479431,1.348910,1.182946,0.170895,0.747541,0.169559,0.661454,0.142144,0.915443,0.915354,0.989971,0.966133,-0.404138,0.000000,0.168391,2.410547,0.386858,1.855158,0.567089,4.821095,1.679653,0.338460,3.391239,203.787342,0.257959,1.000000,3.882391,379.724051,0.376920,6.394937,57.227848,322.116456,11.958755,0.193548,0.035400,0.335697,0.005996,108.214035,0.379698,0.500265,8.498246,67.031579,345.143860,14.801267,0.154800,4.689542,35.898246,0.125959,0.360759,36.297199,0.300284,3.252380,0.039707,8.466667,0.564444,0.782222,13.266667,19848.800000,102196.133333,4336.332407,0.143981,3.933333,0.262222,0.508785,6.673884,0.097540,2.999581,0.018987,17075.022222,5.876268,0.019461,1.100408,0.010533,0.098394,0.752003,0.752003,37.130071,792.000000,27.921910,113.941125,0.143865,792.000000,1.304446,0.766609,0.367392,47.958017,0.752003,27.921910,37.130071,33.000000,30.000000,44.598206,44.598206,792.000000,27.921910,1.304446,0.766609,113.941125,0.143865,792.000000
"6a04706d-501e-4aff-82b8-c29ae7666121","Detection","nuclei_lymphocyte",80.523987,390.578705,41.000000,85.000000,1490826.000000,1.619412,25.000000,3.483746,123.000000,58.931646,14.240423,53.000000,33.000000,90.000000,10.708720,61.434868,0.968128,17.358116,1490826.000000,0.351617,301.304188,3.410555,8.891829,1.477371,1.906451,0.311172,0.719364,0.297464,0.916331,0.222687,0.853553,0.852639,0.981938,0.940964,-0.326796,0.000000,0.285469,1.735435,0.227033,2.558254,0.357094,3.470870,2.220655,0.554406,4.129805,57.318987,0.145111,1.000000,4.916840,138.888608,0.631886,3.954430,43.860759,121.205063,28.602918,0.520886,0.059032,0.433554,0.017821,78.090909,0.322690,0.698654,5.826446,21.595041,58.495868,14.686754,0.337179,4.111304,54.909091,0.226897,0.612658,10.938324,0.474791,3.628763,0.102389,5.705882,0.335640,0.878893,9.529412,3031.470588,8886.352941,1814.641340,0.217729,4.647059,0.273356,0.494204,5.097802,0.099665,3.101881,0.043038,2491.591696,7.166709,0.030484,1.593322,0.028176,0.177177,0.509915,0.509915,31.788008,396.000000,16.209184,84.426407,0.213198,396.000000,1.432358,0.698150,0.288007,29.471879,0.509915,16.209184,31.788008,19.000000,32.000000,37.215588,37.215588,396.000000,16.209184,1.432358,0.698150,84.426407,0.213198,396.000000
"6ff866d9-348f-48b4-b5dc-d9a41459fb95","Detection","nuclei_histiocyte",139.731400,394.258270,72.000000,107.000000,1943302.000000,1.305902,19.000000,2.435676,120.000000,88.661157,10.614507,89.000000,62.000000,58.000000,7.879925,89.611236,0.217401,13.014330,1943302.000000,0.471928,169.372789,4.199090,4.128960,-0.096359,1.179179,0.192264,0.719618,0.192264,0.706183,0.155299,0.903868,0.903868,0.980774,0.951934,-0.386405,0.000000,0.192264,1.988055,0.354828,2.049858,0.560865,3.976109,1.857594,0.342861,3.653031,45.347107,0.187385,1.000000,3.313093,114.206612,0.361929,4.528926,50.479339,202.785124,18.422176,0.342746,0.033270,0.199727,0.009073,43.963636,0.399669,0.452893,5.618182,29.563636,119.636364,10.176768,0.289899,4.101698,13.836364,0.125785,0.454545,10.203636,0.238236,1.824905,0.039653,3.000000,0.500000,0.583333,6.833333,4516.666667,18858.666667,1276.166667,0.282407,1.000000,0.166667,0.227059,2.042616,0.025327,2.584963,0.024793,2889.888889,4.200519,0.053543,0.542136,0.023385,0.131785,0.596168,0.596168,22.808767,242.000000,13.597855,61.941125,0.255955,242.000000,1.261633,0.792624,0.280073,27.870569,0.596168,13.597855,22.808767,17.000000,21.000000,27.018512,27.018512,242.000000,13.597855,1.261633,0.792624,61.941125,0.255955,242.000000
"4a6ce2af-9e0d-4923-9692-000edc419830","Detection","nuclei_tumor",347.359253,400.164154,69.000000,119.000000,5771553.000000,1.688733,28.000000,2.440102,145.000000,93.811709,14.850239,93.000000,49.000000,96.000000,11.103899,95.562566,0.229658,18.208992,5771553.000000,0.356689,331.567395,10.761845,10.905253,0.508325,2.036619,0.288050,0.752180,0.281342,0.878880,0.208897,0.860447,0.860000,0.988975,0.953269,-0.363602,0.000000,0.275472,3.213208,0.223984,2.693316,0.398742,6.426415,2.385673,0.581167,4.382058,99.518987,0.157467,1.000000,4.424651,225.427215,0.620251,11.172468,46.018987,480.403481,5.364688,0.115774,0.056992,0.815264,0.006947,101.845070,0.286888,0.879238,12.343662,22.653521,238.630986,2.547025,0.116142,4.708668,63.073239,0.177671,0.561709,9.975910,0.389078,5.393151,0.044681,9.193548,0.296566,1.490114,16.225806,4087.612903,42293.903226,427.810529,0.123459,6.935484,0.223725,0.471537,7.954742,0.066144,3.922772,0.049051,3671.979188,3.249794,0.020008,2.606881,0.016092,0.163564,0.788677,0.788677,32.156875,630.500000,25.361390,98.325902,0.155949,630.500000,1.220228,0.819519,0.364845,47.295382,0.788677,25.361390,32.156875,29.000000,31.000000,42.449971,42.449971,630.500000,25.361390,1.220228,0.819519,98.325902,0.155949,630.500000
"1133a139-90aa-4fc8-bd27-64197ac9e41f","Detection","nuclei_endothelium",117.783859,402.528381,49.000000,99.000000,2478836.000000,1.749482,27.000000,2.818894,136.000000,75.331707,15.609827,77.000000,36.000000,100.000000,11.633562,77.755652,0.210242,19.263316,2478836.000000,0.343617,371.075336,6.510891,12.597169,-0.629820,2.186592,0.324752,0.741372,0.303630,0.938246,0.232561,0.851705,0.850297,0.987678,0.949898,-0.348877,0.000000,0.285149,2.458746,0.204743,2.793946,0.330693,4.917492,2.431432,0.627836,4.388221,57.551220,0.140369,1.000000,4.705747,140.882927,0.678102,7.100000,43.448780,270.017073,11.937674,0.250614,0.054406,0.618505,0.009825,77.423077,0.297781,0.855784,8.803846,17.600000,113.361538,4.623412,0.206746,4.374155,53.292308,0.204970,0.634146,7.653254,0.435499,4.944142,0.064401,4.411765,0.259516,1.536332,13.176471,2623.529412,18502.647059,505.421683,0.199461,2.647059,0.155709,0.333722,6.292373,0.033593,3.410417,0.041463,2041.868512,2.372124,0.032785,2.475857,0.017617,0.271797,0.501189,0.501189,33.286195,411.000000,16.682671,86.083261,0.209448,411.000000,1.434781,0.696970,0.290328,29.948832,0.501189,16.682671,33.286195,24.000000,29.000000,37.643060,37.643060,411.000000,16.682671,1.434781,0.696970,86.083261,0.209448,411.000000
"025c6959-e2aa-4285-a2be-49725e348905","Detection","nuclei_histiocyte",176.525024,399.785797,50.000000,95.000000,2410215.000000,1.617592,28.000000,2.433983,128.000000,72.458525,14.635573,71.000000,37.000000,91.000000,11.280229,74.521747,0.304650,17.414158,2410215.000000,0.375841,303.252888,5.900867,8.787190,0.321357,1.795573,0.265799,0.742114,0.255886,0.847891,0.200322,0.873709,0.873048,0.989856,0.957588,-0.370727,0.000000,0.247212,2.349133,0.249876,2.547571,0.401487,4.698265,2.261615,0.515343,4.197335,70.382488,0.162172,1.000000,4.355497,163.115207,0.555698,6.375576,47.539171,274.191244,11.895829,0.253516,0.048317,0.496761,0.008987,73.382979,0.312268,0.788483,7.659574,25.182979,155.200000,5.799927,0.245760,4.553028,42.736170,0.181856,0.541475,11.540172,0.415349,4.192702,0.074447,4.571429,0.326531,1.346939,12.142857,4580.285714,25807.214286,987.053452,0.218631,3.142857,0.224490,0.455776,7.419433,0.031262,3.235926,0.032258,3619.285714,2.811944,0.028817,2.571587,0.013858,0.268031,0.602930,0.602930,30.861662,429.500000,18.607428,83.840620,0.195205,429.500000,1.302375,0.767828,0.315651,35.400978,0.602930,18.607428,30.861662,24.000000,27.000000,36.124784,36.124784,429.500000,18.607428,1.302375,0.767828,83.840620,0.195205,429.500000
"d50fd260-8c62-422d-b2af-93dff5f0de44","Detection","nuclei_tumor",310.025330,412.092560,82.000000,127.000000,10030062.000000,1.604117,24.000000,3.069738,161.000000,102.186495,14.125081,100.000000,67.000000,94.000000,10.270341,103.683819,0.613001,17.557181,10030062.000000,0.379455,308.254609,6.983993,10.698511,1.356892,1.916741,0.185622,0.823416,0.185622,0.692223,0.151166,0.907189,0.907189,0.992861,0.969063,-0.489414,0.000000,0.185622,2.559534,0.290037,2.331419,0.432463,5.119068,2.145797,0.525591,3.831834,217.720257,0.233355,1.000000,3.974561,354.031083,0.576386,7.393355,56.052519,361.356913,11.477641,0.193705,0.044624,0.537089,0.005946,107.028090,0.300641,0.842657,10.165730,58.297753,328.252809,12.691787,0.160048,4.954039,45.320225,0.127304,0.381565,30.823665,0.317332,4.404297,0.036689,10.724138,0.369798,0.872771,15.000000,11102.103448,68768.275862,2147.580527,0.112261,11.137931,0.384067,0.639189,10.012832,0.049452,3.108703,0.031083,10067.039239,4.458536,0.017879,1.858634,0.011050,0.152504,0.774952,0.774952,39.228158,934.500000,30.399922,117.154329,0.125366,934.500000,1.168766,0.855603,0.415783,61.423698,0.774952,30.399922,39.228158,32.000000,38.000000,49.678969,49.678969,934.500000,30.399922,1.168766,0.855603,117.154329,0.125366,934.500000
"7e5fa4a0-6972-4afe-92ba-56502d21336f","Detection","nuclei_stroma",227.633728,420.214966,57.000000,101.000000,5129043.000000,1.502518,23.000000,2.708433,128.000000,80.450723,13.238270,81.000000,40.000000,88.000000,9.767485,82.096727,0.027170,16.357070,5129043.000000,0.406179,267.553748,7.747464,6.837555,0.041181,1.594989,0.252186,0.726949,0.250087,0.819541,0.189642,0.875306,0.875166,0.990317,0.958369,-0.365093,0.000000,0.248251,2.722455,0.262506,2.431446,0.410983,5.444911,2.174987,0.461794,4.134896,123.181340,0.161868,1.000000,4.179738,309.102497,0.471829,8.028909,48.303548,355.193167,8.320606,0.167427,0.047153,0.514802,0.007453,132.629243,0.346290,0.642448,9.347258,28.553525,207.624021,4.889479,0.157466,4.695487,59.026110,0.154115,0.503285,12.761720,0.356473,4.026995,0.048598,7.785714,0.278061,1.275510,12.071429,7301.821429,56106.857143,1090.018671,0.175913,5.214286,0.186224,0.429533,6.187223,0.070904,4.208966,0.036794,6563.146684,4.014846,0.016425,2.330155,0.010816,0.145299,0.389128,0.389128,50.182033,759.000000,19.527228,126.083261,0.166118,759.000000,1.666722,0.599980,0.302469,32.506007,0.389128,19.527228,50.182033,21.000000,51.000000,55.154329,55.154329,759.000000,19.527228,1.666722,0.599980,126.083261,0.166118,759.000000
"0369acd8-b524-43ec-bb2a-e80a2508117b","Detection","nuclei_tumor",569.109802,411.868042,62.000000,103.000000,6750416.000000,1.382737,19.000000,3.273251,137.000000,85.491031,12.368638,87.000000,51.000000,86.000000,8.246487,86.992706,0.068318,16.093927,6750416.000000,0.462844,259.014494,3.803587,5.006906,0.206408,1.242372,0.261394,0.652348,0.241988,0.838831,0.202836,0.882094,0.880947,0.985004,0.952233,-0.310556,0.000000,0.226396,1.886357,0.328272,2.232140,0.529550,3.772714,1.941987,0.375941,3.866176,168.883408,0.189331,1.000000,4.957253,412.856502,0.417608,4.109865,51.876682,185.139013,21.832812,0.405604,0.056075,0.432189,0.015906,136.125891,0.323339,0.717407,5.534442,36.950119,130.579572,15.643738,0.359594,4.610183,80.852732,0.192049,0.471973,18.993461,0.439587,3.185648,0.129669,11.500000,0.319444,1.076389,9.583333,9059.444444,34868.222222,2727.748650,0.254630,12.388889,0.344136,0.603152,6.891885,0.090217,3.397327,0.040359,8445.506173,9.853313,0.013750,1.401527,0.016010,0.078068,0.755890,0.755890,38.915542,895.500000,29.415863,114.325902,0.127667,895.500000,1.161486,0.860966,0.413308,60.694543,0.755890,29.415863,38.915542,38.000000,30.000000,48.414874,48.414874,895.500000,29.415863,1.161486,0.860966,114.325902,0.127667,895.500000
"c25097a4-7d3b-4a09-a4cd-b4e6d51789a1","Detection","nuclei_tumor",374.513275,415.090790,70.000000,116.000000,5427414.000000,1.587668,23.000000,2.520932,132.000000,92.893268,13.618762,92.000000,57.000000,75.000000,9.825059,94.403442,0.137684,16.818165,5427414.000000,0.385447,282.850677,5.191554,9.466799,0.400729,1.814874,0.195472,0.805534,0.195472,0.712780,0.157263,0.902264,0.902264,0.988502,0.960906,-0.468981,0.000000,0.195472,2.187854,0.284226,2.357405,0.471049,4.375707,2.161933,0.502586,3.918343,132.349754,0.217323,1.000000,3.929562,234.737274,0.537795,5.561576,53.899836,259.095238,17.878706,0.303469,0.034244,0.288127,0.007539,82.766129,0.333734,0.684183,7.427419,47.137097,212.354839,15.148858,0.237539,4.797398,31.346774,0.126398,0.407225,23.016324,0.306802,3.006076,0.047628,3.833333,0.319444,0.909722,10.416667,11389.583333,55992.416667,2944.815394,0.188079,1.666667,0.138889,0.297122,4.444129,0.021696,3.188722,0.019704,8814.020833,5.642460,0.025492,1.057659,0.017249,0.126604,0.811683,0.811683,30.983761,609.500000,25.148987,95.012193,0.155885,609.500000,1.178624,0.848447,0.371304,48.984848,0.811683,25.148987,30.983761,25.000000,30.000000,39.051248,39.051248,609.500000,25.148987,1.178624,0.848447,95.012193,0.155885,609.500000
"0dec8763-126e-40ce-874a-2b3452a8aa36","Detection","nuclei_tumor",613.927185,415.873932,62.000000,119.000000,5828984.000000,1.796760,28.000000,3.363371,160.000000,86.051421,17.488736,82.000000,53.000000,107.000000,12.294333,88.812524,0.935139,21.973106,5828984.000000,0.325761,482.817383,4.200928,25.168154,3.837367,2.796640,0.225910,0.850517,0.220914,0.776961,0.177107,0.890376,0.890043,0.991351,0.963300,-0.495227,0.000000,0.216542,1.886331,0.238358,2.588236,0.334404,3.772662,2.356080,0.755638,4.032046,148.410014,0.200825,1.000000,4.148923,240.737483,0.853335,4.682003,52.131258,174.966171,29.945734,0.481940,0.041584,0.423913,0.011230,83.111455,0.257311,1.150744,7.690402,43.238390,134.260062,27.528148,0.297700,4.871143,48.752322,0.150936,0.437077,22.299974,0.341607,4.096718,0.050152,4.473684,0.235457,1.722992,14.157895,9109.736842,29822.210526,4862.663421,0.186608,4.473684,0.235457,0.478845,8.272952,0.045512,3.616349,0.025710,7596.936288,6.093700,0.023038,2.150720,0.018148,0.250808,0.680950,0.680950,37.374757,735.000000,25.450351,106.083261,0.144331,735.000000,1.218419,0.820736,0.379527,51.178372,0.680950,25.450351,37.374757,26.000000,37.000000,45.221676,45.221676,735.000000,25.450351,1.218419,0.820736,106.083261,0.144331,735.000000
"d911d151-3f7e-44d0-8540-f7d237318259","Detection","nuclei_histiocyte",141.731369,428.327942,61.000000,115.000000,7183337.000000,1.665848,37.000000,1.782217,131.000000,87.114699,17.705259,85.000000,49.000000,82.000000,14.922560,89.438592,0.181992,20.255638,7183337.000000,0.325547,410.290853,9.622575,12.073859,0.524313,2.719846,0.169606,0.882603,0.169606,0.656803,0.140840,0.915197,0.915197,0.993477,0.971732,-0.557463,0.000000,0.169606,2.997501,0.235485,2.407143,0.299236,5.995003,2.237537,0.722363,3.979270,209.523385,0.233322,1.000000,3.242271,292.340757,0.711580,9.718263,56.412027,547.704900,8.178842,0.142992,0.027701,0.264733,0.004708,109.000000,0.340625,0.649844,9.725000,54.550000,541.187500,7.981010,0.140530,5.037600,33.806250,0.105645,0.356347,23.049844,0.231673,2.327175,0.034524,2.454545,0.223140,1.537190,11.090909,19694.727273,196805.727273,2739.050833,0.208030,1.181818,0.107438,0.216513,1.493171,0.103693,3.459432,0.012249,13030.231405,3.306261,0.021652,1.672538,0.011662,0.184242,0.418268,0.418268,52.586635,896.500000,21.995286,129.497475,0.144448,896.500000,1.488547,0.671796,0.343229,41.857093,0.418268,21.995286,52.586635,22.000000,51.000000,55.542776,55.542776,896.500000,21.995286,1.488547,0.671796,129.497475,0.144448,896.500000
"87921741-3bde-4bac-9642-265fdec8568e","Detection","nuclei_tumor",955.505127,420.358826,66.000000,110.000000,7768115.000000,1.563417,22.000000,3.137313,159.000000,89.164544,13.798664,90.000000,50.000000,109.000000,9.830099,90.809727,0.172096,17.207288,7768115.000000,0.386410,296.090760,4.614186,7.942278,0.261576,1.728458,0.240612,0.755609,0.237830,0.801375,0.184049,0.881548,0.881363,0.990768,0.960428,-0.390103,0.000000,0.235396,2.059666,0.254462,2.449455,0.435049,4.119332,2.201890,0.492267,4.115183,166.454352,0.176703,1.000000,3.764480,363.997877,0.522515,4.918259,50.386412,222.255839,19.194797,0.357895,0.037154,0.276583,0.010268,145.686099,0.326650,0.711898,6.107623,30.502242,127.735426,12.057199,0.312384,4.823769,58.950673,0.132176,0.473461,12.658248,0.299481,2.516315,0.073484,6.809524,0.324263,1.324263,8.952381,13888.285714,58123.285714,3958.486032,0.316720,2.619048,0.124717,0.314635,4.248369,0.029944,3.975418,0.022293,11876.122449,6.488876,0.013758,2.527953,0.011495,0.161100,0.726798,0.726798,40.704896,942.000000,29.584248,119.053824,0.126384,942.000000,1.197363,0.835168,0.409130,59.473587,0.726798,29.584248,40.704896,33.000000,40.000000,51.855569,51.855569,942.000000,29.584248,1.197363,0.835168,119.053824,0.126384,942.000000
"40f39bdd-a552-4739-914d-5ad8d33d96c5","Detection","nuclei_lymphocyte",188.770706,423.709778,36.000000,92.000000,1959557.000000,1.781066,37.000000,2.729350,136.000000,59.067901,19.830006,51.000000,24.000000,112.000000,15.013215,63.498112,0.809512,23.302217,1959557.000000,0.333283,542.993332,8.423673,24.471258,4.493354,3.155367,0.297566,0.827644,0.274336,0.899468,0.222306,0.866704,0.865155,0.992052,0.961224,-0.422400,0.000000,0.254010,2.776549,0.248242,2.674704,0.447456,5.553097,2.346449,0.863233,4.082329,88.485597,0.182069,1.000000,5.467900,161.975309,0.968793,9.207819,47.530864,333.973251,9.253996,0.163907,0.051972,0.738852,0.007203,71.371747,0.265322,1.035199,12.910781,30.408922,196.000000,6.249287,0.116589,4.399440,66.836431,0.248463,0.553498,17.352386,0.503184,7.704128,0.048255,4.764706,0.280277,1.515571,18.470588,4286.117647,25209.352941,896.648873,0.123088,2.647059,0.155709,0.321882,5.771398,0.074235,3.690117,0.034979,3468.830450,1.928194,0.034386,3.471335,0.014995,0.455372,0.545613,0.545613,34.386459,487.000000,18.761691,93.254834,0.191488,487.000000,1.421032,0.703714,0.305103,33.074725,0.545613,18.761691,34.386459,24.000000,32.000000,40.000000,40.000000,487.000000,18.761691,1.421032,0.703714,93.254834,0.191488,487.000000
"5fcbd866-0a18-43fd-84ce-2cc0a6381eee","Detection","nuclei_histiocyte",26.683392,420.508942,62.000000,102.000000,3940956.000000,1.354141,20.000000,2.728247,126.000000,81.285962,11.902213,80.000000,50.000000,76.000000,8.342672,82.644296,0.236303,14.922202,3940956.000000,0.437868,222.672125,3.265899,3.577835,0.158961,1.191486,0.229954,0.676449,0.224424,0.784638,0.179588,0.888710,0.888341,0.986571,0.955300,-0.327083,0.000000,0.219585,1.739401,0.307617,2.146463,0.470507,3.478802,1.900144,0.355360,3.801713,106.622184,0.184787,1.000000,4.197177,252.649913,0.393489,3.604853,51.180243,159.916811,26.036407,0.474978,0.035926,0.196948,0.013578,97.942446,0.352311,0.564153,4.827338,30.776978,95.122302,15.734063,0.391137,4.467507,42.884892,0.154262,0.481802,13.545520,0.373891,2.487248,0.102256,5.000000,0.416667,0.916667,7.166667,11732.916667,39161.500000,4949.801505,0.340856,1.666667,0.138889,0.142362,1.623822,0.038518,3.188722,0.020797,9420.909722,6.795277,0.021661,1.489720,0.014256,0.136791,0.603831,0.603831,35.036651,578.000000,21.156221,95.740115,0.165640,578.000000,1.261973,0.792410,0.348106,43.055259,0.603831,21.156221,35.036651,32.000000,27.000000,41.868843,41.868843,578.000000,21.156221,1.261973,0.792410,95.740115,0.165640,578.000000
"4e57b6a5-f755-4684-a88c-b238de1c2249","Detection","nuclei_tumor",913.968506,422.642120,78.000000,110.000000,4829678.000000,1.348602,15.000000,5.275949,157.000000,94.655303,9.885589,94.000000,58.000000,99.000000,6.192837,95.640564,0.669084,13.692736,4829678.000000,0.480085,187.491032,5.289965,6.661642,0.845306,1.264322,0.198185,0.728980,0.198185,0.718282,0.158907,0.900908,0.900908,0.992378,0.966969,-0.386888,0.000000,0.198185,2.241301,0.362313,2.091164,0.563288,4.482602,1.892980,0.365627,3.776400,102.083333,0.193340,1.000000,3.730544,253.484848,0.395604,5.526515,53.049242,266.238636,13.718655,0.256639,0.035373,0.245146,0.009987,83.366812,0.364047,0.606358,6.650655,41.641921,192.786026,10.705468,0.251957,4.719493,30.685590,0.133998,0.433712,20.377338,0.289816,2.199677,0.076379,3.833333,0.319444,1.187500,8.750000,9855.833333,41581.666667,2471.047894,0.272431,1.666667,0.138889,0.261846,2.608628,0.108862,3.418296,0.022727,7919.833333,3.247676,0.023617,2.236514,0.007950,0.276652,0.910853,0.910853,27.282690,529.500000,24.850525,89.497475,0.169023,529.500000,1.203776,0.830719,0.352838,44.233567,0.910853,24.850525,27.282690,29.000000,25.000000,38.288379,38.288379,529.500000,24.850525,1.203776,0.830719,89.497475,0.169023,529.500000
"62d53cdc-ee8b-4e18-a9f7-2977fe24afa6","Detection","nuclei_tumor",500.699799,425.143677,61.000000,108.000000,10106195.000000,1.467160,17.000000,3.078820,140.000000,90.494561,12.429858,93.000000,51.000000,89.000000,8.344431,91.962313,-0.570009,16.364640,10106195.000000,0.408487,267.801435,4.835587,6.586285,-0.269531,1.580413,0.184911,0.790508,0.184038,0.692325,0.151040,0.908126,0.908068,0.989138,0.963221,-0.477444,0.000000,0.183275,2.118186,0.294221,2.202511,0.474051,4.236372,2.013880,0.441331,3.780718,275.036820,0.230156,1.000000,3.266425,488.141423,0.454000,5.046862,56.062762,254.533054,20.249872,0.327022,0.027224,0.162035,0.007617,173.395455,0.394081,0.487598,6.302273,55.431818,233.600000,20.821907,0.251294,4.859204,48.027273,0.109153,0.368201,25.927169,0.246320,1.819160,0.056716,9.888889,0.549383,0.533951,7.944444,27997.611111,117060.388889,8113.899691,0.222608,1.777778,0.098765,0.145243,1.005506,0.026915,3.905765,0.015063,23590.126543,10.321923,0.012430,1.062681,0.013252,0.070005,0.800725,0.800725,43.714524,1192.500000,35.003296,132.811183,0.111372,1192.500000,1.177067,0.849570,0.439573,68.653900,0.800725,35.003296,43.714524,43.000000,35.000000,55.443665,55.443665,1192.500000,35.003296,1.177067,0.849570,132.811183,0.111372,1192.500000
"a2eff251-73b9-4c49-bab9-5481ce0e38ad","Detection","nuclei_lymphocyte",65.224609,426.380341,33.000000,83.000000,1407506.000000,1.583810,34.000000,2.233487,110.000000,54.721154,17.194573,49.000000,26.000000,84.000000,14.040996,58.167241,0.590590,19.723671,1407506.000000,0.371152,389.023206,3.203764,11.270627,2.515389,2.238199,0.286178,0.773269,0.262816,0.881229,0.217105,0.872485,0.870928,0.983578,0.948215,-0.396096,0.000000,0.242375,1.647956,0.282241,2.402205,0.482154,3.295912,2.087717,0.631094,3.709259,80.120192,0.192597,1.000000,4.973650,154.399038,0.701553,3.697115,47.850962,118.057692,36.723391,0.596154,0.045778,0.333024,0.014481,71.518868,0.337353,0.654392,5.759434,36.339623,78.245283,29.967636,0.325734,4.068399,42.594340,0.200917,0.509615,20.937700,0.424898,3.084311,0.080675,4.428571,0.316327,0.780612,9.357143,4142.285714,8076.142857,3351.827381,0.190476,2.000000,0.142857,0.278742,3.992026,0.021435,3.128085,0.033654,3259.346939,8.643397,0.036462,1.308015,0.026912,0.212498,0.596838,0.596838,30.125886,418.500000,17.980283,84.183766,0.201156,418.500000,1.347570,0.742076,0.305688,33.201541,0.596838,17.980283,30.125886,20.000000,29.000000,35.227830,35.227830,418.500000,17.980283,1.347570,0.742076,84.183766,0.201156,418.500000
"c685f9a1-b5b6-4156-aae8-868f86606662","Detection","nuclei_histiocyte",159.822952,427.986298,66.000000,91.000000,2245732.000000,0.976025,13.000000,2.482457,101.000000,79.019718,7.327149,79.000000,58.000000,43.000000,5.451515,79.536191,-0.073633,9.049296,2245732.000000,0.557009,81.889752,3.006135,1.057859,-0.377471,0.711515,0.217791,0.531282,0.216258,0.759190,0.171024,0.892127,0.892025,0.978292,0.946012,-0.217095,0.000000,0.214916,1.697853,0.389193,1.740576,0.569018,3.395706,1.516666,0.232327,3.608386,62.301408,0.175497,1.000000,4.135560,197.738028,0.231970,3.126761,49.878873,161.053521,22.116510,0.480829,0.046191,0.165188,0.024266,79.287425,0.474775,0.312310,3.023952,32.191617,109.017964,13.051564,0.540585,4.211870,23.778443,0.142386,0.470423,14.116390,0.327280,1.093442,0.177324,5.857143,0.418367,0.658163,3.357143,4287.214286,16329.000000,1277.244048,0.648810,2.571429,0.183673,0.405914,1.929728,0.203533,3.521641,0.039437,3644.229592,6.732863,0.028046,0.788112,0.016448,0.078483,0.552764,0.552764,29.013370,353.000000,16.037549,79.112698,0.224115,353.000000,1.410938,0.708749,0.283029,28.461854,0.552764,16.037549,29.013370,17.000000,28.000000,32.756679,32.756679,353.000000,16.037549,1.410938,0.708749,79.112698,0.224115,353.000000
"9612461a-aa86-43b2-bad4-57f7bc0ea97b","Detection","nuclei_tumor",760.339111,432.693207,60.000000,92.000000,3775351.000000,1.182102,16.000000,4.364143,131.000000,74.070359,10.135116,70.000000,53.000000,78.000000,7.277431,75.177943,1.168107,12.857096,3775351.000000,0.496576,165.304930,2.149283,4.109170,1.226376,1.066011,0.194268,0.691707,0.187898,0.713491,0.158962,0.907113,0.906688,0.988685,0.962633,-0.345316,0.000000,0.182325,1.389729,0.391921,1.839227,0.573248,2.779459,1.630152,0.315070,3.441016,165.904192,0.248360,1.000000,4.761089,331.712575,0.353042,2.401198,55.622754,103.772455,44.271041,0.708021,0.038769,0.175879,0.017067,110.510638,0.391882,0.495549,3.921986,48.333333,82.794326,40.234978,0.468849,4.266125,49.255319,0.174664,0.422156,25.888587,0.414415,2.296777,0.105530,6.764706,0.397924,0.484429,6.882353,11776.235294,16918.470588,10504.017974,0.217729,2.882353,0.169550,0.310224,2.431574,0.046627,3.572469,0.025449,10232.207612,10.203107,0.020058,1.412562,0.011022,0.175525,0.441131,0.441131,44.263575,666.000000,19.526042,110.225397,0.165504,666.000000,1.451708,0.688844,0.324696,37.458969,0.441131,19.526042,44.263575,30.000000,38.000000,48.414874,48.414874,666.000000,19.526042,1.451708,0.688844,110.225397,0.165504,666.000000
"eed8375e-abab-48a9-958f-ef05354f92b6","Detection","nuclei_tumor",1015.512146,432.162201,73.000000,101.000000,1898545.000000,1.187925,14.000000,4.095489,127.000000,84.347328,8.908426,81.000000,64.000000,63.000000,5.945216,85.125525,1.179015,11.484040,1898545.000000,0.541723,131.883180,3.927138,3.502248,0.251023,0.955675,0.224921,0.618971,0.224921,0.769051,0.174331,0.887540,0.887540,0.986769,0.955016,-0.300711,0.000000,0.224921,1.935058,0.389093,1.985885,0.598733,3.870116,1.760964,0.295149,3.773597,42.732824,0.163102,1.000000,3.918769,141.931298,0.303887,4.152672,47.519084,196.061069,15.118665,0.358275,0.042960,0.219727,0.015924,53.348485,0.404155,0.487775,4.219697,25.015152,105.257576,7.606587,0.422875,4.259191,18.636364,0.141185,0.503817,9.256657,0.302235,1.450740,0.133960,3.545455,0.322314,0.991736,4.636364,3175.272727,12858.909091,830.780934,0.548611,1.909091,0.173554,0.295437,2.234624,0.070501,3.095795,0.041985,2607.966942,2.535513,0.044927,1.488657,0.010677,0.267026,0.852937,0.852937,20.705711,261.000000,17.660665,70.627417,0.270603,261.000000,1.520885,0.657512,0.248088,21.868219,0.852937,17.660665,20.705711,18.000000,21.000000,27.658633,27.658633,261.000000,17.660665,1.520885,0.657512,70.627417,0.270603,261.000000
"639e67c6-e43a-46ad-a192-a8608cd05763","Detection","nuclei_endothelium",95.823303,434.151611,51.000000,94.000000,1629796.000000,1.469138,24.000000,2.401658,118.000000,72.006667,12.846844,72.000000,42.000000,76.000000,9.852302,73.706535,0.208327,15.738275,1629796.000000,0.413289,247.693289,5.685740,5.304616,0.096217,1.395160,0.286104,0.659656,0.280654,0.874706,0.207337,0.860581,0.860218,0.983267,0.944051,-0.289000,0.000000,0.275886,2.325613,0.262939,2.429155,0.426885,4.651226,2.127414,0.420316,4.084687,43.120000,0.143733,1.000000,4.196667,123.986667,0.450489,6.146667,43.886667,240.793333,10.693912,0.242384,0.049854,0.449795,0.009321,62.874286,0.359282,0.608849,7.280000,21.748571,122.480000,4.985952,0.230198,4.236715,32.382857,0.185045,0.583333,9.993469,0.396611,3.604304,0.067221,4.142857,0.295918,1.066327,9.642857,2128.000000,11099.714286,471.537202,0.240575,2.000000,0.142857,0.272980,3.633980,0.023904,3.664498,0.046667,1668.816327,3.441450,0.035321,1.519580,0.019849,0.172828,0.694395,0.694395,23.696978,299.000000,16.455064,67.941125,0.227228,299.000000,1.228526,0.813983,0.301229,32.240112,0.694395,16.455064,23.696978,17.000000,23.000000,28.600699,28.600699,299.000000,16.455064,1.228526,0.813983,67.941125,0.227228,299.000000
"2d7c1073-7826-4936-b14f-71b79f8087a2","Detection","nuclei_lymphocyte",198.618134,443.459198,42.000000,88.000000,1694710.000000,1.706036,27.000000,2.982443,128.000000,63.596899,14.963965,61.000000,33.000000,95.000000,11.052740,66.174735,0.647243,18.290162,1694710.000000,0.345245,334.530016,4.297354,11.319872,1.099906,2.014608,0.311281,0.732333,0.294568,0.918257,0.224511,0.855501,0.854387,0.988161,0.951303,-0.345179,0.000000,0.279944,1.967618,0.219783,2.672062,0.380223,3.935237,2.331825,0.581472,4.289588,55.392765,0.143134,1.000000,5.118416,133.609819,0.663996,4.873385,44.772610,166.465116,21.207719,0.404999,0.062623,0.562106,0.015725,68.113043,0.296144,0.846805,6.817391,22.026087,88.391304,9.514841,0.298717,4.367114,50.513043,0.219622,0.594315,10.701399,0.471688,4.337143,0.082065,5.421053,0.285319,1.185596,11.157895,2441.105263,9234.421053,969.255029,0.202398,4.684211,0.246537,0.488778,5.973143,0.095438,3.642150,0.049096,2026.232687,3.308330,0.031753,2.860382,0.017715,0.345115,0.834311,0.834311,24.553189,388.000000,20.484988,76.769553,0.197860,388.000000,1.208750,0.827301,0.325442,37.631263,0.834311,20.484988,24.553189,22.000000,24.000000,32.557641,32.557641,388.000000,20.484988,1.208750,0.827301,76.769553,0.197860,388.000000
"39405cf7-2afd-4511-87d6-2dde716b37b1","Detection","nuclei_tumor",862.437378,458.308807,55.000000,105.000000,7350077.000000,1.702969,29.000000,2.189567,123.000000,79.874542,15.738801,81.000000,34.000000,89.000000,12.067267,82.041695,-0.060510,18.732252,7350077.000000,0.339381,350.897264,7.679684,12.400204,-0.156249,2.277785,0.215141,0.827399,0.214662,0.752546,0.169061,0.892749,0.892717,0.987353,0.957084,-0.478034,0.000000,0.214243,2.676569,0.230410,2.568953,0.339483,5.353138,2.351676,0.623232,4.215495,210.586081,0.192844,1.000000,3.662973,370.604396,0.639979,8.007326,52.739927,390.857143,10.656791,0.196702,0.033343,0.328839,0.005893,144.595652,0.314338,0.769660,9.382609,41.960870,290.795652,8.393629,0.184994,5.045738,55.986957,0.121711,0.421245,19.419017,0.280466,3.203616,0.045163,8.272727,0.376033,1.148760,11.272727,16063.090909,114375.272727,2752.701705,0.218434,2.272727,0.103306,0.241446,3.271689,0.023037,4.152391,0.020147,13599.322314,9.502868,0.014034,1.195274,0.022357,0.067664,0.597977,0.597977,48.378999,1094.000000,28.929542,132.568542,0.121178,1094.000000,1.278362,0.782251,0.404373,58.098587,0.597977,28.929542,48.378999,32.000000,46.000000,56.035703,56.035703,1094.000000,28.929542,1.278362,0.782251,132.568542,0.121178,1094.000000
"bab09d98-7a6a-4b4d-bafa-b1654c51648d","Detection","nuclei_lymphocyte",803.504456,455.795837,41.000000,102.000000,2069560.000000,1.825285,25.000000,4.699667,156.000000,63.533333,17.646519,58.000000,34.000000,122.000000,11.401622,67.816091,1.432120,23.717879,2069560.000000,0.339338,562.537778,4.185766,36.480138,5.564810,2.876006,0.470446,0.718839,0.346200,1.087244,0.350592,0.846703,0.839324,0.987857,0.952718,-0.343848,0.000000,0.246029,1.893245,0.232992,2.808809,0.361882,3.786490,2.373763,0.836613,4.193567,71.000000,0.157778,1.000000,6.320277,152.702222,1.028765,5.073333,45.368889,135.366667,26.384030,0.465550,0.080639,1.010171,0.017343,65.029091,0.236469,1.483055,8.665455,23.120000,73.018182,13.867648,0.290789,4.379018,73.894545,0.268707,0.611111,12.409256,0.533237,6.478357,0.092519,8.882353,0.261246,1.412630,14.500000,1884.647059,5897.382353,919.698342,0.160809,8.941176,0.262976,0.511303,8.656808,0.063107,3.900271,0.075556,1709.474048,3.243811,0.030197,4.542103,0.020340,0.554085,0.344843,0.344843,41.224312,449.000000,14.215930,97.597980,0.217367,449.000000,1.688206,0.592345,0.262730,24.525766,0.344843,14.215930,41.224312,19.000000,38.000000,42.485292,42.485292,449.000000,14.215930,1.688206,0.592345,97.597980,0.217367,449.000000
"1de20ff6-da29-462b-9ad3-405d78caf2aa","Detection","nuclei_tumor",991.613342,452.045410,70.000000,122.000000,5179269.000000,1.753882,27.000000,2.423873,146.000000,95.605505,15.699419,96.000000,56.000000,90.000000,11.705411,97.484593,0.107207,19.048185,5179269.000000,0.330124,362.833364,6.051245,13.257060,0.205553,2.337525,0.253294,0.804468,0.253294,0.816458,0.189136,0.873353,0.873353,0.985100,0.949341,-0.427056,0.000000,0.253294,2.351635,0.208671,2.700683,0.334797,4.703270,2.447389,0.647705,4.358167,90.170642,0.165451,1.000000,3.451528,179.917431,0.685579,6.322936,47.205505,280.308257,13.749006,0.291972,0.036826,0.290262,0.009806,80.159420,0.290433,0.858223,7.000000,25.079710,149.724638,6.840932,0.288421,4.828057,39.144928,0.141829,0.506422,9.482934,0.277054,2.364916,0.064613,4.142857,0.295918,1.678571,7.928571,6421.071429,38486.428571,1363.373016,0.431052,1.714286,0.122449,0.228230,2.973595,0.027749,3.521641,0.025688,4905.637755,6.247484,0.024896,1.274682,0.027472,0.119140,0.804437,0.804437,29.581033,547.000000,23.796072,89.597980,0.163799,547.000000,1.167883,0.856250,0.363886,47.047048,0.804437,23.796072,29.581033,26.000000,27.000000,37.483330,37.483330,547.000000,23.796072,1.167883,0.856250,89.597980,0.163799,547.000000
"5cf651a2-2ebc-4798-b857-30ae1df3a2ea","Detection","nuclei_lymphocyte",22.339489,450.655304,39.000000,83.000000,1249094.000000,1.608533,16.000000,6.659028,130.000000,56.564103,13.132442,53.000000,33.000000,97.000000,7.633002,59.654609,1.841311,18.951904,1249094.000000,0.387456,359.174666,3.495766,22.104785,3.548381,2.040543,0.364126,0.697151,0.296382,0.973025,0.276284,0.861945,0.858584,0.986690,0.952134,-0.325107,0.000000,0.248011,1.754042,0.266133,2.500154,0.387991,3.508083,2.148149,0.601167,4.055823,57.153846,0.162831,1.000000,6.113246,135.997151,0.738127,4.094017,47.387464,131.854701,27.785295,0.510116,0.072797,0.776362,0.019745,56.537736,0.266687,1.271516,6.900943,21.292453,63.169811,12.152078,0.361230,4.196634,60.660377,0.286134,0.603989,10.327608,0.548836,5.452843,0.120467,5.000000,0.217391,2.026465,11.826087,1716.565217,4983.173913,921.063370,0.290399,5.608696,0.243856,0.491317,7.979044,0.068256,3.468577,0.065527,1483.671078,3.715547,0.033642,2.929235,0.019729,0.437301,0.668558,0.668558,25.932326,352.000000,17.337262,72.769553,0.206732,352.000000,1.197145,0.835320,0.319921,36.365418,0.668558,17.337262,25.932326,21.000000,23.000000,31.144823,31.144823,352.000000,17.337262,1.197145,0.835320,72.769553,0.206732,352.000000
"3108c389-74e9-4e8d-8e5a-55cdffabb55e","Detection","nuclei_tumor",715.630676,456.978943,78.000000,124.000000,7282538.000000,1.617999,27.000000,2.286581,145.000000,100.090652,14.377541,100.000000,63.000000,82.000000,10.998475,101.563820,0.082849,17.235751,7282538.000000,0.369737,297.071102,6.606915,9.739432,0.146074,1.916196,0.214957,0.798272,0.214957,0.750851,0.168750,0.892522,0.892522,0.987355,0.957009,-0.443267,0.000000,0.214957,2.486283,0.254441,2.470409,0.367531,4.972567,2.255452,0.532788,4.078705,132.045326,0.187033,1.000000,3.353024,261.033994,0.557426,6.992918,51.209632,328.194051,11.693471,0.223314,0.032902,0.302138,0.006639,100.917722,0.319360,0.736541,8.316456,31.582278,191.170886,7.299578,0.211454,4.822498,38.139241,0.120694,0.447592,11.616087,0.239722,2.519723,0.046732,5.000000,0.416667,1.666667,10.666667,15158.000000,99635.916667,2818.188079,0.316551,1.666667,0.138889,0.305190,4.519707,0.041782,3.188722,0.016997,11696.638889,5.918310,0.020589,1.152011,0.019319,0.098564,0.442530,0.442530,45.315109,704.000000,20.053276,113.053824,0.160588,704.000000,1.444734,0.692169,0.330423,38.791978,0.442530,20.053276,45.315109,33.000000,37.000000,49.578221,49.578221,704.000000,20.053276,1.444734,0.692169,113.053824,0.160588,704.000000
"299f8813-307c-4342-b71d-d588a7663976","Detection","nuclei_tumor",911.938049,451.943481,44.000000,90.000000,1971668.000000,1.698836,23.000000,3.711294,138.000000,65.415888,14.299349,63.000000,34.000000,104.000000,10.157142,67.872682,0.826464,18.095926,1971668.000000,0.362903,327.462551,4.631513,12.319348,1.233447,1.960173,0.330195,0.711667,0.315129,0.938284,0.230889,0.844790,0.843942,0.987441,0.947826,-0.323506,0.000000,0.303428,2.055242,0.227084,2.691776,0.414313,4.110483,2.351953,0.572592,4.263353,60.831776,0.142130,1.000000,4.687920,155.322430,0.659206,5.219626,42.504673,170.700935,17.411041,0.361067,0.063043,0.663476,0.012632,73.972763,0.287832,0.926948,7.225681,19.105058,84.404669,7.179598,0.285278,4.396384,51.622568,0.200866,0.600467,8.011234,0.443968,4.595067,0.071579,5.600000,0.280000,1.047500,12.950000,2914.900000,11772.600000,978.540028,0.141764,4.900000,0.245000,0.478106,7.878489,0.034380,3.370951,0.046729,2456.940000,3.959892,0.025348,3.064671,0.019357,0.271057,0.651296,0.651296,29.149620,430.500000,18.985041,81.355339,0.188979,430.500000,1.223458,0.817355,0.330993,38.926065,0.651296,18.985041,29.149620,29.000000,19.000000,34.669872,34.669872,430.500000,18.985041,1.223458,0.817355,81.355339,0.188979,430.500000
"9d34c522-2bbe-4278-a163-86c551e7f07b","Detection","nuclei_tumor",394.636505,471.233002,74.000000,108.000000,8068285.000000,1.212576,18.000000,2.629667,125.000000,89.048144,10.275132,88.000000,58.000000,67.000000,7.386072,89.958672,0.419918,12.766780,8068285.000000,0.517210,162.990661,4.545789,3.592789,0.138003,1.043874,0.166316,0.725141,0.166316,0.649207,0.138655,0.916842,0.916842,0.990217,0.966737,-0.405162,0.000000,0.166316,2.080000,0.407289,1.894670,0.610526,4.160000,1.728355,0.302547,3.547388,240.765296,0.241490,1.000000,3.546948,515.657974,0.313709,4.729188,57.643932,265.074223,16.518033,0.303445,0.031581,0.178148,0.010456,131.179272,0.367449,0.525340,5.081232,64.879552,288.464986,17.358738,0.353369,5.021182,39.728291,0.111284,0.358074,33.682477,0.289781,1.668475,0.108304,7.500000,0.375000,1.027500,5.650000,23912.450000,99936.350000,5973.115625,0.478125,3.100000,0.155000,0.321368,2.612284,0.098071,3.846439,0.020060,21427.427500,7.426206,0.014698,1.111890,0.008727,0.082814,0.601361,0.601361,46.412683,1000.000000,27.910768,130.225397,0.130225,1000.000000,1.349527,0.741000,0.379648,51.211242,0.601361,27.910768,46.412683,29.000000,49.000000,56.938563,56.938563,1000.000000,27.910768,1.349527,0.741000,130.225397,0.130225,1000.000000
"91499275-ebf9-45e4-8816-3bb73fbca25d","Detection","nuclei_histiocyte",157.127350,466.221436,51.000000,102.000000,5725810.000000,1.758859,26.000000,2.603492,142.000000,79.769683,15.454803,82.000000,40.000000,102.000000,11.342503,82.026407,-0.087573,19.108351,5725810.000000,0.353597,365.129093,7.920703,19.393195,-1.098749,2.566525,0.272755,0.807870,0.268436,0.854175,0.200698,0.866502,0.866214,0.989544,0.955364,-0.419491,0.000000,0.264656,2.710583,0.219704,2.792894,0.405739,5.421166,2.509076,0.709820,4.403090,138.088132,0.162266,1.000000,3.356112,300.910693,0.698049,8.059929,46.767333,364.957697,10.248843,0.217210,0.036279,0.333162,0.007065,132.231818,0.300527,0.830325,8.606818,25.418182,195.363636,5.578251,0.208319,4.887424,66.013636,0.150031,0.517039,10.455351,0.307234,2.881348,0.057230,9.173913,0.398866,1.187146,11.260870,9639.260870,79925.695652,1431.428309,0.169614,2.304348,0.100189,0.187654,2.601091,0.018069,3.969002,0.027027,8270.260870,4.537734,0.016240,2.319892,0.016973,0.134365,0.840114,0.840114,36.030934,852.000000,30.270085,112.225397,0.131720,852.000000,1.176340,0.850094,0.404323,58.084214,0.840114,30.270085,36.030934,32.000000,36.000000,48.166378,48.166378,852.000000,30.270085,1.176340,0.850094,112.225397,0.131720,852.000000
"4c950c99-de2f-4ba5-a410-933c42ac49ee","Detection","nuclei_tumor",286.122284,470.015320,54.000000,98.000000,8030533.000000,1.717339,17.000000,4.881518,156.000000,75.818527,13.376100,74.000000,36.000000,120.000000,8.019588,78.087101,0.911716,18.685456,8030533.000000,0.362734,349.146263,6.590766,16.324332,1.030040,2.106820,0.309590,0.743761,0.284333,0.917620,0.228744,0.861994,0.860359,0.991739,0.959830,-0.376327,0.000000,0.262700,2.478197,0.226631,2.684884,0.355367,4.956393,2.356163,0.604102,4.288410,215.930904,0.163957,1.000000,4.262037,477.721336,0.676080,7.053910,47.870159,286.706150,12.531751,0.232125,0.047994,0.583727,0.007128,209.212209,0.304088,0.956512,9.364826,28.072674,161.052326,7.487390,0.178068,4.763947,112.523256,0.163551,0.522399,13.415351,0.369402,4.869907,0.044104,13.304348,0.289225,1.172023,16.826087,10883.760870,68488.565217,2162.609970,0.101510,8.304348,0.180529,0.414473,7.625239,0.028523,4.213113,0.034928,10064.059074,6.932684,0.008523,4.258134,0.012164,0.153366,0.906638,0.906638,43.113166,1316.500000,39.088018,138.124892,0.104918,1316.500000,1.153223,0.867135,0.457549,74.383781,0.906638,39.088018,43.113166,43.000000,41.000000,59.413803,59.413803,1316.500000,39.088018,1.153223,0.867135,138.124892,0.104918,1316.500000
"2fdb08c6-f16d-43f7-a07b-8ba9e7dc19cd","Detection","nuclei_tumor",666.462036,470.449799,50.000000,88.000000,6488386.000000,1.566751,19.000000,5.115435,146.000000,71.463254,11.973096,72.000000,42.000000,104.000000,8.415599,73.197503,0.828114,15.839125,6488386.000000,0.395051,250.877882,5.801763,9.586146,0.445190,1.680510,0.284025,0.710848,0.270264,0.877786,0.210982,0.867161,0.866244,0.989185,0.955284,-0.339141,0.000000,0.258224,2.335089,0.251093,2.507430,0.401634,4.670178,2.224967,0.491134,4.171888,200.762180,0.165782,1.000000,3.934325,478.407102,0.541097,6.204789,48.265070,271.469860,12.486084,0.256312,0.041445,0.404712,0.008633,196.650897,0.320801,0.838866,7.549755,30.323002,164.212072,7.749864,0.244352,4.810690,95.339315,0.155529,0.506193,14.712124,0.352291,3.603501,0.069466,8.241379,0.284185,1.560048,13.931034,17821.689655,102546.275862,3770.285307,0.185718,4.931034,0.170036,0.380336,6.595657,0.032208,3.973447,0.023947,16077.907253,9.187835,0.008971,2.727970,0.014162,0.092305,0.835775,0.835775,43.002496,1212.000000,35.940411,132.225397,0.109097,1212.000000,1.147935,0.871130,0.449734,71.864263,0.835775,35.940411,43.002496,43.000000,36.000000,56.080300,56.080300,1212.000000,35.940411,1.147935,0.871130,132.225397,0.109097,1212.000000
"9904f206-b634-4d85-ab27-9f65f4dc2b61","Detection","nuclei_endothelium",63.631306,471.720184,45.000000,96.000000,2873424.000000,1.791355,28.000000,3.205798,142.000000,70.329630,15.459136,70.000000,37.000000,105.000000,11.415440,72.946251,0.553970,19.362302,2873424.000000,0.324774,374.898752,5.606914,14.706874,0.588394,2.372126,0.361481,0.735528,0.339753,0.982650,0.246049,0.833745,0.832296,0.986270,0.943892,-0.323308,0.000000,0.320741,2.259259,0.175188,2.935637,0.308642,4.518519,2.534618,0.683402,4.612129,72.866667,0.134938,1.000000,4.535926,175.377778,0.723114,6.081481,40.937037,214.070370,14.582418,0.316593,0.059046,0.518194,0.012699,107.340909,0.304946,0.822500,7.258523,16.590909,87.465909,5.639167,0.264043,4.452316,74.988636,0.213036,0.651852,7.177169,0.444384,3.813579,0.088189,6.666667,0.277778,1.076389,10.583333,3038.166667,17421.666667,732.972743,0.190255,4.666667,0.194444,0.406240,4.969479,0.042543,3.834963,0.044444,2531.916667,4.438650,0.021586,2.923904,0.020800,0.205536,0.700223,0.700223,31.656782,542.000000,22.166795,92.426407,0.170528,542.000000,1.254247,0.797291,0.344136,42.078741,0.700223,22.166795,31.656782,28.000000,27.000000,38.897301,38.897301,542.000000,22.166795,1.254247,0.797291,92.426407,0.170528,542.000000
"dc736691-71a4-4b96-aa88-6292fa5449bd","Detection","nuclei_lymphocyte",192.254059,469.836304,39.000000,93.000000,2018890.000000,1.767225,32.000000,2.395613,124.000000,66.270784,16.757274,66.000000,31.000000,93.000000,12.853897,69.249283,0.226430,20.090953,2018890.000000,0.312597,403.646391,4.941927,12.889711,0.393756,2.506078,0.328015,0.768522,0.310147,0.938210,0.231824,0.847745,0.846713,0.981061,0.938548,-0.368430,0.000000,0.296019,2.097001,0.177343,2.835030,0.268666,4.194001,2.474915,0.708523,4.439428,59.736342,0.141892,1.000000,4.623840,131.603325,0.737143,5.399050,43.028504,186.581948,20.636118,0.387503,0.060098,0.501628,0.013799,82.379310,0.315630,0.740388,6.961686,18.544061,76.689655,9.435771,0.271339,4.305837,53.137931,0.203594,0.619952,8.136639,0.435857,3.712915,0.085332,6.000000,0.333333,0.888889,9.888889,2785.722222,13376.166667,1036.390432,0.209105,4.222222,0.234568,0.486200,5.540250,0.052531,3.260785,0.042755,2238.682099,6.073957,0.029395,1.452974,0.033969,0.144554,0.746425,0.746425,27.107095,420.500000,20.233420,81.012193,0.192657,420.500000,1.242009,0.805147,0.325361,37.612587,0.746425,20.233420,27.107095,26.000000,23.000000,34.713110,34.713110,420.500000,20.233420,1.242009,0.805147,81.012193,0.192657,420.500000
"919374fb-26e6-4f34-8531-4660e33aa9e6","Detection","nuclei_lymphocyte",24.096245,469.284637,53.000000,87.000000,1287566.000000,0.953777,16.000000,4.164466,114.000000,65.929825,10.245122,62.000000,47.000000,67.000000,7.085124,67.214399,1.237835,13.077984,1287566.000000,0.629794,171.033672,4.932692,2.427853,0.924051,0.678092,0.138462,0.660863,0.138462,0.580195,0.119290,0.930769,0.930769,0.991855,0.972308,-0.347432,0.000000,0.138462,2.190385,0.568210,1.413829,0.741346,4.380769,1.275367,0.204138,3.008234,78.445614,0.275248,1.000000,4.766340,179.491228,0.249997,5.245614,57.877193,264.656140,13.583406,0.225999,0.050844,0.419615,0.011805,39.429907,0.368504,0.558127,7.308411,58.317757,254.074766,14.078660,0.205607,4.276834,17.971963,0.167962,0.375439,29.939733,0.405616,3.749993,0.083929,4.384615,0.337278,0.994083,9.538462,3795.461538,15717.615385,934.407585,0.243590,3.615385,0.278107,0.517408,5.158802,0.134131,3.180833,0.045614,3314.840237,1.562916,0.063097,0.892672,0.006111,0.300521,0.649409,0.649409,23.801117,284.000000,15.456667,70.284271,0.247480,284.000000,1.384166,0.722457,0.271929,26.273299,0.649409,15.456667,23.801117,24.000000,17.000000,29.410882,29.410882,284.000000,15.456667,1.384166,0.722457,70.284271,0.247480,284.000000
"d207fbc4-b2bf-4cf0-a11c-e9a955fd03a1","Detection","nuclei_tumor",529.915100,485.898071,76.000000,119.000000,9503008.000000,1.600418,24.000000,3.037495,154.000000,96.636272,13.784922,94.000000,64.000000,90.000000,9.907666,98.123261,0.538535,17.017793,9503008.000000,0.389428,289.605290,5.814589,10.335146,0.728877,1.846973,0.182759,0.819918,0.180106,0.688690,0.150320,0.910389,0.910212,0.992992,0.970045,-0.493155,0.000000,0.177785,2.323475,0.298675,2.326669,0.472944,4.646950,2.140254,0.507433,3.866677,234.848024,0.237941,1.000000,3.761033,384.365755,0.551709,6.177305,56.665653,310.400203,15.250781,0.258366,0.035364,0.359228,0.006766,109.490358,0.301626,0.850215,8.198347,56.187328,292.192837,14.727198,0.227753,5.129570,40.730028,0.112204,0.367781,26.615304,0.289635,3.340401,0.048115,4.222222,0.234568,1.580247,13.444444,20726.388889,111712.944444,4653.354568,0.193302,5.111111,0.283951,0.528016,8.908390,0.047382,3.392147,0.018237,17719.694444,5.022441,0.016947,1.840798,0.010068,0.163574,0.708961,0.708961,42.238873,987.500000,29.945700,123.154329,0.124713,987.500000,1.222228,0.818178,0.407650,59.044240,0.708961,29.945700,42.238873,31.000000,42.000000,52.201533,52.201533,987.500000,29.945700,1.222228,0.818178,123.154329,0.124713,987.500000
"1bc931e1-9eb2-4e0e-abc6-415635dae105","Detection","nuclei_tumor",921.515808,488.135223,66.000000,111.000000,10365465.000000,1.539027,22.000000,2.764233,134.000000,88.254277,13.091375,88.000000,46.000000,88.000000,9.222499,89.778824,0.003441,16.474823,10365465.000000,0.402435,271.419791,9.465254,8.959378,0.243712,1.741878,0.206847,0.787710,0.206440,0.736554,0.164230,0.896848,0.896821,0.992048,0.965603,-0.436895,0.000000,0.206083,3.013552,0.285015,2.387076,0.478908,6.027104,2.178264,0.487181,4.017094,257.199067,0.199999,1.000000,3.531681,517.531882,0.494925,9.762830,53.340591,500.971229,6.933069,0.131827,0.034342,0.380932,0.004573,175.166038,0.330502,0.685614,10.745283,41.732075,381.611321,5.456941,0.133339,5.054652,60.773585,0.114667,0.412131,18.182115,0.264715,3.249235,0.035836,11.222222,0.415638,1.138546,13.518519,21656.666667,191679.962963,2611.376152,0.138189,4.185185,0.155007,0.378520,5.098532,0.039759,3.776874,0.020995,19388.085048,5.361347,0.011134,2.048385,0.009974,0.096343,0.499969,0.499969,61.279787,1290.500000,30.637994,165.095454,0.127931,1290.500000,1.680747,0.594974,0.343226,41.856513,0.499969,30.637994,61.279787,57.000000,43.000000,71.400280,71.400280,1290.500000,30.637994,1.680747,0.594974,165.095454,0.127931,1290.500000
"e65c2e79-591d-4dde-816c-01d1e8875ea3","Detection","nuclei_lymphocyte",7.130917,484.039276,51.000000,96.000000,1715875.000000,1.514073,26.000000,3.756980,135.000000,69.483384,15.042962,65.000000,41.000000,94.000000,10.403892,71.999392,1.096752,18.867214,1715875.000000,0.448873,355.971778,5.601151,13.442086,2.601254,1.788104,0.252467,0.752553,0.245888,0.824458,0.192006,0.878152,0.877714,0.990342,0.959175,-0.363564,0.000000,0.240132,2.284128,0.344836,2.345417,0.563322,4.568257,2.082029,0.510143,3.795039,56.305136,0.170106,1.000000,4.608319,148.577039,0.562244,6.030211,47.706949,242.465257,11.837577,0.252314,0.049858,0.515140,0.013108,51.137143,0.292212,0.932049,7.811429,27.862857,137.120000,6.909070,0.255260,4.526419,32.154286,0.183739,0.528701,13.552849,0.416783,4.055189,0.102416,2.833333,0.236111,2.576389,11.083333,3865.916667,17320.166667,933.015208,0.393102,2.833333,0.236111,0.440103,7.693692,0.121684,3.188722,0.036254,3105.076389,2.030206,0.040882,2.288000,0.012976,0.392707,0.674549,0.674549,25.606831,331.000000,17.273061,76.284271,0.230466,331.000000,1.399046,0.714773,0.280285,27.912797,0.674549,17.273061,25.606831,17.000000,25.000000,30.232433,30.232433,331.000000,17.273061,1.399046,0.714773,76.284271,0.230466,331.000000
"dde9b9c7-cb74-4c7d-855e-2cd837e16fc4","Detection","nuclei_endothelium",25.920010,501.346710,65.000000,101.000000,5244232.000000,1.370388,19.000000,3.026766,128.000000,83.831724,11.349662,84.000000,45.000000,83.000000,7.933858,85.049535,-0.082572,14.341042,5244232.000000,0.469983,205.665476,8.292411,5.015236,-0.215024,1.216059,0.263021,0.644345,0.259301,0.838764,0.195784,0.870970,0.870722,0.989913,0.956872,-0.282304,0.000000,0.256045,2.837984,0.318511,2.280855,0.523065,5.675967,2.006297,0.369770,3.974110,111.262069,0.153465,1.000000,4.283065,340.737931,0.392173,8.646897,46.613793,386.729655,6.551225,0.146200,0.045670,0.485960,0.006662,131.445026,0.344097,0.632165,9.413613,25.958115,218.675393,3.542432,0.153210,4.597015,61.774869,0.161714,0.526897,11.549930,0.365728,4.045938,0.052997,8.076923,0.310651,1.309172,11.500000,8326.500000,73790.576923,968.122009,0.188974,3.230769,0.124260,0.290129,3.864111,0.042966,4.286790,0.035862,7548.948225,4.142255,0.014258,2.644252,0.010018,0.130032,0.238254,0.238254,62.706500,723.000000,14.940068,145.396970,0.201102,723.000000,2.326819,0.429771,0.232665,19.233703,0.238254,14.940068,62.706500,24.000000,59.000000,63.694584,63.694584,723.000000,14.940068,2.326819,0.429771,145.396970,0.201102,723.000000
"c3274559-40df-489f-bbbf-a16c79bcebfc","Detection","nuclei_tumor",455.735596,495.651917,70.000000,112.000000,8470040.000000,1.497508,20.000000,3.010374,146.000000,92.037075,12.500704,93.000000,54.000000,92.000000,8.627311,93.397041,-0.054097,15.880302,8470040.000000,0.405295,252.184001,4.918642,5.873981,-0.204880,1.508963,0.311422,0.657850,0.293642,0.918931,0.225197,0.856142,0.854957,0.981995,0.941864,-0.291083,0.000000,0.278085,2.149246,0.239746,2.512898,0.414871,4.298491,2.167122,0.455096,4.205258,150.299691,0.154789,1.000000,4.065697,393.541710,0.471252,5.197734,45.908342,222.561277,15.186863,0.317313,0.046515,0.323125,0.012785,187.452975,0.359795,0.585195,5.863724,23.750480,114.322457,7.981153,0.298638,4.553872,84.174664,0.161564,0.536560,9.856617,0.354005,2.542307,0.095873,13.055556,0.362654,1.008488,7.972222,8316.305556,34752.416667,2213.849923,0.312114,4.388889,0.121914,0.325550,3.115315,0.066434,4.401828,0.037075,7588.804784,12.457340,0.010542,1.616950,0.021482,0.055049,0.809171,0.809171,39.125059,972.000000,31.658868,118.568542,0.121984,972.000000,1.150967,0.868835,0.424754,64.102720,0.809171,31.658868,39.125059,34.000000,37.000000,50.249378,50.249378,972.000000,31.658868,1.150967,0.868835,118.568542,0.121984,972.000000
"17503c28-19c3-4ea5-9726-462c2f329ed0","Detection","nuclei_endothelium",84.188980,497.030792,58.000000,99.000000,3723958.000000,1.421979,24.000000,2.262815,118.000000,78.013582,12.775231,77.000000,46.000000,72.000000,9.750074,79.514208,0.188033,15.374990,3723958.000000,0.412287,236.390308,7.079078,4.352031,0.445905,1.357383,0.257117,0.681490,0.257117,0.822365,0.191008,0.871441,0.871441,0.984875,0.948577,-0.316327,0.000000,0.257117,2.608450,0.267363,2.313968,0.356078,5.216900,2.056851,0.403625,3.975303,91.831919,0.155912,1.000000,3.808585,242.837012,0.433522,7.475382,47.135823,317.529711,8.465325,0.173870,0.040334,0.362693,0.008250,107.841424,0.349001,0.601083,8.766990,25.255663,165.527508,4.682713,0.167678,4.458736,47.401294,0.153402,0.524618,10.722049,0.317388,3.371577,0.055231,7.125000,0.445313,1.484375,11.250000,8762.812500,60258.687500,1497.578559,0.264757,2.500000,0.156250,0.269181,2.280836,0.108295,3.577820,0.027165,7407.652344,5.524090,0.019143,1.521898,0.017621,0.095075,0.593634,0.593634,35.653193,590.000000,21.164962,100.083261,0.169633,590.000000,1.351018,0.740183,0.332457,39.271008,0.593634,21.164962,35.653193,23.000000,36.000000,42.720019,42.720019,590.000000,21.164962,1.351018,0.740183,100.083261,0.169633,590.000000
"552c5182-1945-4e1a-bab6-fc86902d4d84","Detection","nuclei_tumor",763.130798,500.575317,63.000000,114.000000,8928027.000000,1.663613,23.000000,3.325900,164.000000,91.140777,14.700302,92.000000,44.000000,120.000000,10.079001,93.102027,0.047041,19.009108,8928027.000000,0.363286,361.346201,10.384674,10.925866,0.300297,2.011307,0.235219,0.790593,0.230652,0.793607,0.182019,0.885435,0.885131,0.993661,0.967131,-0.428309,0.000000,0.226656,3.152880,0.243074,2.546064,0.407511,6.305760,2.302012,0.561632,4.176149,188.363107,0.182877,1.000000,4.088035,374.184466,0.598138,10.769903,51.765049,521.379612,6.369698,0.120188,0.039836,0.546586,0.005876,138.927813,0.294964,0.908525,12.535032,34.989384,344.339703,4.398174,0.115494,4.976254,69.271762,0.147074,0.457282,15.860368,0.353308,5.474820,0.040519,5.320000,0.212800,2.502400,16.640000,14045.040000,142803.320000,1526.764511,0.175022,4.120000,0.164800,0.384675,6.558085,0.106008,4.213661,0.024272,12347.600000,3.242748,0.013925,3.323646,0.008678,0.193320,0.749999,0.749999,41.911550,1031.000000,31.433629,123.053824,0.119354,1031.000000,1.168750,0.855615,0.426129,64.518515,0.749999,31.433629,41.911550,37.000000,38.000000,53.037722,53.037722,1031.000000,31.433629,1.168750,0.855615,123.053824,0.119354,1031.000000
"eddf4fa6-ad96-457a-99c1-5a37e800f465","Detection","nuclei_tumor",993.435852,503.703400,68.000000,110.000000,9489138.000000,1.467568,19.000000,3.134686,134.000000,89.259324,12.475474,90.000000,50.000000,84.000000,8.206975,90.719099,0.064299,16.208889,9489138.000000,0.439333,262.728068,4.604614,7.568617,0.420912,1.489138,0.255372,0.707228,0.247682,0.829886,0.194026,0.877441,0.876928,0.985114,0.950720,-0.354844,0.000000,0.240952,2.072721,0.305057,2.350789,0.513232,4.145442,2.076284,0.436128,3.935991,198.897658,0.172504,1.000000,4.294292,506.550737,0.463073,4.882914,50.517780,208.121422,18.580671,0.334755,0.043350,0.340647,0.011658,192.761989,0.342384,0.640750,6.476021,35.264654,139.190053,13.034661,0.273140,4.582458,92.186501,0.163742,0.488291,18.488136,0.369627,3.064485,0.083234,14.250000,0.356250,1.074375,9.925000,13084.475000,51660.700000,3653.899653,0.253125,6.250000,0.156250,0.365450,4.422907,0.080817,4.034184,0.034692,12253.594375,12.561575,0.010526,1.310299,0.017859,0.056106,0.639945,0.639945,47.998291,1152.500000,30.716262,132.124892,0.114642,1152.500000,1.205365,0.829624,0.428143,65.129885,0.639945,30.716262,47.998291,38.000000,43.000000,57.384667,57.384667,1152.500000,30.716262,1.205365,0.829624,132.124892,0.114642,1152.500000
"09a0b8df-0ebd-4529-95b7-e5efa3bfd916","Detection","nuclei_histiocyte",168.810043,502.551392,61.000000,111.000000,2724417.000000,1.607262,33.000000,1.946722,125.000000,84.497253,16.035654,84.000000,48.000000,77.000000,12.889374,86.513942,0.177145,18.570847,2724417.000000,0.340116,344.876366,8.849518,9.159214,0.661812,2.308407,0.248332,0.805743,0.246850,0.812328,0.187397,0.876822,0.876723,0.990461,0.958894,-0.422527,0.000000,0.245552,2.886953,0.209730,2.548128,0.309859,5.773907,2.294728,0.639185,4.195677,58.291209,0.160141,1.000000,3.775238,123.802198,0.617641,8.986264,47.175824,406.991758,7.522908,0.150808,0.040649,0.389806,0.007826,72.885417,0.379612,0.536431,9.505208,23.770833,194.416667,3.959907,0.140571,4.353387,29.520833,0.153754,0.527473,9.394097,0.338548,3.320217,0.048278,1.750000,0.218750,1.500000,10.500000,4893.750000,37802.375000,803.894757,0.235903,1.750000,0.218750,0.377159,3.770727,0.161482,3.000000,0.021978,2823.500000,2.074714,0.036460,2.331898,0.013899,0.320969,0.795963,0.795963,24.320561,361.500000,19.358267,73.355339,0.202919,361.500000,1.184528,0.844218,0.324628,37.443272,0.795963,19.358267,24.320561,21.000000,23.000000,31.144823,31.144823,361.500000,19.358267,1.184528,0.844218,73.355339,0.202919,361.500000
"cc4020a8-6e19-4424-be5f-6980b5d314f3","Detection","nuclei_endothelium",52.811352,517.660156,72.000000,141.000000,9744238.000000,2.063160,40.000000,2.251735,163.000000,100.858732,21.905177,95.000000,51.000000,112.000000,17.017752,104.110395,0.511310,25.816479,9744238.000000,0.270664,666.490611,7.437224,41.937941,4.256995,4.088066,0.294913,0.865428,0.290209,0.885629,0.210692,0.855680,0.855366,0.988695,0.951744,-0.466945,0.000000,0.286092,2.547339,0.159248,3.123654,0.309027,5.094678,2.814333,1.095745,4.808509,139.765295,0.155468,1.000000,3.527825,243.327030,1.149276,7.717464,44.337041,338.286986,11.462265,0.285423,0.042235,0.355633,0.012541,120.935223,0.244808,1.321067,7.785425,22.311741,169.178138,5.636451,0.320398,5.061750,76.368421,0.154592,0.549499,9.064499,0.319452,2.596906,0.112845,5.583333,0.232639,1.831597,8.291667,7760.458333,46997.750000,1720.098495,0.414502,3.250000,0.135417,0.310965,3.012010,0.061626,4.220176,0.026696,6357.331597,8.253262,0.016779,2.419238,0.030819,0.138560,0.406349,0.406349,53.455451,898.500000,21.721571,133.497475,0.148578,898.500000,1.578404,0.633551,0.328650,38.376855,0.406349,21.721571,53.455451,23.000000,54.000000,58.694122,58.694122,898.500000,21.721571,1.578404,0.633551,133.497475,0.148578,898.500000
"c4bf3269-9e88-4f56-ab35-c67327387b5f","Detection","nuclei_stroma",217.850677,512.464905,52.000000,96.000000,3232972.000000,1.504329,23.000000,2.842303,121.000000,71.645485,13.379783,70.000000,39.000000,82.000000,9.930970,73.527598,0.572239,16.529736,3232972.000000,0.414341,273.232179,5.948889,8.328921,0.922608,1.630958,0.260889,0.724197,0.260889,0.828085,0.192826,0.869556,0.869556,0.984654,0.947822,-0.347466,0.000000,0.260889,2.367778,0.273182,2.441094,0.460444,4.735556,2.180205,0.472962,4.063835,95.638796,0.159931,1.000000,3.570586,247.775920,0.491429,6.265886,46.628763,259.817726,11.448277,0.235832,0.036248,0.294413,0.007696,108.955414,0.346992,0.626151,7.579618,27.235669,144.592357,6.538792,0.214194,4.470242,52.191083,0.166214,0.525084,12.727819,0.323586,3.086933,0.054028,5.444444,0.302469,1.098765,9.444444,6511.888889,30231.500000,1540.462191,0.258488,1.777778,0.098765,0.125203,1.603429,0.022918,4.058814,0.030100,5408.172840,7.165633,0.018261,1.460344,0.020947,0.091586,0.655283,0.655283,34.418180,600.500000,22.553665,97.497475,0.162360,600.500000,1.259691,0.793846,0.351923,44.004622,0.655283,22.553665,34.418180,24.000000,35.000000,42.438190,42.438190,600.500000,22.553665,1.259691,0.793846,97.497475,0.162360,600.500000
"5f6c334a-3607-45c3-bd7d-56f4b09fa7b7","Detection","nuclei_tumor",805.275696,513.630249,60.000000,100.000000,4196125.000000,1.385781,24.000000,2.412147,122.000000,78.973765,12.865174,78.000000,50.000000,72.000000,9.710972,80.470501,0.356730,15.448169,4196125.000000,0.409556,238.645917,3.017171,5.424327,1.002559,1.523420,0.208095,0.759638,0.207277,0.739716,0.165131,0.896498,0.896443,0.979228,0.948222,-0.402995,0.000000,0.206562,1.639616,0.281479,2.189625,0.391660,3.279231,1.978212,0.432879,3.859748,125.879630,0.194259,1.000000,3.487502,265.391975,0.437755,3.220679,52.314815,147.155864,33.035279,0.564858,0.032654,0.137848,0.013923,111.408759,0.406601,0.443551,4.072993,42.102190,100.328467,30.003041,0.430454,4.608581,34.255474,0.125020,0.422840,19.729980,0.252292,1.289618,0.075244,4.500000,0.375000,0.520833,5.583333,10588.166667,23805.583333,7519.182870,0.317130,2.000000,0.166667,0.316140,1.881033,0.064134,3.251629,0.018519,7672.166667,21.369640,0.020162,0.575818,0.029075,0.056438,0.748118,0.748118,33.702102,645.000000,25.213136,100.083261,0.155168,645.000000,1.235815,0.809183,0.363448,46.933988,0.748118,25.213136,33.702102,27.000000,33.000000,42.638011,42.638011,645.000000,25.213136,1.235815,0.809183,100.083261,0.155168,645.000000
"2211766e-e3d0-4602-ad6d-0932fe799ad6","Detection","nuclei_tumor",718.384644,516.228088,59.000000,106.000000,6101318.000000,1.560974,24.000000,3.216652,144.000000,80.150276,14.255687,77.000000,50.000000,94.000000,10.434627,82.108391,0.779109,17.824732,6101318.000000,0.370576,317.721063,3.339710,12.345596,2.267503,2.034749,0.196522,0.823848,0.196522,0.714917,0.157901,0.901739,0.901739,0.988440,0.960696,-0.470397,0.000000,0.196522,1.697101,0.270348,2.317671,0.403188,3.394203,2.121149,0.557818,3.880363,193.223204,0.213506,1.000000,3.513414,335.371271,0.592846,3.633149,54.292818,162.607735,34.585750,0.556530,0.031016,0.145937,0.013704,122.638889,0.340664,0.619877,4.983333,44.788889,110.966667,32.594367,0.389294,4.893624,40.650000,0.112917,0.397790,19.510340,0.254891,1.535440,0.075654,4.090909,0.371901,0.793388,7.272727,26485.545455,66668.545455,17315.606692,0.293561,1.727273,0.157025,0.289427,1.425847,0.125574,3.459432,0.012155,19716.743802,14.230042,0.016257,1.284984,0.019707,0.107031,0.883600,0.883600,36.281373,902.500000,32.058236,116.325902,0.128893,902.500000,1.193152,0.838116,0.405843,58.521778,0.883600,32.058236,36.281373,34.000000,35.000000,48.795492,48.795492,902.500000,32.058236,1.193152,0.838116,116.325902,0.128893,902.500000
"81d6e086-5ef4-480d-81c1-f843cc8f6e27","Detection","nuclei_tumor",645.113098,520.159790,74.000000,132.000000,9209845.000000,1.884037,38.000000,1.912334,159.000000,101.918632,18.999700,100.000000,62.000000,97.000000,15.579448,104.214520,0.136969,21.754510,9209845.000000,0.296906,473.258709,7.242086,20.702687,0.561708,3.073476,0.263501,0.842072,0.257914,0.841495,0.196981,0.871974,0.871601,0.989910,0.957147,-0.467884,0.000000,0.253026,2.557263,0.186966,2.869725,0.331161,5.114525,2.591344,0.834244,4.497609,138.165094,0.162931,1.000000,3.738430,251.775943,0.845358,7.490566,48.099057,321.948113,13.102412,0.253710,0.040323,0.371901,0.009883,122.002342,0.285720,0.913535,8.758782,27.765808,177.765808,7.557322,0.224346,4.933423,64.447307,0.150930,0.503538,11.989843,0.316767,3.179459,0.063381,5.100000,0.255000,1.590000,11.200000,8778.600000,54782.100000,1987.495000,0.245667,3.300000,0.165000,0.375381,4.015267,0.128401,4.021928,0.023585,6980.840000,5.498642,0.017908,2.260113,0.020284,0.148599,0.612172,0.612172,42.294835,846.000000,25.891721,117.396970,0.138767,846.000000,1.296384,0.771377,0.375241,50.029071,0.612172,25.891721,42.294835,29.000000,42.000000,51.039201,51.039201,846.000000,25.891721,1.296384,0.771377,117.396970,0.138767,846.000000
"25c1a4b0-f41b-4e42-b78a-a1e511bd7d4e","Detection","nuclei_histiocyte",6.516129,515.077637,44.000000,92.000000,1420269.000000,1.603718,28.000000,2.185416,113.000000,69.363309,14.358108,71.000000,36.000000,77.000000,11.064294,71.476439,-0.007911,17.251452,1420269.000000,0.365794,297.612611,5.343936,8.376926,-0.274750,1.859856,0.289264,0.730807,0.275348,0.885718,0.213448,0.864645,0.863718,0.983230,0.945394,-0.352457,0.000000,0.263171,2.225149,0.222336,2.611534,0.369781,4.450298,2.290337,0.537280,4.288558,40.877698,0.147042,1.000000,4.150406,101.690647,0.553349,5.672662,43.776978,222.622302,14.656175,0.308453,0.052521,0.410159,0.014349,54.627329,0.339300,0.655685,6.583851,18.931677,98.695652,6.021394,0.276052,4.383872,27.708075,0.172100,0.579137,7.005594,0.384304,3.027648,0.092281,3.923077,0.301775,1.254438,8.923077,2018.307692,10880.384615,501.388889,0.311966,3.461538,0.266272,0.369726,3.839901,0.108792,3.238901,0.046763,1561.005917,3.279159,0.041928,1.434110,0.023533,0.209731,0.537597,0.537597,26.195079,279.000000,14.082397,73.798990,0.264513,279.000000,1.553412,0.643744,0.248287,21.903299,0.537597,14.082397,26.195079,14.000000,26.000000,29.529646,29.529646,279.000000,14.082397,1.553412,0.643744,73.798990,0.264513,279.000000
"1022306d-b78b-4f60-a1b6-568990e968e3","Detection","nuclei_tumor",896.550781,515.827332,48.000000,95.000000,2844398.000000,1.706086,30.000000,2.190796,115.000000,69.170557,15.267131,66.000000,35.000000,80.000000,11.846628,71.460752,0.410111,17.946399,2844398.000000,0.348414,322.073244,5.450597,11.514071,0.577888,2.105733,0.260143,0.780087,0.258234,0.831696,0.193458,0.871201,0.871074,0.984731,0.948417,-0.403192,0.000000,0.256563,2.233652,0.228245,2.636075,0.400955,4.467303,2.370028,0.591469,4.220885,90.497307,0.162473,1.000000,3.991072,194.066427,0.642948,5.915619,47.380610,240.098743,15.560730,0.305144,0.040641,0.334269,0.010512,85.542955,0.293962,0.832135,7.563574,25.917526,133.285223,8.044912,0.258543,4.626279,45.309278,0.155702,0.522442,11.262574,0.346736,3.646120,0.055815,5.428571,0.387755,1.265306,11.142857,7067.785714,34724.500000,1902.964782,0.230159,1.571429,0.112245,0.254693,2.145520,0.096292,3.664498,0.025135,5484.882653,6.915488,0.023592,1.301620,0.026371,0.112899,0.701883,0.701883,31.881019,558.000000,22.376745,91.254834,0.163539,558.000000,1.187593,0.842039,0.361140,46.339691,0.701883,22.376745,31.881019,32.000000,23.000000,39.408121,39.408121,558.000000,22.376745,1.187593,0.842039,91.254834,0.163539,558.000000
"382ef2cb-0aad-4e09-86e1-b25988e9ff62","Detection","nuclei_tumor",566.955505,526.567993,77.000000,119.000000,10393634.000000,1.594931,20.000000,3.463441,150.000000,98.175740,12.935296,99.000000,51.000000,99.000000,8.463454,99.634643,-0.237480,16.987823,10393634.000000,0.377261,288.586116,6.312172,10.837247,-0.196308,1.942468,0.231192,0.787278,0.230692,0.781604,0.177973,0.884737,0.884704,0.991112,0.961563,-0.431176,0.000000,0.230255,2.425769,0.238789,2.513235,0.346663,4.851537,2.279860,0.543415,4.201879,185.458453,0.177133,1.000000,3.382344,394.992359,0.538468,6.484241,50.738300,311.311366,13.567155,0.249501,0.031367,0.249399,0.006718,175.085653,0.374916,0.561459,7.186296,32.252677,192.890792,8.712252,0.217784,4.882004,55.573876,0.119002,0.446036,12.146958,0.256039,2.122171,0.046607,4.555556,0.253086,1.222222,10.222222,17470.944444,100770.833333,3810.038873,0.220586,1.666667,0.092593,0.174487,3.028548,0.013511,4.058814,0.017192,14087.583333,6.257894,0.012120,2.286466,0.011608,0.126437,0.667337,0.667337,44.940513,1049.000000,29.990448,127.740115,0.121773,1049.000000,1.237854,0.807850,0.409930,59.706476,0.667337,29.990448,44.940513,30.000000,44.000000,53.254108,53.254108,1049.000000,29.990448,1.237854,0.807850,127.740115,0.121773,1049.000000
"5316dc78-18c4-408d-9fa2-b943fe11dde8","Detection","nuclei_tumor",419.891144,532.358643,37.000000,72.000000,2105639.000000,1.323269,20.000000,3.379570,107.000000,51.373315,11.710995,47.000000,33.000000,74.000000,8.945723,53.270896,0.978306,14.091518,2105639.000000,0.443672,198.570878,2.469468,4.850298,1.286069,1.320770,0.167026,0.775472,0.165589,0.652504,0.139606,0.917445,0.917349,0.990200,0.966930,-0.457171,0.000000,0.164332,1.476832,0.368543,1.903205,0.531609,2.953664,1.733674,0.371949,3.199049,220.223720,0.296797,1.000000,4.357364,329.204852,0.426474,2.791105,57.164420,117.828841,43.050417,0.648950,0.036276,0.224788,0.013370,98.804348,0.357987,0.569943,5.108696,73.891304,124.746377,62.027727,0.360054,4.350811,43.427536,0.157346,0.371968,44.981201,0.379468,2.856628,0.065353,7.125000,0.445313,0.558594,9.187500,14973.500000,29219.812500,11463.629774,0.174913,3.000000,0.187500,0.374014,4.659092,0.032986,3.155639,0.021563,12822.859375,8.608793,0.023232,1.118147,0.012144,0.164229,0.404777,0.404777,49.568621,744.000000,20.064253,127.396970,0.171232,744.000000,1.735943,0.576056,0.291917,30.277565,0.404777,20.064253,49.568621,24.000000,52.000000,57.271284,57.271284,744.000000,20.064253,1.735943,0.576056,127.396970,0.171232,744.000000
"efa7d40e-d572-4289-91a6-9a1e7cc9fa35","Detection","nuclei_tumor",486.296936,533.567261,49.000000,97.000000,3227817.000000,1.548371,23.000000,3.143913,122.000000,68.611198,14.087885,64.000000,40.000000,82.000000,9.842516,70.851486,0.872807,17.675879,3227817.000000,0.425317,312.436702,5.387190,12.065412,1.637703,1.871467,0.206198,0.801510,0.203719,0.737756,0.164697,0.898554,0.898388,0.987914,0.959339,-0.447298,0.000000,0.201550,2.229545,0.328683,2.328233,0.542975,4.459091,2.115540,0.519416,3.865810,130.919129,0.203607,1.000000,3.884905,273.479005,0.567915,5.758942,52.928460,259.006221,15.650261,0.280553,0.035065,0.291818,0.008032,80.553957,0.289762,0.856219,7.827338,43.093525,197.884892,12.065048,0.245529,4.813753,37.870504,0.136225,0.432348,21.694581,0.311511,3.317302,0.057880,3.181818,0.289256,1.471074,8.909091,15741.727273,72854.090909,3859.592803,0.348485,2.090909,0.190083,0.389724,4.610136,0.055239,3.095795,0.017107,12324.793388,5.151665,0.026796,0.977522,0.017589,0.125002,0.529939,0.529939,39.762374,645.500000,21.071634,104.669048,0.162152,645.500000,1.350611,0.740405,0.340090,41.095101,0.529939,21.071634,39.762374,26.000000,36.000000,44.407207,44.407207,645.500000,21.071634,1.350611,0.740405,104.669048,0.162152,645.500000
"8baf3769-5b7f-4b85-b84a-42ac5696f85b","Detection","nuclei_histiocyte",169.272629,529.120850,47.000000,90.000000,1315285.000000,1.546940,21.000000,2.918972,112.000000,65.375862,13.015672,63.000000,36.000000,76.000000,9.377765,67.345865,0.697801,16.169792,1315285.000000,0.415054,261.462176,4.651316,9.418507,0.916220,1.662049,0.243421,0.744503,0.241541,0.804911,0.185079,0.879543,0.879417,0.985714,0.951754,-0.379807,0.000000,0.239897,2.072838,0.300783,2.391451,0.511278,4.145677,2.143078,0.476368,3.897387,49.213793,0.169703,1.000000,4.065446,120.365517,0.528288,5.113793,47.262069,195.313793,17.213817,0.331346,0.046275,0.399207,0.010011,48.552632,0.319425,0.723511,6.907895,25.434211,106.565789,8.709887,0.268869,4.345487,23.750000,0.156250,0.524138,10.873961,0.329745,3.244551,0.050854,3.000000,0.333333,0.987654,10.666667,3840.222222,16674.555556,1081.326389,0.203704,2.333333,0.259259,0.452064,5.676405,0.039108,2.725481,0.031034,2801.950617,3.160395,0.045292,1.258732,0.020271,0.228489,0.726001,0.726001,22.680954,291.000000,16.466404,66.284271,0.227781,291.000000,1.201484,0.832304,0.304230,32.885685,0.726001,16.466404,22.680954,21.000000,18.000000,27.658633,27.658633,291.000000,16.466404,1.201484,0.832304,66.284271,0.227781,291.000000
"e042cf9f-1872-4f60-91ba-c979f82c117d","Detection","nuclei_tumor",614.911499,539.249878,63.000000,122.000000,7738075.000000,1.833408,30.000000,2.563353,156.000000,93.914663,17.843721,93.000000,49.000000,107.000000,13.024527,96.439468,0.100575,21.922748,7738075.000000,0.310584,480.606900,11.009823,15.235872,0.342571,2.573625,0.287389,0.799100,0.265209,0.883203,0.217053,0.871013,0.869613,0.992329,0.962505,-0.422623,0.000000,0.246550,3.230830,0.197839,2.810435,0.324461,6.461660,2.485444,0.715254,4.387010,143.288462,0.172222,1.000000,4.691932,258.406250,0.769264,11.606971,48.997596,508.328125,6.158269,0.117397,0.045647,0.746253,0.005002,115.438679,0.272261,0.987356,14.299528,28.037736,294.514151,3.438502,0.100810,4.774403,75.806604,0.178789,0.509615,12.635813,0.416277,7.460227,0.033276,6.769231,0.260355,1.639053,19.538462,6714.692308,72959.884615,712.374679,0.106934,3.307692,0.127219,0.305504,7.186872,0.051132,4.363713,0.031250,5690.692308,2.567507,0.019296,3.412596,0.011889,0.232006,0.504823,0.504823,45.868761,830.500000,23.155588,118.811183,0.143060,830.500000,1.352587,0.739324,0.361808,46.511429,0.504823,23.155588,45.868761,29.000000,43.000000,51.865210,51.865210,830.500000,23.155588,1.352587,0.739324,118.811183,0.143060,830.500000
"31bc13a3-a82e-4df9-823d-c2b51142302a","Detection","nuclei_lymphocyte",81.468765,530.160645,37.000000,76.000000,960307.000000,1.374560,22.000000,2.873445,97.000000,52.686520,12.786451,47.000000,30.000000,67.000000,9.729578,54.866809,0.891682,15.313306,960307.000000,0.420721,234.497342,2.539574,4.870055,1.330366,1.393191,0.229787,0.716833,0.224681,0.784146,0.179306,0.888511,0.888170,0.977257,0.944085,-0.360325,0.000000,0.220213,1.499574,0.328483,2.087773,0.509787,2.999149,1.845299,0.405744,3.506284,64.435737,0.201993,1.000000,4.899107,134.210031,0.475074,2.981191,50.197492,100.824451,39.083769,0.633577,0.048345,0.293798,0.015719,58.371069,0.367114,0.518176,4.930818,33.232704,58.515723,27.876310,0.366702,3.930572,28.056604,0.176457,0.498433,17.131917,0.391516,2.661160,0.074610,8.500000,0.708333,0.354167,7.916667,3480.416667,6830.416667,2672.638889,0.196759,2.500000,0.208333,0.402724,3.624457,0.044751,2.522055,0.037618,2773.743056,16.234687,0.043472,0.568071,0.034627,0.113161,0.840081,0.840081,22.131439,317.500000,18.592211,69.355339,0.218442,317.500000,1.205608,0.829457,0.310134,34.174340,0.840081,18.592211,22.131439,21.000000,21.000000,29.698485,29.698485,317.500000,18.592211,1.205608,0.829457,69.355339,0.218442,317.500000
"0d1e9323-d173-486d-a5c2-c98db3abd339","Detection","nuclei_tumor",345.136871,548.504639,36.000000,74.000000,2082603.000000,1.375295,22.000000,4.219663,118.000000,51.606443,12.744274,48.000000,29.000000,89.000000,9.202809,54.007508,1.153206,15.924384,2082603.000000,0.435927,253.586009,2.515672,6.796691,1.688344,1.422452,0.203731,0.749436,0.196269,0.733309,0.165210,0.903109,0.902612,0.988147,0.960995,-0.408234,0.000000,0.189739,1.486940,0.352550,2.022095,0.526119,2.973881,1.808930,0.406546,3.388704,165.221289,0.231402,1.000000,4.618051,311.252101,0.479354,2.900560,54.484594,108.892157,41.964344,0.648187,0.041037,0.252545,0.015635,103.197368,0.339465,0.648849,5.164474,53.578947,94.513158,44.576206,0.375206,4.318155,51.559211,0.169603,0.425770,31.513677,0.394259,3.010576,0.081892,8.684211,0.457064,0.681440,9.368421,11498.736842,22012.052632,8905.294591,0.201754,3.421053,0.180055,0.384410,3.632196,0.085374,3.511085,0.026611,10086.559557,9.063654,0.023886,1.137974,0.014245,0.164672,0.402788,0.402788,48.172414,716.000000,19.403261,121.396970,0.169549,716.000000,1.637920,0.610530,0.302013,32.408198,0.402788,19.403261,48.172414,28.000000,45.000000,53.000000,53.000000,716.000000,19.403261,1.637920,0.610530,121.396970,0.169549,716.000000
"dd7abc5f-1bec-4f17-b7f1-c53dd152992c","Detection","nuclei_tumor",819.606995,545.707886,61.000000,114.000000,5883885.000000,1.720125,22.000000,2.882872,138.000000,85.490222,14.803054,84.000000,44.000000,94.000000,9.989103,87.585942,0.163837,19.045190,5883885.000000,0.375531,362.719266,9.061491,18.524118,-0.401937,2.350423,0.205084,0.839496,0.205084,0.731981,0.163025,0.897458,0.897458,0.992112,0.965819,-0.492291,0.000000,0.205084,2.919787,0.271430,2.566319,0.473377,5.839574,2.361235,0.638877,4.195406,150.707953,0.196490,1.000000,3.652045,288.032595,0.654386,9.344198,53.127771,488.329857,8.317035,0.165718,0.033644,0.366616,0.005353,91.258462,0.280795,0.965813,9.855385,36.861538,340.947692,5.305675,0.182953,5.160418,37.166154,0.114357,0.423729,14.583138,0.262415,3.199411,0.041901,6.800000,0.340000,1.347500,13.250000,10250.450000,93107.550000,1252.477389,0.155306,2.900000,0.145000,0.197650,2.569167,0.023816,3.821928,0.026076,8779.727500,3.114018,0.021160,1.877846,0.013225,0.171414,0.746781,0.746781,36.341857,768.000000,27.139397,107.740115,0.140287,768.000000,1.202773,0.831412,0.387454,53.338710,0.746781,27.139397,36.341857,28.000000,37.000000,46.400431,46.400431,768.000000,27.139397,1.202773,0.831412,107.740115,0.140287,768.000000
"c50eb4d8-11dc-4556-9818-4845afaff400","Detection","nuclei_tumor",281.440186,547.905334,60.000000,99.000000,5150426.000000,1.380227,23.000000,2.684342,130.000000,80.482399,12.858333,80.000000,54.000000,76.000000,9.991149,81.945271,0.387574,15.414631,5150426.000000,0.422964,237.610838,3.083620,5.027590,0.623594,1.384798,0.164487,0.787660,0.161734,0.646591,0.138329,0.919592,0.919408,0.990373,0.967745,-0.471903,0.000000,0.159326,1.666896,0.329614,2.022110,0.434962,3.333792,1.849331,0.387321,3.500530,210.692308,0.274697,1.000000,3.824301,324.413299,0.421116,3.333768,58.029987,163.318123,33.928546,0.532631,0.033050,0.178689,0.013376,91.734848,0.347480,0.599116,4.939394,65.939394,167.462121,42.277462,0.386311,4.901185,30.386364,0.115100,0.344198,32.176251,0.290020,2.044154,0.078401,5.666667,0.377778,1.048889,7.466667,15898.600000,47183.000000,8198.041667,0.350926,2.466667,0.164444,0.380638,3.271001,0.113499,3.589898,0.019557,13283.982222,7.316265,0.021978,1.082690,0.011563,0.145641,0.592734,0.592734,40.751862,767.500000,24.155010,111.154329,0.144826,767.500000,1.281045,0.780612,0.369500,48.509857,0.592734,24.155010,40.751862,28.000000,39.000000,48.010416,48.010416,767.500000,24.155010,1.281045,0.780612,111.154329,0.144826,767.500000
"ba7c8c1a-ba44-435e-a180-47219ebe4f33","Detection","nuclei_tumor",848.945313,547.625671,66.000000,115.000000,5349566.000000,1.622231,22.000000,2.565579,138.000000,93.996581,13.993589,96.000000,54.000000,84.000000,9.956054,95.627178,-0.341703,17.584083,5349566.000000,0.355202,309.199988,5.478617,10.009023,-0.601162,2.071357,0.251592,0.783385,0.248863,0.819492,0.189660,0.876024,0.875842,0.985249,0.950318,-0.413357,0.000000,0.246474,2.241356,0.214988,2.571690,0.319381,4.482712,2.311477,0.580737,4.185627,99.851282,0.170686,1.000000,3.217521,207.793162,0.581080,5.711111,47.502564,250.200000,16.999323,0.317889,0.032249,0.207213,0.008740,109.506757,0.369955,0.554773,6.422297,23.891892,121.236486,9.135792,0.258164,4.578576,42.554054,0.143764,0.505983,8.268033,0.262757,1.856462,0.060028,3.000000,0.272727,1.107438,8.545455,10110.636364,57581.727273,2567.955177,0.284722,1.181818,0.107438,0.131302,1.327505,0.016282,3.459432,0.018803,7282.330579,6.320742,0.020780,1.351418,0.022529,0.110890,0.660963,0.660963,34.082189,585.000000,22.527059,98.911688,0.169080,585.000000,1.330851,0.751399,0.335513,39.996433,0.660963,22.527059,34.082189,26.000000,34.000000,42.801869,42.801869,585.000000,22.527059,1.330851,0.751399,98.911688,0.169080,585.000000
"9d3db83c-1d3b-40a1-8eb4-3fe3314d117a","Detection","nuclei_lymphocyte",107.996567,543.833069,42.000000,81.000000,1204008.000000,1.525144,21.000000,3.429703,110.000000,57.575221,12.604380,53.000000,35.000000,75.000000,9.479920,59.595688,0.999236,15.386355,1204008.000000,0.381262,236.739917,3.106145,6.569374,1.132380,1.607502,0.322426,0.665867,0.295291,0.936256,0.235229,0.856877,0.855068,0.981513,0.941846,-0.298079,0.000000,0.271548,1.668795,0.249161,2.450741,0.374302,3.337590,2.096859,0.482482,3.983272,51.536873,0.152026,1.000000,5.263947,129.247788,0.546184,3.575221,45.076696,114.548673,30.049021,0.545170,0.063165,0.429244,0.020102,72.583333,0.336034,0.647955,5.402778,18.953704,45.601852,13.301826,0.355999,3.945081,52.462963,0.242884,0.637168,9.101080,0.497410,3.583213,0.113588,7.125000,0.445313,0.734375,9.000000,2620.687500,6846.375000,1596.472656,0.221788,3.875000,0.242188,0.484632,4.517901,0.104849,3.024397,0.047198,2171.777344,5.935066,0.034659,1.640548,0.024715,0.206273,0.814563,0.814563,23.187669,339.500000,18.887817,71.012193,0.209167,339.500000,1.181997,0.846026,0.320085,36.402663,0.814563,18.887817,23.187669,20.000000,24.000000,31.240999,31.240999,339.500000,18.887817,1.181997,0.846026,71.012193,0.209167,339.500000
"969a49db-afa9-4a7c-a9eb-4829ca591bde","Detection","nuclei_histiocyte",197.602402,546.754028,52.000000,98.000000,2020395.000000,1.645626,22.000000,4.701133,142.000000,72.386111,14.529120,69.000000,35.000000,107.000000,9.265969,74.914674,1.163140,19.299203,2020395.000000,0.401667,372.459252,5.951017,16.242567,2.487399,1.960840,0.360965,0.689065,0.324793,0.988504,0.255474,0.843632,0.841221,0.986405,0.946729,-0.287466,0.000000,0.293142,2.356066,0.263787,2.672955,0.467219,4.712133,2.289559,0.580451,4.224260,50.327778,0.139799,1.000000,4.754321,144.600000,0.678117,6.572222,42.100000,220.627778,10.585599,0.243086,0.064499,0.740247,0.012925,59.846512,0.278356,1.069248,8.548837,20.958140,115.386047,5.025173,0.231376,4.502782,42.283721,0.196668,0.597222,9.743429,0.423020,4.899568,0.081246,5.095238,0.242630,1.673469,13.428571,2165.809524,9763.523810,524.545556,0.213889,4.428571,0.210884,0.410756,6.419636,0.073004,3.784942,0.058333,1871.931973,2.840005,0.031376,2.656247,0.018991,0.298107,0.528767,0.528767,29.597664,360.500000,15.650274,77.355339,0.214578,360.500000,1.320886,0.757067,0.298947,31.753531,0.528767,15.650274,29.597664,17.000000,29.000000,33.615473,33.615473,360.500000,15.650274,1.320886,0.757067,77.355339,0.214578,360.500000
"52e9b07d-b3c0-4987-a7e4-69b1c5bd555a","Detection","nuclei_tumor",914.411682,557.157959,49.000000,95.000000,6003920.000000,1.605583,27.000000,2.709936,128.000000,69.331628,14.626072,65.000000,39.000000,89.000000,10.986731,71.543213,0.675480,17.650969,6003920.000000,0.394839,311.556689,5.504224,10.615905,1.189071,1.840493,0.262116,0.750675,0.255447,0.840198,0.196863,0.873388,0.872944,0.989972,0.957584,-0.372140,0.000000,0.249611,2.260449,0.273110,2.525955,0.473321,4.520898,2.249132,0.525652,4.153316,195.134697,0.166355,1.000000,4.173976,463.146633,0.569394,5.895141,49.543905,257.265985,13.718937,0.278290,0.039720,0.324132,0.011180,164.245217,0.285644,0.888850,7.309565,31.895652,161.133913,8.573443,0.280375,4.857627,90.387826,0.157196,0.490196,15.249252,0.358746,3.312731,0.094399,10.885714,0.311020,1.861224,9.228571,13399.057143,60343.114286,3289.397627,0.402333,4.314286,0.123265,0.226407,2.629987,0.075392,4.479143,0.029838,12275.849796,7.585596,0.011347,2.466478,0.013429,0.110195,0.709163,0.709163,46.167702,1174.500000,32.740433,133.296465,0.113492,1174.500000,1.203856,0.830664,0.430576,65.872254,0.709163,32.740433,46.167702,37.000000,44.000000,57.489129,57.489129,1174.500000,32.740433,1.203856,0.830664,133.296465,0.113492,1174.500000
"68ca7a0d-c44e-4d5d-8bc1-fafa865a280f","Detection","nuclei_lymphocyte",220.889877,550.663696,43.000000,96.000000,2217274.000000,1.800063,26.000000,3.945708,142.000000,67.077951,15.978572,64.000000,37.000000,105.000000,10.728412,70.272679,1.022907,20.947504,2217274.000000,0.345509,438.797933,4.915224,22.113789,2.782667,2.424469,0.378507,0.729925,0.346269,1.007977,0.258605,0.832239,0.830090,0.985699,0.943056,-0.319750,0.000000,0.318060,2.098507,0.209821,2.870642,0.395224,4.197015,2.471174,0.700744,4.367927,62.527840,0.139260,1.000000,5.111354,155.133630,0.812972,5.576837,41.084633,164.775056,17.382791,0.361186,0.065058,0.687451,0.013334,78.665529,0.268483,1.084858,7.883959,18.880546,79.215017,7.432899,0.271868,4.338988,66.870307,0.228226,0.652561,9.487263,0.470523,5.043502,0.081745,7.608696,0.330813,0.945180,13.043478,2717.782609,10248.260870,949.540954,0.130749,3.782609,0.164461,0.394585,6.112439,0.031327,3.795089,0.051225,2336.684310,4.377147,0.025670,2.933839,0.024477,0.257507,0.769102,0.769102,27.409469,448.000000,21.080684,82.769553,0.184753,448.000000,1.216896,0.821763,0.335658,40.031013,0.769102,21.080684,27.409469,23.000000,26.000000,34.713110,34.713110,448.000000,21.080684,1.216896,0.821763,82.769553,0.184753,448.000000
"f8ee07b7-25fa-470f-ad2f-dba478b26e27","Detection","nuclei_tumor",951.303833,555.612793,59.000000,99.000000,4529552.000000,1.610794,16.000000,3.898862,130.000000,78.053296,11.889254,77.000000,38.000000,92.000000,7.400832,79.704503,0.437603,16.139729,4529552.000000,0.386878,260.490848,7.201260,10.983228,0.255372,1.804337,0.241660,0.763772,0.240919,0.799948,0.183618,0.879664,0.879615,0.990711,0.959864,-0.396564,0.000000,0.240271,2.609711,0.260637,2.486270,0.395849,5.219422,2.242814,0.511499,4.102175,121.580645,0.170520,1.000000,3.992368,275.844320,0.559346,7.615708,49.521739,342.659187,9.825801,0.194918,0.041541,0.416789,0.006857,102.092537,0.304754,0.840241,9.086567,30.197015,213.355224,5.830740,0.184010,4.857316,44.397015,0.132528,0.469846,12.077380,0.315249,3.924124,0.042619,4.894737,0.257618,1.373961,12.368421,8255.315789,65730.000000,1203.389020,0.165307,3.315789,0.174515,0.369609,3.786322,0.055160,3.681881,0.026648,6847.091413,4.063956,0.017419,2.322776,0.013185,0.159300,0.617853,0.617853,38.521366,711.500000,23.800529,107.154329,0.150603,711.500000,1.284206,0.778691,0.361897,46.534282,0.617853,23.800529,38.521366,26.000000,38.000000,46.043458,46.043458,711.500000,23.800529,1.284206,0.778691,107.154329,0.150603,711.500000
"9112352e-218a-424f-9145-9ad304b3504d","Detection","nuclei_tumor",777.795837,577.682434,50.000000,93.000000,9264145.000000,1.581644,23.000000,2.885515,136.000000,72.869119,13.379467,74.000000,38.000000,98.000000,9.651115,74.749864,0.065485,16.662342,9264145.000000,0.381597,277.633654,6.183041,9.338130,-0.655989,1.867878,0.183824,0.820809,0.181946,0.690753,0.150719,0.909340,0.909215,0.992945,0.969720,-0.491773,0.000000,0.180304,2.400422,0.275667,2.332466,0.367021,4.800845,2.146614,0.512925,3.884370,405.250905,0.244422,1.000000,3.606547,632.687575,0.537675,6.466224,57.113390,343.694210,15.125902,0.253790,0.032338,0.287426,0.007015,194.520938,0.325831,0.748674,7.904523,58.827471,352.686767,14.944556,0.220938,5.220151,68.396985,0.114568,0.360072,27.975680,0.300724,3.255763,0.048576,8.448276,0.291320,1.474435,11.758621,33455.172414,226456.241379,6179.949080,0.207443,4.655172,0.160523,0.386232,4.882278,0.073085,4.254196,0.017491,30186.487515,7.508525,0.009853,1.843881,0.009593,0.096584,0.608430,0.608430,59.557619,1661.500000,36.236659,164.124892,0.098781,1661.500000,1.290146,0.775106,0.445824,70.620324,0.608430,36.236659,59.557619,39.000000,58.000000,69.892775,69.892775,1661.500000,36.236659,1.290146,0.775106,164.124892,0.098781,1661.500000
"78967547-7ea0-4798-8956-16382c2fc7ad","Detection","nuclei_tumor",382.067322,559.287170,64.000000,89.000000,2042093.000000,1.190913,14.000000,4.243260,117.000000,75.294618,8.315531,74.000000,57.000000,60.000000,5.710207,76.058964,1.049899,10.755769,2042093.000000,0.469444,115.686572,2.353349,2.585740,0.659112,1.007563,0.219400,0.642369,0.219400,0.759070,0.171263,0.890300,0.890300,0.978060,0.945150,-0.298073,0.000000,0.219400,1.468437,0.325206,1.945467,0.464203,2.936875,1.726067,0.306741,3.773650,61.515581,0.174265,1.000000,4.376923,165.713881,0.329318,2.583569,49.872521,109.603399,35.644869,0.648174,0.044394,0.155512,0.022495,72.105882,0.424152,0.402630,3.352941,33.505882,62.105882,26.695752,0.522876,4.339283,26.094118,0.153495,0.481586,16.258962,0.345212,1.327676,0.160779,4.666667,0.388889,0.472222,3.833333,3692.916667,6375.500000,3038.011574,0.476852,2.000000,0.166667,0.327502,1.541634,0.117110,3.022055,0.033994,2827.576389,11.860967,0.029064,0.761445,0.024279,0.095643,0.581260,0.581260,28.249027,354.000000,16.420025,77.941125,0.220173,354.000000,1.365590,0.732284,0.290254,29.933595,0.581260,16.420025,28.249027,28.000000,17.000000,32.756679,32.756679,354.000000,16.420025,1.365590,0.732284,77.941125,0.220173,354.000000
"a89716d6-1a76-4ba8-b1d9-6937cac69083","Detection","nuclei_histiocyte",95.487137,575.850281,58.000000,105.000000,6141610.000000,1.635342,25.000000,2.423499,130.000000,80.668147,14.416622,79.000000,42.000000,88.000000,10.600069,82.561718,0.174608,17.580883,6141610.000000,0.360728,309.087432,7.935834,9.590122,0.339794,1.977871,0.318781,0.722395,0.307061,0.924432,0.224495,0.848423,0.847641,0.987832,0.949102,-0.321192,0.000000,0.296806,2.742455,0.203264,2.744749,0.324348,5.484911,2.395445,0.574163,4.406516,133.892342,0.148604,1.000000,3.732585,325.015538,0.574153,8.132075,43.348502,341.901221,7.333933,0.177621,0.043662,0.406041,0.008858,169.751938,0.328977,0.698876,8.573643,20.635659,158.875969,3.528021,0.188143,4.657444,85.034884,0.164796,0.572697,8.439862,0.342793,3.165435,0.066814,7.275862,0.250892,1.517241,10.517241,6896.655172,54329.827586,1013.019349,0.264971,3.000000,0.103448,0.203968,2.802441,0.055376,4.513153,0.032186,5931.374554,5.931193,0.012431,2.772192,0.015724,0.106870,0.404010,0.404010,53.421042,900.500000,21.582613,131.154329,0.145646,900.500000,1.520098,0.657852,0.338248,40.651064,0.404010,21.582613,53.421042,26.000000,51.000000,57.245087,57.245087,900.500000,21.582613,1.520098,0.657852,131.154329,0.145646,900.500000
"f5449338-cce9-468d-8c8d-2d654d33c5af","Detection","nuclei_lymphocyte",119.125656,563.116577,43.000000,79.000000,1271816.000000,1.455717,18.000000,4.132785,112.000000,58.544413,11.314193,55.000000,34.000000,78.000000,7.425177,60.366977,1.164502,14.721538,1271816.000000,0.424208,216.723672,3.357862,4.644226,0.524221,1.167878,0.426801,0.464719,0.384973,1.060521,0.278597,0.814291,0.811696,0.975681,0.924378,-0.132695,0.000000,0.350202,1.781177,0.244663,2.508609,0.415182,3.562355,2.038984,0.398670,4.063658,45.246418,0.129646,1.000000,4.766217,148.048711,0.472311,3.919771,37.246418,120.412607,17.457438,0.453816,0.079524,0.605568,0.022802,86.278195,0.324354,0.717225,4.992481,12.278195,42.917293,5.284409,0.413064,3.866192,71.127820,0.267398,0.762178,5.392504,0.522607,3.424169,0.167905,7.090909,0.322314,1.057851,9.000000,1939.590909,7362.363636,602.321023,0.272096,6.000000,0.272727,0.513394,5.971837,0.061966,3.351953,0.063037,1687.935950,6.274676,0.024831,2.224894,0.027247,0.141462,0.862686,0.862686,22.865862,347.500000,19.726056,73.012193,0.210107,347.500000,1.220748,0.819170,0.314258,35.089389,0.862686,19.726056,22.865862,24.000000,21.000000,31.890437,31.890437,347.500000,19.726056,1.220748,0.819170,73.012193,0.210107,347.500000
"b9b43188-ef1c-4c51-aadd-bdea70be704e","Detection","nuclei_histiocyte",42.565453,571.004028,53.000000,87.000000,1254876.000000,1.297887,19.000000,2.870381,114.000000,69.991903,11.052009,68.000000,40.000000,74.000000,8.164006,71.277413,0.322316,13.476022,1254876.000000,0.466341,181.603173,5.568694,3.630321,0.312183,1.128519,0.244369,0.644007,0.239865,0.809419,0.186834,0.880818,0.880518,0.985705,0.952177,-0.292003,0.000000,0.235923,2.312500,0.316628,2.173038,0.492117,4.625000,1.916962,0.343222,3.878244,40.198381,0.162746,1.000000,3.812421,115.186235,0.356505,5.870445,45.825911,251.036437,10.285622,0.230685,0.036206,0.240765,0.008737,50.469697,0.382346,0.522211,6.659091,23.787879,127.712121,5.411511,0.235480,4.302230,22.090909,0.167355,0.534413,9.782140,0.349557,2.699869,0.084070,1.400000,0.280000,1.040000,7.800000,5622.200000,29705.200000,1221.956944,0.306944,1.000000,0.200000,0.059690,0.579941,0.007714,2.321928,0.020243,3181.840000,2.555897,0.045074,1.366842,0.013232,0.237000,0.464996,0.464996,26.688015,247.000000,12.409809,69.455844,0.281198,247.000000,1.554214,0.643412,0.240746,20.593013,0.464996,12.409809,26.688015,13.000000,27.000000,29.966648,29.966648,247.000000,12.409809,1.554214,0.643412,69.455844,0.281198,247.000000
"5b305303-bab1-4823-bba9-1f64c3f3592d","Detection","nuclei_histiocyte",173.072281,569.742798,69.000000,125.000000,4598709.000000,1.806555,33.000000,2.123745,142.000000,96.056723,17.660185,94.000000,51.000000,91.000000,13.857654,98.291166,0.049008,20.838891,4598709.000000,0.314446,434.259388,6.145658,16.793243,0.873544,2.636329,0.426331,0.721595,0.351261,1.063593,0.302947,0.836181,0.831877,0.976424,0.932170,-0.318814,0.000000,0.292188,2.364986,0.164116,3.058560,0.295238,4.729972,2.563588,0.765665,4.664789,67.739496,0.142310,1.000000,4.265624,149.676471,0.749289,6.355042,41.794118,269.867647,12.218108,0.304330,0.061340,0.442192,0.018043,91.832215,0.308162,0.766407,6.442953,16.872483,109.248322,4.921560,0.306441,4.497088,56.402685,0.189271,0.626050,6.666817,0.405173,2.892849,0.108679,6.600000,0.264000,1.030400,8.000000,2196.720000,12436.520000,572.097778,0.280556,4.760000,0.190400,0.418220,3.439067,0.129671,3.913270,0.052521,1834.198400,7.230773,0.024078,1.612653,0.038890,0.108845,0.844965,0.844965,26.817670,475.000000,22.659996,81.597980,0.171785,475.000000,1.115463,0.896488,0.363580,46.967925,0.844965,22.659996,26.817670,23.000000,26.000000,34.713110,34.713110,475.000000,22.659996,1.115463,0.896488,81.597980,0.171785,475.000000
"bb739789-51bc-449d-8195-93afc08c0a8d","Detection","nuclei_tumor",305.372040,574.893677,86.000000,115.000000,5934821.000000,1.182953,16.000000,3.202541,143.000000,100.304124,9.385535,99.000000,73.000000,70.000000,6.742387,100.981617,0.521197,11.677744,5934821.000000,0.469922,136.369708,6.441404,2.164159,0.415869,0.982216,0.216598,0.638646,0.215686,0.756070,0.170078,0.892309,0.892248,0.987275,0.956893,-0.298128,0.000000,0.214888,2.500000,0.319833,1.950865,0.424989,5.000000,1.730611,0.299704,3.750488,105.137457,0.180649,1.000000,3.621485,273.494845,0.314867,6.668385,51.426117,324.699313,9.648482,0.181534,0.038470,0.328382,0.007206,108.992188,0.425751,0.404037,7.480469,32.375000,198.015625,6.245877,0.170492,4.557465,29.867188,0.116669,0.439863,11.700928,0.261381,2.347247,0.042555,4.733333,0.315556,0.862222,10.266667,8304.400000,51433.000000,1571.638889,0.178704,3.133333,0.208889,0.429469,4.984776,0.102451,3.373557,0.025773,6798.960000,5.496297,0.018088,1.437478,0.011263,0.100254,0.759325,0.759325,31.320847,581.500000,23.782694,94.325902,0.162211,581.500000,1.217594,0.821292,0.358120,45.567889,0.759325,23.782694,31.320847,27.000000,30.000000,40.360872,40.360872,581.500000,23.782694,1.217594,0.821292,94.325902,0.162211,581.500000
"eacfbbe3-c182-4843-8a66-f17463f39a4d","Detection","nuclei_tumor",993.454956,579.032471,57.000000,98.000000,8122639.000000,1.415888,19.000000,3.030153,127.000000,78.537066,12.051174,79.000000,46.000000,81.000000,8.260283,80.036659,0.293799,15.420634,8122639.000000,0.422291,237.795945,7.376205,4.937345,0.273592,1.355367,0.218462,0.722382,0.216821,0.760575,0.171450,0.891863,0.891754,0.991611,0.963902,-0.367831,0.000000,0.215385,2.663077,0.292394,2.232794,0.427897,5.326154,2.008212,0.393457,3.893465,251.146688,0.198065,1.000000,3.805188,535.465300,0.421546,7.708991,53.203470,387.584385,8.923989,0.167622,0.032078,0.290309,0.005936,182.732839,0.339022,0.638529,8.886827,40.055659,281.614100,6.903126,0.165727,4.950381,68.001855,0.126163,0.425079,17.918546,0.311835,3.350861,0.050198,6.666667,0.370370,1.583333,11.611111,31438.555556,250370.166667,4427.731497,0.251451,1.444444,0.080247,0.161570,1.772341,0.068323,4.058814,0.014196,26476.135802,6.448631,0.010034,2.239357,0.008859,0.094265,0.807693,0.807693,44.872527,1263.500000,36.243226,136.610173,0.108120,1263.500000,1.175387,0.850783,0.446453,70.819644,0.807693,36.243226,44.872527,43.000000,41.000000,59.413803,59.413803,1263.500000,36.243226,1.175387,0.850783,136.610173,0.108120,1263.500000
"f73602ca-40d2-47a3-9ed9-efe1aaa3d518","Detection","nuclei_tumor",873.018005,583.803589,76.000000,102.000000,2735669.000000,1.008375,15.000000,4.021860,126.000000,88.615160,8.705743,87.000000,69.000000,57.000000,6.081911,89.306838,0.917584,11.093454,2735669.000000,0.630630,123.064726,4.327244,2.524686,0.315507,0.678784,0.173948,0.592023,0.173948,0.666656,0.143690,0.913026,0.913026,0.989768,0.965210,-0.280170,0.000000,0.173948,2.049643,0.521688,1.635562,0.712470,4.099285,1.461615,0.213183,3.287335,71.606414,0.208765,1.000000,4.223291,216.306122,0.234953,4.495627,54.125364,232.291545,14.262310,0.291505,0.040672,0.249062,0.012092,53.447552,0.373759,0.538315,5.027972,43.230769,184.013986,11.214355,0.355041,4.479270,19.643357,0.137366,0.416910,20.217615,0.335984,1.976058,0.141050,5.000000,0.416667,0.916667,7.166667,6081.916667,24786.500000,1528.560185,0.340856,2.500000,0.208333,0.343975,3.064401,0.056896,3.022055,0.034985,5264.909722,2.357659,0.043093,1.093276,0.006656,0.229826,0.485517,0.485517,30.306438,342.000000,14.714286,78.769553,0.230320,342.000000,1.443713,0.692659,0.276003,27.066335,0.485517,14.714286,30.306438,15.000000,31.000000,34.438351,34.438351,342.000000,14.714286,1.443713,0.692659,78.769553,0.230320,342.000000
"259e355e-8032-4426-8b6a-11fb6a3087bc","Detection","nuclei_histiocyte",202.572708,581.674561,66.000000,105.000000,4947167.000000,1.383007,20.000000,2.472787,129.000000,85.906585,11.390834,86.000000,55.000000,74.000000,8.544497,87.040564,-0.101929,14.004227,4947167.000000,0.439754,196.118379,4.178832,5.330841,0.088836,1.435873,0.164234,0.794722,0.164234,0.644342,0.137261,0.917883,0.917883,0.990339,0.967153,-0.474293,0.000000,0.164234,1.964923,0.327285,2.096699,0.519870,3.929846,1.932466,0.400027,3.784972,163.848392,0.250916,1.000000,3.874838,287.159265,0.404138,4.355283,57.346095,240.744257,21.926249,0.378180,0.034683,0.182198,0.013175,87.417391,0.380076,0.505482,4.860870,61.443478,249.104348,22.649336,0.363587,5.040459,24.947826,0.108469,0.352221,29.200832,0.287084,1.628707,0.090165,4.384615,0.337278,0.982249,6.307692,13637.461538,53829.384615,4296.620192,0.402244,2.692308,0.207101,0.422115,2.942163,0.190187,3.238901,0.019908,11114.331361,5.655728,0.022376,1.147071,0.011567,0.136726,0.864786,0.864786,31.418861,654.500000,27.170589,99.355339,0.151803,654.500000,1.200226,0.833177,0.372862,49.396712,0.864786,27.170589,31.418861,27.000000,30.000000,40.360872,40.360872,654.500000,27.170589,1.200226,0.833177,99.355339,0.151803,654.500000
"6d28ea7e-e0ff-4095-9f21-a061a83bbcd2","Detection","nuclei_histiocyte",58.481693,583.290344,52.000000,97.000000,2938631.000000,1.553741,26.000000,2.553413,125.000000,73.036398,14.300282,71.000000,44.000000,81.000000,10.889821,75.030403,0.509524,17.182718,2938631.000000,0.396280,295.245802,6.226251,7.424573,0.770067,1.645260,0.221655,0.762544,0.217569,0.768577,0.174319,0.891896,0.891624,0.991507,0.963836,-0.410847,0.000000,0.213994,2.422880,0.292415,2.351307,0.454545,4.845761,2.119673,0.466729,3.897160,98.218391,0.188158,1.000000,3.990620,206.858238,0.521205,6.628352,51.394636,302.804598,11.249425,0.223643,0.038864,0.368657,0.009556,68.831224,0.290427,0.864605,8.202532,33.932489,196.818565,7.339297,0.233460,4.790023,31.649789,0.133543,0.454023,14.527907,0.309023,3.329185,0.071573,4.750000,0.296875,1.750000,10.750000,6316.375000,34957.750000,1326.704323,0.316302,2.000000,0.125000,0.288201,3.956705,0.090949,3.750000,0.030651,5251.984375,2.886157,0.027894,2.177857,0.011176,0.250233,0.778465,0.778465,29.520484,523.500000,22.980665,89.012193,0.170033,523.500000,1.204405,0.830286,0.351696,43.947810,0.778465,22.980665,29.520484,27.000000,26.000000,37.483330,37.483330,523.500000,22.980665,1.204405,0.830286,89.012193,0.170033,523.500000
"e94a4a2a-233f-48cc-a7a2-b29fe8c4006e","Detection","nuclei_tumor",599.100464,589.677246,63.000000,102.000000,6651674.000000,1.310719,16.000000,4.021247,144.000000,84.061471,11.406025,84.000000,53.000000,91.000000,7.313952,85.448863,0.518063,15.335493,6651674.000000,0.496829,235.177341,3.719723,5.123033,0.279559,1.125465,0.207612,0.688522,0.201269,0.741564,0.167103,0.900423,0.900000,0.987899,0.959958,-0.352678,0.000000,0.195718,1.868224,0.386932,2.012260,0.588235,3.736448,1.798376,0.333269,3.517458,204.389682,0.224357,1.000000,4.487249,452.611416,0.383820,4.057080,54.973655,192.296378,22.576671,0.397335,0.039108,0.266262,0.012498,120.192708,0.313002,0.746033,5.773438,46.546875,164.833333,18.648618,0.350260,4.575646,60.911458,0.158624,0.421515,24.033827,0.382743,3.189578,0.102867,10.548387,0.340271,1.269511,8.096774,12554.741935,48141.161290,3714.606631,0.362679,5.000000,0.161290,0.260222,2.774475,0.049099,4.042433,0.034029,11691.140479,8.831667,0.014728,1.241283,0.012763,0.086896,0.570058,0.570058,45.222313,912.500000,25.779322,120.811183,0.132396,912.500000,1.272833,0.785649,0.387701,53.406818,0.570058,25.779322,45.222313,35.000000,38.000000,51.662365,51.662365,912.500000,25.779322,1.272833,0.785649,120.811183,0.132396,912.500000
"cf7aeaef-28fc-4e4e-894c-30663f3381ea","Detection","nuclei_histiocyte",5.646495,591.855286,70.000000,139.000000,4123924.000000,2.086685,36.000000,2.421801,170.000000,108.658610,20.930879,110.000000,52.000000,118.000000,15.325646,111.619823,-0.125936,25.539994,4123924.000000,0.257637,652.291308,9.434025,39.069950,-1.356921,4.065389,0.394191,0.823216,0.372614,1.014191,0.255350,0.817289,0.815851,0.985011,0.938411,-0.388455,0.000000,0.353734,2.918257,0.123378,3.367262,0.223237,5.836515,2.929924,1.114895,4.850931,50.613293,0.152910,1.000000,3.382609,85.277946,1.110687,9.435045,35.265861,315.779456,8.936735,0.226149,0.059334,0.516873,0.012810,62.638655,0.263188,1.061595,9.836134,10.991597,97.873950,2.723387,0.200714,4.468814,48.058824,0.201928,0.719033,3.254784,0.382648,3.785969,0.070049,4.222222,0.234568,1.432099,9.777778,833.166667,7467.500000,165.526991,0.237469,2.333333,0.129630,0.320959,1.911022,0.070911,3.725481,0.054381,495.015432,2.254812,0.042183,2.445680,0.031893,0.328667,0.421362,0.421362,32.361204,330.500000,13.635794,82.041631,0.248235,330.500000,1.620643,0.617039,0.250926,22.371363,0.421362,13.635794,32.361204,13.000000,32.000000,34.539832,34.539832,330.500000,13.635794,1.620643,0.617039,82.041631,0.248235,330.500000
"4dbe02dc-9a77-4df2-8baa-3bbf04693455","Detection","nuclei_tumor",706.094849,596.723267,49.000000,116.000000,7471451.000000,2.015503,48.000000,1.626999,136.000000,81.226654,23.347431,79.000000,37.000000,99.000000,19.749621,85.252264,0.104149,25.887819,7471451.000000,0.269240,670.179173,8.588295,33.614902,0.114284,4.309010,0.259033,0.886589,0.257506,0.829299,0.192724,0.871501,0.871399,0.990049,0.957119,-0.509567,0.000000,0.256170,2.752417,0.167674,3.006468,0.279135,5.504835,2.742334,1.142011,4.650593,168.418288,0.163831,1.000000,3.710719,276.778210,1.141849,8.817121,48.371595,409.182879,12.049407,0.244841,0.038734,0.445131,0.007742,126.515385,0.243299,1.231938,9.530769,27.942308,229.884615,6.786004,0.235811,5.153070,77.526923,0.149090,0.505837,12.309408,0.327842,3.647116,0.061801,6.333333,0.263889,1.914931,14.458333,10932.916667,95267.916667,2112.976458,0.201053,3.166667,0.131944,0.334460,6.633621,0.022574,3.934561,0.023346,9098.222222,5.339942,0.017189,2.061470,0.026742,0.132686,0.642634,0.642634,45.298156,1028.000000,29.110122,126.367532,0.122926,1028.000000,1.236141,0.808969,0.408286,59.228685,0.642634,29.110122,45.298156,36.000000,43.000000,56.080300,56.080300,1028.000000,29.110122,1.236141,0.808969,126.367532,0.122926,1028.000000
"73a56de7-d066-4849-b2a7-b342c1d3d3ff","Detection","nuclei_tumor",323.917419,590.295166,69.000000,116.000000,4029494.000000,1.626072,27.000000,2.178899,136.000000,92.891353,14.724716,94.000000,58.000000,78.000000,11.261095,94.522889,0.050600,17.486369,4029494.000000,0.353799,305.773118,5.404748,9.725165,-0.270087,2.085879,0.252226,0.784248,0.249852,0.820015,0.189800,0.875470,0.875312,0.985205,0.950109,-0.404703,0.000000,0.247774,2.224036,0.216358,2.600358,0.329970,4.448071,2.339305,0.584526,4.276660,75.000000,0.166297,1.000000,3.287958,159.563193,0.580548,5.516630,47.035477,259.352550,15.321308,0.331162,0.041065,0.255740,0.013023,79.300429,0.340345,0.640645,5.545064,21.708155,126.935622,6.434311,0.339861,4.634256,31.944206,0.137100,0.516630,6.721619,0.258632,1.652251,0.071801,3.000000,0.250000,1.250000,7.500000,4870.583333,25213.666667,1253.114005,0.355903,2.666667,0.222222,0.439002,3.188192,0.140995,3.418296,0.026608,3458.076389,4.837720,0.028809,1.348791,0.022253,0.147159,0.918990,0.918990,25.378979,450.000000,23.323020,81.597980,0.181329,450.000000,1.177434,0.849305,0.344444,42.154038,0.918990,23.323020,25.378979,24.000000,25.000000,34.655447,34.655447,450.000000,23.323020,1.177434,0.849305,81.597980,0.181329,450.000000
"529c9458-5392-4e35-b598-05f670caa47e","Detection","nuclei_endothelium",27.719351,598.263062,56.000000,93.000000,3007916.000000,1.419180,22.000000,4.514547,142.000000,75.440476,12.878307,74.000000,48.000000,94.000000,8.806441,77.253397,0.965244,16.637964,3007916.000000,0.431965,276.821854,6.517810,8.388724,1.669188,1.426287,0.264753,0.686876,0.253057,0.846749,0.200715,0.875421,0.874641,0.989910,0.958102,-0.315821,0.000000,0.242823,2.495481,0.301664,2.252179,0.454014,4.990962,1.980810,0.422760,3.837809,83.932540,0.166533,1.000000,4.870748,217.710317,0.489194,7.009921,48.682540,287.367063,9.715387,0.187935,0.046748,0.512024,0.007847,85.604651,0.331801,0.799126,9.182171,30.124031,169.968992,6.305967,0.167640,4.577540,45.899225,0.177904,0.511905,14.859564,0.410832,4.814559,0.063831,4.000000,0.250000,1.734375,14.875000,6455.750000,36966.812500,1308.304132,0.193490,3.375000,0.210938,0.299542,5.061536,0.040315,3.577820,0.031746,5463.500000,3.219228,0.023381,2.386529,0.011380,0.229298,0.501552,0.501552,36.010199,503.000000,18.060992,94.083261,0.187044,503.000000,1.400383,0.714090,0.310974,34.359850,0.501552,18.060992,36.010199,21.000000,36.000000,41.677332,41.677332,503.000000,18.060992,1.400383,0.714090,94.083261,0.187044,503.000000
"a9e0c4ce-7c6d-434d-a5e1-b97d1b2d8d04","Detection","nuclei_tumor",475.293457,599.282837,62.000000,93.000000,3850785.000000,1.210589,16.000000,2.985439,115.000000,76.721440,9.383803,76.000000,49.000000,66.000000,6.740063,77.629038,0.348278,11.835890,3850785.000000,0.464152,140.088288,6.748756,2.259910,0.255002,1.032831,0.199420,0.676333,0.199420,0.720766,0.159651,0.900290,0.900290,0.988269,0.960116,-0.338197,0.000000,0.199420,2.557421,0.323938,1.953648,0.402985,5.114842,1.754228,0.308063,3.618570,130.539906,0.204288,1.000000,3.644402,296.593114,0.322996,7.039124,53.259781,350.297340,9.590669,0.172329,0.031873,0.251361,0.006300,111.669145,0.415127,0.433521,8.144981,40.446097,251.256506,7.681020,0.157709,4.605627,33.959108,0.126242,0.420970,17.874767,0.285331,2.691060,0.045544,3.400000,0.340000,1.160000,9.000000,16425.700000,120083.400000,2599.084028,0.236111,1.400000,0.140000,0.212653,1.849617,0.107866,3.121928,0.015649,12342.490000,5.092573,0.018312,1.310173,0.010580,0.100736,0.751782,0.751782,33.177874,643.500000,24.942530,100.325902,0.155907,643.500000,1.244709,0.803401,0.361288,46.377812,0.751782,24.942530,33.177874,34.000000,27.000000,43.416587,43.416587,643.500000,24.942530,1.244709,0.803401,100.325902,0.155907,643.500000
"dfe68dc7-2889-4a67-814c-71bbc8647199","Detection","nuclei_tumor",563.166504,601.571167,80.000000,115.000000,5462418.000000,1.305670,17.000000,2.783946,131.000000,99.451197,10.375446,101.000000,65.000000,66.000000,7.389548,100.298064,-0.387417,13.006193,5462418.000000,0.454182,169.161062,6.533628,4.836051,-0.920304,1.349522,0.180658,0.763874,0.180658,0.681514,0.148021,0.909671,0.909671,0.989373,0.963868,-0.424561,0.000000,0.180658,2.498282,0.323627,2.074235,0.458517,4.996564,1.893577,0.382545,3.769907,106.075506,0.195351,1.000000,3.013285,246.620626,0.378295,6.753223,54.097606,362.650092,10.960597,0.209778,0.028100,0.213193,0.005805,87.954128,0.403459,0.496949,6.885321,39.889908,269.495413,7.650357,0.228530,4.764015,24.220183,0.111102,0.401473,15.073058,0.203930,1.534082,0.050173,2.555556,0.283951,1.061728,8.777778,11837.000000,82948.555556,2028.760031,0.239969,1.222222,0.135802,0.170715,2.432667,0.015435,2.947703,0.016575,8196.888889,3.482832,0.026011,1.100138,0.011136,0.135879,0.617078,0.617078,33.566848,544.500000,20.713374,94.183766,0.172973,544.500000,1.296416,0.771357,0.336093,40.134696,0.617078,20.713374,33.566848,24.000000,31.000000,39.204592,39.204592,544.500000,20.713374,1.296416,0.771357,94.183766,0.172973,544.500000
"a57f7cc0-2d5c-4d78-b31b-95bbffa63ef3","Detection","nuclei_histiocyte",85.150223,602.697510,49.000000,99.000000,2226028.000000,1.730060,25.000000,3.432744,135.000000,70.784504,15.467336,67.000000,39.000000,96.000000,10.912061,73.415927,0.856501,19.479537,2226028.000000,0.365500,379.452351,5.823491,16.355532,1.969576,2.224609,0.342520,0.733150,0.337270,0.941732,0.228768,0.832240,0.831890,0.986868,0.943913,-0.321701,0.000000,0.332677,2.313648,0.215203,2.822805,0.407480,4.627297,2.471177,0.641782,4.467032,56.108959,0.135857,1.000000,4.255896,150.951574,0.696176,6.280872,39.188862,205.738499,11.187122,0.277774,0.057375,0.552219,0.012969,76.760870,0.278119,1.003820,7.865942,15.753623,80.884058,4.572856,0.258570,4.446390,59.304348,0.214871,0.668281,6.797049,0.446288,4.420611,0.097948,4.473684,0.235457,1.684211,10.684211,2831.105263,13205.157895,699.099020,0.290029,2.473684,0.130194,0.301582,4.622651,0.032416,3.997670,0.046005,2358.614958,3.264276,0.028729,2.776899,0.019525,0.267778,0.443863,0.443863,35.336867,410.500000,15.684721,88.325902,0.215167,410.500000,1.512353,0.661221,0.279001,27.657598,0.443863,15.684721,35.336867,24.000000,31.000000,39.204592,39.204592,410.500000,15.684721,1.512353,0.661221,88.325902,0.215167,410.500000
"61b4dad4-3377-4cc2-8f87-7c9cb3772df9","Detection","nuclei_lymphocyte",168.884598,602.666138,36.000000,84.000000,1014638.000000,1.500068,20.000000,5.250323,133.000000,53.220447,15.286121,46.000000,29.000000,104.000000,9.246760,56.935533,1.618342,20.229655,1014638.000000,0.448295,409.238943,2.621739,23.336996,5.138571,2.124271,0.383478,0.694165,0.326087,1.014141,0.277146,0.846087,0.842696,0.985766,0.946988,-0.273698,0.000000,0.279976,1.478696,0.362555,2.304010,0.580000,2.957391,1.909039,0.626937,3.416241,57.217252,0.182803,1.000000,6.792149,140.316294,0.797620,3.329073,44.616613,66.345048,40.870857,0.691012,0.074710,0.760418,0.019932,59.087805,0.288233,1.047329,6.214634,24.019512,37.921951,21.948528,0.370446,3.882449,70.775610,0.345247,0.654952,14.694682,0.607668,4.877693,0.130728,4.666667,0.259259,1.246914,13.111111,2246.944444,2842.333333,2126.641698,0.152886,4.333333,0.240741,0.486913,8.718155,0.032115,3.350209,0.057508,1944.570988,4.438060,0.039008,3.036152,0.021746,0.560470,0.627435,0.627435,25.439219,310.500000,15.961464,70.526912,0.227140,310.500000,1.274789,0.784444,0.295770,31.082145,0.627435,15.961464,25.439219,24.000000,18.000000,30.000000,30.000000,310.500000,15.961464,1.274789,0.784444,70.526912,0.227140,310.500000
"fa22db55-5344-4715-8b67-494be3fa1c79","Detection","nuclei_tumor",350.773956,615.948730,45.000000,89.000000,2629086.000000,1.570059,25.000000,2.308847,108.000000,66.280142,13.570079,65.000000,35.000000,73.000000,10.130509,68.275179,0.261939,16.384224,2629086.000000,0.382627,268.442797,4.990014,7.907682,0.094582,1.793026,0.253923,0.751901,0.246315,0.827439,0.193252,0.878111,0.877603,0.985198,0.950991,-0.381846,0.000000,0.239658,2.145982,0.244141,2.511127,0.414170,4.291964,2.238539,0.511737,4.225572,94.081560,0.166811,1.000000,3.983137,215.801418,0.524219,5.234043,48.191489,236.553191,16.245124,0.330452,0.039841,0.263306,0.012159,94.419355,0.338421,0.665767,5.845878,28.616487,140.530466,9.179659,0.318573,4.791981,39.666667,0.142174,0.494681,12.270552,0.321024,2.293597,0.085238,4.647059,0.273356,1.121107,8.764706,6104.235294,26987.764706,1766.404412,0.278186,1.941176,0.114187,0.239257,2.025802,0.085857,3.969816,0.030142,5003.557093,6.587304,0.021534,1.386391,0.020851,0.111918,0.448078,0.448078,41.024064,565.500000,18.381962,104.669048,0.185091,565.500000,1.541679,0.648643,0.297941,31.540079,0.448078,18.381962,41.024064,21.000000,41.000000,46.065171,46.065171,565.500000,18.381962,1.541679,0.648643,104.669048,0.185091,565.500000
"a8f39853-fe1e-4ad2-8feb-c363c7d0af54","Detection","nuclei_lymphocyte",277.352478,607.663147,38.000000,100.000000,1557694.000000,1.922629,34.000000,3.218990,141.000000,63.850299,19.830578,57.000000,31.000000,110.000000,14.748405,68.291687,0.918878,24.225890,1557694.000000,0.294471,586.893757,4.439480,32.935216,5.091252,3.400086,0.368806,0.804290,0.346060,0.991259,0.249048,0.830761,0.829245,0.985996,0.942865,-0.379994,0.000000,0.326158,1.918765,0.188900,2.948488,0.350122,3.837530,2.556248,0.942223,4.176615,48.640719,0.145631,1.000000,4.883036,98.353293,1.085742,5.218563,39.742515,119.410180,27.167680,0.493005,0.056760,0.592993,0.014416,55.666667,0.250751,1.193268,7.995495,18.558559,58.171171,13.047630,0.289926,4.287582,55.207207,0.248681,0.664671,9.504423,0.485151,5.160195,0.086964,3.333333,0.277778,1.388889,14.833333,2610.666667,7932.083333,1651.363218,0.158727,1.666667,0.138889,0.303198,5.864449,0.016455,3.418296,0.035928,1835.972222,4.625344,0.041029,2.809646,0.031347,0.416978,0.614199,0.614199,26.511129,331.000000,16.283108,71.455844,0.215879,331.000000,1.227546,0.814634,0.309169,33.962144,0.614199,16.283108,26.511129,16.000000,25.000000,29.681644,29.681644,331.000000,16.283108,1.227546,0.814634,71.455844,0.215879,331.000000
"22e78c2c-1a8f-48f3-b4e9-1276385515e8","Detection","nuclei_tumor",305.412537,610.466492,53.000000,94.000000,3717344.000000,1.444069,23.000000,3.280167,129.000000,72.510386,12.835835,72.000000,42.000000,87.000000,9.433260,74.265383,0.635213,16.049646,3717344.000000,0.430483,257.591138,6.063729,8.157109,1.003971,1.486810,0.254524,0.707668,0.252164,0.823657,0.190937,0.874312,0.874154,0.990229,0.958029,-0.339922,0.000000,0.250098,2.399095,0.289447,2.351776,0.461054,4.798190,2.089993,0.435334,3.979717,110.792285,0.164380,1.000000,4.073242,290.145401,0.450090,6.363501,48.293769,270.152819,11.082095,0.220628,0.045377,0.458151,0.008392,117.319527,0.347099,0.664963,7.881657,29.988166,159.994083,6.959814,0.203296,4.639822,51.414201,0.152113,0.501484,14.082700,0.336573,3.419660,0.060187,7.300000,0.365000,1.150000,13.400000,8945.900000,47021.050000,1950.879444,0.173097,4.700000,0.235000,0.486559,7.578115,0.076070,3.339354,0.029674,7810.210000,4.687638,0.016734,2.506990,0.010753,0.172217,0.538800,0.538800,40.134446,673.500000,21.624444,106.811183,0.158591,673.500000,1.347988,0.741846,0.344221,42.099544,0.538800,21.624444,40.134446,36.000000,30.000000,46.861498,46.861498,673.500000,21.624444,1.347988,0.741846,106.811183,0.158591,673.500000
"48f47fe8-7ccc-40b6-b54a-eea36523757a","Detection","nuclei_endothelium",39.722347,614.733826,47.000000,85.000000,2034617.000000,1.559565,21.000000,6.301780,151.000000,64.648230,13.342274,62.000000,33.000000,118.000000,8.707839,67.092213,1.417866,17.943561,2034617.000000,0.431690,321.971391,4.471395,17.059922,2.284600,1.739524,0.339094,0.673731,0.314064,0.953934,0.240458,0.846841,0.845471,0.990959,0.955566,-0.276292,0.000000,0.294977,2.030095,0.280522,2.554663,0.492253,4.060191,2.202620,0.519654,4.152584,61.876106,0.136894,1.000000,4.769559,195.123894,0.598363,4.960177,42.924779,171.207965,15.708171,0.354394,0.061048,0.611690,0.016205,84.536332,0.292513,1.039331,6.723183,18.110727,75.757785,6.127574,0.324967,4.402347,62.930796,0.217754,0.639381,8.326169,0.462310,4.337845,0.115034,6.120000,0.244800,2.038400,11.280000,3180.560000,12796.800000,854.173156,0.308411,4.040000,0.161600,0.349255,5.830390,0.066650,4.243856,0.055310,2853.673600,3.134633,0.021547,5.469216,0.011918,0.489376,0.520239,0.520239,33.934981,449.000000,17.654292,90.568542,0.201712,449.000000,1.453780,0.687862,0.293904,30.691133,0.520239,17.654292,33.934981,30.000000,27.000000,40.360872,40.360872,449.000000,17.654292,1.453780,0.687862,90.568542,0.201712,449.000000
"324b7801-95cb-483e-8f02-1e8a0a632d96","Detection","nuclei_tumor",918.653137,617.703796,61.000000,107.000000,6201854.000000,1.549503,23.000000,3.365216,147.000000,83.056911,13.842913,81.000000,50.000000,97.000000,9.686976,84.870975,0.618044,17.453712,6201854.000000,0.380317,304.632069,3.617988,8.785737,1.190415,1.746098,0.234146,0.763518,0.232927,0.788135,0.179891,0.883740,0.883659,0.986248,0.953455,-0.394303,0.000000,0.231860,1.800000,0.255878,2.394397,0.392683,3.600000,2.156866,0.495061,4.022287,160.498258,0.186409,1.000000,3.707749,327.452962,0.540149,3.954704,50.616725,168.447154,26.775084,0.480062,0.036655,0.234401,0.012750,127.145729,0.319462,0.731042,5.356784,35.949749,115.422111,19.561383,0.380601,4.780574,57.301508,0.143974,0.462253,17.229994,0.309176,2.274025,0.085622,3.857143,0.275510,1.025510,8.785714,19438.071429,66214.357143,8999.426587,0.253968,3.571429,0.255102,0.483453,5.668403,0.049025,2.985228,0.016260,15655.821429,11.914050,0.014767,1.435316,0.020033,0.092504,0.689477,0.689477,40.010287,862.500000,27.586168,113.982756,0.132154,862.500000,1.198697,0.834239,0.399876,56.813706,0.689477,27.586168,40.010287,39.000000,30.000000,49.203658,49.203658,862.500000,27.586168,1.198697,0.834239,113.982756,0.132154,862.500000
"016165e0-659d-4c30-b0dd-efacc8c46c48","Detection","nuclei_histiocyte",69.279442,621.864075,64.000000,106.000000,4735782.000000,1.500217,22.000000,2.718652,129.000000,84.847244,12.947178,85.000000,49.000000,80.000000,9.225250,86.359275,0.345720,16.089424,4735782.000000,0.404099,258.869579,8.691987,7.068910,0.611605,1.567620,0.285893,0.691512,0.282554,0.871400,0.206056,0.859279,0.859057,0.989031,0.952987,-0.310675,0.000000,0.279633,2.893364,0.247520,2.493767,0.427379,5.786728,2.200736,0.463378,4.230939,94.773228,0.149249,1.000000,3.976921,256.603150,0.479846,8.940157,45.280315,389.718110,6.388010,0.141823,0.050835,0.570288,0.007263,121.180282,0.341353,0.636588,9.602817,22.095775,192.174648,3.049056,0.141683,4.538020,57.873239,0.163023,0.559055,9.297520,0.353071,3.901374,0.046618,7.538462,0.289941,1.013314,12.730769,5197.346154,44150.807692,675.186838,0.137895,5.230769,0.201183,0.413882,6.054640,0.065560,3.946223,0.040945,4600.859467,4.047213,0.015861,2.822887,0.012965,0.145022,0.727386,0.727386,33.693897,634.000000,24.508483,99.254834,0.156553,634.000000,1.236529,0.808716,0.361732,46.491749,0.727386,24.508483,33.693897,26.000000,33.000000,42.011903,42.011903,634.000000,24.508483,1.236529,0.808716,99.254834,0.156553,634.000000
"a4c91db5-3550-4851-8806-efa64eecc445","Detection","nuclei_tumor",237.993729,632.610962,57.000000,93.000000,5302391.000000,1.363005,19.000000,3.973435,137.000000,76.320046,11.357678,76.000000,47.000000,90.000000,7.877038,77.712095,0.601390,14.643099,5302391.000000,0.438538,214.420350,6.732335,3.985408,0.315795,1.211408,0.237126,0.672599,0.218563,0.793749,0.189356,0.893663,0.892575,0.991048,0.964004,-0.337276,0.000000,0.203734,2.547305,0.310815,2.151698,0.390719,5.094611,1.892643,0.362133,3.745475,179.558087,0.204508,1.000000,4.334722,385.036446,0.403220,7.123007,53.494305,350.045558,9.818156,0.181129,0.040763,0.452752,0.006731,127.682796,0.343233,0.692587,8.674731,42.844086,289.215054,7.622697,0.175037,4.880477,50.784946,0.136519,0.423690,20.561626,0.343800,3.989363,0.053726,6.040000,0.241600,1.446400,13.280000,11853.120000,80616.080000,2046.220578,0.172722,4.600000,0.184000,0.387067,6.919012,0.060055,3.863465,0.028474,10619.705600,4.268452,0.015574,2.083105,0.008130,0.145148,0.623994,0.623994,42.539320,876.500000,26.544288,117.497475,0.134053,876.500000,1.253416,0.797820,0.388270,53.563706,0.623994,26.544288,42.539320,28.000000,41.000000,49.648766,49.648766,876.500000,26.544288,1.253416,0.797820,117.497475,0.134053,876.500000
"ca4519a0-6bc4-4ceb-b844-246c5fe77871","Detection","nuclei_histiocyte",199.175720,627.955078,51.000000,109.000000,2080835.000000,1.872278,33.000000,2.306382,143.000000,82.527972,18.015526,85.000000,42.000000,101.000000,14.384272,85.297402,0.059602,21.558773,2080835.000000,0.313927,464.780686,8.354839,19.701014,-0.019908,2.740398,0.290323,0.808413,0.278592,0.886209,0.212709,0.862659,0.861877,0.988927,0.953847,-0.424853,0.000000,0.268328,2.782502,0.197323,2.900358,0.349951,5.565005,2.584501,0.757680,4.631515,40.405594,0.141278,1.000000,4.693139,89.783217,0.791689,8.674825,43.167832,353.031469,7.954810,0.197754,0.062450,0.736145,0.010529,47.703297,0.262106,1.072576,9.681319,16.703297,137.340659,3.029960,0.204951,4.646253,37.868132,0.208067,0.636364,6.825746,0.449077,5.023737,0.087003,3.933333,0.262222,1.315556,13.800000,1574.800000,12408.600000,254.310889,0.155222,3.266667,0.217778,0.443097,6.926986,0.041379,3.640224,0.052448,1211.262222,1.591308,0.051001,2.312764,0.020335,0.385059,0.369990,0.369990,33.319809,285.500000,12.327988,84.669048,0.296564,285.500000,1.998174,0.500457,0.206749,15.187650,0.369990,12.327988,33.319809,22.000000,30.000000,37.202150,37.202150,285.500000,12.327988,1.998174,0.500457,84.669048,0.296564,285.500000
"1d961f4f-ba7f-49bb-8550-daf4d9fc4ede","Detection","nuclei_histiocyte",50.792221,631.159546,47.000000,95.000000,1694290.000000,1.637118,29.000000,2.035745,110.000000,68.700297,15.105953,67.000000,38.000000,72.000000,12.148679,70.905337,0.295805,17.545256,1694290.000000,0.361164,307.835994,5.340065,9.206632,0.029060,1.935435,0.233441,0.784735,0.233441,0.783962,0.178946,0.883279,0.883279,0.986268,0.953312,-0.420552,0.000000,0.233441,2.216882,0.239702,2.516554,0.394992,4.433764,2.283113,0.542219,4.219193,56.157270,0.166639,1.000000,4.280041,121.712166,0.576319,5.783383,48.264095,247.213650,15.714103,0.303454,0.041334,0.342179,0.009108,56.500000,0.328488,0.700750,7.215116,27.372093,138.720930,8.536822,0.251292,4.509906,27.593023,0.160425,0.510386,12.016631,0.370378,3.506711,0.056913,2.500000,0.312500,1.000000,10.000000,4823.625000,25494.875000,1235.543403,0.221354,1.250000,0.156250,0.260674,3.286115,0.022480,3.000000,0.023739,3049.109375,3.513886,0.041446,1.228298,0.021559,0.198195,0.544780,0.544780,28.262036,338.500000,15.396599,77.012193,0.227510,338.500000,1.394281,0.717215,0.282582,28.372084,0.544780,15.396599,28.262036,17.000000,30.000000,34.481879,34.481879,338.500000,15.396599,1.394281,0.717215,77.012193,0.227510,338.500000
"d5ea60f2-06ad-4f05-bddb-9ac7945418f7","Detection","nuclei_histiocyte",145.807251,636.840271,62.000000,98.000000,3715646.000000,1.408687,15.000000,5.277649,147.000000,79.730018,11.212169,78.000000,52.000000,95.000000,6.983263,81.238701,1.185782,15.583669,3715646.000000,0.430140,242.850733,3.130969,7.243596,1.085844,1.398308,0.261466,0.684938,0.234988,0.835697,0.206246,0.886919,0.885154,0.985087,0.953885,-0.341450,0.000000,0.211820,1.687234,0.298177,2.205736,0.427423,3.374468,1.947240,0.414943,3.778939,105.820604,0.187958,1.000000,3.834571,242.168739,0.474545,3.516874,50.719361,146.348135,28.705546,0.515714,0.035764,0.219170,0.013385,88.244094,0.347418,0.711839,4.822835,33.496063,97.590551,19.996500,0.420631,4.623145,32.511811,0.127999,0.451155,13.843946,0.288297,2.271264,0.080617,4.166667,0.347222,1.076389,7.750000,10450.750000,33604.166667,4742.609954,0.336806,1.833333,0.152778,0.275567,3.058393,0.027487,3.418296,0.021314,8249.576389,7.658276,0.021198,1.497702,0.017913,0.144034,0.788736,0.788736,30.602538,565.500000,24.137323,93.355339,0.165085,565.500000,1.226410,0.815388,0.353711,44.452901,0.788736,24.137323,30.602538,24.000000,29.000000,37.643060,37.643060,565.500000,24.137323,1.226410,0.815388,93.355339,0.165085,565.500000
"4e709bd9-0d5d-471f-8f58-35088f565167","Detection","nuclei_tumor",326.621246,635.915527,53.000000,85.000000,3381947.000000,1.136446,17.000000,2.542973,107.000000,69.592047,9.496765,70.000000,45.000000,62.000000,7.123001,70.574614,0.132243,11.735549,3381947.000000,0.510946,137.723118,5.470336,2.057154,0.328127,0.912294,0.218970,0.612876,0.218970,0.758281,0.171022,0.890515,0.890515,0.987119,0.956206,-0.277442,0.000000,0.218970,2.301522,0.356755,1.949312,0.534738,4.603044,1.730342,0.282816,3.633411,123.318115,0.181617,1.000000,3.538093,346.932253,0.284877,5.624448,51.064801,276.402062,11.014288,0.226139,0.033830,0.199191,0.010117,122.852349,0.412256,0.435251,5.953020,34.677852,182.402685,7.658557,0.258110,4.557794,36.040268,0.120940,0.438881,13.911175,0.265998,1.650301,0.094269,4.714286,0.336735,1.066327,5.357143,13861.500000,66183.357143,3172.208829,0.508433,1.428571,0.102041,0.199576,0.913669,0.125972,3.521641,0.020619,11509.250000,6.779992,0.015673,1.411426,0.010197,0.086165,0.878697,0.878697,31.632963,682.500000,27.795776,105.497475,0.154575,682.500000,1.297692,0.770599,0.355357,44.867461,0.878697,27.795776,31.632963,31.000000,31.000000,43.840620,43.840620,682.500000,27.795776,1.297692,0.770599,105.497475,0.154575,682.500000
"26c0cc88-abea-4cf0-9d8d-5fbc24226bbf","Detection","nuclei_tumor",898.690857,637.451172,63.000000,105.000000,1150005.000000,1.430722,22.000000,2.687345,124.000000,81.789157,12.330672,81.000000,51.000000,73.000000,8.799064,83.233052,0.465709,15.436153,1150005.000000,0.399042,238.274822,3.195246,3.567171,0.263486,1.274809,0.302207,0.616736,0.295416,0.898008,0.214937,0.853424,0.852971,0.970093,0.926486,-0.255690,0.000000,0.289474,1.718166,0.252392,2.341441,0.382003,3.436333,2.021363,0.394254,4.026901,22.879518,0.137828,1.000000,5.168094,66.240964,0.452025,3.674699,41.457831,119.771084,23.338688,0.491968,0.067400,0.430320,0.018829,39.234234,0.353462,0.553364,4.846847,14.684685,44.828829,8.009510,0.388639,3.840055,24.243243,0.218408,0.668675,5.738658,0.454291,2.951221,0.109087,4.555556,0.506173,0.469136,7.000000,1114.888889,3479.333333,555.135802,0.240741,2.333333,0.259259,0.456378,4.072325,0.051705,2.281036,0.054217,774.691358,6.154627,0.061299,0.757511,0.043169,0.146424,0.633962,0.633962,18.414601,165.500000,11.674156,52.041631,0.314451,165.500000,1.302249,0.767902,0.248712,21.978380,0.633962,11.674156,18.414601,18.000000,13.000000,22.203603,22.203603,165.500000,11.674156,1.302249,0.767902,52.041631,0.314451,165.500000
"e78bd783-1148-4585-8251-2812b73a0926","Detection","nuclei_tumor",503.538086,645.370972,56.000000,94.000000,4605792.000000,1.385806,18.000000,3.034043,124.000000,76.464567,10.927625,77.000000,43.000000,81.000000,7.532320,77.745395,0.125287,14.054055,4605792.000000,0.433922,197.516461,6.927556,4.411737,-0.142819,1.310418,0.198614,0.736767,0.198614,0.719146,0.159166,0.900693,0.900693,0.988317,0.960277,-0.393767,0.000000,0.198614,2.578683,0.310645,2.154976,0.434315,5.157366,1.956363,0.377258,3.770301,157.569554,0.206784,1.000000,3.646262,330.648294,0.400777,7.269029,53.606299,371.001312,9.590870,0.183554,0.036377,0.369481,0.005946,107.167742,0.345702,0.631644,8.274194,41.780645,293.341935,7.262186,0.191084,4.870335,36.348387,0.117253,0.406824,17.612320,0.269938,2.924919,0.048534,7.941176,0.467128,1.238754,11.705882,14314.823529,105255.705882,2262.027369,0.208742,3.941176,0.231834,0.461914,7.310832,0.032015,2.651794,0.022310,12305.674740,5.305885,0.018083,1.170465,0.013073,0.089336,0.649817,0.649817,39.156649,766.000000,25.444666,112.568542,0.146956,766.000000,1.316423,0.759634,0.361850,46.522044,0.649817,25.444666,39.156649,38.000000,30.000000,48.414874,48.414874,766.000000,25.444666,1.316423,0.759634,112.568542,0.146956,766.000000
"5fa3733c-0f36-4507-aa05-0965d6bf746e","Detection","nuclei_tumor",375.908142,645.323975,52.000000,86.000000,2822807.000000,1.299716,19.000000,3.232767,114.000000,68.255137,10.615078,67.000000,44.000000,70.000000,7.838564,69.523907,0.521886,13.221570,2822807.000000,0.485662,174.809905,5.147072,4.113623,0.353102,1.109416,0.209260,0.682621,0.208352,0.742113,0.165849,0.895975,0.895915,0.987707,0.958360,-0.340039,0.000000,0.207558,2.218566,0.364579,2.061120,0.564231,4.437131,1.848641,0.329669,3.699085,117.493151,0.201187,1.000000,4.225453,283.626712,0.360340,5.469178,52.890411,259.821918,13.625190,0.254424,0.038105,0.314128,0.007799,89.277778,0.354277,0.606891,6.936508,37.841270,179.619048,9.517086,0.242008,4.612564,33.539683,0.133094,0.431507,16.358781,0.330077,3.095593,0.063665,5.823529,0.342561,1.044983,9.352941,8746.352941,38104.705882,2130.980392,0.261846,1.823529,0.107266,0.266684,3.649506,0.025448,3.807764,0.029110,7566.228374,5.479892,0.020847,1.259515,0.012639,0.108564,0.821801,0.821801,30.227319,586.000000,24.840847,91.254834,0.155725,586.000000,1.130848,0.884292,0.379262,51.106950,0.821801,24.840847,30.227319,29.000000,26.000000,38.948684,38.948684,586.000000,24.840847,1.130848,0.884292,91.254834,0.155725,586.000000
"56c658dd-dbc7-48af-836c-1832f0e5619d","Detection","nuclei_lymphocyte",29.741949,647.587646,46.000000,109.000000,2285646.000000,1.928587,28.000000,3.720389,152.000000,71.714286,18.789832,66.000000,36.000000,116.000000,12.947238,75.686433,1.083734,24.197052,2285646.000000,0.324163,585.497315,5.788656,35.295442,4.745328,3.109718,0.409183,0.767437,0.357866,1.046521,0.281115,0.829282,0.826199,0.989175,0.949777,-0.340499,0.000000,0.316153,2.261310,0.204316,3.034036,0.403781,4.522620,2.595697,0.879725,4.398941,55.411028,0.138875,1.000000,4.836829,129.340852,1.023323,6.609023,40.208020,183.240602,15.105793,0.317028,0.065560,0.867818,0.011977,62.094340,0.234318,1.403147,9.584906,16.452830,81.939623,5.756275,0.241235,4.533059,62.381132,0.235400,0.664160,7.384778,0.488818,6.380517,0.076059,4.684211,0.246537,1.955679,16.315789,2556.157895,11617.000000,742.060687,0.173728,4.368421,0.229917,0.447878,9.383480,0.029700,3.721612,0.047619,2115.157895,2.497846,0.031309,4.586386,0.020334,0.527923,0.632825,0.632825,28.449786,398.500000,18.003732,78.526912,0.197056,398.500000,1.231399,0.812084,0.323092,37.089713,0.632825,18.003732,28.449786,18.000000,28.000000,33.286634,33.286634,398.500000,18.003732,1.231399,0.812084,78.526912,0.197056,398.500000
"3c977e7e-d478-41e8-807b-cd7f5d929d6c","Detection","nuclei_tumor",928.297363,641.624207,71.000000,97.000000,364838.000000,1.238901,19.000000,1.927595,105.000000,83.038462,9.544379,82.000000,65.000000,40.000000,7.642857,83.762255,0.368769,10.987688,364838.000000,0.479290,120.729290,3.335329,2.551264,0.013163,0.964610,0.317365,0.504881,0.317365,0.901493,0.216645,0.841317,0.841317,0.968263,0.920659,-0.174238,0.000000,0.317365,1.781437,0.286869,2.222988,0.473054,3.562874,1.905623,0.320494,3.701744,7.884615,0.151627,1.000000,3.505917,24.923077,0.331361,3.461538,32.500000,112.884615,13.472222,0.470085,0.068311,0.252417,0.029704,16.853659,0.411065,0.428316,3.512195,9.121951,32.731707,3.653117,0.507453,3.518916,10.268293,0.250446,0.788462,2.687686,0.387993,1.567045,0.184317,1.500000,0.375000,0.500000,4.500000,308.500000,1062.000000,124.569444,0.402778,1.000000,0.250000,0.266862,1.142642,0.065278,2.000000,0.076923,139.500000,1.792170,0.139496,0.973007,0.034980,0.383031,0.846493,0.846493,9.021264,51.000000,7.636435,28.970563,0.568050,51.000000,1.309585,0.763600,0.184527,12.098233,0.846493,7.636435,9.021264,10.000000,8.000000,12.806248,12.806248,51.000000,7.636435,1.309585,0.763600,28.970563,0.568050,51.000000
"6edfb499-4964-4703-afc0-7001f0ec8e5d","Detection","nuclei_lymphocyte",83.124489,647.892517,35.000000,82.000000,1057238.000000,1.548804,22.000000,4.829910,136.000000,53.515337,15.016598,47.000000,27.000000,109.000000,10.027893,56.947883,1.391990,19.472288,1057238.000000,0.407938,379.170010,2.724855,15.858849,3.472013,1.917348,0.385702,0.665051,0.320865,1.010998,0.282748,0.849543,0.846052,0.985793,0.948007,-0.275350,0.000000,0.271982,1.530341,0.312165,2.410295,0.520366,3.060682,2.005771,0.575763,3.710221,54.239264,0.166378,1.000000,6.304302,132.987730,0.720887,3.414110,45.079755,79.530675,38.019438,0.644779,0.075644,0.723777,0.018887,59.951456,0.291026,0.924710,6.286408,23.728155,40.194175,20.688816,0.345639,3.857034,57.466019,0.278961,0.631902,13.710623,0.533722,4.652281,0.095999,6.300000,0.315000,0.910000,11.800000,2010.800000,3184.650000,1741.954347,0.147750,5.800000,0.290000,0.530919,7.902543,0.041340,3.321928,0.061350,1745.110000,4.093452,0.040303,2.888697,0.018889,0.534708,0.780343,0.780343,23.242899,324.000000,18.137441,69.941125,0.215868,324.000000,1.201463,0.832319,0.312515,34.701204,0.780343,18.137441,23.242899,19.000000,23.000000,29.832868,29.832868,324.000000,18.137441,1.201463,0.832319,69.941125,0.215868,324.000000
"a29d2cdc-391a-4160-afd8-1e41a2175892","Detection","nuclei_tumor",914.503479,644.549316,43.000000,93.000000,1047460.000000,1.639119,25.000000,3.129497,122.000000,66.884793,14.751343,65.000000,33.000000,89.000000,10.330301,69.476648,0.610990,18.799711,1047460.000000,0.379898,353.429124,4.756378,9.993910,0.864347,1.805405,0.315051,0.702846,0.302296,0.920652,0.223668,0.850978,0.850128,0.981693,0.939966,-0.323368,0.000000,0.291135,2.093750,0.251557,2.603063,0.454082,4.187500,2.272041,0.530114,4.069834,30.133641,0.138865,1.000000,4.660536,82.437788,0.601966,5.373272,41.718894,170.147465,15.961438,0.331189,0.059659,0.560741,0.011492,42.132353,0.309797,0.762057,7.272059,18.735294,83.926471,6.462725,0.257915,4.033407,29.691176,0.218317,0.626728,8.551687,0.447514,4.450539,0.067347,4.846154,0.372781,0.745562,10.692308,1230.846154,4950.000000,373.961004,0.171474,1.923077,0.147929,0.297714,3.945658,0.024336,3.392747,0.059908,952.213018,3.119367,0.049832,1.549935,0.029655,0.243413,0.903156,0.903156,17.642924,214.500000,15.934308,58.526912,0.272853,214.500000,1.270791,0.786912,0.270283,25.956142,0.903156,15.934308,17.642924,19.000000,16.000000,24.839485,24.839485,214.500000,15.934308,1.270791,0.786912,58.526912,0.272853,214.500000
"570238f4-453a-4751-a113-20b6d3d5977c","Detection","nuclei_histiocyte",180.006271,664.843384,66.000000,102.000000,3697329.000000,1.394762,18.000000,2.905634,120.000000,82.417769,11.003427,81.000000,48.000000,72.000000,7.544143,83.601912,0.259624,14.021094,3697329.000000,0.438946,196.591064,8.084944,4.416636,0.030546,1.264577,0.275687,0.642027,0.274669,0.852721,0.200243,0.862835,0.862767,0.983801,0.945100,-0.277272,0.000000,0.273779,2.799593,0.277838,2.335695,0.463886,5.599186,2.056420,0.385066,4.023968,81.253308,0.153598,1.000000,3.751280,232.202268,0.407110,8.436673,44.648393,364.156900,6.480663,0.150270,0.039886,0.366148,0.007049,102.272727,0.357597,0.570602,8.891608,24.167832,201.699301,3.372766,0.159212,4.447951,45.776224,0.160057,0.540643,10.483007,0.325556,3.251694,0.053874,4.714286,0.336735,1.311224,9.071429,7606.357143,66246.642857,922.488591,0.266865,1.571429,0.112245,0.207650,1.832384,0.061371,3.664498,0.026465,6178.596939,5.170317,0.018186,1.717029,0.018371,0.098774,0.642564,0.642564,33.591393,531.000000,21.584630,102.769553,0.193540,531.000000,1.582795,0.631794,0.287556,29.379745,0.642564,21.584630,33.591393,21.000000,34.000000,39.962482,39.962482,531.000000,21.584630,1.582795,0.631794,102.769553,0.193540,531.000000
"638a3cb0-1220-42fb-89a0-60aacd2f306f","Detection","nuclei_tumor",734.419067,666.091370,74.000000,114.000000,11148560.000000,1.515856,21.000000,3.359590,136.000000,95.588186,12.863298,98.000000,49.000000,87.000000,8.686818,96.995193,-0.655220,16.461053,11148560.000000,0.394909,270.966274,11.526733,8.055585,-0.944431,1.691235,0.257866,0.735400,0.254785,0.829934,0.192950,0.873121,0.872915,0.990107,0.957609,-0.364738,0.000000,0.252090,3.341914,0.243543,2.467455,0.343894,6.683828,2.198685,0.487275,4.184457,200.610127,0.169291,1.000000,3.843462,467.967089,0.491111,11.800000,49.113080,568.951055,5.120135,0.105662,0.044573,0.583433,0.007091,211.958621,0.365446,0.616659,12.341379,30.324138,351.989655,3.125071,0.110947,4.812487,84.806897,0.146219,0.489451,13.627051,0.338081,4.509633,0.042819,9.342857,0.266939,1.611429,14.571429,10520.314286,121717.342857,1007.696270,0.186873,8.942857,0.255510,0.507341,7.367173,0.141192,3.950394,0.029536,9374.008163,5.621608,0.009531,2.522302,0.011659,0.093228,0.636046,0.636046,48.745999,1185.500000,31.004705,134.468037,0.113427,1185.500000,1.213743,0.823898,0.428941,65.372981,0.636046,31.004705,48.745999,39.000000,42.000000,57.314920,57.314920,1185.500000,31.004705,1.213743,0.823898,134.468037,0.113427,1185.500000
"24823ca6-5cc0-45b7-b4e5-97bd438f5b94","Detection","nuclei_tumor",541.466125,666.875366,66.000000,121.000000,5077539.000000,1.692819,24.000000,2.845730,144.000000,90.159396,15.724658,87.000000,54.000000,90.000000,11.143879,92.300383,0.650312,19.764717,5077539.000000,0.365000,390.644056,5.065831,21.112183,2.935015,2.624044,0.198388,0.859421,0.198388,0.718692,0.159030,0.900806,0.900806,0.988330,0.960322,-0.508493,0.000000,0.198388,2.111733,0.259727,2.518271,0.454545,4.223466,2.319883,0.705608,4.133750,119.365772,0.200278,1.000000,3.603982,217.540268,0.693040,5.226510,52.697987,260.293624,19.884182,0.367496,0.031357,0.189229,0.010219,80.898438,0.316010,0.740097,5.855469,36.640625,169.742188,13.104818,0.340061,4.924068,30.687500,0.119873,0.429530,14.959961,0.274792,1.712547,0.074247,2.600000,0.260000,1.050000,7.300000,11640.800000,48525.300000,3672.793056,0.320833,1.000000,0.100000,0.134511,1.752119,0.014705,3.321928,0.016779,8088.640000,6.608120,0.027281,1.059661,0.022063,0.146203,0.576079,0.576079,37.129921,592.500000,21.389765,103.840620,0.175258,592.500000,1.448226,0.690500,0.315909,35.459063,0.576079,21.389765,37.129921,23.000000,38.000000,44.418465,44.418465,592.500000,21.389765,1.448226,0.690500,103.840620,0.175258,592.500000
"29ec96a5-0fd2-478a-a7a8-5fa02444eef0","Detection","nuclei_histiocyte",101.298569,671.641235,54.000000,95.000000,3167116.000000,1.580497,22.000000,4.731713,151.000000,74.904673,13.608623,72.000000,38.000000,113.000000,9.349327,76.940516,0.822320,17.582178,3167116.000000,0.398997,309.132969,6.150527,12.086213,1.217643,1.768811,0.267436,0.737325,0.249373,0.851144,0.205249,0.878324,0.877120,0.992845,0.964698,-0.373490,0.000000,0.233567,2.403161,0.272278,2.472947,0.417461,4.806322,2.197547,0.509062,4.075546,97.979439,0.183139,1.000000,4.968385,213.463551,0.569042,6.573832,49.321495,295.097196,10.911595,0.233698,0.049123,0.574182,0.009140,77.268657,0.288316,1.053742,8.231343,32.746269,194.328358,7.131963,0.240973,4.738927,52.052239,0.194225,0.500935,16.805914,0.425816,4.632031,0.089957,5.000000,0.238095,1.664399,14.761905,4710.714286,25268.428571,1019.262619,0.169907,3.571429,0.170068,0.358374,7.581192,0.021219,3.975418,0.039252,4061.678005,2.280328,0.025708,3.734004,0.008619,0.452847,0.431126,0.431126,40.011008,537.000000,17.249767,100.426407,0.187014,537.000000,1.494554,0.669096,0.301042,32.200096,0.431126,17.249767,40.011008,19.000000,40.000000,44.283180,44.283180,537.000000,17.249767,1.494554,0.669096,100.426407,0.187014,537.000000
"65ce13d5-f30c-48cd-917c-7473317a8032","Detection","nuclei_histiocyte",151.416672,665.570251,57.000000,101.000000,3269217.000000,1.517777,22.000000,2.576511,120.000000,81.687898,13.238941,84.000000,42.000000,78.000000,9.323558,83.312741,-0.354556,16.373761,3269217.000000,0.416285,268.100045,7.890465,9.056873,-0.740206,1.708352,0.234393,0.758699,0.230988,0.791253,0.181038,0.885074,0.884847,0.986272,0.953916,-0.392314,0.000000,0.228008,2.742622,0.281790,2.426503,0.474461,5.485244,2.180928,0.485686,4.140673,79.764331,0.169351,1.000000,3.720403,196.070064,0.491704,8.203822,49.505308,403.541401,8.177297,0.176354,0.038477,0.344250,0.008072,76.150442,0.336949,0.670315,8.367257,29.460177,245.424779,4.472222,0.197087,4.752533,30.938053,0.136894,0.479830,12.086773,0.293866,2.748319,0.057776,4.076923,0.313609,1.301775,9.846154,6805.923077,56501.230769,921.473825,0.257479,1.769231,0.136095,0.292225,2.818970,0.096873,3.546594,0.027601,5493.254438,3.635058,0.026994,1.298366,0.018496,0.136853,0.756289,0.756289,28.272407,472.000000,21.382107,84.426407,0.178870,472.000000,1.201724,0.832138,0.343281,41.869854,0.756289,21.382107,28.272407,22.000000,29.000000,36.400549,36.400549,472.000000,21.382107,1.201724,0.832138,84.426407,0.178870,472.000000
"78fd506a-922f-4810-bbb0-29cf9a925a34","Detection","nuclei_tumor",284.798309,668.567322,51.000000,136.000000,3532603.000000,2.349459,52.000000,2.256795,168.000000,89.669231,26.763550,86.000000,39.000000,129.000000,20.629422,95.173297,0.467419,31.896480,3532603.000000,0.217896,1017.385464,11.398621,96.703089,6.233025,6.524880,0.464138,0.867181,0.422759,1.089777,0.285413,0.795517,0.792759,0.987623,0.940345,-0.411530,0.000000,0.386552,3.143793,0.099293,3.750192,0.215172,6.287586,3.241728,1.747255,5.021572,59.548718,0.152689,1.000000,3.318895,84.979487,1.714589,11.356410,32.979487,350.720513,7.281865,0.204412,0.064374,0.777185,0.014889,65.940789,0.216910,1.606994,11.914474,10.394737,107.243421,2.345400,0.190154,4.626427,72.486842,0.238444,0.779487,3.811461,0.459234,5.559328,0.083081,3.117647,0.183391,2.851211,12.941176,1524.117647,15188.882353,252.761438,0.315163,3.588235,0.211073,0.428935,5.094931,0.155073,3.852169,0.043590,997.820069,2.522285,0.040203,3.889776,0.035208,0.478220,0.955113,0.955113,22.900460,392.500000,21.872527,77.355339,0.197084,392.500000,1.213196,0.824269,0.325484,37.640971,0.955113,21.872527,22.900460,23.000000,22.000000,31.827661,31.827661,392.500000,21.872527,1.213196,0.824269,77.355339,0.197084,392.500000
"9effdfa4-2b8b-4878-9418-70d34746915c","Detection","nuclei_tumor",903.452087,678.680664,45.000000,85.000000,2986221.000000,1.531337,20.000000,4.008364,129.000000,62.359722,12.510444,59.000000,37.000000,92.000000,8.529560,64.401313,1.036603,16.087082,2986221.000000,0.418306,258.794211,4.217807,10.511487,1.142432,1.697685,0.205666,0.783891,0.204194,0.735819,0.163971,0.898148,0.898050,0.992101,0.966003,-0.433638,0.000000,0.202907,1.960817,0.311845,2.299071,0.511038,3.921634,2.089760,0.475838,3.871279,149.919444,0.208221,1.000000,3.999807,301.180556,0.524877,4.569444,53.194444,205.227778,22.040333,0.385858,0.037539,0.279145,0.010274,95.419355,0.307804,0.794755,6.309677,39.993548,153.729032,15.664326,0.317552,4.876483,40.303226,0.130010,0.430556,18.416025,0.307012,2.834233,0.060372,5.588235,0.328720,0.851211,10.941176,12454.705882,48300.352941,4136.625719,0.161258,3.352941,0.197232,0.377619,4.373343,0.043671,3.410417,0.023611,10660.934256,4.541871,0.020566,2.217838,0.010314,0.247584,0.604646,0.604646,39.599397,714.500000,23.943630,112.325902,0.157209,714.500000,1.405231,0.711627,0.338616,40.739632,0.604646,23.943630,39.599397,36.000000,31.000000,47.507894,47.507894,714.500000,23.943630,1.405231,0.711627,112.325902,0.157209,714.500000
"e037ce52-e7c5-458f-9b80-b248a691b2fe","Detection","nuclei_lymphocyte",43.197807,683.051636,37.000000,74.000000,1812470.000000,1.367884,24.000000,3.232474,114.000000,57.065385,12.496908,57.000000,32.000000,82.000000,9.957828,59.038286,0.490951,15.134765,1812470.000000,0.436642,229.061109,3.166063,4.872584,0.463367,1.335218,0.181066,0.761172,0.177962,0.684987,0.149395,0.911536,0.911330,0.989404,0.964511,-0.444722,0.000000,0.175246,1.696327,0.331361,2.038956,0.460424,3.392654,1.853734,0.379071,3.549065,121.165385,0.233010,1.000000,4.031006,227.053846,0.414364,3.450000,54.769231,155.176923,31.045713,0.506424,0.037719,0.241733,0.013426,74.009709,0.359270,0.611486,5.111650,49.766990,135.611650,29.688646,0.364651,4.598868,27.718447,0.134556,0.396154,24.279197,0.312161,2.446945,0.070020,4.166667,0.347222,0.972222,9.000000,9705.333333,30446.000000,4581.170718,0.258681,2.833333,0.236111,0.438509,4.511371,0.114248,3.251629,0.023077,7827.555556,4.956911,0.030710,1.108431,0.012044,0.197475,0.542187,0.542187,36.144525,516.500000,19.597101,102.669048,0.198778,516.500000,1.624048,0.615745,0.280115,27.878822,0.542187,19.597101,36.144525,23.000000,36.000000,42.720019,42.720019,516.500000,19.597101,1.624048,0.615745,102.669048,0.198778,516.500000
"fa0cb247-7660-4a64-be02-9f4ac9e39407","Detection","nuclei_tumor",407.451355,680.234985,91.000000,132.000000,5646180.000000,1.456826,21.000000,2.664605,160.000000,109.051502,12.186005,107.000000,79.000000,81.000000,9.040427,110.073912,0.492910,14.967831,5646180.000000,0.400717,224.035974,3.678346,5.041816,0.381850,1.430987,0.277427,0.675223,0.272832,0.861337,0.202990,0.864350,0.864044,0.983762,0.945587,-0.300953,0.000000,0.268811,1.841183,0.250207,2.393873,0.418150,3.682366,2.102765,0.427103,4.169859,70.987124,0.152333,1.000000,3.758294,186.733906,0.457980,4.032189,45.369099,165.027897,20.975456,0.441121,0.045969,0.271887,0.015242,92.053846,0.354053,0.560592,4.684615,19.869231,73.900000,8.887447,0.403900,4.381621,40.969231,0.157574,0.557940,7.019763,0.334334,1.954951,0.103988,5.666667,0.377778,0.906667,6.666667,4734.400000,18432.333333,1490.178241,0.363426,3.000000,0.200000,0.411614,3.826454,0.053021,3.373557,0.032189,3769.262222,6.590799,0.022137,1.790871,0.020057,0.135852,0.848864,0.848864,26.622205,466.000000,22.598636,85.254834,0.182950,466.000000,1.241201,0.805671,0.333989,39.633933,0.848864,22.598636,26.622205,26.000000,24.000000,35.383612,35.383612,466.000000,22.598636,1.241201,0.805671,85.254834,0.182950,466.000000
"8148fa14-a44b-453b-8b27-3ef3d7a16d85","Detection","nuclei_tumor",707.952759,679.073181,62.000000,101.000000,2089903.000000,1.431501,22.000000,3.846175,139.000000,78.234756,12.693021,74.000000,54.000000,85.000000,8.891011,79.822650,1.095490,15.842299,2089903.000000,0.415917,250.978426,2.605111,6.616421,1.613140,1.452680,0.271228,0.685333,0.253092,0.857579,0.207173,0.876477,0.875268,0.984365,0.949986,-0.318748,0.000000,0.237222,1.519786,0.310116,2.210099,0.485573,3.039571,1.916118,0.430977,3.654458,55.579268,0.169449,1.000000,4.845293,136.420732,0.513645,3.085366,48.292683,97.670732,37.134866,0.624746,0.053048,0.381066,0.016293,58.126437,0.334060,0.666435,5.212644,28.333333,52.298851,23.237548,0.376277,4.025110,32.298851,0.185626,0.530488,14.119567,0.408777,3.153643,0.085570,5.571429,0.397959,0.637755,9.214286,3018.285714,5955.571429,2316.995040,0.184028,3.285714,0.234694,0.432751,5.014127,0.040429,2.985228,0.042683,2469.387755,5.322281,0.041416,1.437123,0.019252,0.278417,0.909045,0.909045,21.466922,328.000000,19.514406,68.769553,0.209663,328.000000,1.147384,0.871548,0.324492,37.412046,0.909045,19.514406,21.466922,20.000000,22.000000,29.732137,29.732137,328.000000,19.514406,1.147384,0.871548,68.769553,0.209663,328.000000
"bc3acffb-fc88-42cd-9d21-1227db647b24","Detection","nuclei_tumor",590.758972,692.618530,83.000000,129.000000,10681581.000000,1.598193,24.000000,2.597652,157.000000,108.120090,13.999277,110.000000,66.000000,91.000000,9.986253,109.491125,-0.251065,17.272886,10681581.000000,0.392138,298.352582,8.338828,10.870384,-0.812934,1.914246,0.219017,0.794665,0.216662,0.762380,0.172074,0.892062,0.891905,0.991595,0.963946,-0.439447,0.000000,0.214601,2.813365,0.271872,2.471044,0.459817,5.626729,2.243432,0.533316,4.099028,173.145903,0.194328,1.000000,3.696647,349.395062,0.543913,8.638608,52.445567,431.931538,8.759407,0.169755,0.034189,0.365530,0.005507,120.863517,0.317227,0.771626,9.740157,41.081365,342.246719,6.375192,0.172765,5.016650,48.181102,0.126460,0.427609,19.205489,0.306536,3.707255,0.045959,7.555556,0.419753,1.533951,12.277778,16060.500000,135763.611111,2114.323627,0.241034,2.111111,0.117284,0.279755,4.268585,0.033721,3.503258,0.020202,13610.250000,3.939394,0.016390,2.068535,0.011301,0.138713,0.782719,0.782719,38.176114,893.500000,29.881188,114.325902,0.127953,893.500000,1.164085,0.859043,0.412385,60.423737,0.782719,29.881188,38.176114,30.000000,38.000000,48.414874,48.414874,893.500000,29.881188,1.164085,0.859043,114.325902,0.127953,893.500000
"ca9ab956-c52f-416d-8b26-8884b8220ac3","Detection","nuclei_tumor",652.107910,688.757263,57.000000,95.000000,4084881.000000,1.337559,21.000000,2.674470,120.000000,76.266962,11.789486,76.000000,47.000000,73.000000,8.703634,77.620218,0.222206,14.430828,4084881.000000,0.438136,208.248790,6.705882,3.292546,0.260121,1.186722,0.223607,0.682901,0.222828,0.768724,0.173955,0.888716,0.888664,0.986860,0.955460,-0.332399,0.000000,0.222146,2.542657,0.300554,2.146489,0.380989,5.085314,1.919618,0.352582,3.822237,120.997050,0.178462,1.000000,3.825193,297.056047,0.379582,7.026549,51.268437,340.660767,9.220819,0.182737,0.037121,0.302306,0.009125,107.957929,0.349378,0.610383,7.912621,33.359223,223.009709,5.974245,0.195860,4.636406,42.915858,0.138886,0.455752,14.101612,0.310262,2.970248,0.072346,5.125000,0.320313,1.484375,9.750000,11811.125000,77347.125000,2120.447483,0.320747,2.250000,0.140625,0.281912,2.023084,0.148103,3.750000,0.023599,10015.484375,5.626654,0.017836,1.319744,0.013520,0.090310,0.871235,0.871235,31.741876,673.500000,27.654626,99.012193,0.147011,673.500000,1.158324,0.863317,0.385682,52.852013,0.871235,27.654626,31.741876,28.000000,30.000000,41.036569,41.036569,673.500000,27.654626,1.158324,0.863317,99.012193,0.147011,673.500000
"1e3f2b40-167e-44ee-a6a7-64f448cdab63","Detection","nuclei_stroma",347.632629,690.735413,51.000000,98.000000,2960724.000000,1.681208,25.000000,3.037380,143.000000,73.362934,14.615644,73.000000,39.000000,104.000000,10.610288,75.602139,0.502069,18.263714,2960724.000000,0.361988,333.563259,6.337131,12.046928,0.569387,2.047632,0.280166,0.759287,0.261523,0.870965,0.211772,0.872216,0.871103,0.989390,0.956848,-0.383252,0.000000,0.246432,2.428017,0.231502,2.662083,0.378042,4.856033,2.352810,0.581949,4.371278,81.899614,0.158107,1.000000,4.449531,187.509653,0.612204,6.727799,47.633205,289.345560,12.150644,0.242550,0.053108,0.510118,0.010997,86.701818,0.315279,0.776542,8.076364,23.425455,138.574545,5.980760,0.214843,4.727683,43.007273,0.156390,0.530888,9.233111,0.362645,3.670705,0.064106,7.153846,0.275148,1.078402,11.269231,2686.230769,14093.884615,625.528259,0.178558,4.538462,0.174556,0.381947,4.701255,0.071905,4.103910,0.050193,2289.301775,3.542246,0.023495,2.535969,0.015605,0.218867,0.477960,0.477960,37.790994,519.000000,18.062567,97.740115,0.188324,519.000000,1.464767,0.682703,0.303028,32.626354,0.477960,18.062567,37.790994,25.000000,35.000000,43.011626,43.011626,519.000000,18.062567,1.464767,0.682703,97.740115,0.188324,519.000000
"e2a3885b-b846-418b-8e3c-a83bfb42bcc2","Detection","nuclei_tumor",281.289734,699.031738,62.000000,98.000000,8261397.000000,1.391067,18.000000,3.965499,135.000000,77.976390,11.412623,75.000000,46.000000,89.000000,7.903243,79.322133,0.975409,14.549343,8261397.000000,0.422332,211.683372,7.092375,9.065866,1.848323,1.608767,0.201473,0.777407,0.201473,0.724865,0.160882,0.899263,0.899263,0.992251,0.966421,-0.418531,0.000000,0.201473,2.596257,0.294902,2.184644,0.425045,5.192514,1.983171,0.452560,3.869470,272.204874,0.207315,1.000000,3.544712,554.521706,0.452831,7.261234,54.092155,364.421935,9.992480,0.174930,0.031941,0.263753,0.005439,206.850000,0.397788,0.498813,8.371154,49.669231,307.823077,9.745416,0.154678,4.900526,61.342308,0.117966,0.396040,24.166731,0.276735,2.514523,0.039561,9.846154,0.378698,0.668639,10.615385,24166.653846,145691.153846,4715.259605,0.145502,2.923077,0.112426,0.277724,2.557942,0.062599,4.056021,0.019802,21616.403846,7.276700,0.009921,2.118839,0.008796,0.102161,0.582063,0.582063,55.254651,1307.000000,32.161692,156.710678,0.119901,1307.000000,1.495243,0.668788,0.375883,50.200470,0.582063,32.161692,55.254651,38.000000,53.000000,65.215029,65.215029,1307.000000,32.161692,1.495243,0.668788,156.710678,0.119901,1307.000000
"6164f8a9-2d75-4d33-ab51-598e859516ef","Detection","nuclei_tumor",934.648376,688.629517,71.000000,102.000000,2453995.000000,1.286615,20.000000,2.264271,118.000000,85.637195,10.346185,85.000000,60.000000,58.000000,8.207407,86.496775,0.224591,12.164000,2453995.000000,0.479904,147.962885,3.803970,3.638059,-0.106546,1.116917,0.201820,0.693920,0.201820,0.725553,0.161089,0.899090,0.899090,0.979818,0.949545,-0.357627,0.000000,0.201820,1.890819,0.355474,2.040372,0.557486,3.781638,1.838553,0.329684,3.667892,62.658537,0.191032,1.000000,3.535358,157.408537,0.351790,4.076220,50.926829,187.057927,20.474678,0.390159,0.030165,0.157812,0.010014,54.219178,0.371364,0.508538,4.958904,30.397260,115.876712,11.310502,0.360350,4.355380,17.150685,0.117470,0.445122,10.208857,0.261514,1.878265,0.059888,3.857143,0.551020,0.530612,7.142857,7130.857143,26777.000000,2297.892857,0.257937,1.285714,0.183673,0.020687,0.185936,0.002325,2.521641,0.021341,4935.265306,6.198745,0.037581,0.561687,0.024012,0.091423,0.671211,0.671211,25.095858,327.500000,16.844608,70.870058,0.216397,327.500000,1.220406,0.819399,0.309701,34.078983,0.671211,16.844608,25.095858,17.000000,24.000000,29.410882,29.410882,327.500000,16.844608,1.220406,0.819399,70.870058,0.216397,327.500000
"d1846748-1252-4592-ab47-6860d9c99265","Detection","nuclei_tumor",220.329834,699.074524,52.000000,101.000000,4383398.000000,1.648133,27.000000,2.723895,128.000000,73.883598,15.137678,71.000000,41.000000,87.000000,11.269913,76.145555,0.605608,18.421712,4383398.000000,0.374895,339.359466,6.619881,13.309262,1.724173,2.177520,0.248512,0.795129,0.244312,0.816101,0.188824,0.878544,0.878264,0.990475,0.959381,-0.415814,0.000000,0.240637,2.477424,0.250377,2.594477,0.427371,4.954848,2.335408,0.606508,4.256496,124.407407,0.164560,1.000000,3.843740,283.420635,0.612432,6.869048,49.103175,314.596561,10.875933,0.226016,0.043365,0.396376,0.011135,113.118919,0.305727,0.824843,7.797297,29.264865,176.843243,6.531637,0.237337,4.919081,51.983784,0.140497,0.489418,12.565493,0.310516,2.868346,0.079683,6.724138,0.231867,1.747919,10.137931,6034.551724,30782.655172,1364.339693,0.319272,4.724138,0.162901,0.341820,4.296104,0.107262,4.349192,0.038360,5354.960761,4.826288,0.017972,2.325922,0.014240,0.162769,0.860545,0.860545,34.941519,762.500000,30.068736,115.982756,0.152109,762.500000,1.403903,0.712300,0.344409,42.145557,0.860545,30.068736,34.941519,35.000000,35.000000,49.497475,49.497475,762.500000,30.068736,1.403903,0.712300,115.982756,0.152109,762.500000
"1abfd38c-982c-4b69-ab0c-057d98676f30","Detection","nuclei_lymphocyte",27.269732,692.574280,37.000000,96.000000,1488984.000000,1.784329,20.000000,5.120916,147.000000,59.564246,18.049905,52.000000,28.000000,119.000000,10.271991,64.491652,1.608063,24.723952,1488984.000000,0.343934,611.273805,3.921970,42.266012,6.866679,3.004747,0.391667,0.769365,0.328030,1.022370,0.284063,0.846591,0.842348,0.985442,0.946843,-0.379797,0.000000,0.272348,1.807955,0.238497,2.700360,0.359848,3.615909,2.344280,0.849103,4.040121,51.983240,0.145205,1.000000,5.841016,123.128492,1.064636,4.715084,44.156425,114.731844,28.995770,0.524585,0.073547,0.898162,0.016277,51.374429,0.234586,1.524739,8.086758,21.579909,59.178082,15.031398,0.335037,4.382402,50.351598,0.229916,0.611732,10.890891,0.481318,5.741240,0.089999,6.416667,0.267361,1.373264,15.125000,1706.083333,4567.333333,1028.386215,0.154028,5.333333,0.222222,0.447153,7.878465,0.029926,3.688722,0.067039,1483.576389,4.430224,0.039227,2.608681,0.028687,0.440722,0.672070,0.672070,26.367230,359.000000,17.720619,76.769553,0.213843,359.000000,1.306393,0.765467,0.301118,32.216195,0.672070,17.720619,26.367230,19.000000,27.000000,33.015148,33.015148,359.000000,17.720619,1.306393,0.765467,76.769553,0.213843,359.000000
"b4c098a4-b4ff-46b3-9021-16387ab9293e","Detection","nuclei_stroma",178.684341,692.204346,46.000000,102.000000,1745129.000000,1.862693,29.000000,3.928702,150.000000,69.720000,17.841477,64.000000,37.000000,113.000000,12.306866,73.277743,1.095171,22.555471,1745129.000000,0.338660,508.749292,5.403895,25.628159,3.230029,2.618572,0.404742,0.732253,0.345470,1.041396,0.285392,0.836720,0.833192,0.989333,0.951685,-0.339508,0.000000,0.297606,2.202371,0.220426,2.906431,0.419136,4.404742,2.497883,0.755828,4.371970,43.203077,0.132933,1.000000,5.601477,110.064615,0.907209,6.218462,41.123077,178.987692,15.198640,0.323004,0.077985,1.070719,0.012359,51.325359,0.245576,1.323230,8.918660,19.157895,93.473684,6.269165,0.256784,4.468070,48.942584,0.234175,0.643077,9.485497,0.482779,6.015697,0.073826,5.695652,0.247637,1.361059,16.000000,1360.565217,5651.260870,420.092452,0.122754,5.521739,0.240076,0.489938,9.678948,0.029169,3.725104,0.070769,1160.896030,1.917524,0.039325,4.520642,0.017954,0.653337,0.470308,0.470308,30.296685,320.500000,14.248770,81.698485,0.254909,320.500000,1.657258,0.603406,0.244868,21.304259,0.470308,14.248770,30.296685,17.000000,29.000000,33.615473,33.615473,320.500000,14.248770,1.657258,0.603406,81.698485,0.254909,320.500000
"77d471f8-0c57-470d-9161-0cbc2733e8cb","Detection","nuclei_lymphocyte",146.794189,693.947449,42.000000,78.000000,1608793.000000,1.496927,18.000000,5.179651,126.000000,57.939597,11.855172,54.000000,35.000000,91.000000,7.934113,59.992412,1.373388,15.559324,1608793.000000,0.407885,242.092548,3.542017,8.843791,1.186219,1.586575,0.250900,0.726908,0.243697,0.822177,0.191512,0.879352,0.878872,0.990407,0.959555,-0.358103,0.000000,0.237395,1.791116,0.275915,2.354309,0.433974,3.582233,2.092201,0.459369,3.947846,74.651007,0.167004,1.000000,3.735267,182.324385,0.508005,3.881432,48.149888,154.821029,24.829042,0.472995,0.038713,0.266843,0.013576,71.385650,0.320115,0.785779,5.322870,27.677130,91.228700,13.546883,0.392517,4.617105,31.834081,0.142754,0.498881,11.605301,0.306712,2.487799,0.083344,3.166667,0.263889,1.743056,8.416667,5726.916667,21776.083333,1945.884120,0.404954,1.500000,0.125000,0.287118,3.976289,0.028614,3.418296,0.026846,4339.354167,3.806961,0.027255,2.823083,0.011630,0.377317,0.647956,0.647956,29.776891,447.000000,19.294105,84.083261,0.188106,447.000000,1.258641,0.794508,0.327091,38.013581,0.647956,19.294105,29.776891,24.000000,28.000000,36.878178,36.878178,447.000000,19.294105,1.258641,0.794508,84.083261,0.188106,447.000000
"8a936c78-ea08-4a69-9b4b-6101aab1eaac","Detection","nuclei_tumor",833.007935,702.945740,60.000000,96.000000,3779817.000000,1.294107,21.000000,2.357459,112.000000,78.935484,11.337423,79.000000,46.000000,66.000000,8.487938,80.108341,-0.105528,13.657809,3779817.000000,0.459975,186.535736,7.155000,2.920607,-0.193099,1.110016,0.205455,0.687633,0.205455,0.732704,0.163243,0.897273,0.897273,0.987914,0.958909,-0.346968,0.000000,0.205455,2.632273,0.327935,2.052057,0.473182,5.264545,1.846603,0.328868,3.728892,109.336163,0.185630,1.000000,3.951695,270.925297,0.353314,7.485569,52.052632,370.025467,8.696178,0.168140,0.039628,0.348178,0.007545,95.441948,0.357460,0.579164,8.490637,34.988764,257.505618,5.604089,0.171999,4.599668,36.715356,0.137511,0.453311,15.523152,0.336735,3.555016,0.059951,5.705882,0.335640,1.231834,9.882353,7915.705882,64611.000000,1066.443219,0.233660,2.647059,0.155709,0.354669,2.854954,0.105666,3.572469,0.028862,6715.287197,4.195029,0.021306,1.289590,0.012070,0.108169,0.484628,0.484628,40.844871,587.000000,19.794567,107.254834,0.182717,587.000000,1.559501,0.641231,0.298152,31.584787,0.484628,19.794567,40.844871,22.000000,40.000000,45.650849,45.650849,587.000000,19.794567,1.559501,0.641231,107.254834,0.182717,587.000000
"1b852c88-4576-4c55-a7e5-f53760bb61b2","Detection","nuclei_tumor",966.429260,700.503296,68.000000,111.000000,5974642.000000,1.558948,22.000000,3.075752,141.000000,88.803279,13.148347,87.000000,51.000000,90.000000,9.242918,90.344226,0.433932,16.614961,5974642.000000,0.394223,276.056929,4.525198,7.024613,0.371683,1.604496,0.267099,0.714576,0.251260,0.850922,0.203967,0.877010,0.875954,0.984568,0.950276,-0.350391,0.000000,0.237401,2.047156,0.270556,2.452268,0.466163,4.094312,2.153617,0.467899,4.105223,132.866120,0.181511,1.000000,4.898519,288.571038,0.520356,4.952186,50.368852,220.542350,18.162929,0.351396,0.049675,0.403367,0.014562,111.195122,0.301342,0.794956,6.379404,34.168022,146.536585,11.473163,0.319576,4.641656,69.027100,0.187065,0.504098,18.427127,0.429175,3.600886,0.105918,8.583333,0.357639,1.539931,10.291667,7498.666667,30838.958333,2087.037037,0.314815,5.250000,0.218750,0.466412,5.753322,0.119712,3.484697,0.032787,6568.416667,7.369567,0.019392,1.259109,0.019138,0.095398,0.801223,0.801223,34.152542,731.500000,27.363811,103.154329,0.141018,731.500000,1.157579,0.863872,0.393920,55.133893,0.801223,27.363811,34.152542,29.000000,33.000000,43.931765,43.931765,731.500000,27.363811,1.157579,0.863872,103.154329,0.141018,731.500000
"9be74c42-d879-4320-a4ab-cb026456ffc2","Detection","nuclei_stroma",314.248322,701.316223,34.000000,94.000000,1481105.000000,1.794695,33.000000,3.168874,135.000000,58.795148,19.061762,52.000000,25.000000,110.000000,14.615585,63.183833,0.893761,23.137141,1481105.000000,0.330621,535.327308,3.796598,24.604917,4.411138,2.936272,0.391272,0.764828,0.326183,1.021375,0.284877,0.847202,0.843417,0.985544,0.947146,-0.368563,0.000000,0.274470,1.777737,0.232507,2.757965,0.420858,3.555473,2.356359,0.831886,4.098711,57.237197,0.154278,1.000000,5.748055,122.660377,0.954977,4.474394,43.350404,117.606469,31.506011,0.550025,0.074050,0.861553,0.016396,60.867257,0.269324,1.151402,7.225664,22.539823,56.991150,17.503092,0.317581,4.305475,51.601770,0.228326,0.609164,11.760514,0.477805,4.800193,0.087090,7.160000,0.286400,1.030400,14.280000,1658.600000,3682.000000,1240.732244,0.124111,5.560000,0.222400,0.466222,8.566585,0.028419,3.669275,0.067385,1438.374400,4.535633,0.039250,2.669563,0.026568,0.408701,0.368542,0.368542,37.019966,370.500000,13.643406,91.012193,0.245647,370.500000,1.779103,0.562081,0.240749,20.593495,0.368542,13.643406,37.019966,20.000000,33.000000,38.587563,38.587563,370.500000,13.643406,1.779103,0.562081,91.012193,0.245647,370.500000
"2aaa60b8-6a5c-4f1a-aa51-f3176eda3c3c","Detection","nuclei_lymphocyte",884.905640,696.327881,34.000000,82.000000,911861.000000,1.543949,28.000000,2.875031,111.000000,54.447273,15.486017,51.000000,28.000000,83.000000,11.839220,57.583489,0.800574,18.744404,911861.000000,0.377904,351.352674,2.964000,9.164208,2.063880,1.836151,0.265000,0.747757,0.263000,0.839223,0.195831,0.868833,0.868700,0.984447,0.947467,-0.366210,0.000000,0.261250,1.603500,0.278299,2.344756,0.460000,3.207000,2.073542,0.525288,3.610220,49.909091,0.181488,1.000000,4.821474,103.923636,0.609269,3.505455,45.363636,99.483636,34.590455,0.588283,0.049682,0.369540,0.015104,50.333333,0.335556,0.651600,5.580000,26.773333,58.066667,20.811574,0.341806,3.999850,29.706667,0.198044,0.545455,13.328889,0.429214,3.230753,0.078061,3.000000,0.333333,0.888889,9.888889,3094.555556,7118.222222,2230.143519,0.209105,1.666667,0.185185,0.372621,5.103474,0.029257,2.947703,0.032727,2160.913580,5.261042,0.049687,1.428744,0.023506,0.313726,0.556678,0.556678,25.224640,275.500000,14.041995,69.698485,0.252989,275.500000,1.403186,0.712664,0.267123,25.352779,0.556678,14.041995,25.224640,17.000000,23.000000,28.600699,28.600699,275.500000,14.041995,1.403186,0.712664,69.698485,0.252989,275.500000
"5ae37fb9-4db8-4f4c-8669-d6a5c2c593fb","Detection","nuclei_lymphocyte",111.291336,699.063416,42.000000,69.000000,1180701.000000,1.374477,13.000000,7.163978,115.000000,53.955614,9.475789,50.000000,34.000000,81.000000,5.772893,55.522700,1.823571,13.098168,1180701.000000,0.428914,171.561999,2.712079,5.737374,1.141453,1.272913,0.291433,0.627406,0.277388,0.888973,0.214489,0.863647,0.862711,0.983105,0.944991,-0.264089,0.000000,0.265098,1.570576,0.279809,2.229557,0.391854,3.141152,1.934152,0.391086,3.813319,58.759791,0.153420,1.000000,4.411565,164.274151,0.451240,3.122715,45.699739,107.368146,30.902198,0.583007,0.047382,0.312867,0.016579,76.355140,0.356800,0.662765,4.551402,24.719626,60.663551,16.478388,0.438441,4.175656,39.635514,0.185213,0.558747,11.907241,0.404490,2.772443,0.106501,3.833333,0.319444,1.076389,9.583333,4878.250000,12829.666667,2907.554398,0.254630,2.000000,0.166667,0.319147,4.325991,0.025851,3.251629,0.031332,3859.576389,6.468927,0.027059,1.792980,0.019189,0.200602,0.909128,0.909128,23.291513,381.000000,21.174962,74.284271,0.194972,381.000000,1.152548,0.867643,0.335741,40.050849,0.909128,21.174962,23.291513,20.000000,23.000000,30.479501,30.479501,381.000000,21.174962,1.152548,0.867643,74.284271,0.194972,381.000000
"79993bdb-9d8d-47ee-ad65-fad7b90d957b","Detection","nuclei_stroma",329.159729,695.365723,39.000000,52.000000,153660.000000,0.805805,8.000000,3.688088,63.000000,45.506849,4.623757,45.000000,35.000000,28.000000,3.437045,45.879533,0.778867,5.835938,153660.000000,0.628448,34.058172,1.483193,0.599384,0.351314,0.407898,0.231092,0.276696,0.231092,0.779911,0.177689,0.884454,0.884454,0.953782,0.922969,-0.067165,0.000000,0.231092,1.199580,0.502816,1.393742,0.684874,2.399160,1.162650,0.159748,3.377233,10.041096,0.137549,1.000000,5.903922,45.876712,0.185776,1.739726,42.068493,51.027397,39.828767,0.815068,0.078134,0.236536,0.038533,23.510638,0.500226,0.249887,2.468085,15.872340,20.468085,14.723404,0.632979,3.197421,10.404255,0.221367,0.643836,6.222725,0.452521,1.460057,0.200638,4.142857,0.591837,0.204082,3.142857,414.714286,453.285714,405.071429,0.464286,1.571429,0.224490,0.338345,1.246083,0.111410,2.235926,0.095890,305.959184,17.710244,0.108471,0.252576,0.049507,0.102809,0.539497,0.539497,13.506421,72.000000,7.286675,38.142136,0.529752,72.000000,1.607932,0.621917,0.172445,10.565799,0.539497,7.286675,13.506421,10.000000,12.000000,15.620499,15.620499,72.000000,7.286675,1.607932,0.621917,38.142136,0.529752,72.000000
"c3242b84-f2d3-41bd-b7a0-5f3a054336c9","Detection","nuclei_tumor",627.703064,704.240051,74.000000,118.000000,6054748.000000,1.638078,20.000000,3.125155,145.000000,98.701987,12.961120,100.000000,57.000000,88.000000,8.630492,100.122012,-0.086627,16.802828,6054748.000000,0.364041,282.335029,6.316645,10.475096,-0.738806,1.975639,0.242424,0.781409,0.242424,0.799049,0.183655,0.878788,0.878788,0.985740,0.951515,-0.413406,0.000000,0.242424,2.425560,0.230915,2.541815,0.342995,4.851120,2.299391,0.554516,4.185045,102.019868,0.168907,1.000000,3.228268,219.880795,0.580029,6.665563,48.278146,300.490066,13.180234,0.253564,0.030928,0.237904,0.006737,99.589831,0.337593,0.654180,7.555932,27.850847,178.576271,7.144539,0.218950,4.725833,39.806780,0.134938,0.488411,11.082517,0.280296,2.673857,0.042699,4.272727,0.388430,0.595041,7.545455,9440.363636,59236.545455,2015.674242,0.225379,1.363636,0.123967,0.058963,0.399089,0.010231,3.459432,0.018212,6425.355372,5.970879,0.019866,1.325794,0.022890,0.102431,0.668809,0.668809,33.977868,604.000000,22.724721,95.254834,0.157707,604.000000,1.195439,0.836513,0.366549,47.738105,0.668809,22.724721,33.977868,25.000000,32.000000,40.607881,40.607881,604.000000,22.724721,1.195439,0.836513,95.254834,0.157707,604.000000
"4e481124-f5c2-4458-bc9a-39b05ecf0105","Detection","nuclei_tumor",248.920486,710.218445,63.000000,108.000000,5231776.000000,1.628780,29.000000,2.096328,131.000000,85.383721,15.435573,84.000000,49.000000,82.000000,12.347031,87.202784,0.209766,17.718515,5231776.000000,0.341350,313.945782,8.641045,8.768053,0.824079,2.123078,0.240200,0.796723,0.237894,0.800095,0.183606,0.881437,0.881284,0.990780,0.960406,-0.423401,0.000000,0.235876,2.858378,0.220804,2.510886,0.308224,5.716756,2.264316,0.590820,4.102161,119.485465,0.173671,1.000000,3.582308,234.848837,0.617528,9.059593,49.459302,404.039244,8.036358,0.148350,0.037862,0.462974,0.005540,107.993789,0.335384,0.664220,10.916149,30.807453,233.944099,5.351549,0.124453,4.705632,42.409938,0.131708,0.468023,12.546430,0.293219,4.051451,0.031642,4.733333,0.315556,1.395556,15.333333,9559.600000,73387.533333,1521.026130,0.147241,2.333333,0.155556,0.360648,6.591516,0.080702,3.589898,0.021802,7455.848889,3.878455,0.019340,2.353347,0.014152,0.166578,0.637709,0.637709,37.178949,687.500000,23.709353,102.669048,0.149337,687.500000,1.220103,0.819603,0.372854,49.394567,0.637709,23.709353,37.178949,25.000000,36.000000,43.829214,43.829214,687.500000,23.709353,1.220103,0.819603,102.669048,0.149337,687.500000
"3e9c0e6d-8961-4aad-9f76-665bf1bc1738","Detection","nuclei_lymphocyte",158.552109,705.869934,39.000000,84.000000,911586.000000,1.629880,27.000000,2.567986,115.000000,61.426009,14.589193,60.000000,32.000000,83.000000,11.023427,63.936137,0.460745,17.739082,911586.000000,0.353496,314.675019,3.874690,7.827882,0.652180,1.800006,0.294045,0.719162,0.286600,0.887933,0.211905,0.857940,0.857444,0.982835,0.942928,-0.348184,0.000000,0.280087,1.870347,0.227190,2.542042,0.363524,3.740695,2.236766,0.523513,3.894550,33.385650,0.149711,1.000000,4.293551,78.829596,0.595427,4.470852,42.533632,137.547085,23.195285,0.434510,0.050084,0.419708,0.012390,47.808511,0.339067,0.654695,6.503546,16.992908,56.723404,9.261328,0.280634,3.664688,29.595745,0.209899,0.632287,6.987576,0.439152,4.041930,0.064286,2.142857,0.306122,1.142857,10.142857,2417.857143,9068.142857,1023.832341,0.237103,1.285714,0.183673,0.303956,4.846375,0.019144,2.521641,0.031390,1402.979592,3.473608,0.049459,1.595829,0.027729,0.273186,0.600782,0.600782,21.884416,225.500000,13.147764,61.355339,0.272086,225.500000,1.328459,0.752752,0.264724,24.899371,0.600782,13.147764,21.884416,18.000000,20.000000,26.907248,26.907248,225.500000,13.147764,1.328459,0.752752,61.355339,0.272086,225.500000
"1321b5a0-8c60-4230-a962-8d6d7e832129","Detection","nuclei_tumor",388.527588,712.495728,97.000000,128.000000,4752057.000000,1.195418,16.000000,2.687101,144.000000,112.432796,9.251604,112.000000,84.000000,60.000000,6.708622,113.023656,0.109058,11.541803,4752057.000000,0.527980,133.213226,4.049347,3.059239,-0.081030,0.940582,0.224964,0.613977,0.224964,0.769128,0.174355,0.887518,0.887518,0.977504,0.943759,-0.277947,0.000000,0.224964,1.967344,0.383507,2.000484,0.595065,3.934688,1.775521,0.291386,3.690155,61.500000,0.165323,1.000000,4.191467,196.408602,0.306423,4.327957,49.645161,197.118280,16.731481,0.341249,0.040617,0.204705,0.013475,69.100000,0.383889,0.482222,5.033333,34.266667,136.988889,10.635494,0.343519,4.410034,28.077778,0.155988,0.483871,17.182222,0.353824,2.110033,0.111544,5.933333,0.395556,0.622222,6.066667,4472.533333,17569.866667,1238.940741,0.325926,2.600000,0.173333,0.179141,0.789828,0.052644,3.373557,0.040323,3857.493333,6.988753,0.028928,0.636133,0.023235,0.068998,0.701353,0.701353,26.163245,371.500000,18.349669,77.012193,0.207301,371.500000,1.270429,0.787136,0.310131,34.173663,0.701353,18.349669,26.163245,24.000000,22.000000,32.557641,32.557641,371.500000,18.349669,1.270429,0.787136,77.012193,0.207301,371.500000
"ebec2674-7674-4f7e-be0f-742c9e30ef96","Detection","nuclei_histiocyte",65.486649,719.870483,54.000000,99.000000,4545702.000000,1.581655,23.000000,2.436552,121.000000,76.090788,13.817330,76.000000,40.000000,81.000000,10.322249,77.903967,0.184889,16.709879,4545702.000000,0.378554,279.220062,6.785966,8.615499,0.276433,1.809297,0.257757,0.750604,0.255642,0.828354,0.192405,0.872532,0.872391,0.984875,0.948942,-0.373700,0.000000,0.253791,2.529443,0.240540,2.540892,0.355078,5.058886,2.276095,0.516764,4.205011,125.293725,0.167281,1.000000,3.692300,283.536716,0.531860,7.096128,47.846462,314.551402,10.066719,0.210559,0.038334,0.334234,0.008100,122.392473,0.329012,0.686756,8.000000,30.854839,198.994624,6.293944,0.210181,4.759534,57.973118,0.155842,0.496662,14.639062,0.303031,2.821110,0.058554,6.052632,0.318560,1.313019,10.000000,8970.157895,61141.947368,1580.956871,0.257675,2.473684,0.130194,0.289073,3.371376,0.072239,3.892407,0.025367,7416.138504,7.020462,0.017103,1.310270,0.020562,0.082224,0.586990,0.586990,40.455168,749.000000,23.746761,110.426407,0.147432,749.000000,1.295550,0.771873,0.364164,47.119122,0.586990,23.746761,40.455168,25.000000,39.000000,46.324939,46.324939,749.000000,23.746761,1.295550,0.771873,110.426407,0.147432,749.000000
"ba73d4a5-e8dc-458e-9bae-87840cc9ddeb","Detection","nuclei_lymphocyte",194.203033,717.016357,51.000000,84.000000,1945755.000000,1.330473,20.000000,4.811568,128.000000,66.807229,11.590420,65.000000,35.000000,93.000000,8.009243,68.473106,1.026735,15.012010,1945755.000000,0.510582,225.360430,4.833872,5.571258,0.780115,1.063880,0.318035,0.539719,0.276665,0.921915,0.241492,0.868078,0.865805,0.988162,0.954840,-0.216098,0.000000,0.245044,2.155785,0.383978,2.173617,0.598578,4.311571,1.839947,0.345479,3.642335,71.298795,0.171804,1.000000,5.564604,211.891566,0.418325,5.354217,48.238554,212.110843,13.162839,0.267491,0.060937,0.678105,0.010428,74.519651,0.325413,0.784234,7.467249,29.275109,129.406114,7.580985,0.241526,4.260654,51.759825,0.226025,0.551807,16.138441,0.481713,4.882177,0.078413,6.833333,0.284722,1.289931,12.125000,3383.708333,13879.583333,847.531042,0.202917,4.250000,0.177083,0.389920,7.126305,0.025242,3.569774,0.057831,3084.706597,2.862339,0.027233,2.578093,0.010719,0.284375,0.807623,0.807623,25.696917,417.000000,20.753423,78.769553,0.188896,417.000000,1.184052,0.844557,0.336530,40.239201,0.807623,20.753423,25.696917,22.000000,25.000000,33.301652,33.301652,417.000000,20.753423,1.184052,0.844557,78.769553,0.188896,417.000000
"566d8aaf-c55b-46ce-95d2-373a89b10eeb","Detection","nuclei_histiocyte",21.010248,723.674500,52.000000,121.000000,2390481.000000,1.959847,35.000000,2.803821,149.000000,79.791789,20.515785,74.000000,36.000000,113.000000,15.212127,83.726986,0.762277,25.366881,2390481.000000,0.303343,643.478642,7.581470,30.798879,3.844854,3.317260,0.336262,0.815925,0.323482,0.946310,0.231621,0.840389,0.839537,0.987169,0.946391,-0.405638,0.000000,0.312300,2.614617,0.196286,3.007137,0.379393,5.229233,2.654488,0.913381,4.287756,50.818182,0.149027,1.000000,4.466061,103.439883,1.037642,8.395894,40.642229,252.249267,9.888029,0.217706,0.051535,0.650185,0.007961,49.794258,0.238250,1.302626,11.124402,21.741627,154.784689,4.637142,0.183531,4.354735,43.583732,0.208535,0.612903,11.093427,0.432327,6.621639,0.047559,3.666667,0.244444,1.706667,13.266667,2159.533333,12645.266667,461.295074,0.210204,1.933333,0.128889,0.149591,1.793670,0.016799,3.773557,0.043988,1642.728889,2.875919,0.040774,2.467918,0.030082,0.315627,0.503994,0.503994,29.665035,341.500000,14.950985,76.526912,0.224091,341.500000,1.364671,0.732778,0.287802,29.430065,0.503994,14.950985,29.665035,16.000000,29.000000,33.120990,33.120990,341.500000,14.950985,1.364671,0.732778,76.526912,0.224091,341.500000
"c95f602f-3b0c-4a1e-a868-c505331ab9ff","Detection","nuclei_tumor",487.559723,730.850098,91.000000,138.000000,4983732.000000,1.468235,20.000000,2.889589,151.000000,114.327078,13.255971,115.000000,68.000000,83.000000,8.768202,115.590708,-0.144751,17.044973,4983732.000000,0.425770,290.531090,9.677256,7.191855,-0.275852,1.566858,0.195668,0.777969,0.195668,0.713179,0.157382,0.902166,0.902166,0.992474,0.967389,-0.438394,0.000000,0.195668,3.055235,0.310858,2.269470,0.508303,6.110469,2.073802,0.440631,3.970092,73.305630,0.196530,1.000000,4.331721,158.812332,0.450129,9.906166,52.957105,516.093834,6.432892,0.128491,0.039699,0.496333,0.004930,55.144578,0.332196,0.691719,10.391566,38.783133,377.240964,4.513514,0.143199,4.765168,23.927711,0.144143,0.445040,18.587313,0.351241,4.068586,0.052019,3.307692,0.254438,1.313609,12.769231,4082.076923,38829.461538,455.349103,0.171218,1.615385,0.124260,0.287106,5.578161,0.024407,3.392747,0.034853,3258.828402,1.566788,0.036027,2.083024,0.009145,0.324066,0.854054,0.854054,23.651245,372.500000,20.199452,76.183766,0.204520,372.500000,1.239906,0.806513,0.316051,35.490949,0.854054,20.199452,23.651245,21.000000,24.000000,31.890437,31.890437,372.500000,20.199452,1.239906,0.806513,76.183766,0.204520,372.500000
"2c0bdd1c-9062-43c2-9f41-47c49b924ec2","Detection","nuclei_stroma",301.334778,727.621765,77.000000,131.000000,1358289.000000,1.763701,31.000000,2.226052,144.000000,106.947826,15.929981,106.000000,66.000000,78.000000,12.306039,108.679385,-0.168159,19.322815,1358289.000000,0.322344,373.371191,8.095000,13.002744,-1.027446,2.264244,0.437500,0.676135,0.432500,1.007977,0.250444,0.784583,0.784250,0.974353,0.913667,-0.260717,0.000000,0.428125,2.763750,0.148331,3.020855,0.270000,5.527500,2.570344,0.675436,4.163890,20.356522,0.177013,1.000000,2.381399,37.069565,0.711229,8.600000,27.034783,219.052174,5.334481,0.194505,0.059387,0.587688,0.010020,30.960396,0.306539,0.772865,8.960396,7.366337,65.009901,1.303905,0.190800,3.771021,26.663366,0.263994,0.878261,2.180571,0.468101,4.761933,0.071503,2.142857,0.306122,1.265306,9.428571,490.142857,4159.000000,71.405754,0.256944,1.285714,0.183673,0.022965,0.302923,0.004490,2.807355,0.060870,220.244898,1.458817,0.085131,1.986317,0.041228,0.411329,0.781586,0.781586,13.782254,115.000000,10.772017,40.970563,0.356266,115.000000,1.161545,0.860922,0.247409,21.748648,0.781586,10.772017,13.782254,11.000000,13.000000,17.029386,17.029386,115.000000,10.772017,1.161545,0.860922,40.970563,0.356266,115.000000
"85b9f6a6-ca35-43b5-9666-d6fe10f89510","Detection","nuclei_lymphocyte",112.983009,732.727661,42.000000,69.000000,1051068.000000,1.326972,14.000000,8.166968,118.000000,54.562874,9.413998,52.000000,34.000000,84.000000,6.112779,56.097328,1.906110,13.030845,1051068.000000,0.445606,169.802933,2.820325,6.124668,1.044481,1.244279,0.270732,0.642601,0.251220,0.856417,0.207620,0.877642,0.876341,0.984419,0.950407,-0.288794,0.000000,0.234146,1.605285,0.296771,2.147861,0.387805,3.210569,1.879316,0.378753,3.840685,58.724551,0.175822,1.000000,4.529886,148.832335,0.433442,3.194611,47.916168,123.841317,29.608845,0.556865,0.046601,0.277488,0.017548,62.555556,0.365822,0.701207,4.608187,26.865497,68.830409,16.976121,0.438272,4.341558,29.619883,0.173216,0.511976,11.605280,0.403272,2.697414,0.130166,3.181818,0.289256,0.876033,8.818182,3146.909091,7218.090909,2141.042298,0.216540,1.727273,0.157025,0.323223,3.232080,0.043146,3.277613,0.032934,2224.958678,4.948555,0.032232,1.681501,0.017010,0.242737,0.629078,0.629078,26.290815,333.500000,16.538985,72.526912,0.217472,333.500000,1.255141,0.796723,0.304630,32.972091,0.629078,16.538985,26.290815,17.000000,26.000000,31.064449,31.064449,333.500000,16.538985,1.255141,0.796723,72.526912,0.217472,333.500000
"b68c75c8-7cd4-4dfb-8732-8d94caee95e3","Detection","nuclei_tumor",1017.956665,734.905518,68.000000,120.000000,2455776.000000,1.864829,31.000000,2.235452,142.000000,91.733813,17.422545,91.000000,47.000000,95.000000,13.559704,93.987907,0.278831,20.460552,2455776.000000,0.298458,418.634180,10.428144,13.876904,0.295710,2.569229,0.363273,0.752243,0.343313,0.982993,0.245409,0.831670,0.830339,0.986187,0.943256,-0.337816,0.000000,0.325848,3.142715,0.165060,2.975161,0.265469,6.285429,2.573262,0.733126,4.443584,39.683453,0.142746,1.000000,3.940686,82.971223,0.816172,10.996403,37.647482,387.061151,4.870252,0.131081,0.057138,0.885229,0.006881,51.304569,0.260429,1.058105,12.487310,12.568528,133.512690,1.601066,0.127232,4.217229,41.944162,0.212915,0.708633,4.602953,0.422771,6.828325,0.045026,3.833333,0.319444,1.972222,16.666667,1693.500000,18579.416667,185.729815,0.164676,2.000000,0.166667,0.322629,7.374602,0.033409,3.188722,0.043165,1156.805556,1.716795,0.044931,2.891535,0.024598,0.340464,0.433238,0.433238,29.719518,277.000000,12.875622,75.455844,0.272404,277.000000,1.635672,0.611370,0.238433,20.199158,0.433238,12.875622,29.719518,12.000000,31.000000,33.241540,33.241540,277.000000,12.875622,1.635672,0.611370,75.455844,0.272404,277.000000
"604f3b2f-8c85-4caa-8e13-293507ee0039","Detection","nuclei_lymphocyte",94.947365,732.711060,44.000000,107.000000,1634977.000000,1.882310,26.000000,3.696303,140.000000,66.489231,19.388630,57.000000,37.000000,103.000000,12.641212,70.927417,1.281758,24.695762,1634977.000000,0.333775,609.880653,5.180984,40.890554,6.413779,3.307546,0.442869,0.763829,0.391159,1.079039,0.289863,0.812622,0.809591,0.983434,0.936008,-0.316263,0.000000,0.349852,2.113011,0.195144,3.036585,0.378649,4.226022,2.567918,0.937604,4.464943,42.852308,0.131853,1.000000,4.510069,108.476923,1.086731,5.953846,36.667692,152.950769,15.596963,0.383668,0.064794,0.684675,0.015712,54.897872,0.233608,1.554441,8.425532,13.251064,61.114894,5.087378,0.318654,4.393798,55.834043,0.237592,0.723077,5.600543,0.478896,5.787048,0.091322,4.333333,0.240741,1.756173,12.500000,1709.833333,7052.388889,531.824336,0.240370,2.000000,0.111111,0.273166,4.065990,0.022799,3.947703,0.055385,1383.830247,4.268357,0.034053,3.190979,0.035110,0.353989,0.666655,0.666655,25.014456,323.000000,16.676016,69.941125,0.216536,323.000000,1.205183,0.829750,0.311551,34.487330,0.666655,16.676016,25.014456,19.000000,23.000000,29.832868,29.832868,323.000000,16.676016,1.205183,0.829750,69.941125,0.216536,323.000000
"0055f9d3-610f-4aaa-b39e-90878a7ba2ad","Detection","nuclei_tumor",941.454956,743.578430,62.000000,112.000000,6694925.000000,1.755703,25.000000,4.138594,162.000000,85.652023,15.375156,83.000000,46.000000,116.000000,10.489922,87.976120,0.904440,20.088022,6694925.000000,0.350914,403.528623,8.677508,16.970788,1.728841,2.175547,0.320365,0.743288,0.282675,0.929320,0.240460,0.864640,0.862432,0.991517,0.960276,-0.368103,0.000000,0.252567,2.865957,0.235374,2.706856,0.391489,5.731915,2.363080,0.623978,4.199159,143.057803,0.165385,1.000000,4.909972,303.541040,0.731646,9.374566,48.347977,376.988439,7.873462,0.150943,0.055684,0.977252,0.005478,116.352809,0.261467,1.168459,12.667416,32.930337,247.379775,5.520464,0.127375,4.782916,81.606742,0.183386,0.514451,17.816589,0.416938,7.107924,0.039581,9.307692,0.238659,2.023669,19.923077,6019.666667,48085.461538,863.321425,0.108376,8.179487,0.209730,0.460907,12.221573,0.022177,3.982097,0.045087,5527.737015,3.399190,0.015671,3.709480,0.012508,0.214338,0.630249,0.630249,41.973105,863.500000,26.453496,116.325902,0.134714,863.500000,1.247041,0.801898,0.388305,53.573223,0.630249,26.453496,41.973105,27.000000,42.000000,49.929951,49.929951,863.500000,26.453496,1.247041,0.801898,116.325902,0.134714,863.500000
"566f30d1-0bee-4b2e-8ece-ff0b7a5220ce","Detection","nuclei_lymphocyte",867.420532,742.701782,56.000000,87.000000,3638768.000000,1.210667,14.000000,4.607048,126.000000,72.776612,9.480796,73.000000,48.000000,78.000000,6.565177,73.860844,0.766893,12.609087,3638768.000000,0.476656,158.989078,5.991667,2.356613,0.564316,0.943045,0.253175,0.576709,0.247619,0.824933,0.191859,0.877116,0.876746,0.990307,0.958862,-0.236987,0.000000,0.242758,2.412302,0.327152,2.012108,0.487698,4.824603,1.748763,0.299055,3.627295,118.925037,0.178298,1.000000,4.351431,317.929535,0.332258,6.377811,49.323838,275.766117,10.244823,0.193099,0.041681,0.397368,0.006238,134.510703,0.411348,0.461484,7.969419,36.740061,186.678899,8.144273,0.165340,4.305852,55.250765,0.168963,0.490255,20.097654,0.375242,3.633774,0.051920,6.052632,0.318560,1.036011,11.684211,9616.157895,55114.947368,1942.641360,0.160365,3.000000,0.157895,0.339394,5.274319,0.028594,3.642150,0.028486,8383.778393,4.767717,0.015017,2.629066,0.007837,0.166859,0.644838,0.644838,36.457343,665.000000,23.509083,101.740115,0.152993,665.000000,1.238662,0.807323,0.365602,47.491839,0.644838,23.509083,36.457343,25.000000,37.000000,44.654227,44.654227,665.000000,23.509083,1.238662,0.807323,101.740115,0.152993,665.000000
"1a8cea67-31f1-4679-b7d1-34a3bad4e5ad","Detection","nuclei_tumor",373.566864,737.979309,47.000000,107.000000,1614557.000000,2.002061,36.000000,2.827072,145.000000,74.662879,19.233270,71.000000,42.000000,103.000000,14.622353,78.203237,0.663220,23.263722,1614557.000000,0.280045,541.200743,6.490664,30.074817,2.289788,3.372500,0.368257,0.803111,0.351660,0.984395,0.244593,0.826936,0.825830,0.985968,0.941785,-0.387639,0.000000,0.337137,2.395747,0.154838,3.146738,0.298755,4.791494,2.752820,0.935189,4.587721,35.356061,0.133924,1.000000,4.632404,73.931818,0.999770,7.174242,38.219697,204.250000,14.519982,0.297430,0.070581,0.826646,0.010837,52.589474,0.276787,1.005789,9.415789,12.694737,72.263158,4.578374,0.203741,4.218885,45.526316,0.239612,0.719697,4.972188,0.489535,5.898347,0.054509,4.571429,0.326531,1.102041,13.857143,1261.714286,7083.285714,350.849861,0.150060,3.285714,0.234694,0.456407,6.875898,0.031880,2.835238,0.053030,906.122449,2.587587,0.045547,2.803559,0.031883,0.387835,0.692423,0.692423,22.117637,265.500000,15.314769,63.355339,0.238627,265.500000,1.203073,0.831205,0.297040,31.349583,0.692423,15.314769,22.117637,20.000000,19.000000,27.586228,27.586228,265.500000,15.314769,1.203073,0.831205,63.355339,0.238627,265.500000
"74d58722-aec8-4ab6-add4-f3d56e9c5df4","Detection","nuclei_tumor",437.102203,748.213318,51.000000,102.000000,3304825.000000,1.624046,27.000000,2.495339,125.000000,73.153448,15.543835,69.000000,44.000000,81.000000,11.821605,75.484927,0.620455,18.615777,3304825.000000,0.384786,346.547143,6.273941,12.873034,1.803916,2.110698,0.220534,0.810800,0.208564,0.765972,0.177035,0.897713,0.896915,0.991613,0.965524,-0.455648,0.000000,0.198089,2.408610,0.293745,2.447279,0.491252,4.817219,2.205646,0.582808,4.005057,116.351724,0.200606,1.000000,4.119929,223.175862,0.613945,6.667241,52.734483,308.070690,12.641700,0.234779,0.041880,0.422072,0.007437,71.598361,0.293436,0.851166,8.504098,41.286885,229.770492,9.568463,0.220330,4.877600,30.385246,0.124530,0.420690,18.685434,0.310078,3.462789,0.047297,5.117647,0.301038,1.321799,11.411765,6743.294118,33892.058824,1541.809951,0.213137,3.470588,0.204152,0.437459,6.326422,0.041505,3.616875,0.029310,5579.280277,3.103145,0.027616,2.044368,0.012582,0.244421,0.555567,0.555567,36.938543,580.500000,20.521835,101.355339,0.174600,580.500000,1.408255,0.710099,0.320965,36.603021,0.555567,20.521835,36.938543,22.000000,35.000000,41.340053,41.340053,580.500000,20.521835,1.408255,0.710099,101.355339,0.174600,580.500000
"16a01bb9-dac6-430f-8639-d4178f177eee","Detection","nuclei_tumor",258.504639,753.509033,55.000000,100.000000,6313154.000000,1.478962,27.000000,1.997910,120.000000,76.918548,14.335317,78.000000,45.000000,75.000000,11.492489,78.711121,0.141842,16.702624,6313154.000000,0.398883,278.977664,7.184900,6.792260,0.725559,1.696661,0.160760,0.826900,0.160760,0.636125,0.134916,0.919620,0.919620,0.990544,0.967848,-0.514913,0.000000,0.160760,2.607858,0.304383,2.180721,0.398562,5.215716,2.019960,0.464355,3.723449,258.322866,0.253506,1.000000,3.339781,406.462218,0.470580,7.387635,58.309127,406.039254,10.539820,0.182416,0.030567,0.251488,0.006239,117.173410,0.338651,0.664272,8.491329,65.271676,415.387283,12.573579,0.192016,5.136241,35.265896,0.101925,0.339549,30.577533,0.230764,2.084442,0.055455,4.894737,0.257618,1.268698,8.473684,20416.368421,135856.210526,3671.610746,0.312135,3.631579,0.191136,0.390861,3.569139,0.077471,3.642150,0.018646,17540.022161,6.316970,0.017892,0.951499,0.012542,0.085298,0.843968,0.843968,39.718043,1023.500000,33.520743,124.811183,0.121945,1023.500000,1.211182,0.825640,0.414126,60.935105,0.843968,33.520743,39.718043,34.000000,40.000000,52.497619,52.497619,1023.500000,33.520743,1.211182,0.825640,124.811183,0.121945,1023.500000
"cff38acb-65ac-40c0-bf55-3d6d1d167d53","Detection","nuclei_lymphocyte",896.240051,749.573669,50.000000,91.000000,3606455.000000,1.594295,22.000000,3.094757,127.000000,71.713213,13.255057,72.000000,39.000000,88.000000,9.694420,73.587347,0.361496,16.501898,3606455.000000,0.379510,272.312648,6.009535,8.740949,-0.166002,1.801494,0.198649,0.801365,0.194676,0.723026,0.160750,0.903324,0.903059,0.992391,0.967649,-0.463639,0.000000,0.191200,2.368296,0.274460,2.370079,0.401669,4.736591,2.159987,0.500036,3.938834,149.852853,0.225004,1.000000,3.983569,252.753754,0.536710,6.358859,54.423423,315.998498,14.295866,0.252761,0.035317,0.335322,0.006711,83.265152,0.315398,0.753774,7.844697,45.659091,266.901515,11.365728,0.224787,4.898515,32.507576,0.123135,0.396396,20.202479,0.306375,3.458678,0.044827,5.000000,0.294118,1.003460,11.470588,7912.000000,43609.823529,1791.686585,0.163709,2.764706,0.162630,0.267923,4.198878,0.020212,3.499228,0.025526,6377.204152,3.415433,0.023017,2.010285,0.010564,0.219815,0.619948,0.619948,37.054693,666.500000,22.971990,100.669048,0.151041,666.500000,1.209990,0.826453,0.372290,49.245302,0.619948,22.971990,37.054693,23.000000,37.000000,43.566042,43.566042,666.500000,22.971990,1.209990,0.826453,100.669048,0.151041,666.500000
"2172199d-e931-4998-82a4-09aa32472402","Detection","nuclei_histiocyte",9.821078,747.034302,85.000000,112.000000,1290766.000000,1.058857,15.000000,3.254021,129.000000,97.155556,8.863539,95.000000,79.000000,50.000000,6.463623,97.781540,0.820187,11.046613,1290766.000000,0.526914,122.027654,1.858650,1.957004,0.772638,0.766673,0.208861,0.571802,0.208861,0.739299,0.165238,0.895570,0.895570,0.979114,0.947785,-0.242085,0.000000,0.208861,1.311181,0.421013,1.690288,0.609705,2.622363,1.481427,0.243883,3.246161,25.133333,0.186173,1.000000,4.735802,71.133333,0.279506,2.177778,47.711111,73.140741,41.493621,0.730247,0.039446,0.139635,0.019429,32.600000,0.465714,0.340612,3.328571,25.800000,38.800000,22.676984,0.497222,3.459262,14.228571,0.203265,0.518519,10.922449,0.355590,1.608685,0.109777,2.200000,0.440000,0.400000,4.400000,1774.200000,2564.400000,1578.650000,0.372222,1.000000,0.200000,0.075537,0.413179,0.015818,2.321928,0.037037,1045.200000,5.181504,0.080414,0.729224,0.019498,0.283162,0.702928,0.702928,15.761010,136.000000,11.078856,46.627417,0.342849,136.000000,1.272137,0.786079,0.240992,20.635078,0.702928,11.078856,15.761010,12.000000,16.000000,20.000000,20.000000,136.000000,11.078856,1.272137,0.786079,46.627417,0.342849,136.000000
"33ab462a-49b0-444d-9f2a-0e5dbeebbd71","Detection","nuclei_stroma",202.963455,762.190552,37.000000,93.000000,2833976.000000,1.784132,30.000000,2.571897,125.000000,63.430818,17.386169,60.000000,29.000000,96.000000,13.327603,66.752806,0.551976,20.795877,2833976.000000,0.315227,432.468484,4.451368,17.018034,2.028114,2.549957,0.259789,0.815080,0.258105,0.830753,0.193171,0.871228,0.871116,0.990021,0.957023,-0.433546,0.000000,0.256632,1.969474,0.205949,2.693803,0.321684,3.938947,2.429225,0.702437,4.163796,106.210692,0.166998,1.000000,3.980479,200.484277,0.766492,4.963836,46.845912,177.202830,24.777524,0.432049,0.039290,0.321879,0.011884,99.387879,0.301175,0.819109,6.948485,27.848485,95.345455,16.359165,0.288163,4.609540,55.145455,0.167107,0.518868,12.990964,0.343249,3.164543,0.073333,3.714286,0.265306,1.571429,10.571429,7930.428571,29470.785714,3548.762282,0.289067,1.714286,0.122449,0.238837,4.181994,0.030577,3.521641,0.022013,5866.673469,5.375246,0.022124,2.563186,0.018271,0.242168,0.413776,0.413776,45.060293,638.500000,18.644863,117.154329,0.183484,638.500000,1.710590,0.584594,0.284085,28.674718,0.413776,18.644863,45.060293,25.000000,45.000000,51.478151,51.478151,638.500000,18.644863,1.710590,0.584594,117.154329,0.183484,638.500000
"1939dd3d-9370-42cf-bc31-c473b338c5ef","Detection","nuclei_histiocyte",64.982872,754.425049,78.000000,111.000000,2527831.000000,1.121359,19.000000,2.176975,123.000000,95.130909,10.006797,96.000000,68.000000,55.000000,7.971493,95.875506,-0.031029,11.925723,2527831.000000,0.498420,142.222863,5.534205,1.762798,0.230452,0.909732,0.189135,0.655764,0.189135,0.699658,0.153363,0.905433,0.905433,0.981087,0.952716,-0.329189,0.000000,0.189135,2.313883,0.367791,1.842232,0.532193,4.627767,1.653097,0.274717,3.687079,49.981818,0.181752,1.000000,4.228179,137.065455,0.283160,5.767273,51.312727,285.941818,10.829192,0.220303,0.037847,0.218066,0.012012,54.444444,0.432099,0.401109,6.222222,33.063492,179.476190,7.112875,0.241182,4.254334,17.507937,0.138952,0.458182,14.009574,0.323952,2.202936,0.088124,3.222222,0.358025,0.765432,5.222222,3673.000000,18794.222222,806.521605,0.438272,1.888889,0.209877,0.204011,0.667184,0.150693,2.947703,0.032727,2739.358025,5.024545,0.042493,0.667858,0.018398,0.119395,0.465353,0.465353,27.601932,272.500000,12.844633,72.526912,0.266154,272.500000,1.536109,0.650996,0.248910,22.013436,0.465353,12.844633,27.601932,17.000000,25.000000,30.232433,30.232433,272.500000,12.844633,1.536109,0.650996,72.526912,0.266154,272.500000
"ccbeeef8-2f94-47f2-bbad-94aa4b322921","Detection","nuclei_stroma",297.917603,756.893982,48.000000,86.000000,1965691.000000,1.494927,20.000000,3.444484,124.000000,68.066667,11.693169,68.000000,39.000000,85.000000,8.523324,69.667482,0.501835,14.848802,1965691.000000,0.418686,220.486914,4.975643,7.008346,0.358332,1.503131,0.263194,0.701987,0.261840,0.835286,0.194633,0.869305,0.869215,0.984542,0.947677,-0.330759,0.000000,0.260656,2.160014,0.278139,2.418737,0.477673,4.320027,2.151249,0.441581,4.060952,61.883951,0.152800,1.000000,3.813772,169.567901,0.471306,5.387654,44.679012,207.916049,14.110494,0.296433,0.040578,0.282118,0.010230,81.372294,0.352261,0.610221,6.571429,19.818182,91.783550,6.037398,0.263709,4.370899,37.683983,0.163134,0.570370,7.522685,0.333916,2.797151,0.069937,2.818182,0.256198,1.140496,8.090909,3796.818182,18258.727273,962.950758,0.297348,1.000000,0.090909,0.132419,0.972121,0.026519,3.459432,0.027160,2441.239669,4.823266,0.027405,1.451432,0.019641,0.142300,0.415430,0.415430,38.133655,402.500000,15.841848,98.325902,0.244288,402.500000,1.911438,0.523166,0.232910,19.274376,0.415430,15.841848,38.133655,20.000000,39.000000,43.829214,43.829214,402.500000,15.841848,1.911438,0.523166,98.325902,0.244288,402.500000
"965e6c20-b738-4ef8-94bb-c2cc4bcdc2f1","Detection","nuclei_tumor",667.467407,761.793884,59.000000,99.000000,7465744.000000,1.515157,17.000000,4.830526,151.000000,79.232925,11.814726,78.000000,45.000000,106.000000,7.600993,80.854370,0.850383,16.111261,7465744.000000,0.413207,259.572716,7.456934,8.133573,0.359746,1.547814,0.240119,0.731401,0.224126,0.801328,0.189886,0.890488,0.889536,0.993584,0.968262,-0.382282,0.000000,0.211211,2.670208,0.293394,2.340160,0.438428,5.340416,2.082221,0.446983,3.935791,233.138354,0.204149,1.000000,4.448309,471.882662,0.498195,7.866900,53.521891,382.360771,9.432382,0.172992,0.042974,0.492501,0.006268,150.342742,0.303110,0.860785,9.921371,40.975806,287.758065,7.221577,0.159393,4.940252,76.173387,0.153575,0.434326,19.771267,0.378195,5.023658,0.044783,9.176471,0.269896,1.720588,13.970588,14428.529412,111483.411765,2133.767859,0.147279,7.058824,0.207612,0.427105,6.533624,0.053184,4.091160,0.029772,13300.359862,4.250045,0.011507,3.527980,0.007355,0.191302,0.660206,0.660206,46.969649,1141.000000,31.009634,131.053824,0.114859,1141.000000,1.197854,0.834826,0.429078,65.414582,0.660206,31.009634,46.969649,35.000000,44.000000,56.222771,56.222771,1141.000000,31.009634,1.197854,0.834826,131.053824,0.114859,1141.000000
"1bf52554-3f5c-4b29-8a14-8539810cae90","Detection","nuclei_tumor",523.801331,761.604858,68.000000,112.000000,6665101.000000,1.605437,30.000000,1.979288,141.000000,92.350993,14.964344,95.000000,53.000000,88.000000,11.924888,93.957162,-0.217585,17.298623,6665101.000000,0.346906,299.242367,5.346760,9.339886,-1.072261,2.258274,0.203503,0.834670,0.202802,0.730523,0.162374,0.898716,0.898669,0.988042,0.959463,-0.476826,0.000000,0.202189,2.198424,0.233875,2.416504,0.344308,4.396848,2.210191,0.615444,4.139194,145.143046,0.192242,1.000000,3.559254,261.913907,0.625664,5.541722,53.005298,292.055629,19.398896,0.353532,0.037143,0.254542,0.010555,108.082803,0.344213,0.618169,5.716561,39.286624,222.394904,14.889375,0.324664,4.917585,35.350318,0.112581,0.415894,16.160940,0.262975,1.812062,0.073160,4.875000,0.304688,0.812500,8.375000,9748.312500,62300.500000,2910.521701,0.206597,3.750000,0.234375,0.474083,4.573087,0.065246,3.452820,0.021192,7521.652344,6.203182,0.019694,1.206022,0.020879,0.103490,0.647775,0.647775,39.176310,757.500000,25.377425,113.840620,0.150285,757.500000,1.361451,0.734510,0.351853,43.987156,0.647775,25.377425,39.176310,27.000000,38.000000,46.615448,46.615448,757.500000,25.377425,1.361451,0.734510,113.840620,0.150285,757.500000
"8888d307-0d32-4b49-87b0-aa80a8c9d997","Detection","nuclei_tumor",405.538086,764.037964,79.000000,115.000000,6148825.000000,1.312958,16.000000,3.150235,135.000000,100.214642,10.752135,103.000000,63.000000,72.000000,7.361266,101.148356,-0.713990,13.711874,6148825.000000,0.467576,188.015493,6.726631,6.446389,-1.635889,1.436043,0.199735,0.755792,0.199735,0.721399,0.159841,0.900132,0.900132,0.988251,0.960053,-0.395999,0.000000,0.199735,2.533289,0.329050,2.093182,0.507937,5.066578,1.893447,0.408945,3.787950,118.890183,0.197821,1.000000,3.436009,281.013311,0.409373,6.966722,52.996672,373.722130,11.160427,0.215012,0.033204,0.283293,0.006265,98.878543,0.400318,0.491731,6.914980,40.364372,293.676113,7.782051,0.222588,4.705103,28.789474,0.116557,0.410982,16.682555,0.252725,2.053181,0.048449,4.846154,0.372781,1.100592,8.769231,12340.846154,99391.769231,1781.918803,0.224893,1.769231,0.136095,0.289990,4.262391,0.024054,3.180833,0.021631,10203.562130,4.093060,0.020970,1.225613,0.013601,0.111054,0.887163,0.887163,29.481017,601.500000,26.154454,93.355339,0.155204,601.500000,1.153009,0.867296,0.376229,50.292839,0.887163,26.154454,29.481017,26.000000,28.000000,38.209946,38.209946,601.500000,26.154454,1.153009,0.867296,93.355339,0.155204,601.500000
"39319492-4606-4850-b68c-42f6be49ed0f","Detection","nuclei_lymphocyte",119.676102,767.511963,37.000000,72.000000,805337.000000,1.319669,23.000000,2.287977,88.000000,53.518939,11.596132,52.000000,31.000000,57.000000,9.214237,55.231503,0.440989,13.647053,805337.000000,0.430814,186.242066,2.761707,3.419323,0.582614,1.237618,0.197711,0.724508,0.197711,0.717326,0.158621,0.901145,0.901145,0.980229,0.950572,-0.383593,0.000000,0.197711,1.581686,0.312595,2.037691,0.406868,3.163371,1.839980,0.358832,3.665687,54.507576,0.206468,1.000000,4.300448,113.734848,0.389448,3.079545,51.098485,128.003788,33.214752,0.568497,0.039859,0.205472,0.014897,50.748031,0.399591,0.456445,4.393701,32.314961,78.141732,21.698163,0.396544,4.159381,20.322835,0.160022,0.481061,15.030318,0.375698,2.279248,0.088702,3.000000,0.500000,0.583333,6.833333,4961.333333,13269.833333,2918.097222,0.282407,1.333333,0.222222,0.337080,3.033572,0.037466,2.251629,0.022727,3025.333333,7.149413,0.048333,0.587390,0.026497,0.132016,0.591722,0.591722,23.961358,265.000000,14.178470,66.769553,0.251961,265.000000,1.338755,0.746963,0.274033,26.681407,0.591722,14.178470,23.961358,19.000000,22.000000,29.068884,29.068884,265.000000,14.178470,1.338755,0.746963,66.769553,0.251961,265.000000
"6be653e2-f74c-4bde-9469-9ca134dbbed9","Detection","nuclei_tumor",985.430725,774.609558,63.000000,110.000000,7596589.000000,1.608305,24.000000,2.759358,142.000000,86.057868,13.970551,85.000000,48.000000,94.000000,9.891177,87.819548,0.150907,17.501898,7596589.000000,0.376497,306.316448,9.024987,9.004209,0.167662,1.834454,0.200957,0.802539,0.200425,0.725170,0.160787,0.899876,0.899841,0.992275,0.966608,-0.458170,0.000000,0.199960,2.935407,0.272631,2.399638,0.451090,5.870813,2.196703,0.508853,3.993616,204.496447,0.207611,1.000000,3.705745,370.849746,0.547959,9.450761,54.252792,473.714721,7.791470,0.140633,0.033459,0.445856,0.003910,123.523929,0.311143,0.778877,11.239295,42.906801,370.015113,6.113310,0.132412,5.067653,45.569270,0.114784,0.403046,18.283207,0.276292,4.044579,0.029235,5.777778,0.320988,1.385802,16.944444,19566.055556,173461.833333,2515.059923,0.129367,2.666667,0.148148,0.333576,7.827658,0.015951,3.149673,0.018274,16571.533951,4.257550,0.015105,1.989534,0.010933,0.129663,0.692725,0.692725,42.604330,984.000000,29.513093,122.568542,0.124562,984.000000,1.214935,0.823089,0.409121,59.471036,0.692725,29.513093,42.604330,35.000000,38.000000,51.662365,51.662365,984.000000,29.513093,1.214935,0.823089,122.568542,0.124562,984.000000
"0d762a3c-e2a6-4eb6-b75b-5060aad2dd53","Detection","nuclei_tumor",800.308655,777.259644,66.000000,92.000000,2887762.000000,0.989471,14.000000,2.355406,101.000000,79.193833,7.850938,79.000000,59.000000,42.000000,6.100454,79.754055,0.006528,9.436426,2887762.000000,0.541608,89.046129,2.869308,1.072979,-0.358090,0.812296,0.153755,0.681683,0.153755,0.619158,0.130115,0.923122,0.923122,0.984624,0.961561,-0.368182,0.000000,0.153755,1.644589,0.402879,1.622740,0.555293,3.289178,1.468985,0.241513,3.329353,102.942731,0.226746,1.000000,2.925227,245.889868,0.238104,3.033040,56.273128,166.557269,28.726566,0.501530,0.028128,0.115690,0.012356,82.354037,0.511516,0.285560,3.267081,51.155280,147.577640,27.118703,0.481539,4.472435,16.018634,0.099495,0.354626,19.348482,0.166735,0.683887,0.080581,2.200000,0.440000,0.640000,6.400000,22324.800000,75259.800000,9092.383333,0.316667,1.400000,0.280000,0.450011,4.050018,0.050009,1.921928,0.011013,14080.160000,6.293487,0.030987,0.550080,0.011818,0.089860,0.599106,0.599106,31.155441,452.500000,18.665403,85.355339,0.188631,452.500000,1.281247,0.780489,0.323741,37.238953,0.599106,18.665403,31.155441,19.000000,31.000000,36.359318,36.359318,452.500000,18.665403,1.281247,0.780489,85.355339,0.188631,452.500000
"d0c34a46-4509-4a61-9033-d2853242216c","Detection","nuclei_histiocyte",38.595886,771.353882,57.000000,98.000000,1731110.000000,1.425082,26.000000,2.611756,125.000000,77.342960,13.495315,76.000000,48.000000,77.000000,10.157432,79.053745,0.381723,16.357294,1731110.000000,0.419359,267.561079,6.818002,5.505466,0.770062,1.406559,0.234421,0.714291,0.234421,0.785639,0.179468,0.882789,0.882789,0.990984,0.960930,-0.352615,0.000000,0.234421,2.554402,0.281083,2.280968,0.385757,5.108803,2.046547,0.410245,3.977077,45.361011,0.163758,1.000000,3.859506,116.162455,0.434360,7.209386,47.267148,312.010830,8.730540,0.182355,0.048748,0.489157,0.010308,49.733813,0.357797,0.633715,8.345324,27.179856,170.071942,5.264864,0.184428,4.509748,19.820144,0.142591,0.501805,11.294757,0.303578,3.039005,0.063491,2.636364,0.239669,1.636364,10.636364,2715.909091,18428.090909,472.330657,0.273838,2.818182,0.256198,0.472225,6.205100,0.126853,3.277613,0.039711,2081.785124,1.681452,0.041061,2.463518,0.010143,0.400745,0.636458,0.636458,23.682373,275.500000,15.072830,66.526912,0.241477,275.500000,1.278390,0.782234,0.286451,29.154358,0.636458,15.072830,23.682373,15.000000,24.000000,28.301943,28.301943,275.500000,15.072830,1.278390,0.782234,66.526912,0.241477,275.500000
"5df5299e-83c9-4cbb-a3d7-f83100cc96a0","Detection","nuclei_tumor",572.778809,785.351501,53.000000,102.000000,9293839.000000,1.770415,23.000000,3.041577,136.000000,79.850649,14.226842,79.000000,37.000000,99.000000,9.799647,81.887188,0.100947,18.148976,9293839.000000,0.349392,329.385342,7.610736,16.279369,-0.859474,2.348252,0.287725,0.781694,0.275713,0.882578,0.211707,0.864145,0.863345,0.989029,0.954334,-0.397028,0.000000,0.265203,2.663758,0.219349,2.768593,0.388138,5.327515,2.458707,0.658994,4.387689,219.366522,0.158273,1.000000,4.104084,484.256854,0.698929,8.011544,47.858586,346.486291,10.923561,0.213955,0.045847,0.509256,0.007081,208.414365,0.287865,0.915423,9.808011,25.767956,188.740331,5.685568,0.178907,4.823155,113.408840,0.156642,0.522367,11.108788,0.359689,4.704730,0.042943,13.095238,0.311791,1.009637,13.595238,13799.904762,108441.809524,2175.598062,0.122116,7.952381,0.189342,0.431392,5.989278,0.039230,4.016736,0.030303,12710.904762,8.254522,0.009145,2.409804,0.018135,0.077481,0.599816,0.599816,54.473972,1386.500000,32.674333,148.610173,0.107184,1386.500000,1.267557,0.788919,0.431790,66.243993,0.599816,32.674333,54.473972,41.000000,50.000000,64.660653,64.660653,1386.500000,32.674333,1.267557,0.788919,148.610173,0.107184,1386.500000
"23a2552f-b517-4f8a-89e0-837e34657746","Detection","nuclei_lymphocyte",86.691917,774.430908,46.000000,98.000000,2571792.000000,1.806399,26.000000,2.981826,129.000000,69.755102,15.554352,68.000000,33.000000,96.000000,11.170913,72.446912,0.588481,19.564786,2571792.000000,0.327497,382.780841,5.478498,15.134340,1.153216,2.361355,0.309744,0.768077,0.302123,0.908651,0.218466,0.850209,0.849701,0.988147,0.949828,-0.371493,0.000000,0.295455,2.228361,0.202138,2.816802,0.372346,4.456723,2.489409,0.667775,4.421205,68.877551,0.140566,1.000000,4.319517,160.473469,0.750392,6.059184,43.522449,211.916327,15.396022,0.317790,0.051298,0.568880,0.010551,78.554795,0.269023,1.006134,7.941781,19.952055,105.767123,6.487361,0.265186,4.546780,54.808219,0.187699,0.595918,8.688215,0.414289,4.518496,0.077251,4.500000,0.281250,1.500000,13.750000,4675.125000,23420.562500,1286.629028,0.196302,3.125000,0.195313,0.416230,8.187949,0.024994,3.405639,0.032653,3737.234375,4.076314,0.024877,2.816852,0.021398,0.231502,0.872609,0.872609,26.860172,488.500000,23.438421,85.012193,0.174027,488.500000,1.177302,0.849399,0.351615,43.927637,0.872609,23.438421,26.860172,24.000000,26.000000,35.383612,35.383612,488.500000,23.438421,1.177302,0.849399,85.012193,0.174027,488.500000
"b6b6b1d9-591a-4a6f-bdd3-e370d5970019","Detection","nuclei_tumor",316.105591,781.912415,65.000000,88.000000,3438092.000000,1.106621,11.000000,3.449188,107.000000,76.274914,7.267522,76.000000,48.000000,59.000000,4.859907,76.859447,0.134827,9.461081,3438092.000000,0.492613,89.512051,6.680753,1.196636,-0.121041,0.872816,0.208085,0.614979,0.208085,0.737805,0.164785,0.895958,0.895958,0.987760,0.958383,-0.284335,0.000000,0.208085,2.552366,0.334332,1.858319,0.439596,5.104731,1.650235,0.270225,3.683849,107.158076,0.184120,1.000000,4.080195,286.701031,0.277276,6.955326,52.027491,349.903780,9.080828,0.172203,0.043912,0.388896,0.007256,116.767442,0.452587,0.366865,7.519380,38.930233,259.844961,6.864772,0.169035,4.432556,36.031008,0.139655,0.443299,18.575446,0.336610,2.842041,0.057466,6.058824,0.356401,1.044983,9.352941,9227.294118,67603.176471,1454.455065,0.200572,5.000000,0.294118,0.539936,6.560075,0.076172,2.939829,0.029210,8055.238754,4.726906,0.018171,1.388130,0.009582,0.101715,0.447836,0.447836,41.101880,584.000000,18.406914,103.597980,0.177394,584.000000,1.462446,0.683786,0.312472,34.691590,0.447836,18.406914,41.101880,19.000000,40.000000,44.283180,44.283180,584.000000,18.406914,1.462446,0.683786,103.597980,0.177394,584.000000
"727204e9-378d-4beb-8fe2-f98c8b0370d3","Detection","nuclei_tumor",765.884155,795.529480,78.000000,108.000000,12394570.000000,1.296415,14.000000,4.332324,127.000000,93.391242,9.764605,95.000000,50.000000,77.000000,6.041623,94.327902,-0.950819,13.260052,12394570.000000,0.458422,175.828983,5.273727,4.205841,-0.283531,1.242198,0.190565,0.733989,0.189446,0.704641,0.154675,0.905463,0.905389,0.988810,0.962148,-0.405025,0.000000,0.188467,2.238486,0.322900,2.065149,0.495059,4.476972,1.869651,0.358191,3.758143,315.526920,0.226509,1.000000,3.550635,638.582197,0.358504,5.371859,56.048098,293.317301,15.236869,0.270011,0.032100,0.193147,0.008919,222.962335,0.419891,0.416852,5.747646,50.640301,263.661017,13.271553,0.265327,4.904986,60.653484,0.114225,0.381192,23.112395,0.285340,1.790218,0.071075,7.000000,0.318182,0.878099,6.681818,36247.954545,173491.136364,8541.354167,0.340278,4.181818,0.190083,0.422951,3.184229,0.139059,3.788755,0.015793,32238.762397,12.112880,0.009388,1.180375,0.010884,0.052860,0.697965,0.697965,50.627360,1397.000000,35.336129,145.539105,0.104180,1397.000000,1.206572,0.828795,0.448902,71.598856,0.697965,35.336129,50.627360,41.000000,47.000000,62.369865,62.369865,1397.000000,35.336129,1.206572,0.828795,145.539105,0.104180,1397.000000
"4ca27404-5961-4ad0-a62d-eb4d2868cd43","Detection","nuclei_histiocyte",122.129097,790.355896,35.000000,69.000000,2182567.000000,1.229680,16.000000,5.056679,114.000000,49.292067,10.716046,45.000000,31.000000,83.000000,7.217177,51.217943,1.366159,13.912934,2182567.000000,0.490896,193.569745,2.156339,5.349143,1.544202,1.146257,0.200508,0.702237,0.194789,0.726939,0.162566,0.903559,0.903178,0.988306,0.961233,-0.351378,0.000000,0.189784,1.385605,0.401179,1.858187,0.590721,2.771211,1.647862,0.336691,3.232899,210.831731,0.253404,1.000000,4.614639,408.425481,0.398385,2.485577,55.209135,95.223558,45.804279,0.709610,0.039020,0.208726,0.016002,116.583596,0.367772,0.565873,4.391167,66.643533,104.990536,58.366588,0.431629,4.483093,50.930599,0.160664,0.381010,39.089313,0.390866,2.549832,0.087028,7.266667,0.484444,0.515556,8.733333,22504.000000,36142.266667,19140.435648,0.182407,3.133333,0.208889,0.447478,4.189796,0.055536,3.240224,0.018029,19427.448889,12.181854,0.018223,1.265446,0.011870,0.148563,0.734682,0.734682,39.435060,834.000000,28.972232,123.254834,0.147788,834.000000,1.449546,0.689871,0.343863,42.011926,0.734682,28.972232,39.435060,35.000000,29.000000,45.453273,45.453273,834.000000,28.972232,1.449546,0.689871,123.254834,0.147788,834.000000
"8160e880-294b-487f-ac25-1a5a3cfd8971","Detection","nuclei_lymphocyte",14.729487,792.003418,40.000000,95.000000,1671452.000000,1.798181,28.000000,3.598093,135.000000,61.846547,16.721699,57.000000,29.000000,106.000000,11.474956,65.382056,1.038993,21.208910,1671452.000000,0.325004,449.817884,4.064917,19.892798,3.078543,2.479396,0.396409,0.724315,0.342541,1.032323,0.279074,0.837707,0.834116,0.985182,0.944192,-0.316401,0.000000,0.295407,1.882597,0.202563,2.845129,0.314227,3.765193,2.410659,0.718951,4.312545,54.718670,0.139945,1.000000,5.271446,127.076726,0.843754,4.782609,42.104859,134.951407,24.077087,0.466260,0.066684,0.720443,0.014635,67.879377,0.264122,1.074051,7.178988,15.968872,53.626459,9.202944,0.317622,4.297874,59.988327,0.233418,0.657289,6.710230,0.480879,4.863220,0.077700,6.200000,0.310000,0.950000,13.200000,2304.050000,6972.300000,1221.116764,0.134819,4.100000,0.205000,0.426811,7.695711,0.026659,3.584184,0.051151,1921.847500,4.047166,0.033780,2.874928,0.023441,0.356691,0.580641,0.580641,29.364339,390.000000,17.050138,79.112698,0.202853,390.000000,1.277079,0.783037,0.312695,34.741054,0.580641,17.050138,29.364339,17.000000,29.000000,33.615473,33.615473,390.000000,17.050138,1.277079,0.783037,79.112698,0.202853,390.000000
"a47bf0f1-9892-4a7d-affb-cc9b1812a235","Detection","nuclei_histiocyte",161.712051,811.010498,54.000000,98.000000,5799849.000000,1.478191,22.000000,2.861521,124.000000,73.094175,13.702430,70.000000,42.000000,82.000000,9.842468,75.039465,0.698261,16.975364,5799849.000000,0.421761,288.162976,6.269854,8.885383,1.588657,1.708700,0.220766,0.771164,0.219738,0.763979,0.172481,0.890302,0.890234,0.987032,0.956087,-0.399875,0.000000,0.218838,2.428553,0.304133,2.316693,0.496016,4.857106,2.092270,0.482366,3.976500,193.227184,0.187599,1.000000,4.055824,434.413592,0.502861,6.560194,51.652427,309.235922,11.257868,0.215635,0.040278,0.342412,0.008475,157.685225,0.337656,0.654293,7.773019,39.126338,215.580300,8.764186,0.211307,4.808923,66.862955,0.143175,0.453398,19.668227,0.333867,3.099352,0.068207,7.846154,0.301775,1.301775,9.846154,16464.000000,86026.269231,3595.279647,0.277511,5.384615,0.207101,0.419287,4.504047,0.087415,3.873141,0.025243,14894.621302,9.923216,0.013162,1.212213,0.017612,0.064844,0.305670,0.305670,66.664150,1032.000000,20.377219,159.195959,0.154260,1032.000000,1.954225,0.511712,0.289872,29.854902,0.305670,20.377219,66.664150,34.000000,62.000000,70.710678,70.710678,1032.000000,20.377219,1.954225,0.511712,159.195959,0.154260,1032.000000
"9ba8c6b0-8902-458d-9685-d5cd14d5cde7","Detection","nuclei_histiocyte",225.907425,804.179932,78.000000,115.000000,7924932.000000,1.391570,19.000000,3.078328,132.000000,96.768116,11.458622,97.000000,53.000000,79.000000,8.167351,97.832377,-0.393861,14.391166,7924932.000000,0.423271,207.105650,5.909265,5.416392,-0.506619,1.406585,0.251194,0.696951,0.249284,0.817656,0.189052,0.875677,0.875549,0.985258,0.950207,-0.333769,0.000000,0.247612,2.370742,0.262343,2.330966,0.372811,4.741484,2.073035,0.414445,4.063509,137.405797,0.165949,1.000000,3.416562,350.468599,0.411567,6.118357,48.345411,287.309179,11.822690,0.242208,0.032758,0.225175,0.007304,163.199005,0.405968,0.460657,6.427861,26.323383,158.164179,6.170674,0.238322,4.572761,53.179104,0.132286,0.485507,9.353902,0.276446,1.997129,0.058642,5.571429,0.397959,0.596939,8.357143,13187.142857,76105.285714,2826.230655,0.197421,1.857143,0.132653,0.146264,1.731839,0.015244,3.467720,0.016908,9689.265306,8.390279,0.012830,1.453618,0.015970,0.069466,0.601104,0.601104,42.594911,830.000000,25.603985,116.911688,0.140857,830.000000,1.310472,0.763084,0.370439,48.756752,0.601104,25.603985,42.594911,28.000000,41.000000,49.648766,49.648766,830.000000,25.603985,1.310472,0.763084,116.911688,0.140857,830.000000
"0a330166-884a-4bcd-9206-0a7b65226958","Detection","nuclei_lymphocyte",903.148804,799.053528,45.000000,78.000000,2192905.000000,1.301298,17.000000,3.581981,111.000000,60.122414,10.066534,59.000000,35.000000,76.000000,6.993234,61.488785,0.719293,12.890541,2192905.000000,0.489822,166.166049,3.821053,4.241958,0.060088,1.141700,0.196796,0.705944,0.194050,0.718806,0.159141,0.903432,0.903249,0.988472,0.961281,-0.370754,0.000000,0.191648,1.893364,0.368251,2.039110,0.571167,3.786728,1.836764,0.334624,3.666990,127.789655,0.220327,1.000000,4.058668,284.096552,0.360761,4.089655,54.224138,200.624138,21.523204,0.388745,0.035031,0.222778,0.010997,84.274262,0.355588,0.587014,5.181435,43.814346,164.936709,15.865272,0.356511,4.736529,30.198312,0.127419,0.408621,19.858071,0.321795,2.255979,0.085422,4.166667,0.347222,0.972222,9.000000,12764.500000,49722.666667,3644.512731,0.258681,1.666667,0.138889,0.273720,3.775608,0.021339,3.251629,0.020690,10428.388889,5.711993,0.021771,1.295549,0.011913,0.134670,0.763350,0.763350,31.236715,582.500000,23.844536,93.497475,0.160511,582.500000,1.194246,0.837348,0.363514,46.950972,0.763350,23.844536,31.236715,32.000000,25.000000,40.607881,40.607881,582.500000,23.844536,1.194246,0.837348,93.497475,0.160511,582.500000
"a3f95266-721e-46ba-ad40-1c1d432468cb","Detection","nuclei_lymphocyte",51.714027,805.275208,38.000000,91.000000,1060924.000000,1.693243,22.000000,5.309931,138.000000,57.884892,15.910978,53.000000,32.000000,106.000000,10.507233,61.775994,1.559644,21.578059,1060924.000000,0.363154,465.612649,3.350842,24.294898,4.256084,2.291417,0.444004,0.675367,0.344896,1.073929,0.325051,0.843327,0.837463,0.983812,0.944824,-0.301861,0.000000,0.265197,1.699703,0.249023,2.630035,0.392468,3.399405,2.222888,0.683855,3.976097,44.884892,0.161456,1.000000,6.538016,100.956835,0.859738,4.172662,43.669065,102.395683,30.517914,0.544928,0.089882,1.063791,0.018374,47.057143,0.268898,1.219592,7.257143,22.617143,56.285714,15.811533,0.324538,4.059509,52.017143,0.297241,0.629496,12.522906,0.560127,5.530920,0.106490,6.363636,0.289256,1.049587,14.272727,1242.363636,3093.545455,792.155328,0.126199,7.363636,0.334711,0.579631,9.953695,0.039238,3.261044,0.079137,1082.685950,3.121132,0.047682,2.791312,0.024223,0.542824,0.493312,0.493312,27.322358,278.000000,13.478446,70.284271,0.252821,278.000000,1.414040,0.707194,0.266184,25.174887,0.493312,13.478446,27.322358,15.000000,26.000000,30.016662,30.016662,278.000000,13.478446,1.414040,0.707194,70.284271,0.252821,278.000000
"46382540-2577-4f0d-9789-53ba18697a53","Detection","nuclei_histiocyte",249.498688,809.670593,71.000000,130.000000,3928970.000000,1.918718,32.000000,2.551317,156.000000,98.666667,17.967014,96.000000,52.000000,104.000000,12.936837,101.151830,0.339155,22.284111,3928970.000000,0.304267,496.581597,6.757384,31.275471,3.106691,3.439678,0.304501,0.837347,0.297468,0.901267,0.216013,0.852438,0.851969,0.988344,0.950589,-0.429301,0.000000,0.291315,2.444093,0.175149,3.037377,0.344585,4.888186,2.713353,0.936045,4.649022,56.572917,0.147325,1.000000,3.957899,116.838542,0.904724,6.960938,42.760417,268.627604,13.378175,0.284963,0.044624,0.345470,0.011253,65.320000,0.290311,0.913699,7.720000,18.231111,115.644444,5.555119,0.254400,4.663220,37.080000,0.164800,0.585938,6.580267,0.362179,2.975566,0.082206,4.428571,0.316327,1.122449,9.285714,2548.714286,14402.500000,667.979782,0.245913,2.428571,0.173469,0.166462,1.502338,0.033456,3.467720,0.036458,1796.387755,3.173692,0.035010,2.545382,0.024376,0.308836,0.695605,0.695605,26.885196,380.000000,18.701464,77.941125,0.205108,380.000000,1.272155,0.786068,0.311572,34.492093,0.695605,18.701464,26.885196,20.000000,26.000000,32.802439,32.802439,380.000000,18.701464,1.272155,0.786068,77.941125,0.205108,380.000000
"31510549-5722-4aeb-976b-329997a3b02f","Detection","nuclei_lymphocyte",65.997337,810.343994,56.000000,80.000000,820207.000000,0.725802,12.000000,3.849907,98.000000,66.016304,7.715678,64.000000,48.000000,50.000000,5.254989,66.765610,0.987906,9.974683,820207.000000,0.696775,99.494299,4.576865,0.625684,0.337644,0.334874,0.164384,0.341488,0.164384,0.644694,0.137362,0.917808,0.917808,0.983562,0.958904,-0.109424,0.000000,0.164384,2.129376,0.617754,1.180698,0.776256,4.258752,1.016315,0.124814,2.723413,42.347826,0.230151,1.000000,5.085893,128.206522,0.154537,4.880435,53.630435,225.456522,13.107488,0.229167,0.041831,0.254818,0.011651,38.728395,0.478128,0.299345,6.518519,39.555556,166.172840,9.684499,0.196502,3.559401,14.728395,0.181832,0.440217,18.914800,0.417733,3.315824,0.075203,3.857143,0.551020,0.530612,7.142857,3258.000000,13249.428571,808.555556,0.257937,1.285714,0.183673,0.198709,0.645490,0.149064,2.521641,0.038043,2567.061224,2.303040,0.066801,0.707788,0.009446,0.151406,0.724518,0.724518,18.487563,188.000000,13.394572,54.627417,0.290571,188.000000,1.263146,0.791674,0.262704,24.520881,0.724518,13.394572,18.487563,15.000000,17.000000,22.671568,22.671568,188.000000,13.394572,1.263146,0.791674,54.627417,0.290571,188.000000
"84637b64-e796-4623-abc0-3525a0ca574a","Detection","nuclei_histiocyte",131.569977,820.104065,43.000000,84.000000,1637567.000000,1.566115,22.000000,3.898753,130.000000,60.992683,13.030815,58.000000,36.000000,94.000000,9.213365,63.198622,0.983681,16.551691,1637567.000000,0.392243,273.958483,3.806089,8.656678,1.009789,1.628859,0.302449,0.686794,0.285242,0.903538,0.221086,0.860082,0.859100,0.988527,0.952858,-0.310353,0.000000,0.271748,1.863997,0.255840,2.496477,0.430179,3.727995,2.172431,0.482827,4.118487,61.312195,0.149542,1.000000,4.702939,160.819512,0.549941,4.309756,44.731707,153.358537,21.465511,0.429603,0.071929,0.683247,0.015330,77.417671,0.310914,0.785536,6.044177,19.228916,66.835341,9.013262,0.335272,4.284255,48.775100,0.195884,0.607317,8.383929,0.420250,3.633635,0.087468,10.230769,0.393491,0.770710,10.961538,2315.769231,8378.346154,859.955598,0.167137,9.384615,0.360947,0.612085,8.037078,0.052157,3.034941,0.063415,2067.100592,3.505791,0.028413,3.041325,0.014708,0.335202,0.467945,0.467945,34.270515,408.500000,16.036720,89.497475,0.219088,408.500000,1.560341,0.640885,0.272208,26.327168,0.467945,16.036720,34.270515,23.000000,32.000000,39.408121,39.408121,408.500000,16.036720,1.560341,0.640885,89.497475,0.219088,408.500000
"127b8b9a-d6cd-4490-97fc-370361d41010","Detection","nuclei_lymphocyte",85.593437,821.217163,36.000000,90.000000,1136505.000000,1.645888,25.000000,3.562509,118.000000,54.902736,16.455705,50.000000,29.000000,89.000000,11.185059,58.774335,1.181078,20.978849,1136505.000000,0.367633,440.112120,3.223140,19.615939,4.083900,2.401820,0.295868,0.780651,0.282645,0.895007,0.215980,0.860882,0.860000,0.982829,0.943912,-0.388520,0.000000,0.271074,1.642149,0.281349,2.464399,0.476033,3.284298,2.152680,0.674422,3.646470,63.121581,0.191859,1.000000,6.024926,120.951368,0.802616,3.857143,46.033435,96.300912,36.142815,0.595154,0.054535,0.430590,0.015513,51.633333,0.286852,0.895556,6.655556,31.955556,80.611111,24.665123,0.316628,3.972053,49.811111,0.276728,0.547112,18.592469,0.541873,4.846429,0.087956,3.909091,0.355372,0.809917,10.363636,3556.454545,7641.727273,2704.372475,0.186869,2.090909,0.190083,0.345263,3.932624,0.032635,3.095795,0.033435,2661.900826,7.575821,0.051091,1.166887,0.028265,0.301343,0.617751,0.617751,26.206702,330.000000,16.189215,72.284271,0.219043,330.000000,1.259980,0.793663,0.302952,32.609852,0.617751,16.189215,26.206702,16.000000,26.000000,30.528675,30.528675,330.000000,16.189215,1.259980,0.793663,72.284271,0.219043,330.000000
"d4c11e1e-0bce-4ec9-9f88-d91fe2d4cd1f","Detection","nuclei_tumor",829.517822,827.275574,89.000000,122.000000,9251110.000000,1.223632,18.000000,2.814601,143.000000,106.562889,10.302353,108.000000,72.000000,71.000000,7.435009,107.334454,-0.294864,12.846618,9251110.000000,0.504936,165.035584,7.840485,3.316038,-0.272641,1.067723,0.199476,0.685170,0.197511,0.723855,0.160465,0.901572,0.901441,0.988301,0.960563,-0.347015,0.000000,0.195791,2.761055,0.363940,2.012774,0.553226,5.522109,1.805849,0.316800,3.628790,166.068493,0.206810,1.000000,3.494840,405.463263,0.319174,8.066002,54.041096,426.539228,7.961282,0.151195,0.032118,0.308418,0.005093,124.242236,0.385845,0.515962,8.661491,45.844720,363.962733,6.644755,0.160369,4.755229,37.565217,0.116662,0.400996,20.968790,0.259735,2.660193,0.045985,6.375000,0.398438,1.308594,10.687500,18899.937500,162183.062500,2329.922309,0.229601,2.125000,0.132813,0.259971,3.631553,0.040367,3.577820,0.019925,16381.152344,4.983402,0.016379,1.214006,0.010082,0.086708,0.783638,0.783638,36.284681,805.000000,28.434049,110.568542,0.137352,805.000000,1.208530,0.827452,0.390637,54.218735,0.783638,28.434049,36.284681,30.000000,37.000000,47.634021,47.634021,805.000000,28.434049,1.208530,0.827452,110.568542,0.137352,805.000000
"23c5a91a-d27e-4e8e-93bf-ea79c787c7f9","Detection","nuclei_tumor",925.589233,831.131836,58.000000,98.000000,5492653.000000,1.441535,20.000000,3.568839,146.000000,79.643885,12.150700,80.000000,44.000000,102.000000,8.620755,81.153650,0.211728,15.580965,5492653.000000,0.442581,242.766467,7.601449,6.923176,-0.308040,1.435203,0.252048,0.701232,0.240706,0.825239,0.194109,0.881537,0.880781,0.990396,0.960152,-0.339881,0.000000,0.230781,2.702899,0.299942,2.346682,0.480781,5.405797,2.072161,0.421813,4.038133,150.424460,0.180365,1.000000,4.448125,369.112710,0.442468,7.857314,50.995204,389.459233,8.459665,0.173089,0.046060,0.505794,0.006982,136.440594,0.337724,0.725781,8.730198,31.336634,245.034653,4.929295,0.178315,4.736827,65.262376,0.161541,0.484412,14.290364,0.386905,4.156017,0.062312,7.074074,0.262003,1.352538,12.962963,9502.148148,81251.444444,1190.713961,0.148868,5.370370,0.198903,0.448061,7.384195,0.037622,4.088221,0.032374,8548.024691,4.209458,0.014755,2.292268,0.010021,0.133366,0.849656,0.849656,35.662133,839.500000,30.300560,111.982756,0.133392,839.500000,1.188699,0.841256,0.399686,56.759730,0.849656,30.300560,35.662133,37.000000,31.000000,48.270074,48.270074,839.500000,30.300560,1.188699,0.841256,111.982756,0.133392,839.500000
"dfdae992-e267-4336-a9fd-4b9a42028c6e","Detection","nuclei_lymphocyte",66.114677,826.238525,61.000000,86.000000,1211644.000000,1.085270,12.000000,4.664105,111.000000,73.212670,8.085952,72.000000,52.000000,59.000000,4.908913,74.044257,1.103628,11.066031,1211644.000000,0.532933,122.457034,1.843554,2.493445,0.933518,0.790362,0.245307,0.526284,0.242804,0.808915,0.186353,0.879015,0.878849,0.975585,0.939424,-0.194241,0.000000,0.240613,1.306633,0.416363,1.762107,0.612015,2.613267,1.510221,0.258917,3.362750,38.357466,0.173563,1.000000,5.498618,117.778281,0.305768,2.185520,47.542986,69.171946,42.356963,0.743841,0.054723,0.229288,0.022812,49.912281,0.437827,0.382656,3.429825,31.087719,48.368421,27.098928,0.499756,3.775497,25.122807,0.220376,0.515837,16.055094,0.476619,2.179415,0.140332,3.250000,0.406250,0.437500,5.500000,2964.625000,3771.375000,2766.548611,0.291667,1.750000,0.218750,0.396963,2.321342,0.078870,2.750000,0.036199,2201.484375,10.254101,0.043806,0.817135,0.025305,0.149595,0.828249,0.828249,18.692029,218.000000,15.481662,57.798990,0.265133,218.000000,1.219478,0.820023,0.279899,27.835858,0.828249,15.481662,18.692029,15.000000,18.000000,23.430749,23.430749,218.000000,15.481662,1.219478,0.820023,57.798990,0.265133,218.000000
"a09753e0-e969-4f1f-9624-ab89e544e4e0","Detection","nuclei_histiocyte",185.477005,836.227356,54.000000,107.000000,2572859.000000,1.746310,36.000000,1.776068,123.000000,79.844327,18.034238,78.000000,42.000000,81.000000,14.852609,82.392634,0.103187,20.332968,2572859.000000,0.321851,413.429592,7.907725,15.760080,0.810360,2.788335,0.192418,0.870893,0.192418,0.706502,0.155393,0.903791,0.903791,0.988681,0.961516,-0.529294,0.000000,0.192418,2.694206,0.223991,2.571313,0.356223,5.388412,2.378896,0.745188,4.255420,71.158311,0.187753,1.000000,3.032519,121.981530,0.755550,8.155673,51.443272,410.203166,10.092220,0.199703,0.029394,0.266672,0.005552,47.725000,0.298281,0.817344,8.587500,35.112500,267.062500,6.893663,0.205773,4.957805,21.100000,0.131875,0.422164,12.668594,0.195674,1.867269,0.038432,1.666667,0.277778,1.138889,9.166667,7137.833333,51897.500000,1351.741898,0.266204,1.000000,0.166667,0.167878,2.673575,0.011008,2.584963,0.015831,3147.805556,3.913012,0.046881,1.018895,0.023385,0.233479,0.552737,0.552737,29.918779,380.500000,16.537225,81.012193,0.212910,380.500000,1.372576,0.728557,0.294411,30.797150,0.552737,16.537225,29.918779,18.000000,31.000000,35.846897,35.846897,380.500000,16.537225,1.372576,0.728557,81.012193,0.212910,380.500000
"7c48a866-9743-419d-a0b4-c8d01596ae81","Detection","nuclei_tumor",981.589478,839.936157,93.000000,124.000000,10301284.000000,1.286375,17.000000,3.259831,146.000000,107.166102,9.952642,105.000000,82.000000,64.000000,6.979951,107.888224,0.724822,12.461764,10301284.000000,0.463873,155.295574,3.371513,3.634018,0.139784,1.165973,0.205638,0.700151,0.203858,0.736078,0.164080,0.898368,0.898249,0.979518,0.949125,-0.358219,0.000000,0.202300,1.769585,0.325585,2.071064,0.502967,3.539169,1.858673,0.342903,3.805013,177.463277,0.200523,1.000000,3.721646,410.527684,0.355027,3.590960,53.707345,181.792090,25.219115,0.460232,0.032301,0.144949,0.013830,142.082418,0.390336,0.470437,4.074176,42.230769,137.791209,20.385836,0.442079,4.813266,43.126374,0.118479,0.411299,18.585527,0.271533,1.311058,0.116823,7.842105,0.412742,0.891967,4.684211,17340.263158,62354.947368,6269.399123,0.546784,1.736842,0.091413,0.208575,1.555382,0.058659,3.787144,0.021469,15170.664820,19.229223,0.014170,0.584198,0.023354,0.036490,0.709963,0.709963,40.004251,885.000000,28.401548,117.740115,0.133040,885.000000,1.246510,0.802240,0.390824,54.270715,0.709963,28.401548,40.004251,40.000000,29.000000,49.406477,49.406477,885.000000,28.401548,1.246510,0.802240,117.740115,0.133040,885.000000
"e8c85507-1b39-4dea-ac34-3eb59904abf3","Detection","nuclei_tumor",366.244720,838.852478,63.000000,113.000000,4318353.000000,1.678836,28.000000,2.576297,142.000000,86.675774,15.471475,85.000000,54.000000,88.000000,11.611977,88.689641,0.479319,18.792622,4318353.000000,0.343599,353.162637,4.078117,12.156774,1.449010,2.136161,0.245997,0.793467,0.242115,0.811610,0.187377,0.879589,0.879330,0.985598,0.951706,-0.422743,0.000000,0.238719,1.898836,0.232814,2.547427,0.365842,3.797671,2.289775,0.595540,4.060366,100.092896,0.182319,1.000000,4.251724,188.635701,0.652718,4.515483,49.207650,172.919854,25.772263,0.446215,0.043712,0.350048,0.011587,82.859259,0.306886,0.771797,6.496296,30.185185,96.037037,17.286523,0.304424,4.616905,41.911111,0.155226,0.491803,13.647407,0.355169,3.005756,0.068744,5.800000,0.386667,0.693333,10.933333,6617.133333,23564.866667,3005.912963,0.160185,3.133333,0.208889,0.429183,5.761698,0.034501,3.240224,0.027322,5277.573333,6.881489,0.028072,1.206613,0.023633,0.146797,0.669450,0.669450,32.568043,543.500000,21.802672,92.183766,0.169611,543.500000,1.244227,0.803712,0.346452,42.646965,0.669450,21.802672,32.568043,31.000000,22.000000,38.013156,38.013156,543.500000,21.802672,1.244227,0.803712,92.183766,0.169611,543.500000
"a99c3ac5-7efc-4024-a9d3-671d113edd2e","Detection","nuclei_histiocyte",225.206711,843.446289,54.000000,111.000000,3623213.000000,1.901528,30.000000,2.726234,146.000000,81.318359,17.552925,79.000000,38.000000,108.000000,12.791328,84.122458,0.422471,21.538624,3623213.000000,0.303902,463.912319,7.868955,23.439467,1.503568,2.964674,0.300572,0.815896,0.296412,0.892103,0.212712,0.852487,0.852210,0.988473,0.950697,-0.416511,0.000000,0.292772,2.683827,0.178592,2.967852,0.305252,5.367655,2.655216,0.816312,4.491112,78.105469,0.152550,1.000000,3.561874,155.597656,0.844631,8.353516,43.261719,309.607422,10.073178,0.207308,0.038249,0.422380,0.006062,83.671233,0.286545,0.927508,10.071918,21.157534,152.184932,4.661572,0.173776,4.673066,49.294521,0.168817,0.570313,8.859542,0.344246,4.421712,0.039937,3.363636,0.305785,1.471074,15.363636,6760.181818,45858.636364,1271.360909,0.163056,1.000000,0.090909,0.122578,2.209932,0.007120,3.459432,0.021484,4593.702479,3.448420,0.027394,2.304719,0.021277,0.225785,0.849987,0.849987,27.797782,512.000000,23.627745,87.254834,0.170420,512.000000,1.183312,0.845086,0.354414,44.629683,0.849987,23.627745,27.797782,27.000000,26.000000,37.483330,37.483330,512.000000,23.627745,1.183312,0.845086,87.254834,0.170420,512.000000
"5b61b0a2-d30e-4172-94ef-46927e0b517b","Detection","nuclei_tumor",580.611816,857.761169,63.000000,104.000000,6036719.000000,1.533409,22.000000,2.941739,143.000000,83.545564,12.934496,82.000000,48.000000,95.000000,9.341957,85.078036,0.266950,16.075167,6036719.000000,0.401423,258.410994,8.388154,7.371679,0.299839,1.605824,0.232199,0.747338,0.230939,0.784822,0.178866,0.884741,0.884657,0.991079,0.961540,-0.390638,0.000000,0.229836,2.836326,0.279465,2.380704,0.454631,5.672653,2.143703,0.459506,3.974611,147.669065,0.177061,1.000000,3.982380,334.786571,0.496984,8.805755,51.021583,404.894484,7.809096,0.148161,0.037525,0.407655,0.006066,122.096939,0.311472,0.781133,10.852041,33.464286,263.142857,5.136643,0.140150,4.727387,59.663265,0.152202,0.470024,15.358392,0.366211,5.088993,0.049288,6.368421,0.335180,1.390582,12.736842,14014.210526,114834.947368,1924.439942,0.193538,2.684211,0.141274,0.285358,2.831008,0.081880,3.826875,0.022782,12087.462604,4.243636,0.015421,2.301580,0.011367,0.131622,0.696083,0.696083,39.214168,836.000000,27.296311,110.911688,0.132669,836.000000,1.170950,0.854007,0.403799,57.933929,0.696083,27.296311,39.214168,28.000000,38.000000,47.201695,47.201695,836.000000,27.296311,1.170950,0.854007,110.911688,0.132669,836.000000
"08be2553-aebb-4181-84aa-4cc4e3ca8017","Detection","nuclei_tumor",801.331177,853.675720,58.000000,116.000000,9914584.000000,1.909539,27.000000,2.835897,156.000000,89.383830,16.690041,90.000000,40.000000,116.000000,11.504166,91.858281,-0.094050,21.177224,9914584.000000,0.316775,448.474802,9.948957,25.747527,-1.560751,2.912263,0.316689,0.803844,0.307812,0.918784,0.221941,0.847574,0.846982,0.991477,0.956185,-0.400467,0.000000,0.300044,3.049601,0.183752,2.995263,0.351531,6.099201,2.660964,0.807238,4.590506,174.918298,0.148867,1.000000,3.903642,372.210213,0.846714,10.411915,44.137021,418.481702,7.910055,0.164594,0.043751,0.581240,0.006436,184.226387,0.276201,1.010041,12.047976,22.086957,214.956522,3.752467,0.140862,4.839241,113.341829,0.169928,0.567660,9.673748,0.375840,5.598363,0.041177,7.606061,0.230487,1.665748,15.333333,10473.303030,100438.848485,1266.920934,0.148215,3.181818,0.096419,0.257986,4.428005,0.050877,4.741364,0.028085,9205.511478,4.643546,0.010784,3.995874,0.015701,0.144270,0.650739,0.650739,48.031856,1174.500000,31.256180,132.811183,0.113079,1174.500000,1.195106,0.836746,0.432938,66.596971,0.650739,31.256180,48.031856,48.000000,31.000000,57.140179,57.140179,1174.500000,31.256180,1.195106,0.836746,132.811183,0.113079,1174.500000
"11b3a5f6-c49b-4a15-bd53-0af17670def7","Detection","nuclei_tumor",337.336731,852.560303,68.000000,104.000000,3416960.000000,1.349202,18.000000,3.257031,120.000000,87.164384,11.220116,89.000000,44.000000,76.000000,7.631037,88.324847,-0.539401,14.270556,3416960.000000,0.480651,203.648777,9.075887,6.157462,-0.667248,1.254810,0.249694,0.668071,0.249694,0.810793,0.187347,0.875153,0.875153,0.985312,0.950061,-0.306648,0.000000,0.249694,2.970624,0.335498,2.240258,0.550184,5.941248,1.990564,0.376126,3.884595,69.552511,0.158796,1.000000,3.966389,210.525114,0.390281,9.458904,47.502283,430.440639,6.135084,0.134798,0.042648,0.452785,0.005870,79.618834,0.357035,0.599690,10.340807,25.049327,230.295964,3.121388,0.139169,4.414190,32.560538,0.146011,0.509132,9.618170,0.330705,4.166635,0.037305,7.470588,0.439446,1.086505,11.176471,4975.411765,44783.117647,566.242647,0.175654,1.705882,0.100346,0.236467,2.169107,0.041153,3.852169,0.038813,4311.591696,3.027564,0.026352,1.574338,0.015448,0.146266,0.781784,0.781784,26.997374,442.000000,21.106106,83.941125,0.189912,442.000000,1.268579,0.788284,0.324254,37.357048,0.781784,21.106106,26.997374,27.000000,21.000000,34.205263,34.205263,442.000000,21.106106,1.268579,0.788284,83.941125,0.189912,442.000000
"7f17cc5a-0001-4bf2-968b-cb653607a3a7","Detection","nuclei_stroma",276.927094,857.879822,48.000000,93.000000,2908067.000000,1.619939,24.000000,2.888418,123.000000,69.137631,13.785811,67.000000,36.000000,87.000000,10.178232,71.178078,0.587443,16.920604,2908067.000000,0.377697,286.306842,5.493056,9.382898,0.595442,1.856234,0.275926,0.741177,0.271296,0.859205,0.202324,0.865123,0.864815,0.983851,0.945895,-0.358225,0.000000,0.267245,2.257870,0.241544,2.595349,0.419907,4.515741,2.305797,0.533040,4.190258,88.923345,0.154919,1.000000,3.636757,216.797909,0.565956,5.862369,45.909408,243.977352,12.963814,0.286791,0.035733,0.260444,0.009691,92.641694,0.301764,0.799711,6.736156,22.612378,120.162866,6.017463,0.292413,4.657169,44.928339,0.146346,0.534843,8.629163,0.305917,2.642534,0.075887,3.500000,0.291667,1.354167,8.916667,8823.000000,40698.916667,2263.375579,0.328704,1.000000,0.083333,0.043137,0.285570,0.024304,3.584963,0.020906,6534.972222,6.789581,0.021512,1.367607,0.023559,0.103535,0.783846,0.783846,30.762428,571.500000,24.113002,93.840620,0.164201,571.500000,1.226184,0.815538,0.354695,44.700485,0.783846,24.113002,30.762428,25.000000,31.000000,39.824616,39.824616,571.500000,24.113002,1.226184,0.815538,93.840620,0.164201,571.500000
"18629743-c3bf-45e2-b490-a6e926a112f4","Detection","nuclei_tumor",942.340637,856.349121,52.000000,99.000000,3226073.000000,1.540137,23.000000,2.763102,122.000000,71.832770,13.840566,68.000000,43.000000,79.000000,10.006129,73.820374,0.664831,17.014722,3226073.000000,0.412761,289.500750,6.059383,11.163291,1.681940,1.909043,0.201723,0.808863,0.201723,0.725360,0.161031,0.899139,0.899139,0.988134,0.959655,-0.454129,0.000000,0.201723,2.373300,0.313221,2.331362,0.516319,4.746600,2.129639,0.527691,3.961294,116.351351,0.196539,1.000000,4.125810,244.354730,0.553389,6.380068,52.418919,296.160473,12.854120,0.236463,0.037630,0.304259,0.007544,82.764706,0.324567,0.698593,7.956863,43.427451,227.333333,10.616830,0.212309,4.738102,34.623529,0.135779,0.430743,21.868727,0.333923,3.396199,0.049841,6.333333,0.422222,0.782222,9.000000,9065.333333,43960.866667,2114.343519,0.229167,1.933333,0.128889,0.270110,2.350635,0.044513,3.456565,0.025338,7507.715556,5.382099,0.025263,1.135696,0.018995,0.118816,0.378231,0.378231,45.754297,591.000000,17.305699,110.426407,0.186847,591.000000,1.641907,0.609048,0.287345,29.336514,0.378231,17.305699,45.754297,44.000000,20.000000,48.332184,48.332184,591.000000,17.305699,1.641907,0.609048,110.426407,0.186847,591.000000
"411fe42e-f832-448c-b997-fd23abaed883","Detection","nuclei_lymphocyte",198.364105,863.495239,36.000000,75.000000,1050135.000000,1.375534,20.000000,2.494601,92.000000,52.609065,11.871823,50.000000,27.000000,65.000000,9.131281,54.542522,0.530704,14.393504,1050135.000000,0.413975,207.172949,2.674579,3.816715,0.849120,1.310142,0.242726,0.687384,0.241194,0.803207,0.184551,0.879658,0.879556,0.975798,0.939778,-0.334427,0.000000,0.239855,1.551685,0.296579,2.145373,0.442573,3.103369,1.897276,0.388217,3.669873,61.985836,0.175597,1.000000,4.870066,146.133144,0.444446,3.079320,48.699717,107.526912,35.059962,0.596632,0.047074,0.268721,0.016450,70.701031,0.364438,0.523116,4.731959,27.134021,53.731959,21.240550,0.387743,3.964093,38.608247,0.199012,0.549575,13.890424,0.437577,2.831519,0.108707,7.166667,0.597222,0.576389,7.250000,4126.750000,9660.416667,2771.759259,0.270833,1.833333,0.152778,0.301604,2.640320,0.041745,3.022055,0.033994,3261.409722,14.050895,0.034700,0.631432,0.034851,0.090539,0.863984,0.863984,23.019435,352.000000,19.888435,74.426407,0.211439,352.000000,1.252280,0.798543,0.309298,33.990421,0.863984,19.888435,23.019435,25.000000,21.000000,32.649655,32.649655,352.000000,19.888435,1.252280,0.798543,74.426407,0.211439,352.000000
"34d2a69b-9077-4635-bdd7-9867813cc405","Detection","nuclei_lymphocyte",851.496582,866.667175,37.000000,83.000000,1176922.000000,1.609815,25.000000,3.332186,111.000000,56.059172,14.787753,51.000000,31.000000,80.000000,10.433161,59.008624,1.004869,18.422460,1176922.000000,0.364641,339.387031,3.177742,11.608737,2.317799,1.948013,0.309047,0.726151,0.296237,0.912869,0.221291,0.854017,0.853163,0.982047,0.941180,-0.333612,0.000000,0.285028,1.663731,0.248984,2.499561,0.407526,3.327462,2.176152,0.564265,3.856221,53.029586,0.156892,1.000000,4.985575,123.248521,0.663037,3.751479,44.029586,103.686391,31.667262,0.561452,0.061701,0.505701,0.016849,62.110048,0.297177,0.824890,6.143541,22.057416,47.980861,16.957137,0.339779,4.076047,47.449761,0.227032,0.618343,11.595751,0.469011,4.114014,0.092771,4.714286,0.336735,0.780612,10.214286,2903.571429,7286.000000,1946.865575,0.177083,5.000000,0.357143,0.598732,7.041604,0.062490,2.896292,0.041420,2320.693878,6.946062,0.038135,1.496560,0.028113,0.229284,0.757306,0.757306,24.034552,340.000000,18.201506,71.597980,0.210582,340.000000,1.199811,0.833465,0.316631,35.621147,0.757306,18.201506,24.034552,20.000000,24.000000,31.240999,31.240999,340.000000,18.201506,1.199811,0.833465,71.597980,0.210582,340.000000
"068e3f01-2662-45e0-aae1-244aa2f96dec","Detection","nuclei_lymphocyte",104.410141,873.396362,39.000000,81.000000,1442882.000000,1.478840,19.000000,4.079655,114.000000,54.547085,12.676346,49.000000,34.000000,80.000000,8.721561,56.878480,1.287797,16.117597,1442882.000000,0.408625,259.776931,2.740072,9.942467,2.333488,1.708999,0.235259,0.757996,0.231649,0.792954,0.181598,0.884777,0.884537,0.986225,0.953791,-0.389567,0.000000,0.228490,1.540012,0.317799,2.202618,0.501203,3.080024,1.959070,0.486065,3.531619,92.650224,0.207736,1.000000,5.035492,182.246637,0.576148,3.204036,50.461883,102.943946,39.091259,0.627818,0.047010,0.360872,0.015477,68.797235,0.317038,0.741107,5.654378,39.483871,69.880184,33.388569,0.356119,4.283836,41.036866,0.189110,0.486547,22.586846,0.427062,3.466260,0.083465,4.500000,0.375000,0.854167,11.416667,6650.666667,13108.583333,5131.931134,0.172454,2.666667,0.222222,0.450509,6.598535,0.032392,2.918296,0.026906,5269.305556,7.449971,0.033520,1.295907,0.020224,0.221322,0.747368,0.747368,27.788120,447.000000,20.767938,84.426407,0.188873,447.000000,1.268935,0.788063,0.325099,37.551951,0.747368,20.767938,27.788120,22.000000,28.000000,35.608988,35.608988,447.000000,20.767938,1.268935,0.788063,84.426407,0.188873,447.000000
"f0925321-567c-4d18-b586-6ffb8fb3d61d","Detection","nuclei_lymphocyte",60.664249,875.293640,45.000000,101.000000,2304679.000000,1.834119,28.000000,3.244690,132.000000,65.625259,17.392136,59.000000,36.000000,96.000000,12.416489,69.076712,1.043622,21.561947,2304679.000000,0.325652,464.917540,4.845600,25.801734,3.555040,2.862892,0.260100,0.833429,0.252352,0.837657,0.196418,0.875115,0.874599,0.990058,0.958126,-0.457871,0.000000,0.245573,2.048146,0.229552,2.710442,0.398450,4.096292,2.433739,0.780748,4.065928,89.977226,0.186288,1.000000,4.379752,157.289855,0.873792,5.403727,48.246377,188.455487,23.056847,0.399612,0.049197,0.584228,0.010457,64.713147,0.257821,1.108427,8.191235,29.752988,122.581673,14.186299,0.268139,4.503162,46.912351,0.186902,0.519669,14.941223,0.395915,4.518514,0.066667,3.933333,0.262222,1.395556,15.333333,4904.200000,19192.800000,1933.375833,0.142963,4.733333,0.315556,0.543001,11.159802,0.030110,2.999581,0.031056,3867.360000,3.655120,0.033676,2.175540,0.019475,0.337525,0.619424,0.619424,31.553301,482.500000,19.544874,85.355339,0.176902,482.500000,1.201584,0.832235,0.345204,42.340398,0.619424,19.544874,31.553301,19.000000,31.000000,36.359318,36.359318,482.500000,19.544874,1.201584,0.832235,85.355339,0.176902,482.500000
"152a76ba-f53a-46a9-b1f9-90c1b38a9e02","Detection","nuclei_histiocyte",154.129456,881.684021,42.000000,81.000000,1895014.000000,1.450942,21.000000,2.889223,105.000000,60.429448,12.035455,58.000000,32.000000,73.000000,8.618916,62.251781,0.578471,14.952126,1895014.000000,0.417885,223.566086,3.774140,5.542325,0.324229,1.454759,0.231964,0.724953,0.223085,0.788986,0.182197,0.889937,0.889345,0.986512,0.955679,-0.374282,0.000000,0.215316,1.862375,0.288839,2.284987,0.468923,3.724750,2.036917,0.421681,3.951745,91.347648,0.186805,1.000000,4.174899,204.345603,0.449003,4.120654,49.854806,179.425358,22.829840,0.422347,0.044492,0.289423,0.014027,81.096491,0.355686,0.586257,5.280702,34.228070,118.035088,16.245675,0.347557,4.629574,32.701754,0.143429,0.466258,15.828486,0.326673,2.291851,0.081711,5.400000,0.360000,0.826667,8.666667,6403.133333,23451.666667,2377.754630,0.238426,3.400000,0.226667,0.462152,4.342665,0.112581,3.506891,0.030675,5340.373333,5.001292,0.028275,1.304574,0.015518,0.160930,0.333546,0.333546,43.872649,490.500000,14.633562,105.012193,0.214092,490.500000,1.789083,0.558945,0.257161,23.496935,0.333546,14.633562,43.872649,18.000000,43.000000,46.615448,46.615448,490.500000,14.633562,1.789083,0.558945,105.012193,0.214092,490.500000
"1805e078-72c9-4cb9-8497-36746260638f","Detection","nuclei_stroma",269.794342,882.318909,43.000000,81.000000,2064331.000000,1.501941,21.000000,3.025893,115.000000,59.894834,11.976607,58.000000,33.000000,82.000000,8.674884,61.714899,0.678399,14.877421,2064331.000000,0.396822,221.337649,3.698500,6.839173,0.683298,1.548724,0.253000,0.719158,0.252000,0.818855,0.189496,0.874167,0.874100,0.985135,0.949633,-0.347065,0.000000,0.251125,1.837000,0.261482,2.385162,0.427500,3.674000,2.128071,0.450431,4.049276,86.712177,0.159986,1.000000,3.743890,215.077491,0.488229,4.099631,46.306273,159.025830,22.703695,0.440729,0.045955,0.286625,0.014595,101.081633,0.343815,0.610498,5.275510,20.517007,69.904762,10.198129,0.359127,4.331907,44.591837,0.151673,0.542435,6.922486,0.303962,2.213757,0.072985,9.000000,0.529412,0.615917,8.588235,6447.647059,21995.411765,2659.700980,0.218137,3.588235,0.211073,0.433180,3.556685,0.099527,3.057476,0.031365,5431.162630,6.987810,0.021763,1.540225,0.019560,0.128811,0.333533,0.333533,47.434204,543.000000,15.820896,117.053824,0.215569,543.000000,2.007990,0.498010,0.241906,20.791950,0.333533,15.820896,47.434204,34.000000,38.000000,50.990195,50.990195,543.000000,15.820896,2.007990,0.498010,117.053824,0.215569,543.000000
"fc53406c-1f6b-4394-bd5c-3f608dc17904","Detection","nuclei_tumor",682.778931,881.295410,66.000000,112.000000,7138122.000000,1.563037,22.000000,2.629213,139.000000,89.815205,13.437084,89.000000,50.000000,89.000000,9.708581,91.371115,0.079848,16.790167,7138122.000000,0.382563,281.909710,4.677826,7.793006,0.033710,1.755839,0.194717,0.800347,0.194717,0.711236,0.156803,0.902641,0.902641,0.988546,0.961057,-0.470659,0.000000,0.194717,2.070639,0.275977,2.318063,0.454238,4.141278,2.123346,0.487639,3.865180,195.902924,0.229126,1.000000,3.958830,327.091228,0.521096,4.997661,54.843275,237.479532,21.435957,0.351503,0.031193,0.221067,0.008092,120.826087,0.350221,0.619903,6.704348,47.733333,201.994203,18.689855,0.259300,4.826287,47.388406,0.137358,0.403509,23.166226,0.349910,3.101942,0.061617,4.333333,0.361111,0.805556,10.833333,22745.250000,103254.583333,6804.291088,0.176505,1.833333,0.152778,0.171092,1.973001,0.016005,3.251629,0.014035,17668.687500,7.930253,0.017915,1.080221,0.016537,0.094284,0.697002,0.697002,39.612176,856.500000,27.609754,113.154329,0.132112,856.500000,1.189611,0.840611,0.401463,57.265570,0.697002,27.609754,39.612176,34.000000,34.000000,48.083261,48.083261,856.500000,27.609754,1.189611,0.840611,113.154329,0.132112,856.500000
"cccf737a-83b1-40b4-8cb3-c23c4305eb36","Detection","nuclei_histiocyte",188.950058,888.614502,35.000000,74.000000,1998892.000000,1.413314,22.000000,4.038704,118.000000,52.218563,12.971808,49.000000,29.000000,89.000000,9.226892,54.702407,1.065029,16.296472,1998892.000000,0.422716,265.574985,2.662000,7.679114,1.773337,1.500106,0.230400,0.733720,0.216800,0.784784,0.183398,0.893867,0.892960,0.986687,0.957093,-0.377500,0.000000,0.204900,1.531200,0.322084,2.142319,0.482400,3.062400,1.890948,0.432627,3.635836,146.470060,0.219267,1.000000,4.920605,282.374251,0.501011,3.052395,52.712575,114.687126,38.609853,0.623035,0.049109,0.368260,0.015648,99.291391,0.328779,0.728356,5.261589,42.317881,80.357616,33.921818,0.384037,4.433401,54.635762,0.180913,0.452096,22.747511,0.423433,3.226771,0.092026,7.363636,0.334711,0.754132,10.590909,7518.909091,14036.318182,5932.181503,0.156881,6.181818,0.280992,0.537856,6.772419,0.055819,3.202546,0.032934,6596.958678,9.590689,0.021780,1.308943,0.016842,0.152352,0.399731,0.399731,47.207718,667.500000,18.870400,117.982756,0.176753,667.500000,1.659495,0.602593,0.293865,30.683105,0.399731,18.870400,47.207718,25.000000,45.000000,51.478151,51.478151,667.500000,18.870400,1.659495,0.602593,117.982756,0.176753,667.500000
"0255dfc6-580a-4f2b-98e5-3da4eab80ca4","Detection","nuclei_lymphocyte",209.836578,880.964844,49.000000,86.000000,1663430.000000,1.358252,21.000000,2.407938,102.000000,66.454294,11.404409,65.000000,44.000000,58.000000,8.771493,67.881068,0.497796,13.844356,1663430.000000,0.462988,191.666193,4.748120,4.761110,0.241380,1.227520,0.262406,0.647760,0.262406,0.830355,0.193549,0.868797,0.868797,0.984564,0.947519,-0.286305,0.000000,0.262406,2.122932,0.308486,2.283593,0.515038,4.245865,2.021187,0.372482,3.961394,55.581717,0.153966,1.000000,3.752688,167.138504,0.386031,5.066482,45.160665,209.260388,13.211988,0.297707,0.042811,0.279600,0.011956,71.558376,0.363240,0.560952,5.802030,22.121827,101.177665,6.229131,0.302524,4.396423,30.969543,0.157206,0.545706,8.689788,0.310322,2.153767,0.087626,4.714286,0.336735,0.959184,7.571429,3811.642857,15837.642857,995.881944,0.314484,1.571429,0.112245,0.265142,2.405647,0.055416,3.807355,0.038781,3146.739796,4.010850,0.029394,1.534687,0.015834,0.157515,0.725830,0.725830,25.524403,360.000000,18.526378,78.426407,0.217851,360.000000,1.359603,0.735509,0.292438,30.385782,0.725830,18.526378,25.524403,21.000000,26.000000,33.421550,33.421550,360.000000,18.526378,1.359603,0.735509,78.426407,0.217851,360.000000
"01b01be4-49a6-4ee4-b6f6-fa210b5316aa","Detection","nuclei_tumor",466.935028,883.500916,69.000000,90.000000,3578075.000000,1.057829,12.000000,6.671721,132.000000,79.806859,6.995654,79.000000,58.000000,74.000000,4.723647,80.365534,1.181773,9.459617,3578075.000000,0.545491,89.484357,3.059587,1.499008,-0.286008,0.765386,0.220086,0.553338,0.215281,0.765939,0.173741,0.893160,0.892840,0.987139,0.957104,-0.235099,0.000000,0.211076,1.709755,0.385626,1.799640,0.567035,3.419510,1.568505,0.246368,3.558080,103.985560,0.187700,1.000000,3.960002,302.202166,0.259068,3.274368,51.754513,167.935018,22.896974,0.466569,0.040410,0.195008,0.016643,105.892562,0.437573,0.409603,3.479339,36.305785,124.289256,14.645374,0.499828,4.525956,30.661157,0.126699,0.436823,15.343009,0.312072,1.470269,0.129393,4.285714,0.306122,0.979592,5.571429,10451.428571,39687.285714,3150.046131,0.454861,2.428571,0.173469,0.388726,3.311953,0.106705,3.467720,0.025271,8885.530612,6.025653,0.019512,1.676224,0.009028,0.144492,0.746870,0.746870,30.818141,554.000000,23.017153,92.426407,0.166835,554.000000,1.227079,0.814943,0.351755,43.962633,0.746870,23.017153,30.818141,24.000000,31.000000,39.204592,39.204592,554.000000,23.017153,1.227079,0.814943,92.426407,0.166835,554.000000
"10351c9f-c426-4f4a-b03d-cecf8ad04933","Detection","nuclei_tumor",778.065735,881.700317,66.000000,111.000000,3395078.000000,1.466117,23.000000,2.242670,124.000000,88.757794,13.372209,89.000000,55.000000,69.000000,9.892448,90.231224,-0.004578,16.239702,3395078.000000,0.390795,263.727907,4.477141,6.156614,-0.174648,1.670815,0.182228,0.803320,0.182228,0.684927,0.149021,0.908886,0.908886,0.981777,0.954443,-0.472544,0.000000,0.182228,2.026079,0.276206,2.228754,0.444945,4.052157,2.046526,0.463261,3.959273,85.081535,0.204032,1.000000,3.598410,162.961631,0.470312,4.743405,53.882494,235.980815,21.342193,0.365241,0.035034,0.208526,0.009681,66.384615,0.392808,0.470292,5.633136,38.556213,167.230769,15.131821,0.295365,4.593488,19.473373,0.115227,0.405276,14.202864,0.277624,1.986721,0.055453,3.750000,0.468750,0.500000,6.750000,7977.125000,34866.000000,2514.211806,0.256944,1.750000,0.218750,0.406840,3.036405,0.062581,2.750000,0.019185,5260.109375,8.628816,0.034226,0.505001,0.028861,0.089215,0.912172,0.912172,24.270383,416.000000,22.138773,78.769553,0.189350,416.000000,1.186898,0.842532,0.335723,40.046438,0.912172,22.138773,24.270383,25.000000,22.000000,33.301652,33.301652,416.000000,22.138773,1.186898,0.842532,78.769553,0.189350,416.000000
"090c4832-ff74-4efb-8669-2b3107fd5089","Detection","nuclei_stroma",300.598267,890.211304,50.000000,95.000000,3914429.000000,1.580430,27.000000,2.306821,125.000000,72.121849,14.018407,71.000000,40.000000,85.000000,10.895567,74.043187,0.222253,16.758058,3914429.000000,0.383852,280.832492,5.916790,7.593744,-0.118552,1.725608,0.216939,0.776645,0.214710,0.758354,0.170839,0.893016,0.892868,0.991674,0.964268,-0.432407,0.000000,0.212760,2.353640,0.271978,2.386340,0.410475,4.707281,2.167635,0.485637,3.971199,139.815126,0.195820,1.000000,4.059522,274.070028,0.526375,6.302521,52.084034,296.271709,13.436603,0.252740,0.042888,0.437988,0.008820,92.869707,0.302507,0.806863,7.837134,40.527687,230.084691,9.795863,0.237865,4.867723,40.869707,0.133126,0.429972,18.891553,0.321821,3.556987,0.055644,9.200000,0.460000,1.427500,12.650000,9589.800000,57159.900000,1960.183250,0.223181,5.000000,0.250000,0.500083,7.547174,0.079609,3.139354,0.028011,8315.310000,3.781869,0.020894,2.133933,0.011047,0.192354,0.457263,0.457263,44.803969,711.500000,20.487193,111.355339,0.156508,711.500000,1.386875,0.721046,0.341612,41.463795,0.457263,20.487193,44.803969,20.000000,43.000000,47.423623,47.423623,711.500000,20.487193,1.386875,0.721046,111.355339,0.156508,711.500000
"210d04e3-62db-4f96-90d1-a2f7f2e2eb84","Detection","nuclei_tumor",933.680481,885.891602,69.000000,125.000000,7022882.000000,1.862021,32.000000,2.534553,157.000000,95.291723,17.574125,91.000000,57.000000,100.000000,13.215633,97.616659,0.487132,21.177812,7022882.000000,0.309537,448.499701,5.708974,19.607102,1.391063,2.753348,0.230247,0.845658,0.228102,0.782626,0.178216,0.886307,0.886164,0.991161,0.962034,-0.491145,0.000000,0.226225,2.253486,0.213901,2.720848,0.370754,4.506972,2.486677,0.745899,4.188526,139.279512,0.188982,1.000000,3.710948,228.128901,0.813710,6.184532,50.867028,256.233379,18.837072,0.326319,0.035044,0.356312,0.007937,86.055215,0.263973,1.045100,8.481595,38.417178,193.711656,14.011208,0.249182,4.976995,43.668712,0.133953,0.442334,17.973465,0.300493,3.639936,0.050041,5.266667,0.351111,1.573333,14.533333,10792.200000,56002.933333,3020.635019,0.198741,1.666667,0.111111,0.248213,4.779729,0.013993,3.773557,0.020353,8378.115556,4.843667,0.022219,2.112303,0.018138,0.199633,0.828554,0.828554,33.773515,736.500000,27.983195,104.183766,0.141458,736.500000,1.172783,0.852673,0.390749,54.249747,0.828554,27.983195,33.773515,30.000000,30.000000,42.426407,42.426407,736.500000,27.983195,1.172783,0.852673,104.183766,0.141458,736.500000
"d46cf59d-b96e-4e3f-9379-456d3d77addd","Detection","nuclei_histiocyte",248.053055,887.983521,51.000000,88.000000,2204863.000000,1.347860,19.000000,2.620479,105.000000,67.989059,11.498403,67.000000,37.000000,68.000000,8.279205,69.459668,0.230271,14.217361,2204863.000000,0.466217,202.133360,5.078994,4.629247,0.178183,1.219781,0.224693,0.688893,0.222352,0.772854,0.175252,0.889214,0.889058,0.986824,0.955608,-0.344425,0.000000,0.220304,2.197776,0.336049,2.168100,0.536571,4.395553,1.936726,0.361119,3.836939,79.949672,0.174945,1.000000,4.113776,213.061269,0.381788,5.382932,50.693654,243.557987,14.163992,0.269572,0.044299,0.372043,0.010411,77.575472,0.365922,0.569664,6.655660,32.754717,152.952830,8.788129,0.248755,4.539439,28.679245,0.135279,0.463895,14.167230,0.315938,2.785062,0.062661,4.333333,0.288889,1.315556,9.533333,5652.866667,24709.866667,1404.200000,0.287963,3.266667,0.217778,0.442163,5.491477,0.098142,3.240224,0.032823,4724.648889,4.490679,0.026201,1.296311,0.013884,0.136498,0.767176,0.767176,27.607044,455.500000,21.179457,82.183766,0.180425,455.500000,1.179978,0.847474,0.344933,42.273774,0.767176,21.179457,27.607044,22.000000,27.000000,34.828150,34.828150,455.500000,21.179457,1.179978,0.847474,82.183766,0.180425,455.500000
"40dec2f3-193b-4b5d-8eef-768e414a0d84","Detection","nuclei_histiocyte",92.418411,893.288574,61.000000,107.000000,2466209.000000,1.544863,29.000000,1.926996,124.000000,84.236527,14.609523,85.000000,52.000000,72.000000,12.191310,85.929385,-0.007801,16.972531,2466209.000000,0.351716,288.066809,4.026059,6.779977,0.336686,1.903171,0.273616,0.748606,0.271987,0.851139,0.199639,0.864278,0.864169,0.972714,0.932085,-0.361908,0.000000,0.270562,1.902280,0.207155,2.511015,0.311075,3.804560,2.231681,0.544197,4.258162,52.598802,0.157481,1.000000,3.661336,117.473054,0.560795,4.209581,44.101796,173.580838,22.078011,0.463739,0.042320,0.201299,0.017388,65.968085,0.350894,0.558482,4.579787,19.446809,73.053191,9.993203,0.418292,4.414224,29.297872,0.155840,0.562874,6.821639,0.303152,1.485309,0.118137,4.166667,0.347222,0.743056,4.416667,2679.500000,10871.000000,1078.847222,0.516204,1.833333,0.152778,0.241428,1.397831,0.069534,3.418296,0.035928,1904.805556,12.748733,0.036796,0.624367,0.044336,0.093580,0.712099,0.712099,24.581672,335.000000,17.504591,75.455844,0.225241,335.000000,1.352481,0.739382,0.288357,29.543595,0.712099,17.504591,24.581672,18.000000,25.000000,30.805844,30.805844,335.000000,17.504591,1.352481,0.739382,75.455844,0.225241,335.000000
"9aa0cff5-e92a-44e1-affa-5042bd59774b","Detection","nuclei_tumor",448.183167,897.288330,76.000000,107.000000,6073883.000000,1.296777,14.000000,3.687199,131.000000,92.751804,9.563606,94.000000,54.000000,77.000000,6.120743,93.619560,-0.353273,12.717108,6073883.000000,0.480640,161.724834,4.843332,3.914445,-0.006163,1.106888,0.233091,0.652097,0.229270,0.789298,0.180527,0.886002,0.885747,0.986356,0.954273,-0.310430,0.000000,0.225927,2.150554,0.341504,2.127300,0.545281,4.301108,1.881110,0.334995,3.840203,120.919192,0.174487,1.000000,4.140327,333.083694,0.353517,5.132756,50.864358,235.383838,14.841661,0.282117,0.041314,0.301114,0.009694,125.566978,0.391174,0.493221,6.202492,34.193146,154.479751,9.515663,0.259367,4.551635,45.467290,0.141643,0.463203,15.550121,0.333639,2.558703,0.069633,6.714286,0.319728,0.984127,8.095238,9314.047619,39137.000000,2347.395172,0.291005,3.095238,0.147392,0.307966,3.527203,0.043034,3.748995,0.030303,8225.047619,7.186042,0.015753,1.419782,0.013405,0.086363,0.671648,0.671648,36.991619,692.500000,24.845364,107.154329,0.154735,692.500000,1.319440,0.757897,0.352233,44.082150,0.671648,24.845364,36.991619,28.000000,37.000000,46.400431,46.400431,692.500000,24.845364,1.319440,0.757897,107.154329,0.154735,692.500000
"55fe66e3-ee67-429b-b4c9-f054ca81db81","Detection","nuclei_tumor",997.130127,896.624756,61.000000,95.000000,7966830.000000,1.197237,14.000000,3.900996,125.000000,80.409015,10.011240,82.000000,41.000000,84.000000,6.145760,81.548197,-0.780269,13.583034,7966830.000000,0.571395,184.498817,7.841235,9.881778,-2.342146,1.403826,0.152675,0.803823,0.152240,0.617247,0.129498,0.923952,0.923923,0.994131,0.974637,-0.454031,0.000000,0.151860,2.743802,0.467503,1.839332,0.668552,5.487603,1.685639,0.389125,3.316788,321.003339,0.267949,1.000000,3.303338,684.530885,0.389545,8.023372,59.691152,479.160267,10.674717,0.184270,0.030291,0.258831,0.005680,134.805263,0.354751,0.640132,8.202632,76.705263,642.226316,11.889538,0.197451,5.157883,35.705263,0.093961,0.317195,36.948920,0.249009,2.422857,0.044809,7.400000,0.370000,1.247500,10.550000,40728.900000,356075.500000,4988.552347,0.185681,4.200000,0.210000,0.437996,3.791097,0.083551,3.346439,0.016694,37140.890000,3.626665,0.014776,1.533194,0.005809,0.136900,0.783526,0.783526,44.365885,1196.500000,34.761834,133.296465,0.111405,1196.500000,1.181720,0.846224,0.438642,68.363122,0.783526,34.761834,44.365885,45.000000,36.000000,57.628118,57.628118,1196.500000,34.761834,1.181720,0.846224,133.296465,0.111405,1196.500000
"4a538fb3-1196-4a43-a78f-7e74e5e3f350","Detection","nuclei_tumor",745.251526,897.775452,73.000000,110.000000,6686264.000000,1.320247,17.000000,2.843100,126.000000,91.630295,10.714382,92.000000,57.000000,69.000000,7.449315,92.645223,-0.082368,13.675758,6686264.000000,0.462647,187.026348,4.772250,4.311569,-0.117050,1.207842,0.199323,0.716703,0.197970,0.722997,0.160131,0.901241,0.901151,0.988299,0.960451,-0.382478,0.000000,0.196785,2.126058,0.340965,2.087560,0.540778,4.252115,1.882764,0.351791,3.697861,162.507060,0.208610,1.000000,3.637625,360.401797,0.367516,5.046213,53.903723,247.207959,16.686011,0.296623,0.030848,0.205961,0.008009,124.170886,0.392946,0.489214,6.047468,43.841772,192.993671,13.227936,0.273031,4.672960,38.348101,0.121355,0.405648,19.533128,0.292447,2.062896,0.075421,4.846154,0.372781,1.005917,7.846154,19277.153846,82231.153846,4959.172009,0.319444,1.307692,0.100592,0.202747,2.744039,0.032560,3.546594,0.016688,15686.378698,6.736912,0.017060,1.207821,0.011670,0.093307,0.784232,0.784232,35.841381,778.500000,28.107957,110.325902,0.141716,778.500000,1.244189,0.803736,0.379025,51.043113,0.784232,28.107957,35.841381,29.000000,37.000000,47.010637,47.010637,778.500000,28.107957,1.244189,0.803736,110.325902,0.141716,778.500000
"bf79aa78-6800-49ad-8292-21eceb04ddd9","Detection","nuclei_tumor",529.760254,904.376404,55.000000,108.000000,8278967.000000,1.745132,19.000000,3.614925,153.000000,84.416894,14.538371,85.000000,42.000000,111.000000,8.839800,86.715038,0.225139,19.831434,8278967.000000,0.394297,393.285782,8.524982,23.709830,-1.237340,2.485100,0.273029,0.802019,0.253611,0.860348,0.208710,0.876431,0.875136,0.992700,0.964117,-0.419202,0.000000,0.236621,2.823467,0.290715,2.637008,0.511011,5.646933,2.343371,0.689532,4.097350,198.393279,0.180194,1.000000,4.450536,434.120799,0.758084,9.063579,50.693006,411.439600,10.327769,0.194012,0.040971,0.535502,0.005909,131.681992,0.252264,1.159540,11.394636,38.482759,324.038314,6.942496,0.167572,4.828909,90.467433,0.173309,0.474114,20.687938,0.401142,6.016620,0.046615,9.750000,0.304688,1.500000,15.562500,14121.031250,122042.593750,1877.381424,0.127622,3.000000,0.093750,0.244046,4.740914,0.019854,4.663910,0.029064,12937.241211,3.759164,0.013097,3.387122,0.011816,0.189113,0.811824,0.811824,41.641606,1102.500000,33.805635,124.468037,0.112896,1102.500000,1.118220,0.894278,0.447937,71.291220,0.811824,33.805635,41.641606,36.000000,40.000000,53.814496,53.814496,1102.500000,33.805635,1.118220,0.894278,124.468037,0.112896,1102.500000
"280057e8-7eba-4c3b-9854-e2bb79321fb6","Detection","nuclei_histiocyte",167.718384,905.368347,53.000000,95.000000,1074452.000000,1.291651,20.000000,2.956103,116.000000,70.415459,12.208780,67.000000,45.000000,71.000000,9.087336,72.045745,0.757114,15.239833,1074452.000000,0.501179,232.252515,5.612329,7.020716,1.722420,1.359730,0.221918,0.719384,0.221918,0.763654,0.172670,0.889041,0.889041,0.986946,0.955616,-0.351606,0.000000,0.221918,2.308219,0.387339,2.088402,0.597260,4.616438,1.866484,0.395412,3.702885,32.758454,0.158253,1.000000,4.356134,103.743961,0.394502,5.816425,46.449275,234.840580,10.716687,0.229838,0.043333,0.285545,0.011086,39.963636,0.363306,0.577190,6.872727,27.763636,135.927273,6.493561,0.236679,4.228046,20.636364,0.187603,0.531401,13.598678,0.373725,2.889243,0.091637,1.857143,0.265306,1.061224,6.285714,2997.285714,14044.857143,697.500992,0.397817,1.285714,0.183673,0.221243,0.953702,0.081193,2.807355,0.033816,2122.816327,1.747361,0.065090,1.225065,0.014083,0.302043,0.384357,0.384357,26.742564,209.500000,10.278694,67.698485,0.323143,209.500000,1.740861,0.574429,0.212198,15.998659,0.384357,10.278694,26.742564,14.000000,25.000000,28.653098,28.653098,209.500000,10.278694,1.740861,0.574429,67.698485,0.323143,209.500000
"27c2357e-8e74-48d4-b043-ca9045842d19","Detection","nuclei_tumor",864.465759,913.874756,52.000000,94.000000,3876370.000000,1.504192,25.000000,2.394886,118.000000,71.478502,13.597565,69.000000,43.000000,75.000000,10.145023,73.323803,0.442964,16.346369,3876370.000000,0.413898,267.203768,5.812016,8.336651,0.910723,1.662161,0.186141,0.798582,0.186141,0.693328,0.151492,0.906930,0.906930,0.989051,0.962772,-0.460573,0.000000,0.186141,2.333026,0.317601,2.256946,0.501659,4.666052,2.070805,0.462076,3.805605,152.081831,0.210932,1.000000,3.487886,298.420250,0.485260,6.149792,54.251040,300.651872,13.321101,0.243162,0.033112,0.266540,0.007934,97.128814,0.329250,0.710095,7.576271,43.986441,230.928814,10.491196,0.238230,4.819714,36.416949,0.123447,0.409154,20.092571,0.243734,2.371973,0.056080,3.666667,0.305556,1.472222,9.500000,17676.916667,94493.666667,3831.045139,0.324653,2.833333,0.236111,0.421717,4.326103,0.112877,3.084963,0.016644,14066.909722,5.927904,0.022034,1.037160,0.015061,0.104249,0.375423,0.375423,49.689502,722.500000,18.654573,118.953319,0.164641,722.500000,1.558495,0.641645,0.314194,35.075057,0.375423,18.654573,49.689502,39.000000,36.000000,53.075418,53.075418,722.500000,18.654573,1.558495,0.641645,118.953319,0.164641,722.500000
"738911e1-8b24-44b3-9482-575e3e9c56b9","Detection","nuclei_histiocyte",239.951630,916.494385,56.000000,80.000000,2911771.000000,0.718767,13.000000,3.271528,99.000000,67.034646,7.589217,66.000000,50.000000,49.000000,5.339846,67.716070,0.716669,9.582402,2911771.000000,0.681895,91.822422,1.469362,0.911040,0.530961,0.465268,0.112964,0.609278,0.112964,0.508791,0.100203,0.943518,0.943518,0.977407,0.962345,-0.318970,0.000000,0.112964,1.175281,0.610681,1.125693,0.768237,2.350563,1.012730,0.144558,2.529118,227.324409,0.357991,1.000000,3.270467,433.003150,0.159053,1.595276,62.596850,82.930709,57.513386,0.851181,0.026463,0.065986,0.016582,89.910112,0.505113,0.247444,2.651685,98.820225,114.561798,94.884831,0.587079,4.267017,16.258427,0.091339,0.280315,47.914405,0.246835,0.961312,0.068215,7.222222,0.802469,0.098765,3.666667,29686.333333,32385.000000,29011.666667,0.333333,1.222222,0.135802,0.246843,0.987373,0.061711,2.947703,0.014173,24708.246914,45.072971,0.027409,0.114911,0.019124,0.026195,0.792164,0.792164,32.081254,637.500000,25.413602,97.840620,0.153475,637.500000,1.194946,0.836858,0.371643,49.074418,0.792164,25.413602,32.081254,30.000000,27.000000,40.360872,40.360872,637.500000,25.413602,1.194946,0.836858,97.840620,0.153475,637.500000
"b85e9fc1-ea18-4ace-bad6-0f23339a10fc","Detection","nuclei_histiocyte",24.973833,914.697388,83.000000,118.000000,1482356.000000,1.269116,17.000000,2.933375,134.000000,99.591837,10.133278,99.000000,72.000000,62.000000,7.133333,100.419393,0.267061,12.865476,1482356.000000,0.455227,165.520478,6.155642,2.314869,0.319624,0.973399,0.311284,0.515392,0.311284,0.894650,0.214386,0.844358,0.844358,0.981689,0.937743,-0.180423,0.000000,0.311284,2.447471,0.272464,2.213058,0.402724,4.894942,1.901774,0.321171,3.914678,19.489796,0.132584,1.000000,4.408441,66.918367,0.344949,6.680272,38.238095,225.537415,7.606340,0.189579,0.064151,0.530620,0.012402,42.818182,0.432507,0.424242,7.535354,14.606061,87.070707,2.928591,0.182309,3.808667,20.616162,0.208244,0.673469,5.786961,0.433497,3.708170,0.077618,2.250000,0.281250,0.937500,8.500000,1059.875000,6398.500000,205.639757,0.244792,1.500000,0.187500,0.300409,2.758246,0.072065,3.000000,0.054422,722.234375,1.836448,0.054826,1.877467,0.016995,0.293683,0.504592,0.504592,19.423620,146.500000,9.801004,51.213203,0.349578,146.500000,1.424677,0.701914,0.225522,18.070984,0.504592,9.801004,19.423620,10.000000,20.000000,22.360680,22.360680,146.500000,9.801004,1.424677,0.701914,51.213203,0.349578,146.500000
"e724128e-bff2-47ce-8d70-3015893f8850","Detection","nuclei_histiocyte",92.839455,920.247314,52.000000,86.000000,2228548.000000,1.180157,18.000000,3.292699,115.000000,67.896996,10.634622,66.000000,45.000000,70.000000,7.985986,69.154117,0.707281,13.125922,2228548.000000,0.535661,172.289819,5.185078,3.930446,0.871560,0.962820,0.205321,0.648465,0.205321,0.732443,0.163164,0.897340,0.897340,0.987922,0.958936,-0.301761,0.000000,0.205321,2.235107,0.415278,1.912566,0.616541,4.470214,1.707245,0.292035,3.526013,85.622318,0.183739,1.000000,3.899261,249.618026,0.318430,5.482833,51.467811,250.933476,12.141601,0.235455,0.038594,0.285324,0.009717,80.330233,0.373629,0.547669,6.786047,37.534884,169.851163,9.109238,0.235497,4.482644,31.148837,0.144878,0.461373,18.743667,0.301997,2.443570,0.077361,4.857143,0.346939,1.061224,8.428571,7489.857143,31051.357143,1848.624008,0.301091,1.857143,0.132653,0.297785,3.093041,0.091888,3.664498,0.030043,6381.918367,4.046539,0.026474,1.226493,0.010719,0.137718,0.508049,0.508049,34.694999,463.000000,17.626747,94.083261,0.203204,463.000000,1.521367,0.657304,0.286245,29.112350,0.508049,17.626747,34.694999,23.000000,32.000000,39.408121,39.408121,463.000000,17.626747,1.521367,0.657304,94.083261,0.203204,463.000000
"7e57e003-2462-4629-afe5-3d3308d817ea","Detection","nuclei_histiocyte",143.459290,917.519165,62.000000,112.000000,2608746.000000,1.623720,23.000000,3.426978,149.000000,84.582133,14.788811,82.000000,49.000000,100.000000,9.926293,86.706401,0.684592,19.075189,2608746.000000,0.381691,363.862851,8.550861,11.948329,1.536311,1.904969,0.275430,0.747358,0.259781,0.864669,0.207944,0.872718,0.871674,0.989531,0.957076,-0.376377,0.000000,0.246088,2.853678,0.263756,2.510604,0.430360,5.707355,2.218905,0.545100,4.069273,61.265130,0.176557,1.000000,5.074106,132.446686,0.625070,9.164265,47.455331,366.507205,7.463077,0.145251,0.059589,0.854667,0.008380,51.843243,0.280234,0.959708,12.118919,26.918919,205.416216,4.298706,0.124006,4.444875,35.356757,0.191118,0.533141,12.846282,0.423780,6.573918,0.046425,5.352941,0.314879,1.397924,16.470588,2602.529412,20856.588235,369.836144,0.134624,3.823529,0.224913,0.467082,8.596167,0.081644,3.381580,0.048991,2185.889273,1.998077,0.035852,2.532440,0.015917,0.297767,0.721836,0.721836,25.017149,348.000000,18.058277,75.112698,0.215841,348.000000,1.290142,0.775108,0.301602,32.319957,0.721836,18.058277,25.017149,21.000000,23.000000,31.144823,31.144823,348.000000,18.058277,1.290142,0.775108,75.112698,0.215841,348.000000
"be585cb8-cd74-4547-a4dc-7196f88541b1","Detection","nuclei_tumor",396.043152,921.463989,70.000000,114.000000,5039114.000000,1.623974,20.000000,4.154335,158.000000,92.041958,13.633625,91.000000,54.000000,104.000000,8.567713,93.859682,0.718553,18.382541,5039114.000000,0.404103,337.917820,5.032977,18.129068,2.355976,2.056104,0.231305,0.797758,0.229447,0.784135,0.178659,0.885586,0.885462,0.991118,0.961803,-0.424220,0.000000,0.227822,2.139340,0.290602,2.475511,0.501161,4.278681,2.239176,0.571852,4.073559,99.790210,0.174458,1.000000,3.868612,231.146853,0.613609,5.396853,50.213287,230.487762,17.320036,0.323509,0.037896,0.279441,0.009557,83.435424,0.307880,0.854890,7.022140,31.092251,139.778598,9.932700,0.279631,4.738724,36.660517,0.135279,0.473776,13.272014,0.305616,2.856459,0.058073,4.692308,0.360947,1.289941,8.538462,9387.538462,40735.769231,2446.594017,0.317714,2.076923,0.159763,0.316336,2.871451,0.037747,3.085055,0.022727,7451.538462,4.062164,0.022800,2.414146,0.014048,0.250055,0.649339,0.649339,33.587790,571.500000,21.809875,92.669048,0.162151,571.500000,1.195758,0.836290,0.361443,46.417393,0.649339,21.809875,33.587790,23.000000,33.000000,40.224371,40.224371,571.500000,21.809875,1.195758,0.836290,92.669048,0.162151,571.500000
"72ed5ee5-cd76-4407-a435-d844e910cc8e","Detection","nuclei_tumor",641.420105,930.647888,54.000000,91.000000,5898203.000000,1.428143,16.000000,6.436151,153.000000,71.578708,11.171895,69.000000,38.000000,115.000000,6.950263,73.259004,1.321731,15.600330,5898203.000000,0.464034,243.370284,5.610343,10.666825,1.671355,1.426521,0.262393,0.689276,0.247617,0.842529,0.201079,0.878595,0.877669,0.992973,0.964887,-0.322385,0.000000,0.235251,2.306363,0.339082,2.258664,0.541468,4.612726,1.987655,0.422228,3.790766,205.817106,0.187277,1.000000,4.585951,509.973612,0.491518,6.045496,50.823476,254.993631,12.579118,0.235853,0.045484,0.530455,0.008057,162.972973,0.314620,0.908037,8.444015,39.401544,188.710425,9.587480,0.208772,4.754199,86.142857,0.166299,0.471338,21.396431,0.387495,4.559740,0.061530,8.235294,0.242215,1.591696,15.764706,14117.617647,59438.235294,3474.641895,0.156266,5.823529,0.171280,0.403541,8.397019,0.049063,4.289833,0.030937,13072.807093,5.337328,0.010862,3.891170,0.007675,0.219825,0.486052,0.486052,53.801770,1100.500000,26.150455,137.639610,0.125070,1100.500000,1.369894,0.729983,0.384503,52.529367,0.486052,26.150455,53.801770,31.000000,51.000000,59.682493,59.682493,1100.500000,26.150455,1.369894,0.729983,137.639610,0.125070,1100.500000
"5ac24953-f4e5-41eb-bfa1-8a7f74f682b4","Detection","nuclei_tumor",801.482178,922.549316,68.000000,109.000000,9840186.000000,1.489029,15.000000,3.798037,142.000000,91.586995,11.725943,94.000000,47.000000,95.000000,7.025201,92.988774,-0.670536,16.085227,9840186.000000,0.427545,258.734523,10.029115,8.229092,-0.710835,1.537824,0.242091,0.727975,0.238881,0.804356,0.185027,0.881094,0.880880,0.990714,0.960263,-0.376426,0.000000,0.236073,3.115314,0.294425,2.358254,0.492664,6.230628,2.107896,0.444979,3.988384,198.581722,0.174501,1.000000,3.670822,486.546573,0.466876,10.391037,50.553603,490.275044,6.246556,0.124278,0.037094,0.490942,0.004393,183.500000,0.350191,0.688523,11.893130,34.202290,326.118321,4.180620,0.125056,4.806211,72.290076,0.137958,0.460457,15.336198,0.308679,4.363923,0.037917,8.571429,0.306122,1.346939,15.142857,16547.285714,151672.178571,1884.223938,0.149137,3.785714,0.135204,0.326430,6.123561,0.027790,4.280395,0.024605,14895.443878,5.376012,0.010352,2.352731,0.010772,0.094812,0.689623,0.689623,45.943306,1139.000000,31.683539,130.568542,0.114634,1139.000000,1.191087,0.839569,0.430716,65.914984,0.689623,31.683539,45.943306,44.000000,33.000000,55.000000,55.000000,1139.000000,31.683539,1.191087,0.839569,130.568542,0.114634,1139.000000
"9ce383f9-347a-465b-914f-45ff628b2ece","Detection","nuclei_tumor",310.618256,941.601135,66.000000,112.000000,8225258.000000,1.647669,22.000000,3.372239,153.000000,91.278654,13.674582,93.000000,42.000000,111.000000,9.205545,93.000334,-0.591210,17.812056,8225258.000000,0.374660,317.269355,10.247448,16.528887,-2.233060,2.149513,0.280000,0.769501,0.274483,0.866155,0.204659,0.863678,0.863310,0.992455,0.960887,-0.376962,0.000000,0.269655,3.127310,0.227980,2.649011,0.390345,6.254621,2.356373,0.607378,4.327542,149.222923,0.156912,1.000000,3.708910,356.301788,0.617934,10.582545,46.638275,479.997897,6.706108,0.142670,0.040308,0.530102,0.004881,164.382413,0.336160,0.742453,11.288344,25.533742,267.402863,3.433066,0.137347,4.785145,72.251534,0.147754,0.514196,10.404983,0.328158,4.407471,0.034501,7.173913,0.311909,1.531191,14.869565,11517.260870,111829.391304,1291.678599,0.140713,3.000000,0.130435,0.326881,6.409356,0.025273,4.229871,0.024185,9807.618147,3.445444,0.012610,3.801603,0.010108,0.187836,0.568847,0.568847,46.302832,953.500000,26.339247,123.154329,0.129160,953.500000,1.265811,0.790007,0.393615,55.048403,0.568847,26.339247,46.302832,27.000000,46.000000,53.338541,53.338541,953.500000,26.339247,1.265811,0.790007,123.154329,0.129160,953.500000
"d9e2bb0c-27bd-4bcd-9a43-243ab480f43f","Detection","nuclei_lymphocyte",42.012890,937.171997,42.000000,94.000000,1642484.000000,1.738086,26.000000,3.313557,123.000000,63.322581,16.130073,58.000000,32.000000,91.000000,11.294373,66.447570,1.005876,20.137784,1642484.000000,0.341340,405.530350,4.393299,16.014568,2.194234,2.271814,0.339403,0.740042,0.319009,0.956437,0.237636,0.843894,0.842535,0.980395,0.936878,-0.333981,0.000000,0.301165,1.977422,0.214438,2.749108,0.382374,3.954843,2.391211,0.652804,4.217331,53.994624,0.145147,1.000000,4.575587,126.978495,0.742427,5.026882,41.811828,153.489247,20.314124,0.406679,0.050392,0.408649,0.013751,66.508333,0.277118,0.924375,7.050000,17.658333,67.825000,8.330787,0.303472,4.229276,55.800000,0.232500,0.645161,8.048333,0.468069,4.371447,0.096906,4.733333,0.315556,1.182222,9.400000,2857.866667,10679.200000,1101.114352,0.281944,1.666667,0.111111,0.204097,2.435036,0.034642,3.773557,0.040323,2242.826667,6.630651,0.032096,1.499908,0.034662,0.167161,0.587094,0.587094,28.923242,375.000000,16.980660,79.597980,0.212261,375.000000,1.344507,0.743767,0.297922,31.536157,0.587094,16.980660,28.923242,19.000000,29.000000,34.669872,34.669872,375.000000,16.980660,1.344507,0.743767,79.597980,0.212261,375.000000
"004c665e-9e2d-4d39-b55d-ae13852025f7","Detection","nuclei_tumor",857.375305,937.647339,64.000000,97.000000,4035208.000000,1.292849,15.000000,3.604637,124.000000,77.827160,10.013984,76.000000,50.000000,74.000000,6.715778,78.912438,0.747839,13.042466,4035208.000000,0.438791,170.105929,2.794924,3.166699,0.437108,1.210224,0.159230,0.767454,0.159230,0.632465,0.133876,0.920385,0.920385,0.984077,0.960192,-0.450720,0.000000,0.159230,1.591281,0.339540,1.916103,0.410970,3.182562,1.756873,0.342364,3.455675,170.058642,0.262436,1.000000,3.653254,284.336420,0.372876,3.018519,57.521605,149.941358,35.704390,0.572531,0.027786,0.115092,0.013284,81.678571,0.364636,0.522879,4.276786,58.758929,138.758929,39.870040,0.438740,4.762098,22.196429,0.099091,0.345679,25.284439,0.258484,1.646599,0.080675,3.222222,0.358025,0.765432,5.222222,19337.777778,52762.444444,11087.907407,0.438272,1.222222,0.135802,0.056197,0.214457,0.033468,2.947703,0.013889,14153.777778,13.899287,0.023451,0.494830,0.020860,0.065047,0.634313,0.634313,36.186461,647.500000,22.953527,102.669048,0.158562,647.500000,1.295476,0.771917,0.351160,43.814042,0.634313,22.953527,36.186461,28.000000,33.000000,43.278170,43.278170,647.500000,22.953527,1.295476,0.771917,102.669048,0.158562,647.500000
"efc4187f-2fe5-4cd8-bd34-5f4f00b2100d","Detection","nuclei_lymphocyte",184.259003,937.498657,30.000000,66.000000,991433.000000,1.141928,21.000000,3.531634,96.000000,45.206818,11.804298,41.000000,25.000000,71.000000,8.698483,47.468482,0.992914,14.477583,991433.000000,0.519380,209.600408,1.974862,3.811737,1.325187,0.998884,0.183323,0.689863,0.174739,0.687637,0.152789,0.914061,0.913489,0.982064,0.956744,-0.347441,0.000000,0.167229,1.330779,0.449028,1.708982,0.640098,2.661557,1.509360,0.295552,3.083815,121.027273,0.275062,1.000000,4.854773,228.527273,0.348161,2.295455,55.977273,90.209091,48.141540,0.736742,0.036328,0.151211,0.016937,71.382022,0.401023,0.452594,4.101124,56.179775,81.089888,50.663858,0.430712,4.012858,34.483146,0.193726,0.404545,31.738417,0.438020,2.427986,0.106464,4.400000,0.440000,0.640000,6.400000,9873.000000,14685.600000,8687.183333,0.316667,2.200000,0.220000,0.209167,1.182465,0.059354,2.646439,0.022727,7937.000000,14.499626,0.034800,0.516591,0.019800,0.110323,0.458539,0.458539,35.302724,439.500000,16.187667,88.183766,0.200646,439.500000,1.408019,0.710218,0.299434,31.856951,0.458539,16.187667,35.302724,21.000000,31.000000,37.443290,37.443290,439.500000,16.187667,1.408019,0.710218,88.183766,0.200646,439.500000
"23b3d225-2fb4-47a2-992e-5e3bccb4be9f","Detection","nuclei_tumor",567.664124,941.909729,63.000000,106.000000,8895389.000000,1.553787,21.000000,3.166897,142.000000,87.423351,13.199481,90.000000,46.000000,96.000000,9.006734,89.040183,-0.125459,16.891177,8895389.000000,0.408262,285.311861,9.261284,8.037224,-0.087202,1.627323,0.278502,0.707736,0.271522,0.865486,0.204778,0.865403,0.864937,0.989344,0.954913,-0.336864,0.000000,0.265414,2.987320,0.263695,2.513797,0.460679,5.974639,2.218476,0.476456,4.155353,179.884135,0.160325,1.000000,4.215197,458.069519,0.507764,9.604278,47.878788,422.392157,6.579078,0.135515,0.043371,0.526786,0.005578,190.145763,0.322281,0.741801,11.079661,27.830508,244.393220,3.819612,0.131637,4.702864,99.901695,0.169325,0.525847,13.364734,0.381409,5.002058,0.046619,9.666667,0.292929,1.322314,14.545455,13968.242424,123204.242424,1687.812828,0.129646,4.212121,0.127640,0.317331,4.899881,0.032355,4.476064,0.029412,12812.242424,5.895074,0.010306,2.540164,0.012935,0.087746,0.647761,0.647761,47.116424,1119.000000,30.520202,131.539105,0.117551,1119.000000,1.230467,0.812700,0.418478,62.222563,0.647761,30.520202,47.116424,39.000000,42.000000,57.314920,57.314920,1119.000000,30.520202,1.230467,0.812700,131.539105,0.117551,1119.000000
"359de7d2-ea12-4ce2-9ae4-9abd46486dfd","Detection","nuclei_stroma",280.029419,944.294983,34.000000,73.000000,1620487.000000,1.315395,23.000000,2.446384,98.000000,50.790657,12.637037,48.000000,25.000000,73.000000,9.809593,52.949133,0.550119,14.963951,1620487.000000,0.436405,223.919844,2.585422,4.994310,1.279376,1.373902,0.197307,0.748846,0.193593,0.720179,0.159829,0.903822,0.903575,0.980441,0.951787,-0.396127,0.000000,0.190344,1.513695,0.327975,2.041091,0.489322,3.027391,1.833270,0.392802,3.634523,124.217993,0.214910,1.000000,4.075538,252.242215,0.412830,2.837370,53.415225,122.944637,38.777970,0.632930,0.037313,0.173397,0.016349,98.190083,0.405744,0.444710,4.057851,40.504132,82.603306,31.522039,0.432966,4.422607,30.933884,0.127826,0.418685,17.685746,0.312797,1.668025,0.084488,7.714286,0.551020,0.530612,7.142857,8443.142857,14401.857143,7020.765873,0.257937,2.714286,0.193878,0.367167,2.733008,0.104291,2.896292,0.024221,6738.632653,19.527607,0.024025,0.555994,0.026332,0.069202,0.413659,0.413659,43.046781,578.000000,17.806699,108.911688,0.188429,578.000000,1.633094,0.612334,0.286907,29.247219,0.413659,17.806699,43.046781,24.000000,40.000000,46.647615,46.647615,578.000000,17.806699,1.633094,0.612334,108.911688,0.188429,578.000000
"9f970663-60fb-4414-b73c-fc916844a9c7","Detection","nuclei_tumor",612.454895,951.629822,60.000000,95.000000,6783570.000000,1.293706,16.000000,3.489105,128.000000,75.947368,10.512835,74.000000,51.000000,77.000000,7.142769,77.139484,0.798554,13.509154,6783570.000000,0.443198,182.497230,2.569100,3.964559,0.924929,1.237052,0.192149,0.731110,0.192149,0.705945,0.155228,0.903926,0.903926,0.988697,0.961570,-0.386324,0.000000,0.192149,1.519169,0.326447,1.998415,0.461662,3.038338,1.806266,0.357300,3.612551,263.517544,0.231156,1.000000,3.832992,505.245614,0.391271,2.796491,55.294737,129.791228,38.241307,0.630342,0.032015,0.140874,0.015407,159.429561,0.368198,0.529151,3.976905,57.094688,119.695150,42.602034,0.479183,4.852334,51.244804,0.118348,0.379825,29.368262,0.295667,1.654210,0.092963,7.125000,0.445313,0.746094,7.312500,35460.750000,77233.125000,25164.290365,0.292101,3.250000,0.203125,0.323383,2.410448,0.111018,3.202820,0.014035,30384.187500,14.776843,0.012261,1.360148,0.011927,0.097538,0.476733,0.476733,55.428337,1140.500000,26.424494,139.497475,0.122313,1140.500000,1.357774,0.736500,0.390545,54.193090,0.476733,26.424494,55.428337,26.000000,54.000000,59.933296,59.933296,1140.500000,26.424494,1.357774,0.736500,139.497475,0.122313,1140.500000
"d4219b19-6c59-4f13-97e1-24e811ebc3f1","Detection","nuclei_lymphocyte",1010.294922,938.506042,45.000000,89.000000,2214912.000000,1.532469,22.000000,2.855671,113.000000,64.917172,13.003898,64.000000,39.000000,74.000000,9.881643,66.892224,0.628735,16.134761,2214912.000000,0.408477,260.330513,4.561725,8.131411,0.549671,1.660455,0.208086,0.777274,0.207008,0.740082,0.165234,0.896676,0.896604,0.987779,0.958634,-0.428290,0.000000,0.206065,2.049057,0.295852,2.330995,0.494340,4.098113,2.118443,0.467135,3.970506,91.452525,0.184753,1.000000,3.722494,202.195960,0.503728,4.901010,51.989899,224.614141,19.064057,0.348962,0.038037,0.287154,0.009550,68.841860,0.320195,0.721558,6.260465,37.637209,158.902326,13.278618,0.305523,4.757220,26.237209,0.122034,0.434343,16.434397,0.280808,2.578625,0.051902,4.384615,0.337278,0.994083,9.538462,7421.923077,31571.230769,2175.189103,0.243590,2.384615,0.183432,0.334389,3.617852,0.036945,3.334679,0.026263,5972.071006,4.675198,0.029943,1.151457,0.016824,0.154533,0.759165,0.759165,28.903308,495.000000,21.942369,86.769553,0.175292,495.000000,1.210374,0.826191,0.345525,42.419026,0.759165,21.942369,28.903308,23.000000,28.000000,36.235342,36.235342,495.000000,21.942369,1.210374,0.826191,86.769553,0.175292,495.000000
"c5c5b2c4-0d21-4401-afd6-3aa0c168ebc8","Detection","nuclei_lymphocyte",8.033144,940.420898,48.000000,84.000000,1452968.000000,1.336280,17.000000,4.802036,125.000000,62.660969,11.106322,60.000000,36.000000,89.000000,7.548413,64.339024,1.179033,14.598390,1452968.000000,0.505020,213.112978,4.153549,5.399737,0.549873,1.039835,0.290123,0.563711,0.271605,0.888056,0.216354,0.867284,0.866049,0.988989,0.955173,-0.219687,0.000000,0.255401,1.991512,0.377204,2.163688,0.593364,3.983025,1.851026,0.332490,3.691915,57.495726,0.163805,1.000000,5.358333,177.262108,0.400630,4.655271,46.925926,185.584046,15.029494,0.330737,0.062220,0.582895,0.014280,61.132653,0.311901,0.785792,6.127551,24.908163,100.948980,7.607551,0.330234,4.241873,41.153061,0.209965,0.558405,12.080071,0.457725,3.690973,0.133250,5.333333,0.296296,1.274691,10.611111,3261.944444,13112.777778,856.663102,0.246821,4.333333,0.240741,0.480963,7.146558,0.047830,3.302723,0.051282,2881.694444,2.574078,0.031594,2.925102,0.010322,0.362610,0.638575,0.638575,26.653014,352.000000,17.019950,74.284271,0.211035,352.000000,1.247502,0.801602,0.310186,34.185906,0.638575,17.019950,26.653014,17.000000,26.000000,31.064449,31.064449,352.000000,17.019950,1.247502,0.801602,74.284271,0.211035,352.000000
"f5f5e8d4-afb6-4a60-837d-6b470b4da100","Detection","nuclei_histiocyte",154.465652,944.007263,46.000000,94.000000,2166217.000000,1.667347,22.000000,3.665147,136.000000,66.128821,14.875918,61.000000,37.000000,99.000000,10.021534,68.773043,1.029808,18.886781,2166217.000000,0.387254,356.710479,4.924971,16.290346,2.033329,2.055373,0.251465,0.781983,0.251465,0.813593,0.188231,0.874267,0.874267,0.990328,0.958089,-0.407132,0.000000,0.251465,2.115182,0.280504,2.519407,0.490621,4.230363,2.267941,0.576710,4.049102,77.200873,0.168561,1.000000,4.693942,177.362445,0.651690,5.447598,47.943231,202.626638,17.834636,0.330957,0.046554,0.412873,0.012178,68.957806,0.290961,0.897541,7.675105,29.856540,130.641350,10.250647,0.258286,4.572040,43.438819,0.183286,0.517467,14.918478,0.419554,4.380092,0.070517,4.066667,0.271111,1.466667,10.466667,5122.266667,21621.133333,1486.111037,0.277204,2.066667,0.137778,0.322246,3.869368,0.098826,3.589898,0.032751,4189.982222,3.134580,0.030389,2.342283,0.014966,0.314499,0.568865,0.568865,32.187932,458.500000,18.310602,87.012193,0.189776,458.500000,1.314047,0.761008,0.318709,36.090318,0.568865,18.310602,32.187932,21.000000,31.000000,37.443290,37.443290,458.500000,18.310602,1.314047,0.761008,87.012193,0.189776,458.500000
"3010d467-4c98-4e0d-b331-f2af33862ce0","Detection","nuclei_tumor",413.121490,946.671204,62.000000,106.000000,2857675.000000,1.488335,22.000000,2.986653,139.000000,86.567935,12.913679,88.000000,52.000000,87.000000,9.247002,88.121627,0.139924,16.474643,2857675.000000,0.418375,271.413863,3.939483,6.553000,0.355899,1.472793,0.239114,0.720646,0.231734,0.801821,0.185414,0.885363,0.884871,0.986065,0.953899,-0.377003,0.000000,0.225277,1.905535,0.301071,2.291849,0.491513,3.811070,2.042723,0.427977,3.822861,65.929348,0.179156,1.000000,4.503899,153.961957,0.477522,4.369565,49.190217,172.250000,22.321992,0.398305,0.047715,0.366430,0.011263,62.120879,0.341324,0.640623,6.274725,28.769231,99.637363,13.174069,0.288004,4.236694,28.197802,0.154933,0.494565,12.415650,0.350583,3.199881,0.060141,7.400000,0.493333,0.533333,9.533333,3569.066667,13063.866667,1254.859722,0.169907,2.066667,0.137778,0.321323,3.504326,0.031457,3.456565,0.040761,2967.182222,4.217979,0.033712,1.342848,0.018523,0.187317,0.602386,0.602386,28.429221,369.000000,17.125351,80.426407,0.217958,369.000000,1.394958,0.716868,0.288638,29.601186,0.602386,17.125351,28.429221,22.000000,27.000000,34.828150,34.828150,369.000000,17.125351,1.394958,0.716868,80.426407,0.217958,369.000000
"03802f7f-1941-423d-9c6a-65ceb564ea08","Detection","nuclei_histiocyte",214.645065,968.442932,52.000000,92.000000,3272445.000000,1.459271,22.000000,2.805396,121.000000,70.594896,12.529221,69.000000,43.000000,78.000000,9.334600,72.244104,0.508270,15.348327,3272445.000000,0.427689,235.571138,5.685123,6.283219,0.554009,1.448162,0.248098,0.707476,0.243872,0.815438,0.188625,0.878769,0.878487,0.985481,0.951367,-0.341044,0.000000,0.240173,2.320583,0.294316,2.347866,0.478445,4.641167,2.088804,0.424065,4.021452,105.787879,0.168721,1.000000,4.174981,268.161085,0.453810,6.025518,49.366826,267.661882,11.952264,0.243244,0.045896,0.373357,0.010308,104.034921,0.330270,0.682993,7.295238,29.892063,154.641270,7.153395,0.238360,4.613354,48.669841,0.154507,0.502392,14.044082,0.361997,3.327054,0.071355,5.800000,0.290000,1.090000,9.500000,7813.750000,40100.200000,1739.439583,0.248264,4.100000,0.205000,0.418539,4.191928,0.091151,3.746439,0.031898,6830.927500,6.729391,0.018755,1.359692,0.018105,0.091853,0.946796,0.946796,29.489123,632.500000,27.920182,97.840620,0.154689,632.500000,1.204392,0.830294,0.368729,48.307642,0.946796,27.920182,29.489123,29.000000,28.000000,40.311289,40.311289,632.500000,27.920182,1.204392,0.830294,97.840620,0.154689,632.500000
"46dcea94-1757-4cd7-a634-dc9fd38ddd26","Detection","nuclei_tumor",811.073547,968.577026,47.000000,105.000000,3836733.000000,1.936739,27.000000,3.832071,158.000000,73.831269,17.083457,71.000000,37.000000,121.000000,11.961948,77.066304,0.861723,22.094317,3836733.000000,0.306238,488.158836,6.286942,26.016238,2.214054,2.878495,0.323373,0.798010,0.289808,0.934680,0.239384,0.860383,0.858453,0.991419,0.959184,-0.419767,0.000000,0.263337,2.376586,0.198112,2.915092,0.358166,4.753172,2.584864,0.800467,4.429421,102.544892,0.158738,1.000000,4.491369,197.829721,0.923542,6.989164,46.600619,254.998452,15.121069,0.284549,0.052035,0.770963,0.008547,87.186441,0.246289,1.299954,10.014124,25.361582,137.271186,8.012054,0.214433,4.767808,63.214689,0.178573,0.547988,12.041144,0.393307,5.725814,0.050749,6.307692,0.242604,1.917160,18.538462,4579.230769,25738.346154,1128.049583,0.142244,5.846154,0.224852,0.450740,11.205109,0.022127,3.642371,0.040248,3961.899408,3.190676,0.022541,3.887810,0.016042,0.350467,0.927233,0.927233,29.829601,643.500000,27.659005,96.669048,0.150224,643.500000,1.155624,0.865334,0.381982,51.842646,0.927233,27.659005,29.829601,30.000000,28.000000,41.036569,41.036569,643.500000,27.659005,1.155624,0.865334,96.669048,0.150224,643.500000
"a1c12c91-493e-4b4b-9bcd-25eb56a804b4","Detection","nuclei_histiocyte",28.663866,972.902893,68.000000,108.000000,2712418.000000,1.618565,23.000000,2.907114,137.000000,85.536313,13.430261,81.000000,60.000000,77.000000,10.079288,87.043590,0.789444,16.128415,2712418.000000,0.358837,260.125776,3.759666,11.425775,1.694816,1.933940,0.310083,0.723636,0.308567,0.898290,0.214870,0.845969,0.845868,0.981787,0.938337,-0.322652,0.000000,0.307240,1.831312,0.209994,2.625354,0.329795,3.662623,2.309805,0.561006,4.175125,57.022346,0.159280,1.000000,3.475921,128.463687,0.598827,4.206704,40.692737,137.949721,22.412302,0.467664,0.046789,0.304322,0.014878,71.241860,0.331357,0.663364,5.320930,19.860465,65.330233,11.388695,0.368249,4.197869,39.753488,0.184900,0.600559,8.770016,0.360249,2.476543,0.095422,4.200000,0.420000,0.690000,9.100000,4342.200000,14041.600000,2107.186806,0.204167,1.600000,0.160000,0.307477,3.478154,0.029234,3.121928,0.027933,3060.560000,6.266048,0.029511,1.777595,0.028794,0.171137,0.535983,0.535983,29.663629,357.000000,15.899199,78.426407,0.219682,357.000000,1.371029,0.729379,0.290001,29.881463,0.535983,15.899199,29.663629,19.000000,29.000000,34.669872,34.669872,357.000000,15.899199,1.371029,0.729379,78.426407,0.219682,357.000000
"e9cde7e7-ce14-41b8-98ec-363b2b80fbe7","Detection","nuclei_lymphocyte",48.477493,975.133423,32.000000,91.000000,1068512.000000,1.626627,34.000000,3.548234,148.000000,53.575563,19.653271,43.000000,25.000000,123.000000,14.302281,58.615100,1.112581,23.777910,1068512.000000,0.402756,565.388985,2.972711,25.790221,5.444305,2.521107,0.423415,0.712405,0.349472,1.061857,0.301285,0.837368,0.832658,0.984333,0.943500,-0.311963,0.000000,0.286850,1.564701,0.331860,2.461308,0.553697,3.129401,2.034497,0.736131,3.303263,65.771704,0.211485,1.000000,7.186237,125.257235,0.923440,3.816720,43.379421,70.504823,39.320959,0.649904,0.070154,0.612868,0.018616,52.555556,0.278072,0.998796,7.000000,31.947090,59.777778,28.003310,0.310692,3.638768,71.317460,0.377341,0.607717,21.116374,0.634872,5.497775,0.102720,6.058824,0.356401,0.913495,11.764706,2185.823529,3271.117647,1955.749510,0.151765,2.529412,0.148789,0.307177,4.406398,0.025673,3.690117,0.054662,1851.148789,4.004411,0.048540,2.536932,0.023760,0.576221,0.472977,0.472977,29.245654,311.000000,13.832523,73.455844,0.236192,311.000000,1.380646,0.724298,0.278706,27.599047,0.472977,13.832523,29.245654,13.000000,28.000000,30.870698,30.870698,311.000000,13.832523,1.380646,0.724298,73.455844,0.236192,311.000000
"c4273c1f-fd28-443f-97d6-70daecba3e6a","Detection","nuclei_histiocyte",95.346832,979.909424,53.000000,93.000000,3225790.000000,1.525450,19.000000,3.747145,131.000000,72.101351,12.063687,70.000000,37.000000,94.000000,7.950316,73.817136,0.696803,15.822918,3225790.000000,0.420528,250.364728,5.829816,9.955842,1.221182,1.673911,0.242928,0.746533,0.240233,0.805185,0.185216,0.880332,0.880153,0.990678,0.960025,-0.374538,0.000000,0.237876,2.339246,0.293274,2.406711,0.487203,4.678491,2.156137,0.479210,4.040798,98.854730,0.166984,1.000000,3.982549,248.952703,0.513924,6.138514,49.226351,264.452703,12.406635,0.245030,0.037063,0.316810,0.007775,94.420690,0.325589,0.748169,7.562069,31.951724,165.565517,7.788603,0.230263,4.741636,44.268966,0.152652,0.489865,15.282806,0.351697,3.340903,0.063158,3.769231,0.289941,1.455621,10.923077,9905.692308,45849.230769,2354.761645,0.240128,1.461538,0.112426,0.184706,3.201650,0.014154,3.546594,0.021959,7831.940828,4.008481,0.020387,2.429013,0.012027,0.209963,0.614539,0.614539,35.217500,592.500000,21.642544,96.669048,0.163155,592.500000,1.255095,0.796752,0.351708,43.950798,0.614539,21.642544,35.217500,23.000000,35.000000,41.880783,41.880783,592.500000,21.642544,1.255095,0.796752,96.669048,0.163155,592.500000
"89126cbc-ad7f-4cb7-9f17-d66d4d5eeff7","Detection","nuclei_tumor",772.039734,980.220703,53.000000,89.000000,4311944.000000,1.485101,16.000000,3.437399,125.000000,72.453972,10.426137,73.000000,42.000000,83.000000,6.861242,73.739462,0.180565,13.708760,4311944.000000,0.406500,187.930101,5.899668,6.319527,-0.444023,1.485518,0.258804,0.703261,0.253488,0.833842,0.194548,0.874142,0.873787,0.990088,0.957879,-0.347961,0.000000,0.248837,2.364950,0.256992,2.380623,0.381063,4.729900,2.110752,0.436080,4.068719,130.770492,0.164906,1.000000,3.907240,322.354351,0.461891,6.220681,48.626734,279.726356,12.729156,0.244481,0.040404,0.346124,0.008419,147.916877,0.372587,0.565716,7.231738,27.496222,161.979849,6.902035,0.213590,4.552837,58.103275,0.146356,0.500631,11.536499,0.342203,3.235559,0.056783,5.588235,0.328720,1.044983,10.764706,13246.764706,75181.823529,2839.015425,0.205376,2.882353,0.169550,0.386250,4.920357,0.084274,3.852169,0.021438,11070.816609,5.605644,0.013341,2.659626,0.011396,0.144239,0.583525,0.583525,41.727842,793.000000,24.349259,112.225397,0.141520,793.000000,1.263861,0.791226,0.376324,50.318224,0.583525,24.349259,41.727842,31.000000,38.000000,49.040799,49.040799,793.000000,24.349259,1.263861,0.791226,112.225397,0.141520,793.000000
"92d4b5d7-4b04-4b77-9433-9190636ecbb4","Detection","nuclei_histiocyte",7.920201,976.804810,46.000000,89.000000,1597846.000000,1.515152,21.000000,3.526453,123.000000,64.142077,12.575950,61.000000,39.000000,84.000000,9.051379,66.073440,0.896949,15.858546,1597846.000000,0.419272,251.493475,4.400591,6.932929,0.580702,1.500494,0.326681,0.642419,0.304508,0.941185,0.233956,0.851441,0.849963,0.981175,0.939837,-0.270809,0.000000,0.285107,2.026608,0.264838,2.524010,0.469327,4.053215,2.171920,0.456794,4.127572,55.278689,0.151035,1.000000,4.233957,153.453552,0.496880,4.808743,42.972678,183.464481,15.133140,0.353958,0.056224,0.450244,0.013425,69.995475,0.316722,0.740771,5.900452,20.343891,87.909502,6.554550,0.335784,4.261658,42.276018,0.191294,0.603825,9.373109,0.395861,3.229575,0.091082,7.545455,0.342975,0.993802,8.681818,2207.636364,9127.636364,580.437816,0.274306,3.181818,0.144628,0.306086,3.462545,0.030961,3.845351,0.060109,1930.867769,4.871389,0.028677,1.638899,0.023573,0.147914,0.727182,0.727182,25.995593,365.500000,18.903522,75.698485,0.207109,365.500000,1.247605,0.801536,0.313099,34.830971,0.727182,18.903522,25.995593,19.000000,25.000000,31.400637,31.400637,365.500000,18.903522,1.247605,0.801536,75.698485,0.207109,365.500000
"9951fdfe-306a-4f3d-ac73-5faf268b0522","Detection","nuclei_histiocyte",151.887909,979.172913,56.000000,95.000000,3477520.000000,1.424146,20.000000,3.524278,129.000000,73.085072,12.140665,71.000000,44.000000,85.000000,8.465133,74.712074,0.823799,15.506975,3477520.000000,0.448168,240.466278,5.976130,8.792960,1.639308,1.491885,0.228900,0.733958,0.228900,0.776089,0.176505,0.885550,0.885550,0.991196,0.961850,-0.360789,0.000000,0.228900,2.379156,0.325337,2.249403,0.520034,4.758312,2.020503,0.430196,3.820045,112.348315,0.180334,1.000000,3.754231,279.208668,0.465196,6.324238,50.094703,276.799358,11.250329,0.218001,0.037954,0.326288,0.008213,98.583618,0.336463,0.693217,7.907850,34.491468,176.081911,7.948559,0.207410,4.689290,42.815700,0.146129,0.470305,16.407203,0.305874,3.037761,0.059445,4.500000,0.281250,1.433594,10.812500,10249.687500,50456.375000,2315.451319,0.263785,2.000000,0.125000,0.303212,3.389691,0.082626,3.875000,0.025682,8733.558594,3.871913,0.020143,2.304096,0.010294,0.203182,0.682945,0.682945,34.346630,624.500000,23.456847,101.154329,0.161977,624.500000,1.303847,0.766961,0.346323,42.615132,0.682945,23.456847,34.346630,35.000000,26.000000,43.600459,43.600459,624.500000,23.456847,1.303847,0.766961,101.154329,0.161977,624.500000
"a066ef01-e79e-4410-92a7-cd545d352a37","Detection","nuclei_stroma",973.135681,980.996033,43.000000,90.000000,1975420.000000,1.708994,25.000000,3.172626,125.000000,62.735931,15.147936,57.000000,34.000000,91.000000,11.109225,65.389608,0.893353,18.439194,1975420.000000,0.347876,340.003860,4.182884,11.869032,1.435982,2.029106,0.318875,0.728384,0.302462,0.928207,0.227391,0.851504,0.850410,0.987866,0.949980,-0.338071,0.000000,0.288101,1.937866,0.220667,2.675617,0.381594,3.875733,2.335718,0.586995,4.261570,65.173160,0.141067,1.000000,4.825134,160.718615,0.681026,4.794372,43.415584,156.132035,21.146626,0.416377,0.060986,0.585151,0.015703,81.435986,0.281785,0.915746,6.799308,18.020761,68.387543,8.623547,0.314459,4.274347,60.660900,0.209899,0.625541,7.798470,0.453920,4.402638,0.091600,7.476190,0.356009,1.251701,12.047619,3214.000000,11688.619048,1279.713876,0.215860,4.619048,0.219955,0.468927,6.838224,0.076616,3.463281,0.045455,2730.000000,4.130386,0.026356,2.920680,0.018334,0.291495,0.352779,0.352779,41.176921,463.000000,14.526338,97.740115,0.211102,463.000000,1.641931,0.609039,0.270332,25.965448,0.352779,14.526338,41.176921,35.000000,24.000000,42.438190,42.438190,463.000000,14.526338,1.641931,0.609039,97.740115,0.211102,463.000000
"949b41ed-0260-4874-aca3-05121889acad","Detection","nuclei_stroma",1013.587769,985.736389,46.000000,95.000000,1668854.000000,1.740733,28.000000,2.483423,122.000000,68.908537,15.295955,67.000000,40.000000,82.000000,11.601832,71.330004,0.505976,18.427781,1668854.000000,0.335905,339.583098,5.193792,12.189447,0.652616,2.173638,0.268456,0.780143,0.268456,0.839241,0.196388,0.865772,0.865772,0.984208,0.946309,-0.407247,0.000000,0.268456,2.171980,0.220918,2.655240,0.395134,4.343960,2.386783,0.610524,4.155975,50.439024,0.153778,1.000000,4.064099,110.176829,0.681402,5.743902,43.969512,197.951220,16.866468,0.329671,0.044744,0.393676,0.010028,57.785340,0.302541,0.800307,7.680628,20.356021,94.764398,7.286940,0.248982,4.153272,32.738220,0.171404,0.582317,8.559853,0.357917,3.820079,0.055964,3.400000,0.340000,0.890000,10.500000,3469.600000,17063.800000,1008.039583,0.194444,1.800000,0.180000,0.281606,3.586354,0.024010,3.121928,0.030488,2393.760000,4.512255,0.038914,1.341911,0.029441,0.187593,0.367170,0.367170,34.104799,327.500000,12.522256,82.183766,0.250943,327.500000,1.641160,0.609325,0.248003,21.853292,0.367170,12.522256,34.104799,19.000000,30.000000,35.510562,35.510562,327.500000,12.522256,1.641160,0.609325,82.183766,0.250943,327.500000
"45fcc008-ec74-4222-853f-1d3c07dccb3c","Detection","nuclei_tumor",412.099396,995.599060,46.000000,101.000000,4129832.000000,1.938138,31.000000,3.503130,148.000000,74.238719,17.897103,73.000000,40.000000,108.000000,13.154380,77.533221,0.755511,22.360968,4129832.000000,0.300060,500.012882,6.347441,24.476198,1.263550,2.914415,0.342824,0.789500,0.288188,0.955230,0.259772,0.864627,0.861370,0.987301,0.953242,-0.428225,0.000000,0.244015,2.388419,0.198031,2.902481,0.313582,4.776837,2.551776,0.814310,4.371944,119.710335,0.174251,1.000000,5.358466,206.141194,0.942359,7.080058,48.665211,268.512373,16.258238,0.290436,0.058891,0.783129,0.009182,85.365651,0.236470,1.318283,10.418283,29.518006,167.285319,9.596191,0.207241,4.767539,73.265928,0.202953,0.525473,15.031653,0.453043,6.656539,0.054775,10.611111,0.294753,1.154321,16.277778,3457.972222,20114.555556,888.781042,0.108627,6.555556,0.182099,0.404401,7.039147,0.033756,3.871896,0.052402,3093.798611,4.594945,0.022736,2.170981,0.024332,0.181266,0.622705,0.622705,37.538769,687.500000,23.375581,102.669048,0.149337,687.500000,1.220103,0.819603,0.372854,49.394567,0.622705,23.375581,37.538769,24.000000,37.000000,44.102154,44.102154,687.500000,23.375581,1.220103,0.819603,102.669048,0.149337,687.500000
"9d677dbc-5c25-4b7c-9092-3d324f6203b2","Detection","nuclei_lymphocyte",911.284241,987.341064,40.000000,77.000000,852106.000000,1.472035,19.000000,3.733909,108.000000,55.465116,11.878673,51.000000,34.000000,74.000000,8.196190,57.469439,1.092031,15.045176,852106.000000,0.396701,226.357310,2.944740,6.210115,1.128561,1.450299,0.294368,0.662551,0.283741,0.891239,0.213859,0.859901,0.859192,0.982872,0.943606,-0.291534,0.000000,0.274442,1.629649,0.261309,2.347397,0.376196,3.259299,2.040644,0.436167,3.928620,37.124031,0.143892,1.000000,4.806502,102.348837,0.500766,3.422481,44.038760,107.562016,29.441457,0.551976,0.056193,0.364352,0.016918,54.106918,0.340295,0.628693,5.094340,18.591195,43.786164,13.034941,0.379324,4.007706,32.081761,0.201772,0.616279,8.059333,0.437283,3.069090,0.105110,6.090909,0.553719,0.512397,8.454545,2342.363636,6170.636364,1407.899621,0.200126,2.272727,0.206612,0.402281,3.691140,0.044214,2.550341,0.042636,1792.247934,4.546669,0.041541,1.759001,0.022635,0.271650,0.772751,0.772751,20.776697,258.000000,16.055215,62.284271,0.241412,258.000000,1.196540,0.835743,0.296126,31.157071,0.772751,16.055215,20.776697,18.000000,19.000000,26.172505,26.172505,258.000000,16.055215,1.196540,0.835743,62.284271,0.241412,258.000000
"4832377d-6e2d-4caa-8488-6d904f43b58f","Detection","nuclei_tumor",639.847839,1003.639282,61.000000,113.000000,8476797.000000,1.678062,25.000000,2.959976,160.000000,87.338679,15.409950,86.000000,48.000000,112.000000,11.152820,89.425826,0.260654,19.207639,8476797.000000,0.359388,368.933410,9.644055,15.376782,1.210020,2.259274,0.214850,0.826323,0.213863,0.752905,0.169112,0.893233,0.893167,0.994197,0.969466,-0.472249,0.000000,0.213000,3.022077,0.242404,2.567275,0.408485,6.044154,2.349480,0.618531,4.163650,208.522642,0.196719,1.000000,3.707259,380.950943,0.614392,9.859434,52.945283,488.055660,7.343862,0.135287,0.033627,0.382510,0.004614,144.322940,0.321432,0.780651,11.412027,37.086860,333.545657,5.295356,0.126373,5.085826,52.327394,0.116542,0.423585,14.793319,0.282981,3.774425,0.036706,6.400000,0.320000,1.527500,14.850000,18330.300000,167487.550000,2260.844431,0.144194,2.200000,0.110000,0.294059,4.092964,0.031643,3.921928,0.018868,15521.300000,3.392997,0.014036,3.177840,0.008412,0.206270,0.720032,0.720032,43.513828,1064.500000,31.331354,127.639610,0.119906,1064.500000,1.217911,0.821078,0.416478,61.629309,0.720032,31.331354,43.513828,35.000000,42.000000,54.671748,54.671748,1064.500000,31.331354,1.217911,0.821078,127.639610,0.119906,1064.500000
"02c65467-e0db-47e5-b82f-e3d0c04f9fec","Detection","nuclei_tumor",348.513336,1001.419189,67.000000,106.000000,6187930.000000,1.466723,22.000000,2.640275,127.000000,86.556804,12.575828,86.000000,47.000000,80.000000,9.422176,87.893435,-0.102766,15.270089,6187930.000000,0.412576,233.175612,8.997371,5.568703,-0.079881,1.478680,0.280973,0.680650,0.276372,0.866416,0.204591,0.862581,0.862274,0.989230,0.954048,-0.310061,0.000000,0.272346,2.949228,0.252766,2.446910,0.440026,5.898455,2.154397,0.439913,4.141164,125.619226,0.156828,1.000000,3.433277,330.473159,0.451536,9.332085,45.886392,408.495630,6.245805,0.135174,0.036880,0.399308,0.004695,153.387850,0.358383,0.568800,10.123832,22.789720,204.598131,3.046900,0.133036,4.563836,65.369159,0.152732,0.534332,8.779741,0.315388,3.652673,0.039454,7.000000,0.437500,1.121094,12.937500,14191.812500,126432.062500,1677.089861,0.157882,1.625000,0.101563,0.184598,2.984591,0.017781,3.625000,0.019975,11685.558594,4.712033,0.012633,2.788685,0.012024,0.114950,0.784347,0.784347,36.413785,800.000000,28.561053,110.568542,0.138211,800.000000,1.216083,0.822312,0.388211,53.547302,0.784347,28.561053,36.413785,30.000000,35.000000,46.097722,46.097722,800.000000,28.561053,1.216083,0.822312,110.568542,0.138211,800.000000
"3de28a90-e484-4628-b815-ab8267584d71","Detection","nuclei_lymphocyte",172.149323,1003.146484,42.000000,79.000000,1709004.000000,1.417134,18.000000,3.479741,107.000000,58.226891,11.201045,56.000000,35.000000,72.000000,7.804339,59.919484,0.901108,14.141207,1709004.000000,0.422543,199.973731,3.450815,4.874905,0.396262,1.344371,0.237774,0.699428,0.232153,0.798741,0.183879,0.884860,0.884486,0.986112,0.953757,-0.341417,0.000000,0.227234,1.781619,0.289842,2.248689,0.456436,3.563238,1.994255,0.395536,3.994700,83.176471,0.174740,1.000000,4.543482,201.130252,0.432508,3.773109,50.247899,167.756303,24.609346,0.464505,0.044241,0.297247,0.014346,81.661088,0.341678,0.619492,4.874477,26.769874,90.083682,12.797245,0.399523,4.452898,40.430962,0.169167,0.502101,10.903486,0.399586,2.700846,0.113576,4.714286,0.336735,0.882653,8.642857,6549.142857,22219.714286,2749.404266,0.247520,2.285714,0.163265,0.342319,4.428056,0.037157,3.182006,0.029412,5393.142857,5.610001,0.026749,1.464048,0.015890,0.162743,0.715659,0.715659,29.493263,475.500000,21.107109,86.669048,0.182269,475.500000,1.257094,0.795486,0.332491,39.279083,0.715659,21.107109,29.493263,28.000000,25.000000,37.536649,37.536649,475.500000,21.107109,1.257094,0.795486,86.669048,0.182269,475.500000
"55b999e5-cc8c-493a-97fc-835910e90f9e","Detection","nuclei_histiocyte",112.085396,1002.161926,48.000000,93.000000,1366668.000000,1.576144,20.000000,2.852794,112.000000,67.408451,12.993156,64.000000,38.000000,74.000000,9.148292,69.370104,0.639314,16.380233,1366668.000000,0.405450,268.312041,4.852459,8.579041,0.808095,1.627585,0.302797,0.686283,0.287367,0.905913,0.220217,0.858888,0.857859,0.982461,0.943041,-0.309388,0.000000,0.273867,2.126326,0.280907,2.515318,0.492768,4.252652,2.183895,0.482595,3.945578,45.126761,0.158897,1.000000,4.727881,115.147887,0.551912,5.426056,43.922535,188.017606,14.803110,0.310153,0.049968,0.456816,0.011093,50.349398,0.303310,0.788540,7.343373,21.361446,95.072289,7.010459,0.259413,4.232120,34.036145,0.205037,0.584507,9.653506,0.436736,4.289143,0.081011,4.200000,0.420000,1.010000,11.900000,3121.000000,13629.700000,850.700000,0.184722,1.400000,0.140000,0.250798,4.006639,0.015773,2.921928,0.035211,2314.440000,3.268658,0.043661,1.368887,0.023810,0.205393,0.705165,0.705165,22.980392,283.000000,16.204957,69.112698,0.244214,283.000000,1.343134,0.744527,0.277891,27.437952,0.705165,16.204957,22.980392,22.000000,19.000000,29.068884,29.068884,283.000000,16.204957,1.343134,0.744527,69.112698,0.244214,283.000000
"e49096e3-754e-4a70-9461-5d4c62cf82c1","Detection","nuclei_lymphocyte",9.165053,1005.592468,41.000000,82.000000,1127918.000000,1.561290,20.000000,3.111652,110.000000,58.006410,12.815664,53.000000,32.000000,78.000000,9.035354,60.125883,0.902737,15.823342,1127918.000000,0.363351,250.378164,3.351351,6.303920,0.911233,1.640839,0.312119,0.680363,0.306888,0.908156,0.217939,0.847428,0.847079,0.981732,0.938797,-0.295466,0.000000,0.302310,1.737576,0.224662,2.503484,0.318221,3.475153,2.178860,0.488239,3.966828,45.743590,0.146614,1.000000,4.114892,113.365385,0.559788,3.897436,41.512821,117.391026,25.568888,0.502114,0.049709,0.374194,0.014595,65.428571,0.333819,0.646085,5.459184,16.663265,49.602041,10.215349,0.356789,4.047214,37.336735,0.190494,0.628205,6.527489,0.404669,3.144969,0.077664,2.500000,0.312500,1.000000,10.000000,4205.500000,12665.500000,2288.221354,0.221354,1.750000,0.218750,0.377715,6.024327,0.023748,2.405639,0.025641,2684.500000,5.581482,0.033353,1.819270,0.026935,0.200972,0.681494,0.681494,24.347075,310.000000,16.592383,69.941125,0.225617,310.000000,1.255722,0.796354,0.299011,31.767125,0.681494,16.592383,24.347075,19.000000,23.000000,29.832868,29.832868,310.000000,16.592383,1.255722,0.796354,69.941125,0.225617,310.000000
"cda5c7d4-49c4-445f-aed9-02b2264af6f9","Detection","nuclei_tumor",845.873962,1003.729675,89.000000,120.000000,3811098.000000,1.212129,15.000000,2.847151,138.000000,104.306358,9.360720,106.000000,73.000000,65.000000,6.828581,104.951103,-0.013142,11.615408,3811098.000000,0.488406,134.917705,7.418168,2.323896,-0.238847,0.983029,0.202036,0.659030,0.202036,0.725981,0.161217,0.898982,0.898982,0.988116,0.959593,-0.323112,0.000000,0.202036,2.687549,0.352930,1.954252,0.521535,5.375098,1.752216,0.296266,3.661088,65.445087,0.189148,1.000000,4.109325,168.988439,0.315421,7.586705,51.583815,387.002890,7.972905,0.160967,0.037823,0.338545,0.006393,59.320513,0.380260,0.511177,8.038462,36.230769,284.820513,5.249644,0.171207,4.449328,21.641026,0.138725,0.450867,16.553583,0.309554,3.100319,0.049976,3.181818,0.289256,0.991736,9.454545,4487.454545,37147.909091,589.859848,0.212121,1.363636,0.123967,0.221075,2.521888,0.039917,3.459432,0.031792,3498.066116,2.482063,0.033786,1.328263,0.010804,0.180468,0.638110,0.638110,26.359290,346.500000,16.820117,73.698485,0.212694,346.500000,1.247395,0.801671,0.308987,33.922135,0.638110,16.820117,26.359290,24.000000,19.000000,30.610456,30.610456,346.500000,16.820117,1.247395,0.801671,73.698485,0.212694,346.500000
"075d91e8-65c0-4b91-87cf-e1f11a7509ef","Detection","nuclei_lymphocyte",143.469360,1007.958679,34.000000,84.000000,1281135.000000,1.632742,28.000000,3.729253,131.000000,56.321229,15.953091,54.000000,25.000000,106.000000,11.414614,59.821312,0.908773,20.162057,1281135.000000,0.365142,406.508544,3.353474,14.035202,2.423651,2.012351,0.289275,0.748634,0.254532,0.874930,0.224489,0.877958,0.876208,0.989227,0.958365,-0.388144,0.000000,0.229481,1.709592,0.262210,2.458178,0.384441,3.419184,2.160440,0.575406,4.038097,66.117318,0.184685,1.000000,5.535876,130.720670,0.685161,3.891061,49.435754,132.773743,31.986515,0.539150,0.056999,0.470948,0.018043,57.650000,0.288250,0.971775,6.565000,27.090000,68.140000,18.482172,0.332346,4.307492,49.070000,0.245350,0.558659,14.273600,0.506904,4.605893,0.103384,3.705882,0.217993,1.584775,10.235294,2484.235294,6533.588235,1541.114297,0.272680,3.117647,0.183391,0.405479,4.914875,0.097664,3.969816,0.047486,2040.761246,3.390292,0.039052,2.616722,0.016608,0.477997,0.704014,0.704014,25.709156,359.000000,18.099616,74.426407,0.207316,359.000000,1.227863,0.814423,0.315449,35.355755,0.704014,18.099616,25.709156,21.000000,25.000000,32.649655,32.649655,359.000000,18.099616,1.227863,0.814423,74.426407,0.207316,359.000000
"4ecd9d86-c17c-40e3-8b57-0fe27cc131c9","Detection","nuclei_tumor",983.504395,1005.268433,68.000000,97.000000,2139984.000000,1.219746,13.000000,2.855316,112.000000,80.325153,8.501411,78.000000,59.000000,53.000000,6.230997,81.020788,0.681530,10.594236,2139984.000000,0.477493,112.237834,3.024086,2.300564,0.023539,0.961846,0.253322,0.583066,0.253322,0.816501,0.189150,0.873339,0.873339,0.974668,0.936669,-0.243718,0.000000,0.253322,1.687292,0.309918,2.060838,0.471761,3.374585,1.807516,0.303792,3.846115,53.079755,0.162821,1.000000,3.869397,155.662577,0.323921,3.285276,46.319018,143.119632,23.039110,0.496847,0.041034,0.175805,0.017235,67.710059,0.400651,0.449354,3.727811,22.804734,72.710059,10.854372,0.482413,4.293472,24.278107,0.143657,0.518405,7.920661,0.307932,1.500614,0.120252,3.000000,0.428571,0.530612,6.428571,7157.142857,23449.571429,3106.575397,0.277778,1.285714,0.183673,0.301801,2.001812,0.053386,2.807355,0.021472,4988.244898,8.906136,0.027730,0.814261,0.027601,0.076933,0.904465,0.904465,21.544149,323.500000,19.485929,69.698485,0.215451,323.500000,1.194985,0.836830,0.313664,34.956741,0.904465,19.485929,21.544149,20.000000,20.000000,28.284271,28.284271,323.500000,19.485929,1.194985,0.836830,69.698485,0.215451,323.500000
"d92d7938-5423-4748-bd91-37714526e6f1","Detection","nuclei_histiocyte",88.559143,1007.328735,52.000000,103.000000,1297556.000000,1.654871,26.000000,3.332271,135.000000,74.614679,15.503072,71.000000,45.000000,90.000000,11.065291,77.149801,0.892513,19.614827,1297556.000000,0.387215,384.741436,6.393590,12.880314,2.138887,1.969446,0.342308,0.703855,0.311538,0.963790,0.245251,0.849359,0.847308,0.987079,0.948810,-0.316630,0.000000,0.284615,2.446795,0.266140,2.628218,0.466667,4.893590,2.272167,0.577938,4.088754,30.532110,0.140056,1.000000,4.980305,84.412844,0.670987,7.082569,41.422018,227.376147,9.590831,0.215176,0.060243,0.802368,0.008492,38.367647,0.282115,0.967128,9.617647,19.514706,105.102941,4.541213,0.182998,4.256559,28.897059,0.212478,0.623853,9.237024,0.449442,5.686586,0.057918,2.818182,0.256198,1.652893,15.545455,1568.000000,8122.545455,349.401717,0.165429,1.727273,0.157025,0.326795,7.860768,0.014901,3.027169,0.050459,1175.239669,1.603635,0.054904,2.584453,0.018755,0.474274,0.490059,0.490059,24.188665,217.000000,11.853882,64.284271,0.296241,217.000000,1.515444,0.659873,0.237535,20.047382,0.490059,11.853882,24.188665,13.000000,23.000000,26.419690,26.419690,217.000000,11.853882,1.515444,0.659873,64.284271,0.296241,217.000000
"ce40c52c-3aac-4a10-ba30-d696a5ab50ad","Detection","nuclei_tumor",509.361633,1011.673279,50.000000,92.000000,3621873.000000,1.427643,18.000000,2.506027,111.000000,75.059677,11.683319,78.000000,43.000000,68.000000,8.948802,76.431215,-0.418440,14.414419,3621873.000000,0.427045,207.775471,6.632233,7.533214,-1.304771,1.668662,0.161166,0.823846,0.156022,0.637258,0.136823,0.922846,0.922503,0.990610,0.968967,-0.508113,0.000000,0.151522,2.501072,0.328351,2.131475,0.484784,5.002143,1.954865,0.457457,3.683583,168.251613,0.271374,1.000000,3.497867,264.767742,0.456285,6.770968,57.829032,396.538710,12.488474,0.229245,0.027952,0.183707,0.007896,73.826291,0.346602,0.631533,6.591549,59.239437,413.474178,11.642540,0.269660,5.019347,21.835681,0.102515,0.343548,25.348454,0.261870,1.771438,0.078045,3.000000,0.272727,0.975207,7.000000,12536.363636,91720.909091,2120.571338,0.314394,1.363636,0.123967,0.143927,0.365188,0.103125,3.277613,0.017742,9359.504132,3.142354,0.030224,0.888987,0.011593,0.144434,0.921876,0.921876,30.073568,630.000000,27.724096,101.112698,0.160496,630.000000,1.291401,0.774353,0.349588,43.422655,0.921876,27.724096,30.073568,30.000000,26.000000,39.698866,39.698866,630.000000,27.724096,1.291401,0.774353,101.112698,0.160496,630.000000
"74d8887e-a2f5-4123-9f50-61e6f6c9531e","Detection","nuclei_tumor",772.364441,1011.935913,47.000000,96.000000,3051315.000000,1.711542,26.000000,2.489047,126.000000,73.624528,15.068451,76.000000,38.000000,88.000000,11.506462,75.876203,0.075514,18.347396,3051315.000000,0.350324,336.626946,6.389394,12.655004,-1.351575,2.264466,0.248990,0.801874,0.236869,0.819870,0.192883,0.883586,0.882778,0.990520,0.960810,-0.434012,0.000000,0.226263,2.426010,0.235123,2.593606,0.386364,4.852020,2.320881,0.628364,4.240130,91.294340,0.172253,1.000000,4.388907,185.671698,0.667839,6.758491,49.913208,314.920755,14.636904,0.274430,0.047981,0.500228,0.009095,78.639098,0.295636,0.850882,8.116541,27.518797,187.240602,7.346153,0.230238,4.659268,42.428571,0.159506,0.501887,11.638872,0.378899,4.241525,0.056230,7.272727,0.330579,1.140496,12.454545,3850.545455,28567.454545,755.471124,0.152311,4.545455,0.206612,0.402313,6.006397,0.037094,3.390805,0.041509,3270.173554,2.696145,0.028147,2.199028,0.015020,0.247570,0.537168,0.537168,35.995274,535.500000,19.335515,97.012193,0.181162,535.500000,1.398567,0.715018,0.316188,35.521586,0.537168,19.335515,35.995274,32.000000,25.000000,40.607881,40.607881,535.500000,19.335515,1.398567,0.715018,97.012193,0.181162,535.500000
"11c954b7-cc60-4717-8f03-8deb9dbcc56b","Detection","nuclei_stroma",298.909729,1013.947388,37.000000,69.000000,618851.000000,1.151038,20.000000,2.797597,89.000000,50.406114,10.758567,46.000000,32.000000,57.000000,8.175807,51.984672,0.822714,12.713372,618851.000000,0.495090,161.629832,2.148780,3.357804,1.078825,1.045442,0.147561,0.752623,0.147561,0.603703,0.125787,0.926220,0.926220,0.985244,0.963110,-0.429586,0.000000,0.147561,1.387195,0.410326,1.711986,0.581707,2.774390,1.564425,0.298251,3.340464,53.628821,0.234187,1.000000,3.622204,113.375546,0.324021,2.375546,54.100437,103.423581,42.657569,0.699782,0.032139,0.108266,0.016427,38.955556,0.432840,0.390247,3.433333,44.155556,74.600000,37.087654,0.502778,4.209947,10.577778,0.117531,0.393013,18.258765,0.243444,1.107246,0.079019,3.000000,0.500000,0.333333,4.333333,3851.166667,5811.666667,3376.041667,0.351852,1.000000,0.166667,0.179714,0.729116,0.044649,2.584963,0.026201,2394.472222,6.225476,0.068119,0.501765,0.016428,0.226170,0.506948,0.506948,24.717710,234.500000,12.530594,68.870058,0.293689,234.500000,1.609564,0.621286,0.231485,19.039114,0.506948,12.530594,24.717710,18.000000,21.000000,27.658633,27.658633,234.500000,12.530594,1.609564,0.621286,68.870058,0.293689,234.500000
"9fbf006e-b63b-41a7-97b0-ff007dd3d77a","Detection","nuclei_tumor",886.044495,1014.274475,37.000000,123.000000,2903710.000000,2.202688,46.000000,2.271896,144.000000,73.731278,25.565973,70.000000,29.000000,115.000000,19.452873,79.973977,0.568781,30.976374,2903710.000000,0.231510,959.535718,7.514506,90.809783,9.238711,6.268842,0.191237,0.940794,0.191237,0.704053,0.154666,0.904381,0.904381,0.992645,0.968127,-0.623807,0.000000,0.191237,2.448490,0.161286,3.016788,0.251036,4.896980,2.825551,1.615020,4.659114,86.453744,0.190427,1.000000,3.048148,105.105727,1.641120,7.737885,52.295154,382.041850,22.575166,0.385863,0.027014,0.227923,0.008655,45.030928,0.232118,1.421963,8.469072,30.711340,213.412371,13.956251,0.301400,5.155461,22.061856,0.113721,0.427313,8.805080,0.196641,1.894443,0.038124,1.000000,0.200000,2.000000,11.000000,9543.600000,53249.800000,4323.368056,0.292722,1.000000,0.200000,0.000211,0.003788,0.000026,2.321928,0.011013,1298.960000,5.994260,0.052597,1.521146,0.030034,0.472145,0.762654,0.762654,28.508621,464.500000,21.742216,87.698485,0.188802,464.500000,1.317615,0.758947,0.319097,36.178249,0.762654,21.742216,28.508621,29.000000,21.000000,35.805028,35.805028,464.500000,21.742216,1.317615,0.758947,87.698485,0.188802,464.500000
"ddef389b-7921-4b43-8748-5583e25fa67e","Detection","nuclei_tumor",736.925598,1014.628540,74.000000,112.000000,4861691.000000,1.460165,18.000000,3.368509,135.000000,94.548023,11.366061,96.000000,52.000000,83.000000,7.759584,95.685563,-0.300784,14.710484,4861691.000000,0.409266,216.398353,5.536327,6.678266,-0.362766,1.583667,0.213925,0.761987,0.213925,0.748919,0.168161,0.893037,0.893037,0.987416,0.957215,-0.415042,0.000000,0.213925,2.279011,0.271522,2.317269,0.420787,4.558022,2.103344,0.449398,4.040676,94.510358,0.177986,1.000000,3.466614,217.320151,0.447814,5.743879,50.638418,272.451977,14.667726,0.271827,0.042004,0.321138,0.008708,96.008130,0.390277,0.500380,6.548780,29.284553,149.910569,8.468891,0.237805,4.617510,31.105691,0.126446,0.463277,10.647432,0.258864,2.050673,0.047149,3.923077,0.301775,0.840237,9.384615,7296.076923,35852.000000,1788.781517,0.196581,5.307692,0.408284,0.617566,6.418992,0.078688,2.815072,0.024482,5627.668639,5.331326,0.023206,1.264270,0.015681,0.124577,0.520421,0.520421,36.637955,537.500000,19.067148,97.698485,0.181765,537.500000,1.413147,0.707640,0.314030,35.038526,0.520421,19.067148,36.637955,36.000000,19.000000,40.706265,40.706265,537.500000,19.067148,1.413147,0.707640,97.698485,0.181765,537.500000
"68cd7e2d-d720-48c2-a2f9-d212049d62c1","Detection","nuclei_histiocyte",43.895905,1016.913452,41.000000,86.000000,572572.000000,1.596590,22.000000,3.731715,117.000000,61.585714,13.552653,59.000000,36.000000,81.000000,9.578640,63.951544,0.924002,17.233682,572572.000000,0.387347,296.999796,3.892929,9.750541,1.193654,1.697541,0.321212,0.681772,0.313131,0.923194,0.223161,0.844781,0.844242,0.981248,0.937643,-0.301906,0.000000,0.306061,1.883838,0.246948,2.538340,0.422222,3.767677,2.209444,0.504688,3.717845,22.171429,0.158367,1.000000,4.372653,54.228571,0.585510,4.528571,39.014286,125.771429,19.563591,0.412996,0.052305,0.403812,0.013453,29.547368,0.311025,0.761662,6.421053,14.063158,50.547368,6.561988,0.303363,3.730536,21.000000,0.221053,0.678571,5.376177,0.457347,4.202770,0.076161,2.142857,0.306122,0.979592,9.142857,1060.571429,3958.285714,396.876984,0.244048,1.857143,0.265306,0.116647,1.361320,0.010892,2.521641,0.050000,660.571429,2.111496,0.080077,1.566623,0.027195,0.430598,0.738516,0.738516,15.623762,142.500000,11.538399,46.384776,0.325507,142.500000,1.201507,0.832288,0.254494,23.012071,0.738516,11.538399,15.623762,14.000000,13.000000,19.104973,19.104973,142.500000,11.538399,1.201507,0.832288,46.384776,0.325507,142.500000
"496d6c21-dc9b-4779-b0e1-1aa937cc48ff","Detection","nuclei_lymphocyte",182.964813,1018.354614,40.000000,71.000000,480797.000000,1.281204,12.000000,3.190583,82.000000,51.148571,9.013029,48.000000,35.000000,47.000000,6.330633,52.415756,1.048279,11.455788,480797.000000,0.450710,131.235069,2.396104,4.351114,1.239920,1.224466,0.245130,0.666398,0.245130,0.803468,0.185041,0.877435,0.877435,0.975487,0.938718,-0.299433,0.000000,0.245130,1.466721,0.320700,2.072856,0.500000,2.933442,1.827727,0.367399,3.743843,28.851429,0.164865,1.000000,4.912653,78.874286,0.398171,2.708571,44.782857,88.822857,35.087143,0.655397,0.050252,0.231227,0.021809,41.078431,0.402730,0.445694,3.735294,20.960784,40.529412,16.809368,0.479575,3.698318,21.843137,0.214148,0.582857,9.186467,0.406231,1.838454,0.151963,2.750000,0.343750,0.609375,5.125000,1280.625000,2265.000000,1051.614583,0.385417,1.250000,0.156250,0.260955,2.294307,0.031543,2.750000,0.045714,802.109375,8.032025,0.059857,0.737921,0.032569,0.180971,0.513756,0.513756,21.545034,180.000000,11.068886,61.455844,0.341421,180.000000,1.669721,0.598902,0.210791,15.787298,0.513756,11.068886,21.545034,24.000000,11.000000,26.400758,26.400758,180.000000,11.068886,1.669721,0.598902,61.455844,0.341421,180.000000
"98b9ce09-e9cc-4411-a3d8-64acb4c70969","Detection","nuclei_tumor",475.723938,1018.368591,76.000000,103.000000,1822539.000000,0.996672,16.000000,4.115192,132.000000,90.250000,8.945455,90.000000,63.000000,69.000000,6.013406,91.017955,0.661474,11.798546,1822539.000000,0.641901,139.205682,4.360614,1.634396,0.330455,0.502137,0.236573,0.359497,0.223785,0.796991,0.186493,0.890239,0.889386,0.986310,0.955669,-0.110630,0.000000,0.212596,2.072251,0.544052,1.586358,0.728900,4.144501,1.342205,0.184678,3.135816,41.054545,0.186612,1.000000,6.118678,141.218182,0.242645,4.690909,49.200000,202.918182,12.450221,0.272191,0.072976,0.564841,0.021384,41.605042,0.349622,0.609703,6.067227,30.420168,126.050420,7.905579,0.295168,3.787708,32.815126,0.275757,0.540909,16.748817,0.540338,4.003022,0.168425,5.000000,0.333333,1.173333,7.933333,2015.733333,8127.733333,505.406944,0.347685,4.066667,0.271111,0.511723,5.197166,0.136951,3.006239,0.068182,1800.622222,1.934713,0.052547,1.361657,0.009350,0.258811,0.433054,0.433054,26.523502,227.000000,11.486107,67.798990,0.298674,227.000000,1.611427,0.620568,0.229412,18.699690,0.433054,11.486107,26.523502,27.000000,11.000000,29.154759,29.154759,227.000000,11.486107,1.611427,0.620568,67.798990,0.298674,227.000000
"6b94a540-fff1-4557-9ffd-2daab84d97ff","Detection","nuclei_tumor",738.070618,440.951141,55.000000,96.000000,3643256.000000,1.444717,23.000000,2.633761,126.000000,76.451505,12.855650,77.000000,44.000000,82.000000,9.568243,78.053836,0.142865,15.734317,3643256.000000,0.418295,247.568718,6.889729,5.549038,0.152729,1.412180,0.255225,0.693866,0.255225,0.819454,0.190085,0.872388,0.872388,0.990184,0.957463,-0.326415,0.000000,0.255225,2.569142,0.266527,2.366988,0.379280,5.138284,2.111764,0.416851,4.096596,97.856187,0.163639,1.000000,3.968692,250.140468,0.435210,7.162207,47.555184,329.232441,8.595083,0.191004,0.042593,0.364278,0.009577,107.293160,0.349489,0.634426,7.716612,25.400651,177.218241,4.541384,0.206807,4.629658,48.576547,0.158230,0.513378,10.223663,0.355378,3.107681,0.075415,3.875000,0.242188,1.562500,9.125000,6605.625000,40645.062500,1272.009444,0.334097,2.750000,0.171875,0.369072,4.248468,0.114904,3.875000,0.026756,5208.734375,3.669363,0.018278,2.580730,0.010497,0.180287,0.682095,0.682095,33.789730,597.000000,23.047813,103.941125,0.174106,597.000000,1.440093,0.694399,0.317847,35.895399,0.682095,23.047813,33.789730,31.000000,27.000000,41.109610,41.109610,597.000000,23.047813,1.440093,0.694399,103.941125,0.174106,597.000000
"b5098cfa-277a-40d3-8f84-318652718aa6","Detection","nuclei_histiocyte",113.914177,945.264099,43.000000,89.000000,2193029.000000,1.648969,22.000000,9.540780,200.000000,66.441242,15.088638,63.000000,31.000000,169.000000,9.502721,69.732288,1.835332,21.169634,2193029.000000,0.404792,448.153421,5.056716,36.594270,4.181892,2.122631,0.306269,0.747813,0.284776,0.912595,0.225171,0.861194,0.859761,0.995317,0.968597,-0.347848,0.000000,0.265970,2.145373,0.276993,2.571287,0.485373,4.290746,2.254001,0.607225,4.161283,70.534368,0.156395,1.000000,4.717371,182.560976,0.743762,5.572062,45.580931,198.529933,15.720557,0.326082,0.055769,0.706222,0.012777,68.795918,0.280800,1.394019,8.069388,25.934694,114.946939,8.387830,0.284909,4.736697,43.236735,0.176476,0.543237,12.380275,0.393853,4.808583,0.083278,5.347826,0.232514,2.854442,14.652174,3183.521739,13273.173913,842.337636,0.244568,3.695652,0.160681,0.361206,8.272843,0.034840,4.088779,0.050998,2799.020794,2.100745,0.025162,7.441896,0.009382,1.114243,0.577637,0.577637,31.911792,452.500000,18.433437,102.727922,0.227023,452.500000,1.855874,0.538830,0.245195,21.361121,0.577637,18.433437,31.911792,20.000000,33.000000,38.587563,38.587563,452.500000,18.433437,1.855874,0.538830,102.727922,0.227023,452.500000
"06e7d220-d45a-4a51-9587-81f5eba39237","Detection","nuclei_histiocyte",34.160873,743.719055,46.000000,81.000000,1456196.000000,1.444497,20.000000,3.856264,114.000000,61.833795,11.405867,60.000000,38.000000,76.000000,8.104742,63.512077,0.959310,14.503990,1456196.000000,0.440351,210.365728,3.902494,6.571613,0.625397,1.333611,0.287982,0.644816,0.281935,0.878037,0.208495,0.860040,0.859637,0.983167,0.943815,-0.271473,0.000000,0.276644,1.908163,0.293751,2.362005,0.496599,3.816327,2.061019,0.405398,3.818342,55.027701,0.152431,1.000000,3.915823,158.966759,0.450902,4.351801,43.421053,159.027701,17.593125,0.388947,0.040839,0.249382,0.012388,70.573460,0.334471,0.653040,5.426540,21.810427,83.194313,8.265074,0.355615,4.231117,38.175355,0.180926,0.584488,10.101705,0.358534,2.676094,0.085474,2.250000,0.281250,0.937500,8.500000,6995.375000,27039.625000,2295.618924,0.244792,1.000000,0.125000,0.172616,1.182125,0.034797,3.000000,0.022161,4959.109375,4.670683,0.029299,1.646198,0.019870,0.165658,0.394738,0.394738,34.346946,359.500000,13.558041,86.041631,0.239337,359.500000,1.638734,0.610227,0.254133,22.946913,0.394738,13.558041,34.346946,14.000000,34.000000,36.769553,36.769553,359.500000,13.558041,1.638734,0.610227,86.041631,0.239337,359.500000
"5185698a-df3c-494c-85fb-29786cab3073","Detection","nuclei_histiocyte",45.133881,732.265015,61.000000,88.000000,1017074.000000,1.028776,17.000000,2.344356,102.000000,73.770492,8.903341,73.000000,50.000000,52.000000,6.641399,74.550529,0.065049,10.756206,1017074.000000,0.504673,115.695960,2.147105,1.069019,0.357578,0.854362,0.139280,0.719657,0.139280,0.582350,0.119881,0.930360,0.930360,0.986072,0.965180,-0.414771,0.000000,0.139280,1.402973,0.401078,1.588590,0.535211,2.805947,1.449310,0.248411,3.485041,37.928962,0.207262,1.000000,4.065454,92.355191,0.256980,2.322404,53.218579,110.606557,38.877656,0.675471,0.048279,0.184503,0.020295,39.000000,0.493671,0.282967,2.949367,36.556962,72.000000,27.724332,0.540788,4.102470,9.911392,0.125461,0.431694,15.093094,0.291781,1.192034,0.094847,3.857143,0.551020,0.285714,4.285714,2148.142857,3957.857143,1695.873016,0.337302,2.714286,0.387755,0.572657,3.004875,0.123333,2.128085,0.038251,1464.693878,3.854346,0.077580,0.550922,0.012839,0.271346,0.304269,0.304269,27.936334,183.000000,8.500162,74.000000,0.404372,183.000000,2.381236,0.419950,0.162192,9.346723,0.304269,8.500162,27.936334,12.000000,25.000000,27.730849,27.730849,183.000000,8.500162,2.381236,0.419950,74.000000,0.404372,183.000000
"1d61171d-878d-4352-9c61-cdb81c45ca6d","Detection","nuclei_endothelium",4.131657,677.463989,92.000000,129.000000,4145816.000000,1.478358,22.000000,3.207910,160.000000,110.065476,11.958617,109.000000,68.000000,92.000000,8.602790,111.079873,0.342297,14.977618,4145816.000000,0.422034,224.329046,8.507550,5.889719,0.310848,1.396727,0.322987,0.624372,0.322987,0.907600,0.218666,0.838507,0.838507,0.987577,0.946169,-0.248865,0.000000,0.322987,2.870386,0.245705,2.508020,0.431208,5.740772,2.185033,0.429928,4.049257,53.261905,0.158518,1.000000,3.413797,141.803571,0.457616,8.877976,37.095238,307.098214,5.317727,0.143938,0.044942,0.448584,0.007078,78.495495,0.353583,0.607925,9.527027,16.126126,138.918919,2.231266,0.145709,4.179326,44.405405,0.200024,0.660714,6.963234,0.391062,4.242630,0.055930,3.307692,0.254438,1.230769,10.230769,2527.230769,21909.461538,313.284637,0.201795,1.615385,0.124260,0.068371,0.552485,0.026736,3.700440,0.038690,1859.207101,2.332825,0.026692,3.107009,0.013745,0.244474,0.197724,0.197724,48.428687,338.000000,9.575526,107.656854,0.318511,338.000000,2.728706,0.366474,0.170718,10.355253,0.197724,9.575526,48.428687,10.000000,45.000000,46.097722,46.097722,338.000000,9.575526,2.728706,0.366474,107.656854,0.318511,338.000000
"5a6ed89d-551f-4d70-9ec6-6f06ed66af40","Detection","nuclei_histiocyte",117.360619,590.230713,39.000000,80.000000,1032715.000000,1.431316,21.000000,3.612072,119.000000,58.612903,12.854897,58.000000,29.000000,90.000000,9.295780,60.839851,0.658666,16.309967,1032715.000000,0.429452,266.015031,3.455534,5.863503,0.565471,1.358395,0.247036,0.692250,0.245059,0.811022,0.186982,0.877800,0.877668,0.985503,0.951054,-0.333306,0.000000,0.243330,1.782609,0.293414,2.258313,0.462451,3.565217,2.007576,0.401358,3.707181,44.670251,0.160108,1.000000,4.135045,119.817204,0.447939,3.881720,46.175627,142.878136,23.710474,0.451314,0.041326,0.237077,0.016186,52.173333,0.347822,0.618889,5.313333,23.253333,71.133333,12.486111,0.352685,4.267081,24.266667,0.161778,0.537634,9.414933,0.367567,2.705379,0.095781,2.250000,0.281250,1.234375,8.125000,4068.375000,14060.375000,1625.548611,0.338542,1.250000,0.156250,0.190955,1.155917,0.129308,2.750000,0.028674,2852.109375,3.451243,0.043509,1.458419,0.016986,0.266739,0.496087,0.496087,26.963688,281.000000,13.376324,73.798990,0.262630,281.000000,1.542356,0.648359,0.250067,22.218450,0.496087,13.376324,26.963688,13.000000,27.000000,29.966648,29.966648,281.000000,13.376324,1.542356,0.648359,73.798990,0.262630,281.000000
"5a3ba7e9-4b41-4402-92f2-4527699aeadb","Detection","nuclei_lymphocyte",122.503632,605.966797,37.000000,60.000000,364083.000000,0.871196,13.000000,2.771374,71.000000,46.763975,7.006828,45.000000,33.000000,38.000000,5.164452,47.554023,0.702356,8.632249,364083.000000,0.586590,74.515721,1.691638,0.982939,0.550775,0.622795,0.132404,0.649353,0.132404,0.563995,0.114873,0.933798,0.933798,0.973519,0.955865,-0.347208,0.000000,0.132404,1.252613,0.507527,1.347677,0.681185,2.505226,1.215273,0.188800,3.030114,38.416149,0.238610,1.000000,3.592608,94.440994,0.206705,1.875776,55.236025,84.621118,47.889752,0.781056,0.027013,0.067291,0.016944,31.516129,0.508325,0.245838,2.693548,42.354839,60.258065,37.879032,0.576613,3.740420,7.419355,0.119667,0.385093,15.381894,0.262784,0.955659,0.089565,1.000000,0.500000,0.250000,2.500000,7602.500000,10916.000000,6774.125000,0.625000,1.000000,0.500000,0.000265,0.000944,0.000095,1.000000,0.012422,1122.250000,42.181101,0.095422,0.130184,0.027964,0.091823,0.817667,0.817667,15.944889,160.500000,13.037605,57.414214,0.357721,160.500000,1.634383,0.611852,0.208147,15.393741,0.817667,13.037605,15.944889,15.000000,14.000000,20.518285,20.518285,160.500000,13.037605,1.634383,0.611852,57.414214,0.357721,160.500000
"c68e155e-3e64-4583-8e4d-644af279081c","Detection","nuclei_tumor",468.387299,330.371613,73.000000,116.000000,3916448.000000,1.514804,21.000000,3.488903,146.000000,90.925764,13.309376,87.000000,62.000000,84.000000,9.118656,92.472680,0.935977,16.843453,3916448.000000,0.433697,283.701913,5.009959,11.245834,1.417113,1.758884,0.183363,0.811185,0.183363,0.687378,0.149741,0.908319,0.908319,0.989214,0.963327,-0.469410,0.000000,0.183363,2.148506,0.334020,2.259756,0.544230,4.297012,2.076393,0.485562,3.914863,91.484716,0.199748,1.000000,3.459621,198.633188,0.516757,5.255459,53.689956,258.320961,16.520864,0.311560,0.029922,0.198080,0.008798,56.402174,0.306534,0.790377,6.277174,40.282609,181.760870,12.160175,0.318539,4.871541,21.097826,0.114662,0.401747,15.499527,0.216223,1.573644,0.066678,2.555556,0.283951,1.358025,7.333333,9592.222222,40971.888889,2544.782407,0.412037,1.222222,0.135802,0.153231,2.046895,0.023995,2.947703,0.019651,7002.543210,3.913091,0.034897,1.031184,0.015796,0.178210,0.648033,0.648033,30.198359,457.000000,19.569523,97.313708,0.212940,457.000000,1.649005,0.606426,0.268584,25.630832,0.648033,19.569523,30.198359,21.000000,30.000000,36.619667,36.619667,457.000000,19.569523,1.649005,0.606426,97.313708,0.212940,457.000000
"cfd73546-5986-42c0-9e57-5d7f524dde59","Detection","nuclei_tumor",414.908508,174.365158,62.000000,105.000000,5069959.000000,1.465324,20.000000,2.603466,127.000000,85.953383,12.392425,88.000000,44.000000,83.000000,9.073851,87.315511,-0.361795,15.362759,5069959.000000,0.415501,236.014368,9.012336,5.707642,-0.232176,1.491417,0.253482,0.709459,0.251094,0.822042,0.190434,0.874851,0.874692,0.990270,0.958208,-0.349559,0.000000,0.249005,2.950060,0.267730,2.378239,0.455233,5.900119,2.116377,0.436225,4.046166,114.600000,0.172331,1.000000,4.080027,276.308271,0.450033,9.252632,48.557895,421.312782,6.812424,0.137612,0.041764,0.490112,0.005238,118.860182,0.361277,0.583771,10.252280,27.434650,232.528875,3.898166,0.136852,4.614108,48.155015,0.146368,0.494737,11.092414,0.339277,3.796278,0.049550,9.526316,0.501385,0.986150,13.421053,8653.315789,75302.368421,1066.354444,0.142822,2.684211,0.141274,0.350944,6.019913,0.024139,3.531631,0.028571,7428.315789,3.075497,0.019340,2.337163,0.010077,0.164609,0.852854,0.852854,31.769003,665.000000,27.094321,107.584834,0.161782,665.000000,1.385066,0.721987,0.336217,40.164512,0.852854,27.094321,31.769003,29.000000,31.000000,42.449971,42.449971,665.000000,27.094321,1.385066,0.721987,107.584834,0.161782,665.000000
"7f372453-e44f-4777-a9de-e9e1dd790f74","Detection","nuclei_stroma",403.365723,161.217148,46.000000,81.000000,1496730.000000,1.286615,18.000000,2.481414,97.000000,64.131429,10.379559,66.000000,40.000000,57.000000,7.759450,65.393971,0.103808,12.787936,1496730.000000,0.482433,163.531298,4.014173,3.795939,-0.020772,1.111985,0.203937,0.690047,0.203937,0.729733,0.162347,0.898031,0.898031,0.979606,0.949016,-0.349693,0.000000,0.203937,1.946063,0.358457,2.050315,0.566142,3.892126,1.846378,0.328981,3.687571,63.902857,0.182580,1.000000,3.327478,168.851429,0.351355,4.317143,49.257143,195.517143,17.752460,0.361190,0.030436,0.161411,0.009793,62.583333,0.372520,0.506661,5.047619,28.107143,113.988095,9.308862,0.351852,4.275774,22.738095,0.135346,0.480000,10.746032,0.243387,1.669082,0.061662,3.000000,0.500000,0.583333,6.833333,9434.000000,36673.166667,2829.023148,0.282407,1.000000,0.166667,0.006210,0.055540,0.000728,2.584963,0.017143,6031.222222,5.944489,0.037646,0.537975,0.022927,0.089155,0.295682,0.295682,39.122124,350.000000,11.567703,110.000000,0.314286,350.000000,2.751107,0.363490,0.171161,10.409034,0.295682,11.567703,39.122124,22.000000,33.000000,39.661064,39.661064,350.000000,11.567703,2.751107,0.363490,110.000000,0.314286,350.000000
"f3d76ecf-0daf-4e50-9028-7668eadf03d6","Detection","nuclei_tumor",451.992035,112.090004,60.000000,101.000000,4133469.000000,1.457192,22.000000,2.641639,136.000000,82.375850,12.775886,84.000000,46.000000,90.000000,9.553907,83.843361,-0.036873,15.618209,4133469.000000,0.424036,243.928464,8.123468,5.919127,-0.028767,1.481594,0.262369,0.699111,0.260554,0.834927,0.194481,0.870026,0.869905,0.989923,0.956618,-0.331733,0.000000,0.258965,2.796187,0.268624,2.414025,0.443940,5.592374,2.144957,0.435991,4.096393,91.646259,0.155861,1.000000,3.945011,249.333333,0.442003,8.316327,46.816327,367.727891,7.242620,0.156918,0.038791,0.336740,0.008069,110.141026,0.353016,0.625370,9.057692,24.384615,185.641026,3.895634,0.162973,4.615223,49.448718,0.158489,0.530612,10.177515,0.334057,3.247109,0.058522,6.047619,0.287982,1.455782,9.619048,4036.952381,31455.142857,591.223558,0.262487,2.142857,0.102041,0.143514,0.776770,0.078062,4.106603,0.035714,3252.952381,3.149717,0.020082,2.442891,0.010483,0.177811,0.667656,0.667656,34.844613,587.000000,23.264229,109.597980,0.186709,587.000000,1.628385,0.614105,0.288642,29.601992,0.667656,23.264229,34.844613,30.000000,32.000000,43.863424,43.863424,587.000000,23.264229,1.628385,0.614105,109.597980,0.186709,587.000000
"8167ce24-81cf-4b06-9d70-96b129557fa1","Detection","nuclei_stroma",440.295685,99.422043,44.000000,126.000000,2203115.000000,2.125793,30.000000,5.018938,184.000000,69.309140,25.437897,54.000000,40.000000,144.000000,15.329154,76.956820,1.689073,33.445408,2203115.000000,0.286998,1118.595293,6.296992,255.272515,30.043341,7.118257,0.387970,0.896627,0.362406,1.012847,0.256632,0.823058,0.821353,0.992298,0.955054,-0.434582,0.000000,0.340038,2.148120,0.173705,3.224327,0.301504,4.296241,2.822607,1.876557,4.590052,49.080645,0.131937,1.000000,4.350994,106.763441,2.024685,7.026882,36.279570,151.193548,22.538214,0.469966,0.057520,0.599745,0.017231,62.546099,0.221795,2.372781,9.925532,11.815603,53.191489,7.258710,0.326151,4.518487,71.347518,0.253005,0.758065,4.854987,0.478341,5.818271,0.104843,3.333333,0.185185,2.876543,12.555556,1449.444444,4341.333333,1017.160893,0.274868,1.666667,0.092593,0.169921,1.792018,0.034119,4.169925,0.048387,1022.333333,3.039526,0.034379,7.306737,0.028390,1.167451,0.203226,0.203226,52.108483,372.000000,10.589793,140.000000,0.376344,372.000000,4.192792,0.238505,0.126700,5.703667,0.203226,10.589793,52.108483,39.000000,30.000000,49.203658,49.203658,372.000000,10.589793,4.192792,0.238505,140.000000,0.376344,372.000000
"bdad6cfb-ecd6-488d-9023-6c3f55e93a7b","Detection","nuclei_histiocyte",434.877441,85.486382,56.000000,99.000000,3301696.000000,1.689763,20.000000,9.412891,196.000000,77.182879,14.872867,73.000000,40.000000,156.000000,8.933884,80.146947,1.996721,21.594819,3301696.000000,0.386516,466.336205,6.958420,44.886711,5.792420,2.447905,0.384096,0.728746,0.339397,1.013419,0.268905,0.837231,0.834771,0.992443,0.958179,-0.304268,0.000000,0.305195,2.538202,0.234142,2.752677,0.387734,5.076403,2.373084,0.708000,4.205400,74.280156,0.144514,1.000000,3.986646,198.669261,0.825993,7.521401,41.163424,244.953307,9.100669,0.208491,0.057808,0.953592,0.009910,91.455385,0.281401,1.482130,10.298462,15.403077,93.692308,3.405553,0.186240,4.559458,58.286154,0.179342,0.632296,5.398021,0.370325,5.864264,0.053297,5.275862,0.181926,2.860880,19.137931,2101.793103,10304.827586,481.275933,0.169745,4.655172,0.160523,0.353299,10.039516,0.056351,4.155756,0.056420,1787.648038,2.284969,0.020782,6.678449,0.011141,0.655926,0.558328,0.558328,34.492051,514.000000,19.257869,114.000000,0.221790,514.000000,2.012041,0.497008,0.238249,20.168057,0.558328,19.257869,34.492051,31.000000,26.000000,40.459857,40.459857,514.000000,19.257869,2.012041,0.497008,114.000000,0.221790,514.000000
"d08642ac-9cd9-4346-a125-44f162a64ece","Detection","nuclei_stroma",415.491119,74.595528,57.000000,104.000000,2300981.000000,1.519419,26.000000,2.202850,118.000000,77.319672,14.955702,73.000000,48.000000,70.000000,11.537299,79.289554,0.457969,17.564215,2300981.000000,0.389337,308.501635,6.966821,8.903517,1.743469,1.889612,0.216821,0.794134,0.215278,0.757384,0.170476,0.892618,0.892515,0.987273,0.956996,-0.425438,0.000000,0.213927,2.559028,0.277048,2.349852,0.446759,5.118056,2.127831,0.526608,4.097074,59.918033,0.163710,1.000000,4.502882,142.497268,0.545231,7.325137,47.573770,324.068306,9.023148,0.188487,0.048237,0.440416,0.008797,67.659898,0.343451,0.622948,8.304569,23.137056,159.807107,4.359067,0.184151,4.346349,32.137056,0.163132,0.538251,9.330362,0.372673,3.597396,0.066370,5.666667,0.377778,0.862222,9.466667,2869.866667,15645.400000,623.265741,0.225926,2.333333,0.155556,0.335187,3.900230,0.048469,3.640224,0.040984,2274.506667,3.896292,0.036381,1.295612,0.019813,0.181054,0.197623,0.197623,55.399220,365.500000,10.948184,136.041631,0.372207,365.500000,4.029456,0.248172,0.129959,6.000835,0.197623,10.948184,55.399220,32.000000,41.000000,52.009614,52.009614,365.500000,10.948184,4.029456,0.248172,136.041631,0.372207,365.500000
"bc05f7f1-93fb-4332-ac6b-aab37819673c","Detection","nuclei_histiocyte",135.455063,525.442017,56.000000,101.000000,1997364.000000,1.598372,21.000000,2.767426,121.000000,77.867089,12.632070,77.000000,45.000000,76.000000,8.989349,79.503284,0.188727,16.046453,1997364.000000,0.374359,257.488664,7.274935,7.316930,-0.107862,1.662318,0.323504,0.674186,0.320035,0.918063,0.221082,0.840561,0.840330,0.981032,0.936109,-0.284123,0.000000,0.316999,2.634432,0.217987,2.638145,0.346054,5.268864,2.304083,0.496455,4.228229,45.512658,0.144027,1.000000,3.936068,118.297468,0.542411,7.591772,39.632911,283.699367,7.292238,0.196378,0.052885,0.435537,0.012087,65.077670,0.315911,0.731926,8.174757,14.990291,113.669903,2.626214,0.210895,4.290579,39.524272,0.191865,0.651899,5.577906,0.407077,3.916925,0.082696,3.500000,0.291667,1.083333,7.333333,2429.500000,16863.083333,428.997685,0.348380,2.000000,0.166667,0.322791,2.294762,0.084202,3.251629,0.037975,1736.055556,3.456830,0.032906,1.663472,0.026499,0.156881,0.520971,0.520971,28.909245,319.000000,15.060881,82.691912,0.259222,319.000000,1.705790,0.586239,0.239343,20.353759,0.520971,15.060881,28.909245,23.000000,24.000000,33.241540,33.241540,319.000000,15.060881,1.705790,0.586239,82.691912,0.259222,319.000000
"6d760dac-14c0-472d-8ef6-5362c1ff8159","Detection","nuclei_histiocyte",148.968613,527.889099,47.000000,85.000000,1155808.000000,1.459576,24.000000,2.314760,99.000000,67.916318,12.565221,70.000000,30.000000,69.000000,9.862300,69.541475,-0.337318,14.946253,1155808.000000,0.384114,223.390487,5.433984,6.311054,-0.843565,1.717271,0.205511,0.786236,0.205511,0.732814,0.163276,0.897245,0.897245,0.979449,0.948622,-0.432027,0.000000,0.205511,2.248565,0.258766,2.276638,0.354765,4.497130,2.071128,0.480695,4.045383,41.326360,0.172914,1.000000,3.085940,91.803347,0.491343,5.577406,49.200837,283.284519,14.115528,0.306602,0.029319,0.163114,0.009574,41.649123,0.365343,0.530625,5.263158,24.649123,144.701754,6.741228,0.343567,4.584275,14.175439,0.124346,0.476987,7.068021,0.241574,1.244900,0.092753,1.800000,0.360000,0.800000,4.800000,4261.000000,25449.000000,970.444444,0.494444,1.000000,0.200000,0.062735,0.462966,0.018258,2.321928,0.020921,1976.160000,4.198507,0.055809,0.558268,0.032845,0.153118,0.820530,0.820530,19.326097,239.000000,15.857651,70.000000,0.292887,239.000000,1.631505,0.612931,0.230237,18.834498,0.820530,15.857651,19.326097,18.000000,17.000000,24.758837,24.758837,239.000000,15.857651,1.631505,0.612931,70.000000,0.292887,239.000000
"9ff6bdc0-778b-488b-acce-14358cd7398b","Detection","nuclei_histiocyte",168.680466,293.092285,96.000000,124.000000,4800273.000000,1.042015,16.000000,2.836282,135.000000,111.273438,8.839681,113.000000,76.000000,59.000000,6.557924,111.806578,-0.500813,10.905643,4800273.000000,0.599135,118.933044,3.964714,2.076271,-0.158487,0.705336,0.231475,0.505823,0.231475,0.780574,0.177894,0.884263,0.884263,0.976853,0.942131,-0.200603,0.000000,0.231475,1.961186,0.442055,1.833422,0.648553,3.922371,1.601947,0.234203,3.457698,62.750000,0.163411,1.000000,3.730876,230.067708,0.243157,3.986979,48.244792,189.507813,14.876374,0.354528,0.038335,0.141976,0.020069,76.837563,0.390038,0.470870,4.055838,26.426396,103.786802,7.966159,0.444726,4.182549,30.360406,0.154114,0.513021,11.228272,0.314310,1.207285,0.191689,5.769231,0.443787,0.899408,4.307692,6543.846154,25981.000000,1707.207265,0.600427,1.307692,0.100592,0.204274,0.288160,0.194953,3.392747,0.033854,5671.325444,6.791768,0.027287,0.645817,0.018339,0.063124,0.615796,0.615796,28.643533,386.500000,17.638564,90.870058,0.235110,386.500000,1.700130,0.588190,0.251735,22.515882,0.615796,17.638564,28.643533,25.000000,25.000000,35.355339,35.355339,386.500000,17.638564,1.700130,0.588190,90.870058,0.235110,386.500000
"a2f54597-115e-4721-9d7c-fec67cebf637","Detection","nuclei_histiocyte",20.532192,113.411575,76.000000,110.000000,1827818.000000,1.299800,20.000000,2.345621,128.000000,93.300971,10.765011,94.000000,68.000000,60.000000,8.297052,94.196088,0.135830,12.954989,1827818.000000,0.467009,167.831747,5.120219,3.320342,0.255141,1.086864,0.245902,0.630991,0.245902,0.804718,0.185434,0.877049,0.877049,0.985535,0.950820,-0.284277,0.000000,0.245902,2.215847,0.325480,2.152038,0.517760,4.431694,1.906137,0.333191,3.771781,32.533981,0.157932,1.000000,3.443774,96.203883,0.355476,5.538835,43.883495,223.383495,10.579423,0.253978,0.040518,0.238041,0.014390,44.058824,0.370242,0.552362,6.168067,20.571429,102.134454,4.943744,0.278711,4.167929,20.462185,0.171951,0.577670,8.584704,0.330519,2.291547,0.103708,2.142857,0.306122,1.102041,7.000000,2418.571429,10770.428571,590.468254,0.377976,1.571429,0.224490,0.180663,0.726304,0.146074,2.521641,0.033981,1552.530612,2.118568,0.053960,1.450635,0.013638,0.279270,0.600387,0.600387,22.126137,204.500000,13.284235,73.478709,0.359309,204.500000,2.100970,0.475971,0.183179,11.922146,0.600387,13.284235,22.126137,16.000000,22.000000,27.202941,27.202941,204.500000,13.284235,2.100970,0.475971,73.478709,0.359309,204.500000
"ad304bc6-47f7-4b58-9337-d96b091eeb16","Detection","nuclei_histiocyte",9.066205,94.615471,51.000000,94.000000,2435397.000000,1.647611,22.000000,4.118965,138.000000,72.995381,13.149870,72.000000,42.000000,96.000000,9.028955,74.996490,0.785582,17.208945,2435397.000000,0.379409,296.147785,6.087905,13.213014,1.318015,1.925033,0.373441,0.675053,0.354738,0.991880,0.247602,0.825748,0.824501,0.985786,0.941322,-0.270663,0.000000,0.338373,2.387469,0.210097,2.800602,0.368454,4.774938,2.398698,0.574619,4.195086,64.635104,0.149273,1.000000,3.356218,164.284065,0.600025,6.480370,37.577367,216.212471,9.142754,0.248393,0.046507,0.402770,0.010291,88.319149,0.313188,0.829750,7.294326,15.936170,94.574468,3.839728,0.254711,4.392877,56.078014,0.198858,0.651270,6.505608,0.396851,3.581922,0.097229,3.857143,0.275510,1.637755,10.214286,4116.214286,20324.428571,949.408671,0.294405,1.428571,0.102041,0.138720,1.640675,0.016661,3.664498,0.032333,3159.637755,3.719936,0.023336,3.048915,0.017955,0.226183,0.700518,0.700518,29.592200,433.000000,20.729855,92.142136,0.212799,433.000000,1.560338,0.640887,0.276201,27.105245,0.700518,20.729855,29.592200,22.000000,27.000000,34.828150,34.828150,433.000000,20.729855,1.560338,0.640887,92.142136,0.212799,433.000000
"7d846e3b-7cc8-4036-9a5c-00375fc0eded","Detection","nuclei_histiocyte",6.993623,66.971596,60.000000,106.000000,1833892.000000,1.443406,25.000000,2.584183,124.000000,77.944251,14.661778,72.000000,49.000000,75.000000,10.901565,79.936647,0.835045,17.735878,1833892.000000,0.412765,314.561352,7.103514,10.953572,2.803349,2.176407,0.168091,0.856608,0.168091,0.653319,0.139837,0.915954,0.915954,0.990112,0.966382,-0.508998,0.000000,0.168091,2.569326,0.339303,2.094359,0.537512,5.138651,1.926268,0.586125,3.688785,64.317073,0.224101,1.000000,4.274788,118.463415,0.600323,7.411150,54.749129,363.334495,10.873814,0.183483,0.038381,0.306732,0.008485,40.634783,0.353346,0.576484,9.113043,43.078261,256.347826,9.093599,0.153804,4.295983,15.400000,0.133913,0.400697,18.165142,0.330760,3.231446,0.050937,4.333333,0.481481,0.617284,8.333333,3563.444444,19692.555556,782.003858,0.219907,1.444444,0.160494,0.292470,1.743618,0.131261,2.947703,0.031359,2546.543210,2.463664,0.059375,1.121793,0.018159,0.286034,0.658365,0.658365,23.717558,287.500000,15.614811,75.414214,0.262310,287.500000,1.574196,0.635245,0.247676,21.795581,0.658365,15.614811,23.717558,15.000000,23.000000,27.459060,27.459060,287.500000,15.614811,1.574196,0.635245,75.414214,0.262310,287.500000
"9446beb9-0188-4d9c-a538-c88d6b482bda","Detection","nuclei_endothelium",94.887360,296.280273,55.000000,101.000000,1559148.000000,1.479351,26.000000,3.379832,145.000000,75.680934,14.914079,72.000000,48.000000,97.000000,10.861769,77.889176,0.877645,18.415211,1559148.000000,0.419431,339.119987,6.475000,8.905088,2.162310,1.605991,0.305435,0.680412,0.296739,0.904414,0.217381,0.853080,0.852500,0.988322,0.950751,-0.288265,0.000000,0.289130,2.479891,0.302978,2.350745,0.504348,4.959783,2.032970,0.477857,3.751406,37.801556,0.147088,1.000000,5.151266,107.793774,0.557162,7.132296,41.949416,223.256809,9.161663,0.188994,0.057671,0.675454,0.008425,50.670886,0.320702,0.737262,9.398734,24.075949,134.012658,5.178977,0.161032,4.062330,37.177215,0.235299,0.614786,13.492870,0.473138,5.374624,0.072519,3.923077,0.301775,1.171598,13.692308,1828.384615,8727.153846,420.948611,0.156795,2.538462,0.195266,0.312528,5.441985,0.036339,3.392747,0.050584,1437.562130,1.724128,0.046993,2.556023,0.014086,0.422806,0.385471,0.385471,29.620692,254.500000,11.417903,76.041631,0.298788,254.500000,1.808028,0.553089,0.216539,16.659950,0.385471,11.417903,29.620692,13.000000,30.000000,32.695565,32.695565,254.500000,11.417903,1.808028,0.553089,76.041631,0.298788,254.500000
"aef43056-42b9-4aef-9b3d-96af1b0fd518","Detection","nuclei_histiocyte",191.012131,229.980103,58.000000,104.000000,12133375.000000,1.602564,26.000000,2.371237,136.000000,82.162115,14.415961,84.000000,44.000000,92.000000,11.104940,83.965403,0.001457,17.308255,12133375.000000,0.372722,299.575694,8.197920,9.613208,0.354848,1.944723,0.254598,0.768476,0.253090,0.822367,0.190543,0.873706,0.873606,0.990220,0.957854,-0.398571,0.000000,0.251771,2.788438,0.234793,2.572777,0.370666,5.576877,2.312377,0.549830,4.186898,287.954096,0.167318,1.000000,3.567822,641.454387,0.545865,8.396281,49.320744,381.753632,8.244218,0.165070,0.037004,0.359855,0.006090,277.705455,0.336613,0.686848,9.563636,32.717576,236.336970,5.780627,0.162703,4.853807,120.573333,0.146149,0.479372,15.310980,0.292875,3.075787,0.051028,13.755556,0.305679,1.298765,10.977778,18709.755556,155666.044444,2487.209475,0.214895,5.000000,0.111111,0.287044,3.221068,0.040815,4.683752,0.026148,17247.118025,9.337184,0.007600,2.331818,0.012704,0.064541,0.521576,0.521576,65.217894,1717.000000,34.016107,177.539105,0.103401,1717.000000,1.460858,0.684529,0.409500,59.581425,0.521576,34.016107,65.217894,39.000000,62.000000,73.246160,73.246160,1717.000000,34.016107,1.460858,0.684529,177.539105,0.103401,1717.000000
"d6bb7b12-8c6c-4ec2-b65b-2fea8839887e","Detection","nuclei_endothelium",179.488251,207.260025,64.000000,100.000000,2613405.000000,1.371340,20.000000,4.207288,147.000000,83.429752,12.061790,83.000000,50.000000,97.000000,8.487624,84.849648,0.598671,15.457661,2613405.000000,0.456868,238.939280,3.525000,6.688747,0.708871,1.367722,0.211364,0.732296,0.211364,0.744081,0.166689,0.894318,0.894318,0.987567,0.957727,-0.381578,0.000000,0.211364,1.798864,0.320257,2.166612,0.499242,3.597727,1.955248,0.394771,3.913210,61.787879,0.170215,1.000000,4.051272,165.842975,0.418869,3.815427,49.418733,163.104683,23.817493,0.446702,0.041946,0.233695,0.014853,67.636364,0.384298,0.588843,4.772727,29.431818,96.931818,14.525331,0.386679,4.522089,26.227273,0.149019,0.484848,12.416193,0.346751,2.221015,0.109208,3.400000,0.340000,0.850000,7.100000,5754.500000,20563.500000,2113.263889,0.311806,1.600000,0.160000,0.330254,2.479134,0.051848,3.121928,0.027548,4436.810000,4.234223,0.034319,1.371346,0.014346,0.225267,0.288827,0.288827,40.224730,361.500000,11.618002,109.899495,0.304010,361.500000,2.658724,0.376120,0.177027,11.134786,0.288827,11.618002,40.224730,23.000000,34.000000,41.048752,41.048752,361.500000,11.618002,2.658724,0.376120,109.899495,0.304010,361.500000
"01a40bde-ddb3-47d4-914c-aff2d70bd8ff","Detection","nuclei_tumor",853.311218,630.148499,70.000000,109.000000,14661430.000000,1.432949,20.000000,2.997253,138.000000,89.650113,12.070492,88.000000,51.000000,87.000000,8.233921,90.961226,0.108673,15.388371,14661430.000000,0.439223,236.801958,4.856241,7.085490,0.249344,1.523439,0.155360,0.814916,0.155360,0.623092,0.131223,0.922320,0.922320,0.990861,0.968928,-0.504322,0.000000,0.155360,2.124670,0.338851,2.117369,0.533480,4.249339,1.962010,0.419700,3.663208,488.058691,0.275428,1.000000,3.312014,778.302483,0.430596,5.029345,59.443567,278.472912,19.426480,0.314922,0.028059,0.158181,0.009530,204.040998,0.363709,0.571598,6.016043,75.889483,335.354724,25.455734,0.285391,5.304705,53.032086,0.094531,0.316591,35.981323,0.247001,1.734257,0.072872,8.448276,0.291320,1.060642,5.931034,38306.413793,159945.379310,10527.682950,0.441331,4.586207,0.158145,0.269065,1.338233,0.154747,4.116265,0.016366,34572.782402,12.953690,0.009655,0.928940,0.011062,0.052925,0.353108,0.353108,80.657236,1768.769958,28.480708,210.824604,0.119193,1768.769958,1.999684,0.500079,0.325998,37.759932,0.353108,28.480708,80.657236,40.000000,72.000000,82.365041,82.365041,1768.769958,28.480708,1.999684,0.500079,210.824604,0.119193,1768.769958
"61415dc7-fec4-41b3-ac5e-4210994bbb40","Detection","nuclei_tumor",829.263733,649.026611,74.000000,126.000000,7226414.000000,1.794399,28.000000,2.712255,155.000000,99.269886,16.088883,98.000000,52.000000,103.000000,11.489089,101.315313,0.137254,20.255426,7226414.000000,0.328105,410.282275,6.670791,17.508527,0.797548,2.589630,0.284214,0.802206,0.284214,0.861130,0.203437,0.857893,0.857893,0.989069,0.952631,-0.413341,0.000000,0.284214,2.468691,0.193830,2.844186,0.335208,4.937383,2.559971,0.718461,4.447963,112.369318,0.159616,1.000000,3.514003,230.985795,0.720863,6.836648,44.772727,276.049716,12.446938,0.262193,0.039540,0.315951,0.011407,112.416021,0.290481,0.879087,7.894057,22.423773,133.767442,6.126922,0.244842,4.846253,62.416021,0.161282,0.549716,9.186961,0.332882,3.055311,0.079480,5.300000,0.265000,1.390000,9.800000,6107.200000,35942.150000,1330.555264,0.284639,1.500000,0.075000,0.181418,1.271106,0.106233,4.221928,0.028409,4868.160000,5.140303,0.017550,2.642175,0.019435,0.157981,0.641969,0.641969,37.488944,701.500000,24.066725,117.135563,0.166979,701.500000,1.556467,0.642481,0.312190,34.629117,0.641969,24.066725,37.488944,27.000000,34.000000,43.416587,43.416587,701.500000,24.066725,1.556467,0.642481,117.135563,0.166979,701.500000
"9a3d36a4-02ed-4290-9e78-8d9abd48d5b6","Detection","nuclei_tumor",747.531555,23.215569,77.000000,117.000000,7501492.000000,1.332917,20.000000,2.690332,132.000000,94.152358,11.648642,93.000000,67.000000,65.000000,8.473583,95.240369,0.543430,14.354840,7501492.000000,0.477870,206.061430,5.521878,6.438421,0.886423,1.376705,0.151709,0.801482,0.151709,0.614100,0.128693,0.924146,0.924146,0.991076,0.969658,-0.485916,0.000000,0.151709,2.283775,0.380626,2.007996,0.570425,4.567550,1.856288,0.382103,3.579709,212.736397,0.257239,1.000000,3.201783,395.198307,0.386008,5.669891,58.305925,309.984281,14.237522,0.244827,0.028695,0.195443,0.006773,99.224638,0.359510,0.589936,6.713768,63.920290,320.601449,15.314110,0.244741,5.153125,25.492754,0.092365,0.333736,28.007194,0.215299,1.723663,0.046932,5.400000,0.360000,0.906667,7.666667,19606.733333,87049.133333,4723.897222,0.300926,1.933333,0.128889,0.282743,2.610609,0.044992,3.773557,0.018138,16567.048889,5.491772,0.021097,0.893059,0.009821,0.106245,0.538711,0.538711,44.916094,826.500000,24.196805,135.071068,0.163425,826.500000,1.756596,0.569283,0.297046,31.350978,0.538711,24.196805,44.916094,25.000000,44.000000,50.606324,50.606324,826.500000,24.196805,1.756596,0.569283,135.071068,0.163425,826.500000
"777e64e6-d12d-457f-95eb-a7b4167fba67","Detection","nuclei_endothelium",930.903503,945.160767,51.000000,98.000000,3627988.000000,1.718939,21.000000,3.746301,146.000000,73.179245,14.203958,71.000000,36.000000,110.000000,9.297904,75.527370,0.696969,18.686404,3627988.000000,0.365012,349.181708,6.066164,19.124833,2.078340,2.311821,0.241206,0.811043,0.239531,0.800897,0.183831,0.880514,0.880402,0.990736,0.960118,-0.437537,0.000000,0.238065,2.355528,0.247393,2.624576,0.432998,4.711055,2.378132,0.638257,4.207862,108.238994,0.170187,1.000000,3.366441,232.147799,0.674763,6.454403,48.484277,269.750000,13.938566,0.263330,0.033892,0.292255,0.007133,95.794788,0.312035,0.841791,8.133550,27.654723,143.941368,7.882519,0.219674,4.818458,41.169381,0.134102,0.482704,10.487602,0.249908,2.789814,0.036168,4.625000,0.289063,1.277344,11.437500,7367.625000,33011.062500,1875.537448,0.209861,1.500000,0.093750,0.174932,2.059626,0.017405,3.750000,0.025157,5787.562500,4.284894,0.021599,2.210581,0.014949,0.215041,0.633350,0.633350,36.837948,635.500000,23.331310,122.307136,0.192458,635.500000,1.873174,0.533853,0.265071,24.964800,0.633350,23.331310,36.837948,24.000000,39.000000,45.793013,45.793013,635.500000,23.331310,1.873174,0.533853,122.307136,0.192458,635.500000
"3689bd01-9d56-4320-a716-d411ab46b22e","Detection","nuclei_histiocyte",264.373260,152.084656,41.000000,72.000000,1083857.000000,1.341008,16.000000,3.869233,104.000000,54.854227,9.670987,52.000000,36.000000,68.000000,6.722079,56.213281,0.995273,12.286036,1083857.000000,0.432498,150.946680,2.928515,3.514420,0.413483,1.214028,0.219222,0.694091,0.217633,0.761925,0.171857,0.891448,0.891342,0.987133,0.956526,-0.348177,0.000000,0.216243,1.637014,0.302591,2.102659,0.407466,3.274027,1.880685,0.358312,3.768335,60.545190,0.176517,1.000000,4.246173,148.346939,0.395396,3.244898,49.798834,133.845481,29.831977,0.537678,0.040268,0.212644,0.015738,62.271676,0.359952,0.554913,4.554913,26.312139,67.144509,16.701750,0.413536,4.298715,25.924855,0.149855,0.504373,10.588393,0.349986,2.357735,0.090726,2.142857,0.306122,0.816327,7.428571,7178.714286,21032.714286,3795.616071,0.270833,1.285714,0.183673,0.330665,3.261611,0.049645,2.807355,0.020408,4777.714286,4.348009,0.035760,1.498145,0.014080,0.251590,0.459564,0.459564,31.197619,346.500000,14.337295,81.698485,0.235782,346.500000,1.532904,0.652357,0.264733,24.901003,0.459564,14.337295,31.197619,18.000000,29.000000,34.132096,34.132096,346.500000,14.337295,1.532904,0.652357,81.698485,0.235782,346.500000
"2f6fe570-7ae5-4f27-a4a2-03990aae0401","Detection","nuclei_lymphocyte",118.626076,644.635132,37.000000,84.000000,1284845.000000,1.642834,23.000000,6.963434,157.000000,56.250000,16.567529,48.000000,28.000000,129.000000,9.825494,60.762516,1.938420,22.978704,1284845.000000,0.391862,528.020833,3.017969,34.485916,5.993785,2.375291,0.573438,0.611061,0.370313,1.143129,0.436306,0.843581,0.835046,0.985725,0.950478,-0.256915,0.000000,0.240131,1.602344,0.285921,2.568134,0.472656,3.204688,2.116151,0.737182,3.929009,56.517241,0.162406,1.000000,6.567843,136.367816,0.968581,3.951149,45.379310,91.502874,35.261302,0.614276,0.086625,1.002305,0.019524,53.850242,0.260146,1.502392,7.454106,25.536232,52.956522,20.567609,0.356613,4.271198,57.241546,0.276529,0.594828,14.231044,0.540215,5.791012,0.096653,7.193548,0.232050,1.408949,13.322581,1261.225806,1951.129032,1098.436425,0.139238,7.451613,0.240375,0.486810,7.906466,0.041973,4.026619,0.089080,1135.207076,3.499707,0.031607,5.654782,0.022226,0.704152,0.530989,0.530989,29.095246,349.000000,15.449248,79.798990,0.228650,349.000000,1.451976,0.688717,0.276220,27.108847,0.530989,15.449248,29.095246,17.000000,27.000000,31.906112,31.906112,349.000000,15.449248,1.451976,0.688717,79.798990,0.228650,349.000000
"6f038890-691b-4478-a4c5-c8c9dcb94b55","Detection","nuclei_lymphocyte",204.481949,924.124512,40.000000,80.000000,1270268.000000,1.555105,21.000000,5.463922,130.000000,57.216901,13.204047,53.000000,35.000000,95.000000,8.807745,59.818222,1.504958,17.448378,1270268.000000,0.388963,304.445912,3.145594,10.901229,1.969807,1.743247,0.318008,0.691443,0.275096,0.923058,0.242330,0.869604,0.866743,0.988110,0.955172,-0.340105,0.000000,0.237548,1.670115,0.269614,2.393416,0.377011,3.340230,2.087867,0.515314,3.767998,59.439437,0.167435,1.000000,4.554065,138.081690,0.618814,3.698592,46.639437,117.383099,30.707840,0.542699,0.046649,0.390212,0.014509,57.174863,0.312431,0.867150,5.765027,28.896175,72.065574,20.121187,0.367961,4.337248,30.934426,0.169041,0.515493,13.843471,0.379807,3.380695,0.085903,4.733333,0.315556,1.128889,10.533333,3127.133333,8463.800000,1817.027204,0.221185,2.733333,0.182222,0.206603,3.518185,0.017579,3.506891,0.042254,2567.022222,3.591928,0.033847,2.940140,0.016162,0.449639,0.515081,0.515081,29.811405,360.000000,15.355297,84.627417,0.235076,360.000000,1.583105,0.631670,0.260892,24.183776,0.515081,15.355297,29.811405,17.000000,30.000000,34.481879,34.481879,360.000000,15.355297,1.583105,0.631670,84.627417,0.235076,360.000000
"6e1f9928-53b7-46d7-9226-d06f1b4b7919","Detection","nuclei_tumor",427.898499,599.666199,71.000000,124.000000,7044330.000000,1.811830,28.000000,2.294291,151.000000,95.815468,16.135645,95.000000,57.000000,94.000000,12.323762,97.765607,0.245347,19.429618,7044330.000000,0.313808,377.510046,6.023954,17.040706,0.443665,2.678443,0.234895,0.838745,0.234895,0.786446,0.179719,0.882553,0.882553,0.990966,0.960851,-0.475334,0.000000,0.234895,2.326600,0.201986,2.735079,0.329281,4.653200,2.500185,0.728334,4.342765,128.023066,0.173708,1.000000,3.382144,231.276798,0.748213,6.309362,49.721845,278.379919,16.874244,0.309775,0.035689,0.286748,0.008852,101.945245,0.293790,0.846415,7.573487,31.158501,171.463977,10.072717,0.259036,4.960425,48.867435,0.140828,0.470828,13.114369,0.274384,2.513043,0.055319,3.666667,0.244444,1.360000,9.200000,9416.733333,54634.933333,2277.199889,0.258222,2.333333,0.155556,0.337847,3.579998,0.057380,3.589898,0.020353,7002.648889,4.666670,0.020062,2.268941,0.016858,0.190308,0.749328,0.749328,35.551768,739.000000,26.639944,110.627417,0.149699,739.000000,1.317866,0.758803,0.358324,45.619753,0.749328,26.639944,35.551768,35.000000,25.000000,43.011626,43.011626,739.000000,26.639944,1.317866,0.758803,110.627417,0.149699,739.000000
"54b8f9f0-eef6-4fbb-8e1c-b5ba329d6ba0","Detection","nuclei_tumor",454.871948,565.044312,67.000000,124.000000,11918845.000000,1.813423,23.000000,3.018125,162.000000,101.602715,16.511724,104.000000,52.000000,110.000000,11.165255,103.857041,-0.078109,21.521463,11918845.000000,0.343612,463.173386,7.189330,27.976974,-0.497091,3.048181,0.220019,0.865358,0.218130,0.763764,0.172438,0.891250,0.891124,0.991553,0.963690,-0.509405,0.000000,0.216478,2.546034,0.234429,2.685966,0.418083,5.092068,2.460007,0.817050,4.270749,220.114932,0.199199,1.000000,3.592757,379.691403,0.827231,7.456109,52.618100,371.191855,15.754174,0.271870,0.033325,0.279186,0.007950,144.714286,0.304022,0.888898,8.359244,40.138655,276.815126,12.315682,0.217115,5.096546,62.277311,0.130835,0.430769,18.582533,0.283041,2.646745,0.052457,4.904762,0.233560,1.523810,10.523810,17990.523810,141541.380952,3443.804841,0.220331,2.714286,0.129252,0.318392,2.976118,0.084989,4.201841,0.019005,15221.759637,5.481682,0.014511,1.895630,0.016506,0.136436,0.886453,0.886453,40.012239,1102.500000,35.468955,135.355339,0.122771,1102.500000,1.322398,0.756202,0.394994,55.434916,0.886453,35.468955,40.012239,35.000000,39.000000,52.402290,52.402290,1102.500000,35.468955,1.322398,0.756202,135.355339,0.122771,1102.500000
"659dbfc6-b772-405b-b31e-80a618d14e05","Detection","nuclei_tumor",699.405212,533.785583,75.000000,124.000000,9932135.000000,1.642914,25.000000,2.495571,144.000000,101.408316,14.194689,103.000000,54.000000,90.000000,10.569653,102.901069,-0.320586,17.463780,9932135.000000,0.371561,304.983598,7.176141,12.089698,-1.158127,2.109808,0.278913,0.766475,0.274433,0.863326,0.203600,0.863530,0.863232,0.983672,0.945263,-0.375223,0.000000,0.270512,2.591991,0.225069,2.674635,0.392887,5.183982,2.381511,0.597180,4.294384,154.669510,0.164893,1.000000,3.235478,348.524520,0.596488,7.285714,46.027719,332.795309,10.327033,0.231736,0.036486,0.282201,0.009344,161.869215,0.325693,0.708047,7.434608,22.325956,164.398390,4.764476,0.241030,4.744154,72.826962,0.146533,0.529851,8.077989,0.280219,2.205748,0.068342,7.000000,0.318182,1.539256,9.227273,12629.636364,101119.090909,1854.363952,0.322601,2.272727,0.103306,0.232971,2.168589,0.081771,4.186704,0.023454,10811.776860,7.848931,0.013974,1.280792,0.023602,0.066602,0.561315,0.561315,46.208625,939.000000,25.937578,125.396970,0.133543,939.000000,1.332596,0.750415,0.377277,50.573433,0.561315,25.937578,46.208625,27.000000,47.000000,54.203321,54.203321,939.000000,25.937578,1.332596,0.750415,125.396970,0.133543,939.000000
"072b5b88-a697-4ef4-9484-1210092b442e","Detection","nuclei_tumor",799.484619,735.302856,46.000000,90.000000,7291659.000000,1.590323,22.000000,2.890067,124.000000,66.832359,13.255168,65.000000,38.000000,86.000000,9.710984,68.832551,0.578701,16.472884,7291659.000000,0.389700,271.355912,5.058526,11.556244,0.935358,1.959121,0.145893,0.861385,0.145893,0.599467,0.124608,0.927053,0.927053,0.991418,0.970821,-0.561058,0.000000,0.145893,2.145977,0.309566,2.248492,0.498735,4.291955,2.102598,0.526253,3.733260,455.823912,0.296182,1.000000,3.132345,599.748538,0.546600,5.290448,60.602339,296.519818,20.381814,0.325915,0.025552,0.164605,0.007570,146.244060,0.315862,0.737513,6.641469,86.427646,404.868251,27.502790,0.290152,5.382635,42.209503,0.091165,0.300845,42.232431,0.228377,1.942119,0.053052,6.444444,0.358025,1.135802,7.666667,48943.722222,226326.444444,12994.912809,0.357639,1.777778,0.098765,0.218317,1.899179,0.038600,3.905765,0.011696,41633.472222,11.318678,0.013004,0.836466,0.013478,0.066766,0.652822,0.652822,55.089126,1543.500000,35.963414,157.438600,0.102001,1543.500000,1.277927,0.782517,0.440824,69.044960,0.652822,35.963414,55.089126,44.000000,51.000000,67.357256,67.357256,1543.500000,35.963414,1.277927,0.782517,157.438600,0.102001,1543.500000
"a0e2d718-6546-439d-8795-191b6bc7935d","Detection","nuclei_histiocyte",89.880157,125.180840,46.000000,99.000000,1917701.000000,1.798007,25.000000,4.162949,148.000000,67.180879,16.194767,62.000000,37.000000,111.000000,11.079427,70.393890,1.221118,21.024493,1917701.000000,0.347275,442.029298,5.045833,23.334817,3.146985,2.548418,0.309722,0.783270,0.302778,0.907746,0.218048,0.849769,0.849306,0.988143,0.949702,-0.379022,0.000000,0.296701,2.118056,0.226644,2.779321,0.422222,4.236111,2.458605,0.714535,4.192606,58.080103,0.150078,1.000000,4.163305,134.395349,0.812571,5.625323,42.782946,177.801034,17.362174,0.356689,0.045139,0.411537,0.011290,57.826667,0.257007,1.133906,7.986667,21.520000,93.857778,7.938091,0.280574,4.591558,41.488889,0.184395,0.581395,9.686400,0.385039,4.323693,0.063241,3.000000,0.230769,1.751479,12.692308,3575.461538,15030.384615,1061.535321,0.230919,1.461538,0.112426,0.149805,2.339537,0.012211,3.334679,0.033592,2689.254438,3.523421,0.031310,2.770726,0.022404,0.324507,0.835742,0.835742,24.419929,388.000000,20.408767,74.769553,0.192705,388.000000,1.146590,0.872152,0.338586,40.732539,0.835742,20.408767,24.419929,22.000000,23.000000,31.827661,31.827661,388.000000,20.408767,1.146590,0.872152,74.769553,0.192705,388.000000
"b770f2d9-a381-4e0f-b3fd-698be5945fc9","Detection","nuclei_histiocyte",92.237221,146.399155,46.000000,91.000000,3909885.000000,1.740899,26.000000,3.710362,151.000000,67.472431,15.130059,66.000000,33.000000,118.000000,11.175637,69.997180,0.714119,18.629984,3909885.000000,0.343085,347.076308,5.202591,14.478697,0.889340,2.214143,0.286284,0.771012,0.275656,0.879669,0.210297,0.863943,0.863235,0.992306,0.960810,-0.385580,0.000000,0.266357,2.172700,0.211157,2.712006,0.364331,4.345400,2.413114,0.625107,4.360858,123.250627,0.154449,1.000000,4.077028,273.781955,0.688199,5.619048,46.408521,226.456140,16.997282,0.338525,0.045981,0.456769,0.010943,124.921114,0.289840,0.969224,7.190255,22.612529,112.426914,8.192449,0.287503,4.801651,67.408353,0.156400,0.540100,8.900200,0.353525,3.591870,0.074552,6.481481,0.240055,1.580247,13.444444,6400.370370,28692.296296,1781.868724,0.190340,3.962963,0.146776,0.357703,6.318127,0.028000,4.208410,0.033835,5526.839506,4.327462,0.016041,4.408661,0.011509,0.314240,0.558302,0.558302,44.524078,792.500000,24.857884,125.497475,0.158356,792.500000,1.581470,0.632323,0.318033,35.937342,0.558302,24.857884,44.524078,28.000000,43.000000,51.312766,51.312766,792.500000,24.857884,1.581470,0.632323,125.497475,0.158356,792.500000
"4f0bdeb8-2e48-49aa-b4b3-243512149d85","Detection","nuclei_histiocyte",47.524929,75.725311,58.000000,114.000000,3482125.000000,1.818079,30.000000,2.264809,133.000000,87.648837,17.141471,90.000000,45.000000,88.000000,12.964343,89.988694,-0.136591,20.387409,3482125.000000,0.316614,415.646452,9.495636,15.781846,-0.411571,2.601193,0.230673,0.837087,0.230673,0.779183,0.177463,0.884663,0.884663,0.991128,0.961554,-0.475190,0.000000,0.230673,2.983791,0.208545,2.717870,0.338529,5.967581,2.487197,0.707967,4.354912,72.716279,0.169108,1.000000,3.718204,136.144186,0.740946,9.923256,49.139535,471.718605,7.167621,0.154657,0.038803,0.518729,0.006125,55.341463,0.269958,1.018061,10.795122,27.941463,264.770732,4.008344,0.165986,4.956218,26.863415,0.131041,0.476744,10.342415,0.276083,3.604818,0.045984,3.769231,0.289941,2.213018,15.846154,3819.692308,37660.846154,497.491731,0.218248,1.923077,0.147929,0.302887,7.169244,0.021674,3.180833,0.030233,2725.609467,2.013734,0.035948,2.104372,0.016818,0.280928,0.802351,0.802351,26.334210,431.250000,21.129270,80.597980,0.186894,431.250000,1.198697,0.834239,0.336254,40.173357,0.802351,21.129270,26.334210,25.000000,22.000000,33.301652,33.301652,431.250000,21.129270,1.198697,0.834239,80.597980,0.186894,431.250000
"73e9adde-59f0-4650-a197-202f64aa38e0","Detection","nuclei_histiocyte",39.735554,444.743866,68.000000,134.000000,3848075.000000,2.139713,44.000000,2.144720,171.000000,99.698061,23.039510,97.000000,45.000000,126.000000,18.067528,103.244794,0.260684,26.828794,3848075.000000,0.243376,719.784179,13.104712,44.734757,2.467845,4.627817,0.229619,0.905457,0.228123,0.780653,0.177579,0.886188,0.886088,0.993800,0.967438,-0.548923,0.000000,0.226814,3.464847,0.156540,3.058561,0.250561,6.929693,2.823832,1.214359,4.659223,65.310249,0.180915,1.000000,3.385870,87.858726,1.252676,13.570637,48.584488,623.886427,5.802031,0.116093,0.034057,0.536782,0.004453,40.590643,0.237372,1.315482,14.631579,25.415205,338.608187,2.987320,0.114820,5.090834,21.233918,0.124175,0.473684,7.588044,0.233696,3.813530,0.030851,1.500000,0.187500,2.859375,17.875000,3728.375000,45937.125000,426.270972,0.197708,1.000000,0.125000,0.158739,4.601821,0.034828,3.000000,0.022161,1692.109375,1.190958,0.052826,3.055507,0.018487,0.626096,0.603719,0.603719,27.734917,360.500000,16.744090,72.870058,0.202136,360.500000,1.172150,0.853133,0.326969,37.985301,0.603719,16.744090,27.734917,16.000000,26.000000,30.528675,30.528675,360.500000,16.744090,1.172150,0.853133,72.870058,0.202136,360.500000
"59d6e4a6-7c48-4ed3-afc3-cc825ccb0a82","Detection","nuclei_tumor",956.185852,390.656891,67.000000,116.000000,7261815.000000,1.622902,29.000000,2.035697,128.000000,92.391463,15.324012,94.000000,50.000000,78.000000,12.155951,94.105643,-0.142250,17.879861,7261815.000000,0.349711,319.689439,5.409689,10.129433,-0.558501,2.198843,0.181264,0.847684,0.181264,0.682834,0.148407,0.909368,0.909368,0.989337,0.963747,-0.515077,0.000000,0.181264,2.214790,0.243891,2.415267,0.338466,4.429580,2.234003,0.595027,4.017634,176.548780,0.215303,1.000000,2.935015,286.763415,0.595092,5.575610,55.126829,294.848780,19.248171,0.335095,0.024735,0.150968,0.007855,100.057239,0.336893,0.652065,6.080808,48.121212,261.622896,16.475122,0.307800,5.119803,29.801347,0.100341,0.362195,17.629992,0.158089,1.132793,0.042299,2.555556,0.283951,1.283951,9.000000,19023.555556,95646.888889,5290.800926,0.307870,1.000000,0.111111,0.018061,0.285866,0.001210,3.169925,0.010976,10722.320988,6.441735,0.020257,1.042829,0.017655,0.105073,0.687052,0.687052,39.053530,818.671650,26.831800,105.847055,0.129291,818.671650,1.089025,0.918252,0.424147,63.919820,0.687052,26.831800,39.053530,26.000000,38.000000,46.043458,46.043458,818.671650,26.831800,1.089025,0.918252,105.847055,0.129291,818.671650
"426604ba-5cdd-4d61-8e72-796792507353","Detection","nuclei_tumor",930.648987,343.707153,111.000000,153.000000,7821078.000000,1.506379,24.000000,2.207014,168.000000,129.881838,13.128806,128.000000,98.000000,70.000000,10.006566,130.820320,0.300589,15.641751,7821078.000000,0.379236,244.664375,7.784084,6.969555,0.791896,1.786996,0.187244,0.810313,0.187244,0.695670,0.152184,0.906378,0.906378,0.988986,0.962551,-0.469795,0.000000,0.187244,2.717379,0.270236,2.283070,0.359274,5.434757,2.095826,0.493560,4.017475,90.881838,0.198866,1.000000,3.678696,173.310722,0.509430,7.943107,53.787746,407.308534,9.028082,0.166545,0.034001,0.296129,0.005651,63.563830,0.338105,0.622991,8.781915,38.904255,280.659574,6.787677,0.164709,4.851971,22.734043,0.120926,0.411379,15.268108,0.287945,2.713486,0.049612,3.181818,0.289256,0.925620,8.363636,6661.363636,47626.363636,1130.094697,0.229167,1.909091,0.173554,0.305745,2.783911,0.053280,3.459432,0.024070,4935.338843,3.521452,0.034442,1.129558,0.015228,0.176728,0.909916,0.909916,25.333081,457.000000,23.050984,78.429563,0.171618,457.000000,1.071109,0.933612,0.371212,48.960448,0.909916,23.050984,25.333081,25.000000,23.000000,33.970576,33.970576,457.000000,23.050984,1.071109,0.933612,78.429563,0.171618,457.000000
"d0a85ecf-9f20-47cd-8b63-059659e90a3e","Detection","nuclei_tumor",308.742920,506.666138,75.000000,104.000000,2622936.000000,1.055232,18.000000,2.359188,118.000000,89.132308,9.382760,89.000000,67.000000,51.000000,7.287323,89.836364,0.224423,11.225152,2622936.000000,0.590514,126.004033,4.318562,2.432686,0.057953,0.743275,0.172241,0.623729,0.172241,0.662805,0.142574,0.913880,0.913880,0.982776,0.956940,-0.309876,0.000000,0.172241,2.043478,0.485151,1.697180,0.683110,4.086957,1.524939,0.228879,3.369687,67.904615,0.208937,1.000000,4.200710,191.916923,0.248483,4.587692,54.501538,231.012308,15.573846,0.291111,0.038139,0.239760,0.009745,52.609023,0.395557,0.460964,5.548872,47.548872,197.909774,12.865915,0.297201,4.410184,17.060150,0.128272,0.409231,23.663972,0.314552,2.273302,0.079844,6.272727,0.570248,0.611570,7.090909,5484.818182,22282.272727,1400.101010,0.285354,1.363636,0.123967,0.247672,2.147067,0.036627,3.095795,0.033846,4611.884298,4.295281,0.041483,0.527646,0.014875,0.094783,0.654428,0.654428,25.450241,323.500000,16.655358,75.213203,0.232498,323.500000,1.391567,0.718615,0.279807,27.817538,0.654428,16.655358,25.450241,17.000000,25.000000,30.232433,30.232433,323.500000,16.655358,1.391567,0.718615,75.213203,0.232498,323.500000
"6d906abf-0f83-4eca-8331-1464d29f95d5","Detection","nuclei_stroma",277.764252,830.077271,79.000000,118.000000,3591895.000000,1.486858,16.000000,4.075316,152.000000,96.578667,11.694279,95.000000,59.000000,93.000000,7.220517,97.869232,0.618456,15.841332,3591895.000000,0.431296,250.947812,5.749638,9.190336,1.193767,1.572733,0.302460,0.677409,0.287988,0.904969,0.219523,0.858418,0.857453,0.988482,0.952346,-0.300039,0.000000,0.275326,2.330680,0.280334,2.489602,0.478292,4.661360,2.152227,0.468798,4.108697,56.098667,0.149596,1.000000,4.658532,161.736000,0.484878,6.029333,44.365333,231.624000,11.236421,0.245459,0.054537,0.466778,0.012437,74.192661,0.340333,0.678647,7.183486,23.642202,119.605505,5.824972,0.235427,4.373140,44.100917,0.202298,0.581333,11.806077,0.412934,3.415528,0.087695,4.888889,0.271605,1.111111,10.111111,2523.055556,11383.833333,615.905386,0.215571,2.777778,0.154321,0.339526,4.099663,0.079290,3.836592,0.048000,2089.027778,2.601083,0.030806,2.636983,0.012245,0.306375,0.546187,0.546187,29.798513,377.500000,16.275550,82.870058,0.219523,377.500000,1.447666,0.690767,0.282323,28.320007,0.546187,16.275550,29.798513,18.000000,28.000000,33.286634,33.286634,377.500000,16.275550,1.447666,0.690767,82.870058,0.219523,377.500000
"b09be8f8-dc7a-4bb6-8e9e-1ad641949ce6","Detection","nuclei_stroma",247.845184,437.459412,53.000000,83.000000,4672110.000000,1.001966,15.000000,5.933556,130.000000,66.005820,9.931627,62.000000,43.000000,87.000000,6.533929,67.317379,1.507896,13.223512,4672110.000000,0.626299,174.861266,4.870227,4.358604,1.170365,0.767271,0.151445,0.670312,0.148349,0.614164,0.129437,0.926342,0.926135,0.994200,0.975349,-0.330921,0.000000,0.145640,2.171698,0.558865,1.518381,0.737358,4.343395,1.360124,0.229679,2.855985,318.400582,0.308827,1.000000,4.046871,645.713870,0.267893,5.175558,59.031038,265.483996,14.304961,0.235611,0.032513,0.251983,0.006425,127.089021,0.377119,0.564291,7.213650,92.765579,399.578635,22.676466,0.217720,4.655886,47.267062,0.140258,0.326867,55.327158,0.342506,3.102613,0.065295,6.700000,0.335000,1.227500,9.350000,31827.150000,129278.000000,7908.623528,0.282556,2.500000,0.125000,0.324047,4.082227,0.038014,3.921928,0.019399,29169.747500,4.355410,0.015964,1.618388,0.003911,0.191566,0.273735,0.273735,71.957980,1031.670013,19.697440,171.006547,0.165757,1031.670013,2.255666,0.443328,0.260284,24.071091,0.273735,19.697440,71.957980,30.000000,68.000000,74.323617,74.323617,1031.670013,19.697440,2.255666,0.443328,171.006547,0.165757,1031.670013
"0ded3dc6-b40e-499e-871e-7d57d299966d","Detection","nuclei_stroma",248.741669,386.145844,53.000000,98.000000,1215242.000000,1.329850,18.000000,5.770898,141.000000,68.858333,13.230208,63.000000,46.000000,95.000000,7.998712,71.158333,1.684606,17.945425,1215242.000000,0.536215,322.038264,5.271028,11.993208,2.606621,1.370949,0.327103,0.614732,0.278037,0.933065,0.249798,0.869159,0.865888,0.987810,0.954829,-0.235124,0.000000,0.235105,2.238318,0.438123,2.116057,0.650701,4.476636,1.781522,0.424513,3.524975,43.016667,0.179236,1.000000,6.552708,128.691667,0.534566,5.920833,46.558333,204.054167,11.745793,0.238196,0.073780,0.876304,0.011238,37.630769,0.289467,0.968994,8.723077,31.384615,145.276923,7.708953,0.205733,4.201338,35.415385,0.272426,0.541667,17.751479,0.537724,6.080499,0.085171,5.000000,0.294118,1.072664,13.117647,1739.058824,7168.058824,433.209788,0.144722,3.352941,0.197232,0.413034,7.094280,0.028341,3.572469,0.070833,1539.750865,1.455247,0.054108,2.335763,0.013470,0.495374,0.356432,0.356432,30.141418,240.000000,10.743364,82.000000,0.341667,240.000000,2.229495,0.448532,0.182354,11.814988,0.356432,10.743364,30.141418,13.000000,28.000000,30.870698,30.870698,240.000000,10.743364,2.229495,0.448532,82.000000,0.341667,240.000000
"c35ace97-96bf-459b-88e9-89b0575492b3","Detection","nuclei_lymphocyte",916.017517,1005.754395,44.000000,92.000000,506490.000000,1.739952,28.000000,2.366824,108.000000,64.087719,15.471530,59.000000,38.000000,70.000000,12.045269,66.655043,0.678891,18.320998,506490.000000,0.328870,335.658972,4.241814,11.678813,1.458069,2.139929,0.435768,0.661631,0.420655,1.032522,0.258818,0.792191,0.791184,0.974633,0.916373,-0.246152,0.000000,0.407431,1.953401,0.162998,2.927592,0.277078,3.906801,2.461329,0.643924,4.121679,17.859649,0.156664,1.000000,3.588797,37.491228,0.706756,4.956140,29.473684,102.447368,15.906798,0.412403,0.082548,0.697446,0.019679,30.434343,0.307418,0.774003,6.313131,7.838384,30.888889,3.978816,0.314955,3.675869,27.101010,0.273748,0.868421,2.534435,0.484996,3.982042,0.106739,3.000000,0.333333,0.888889,9.888889,430.444444,1585.666667,182.804012,0.209105,1.666667,0.185185,0.375293,4.435142,0.034456,2.947703,0.078947,270.000000,1.967614,0.103093,1.676509,0.035864,0.495339,0.758301,0.758301,13.993144,114.000000,10.611019,50.000000,0.438596,114.000000,1.745120,0.573027,0.181918,11.758504,0.758301,10.611019,13.993144,12.000000,13.000000,17.691806,17.691806,114.000000,10.611019,1.745120,0.573027,50.000000,0.438596,114.000000
