ObjectID,ObjectType,Classification,Centroid_X,Centroid_Y,firstorder_10Percentile,firstorder_90Percentile,firstorder_Energy,firstorder_Entropy,firstorder_InterquartileRange,firstorder_Kurtosis,firstorder_Maximum,firstorder_Mean,firstorder_MeanAbsoluteDeviation,firstorder_Median,firstorder_Minimum,firstorder_Range,firstorder_RobustMeanAbsoluteDeviation,firstorder_RootMeanSquared,firstorder_Skewness,firstorder_StandardDeviation,firstorder_TotalEnergy,firstorder_Uniformity,firstorder_Variance,glcm_Autocorrelation,glcm_ClusterProminence,glcm_ClusterShade,glcm_ClusterTendency,glcm_Contrast,glcm_Correlation,glcm_DifferenceAverage,glcm_DifferenceEntropy,glcm_DifferenceVariance,glcm_Id,glcm_Idm,glcm_Idmn,glcm_Idn,glcm_Imc1,glcm_Imc2,glcm_InverseVariance,glcm_JointAverage,glcm_JointEnergy,glcm_JointEntropy,glcm_MaximumProbability,glcm_SumAverage,glcm_SumEntropy,glcm_SumSquares,gldm_DependenceEntropy,gldm_DependenceNonUniformity,gldm_DependenceNonUniformityNormalized,gldm_DependencePercentage,gldm_DependenceVariance,gldm_GrayLevelNonUniformity,gldm_GrayLevelVariance,gldm_HighGrayLevelEmphasis,gldm_LargeDependenceEmphasis,gldm_LargeDependenceHighGrayLevelEmphasis,gldm_LargeDependenceLowGrayLevelEmphasis,gldm_LowGrayLevelEmphasis,gldm_SmallDependenceEmphasis,gldm_SmallDependenceHighGrayLevelEmphasis,gldm_SmallDependenceLowGrayLevelEmphasis,glrlm_GrayLevelNonUniformity,glrlm_GrayLevelNonUniformityNormalized,glrlm_GrayLevelVariance,glrlm_HighGrayLevelRunEmphasis,glrlm_LongRunEmphasis,glrlm_LongRunHighGrayLevelEmphasis,glrlm_LongRunLowGrayLevelEmphasis,glrlm_LowGrayLevelRunEmphasis,glrlm_RunEntropy,glrlm_RunLengthNonUniformity,glrlm_RunLengthNonUniformityNormalized,glrlm_RunPercentage,glrlm_RunVariance,glrlm_ShortRunEmphasis,glrlm_ShortRunHighGrayLevelEmphasis,glrlm_ShortRunLowGrayLevelEmphasis,glszm_GrayLevelNonUniformity,glszm_GrayLevelNonUniformityNormalized,glszm_GrayLevelVariance,glszm_HighGrayLevelZoneEmphasis,glszm_LargeAreaEmphasis,glszm_LargeAreaHighGrayLevelEmphasis,glszm_LargeAreaLowGrayLevelEmphasis,glszm_LowGrayLevelZoneEmphasis,glszm_SizeZoneNonUniformity,glszm_SizeZoneNonUniformityNormalized,glszm_SmallAreaEmphasis,glszm_SmallAreaHighGrayLevelEmphasis,glszm_SmallAreaLowGrayLevelEmphasis,glszm_ZoneEntropy,glszm_ZonePercentage,glszm_ZoneVariance,ngtdm_Busyness,ngtdm_Coarseness,ngtdm_Complexity,ngtdm_Contrast,ngtdm_Strength,shape2D_Elongation,shape2D_Flatness,shape2D_MajorAxisLength,shape2D_MeshSurfaceArea,shape2D_MinorAxisLength,shape2D_Perimeter,shape2D_PerimeterSurfaceRatio,shape2D_PixelSurface,shape2D_SphericalDisproportion,shape2D_Sphericity,shape_Compactness1,shape_Compactness2,shape_Elongation,shape_LeastAxisLength,shape_MajorAxisLength,shape_Maximum2DDiameterColumn,shape_Maximum2DDiameterRow,shape_Maximum2DDiameterSlice,shape_Maximum3DDiameter,shape_MeshVolume,shape_MinorAxisLength,shape_SphericalDisproportion,shape_Sphericity,shape_SurfaceArea,shape_SurfaceVolumeRatio,shape_VoxelVolume
"8a4acab7-8236-4234-a818-ea8edf590394","Detection","nuclei_tumor",12.843034,6.562610,85.000000,119.000000,4117080.000000,1.347204,17.000000,4.249949,167.000000,102.357513,10.692824,102.000000,69.000000,98.000000,7.408839,103.276379,0.405773,13.745905,4117080.000000,0.447556,188.949905,7.133808,4.816865,0.311592,1.198703,0.328826,0.569467,0.320285,0.932631,0.226243,0.841281,0.840712,0.987421,0.946823,-0.208292,0.000000,0.312811,2.629893,0.257255,2.398618,0.395730,5.259786,2.051333,0.381882,4.123456,53.699482,0.139118,1.000000,4.087653,172.756477,0.393843,7.308290,39.839378,286.629534,6.566935,0.176063,0.063271,0.484111,0.015546,97.572549,0.382637,0.564460,7.592157,14.682353,104.854902,2.480109,0.190143,4.157561,49.776471,0.195202,0.660622,5.516894,0.386167,3.127629,0.083956,6.166667,0.256944,1.123264,8.458333,1159.500000,8341.875000,187.988090,0.255428,4.250000,0.177083,0.406918,3.187008,0.132087,4.136842,0.062176,900.826389,2.721756,0.023372,2.988155,0.010970,0.235406,0.425948,0.425948,36.494513,378.000000,15.544782,94.627417,0.250337,378.000000,1.885091,0.530478,0.231682,19.071507,0.425948,15.544782,36.494513,34.000000,18.000000,38.470768,38.470768,378.000000,15.544782,1.885091,0.530478,94.627417,0.250337,378.000000
"f07664f0-e858-4011-91a3-8712ba1c5158","Detection","nuclei_tumor",228.812439,8.045675,86.000000,115.000000,3612150.000000,1.083453,16.000000,2.406650,130.000000,100.883191,8.862542,101.000000,72.000000,58.000000,7.029316,101.444693,-0.035769,10.658679,3612150.000000,0.493153,113.607438,6.521672,1.113013,-0.121760,0.848534,0.220588,0.587347,0.220588,0.761240,0.171929,0.889706,0.889706,0.987024,0.955882,-0.257437,0.000000,0.220588,2.522833,0.325819,1.864739,0.418731,5.045666,1.644151,0.267281,3.739581,62.840456,0.179033,1.000000,4.250388,173.096866,0.270582,6.757835,49.649573,330.820513,8.755579,0.178023,0.047106,0.371271,0.008478,79.497041,0.470397,0.326459,6.982249,33.988166,233.644970,5.810487,0.182446,4.241584,25.532544,0.151080,0.481481,16.733728,0.342070,2.601807,0.063580,4.230769,0.325444,0.698225,7.538462,3944.076923,28118.769231,643.400641,0.225427,2.692308,0.207101,0.436287,4.356270,0.071797,3.392747,0.037037,3215.076923,3.235824,0.026983,1.508574,0.010080,0.155286,0.807984,0.807984,24.267709,343.000000,19.607909,76.627417,0.223404,343.000000,1.362274,0.734067,0.288498,29.572501,0.807984,19.607909,24.267709,24.000000,19.000000,30.610456,30.610456,343.000000,19.607909,1.362274,0.734067,76.627417,0.223404,343.000000
"294c8a5b-26fb-4c63-b769-e9895415670e","Detection","nuclei_tumor",509.554840,5.597403,68.000000,101.000000,1762329.000000,1.272941,14.000000,3.250490,130.000000,84.720833,10.008229,84.000000,59.000000,71.000000,6.800451,85.691525,0.385980,12.861489,1762329.000000,0.497951,165.417899,3.851211,4.146742,0.043220,1.148648,0.196078,0.708374,0.196078,0.714015,0.157632,0.901961,0.901961,0.988466,0.960784,-0.371138,0.000000,0.196078,1.900807,0.361616,2.047828,0.565167,3.801615,1.851749,0.336182,3.729652,47.175000,0.196563,1.000000,3.813264,119.508333,0.344375,4.050000,50.166667,189.458333,19.614728,0.388108,0.035871,0.213336,0.011831,46.095652,0.400832,0.493762,4.669565,26.852174,103.600000,9.917029,0.373068,4.378361,16.234783,0.141172,0.479167,9.430624,0.325147,1.976344,0.092930,1.666667,0.277778,0.916667,7.166667,3043.333333,11540.333333,1056.218750,0.297454,1.000000,0.166667,0.185576,2.835838,0.012590,2.584963,0.025000,1443.333333,2.365273,0.051664,1.328172,0.011400,0.323061,0.634139,0.634139,22.864781,231.000000,14.499444,63.455844,0.274701,231.000000,1.387144,0.720906,0.257828,23.618997,0.634139,14.499444,22.864781,23.000000,14.000000,26.925824,26.925824,231.000000,14.499444,1.387144,0.720906,63.455844,0.274701,231.000000
"76a7c1e5-c07b-4262-8e2a-117ce69f97a4","Detection","nuclei_histiocyte",714.013733,4.646625,126.000000,154.000000,3236030.000000,1.161756,16.000000,2.889583,167.000000,140.466258,8.923934,141.000000,109.000000,58.000000,6.584033,140.900478,-0.239479,11.053291,3236030.000000,0.531032,122.175242,4.607330,2.616067,-0.055686,0.879508,0.301920,0.488890,0.298429,0.892641,0.212860,0.851367,0.851134,0.969969,0.925567,-0.171108,0.000000,0.295375,2.112565,0.335724,2.137133,0.544503,4.225131,1.823468,0.295357,3.751421,23.662577,0.145169,1.000000,3.647258,86.558282,0.292973,4.877301,38.987730,170.570552,11.115883,0.282890,0.047952,0.248362,0.016577,46.137615,0.423281,0.406531,5.458716,13.266055,59.192661,3.660041,0.282875,3.746441,20.633028,0.189294,0.668712,4.321017,0.373147,2.294684,0.102724,3.000000,0.428571,0.775510,6.000000,1866.428571,7643.571429,477.857143,0.384921,1.000000,0.142857,0.151002,0.209343,0.144515,2.807355,0.042945,1324.204082,3.547808,0.054695,0.823130,0.026493,0.132913,0.536048,0.536048,20.223281,158.000000,10.840658,54.627417,0.345743,158.000000,1.502984,0.665343,0.220783,17.319468,0.536048,10.840658,20.223281,20.000000,11.000000,22.825424,22.825424,158.000000,10.840658,1.502984,0.665343,54.627417,0.345743,158.000000
"4ac1dc62-7703-4f80-948e-f670a8cff584","Detection","nuclei_lymphocyte",756.295654,3.731449,75.000000,116.000000,1345730.000000,1.507304,25.000000,2.514087,136.000000,94.712329,13.136986,95.000000,61.000000,75.000000,10.063696,96.006920,0.287111,15.713165,1345730.000000,0.405798,246.903547,5.598425,6.884054,0.459310,1.608640,0.251969,0.729155,0.251969,0.814383,0.188480,0.874016,0.874016,0.985178,0.949606,-0.366909,0.000000,0.251969,2.293307,0.271068,2.431313,0.444882,4.586614,2.179344,0.465152,4.106911,21.808219,0.149371,1.000000,3.971477,59.246575,0.476074,5.835616,42.479452,234.931507,10.367437,0.267932,0.051513,0.355951,0.017519,28.058824,0.330104,0.678754,6.270588,18.000000,97.082353,4.367484,0.299183,4.226850,14.458824,0.170104,0.582192,6.198754,0.288151,1.999446,0.091352,2.555556,0.283951,1.358025,7.333333,870.444444,4473.333333,197.010031,0.412037,1.444444,0.160494,0.252219,2.157934,0.126547,3.169925,0.061644,607.283951,1.439134,0.092227,1.266426,0.017598,0.434891,0.437522,0.437522,21.076261,141.500000,9.221332,52.727922,0.372635,141.500000,1.563562,0.639565,0.208507,15.446969,0.437522,9.221332,21.076261,20.000000,9.000000,21.931712,21.931712,141.500000,9.221332,1.563562,0.639565,52.727922,0.372635,141.500000
"6ea2b0e9-4b77-4de6-be7b-72710f9b64ca","Detection","nuclei_lymphocyte",832.261414,3.797386,68.000000,98.000000,718447.000000,1.317143,15.000000,4.523703,128.000000,81.462264,9.164827,80.000000,62.000000,66.000000,6.305300,82.327407,1.064522,11.903840,718447.000000,0.461908,141.701406,3.187328,3.091786,0.273152,0.955141,0.388430,0.421795,0.366391,1.009643,0.254187,0.820478,0.819008,0.977540,0.927456,-0.117103,0.000000,0.347107,1.745179,0.270143,2.321218,0.443526,3.490358,1.904020,0.335893,3.946062,14.056604,0.132609,1.000000,4.261659,48.962264,0.382698,3.528302,33.584906,112.264151,14.633451,0.478315,0.068089,0.386521,0.029136,30.761905,0.366213,0.581066,4.119048,11.428571,37.619048,5.212467,0.472388,3.621575,24.309524,0.289399,0.792453,5.058957,0.544160,2.744051,0.226496,2.142857,0.306122,1.265306,5.857143,646.857143,2395.714286,216.393849,0.504960,1.285714,0.183673,0.219419,2.679845,0.050190,2.807355,0.066038,417.551020,2.086811,0.067547,2.591133,0.022682,0.458508,0.630684,0.630684,15.140462,102.000000,9.548845,43.313708,0.424644,102.000000,1.463662,0.683218,0.201877,14.480268,0.630684,9.548845,15.140462,15.000000,9.000000,17.492856,17.492856,102.000000,9.548845,1.463662,0.683218,43.313708,0.424644,102.000000
"3a09c8a9-03aa-42aa-b2d7-7a381e45baf3","Detection","nuclei_lymphocyte",952.459106,4.094810,81.000000,122.000000,1788327.000000,1.519208,21.000000,3.143488,147.000000,100.097701,12.513476,98.000000,67.000000,80.000000,8.564868,101.379196,0.468415,16.068342,1788327.000000,0.403092,258.191604,6.130719,6.704112,0.992375,1.524510,0.362745,0.615584,0.343137,0.982107,0.245002,0.831699,0.830392,0.979008,0.932026,-0.226503,0.000000,0.325980,2.416667,0.242815,2.608611,0.423203,4.833333,2.203273,0.471814,4.231429,22.183908,0.127494,1.000000,4.800238,70.137931,0.502048,6.609195,37.172414,212.689655,8.036877,0.219907,0.074535,0.678225,0.014179,43.723077,0.336331,0.667456,7.507692,12.553846,72.907692,2.743697,0.228045,3.882747,34.461538,0.265089,0.747126,5.387929,0.517308,4.318258,0.121618,3.833333,0.319444,1.076389,9.583333,869.833333,4494.000000,192.339120,0.254630,2.333333,0.194444,0.386795,4.716099,0.043083,3.084963,0.068966,659.583333,2.400411,0.055082,1.739280,0.025881,0.260558,0.466201,0.466201,22.637670,167.000000,10.553706,57.798990,0.346102,167.000000,1.591894,0.628183,0.214418,16.335204,0.466201,10.553706,22.637670,23.000000,10.000000,25.079872,25.079872,167.000000,10.553706,1.591894,0.628183,57.798990,0.346102,167.000000
"55522bf9-7075-457b-86aa-83f96fe80fcc","Detection","nuclei_lymphocyte",885.858887,11.851851,60.000000,97.000000,2070753.000000,1.423139,17.000000,3.786150,133.000000,77.545181,11.614149,75.000000,47.000000,86.000000,7.785058,78.975995,0.833353,14.965052,2070753.000000,0.416915,223.952778,6.636735,3.762761,0.674785,1.157251,0.391837,0.494107,0.354286,1.024868,0.266318,0.829116,0.826612,0.985228,0.941846,-0.156629,0.000000,0.321429,2.538776,0.247071,2.432014,0.373061,5.077551,1.998398,0.387272,4.061986,43.789157,0.131895,1.000000,4.840107,138.415663,0.455754,7.243976,39.692771,244.533133,7.629508,0.178454,0.068311,0.803829,0.009253,79.437768,0.340935,0.639909,8.982833,14.240343,87.175966,2.801950,0.156624,3.918579,57.163090,0.245335,0.701807,6.119066,0.497717,5.636988,0.064021,6.700000,0.335000,0.950000,13.200000,1490.300000,7301.250000,336.601222,0.138028,3.600000,0.180000,0.369881,6.476168,0.034961,3.484184,0.060241,1214.740000,2.878935,0.025070,3.542634,0.015380,0.233083,0.647601,0.647601,25.678788,333.000000,16.629620,70.769553,0.212521,333.000000,1.196847,0.835528,0.315573,35.383557,0.647601,16.629620,25.678788,20.000000,23.000000,30.479501,30.479501,333.000000,16.629620,1.196847,0.835528,70.769553,0.212521,333.000000
"14c6d6e8-252a-4c9e-9ca1-7108b48ea1b2","Detection","nuclei_histiocyte",981.855286,13.878518,88.000000,117.000000,3533181.000000,1.299711,16.000000,3.442636,134.000000,101.824405,9.473941,101.000000,62.000000,72.000000,6.641220,102.544720,-0.198545,12.133023,3533181.000000,0.455623,147.210238,6.651050,3.015083,-0.356942,1.039906,0.323910,0.524995,0.310985,0.931892,0.227198,0.846661,0.845800,0.981175,0.938234,-0.184670,0.000000,0.299677,2.544023,0.267152,2.289893,0.394184,5.088045,1.932662,0.340954,4.074074,47.351190,0.140926,1.000000,4.502232,153.089286,0.357993,6.970238,42.017857,291.303571,7.458085,0.189691,0.052686,0.440214,0.009336,81.640777,0.396314,0.487416,7.106796,18.970874,132.902913,3.292948,0.206681,4.131274,42.368932,0.205674,0.613095,8.329343,0.441769,3.401766,0.086809,3.500000,0.291667,0.909722,9.416667,3211.166667,22410.000000,542.025463,0.203704,1.833333,0.152778,0.274556,3.297447,0.034377,3.418296,0.035714,2427.166667,3.790900,0.024164,1.852620,0.017788,0.128827,0.648693,0.648693,26.005357,337.500000,16.869491,73.355339,0.217349,337.500000,1.268761,0.788171,0.303076,32.636587,0.648693,16.869491,26.005357,19.000000,25.000000,31.400637,31.400637,337.500000,16.869491,1.268761,0.788171,73.355339,0.217349,337.500000
"c3becb90-6c58-469c-9b74-eea2ad08f97d","Detection","nuclei_histiocyte",660.227051,18.074503,93.000000,144.000000,8539790.000000,1.770316,25.000000,2.844429,170.000000,121.507092,15.428424,124.000000,69.000000,101.000000,10.744741,123.050687,-0.412321,19.429312,8539790.000000,0.337364,377.498177,12.007594,16.603719,-1.235856,2.409323,0.383009,0.725671,0.360228,1.005418,0.253245,0.823683,0.822164,0.985450,0.940504,-0.301013,0.000000,0.340294,3.391315,0.174059,3.011027,0.287613,6.782629,2.582250,0.698083,4.510797,85.170213,0.151011,1.000000,3.279714,190.273050,0.699295,12.203901,37.680851,461.203901,4.017173,0.115240,0.046333,0.562882,0.006969,120.204134,0.310605,0.805240,12.124031,12.857881,156.232558,1.385604,0.123409,4.444315,76.576227,0.197871,0.686170,4.362238,0.389834,4.592545,0.049858,4.157895,0.218837,1.878116,12.526316,4719.368421,60388.789474,411.598509,0.212281,1.947368,0.102493,0.154030,1.982164,0.061447,4.142664,0.033688,3838.216066,2.840091,0.021001,2.721087,0.019392,0.182406,0.493621,0.493621,39.067206,561.500000,19.284411,101.840620,0.181372,561.500000,1.469882,0.680327,0.308243,33.758939,0.493621,19.284411,39.067206,22.000000,38.000000,43.908997,43.908997,561.500000,19.284411,1.469882,0.680327,101.840620,0.181372,561.500000
"e2f86dad-850e-42e4-a97a-68fa35fbe2d8","Detection","nuclei_histiocyte",735.087708,16.689913,91.000000,125.000000,4483435.000000,1.258816,18.000000,2.648650,145.000000,108.007916,10.430518,108.000000,80.000000,65.000000,7.841970,108.764166,0.173321,12.803670,4483435.000000,0.483170,163.933974,3.445956,2.909113,-0.083309,1.040721,0.251969,0.610164,0.250537,0.818072,0.189200,0.874970,0.874875,0.974869,0.937437,-0.264180,0.000000,0.249284,1.802434,0.321568,2.125624,0.513243,3.604868,1.867979,0.323172,3.871531,58.841689,0.155255,1.000000,4.381005,183.121372,0.339054,3.730871,47.026385,158.369393,20.981897,0.431618,0.045573,0.199079,0.021032,78.310000,0.391550,0.469600,4.390000,25.330000,90.350000,10.197222,0.402500,4.235860,32.880000,0.164400,0.527704,10.965900,0.352611,1.999821,0.112279,5.769231,0.443787,0.899408,5.538462,4992.384615,18572.307692,1621.933761,0.463675,1.769231,0.136095,0.273751,0.615374,0.235793,3.026987,0.034301,4142.437870,9.164903,0.026993,0.697767,0.027837,0.066253,0.468676,0.468676,32.471700,380.000000,15.218702,81.597980,0.214732,380.000000,1.394329,0.717191,0.290864,30.059472,0.468676,15.218702,32.471700,29.000000,20.000000,35.227830,35.227830,380.000000,15.218702,1.394329,0.717191,81.597980,0.214732,380.000000
"d1c98af4-db5b-4063-892a-f1af091d79c5","Detection","nuclei_tumor",45.247341,18.645981,78.000000,113.000000,5250799.000000,1.361702,21.000000,2.728249,137.000000,95.424779,11.174908,95.000000,62.000000,75.000000,8.310066,96.402539,0.209402,13.695297,5250799.000000,0.447280,187.561156,5.506849,3.057432,0.099869,1.051702,0.410014,0.438996,0.371280,1.043656,0.272165,0.820698,0.818233,0.976595,0.927022,-0.128520,0.000000,0.338503,2.312234,0.249489,2.469184,0.412848,4.624469,1.996595,0.365429,4.103769,77.782301,0.137668,1.000000,4.249216,252.713274,0.388297,5.879646,38.507965,214.934513,8.468990,0.240081,0.064061,0.443533,0.020265,141.124352,0.365607,0.567237,6.347150,16.202073,88.663212,3.622553,0.263925,4.119115,86.746114,0.224731,0.683186,7.632044,0.457514,3.248176,0.127157,11.606061,0.351699,1.280073,7.454545,3318.636364,14516.303030,798.362163,0.402778,5.242424,0.158861,0.341060,2.461338,0.162554,4.127283,0.058407,3025.500459,8.579637,0.013952,2.034370,0.022198,0.068642,0.480106,0.480106,38.818147,564.000000,18.636822,97.597980,0.173046,564.000000,1.343980,0.744059,0.330022,38.697962,0.480106,18.636822,38.818147,39.000000,18.000000,42.953463,42.953463,564.000000,18.636822,1.343980,0.744059,97.597980,0.173046,564.000000
"9e03d621-915d-4467-90fb-e622bc04553f","Detection","nuclei_tumor",477.924561,23.223845,80.000000,123.000000,5777576.000000,1.561155,22.000000,3.136905,160.000000,101.338208,13.570140,100.000000,60.000000,100.000000,9.702501,102.773032,0.385603,17.113260,5777576.000000,0.390627,292.863677,6.600097,7.417722,0.533211,1.531287,0.379932,0.602419,0.357526,1.002096,0.252107,0.824972,0.823478,0.985566,0.940946,-0.217933,0.000000,0.337920,2.512421,0.216407,2.679943,0.336094,5.024842,2.259256,0.477805,4.266884,74.959781,0.137038,1.000000,4.066261,213.672761,0.520245,7.089580,38.956124,247.137112,8.062955,0.203817,0.055342,0.536067,0.010954,126.762533,0.334466,0.689023,8.189974,13.746702,88.907652,2.785292,0.195045,4.207642,79.738786,0.210393,0.692870,5.414568,0.427114,4.339423,0.071261,5.181818,0.235537,1.545455,10.545455,3394.863636,21075.090909,651.174811,0.269735,2.636364,0.119835,0.318947,4.279596,0.077854,4.243300,0.040219,2776.663223,4.423745,0.016938,3.205015,0.016244,0.158742,0.612407,0.612407,33.908949,548.000000,20.766067,93.254834,0.170173,548.000000,1.262851,0.791859,0.343320,41.879302,0.612407,20.766067,33.908949,33.000000,23.000000,40.224371,40.224371,548.000000,20.766067,1.262851,0.791859,93.254834,0.170173,548.000000
"4510e2d4-6b4d-45d2-b81c-66bbc985360b","Detection","nuclei_lymphocyte",789.633850,23.557480,53.000000,100.000000,2180419.000000,1.687514,23.000000,4.195882,146.000000,73.709333,14.734052,71.000000,40.000000,106.000000,9.482677,76.252545,1.070897,19.529077,2180419.000000,0.385956,381.384846,5.880747,12.940958,1.694586,1.825010,0.456897,0.599548,0.386494,1.097672,0.307519,0.817768,0.813793,0.983084,0.937209,-0.226304,0.000000,0.331677,2.353448,0.241383,2.773024,0.441092,4.706897,2.302035,0.570477,4.251795,46.610667,0.124295,1.000000,5.779172,144.733333,0.700900,6.706667,39.357333,194.749333,10.526318,0.242270,0.098375,1.368945,0.012322,72.849057,0.274902,1.047690,9.294340,15.894340,81.283019,4.017170,0.201709,4.173457,72.532075,0.273706,0.706667,7.884372,0.534738,6.575191,0.073704,10.611111,0.294753,1.076389,15.138889,1211.305556,5122.194444,302.218387,0.127670,10.111111,0.280864,0.541772,10.241611,0.032424,3.614369,0.096000,1102.798611,3.684761,0.024678,3.269158,0.025008,0.224415,0.923319,0.923319,22.850194,375.500000,21.098022,73.698485,0.196268,375.500000,1.151058,0.868766,0.334848,39.837913,0.923319,21.098022,22.850194,22.000000,21.000000,30.413813,30.413813,375.500000,21.098022,1.151058,0.868766,73.698485,0.196268,375.500000
"466a1cb0-45c3-4515-80d2-ed9c15a68fee","Detection","nuclei_tumor",414.930908,29.680647,87.000000,134.000000,11312828.000000,1.509921,20.000000,3.097627,147.000000,114.896305,13.128652,118.000000,70.000000,77.000000,8.909056,116.119354,-0.789669,16.809030,11312828.000000,0.396296,282.543479,9.994036,8.670553,-1.204443,1.727540,0.311362,0.694579,0.305085,0.908839,0.218286,0.848504,0.848085,0.981795,0.939192,-0.316055,0.000000,0.299592,3.104834,0.222936,2.570003,0.385122,6.209667,2.241731,0.509726,4.261264,128.885578,0.153618,1.000000,3.345302,332.492253,0.497956,10.205006,43.054827,428.491061,5.453673,0.130802,0.040394,0.410736,0.007353,188.456740,0.379189,0.570943,10.537223,18.028169,178.060362,2.309188,0.137953,4.396731,83.816901,0.168646,0.592372,6.629054,0.339303,3.686635,0.050397,8.200000,0.328000,1.353600,9.880000,9251.160000,87608.800000,1048.751389,0.263333,2.280000,0.091200,0.211719,1.494889,0.098893,4.323856,0.029797,8124.886400,7.568599,0.011738,1.943218,0.023200,0.072550,0.559750,0.559750,44.129784,834.500000,24.701641,118.811183,0.142374,834.500000,1.346103,0.742885,0.363551,46.960541,0.559750,24.701641,44.129784,36.000000,36.000000,50.911688,50.911688,834.500000,24.701641,1.346103,0.742885,118.811183,0.142374,834.500000
"b3dbf78c-db70-4bb8-ac61-1e0a64d26670","Detection","nuclei_lymphocyte",764.881042,24.460566,67.000000,121.000000,3467231.000000,1.781384,34.000000,2.057422,149.000000,92.906005,17.719066,91.000000,54.000000,95.000000,14.223743,95.146321,0.238260,20.525512,3467231.000000,0.309123,421.296648,5.105411,13.658669,0.343501,2.605716,0.260014,0.818536,0.258609,0.830569,0.193136,0.870930,0.870836,0.984730,0.948325,-0.433159,0.000000,0.257379,2.125791,0.189639,2.724254,0.267041,4.251581,2.459310,0.716433,4.340592,61.741514,0.161205,1.000000,3.738044,118.394256,0.761148,5.605744,46.174935,220.295039,20.482521,0.378372,0.040798,0.309665,0.010822,63.266667,0.301270,0.802290,7.100000,20.504762,92.647619,9.994841,0.278571,4.524497,31.885714,0.151837,0.548303,7.199637,0.310102,2.961444,0.058815,3.545455,0.322314,0.991736,10.545455,4000.272727,21221.727273,1403.425505,0.195076,1.727273,0.157025,0.265178,2.356241,0.039154,3.277613,0.028721,2787.966942,4.661210,0.036519,1.295449,0.030683,0.181401,0.888509,0.888509,23.511732,382.500000,20.890397,75.355339,0.197007,382.500000,1.181372,0.846473,0.329902,38.669911,0.888509,20.890397,23.511732,22.000000,23.000000,31.827661,31.827661,382.500000,20.890397,1.181372,0.846473,75.355339,0.197007,382.500000
"a88df8cd-9157-465e-bbae-97c5a1069203","Detection","nuclei_histiocyte",943.010071,34.255188,127.000000,170.000000,11770385.000000,1.581671,24.000000,2.578376,190.000000,145.712980,13.877972,144.000000,99.000000,91.000000,10.132430,146.690393,0.270101,16.905585,11770385.000000,0.392124,285.798789,11.816723,9.305147,0.452921,1.815065,0.315994,0.703439,0.311133,0.912150,0.219191,0.845244,0.844920,0.987885,0.948260,-0.309021,0.000000,0.306879,3.382596,0.227867,2.675756,0.394263,6.765192,2.344490,0.532765,4.304983,80.031079,0.146309,1.000000,3.782961,214.491773,0.533674,11.910420,42.213894,486.667276,4.231990,0.103479,0.046318,0.589963,0.006408,108.192771,0.325882,0.724815,12.391566,18.674699,212.740964,1.872373,0.109225,4.524199,60.614458,0.182574,0.606947,7.816483,0.388787,5.065516,0.044850,5.300000,0.265000,1.827500,13.050000,4175.550000,44224.150000,420.993431,0.173111,2.600000,0.130000,0.271378,3.751575,0.070429,3.884184,0.036563,3427.527500,2.794206,0.020879,2.711661,0.014001,0.186243,0.687614,0.687614,31.900770,546.000000,21.935431,90.083261,0.164988,546.000000,1.182730,0.845501,0.360289,46.121706,0.687614,21.935431,31.900770,24.000000,31.000000,39.204592,39.204592,546.000000,21.935431,1.182730,0.845501,90.083261,0.164988,546.000000
"ccc3773f-1bee-417e-9c70-e6b2df0b8e2e","Detection","nuclei_tumor",108.417442,39.942135,91.000000,131.000000,21183490.000000,1.547606,19.000000,3.438850,156.000000,111.423952,12.606170,112.000000,59.000000,97.000000,8.355488,112.626482,-0.273941,16.414245,21183490.000000,0.431118,269.427450,9.152903,12.943299,-0.887644,1.796643,0.305650,0.709222,0.296026,0.905653,0.218019,0.853591,0.852949,0.988321,0.950891,-0.313375,0.000000,0.287605,2.963133,0.266118,2.619590,0.477957,5.926265,2.287101,0.525573,4.252723,251.358084,0.150514,1.000000,3.846598,719.966467,0.521638,9.385629,45.685030,417.920958,6.880462,0.152613,0.044225,0.487096,0.006122,305.761697,0.332711,0.694325,9.884657,24.245919,222.996736,3.416046,0.153444,4.694061,153.089227,0.166582,0.550299,11.037164,0.354775,3.841208,0.049386,20.163636,0.366612,1.180165,11.890909,17643.454545,160277.490909,2001.524601,0.156444,6.927273,0.125950,0.336747,4.917211,0.033607,4.566924,0.032934,16721.504132,8.918008,0.006584,2.620077,0.013906,0.056651,0.564068,0.564068,61.530897,1670.500000,34.707585,165.438600,0.099035,1670.500000,1.303819,0.766978,0.442911,69.700323,0.564068,34.707585,61.530897,61.000000,38.000000,71.867934,71.867934,1670.500000,34.707585,1.303819,0.766978,165.438600,0.099035,1670.500000
"2dccfcc9-07c6-47f9-bff9-bc9943ca8fe1","Detection","nuclei_lymphocyte",983.672852,35.640549,57.000000,104.000000,1512019.000000,1.609829,23.000000,4.706181,148.000000,76.541322,14.806400,72.000000,41.000000,107.000000,9.343800,79.044370,1.271707,19.734193,1512019.000000,0.399153,389.438375,6.595455,12.452017,2.408629,1.764482,0.553409,0.522489,0.457955,1.184490,0.343687,0.785795,0.780568,0.979628,0.925866,-0.143925,0.000000,0.385164,2.508523,0.225648,2.816984,0.411364,5.017045,2.247627,0.579473,4.215436,29.537190,0.122055,1.000000,4.983949,96.595041,0.689451,7.359504,32.611570,178.086777,7.193802,0.197596,0.096635,1.160695,0.012882,62.815534,0.304930,0.914695,9.398058,9.611650,54.679612,2.126963,0.171122,3.824818,64.825243,0.314686,0.851240,4.091432,0.573664,6.562619,0.084217,7.640000,0.305600,0.960000,13.920000,767.840000,3506.600000,181.322067,0.122444,5.400000,0.216000,0.411419,6.160122,0.034160,3.623465,0.103306,674.137600,2.440325,0.035723,3.524574,0.025233,0.323322,0.643640,0.643640,22.064259,242.500000,14.201441,61.355339,0.253012,242.500000,1.235330,0.809500,0.284681,28.795112,0.643640,14.201441,22.064259,18.000000,20.000000,26.907248,26.907248,242.500000,14.201441,1.235330,0.809500,61.355339,0.253012,242.500000
"99cc6dca-d9f4-4c03-b78c-f73826ccf958","Detection","nuclei_histiocyte",685.621704,36.706829,80.000000,133.000000,2411840.000000,1.760504,30.000000,2.275588,153.000000,105.932692,16.065366,105.000000,66.000000,87.000000,12.348825,107.681868,0.121546,19.330011,2411840.000000,0.321052,373.649316,8.064171,11.992264,0.418349,2.271246,0.397059,0.702389,0.378342,1.012827,0.253916,0.813948,0.812701,0.984877,0.937389,-0.285912,0.000000,0.361965,2.756016,0.161028,2.952562,0.237968,5.512032,2.521704,0.667076,4.487747,29.528846,0.141966,1.000000,3.777367,66.778846,0.712070,8.514423,34.451923,293.745192,5.897161,0.184287,0.062297,0.612144,0.011076,47.730769,0.305966,0.784147,8.775641,11.923077,101.641026,1.982974,0.189972,4.100729,36.589744,0.234550,0.750000,4.811966,0.460746,4.590042,0.075911,2.333333,0.259259,1.283951,9.000000,1269.777778,10562.555556,204.195802,0.242870,2.333333,0.259259,0.338643,4.247680,0.046943,3.169925,0.043269,735.654321,1.735065,0.047271,3.283864,0.023425,0.402596,0.664007,0.664007,20.088393,207.500000,13.338842,58.041631,0.279719,207.500000,1.291966,0.774014,0.264749,24.904038,0.664007,13.338842,20.088393,13.000000,21.000000,24.698178,24.698178,207.500000,13.338842,1.291966,0.774014,58.041631,0.279719,207.500000
"5fe4b81f-eddf-404e-8489-5529b65b284e","Detection","nuclei_histiocyte",701.345459,44.580551,100.000000,141.000000,7683718.000000,1.514677,20.000000,3.316489,177.000000,122.201581,12.398256,124.000000,74.000000,103.000000,8.633247,123.228298,-0.270505,15.874099,7683718.000000,0.398342,251.987033,12.056025,7.824259,-0.581793,1.595681,0.357822,0.633661,0.344080,0.970529,0.239431,0.830250,0.829334,0.990385,0.951091,-0.242694,0.000000,0.332056,3.427326,0.218942,2.648261,0.339852,6.854651,2.259016,0.488376,4.199662,76.794466,0.151768,1.000000,3.428940,201.561265,0.495403,12.144269,38.909091,493.669960,3.556616,0.101674,0.054991,0.692822,0.007837,117.791667,0.350570,0.645612,11.657738,14.511905,187.535714,1.314577,0.114354,4.301355,64.702381,0.192567,0.664032,5.440334,0.381896,4.426958,0.050045,4.052632,0.213296,1.689751,12.684211,3999.789474,52916.684211,336.009167,0.168596,4.052632,0.213296,0.454977,6.906375,0.097555,3.932138,0.037549,3290.548476,2.090801,0.018354,4.683579,0.009771,0.274108,0.662803,0.662803,31.734951,509.000000,21.034007,91.254834,0.179283,509.000000,1.301919,0.768097,0.329427,38.558515,0.662803,21.034007,31.734951,23.000000,32.000000,39.408121,39.408121,509.000000,21.034007,1.301919,0.768097,91.254834,0.179283,509.000000
"46508cb4-e17d-4fce-a11f-b34521e2b110","Detection","nuclei_stroma",865.219543,39.757713,100.000000,125.000000,4208472.000000,0.915387,12.000000,3.421040,142.000000,112.490909,7.742479,113.000000,81.000000,61.000000,5.509137,112.928940,0.221488,9.936842,4208472.000000,0.660900,98.740826,4.114122,1.400168,0.053669,0.508643,0.210181,0.415209,0.210181,0.741828,0.166005,0.894910,0.894910,0.978982,0.947455,-0.146240,0.000000,0.210181,2.009852,0.525270,1.592489,0.715107,4.019704,1.382309,0.179706,3.226026,61.684848,0.186924,1.000000,4.789385,218.096970,0.198200,4.369697,51.442424,210.333333,13.699495,0.292256,0.040457,0.218324,0.013581,61.540881,0.387050,0.475931,5.075472,37.584906,153.018868,9.816562,0.337526,4.084163,30.849057,0.194019,0.481818,20.354575,0.405384,2.425125,0.139646,5.615385,0.431953,0.923077,4.923077,5410.769231,21793.538462,1356.615385,0.532051,1.769231,0.136095,0.153920,0.939978,0.066580,3.392747,0.039394,4766.390533,4.812613,0.034148,0.601073,0.013840,0.075222,0.743421,0.743421,24.038709,329.500000,17.870885,70.183766,0.213001,329.500000,1.189619,0.840605,0.316174,35.518384,0.743421,17.870885,24.038709,21.000000,22.000000,30.413813,30.413813,329.500000,17.870885,1.189619,0.840605,70.183766,0.213001,329.500000
"aba2ccc9-e5ed-4227-940b-20deb6bb1991","Detection","nuclei_histiocyte",782.280212,52.839287,102.000000,132.000000,5385252.000000,1.182121,17.000000,3.411629,157.000000,116.602041,9.524625,115.000000,93.000000,64.000000,6.989065,117.208736,0.658200,11.910157,5385252.000000,0.539931,141.851833,4.867950,3.020036,0.505677,0.889181,0.226960,0.593313,0.226960,0.772674,0.175449,0.886520,0.886520,0.986649,0.954608,-0.258149,0.000000,0.226960,2.168501,0.407348,1.953141,0.613480,4.337001,1.726181,0.279035,3.547541,66.846939,0.170528,1.000000,4.205123,211.653061,0.308283,5.188776,49.561224,231.239796,12.198909,0.256626,0.042248,0.323041,0.011573,67.126984,0.355169,0.596848,6.291005,34.984127,158.899471,8.575764,0.275977,4.349450,35.179894,0.186137,0.482143,17.776994,0.363158,2.844113,0.096716,4.066667,0.271111,1.448889,7.533333,5110.000000,21802.933333,1245.535185,0.412963,3.266667,0.217778,0.303265,3.504274,0.095745,3.139572,0.038265,4427.048889,3.492724,0.030867,1.309996,0.011149,0.154507,0.857448,0.857448,24.286678,392.000000,20.824572,77.941125,0.198829,392.000000,1.233211,0.810891,0.321411,36.704938,0.857448,20.824572,24.286678,22.000000,24.000000,32.557641,32.557641,392.000000,20.824572,1.233211,0.810891,77.941125,0.198829,392.000000
"e2a9c9aa-952e-4330-a24c-770d65cb96a6","Detection","nuclei_histiocyte",726.978516,59.976913,98.000000,133.000000,5644419.000000,1.320170,18.000000,2.705818,146.000000,116.607317,10.428543,118.000000,83.000000,63.000000,7.521830,117.332330,-0.408247,13.023410,5644419.000000,0.454527,169.609215,4.796834,3.812185,-0.166419,1.193695,0.299472,0.598876,0.299472,0.880645,0.209789,0.850264,0.850264,0.970053,0.925132,-0.239827,0.000000,0.299472,2.138522,0.267856,2.328398,0.457784,4.277045,2.028926,0.373292,4.002076,65.424390,0.159572,1.000000,3.406449,186.356098,0.372427,5.031707,41.604878,201.709756,12.066463,0.301016,0.042855,0.239786,0.013275,99.056225,0.397816,0.454380,5.333333,18.048193,86.947791,5.017849,0.309349,4.150955,44.453815,0.178529,0.607317,7.203206,0.357959,2.147235,0.097921,5.307692,0.408284,0.792899,5.769231,4731.692308,20822.692308,1197.489316,0.405983,1.307692,0.100592,0.202075,1.171166,0.094234,3.546594,0.031707,3737.017751,10.633428,0.021662,0.821311,0.035003,0.055235,0.477499,0.477499,33.403948,411.500000,15.950341,85.012193,0.206591,411.500000,1.397600,0.715513,0.296192,31.170832,0.477499,15.950341,33.403948,19.000000,32.000000,37.215588,37.215588,411.500000,15.950341,1.397600,0.715513,85.012193,0.206591,411.500000
"5290595b-cc9d-4beb-be88-6bff0f1b328b","Detection","nuclei_tumor",515.564819,62.708408,86.000000,119.000000,8652883.000000,1.380435,17.000000,3.463097,152.000000,101.341787,10.434310,100.000000,62.000000,90.000000,7.212151,102.226913,0.307125,13.423260,8652883.000000,0.431407,180.183906,6.607450,4.250566,0.162303,1.198246,0.315823,0.582816,0.302451,0.922141,0.224346,0.851003,0.850111,0.987959,0.949910,-0.229801,0.000000,0.290751,2.527221,0.256173,2.372941,0.346387,5.054441,2.027959,0.378517,4.069548,124.183575,0.149980,1.000000,3.766412,357.205314,0.400645,6.968599,44.000000,283.147343,8.613206,0.189427,0.048661,0.457986,0.008250,182.452632,0.384111,0.518311,7.905263,20.425263,130.029474,4.014291,0.176338,4.354749,80.023158,0.168470,0.573671,8.270865,0.349713,3.387704,0.051589,8.500000,0.303571,1.003827,11.107143,8019.571429,57157.928571,1315.774742,0.176032,5.357143,0.191327,0.434143,5.390834,0.073124,4.008622,0.033816,7145.102041,6.298109,0.010695,3.105285,0.011484,0.109206,0.552831,0.552831,44.018202,826.500000,24.334622,117.154329,0.141748,826.500000,1.321490,0.756721,0.367731,48.046645,0.552831,24.334622,44.018202,43.000000,27.000000,50.774009,50.774009,826.500000,24.334622,1.321490,0.756721,117.154329,0.141748,826.500000
"22866998-2ce6-4d90-85a1-5e7db5d64d2b","Detection","nuclei_tumor",569.617798,59.244400,78.000000,119.000000,2318737.000000,1.373911,20.000000,2.893338,148.000000,95.696356,12.308479,92.000000,69.000000,79.000000,8.997995,96.889624,0.627364,15.159373,2318737.000000,0.460440,229.806586,5.404255,4.552078,0.705150,1.183574,0.277716,0.619903,0.266517,0.867151,0.206684,0.868608,0.867861,0.983861,0.947070,-0.263274,0.000000,0.256719,2.275476,0.331970,2.245301,0.535274,4.550952,1.948437,0.365322,3.816761,37.210526,0.150650,1.000000,4.719632,113.728745,0.411939,5.906883,44.967611,223.153846,10.853604,0.235914,0.060140,0.523463,0.014430,48.808219,0.334303,0.676346,7.486301,20.369863,99.712329,4.878805,0.231497,4.149632,28.068493,0.192250,0.591093,8.921374,0.413140,3.853363,0.094936,4.285714,0.306122,1.265306,9.428571,1738.500000,7683.928571,418.767361,0.294147,2.571429,0.183673,0.406640,4.150211,0.116916,3.521641,0.056680,1427.229592,2.480295,0.047923,1.355604,0.016474,0.227609,0.508301,0.508301,25.039293,245.500000,12.727491,65.698485,0.267611,245.500000,1.399102,0.714744,0.260102,24.037500,0.508301,12.727491,25.039293,24.000000,15.000000,28.301943,28.301943,245.500000,12.727491,1.399102,0.714744,65.698485,0.267611,245.500000
"6e575225-ad95-490c-b34b-deeea658b38e","Detection","nuclei_histiocyte",956.344116,72.657440,95.000000,154.000000,10632188.000000,1.883835,34.000000,2.286480,173.000000,126.175926,18.646719,128.000000,66.000000,107.000000,14.203752,128.092535,-0.267464,22.075626,10632188.000000,0.298044,487.333248,13.434604,21.063531,-1.126297,3.026762,0.388274,0.772609,0.369414,1.005645,0.251807,0.818437,0.817179,0.985216,0.938880,-0.338826,0.000000,0.352911,3.574211,0.144486,3.151851,0.261173,7.148421,2.725255,0.853759,4.715104,95.280864,0.147038,1.000000,3.482272,193.132716,0.832609,13.518519,37.330247,513.441358,3.650890,0.102883,0.052018,0.680961,0.006247,133.309735,0.294933,0.851594,13.194690,12.986726,180.659292,1.244471,0.108563,4.482238,93.610619,0.207103,0.697531,4.765565,0.417797,5.308730,0.048394,6.416667,0.267361,1.659722,13.333333,4059.416667,57190.333333,324.361968,0.155116,2.583333,0.107639,0.282337,3.919249,0.035134,4.334963,0.037037,3330.416667,3.118746,0.020844,2.772588,0.023085,0.175223,0.507363,0.507363,40.479748,650.500000,20.537946,105.497475,0.162179,650.500000,1.361529,0.734468,0.338695,40.758743,0.507363,20.537946,40.479748,25.000000,38.000000,45.486262,45.486262,650.500000,20.537946,1.361529,0.734468,105.497475,0.162179,650.500000
"76c9abe4-30e9-460f-b7bb-aa7b59e9c230","Detection","nuclei_lymphocyte",904.815186,67.262253,58.000000,104.000000,2164488.000000,1.522925,27.000000,2.609165,130.000000,77.982301,14.399666,75.000000,47.000000,83.000000,10.926194,79.905697,0.623647,17.426448,2164488.000000,0.386535,303.681103,7.023108,7.000981,1.478661,1.676103,0.317928,0.681120,0.300398,0.927593,0.227689,0.852722,0.851554,0.987911,0.950351,-0.288779,0.000000,0.285060,2.585259,0.255200,2.477088,0.427888,5.170518,2.128999,0.498508,3.994147,48.103245,0.141897,1.000000,4.633270,131.035398,0.556400,7.604720,43.631268,267.274336,8.724507,0.176654,0.049586,0.573540,0.007190,67.891089,0.336095,0.653367,9.712871,21.227723,128.920792,4.336876,0.146144,4.250256,40.475248,0.200373,0.595870,9.962063,0.435176,5.211099,0.052613,3.181818,0.289256,1.338843,13.909091,3236.818182,17134.363636,701.081768,0.169520,1.181818,0.107438,0.215486,4.742794,0.030687,3.277613,0.032448,2287.057851,2.552492,0.031682,2.904947,0.015761,0.278613,0.874643,0.874643,22.362966,340.000000,19.559607,69.112698,0.203273,340.000000,1.117962,0.894485,0.333862,39.603782,0.874643,19.559607,22.362966,21.000000,20.000000,29.000000,29.000000,340.000000,19.559607,1.117962,0.894485,69.112698,0.203273,340.000000
"4aa0dcf7-ee84-4287-822f-fe10bf1d941c","Detection","nuclei_lymphocyte",870.145325,74.136887,62.000000,106.000000,2691323.000000,1.573810,21.000000,3.097966,138.000000,82.864362,13.487692,82.000000,48.000000,90.000000,9.619527,84.603628,0.407520,17.066678,2691323.000000,0.388015,291.271496,8.293190,7.702261,0.757145,1.592444,0.392832,0.604255,0.362724,1.021397,0.261263,0.823656,0.821649,0.985131,0.940263,-0.215838,0.000000,0.336380,2.827240,0.214315,2.712143,0.374194,5.654480,2.274109,0.496319,4.294908,51.430851,0.136784,1.000000,4.336238,145.893617,0.540827,8.760638,38.446809,309.526596,5.806579,0.150194,0.063151,0.733787,0.008320,85.367647,0.313852,0.774005,10.220588,14.911765,120.352941,2.218805,0.141369,4.089207,68.808824,0.252974,0.723404,7.268166,0.500121,6.244388,0.059585,5.476190,0.260771,1.188209,12.619048,2069.714286,16752.285714,288.158651,0.151217,3.285714,0.156463,0.313494,4.511772,0.035896,3.880180,0.055851,1749.133787,2.851511,0.024168,3.311687,0.017695,0.207973,0.714986,0.714986,26.093089,375.000000,18.656184,75.112698,0.200301,375.000000,1.197252,0.835246,0.325002,37.529676,0.714986,18.656184,26.093089,19.000000,25.000000,31.400637,31.400637,375.000000,18.656184,1.197252,0.835246,75.112698,0.200301,375.000000
"7f598c1d-40ef-44fb-84d9-a569097fd8d0","Detection","nuclei_lymphocyte",1004.780945,74.418190,66.000000,110.000000,3889069.000000,1.609635,22.000000,4.448852,158.000000,86.753535,13.734288,84.000000,56.000000,102.000000,9.225727,88.638056,1.070955,18.180461,3889069.000000,0.396029,330.529154,3.960710,10.735339,1.361664,1.665941,0.421421,0.596217,0.361141,1.061219,0.290998,0.829072,0.825457,0.984326,0.941216,-0.224778,0.000000,0.312208,1.910388,0.244470,2.652984,0.431647,3.820775,2.218865,0.521840,4.148967,65.905051,0.133142,1.000000,5.197878,196.034343,0.626197,4.593939,41.319192,140.606061,19.004441,0.412072,0.066859,0.598563,0.015859,93.941896,0.287284,0.921771,6.495413,17.914373,67.113150,7.697440,0.330637,4.182651,83.629969,0.255749,0.660606,8.748478,0.513437,4.615555,0.106736,9.142857,0.326531,1.142857,10.142857,2934.464286,11066.785714,942.047748,0.232520,4.428571,0.158163,0.361180,4.938379,0.032510,3.964153,0.056566,2621.932398,5.465289,0.019156,3.600729,0.020934,0.220110,0.914363,0.914363,26.297564,493.000000,24.045521,83.597980,0.169570,493.000000,1.128067,0.886472,0.363897,47.049917,0.914363,24.045521,26.297564,26.000000,24.000000,35.383612,35.383612,493.000000,24.045521,1.128067,0.886472,83.597980,0.169570,493.000000
"f73e8cf2-279e-4d8a-8aaa-7fdef795c52f","Detection","nuclei_histiocyte",780.771667,72.328560,107.000000,145.000000,3982090.000000,1.427746,22.000000,2.474841,155.000000,126.170040,11.568785,127.000000,91.000000,64.000000,8.493750,126.971736,-0.251285,14.245797,3982090.000000,0.427396,202.942746,6.967706,6.139804,-0.446814,1.433109,0.295100,0.658490,0.295100,0.875219,0.208016,0.852450,0.852450,0.982641,0.940980,-0.282266,0.000000,0.295100,2.585189,0.249187,2.463339,0.398664,5.170379,2.168239,0.432052,4.188030,36.246964,0.146749,1.000000,3.826353,105.566802,0.429346,7.101215,41.348178,298.291498,7.606613,0.200630,0.047178,0.338509,0.012443,56.946309,0.382190,0.529346,7.033557,17.610738,128.429530,3.135906,0.221243,4.296896,25.657718,0.172199,0.603239,6.618621,0.360583,2.536305,0.083843,1.857143,0.265306,1.387755,7.285714,3367.000000,25891.714286,508.807540,0.390873,1.285714,0.183673,0.288914,2.451294,0.153435,2.807355,0.028340,2121.918367,2.557435,0.037609,1.649713,0.019783,0.197554,0.715689,0.715689,21.184670,244.500000,15.161646,61.698485,0.252346,244.500000,1.238969,0.807123,0.284638,28.786350,0.715689,15.161646,21.184670,20.000000,16.000000,25.612497,25.612497,244.500000,15.161646,1.238969,0.807123,61.698485,0.252346,244.500000
"a4a4982a-30a0-4d77-9c15-128bb9cee631","Detection","nuclei_lymphocyte",745.955872,81.662613,59.000000,108.000000,2813939.000000,1.635371,25.000000,3.047681,138.000000,80.473301,15.091550,78.000000,45.000000,93.000000,10.742347,82.643506,0.740670,18.814804,2813939.000000,0.365197,353.996860,7.473307,10.870575,1.792304,1.866692,0.334635,0.695969,0.309896,0.952469,0.238600,0.849175,0.847526,0.987326,0.948940,-0.296460,0.000000,0.288249,2.662760,0.232171,2.638181,0.359375,5.325521,2.265552,0.550332,4.216442,58.470874,0.141920,1.000000,4.972547,150.461165,0.625460,8.121359,43.883495,293.577670,8.119842,0.170520,0.064537,0.852613,0.010145,72.387755,0.295460,0.855210,10.326531,21.436735,141.885714,4.060440,0.151542,4.443809,49.587755,0.202399,0.594660,10.125181,0.425091,5.400264,0.060801,7.250000,0.302083,1.373264,15.125000,1876.500000,11302.416667,369.013252,0.156701,4.916667,0.204861,0.440167,8.197834,0.066537,3.419372,0.058252,1581.805556,2.684947,0.029509,2.611267,0.016663,0.245454,0.838910,0.838910,25.061402,411.500000,21.024254,77.355339,0.187984,411.500000,1.157180,0.864170,0.341240,41.373396,0.838910,21.024254,25.061402,24.000000,22.000000,32.557641,32.557641,411.500000,21.024254,1.157180,0.864170,77.355339,0.187984,411.500000
"d07e74bd-a30a-412f-9b2f-0345a3be1a64","Detection","nuclei_tumor",627.001953,90.520309,104.000000,146.000000,11050493.000000,1.552983,23.000000,2.911898,170.000000,125.176046,13.330031,126.000000,76.000000,94.000000,9.458897,126.276987,-0.323341,16.638354,11050493.000000,0.390058,276.834809,6.615590,7.915136,-0.600378,1.676495,0.367214,0.640639,0.344287,0.989744,0.248681,0.831677,0.830149,0.978804,0.931907,-0.245511,0.000000,0.324226,2.507642,0.210870,2.719224,0.343141,5.015285,2.304409,0.510927,4.352288,99.969697,0.144256,1.000000,3.662263,270.310245,0.512188,6.867244,40.131313,271.565657,8.792889,0.227834,0.049852,0.387891,0.012497,156.228700,0.350289,0.616728,7.024664,15.784753,108.802691,3.260059,0.237170,4.379469,84.412556,0.189266,0.643579,6.127431,0.394050,2.921470,0.089460,8.400000,0.280000,1.306667,8.066667,4263.633333,34812.633333,590.612500,0.318981,3.266667,0.108889,0.280659,2.925171,0.089070,4.506891,0.043290,3730.023333,7.478253,0.014412,1.630200,0.024769,0.070127,0.608075,0.608075,38.380065,693.500000,23.337961,106.669048,0.153813,693.500000,1.305631,0.765913,0.355152,44.815686,0.608075,23.337961,38.380065,25.000000,38.000000,45.486262,45.486262,693.500000,23.337961,1.305631,0.765913,106.669048,0.153813,693.500000
"ea5e6130-fa50-4b15-bad8-39bb9b85a4ac","Detection","nuclei_lymphocyte",791.003540,94.612747,62.000000,108.000000,2509087.000000,1.582179,20.000000,4.660579,154.000000,79.831099,14.281379,75.000000,51.000000,103.000000,9.203848,82.016918,1.344559,18.808785,2509087.000000,0.387231,353.770400,2.933526,14.213363,2.942334,1.890249,0.355491,0.683408,0.316474,0.981381,0.255336,0.848266,0.845665,0.986638,0.948183,-0.298692,0.000000,0.282334,1.596821,0.271880,2.462453,0.448699,3.193642,2.101804,0.561435,3.833385,56.050938,0.150271,1.000000,5.837561,144.436997,0.694794,3.565684,44.490617,90.965147,34.159155,0.599801,0.075312,0.740160,0.018746,68.578059,0.289359,0.944008,6.232068,21.738397,41.898734,17.664470,0.352527,4.039813,61.784810,0.260695,0.635389,11.830511,0.519018,4.522057,0.107608,8.916667,0.371528,0.734375,12.125000,2182.875000,4508.250000,1613.969479,0.131806,7.000000,0.291667,0.537990,8.009802,0.041112,3.272055,0.064343,1941.331597,4.613106,0.031147,3.202613,0.019944,0.410904,0.833637,0.833637,24.128278,374.000000,20.114227,74.426407,0.199001,374.000000,1.178617,0.848452,0.328629,38.371999,0.833637,20.114227,24.128278,23.000000,23.000000,32.526912,32.526912,374.000000,20.114227,1.178617,0.848452,74.426407,0.199001,374.000000
"6064cada-3fc0-4d9a-bdfb-dd55d8716289","Detection","nuclei_lymphocyte",829.855957,93.469086,78.000000,107.000000,2259989.000000,1.223769,17.000000,2.802827,125.000000,92.141221,9.342929,92.000000,62.000000,63.000000,6.758057,92.875789,-0.142288,11.657939,2259989.000000,0.497844,135.907537,4.945550,3.011839,0.110553,0.968212,0.215707,0.635606,0.215707,0.752250,0.169177,0.892147,0.892147,0.987311,0.956859,-0.300074,0.000000,0.215707,2.181152,0.370948,1.990837,0.571728,4.362304,1.775130,0.295980,3.655718,45.366412,0.173154,1.000000,4.042363,130.435115,0.319518,5.270992,49.167939,233.507634,12.877465,0.261053,0.043369,0.278480,0.012469,52.292308,0.402249,0.469172,6.192308,30.107692,139.953846,7.561218,0.258013,4.240213,19.876923,0.152899,0.496183,13.860592,0.341228,2.479373,0.073794,2.777778,0.308642,0.913580,6.888889,3529.555556,16014.555556,851.210648,0.334105,1.666667,0.185185,0.366354,2.627424,0.149845,3.169925,0.034351,2682.098765,2.607081,0.041769,1.409384,0.011660,0.229412,0.635900,0.635900,23.045720,261.500000,14.654782,63.698485,0.243589,261.500000,1.234743,0.809885,0.290204,29.923229,0.635900,14.654782,23.045720,17.000000,21.000000,27.018512,27.018512,261.500000,14.654782,1.234743,0.809885,63.698485,0.243589,261.500000
"14d6520c-6dc7-4267-957e-fe9311e62107","Detection","nuclei_lymphocyte",817.739380,93.484848,98.000000,121.000000,967731.000000,0.846223,14.000000,3.975874,144.000000,108.851852,8.008230,106.000000,91.000000,53.000000,6.077855,109.303688,0.861022,9.928275,967731.000000,0.684804,98.570645,3.722222,1.145866,-0.135117,0.447476,0.196296,0.390169,0.196296,0.714459,0.157764,0.901852,0.901852,0.980370,0.950926,-0.142754,0.000000,0.196296,1.912963,0.553326,1.464947,0.733333,3.825926,1.268651,0.160943,3.089240,13.049383,0.161103,1.000000,4.427374,55.469136,0.177717,3.839506,44.851852,177.271605,12.432785,0.344993,0.037071,0.135251,0.017289,20.409091,0.463843,0.361054,3.750000,22.772727,89.000000,6.569444,0.438763,3.681276,8.363636,0.190083,0.543210,9.216942,0.364605,1.325012,0.193948,1.500000,0.375000,0.687500,3.750000,1109.250000,4408.250000,288.944444,0.590278,1.500000,0.375000,0.036409,0.161582,0.022477,2.000000,0.049383,699.187500,1.195017,0.140044,0.618934,0.011701,0.319468,0.750689,0.750689,12.079008,82.500000,9.067580,37.556349,0.455228,82.500000,1.360514,0.735016,0.202234,14.531491,0.750689,9.067580,12.079008,9.000000,13.000000,15.811388,15.811388,82.500000,9.067580,1.360514,0.735016,37.556349,0.455228,82.500000
"b0154eba-4c0d-45e2-a891-02fdca236fea","Detection","nuclei_tumor",509.980438,100.621704,85.000000,123.000000,5780006.000000,1.418085,20.000000,3.103617,151.000000,105.450980,11.586774,107.000000,60.000000,91.000000,8.300476,106.458185,-0.326052,14.609443,5780006.000000,0.454987,213.435832,7.759288,5.981309,-0.643339,1.328589,0.314495,0.617189,0.309262,0.911004,0.218852,0.846241,0.845892,0.987946,0.948581,-0.240744,0.000000,0.304683,2.739665,0.279714,2.446610,0.477760,5.479330,2.116124,0.410771,4.073435,73.431373,0.143983,1.000000,3.922338,232.043137,0.427205,7.984314,42.313725,338.443137,6.487333,0.172981,0.046419,0.424776,0.010225,111.106250,0.347207,0.644521,8.053125,18.093750,147.968750,2.655632,0.198666,4.341683,63.312500,0.197852,0.627451,7.933594,0.388984,3.310032,0.084764,5.900000,0.295000,1.660000,9.500000,5175.200000,45080.400000,622.322139,0.307556,2.000000,0.100000,0.244848,3.294548,0.076845,4.121928,0.039216,4524.950000,3.113551,0.019316,2.867241,0.011852,0.175999,0.770611,0.770611,29.362636,511.500000,22.627174,89.497475,0.174971,511.500000,1.246138,0.802479,0.340843,41.277302,0.770611,22.627174,29.362636,29.000000,26.000000,38.948684,38.948684,511.500000,22.627174,1.246138,0.802479,89.497475,0.174971,511.500000
"92dfe59b-71d9-4e01-bd3b-1cd23e499ce0","Detection","nuclei_tumor",175.895218,109.818138,78.000000,110.000000,5997543.000000,1.098997,16.000000,2.946232,129.000000,92.772263,9.737934,92.000000,59.000000,70.000000,7.020144,93.571028,0.343057,12.200184,5997543.000000,0.553165,148.844486,4.978699,2.192005,0.429882,0.794449,0.199458,0.598639,0.197909,0.723464,0.160290,0.901304,0.901201,0.988295,0.960470,-0.273559,0.000000,0.196553,2.197715,0.434939,1.803191,0.632455,4.395430,1.597461,0.248477,3.441121,141.601460,0.206717,1.000000,4.408917,378.918248,0.270305,5.265693,54.147445,258.389781,12.974382,0.241210,0.047453,0.346500,0.013936,116.932886,0.392392,0.501385,6.453020,44.718121,200.711409,10.877563,0.249394,4.467981,46.087248,0.154655,0.435036,23.582812,0.363497,2.744040,0.098411,8.538462,0.328402,1.167160,7.807692,8883.576923,37034.269231,2185.205395,0.351763,7.384615,0.284024,0.512935,4.684073,0.189058,3.484684,0.037956,8189.457101,5.656623,0.018309,1.225658,0.008738,0.095773,0.498592,0.498592,42.086189,685.500000,20.983856,108.811183,0.158733,685.500000,1.374453,0.727562,0.340739,41.252160,0.498592,20.983856,42.086189,32.000000,35.000000,47.423623,47.423623,685.500000,20.983856,1.374453,0.727562,108.811183,0.158733,685.500000
"7f5dbf91-8889-45d2-842e-c717611c9e4c","Detection","nuclei_tumor",90.477203,119.635483,91.000000,132.000000,19986769.000000,1.547296,22.000000,3.274122,151.000000,112.374839,12.952754,114.000000,54.000000,97.000000,9.178181,113.554787,-0.509270,16.327440,19986769.000000,0.401027,266.585302,9.390570,9.927756,-1.136595,1.726413,0.342919,0.668570,0.336900,0.943620,0.229418,0.832553,0.832152,0.986859,0.943993,-0.274895,0.000000,0.331634,3.007440,0.218759,2.676815,0.402608,6.014880,2.316318,0.517333,4.306260,234.541935,0.151317,1.000000,3.431832,621.592258,0.515031,9.643226,41.139355,383.254839,6.045821,0.144020,0.044293,0.473901,0.006712,339.693835,0.354957,0.602899,10.124347,17.772205,163.249739,2.546547,0.141106,4.418460,177.911181,0.185905,0.617419,7.279209,0.363677,3.895242,0.050016,21.561404,0.378270,1.232379,11.315789,13692.385965,121199.877193,1618.452641,0.175716,6.052632,0.106187,0.218030,2.764092,0.046311,4.755976,0.036774,12952.927670,9.361663,0.006259,3.054316,0.015280,0.054701,0.802433,0.802433,49.641817,1550.000000,39.834253,150.367532,0.097011,1550.000000,1.160825,0.861457,0.474270,79.919646,0.802433,39.834253,49.641817,50.000000,41.000000,64.660653,64.660653,1550.000000,39.834253,1.160825,0.861457,150.367532,0.097011,1550.000000
"1437b0cf-dc7e-4d8e-a488-a2acf2a4a3b1","Detection","nuclei_histiocyte",905.600952,110.862648,90.000000,142.000000,4183128.000000,1.752886,30.000000,2.623328,172.000000,115.409836,16.438592,116.000000,76.000000,96.000000,12.305086,117.111800,0.253229,19.893303,4183128.000000,0.318205,395.743510,4.864889,11.394266,0.394986,2.283264,0.374222,0.718364,0.363556,0.981206,0.242050,0.820000,0.819289,0.978175,0.927644,-0.301999,0.000000,0.354222,2.094667,0.162827,2.893263,0.260444,4.189333,2.493496,0.664372,4.351300,48.147541,0.157861,1.000000,3.139307,97.052459,0.713077,5.268852,36.022951,162.154098,16.329417,0.389754,0.046708,0.341251,0.013553,66.790909,0.303595,0.788326,6.268182,11.072727,52.163636,4.731503,0.322790,4.175846,44.727273,0.203306,0.721311,3.384711,0.405748,3.218616,0.089414,2.600000,0.260000,1.210000,8.500000,1932.500000,8868.500000,696.604167,0.302083,1.000000,0.100000,0.132801,2.072314,0.008928,3.321928,0.032787,1002.250000,5.272447,0.035577,1.679180,0.036257,0.180269,0.917975,0.917975,20.650572,307.000000,18.956699,65.941125,0.214792,307.000000,1.127105,0.887229,0.323466,37.175777,0.917975,18.956699,20.650572,21.000000,19.000000,28.319605,28.319605,307.000000,18.956699,1.127105,0.887229,65.941125,0.214792,307.000000
"a0ecc6cb-95fd-4ec8-80e0-4a4f628212f3","Detection","nuclei_lymphocyte",763.691772,116.659622,56.000000,109.000000,2454251.000000,1.741225,23.000000,3.405843,140.000000,78.242021,15.697162,74.000000,38.000000,102.000000,10.654362,80.791480,0.807773,20.135774,2454251.000000,0.355308,405.449404,6.772662,13.659616,1.735247,2.037642,0.387770,0.680244,0.340288,1.022413,0.271974,0.837590,0.834604,0.985488,0.944403,-0.289582,0.000000,0.300440,2.521942,0.228478,2.783002,0.394245,5.043885,2.365550,0.606353,4.282438,51.867021,0.137944,1.000000,5.779623,133.595745,0.724395,7.601064,42.356383,249.143617,9.418419,0.205768,0.076545,1.041982,0.010897,65.749004,0.261948,1.087570,10.474104,18.525896,109.099602,4.060266,0.177325,4.256161,70.131474,0.279408,0.667553,9.549785,0.543980,7.248989,0.079108,7.666667,0.283951,1.451303,15.444444,1690.000000,9813.185185,344.292881,0.151512,5.592593,0.207133,0.439483,8.165606,0.040602,3.880456,0.071809,1496.068587,2.846723,0.031151,2.747533,0.022075,0.250213,0.726211,0.726211,26.194908,378.500000,19.023042,78.183766,0.206562,378.500000,1.285161,0.778113,0.308899,33.902707,0.726211,19.023042,26.194908,20.000000,27.000000,33.600595,33.600595,378.500000,19.023042,1.285161,0.778113,78.183766,0.206562,378.500000
"d5aa9ebe-168f-484d-a3dd-063891be4ffe","Detection","nuclei_tumor",503.934845,115.627953,92.000000,122.000000,2094482.000000,1.089007,19.000000,2.254073,131.000000,107.553073,9.730782,109.000000,79.000000,52.000000,7.620287,108.171238,-0.248326,11.547871,2094482.000000,0.541463,133.353329,3.274725,1.887388,-0.290259,0.845511,0.222920,0.582715,0.222920,0.765463,0.173227,0.888540,0.888540,0.977708,0.944270,-0.256576,0.000000,0.222920,1.766091,0.375246,1.902896,0.566719,3.532182,1.679976,0.267108,3.741942,27.938547,0.156081,1.000000,4.103805,96.921788,0.265972,3.402235,46.754190,155.938547,20.041589,0.449100,0.051133,0.263801,0.018550,42.145833,0.439019,0.387912,3.635417,21.312500,71.770833,9.021991,0.468461,4.144852,14.604167,0.152127,0.536313,7.405816,0.340838,1.448846,0.154822,3.000000,0.375000,0.687500,5.750000,2040.375000,7382.125000,708.826389,0.368056,2.000000,0.250000,0.407846,3.489539,0.059645,2.405639,0.044693,1539.734375,3.666646,0.055476,0.717082,0.020090,0.145718,0.633173,0.633173,19.228219,176.500000,12.174780,54.041631,0.306185,176.500000,1.316747,0.759447,0.250655,22.323201,0.633173,12.174780,19.228219,16.000000,16.000000,22.627417,22.627417,176.500000,12.174780,1.316747,0.759447,54.041631,0.306185,176.500000
"04a7978f-e6c4-43f5-bfe9-4a4f8121fbca","Detection","nuclei_stroma",894.615662,122.330673,98.000000,122.000000,5335075.000000,0.799471,12.000000,2.840622,136.000000,109.874715,7.176260,110.000000,84.000000,52.000000,5.292413,110.239695,0.066741,8.963112,5335075.000000,0.708148,80.337379,3.755431,1.042265,-0.192619,0.440610,0.211049,0.352271,0.211049,0.743483,0.166507,0.894475,0.894475,0.978895,0.947238,-0.109273,0.000000,0.211049,1.923029,0.541823,1.508065,0.725636,3.846058,1.297016,0.162915,3.182364,74.293850,0.169234,1.000000,4.192984,310.876993,0.163252,3.876993,50.302961,196.227790,14.279866,0.333903,0.047903,0.211056,0.021435,95.939535,0.446230,0.387539,3.953488,32.948837,130.055814,9.023514,0.421835,4.105690,35.855814,0.166771,0.489749,16.272061,0.356512,1.636448,0.160415,9.636364,0.438017,0.876033,4.181818,6041.045455,24137.545455,1520.910354,0.608586,4.363636,0.198347,0.372796,1.837443,0.191118,3.413088,0.050114,5642.861570,6.193117,0.026176,0.593161,0.010693,0.058092,0.317786,0.317786,42.784726,438.000000,13.596393,101.053824,0.230716,438.000000,1.855332,0.538987,0.243260,21.025307,0.317786,13.596393,42.784726,28.000000,36.000000,45.607017,45.607017,438.000000,13.596393,1.855332,0.538987,101.053824,0.230716,438.000000
"cda460e5-91ad-4f68-b711-0e19df88c04d","Detection","nuclei_lymphocyte",1016.793945,118.902252,58.000000,100.000000,1473607.000000,1.519168,23.000000,3.494374,137.000000,76.920168,13.130605,75.000000,45.000000,92.000000,9.259255,78.686886,0.761176,16.580525,1473607.000000,0.399160,274.913795,6.678654,5.617209,0.974910,1.426381,0.436195,0.531622,0.380510,1.076520,0.291407,0.818735,0.815313,0.983705,0.937887,-0.171345,0.000000,0.334526,2.535963,0.229628,2.650739,0.382831,5.071926,2.150896,0.465644,4.159816,29.815126,0.125274,1.000000,5.150131,95.000000,0.517972,7.260504,37.420168,226.806723,7.420533,0.187865,0.080339,0.956800,0.012644,57.948571,0.331135,0.705829,8.771429,13.440000,81.874286,2.704962,0.175517,3.980059,44.280000,0.253029,0.735294,6.041600,0.491227,5.116399,0.081046,6.700000,0.335000,1.147500,13.050000,967.000000,5427.700000,199.407125,0.175528,4.300000,0.215000,0.396606,6.763789,0.046718,3.221928,0.084034,825.390000,1.931967,0.039688,3.273990,0.017041,0.342359,0.607591,0.607591,22.591967,237.000000,13.726670,61.798990,0.260755,237.000000,1.282344,0.779822,0.275234,26.915654,0.607591,13.726670,22.591967,14.000000,21.000000,25.238859,25.238859,237.000000,13.726670,1.282344,0.779822,61.798990,0.260755,237.000000
"f42110da-345c-4f9c-ae58-1a8290bfb8f7","Detection","nuclei_tumor",618.397461,131.567017,60.000000,105.000000,2924890.000000,1.550288,27.000000,2.699751,132.000000,80.128736,14.439128,78.000000,51.000000,81.000000,11.214489,81.999299,0.627494,17.414672,2924890.000000,0.373709,303.270783,3.149347,8.331665,1.545898,1.763670,0.266335,0.737602,0.255134,0.849203,0.201242,0.874300,0.873553,0.984531,0.949347,-0.364523,0.000000,0.245333,1.665837,0.262158,2.390110,0.399502,3.331674,2.104113,0.507501,3.978322,74.425287,0.171093,1.000000,5.208910,162.563218,0.577387,3.613793,48.043678,122.547126,32.331370,0.552730,0.051006,0.327703,0.017497,77.000000,0.323529,0.698697,5.676471,27.319328,64.235294,19.618989,0.346464,4.223670,50.789916,0.213403,0.547126,13.956924,0.463532,3.522989,0.097196,4.142857,0.295918,0.918367,8.285714,4750.214286,12119.000000,3062.092758,0.257440,2.571429,0.183673,0.398664,3.657055,0.111248,3.521641,0.032184,3784.780612,7.612071,0.029396,1.485352,0.023425,0.181408,0.447147,0.447147,35.502341,436.500000,15.874759,91.497475,0.209616,436.500000,1.526244,0.655203,0.281382,28.131543,0.447147,15.874759,35.502341,30.000000,25.000000,39.051248,39.051248,436.500000,15.874759,1.526244,0.655203,91.497475,0.209616,436.500000
"aa4eb328-5679-4f4f-8994-39334ee95c2e","Detection","nuclei_stroma",858.941101,135.787598,66.000000,119.000000,3543115.000000,1.791644,30.000000,2.329878,143.000000,89.313679,16.291385,86.000000,58.000000,85.000000,12.420301,91.413365,0.493092,19.479990,3543115.000000,0.311432,379.470002,4.490159,13.910257,1.441135,2.446136,0.368889,0.737914,0.338413,0.996405,0.254366,0.835873,0.833841,0.978838,0.933333,-0.327885,0.000000,0.311746,1.992698,0.178062,2.883116,0.288254,3.985397,2.475104,0.703756,4.401370,61.731132,0.145592,1.000000,4.560520,132.047170,0.777323,5.084906,40.900943,156.183962,21.295090,0.422547,0.052916,0.444459,0.013635,77.434457,0.290017,0.852923,6.797753,17.685393,67.153558,9.554723,0.302356,4.404724,54.782772,0.205179,0.629717,7.598227,0.439112,3.896696,0.086186,6.555556,0.364198,0.916667,10.944444,2687.444444,10471.444444,1135.061343,0.195988,2.222222,0.123457,0.221297,3.031462,0.017646,3.725481,0.042453,2132.580247,8.439527,0.028098,1.567547,0.038930,0.138611,0.676862,0.676862,28.522241,424.500000,19.305628,82.526912,0.194410,424.500000,1.276743,0.783243,0.319455,36.259431,0.676862,19.305628,28.522241,19.000000,28.000000,33.837849,33.837849,424.500000,19.305628,1.276743,0.783243,82.526912,0.194410,424.500000
"a9194c7f-75dc-4f86-92a9-31585d4c7bb2","Detection","nuclei_tumor",178.991104,142.944107,92.000000,125.000000,12774054.000000,1.249012,15.000000,4.312276,159.000000,109.523356,10.047443,111.000000,61.000000,98.000000,6.543651,110.351091,-0.437254,13.490656,12774054.000000,0.544337,181.997786,8.539172,6.831698,-0.919547,1.149520,0.256487,0.635155,0.247505,0.832294,0.195228,0.877745,0.877146,0.990207,0.958963,-0.271287,0.000000,0.239646,2.883733,0.385742,2.157473,0.601796,5.767465,1.875339,0.351502,3.787940,183.558627,0.174984,1.000000,4.428322,571.009533,0.350850,8.721640,50.458532,439.632984,7.062719,0.149266,0.044646,0.453985,0.006572,186.621622,0.360273,0.589780,8.930502,36.166023,318.907336,4.640586,0.162501,4.602340,89.270270,0.172336,0.493804,19.761959,0.385797,3.707777,0.060329,15.600000,0.390000,1.127500,11.050000,13530.375000,121278.225000,1531.942542,0.173396,5.700000,0.142500,0.359255,4.769341,0.041390,4.208695,0.038132,12842.624375,4.875236,0.011082,2.330188,0.007953,0.099338,0.569512,0.569512,48.533201,1049.500000,27.640222,130.124892,0.123988,1049.500000,1.283892,0.778882,0.398903,56.537437,0.569512,27.640222,48.533201,38.000000,42.000000,56.639209,56.639209,1049.500000,27.640222,1.283892,0.778882,130.124892,0.123988,1049.500000
"f09f47ec-5f5c-4126-a651-962d5c86a3a7","Detection","nuclei_tumor",653.974792,140.264359,63.000000,113.000000,3033550.000000,1.662213,25.000000,2.807913,135.000000,85.122195,14.536017,82.000000,54.000000,81.000000,10.743903,86.976793,0.617106,17.865458,3033550.000000,0.348636,319.174595,3.861284,13.771639,1.985823,2.090550,0.323671,0.731863,0.301587,0.937141,0.232717,0.852887,0.851415,0.981350,0.940419,-0.331794,0.000000,0.282264,1.849206,0.213713,2.675047,0.331263,3.698413,2.312495,0.603555,4.295843,55.962594,0.139558,1.000000,4.734448,139.802993,0.643503,4.369077,42.276808,142.972569,23.805556,0.460966,0.056788,0.345085,0.019632,87.930769,0.338195,0.641109,5.773077,16.830769,56.800000,9.508333,0.325427,4.063304,56.976923,0.219142,0.648379,7.315917,0.461979,3.306974,0.101386,7.631579,0.401662,0.875346,7.526316,1804.052632,5203.578947,1031.634503,0.307749,2.263158,0.119114,0.296819,1.912124,0.127195,3.787144,0.047382,1358.620499,6.607566,0.029691,1.585224,0.029352,0.161700,0.249894,0.249894,47.855981,403.500000,11.958940,107.296465,0.265914,403.500000,2.270479,0.440436,0.204829,14.906758,0.249894,11.958940,47.855981,36.000000,32.000000,48.166378,48.166378,403.500000,11.958940,2.270479,0.440436,107.296465,0.265914,403.500000
"19e5a7fc-83b7-4851-8738-ec09ddd7ab5c","Detection","nuclei_endothelium",836.667542,147.962036,92.000000,132.000000,7464505.000000,1.499648,21.000000,2.820763,153.000000,111.953767,12.596711,113.000000,68.000000,85.000000,9.064355,113.056122,-0.275383,15.749307,7464505.000000,0.415146,248.040671,9.243008,7.458411,-0.546948,1.585379,0.322329,0.662077,0.314076,0.924741,0.223685,0.844337,0.843787,0.987668,0.947850,-0.275273,0.000000,0.306855,2.987850,0.241732,2.589139,0.436497,5.975699,2.245458,0.476927,4.214489,87.202055,0.149319,1.000000,3.712552,242.445205,0.475840,9.558219,41.585616,397.736301,5.212409,0.139231,0.049560,0.552586,0.007280,125.449315,0.343697,0.646575,9.646575,17.002740,161.364384,2.123164,0.157068,4.429149,67.054795,0.183712,0.625000,6.762740,0.375788,3.765814,0.065661,7.166667,0.298611,1.326389,10.833333,4618.500000,41732.500000,538.634479,0.225914,3.083333,0.128472,0.329317,5.027522,0.038988,4.101227,0.041096,4026.388889,3.196110,0.018120,2.827760,0.013043,0.154678,0.490641,0.490641,39.466021,579.500000,19.363659,109.639610,0.189197,579.500000,1.650713,0.605799,0.284792,28.817533,0.490641,19.363659,39.466021,30.000000,34.000000,45.343136,45.343136,579.500000,19.363659,1.650713,0.605799,109.639610,0.189197,579.500000
"456f2d2c-4082-4a08-b286-93439fffea03","Detection","nuclei_tumor",525.166321,146.728653,96.000000,140.000000,10492685.000000,1.692111,23.000000,3.408912,176.000000,117.033422,14.106330,117.000000,65.000000,111.000000,9.651784,118.438396,-0.176426,18.188781,10492685.000000,0.379021,330.831771,10.518649,15.778269,-1.122847,2.060073,0.340605,0.716242,0.327938,0.951051,0.233062,0.838142,0.837298,0.990846,0.953378,-0.307708,0.000000,0.316854,3.176284,0.221405,2.796772,0.403589,6.352569,2.426599,0.600169,4.368181,107.090909,0.143170,1.000000,3.954560,283.508021,0.631852,10.943850,41.839572,430.911765,5.564195,0.132307,0.053562,0.797140,0.005608,138.835853,0.299861,0.872999,12.138229,18.669546,193.300216,2.343673,0.126814,4.532522,86.390929,0.186589,0.618984,8.229529,0.384463,5.557883,0.039402,9.529412,0.280277,1.516436,15.911765,5129.294118,49542.117647,563.475899,0.123897,6.117647,0.179931,0.368794,7.495384,0.022048,4.020855,0.045455,4645.294118,3.025821,0.014562,4.334074,0.012309,0.199392,0.890231,0.890231,32.768010,747.500000,29.171097,103.497475,0.138458,747.500000,1.140351,0.876923,0.400536,57.001398,0.890231,29.171097,32.768010,30.000000,32.000000,43.863424,43.863424,747.500000,29.171097,1.140351,0.876923,103.497475,0.138458,747.500000
"cf7ea102-a336-4b23-a4ca-ffbf27ff72ec","Detection","nuclei_lymphocyte",1004.557922,142.247040,65.000000,112.000000,1119613.000000,1.560829,23.000000,2.414965,125.000000,87.105634,14.187959,85.000000,49.000000,76.000000,10.403781,88.795262,0.310331,17.239697,1119613.000000,0.383852,297.207151,8.696787,5.974592,0.141821,1.499427,0.389558,0.587548,0.377510,0.996248,0.247044,0.813253,0.812450,0.985113,0.937369,-0.206925,0.000000,0.366968,2.901606,0.210470,2.695475,0.385542,5.803213,2.276146,0.472246,4.092914,20.211268,0.142333,1.000000,3.804999,54.507042,0.514035,9.471831,33.056338,277.260563,4.710962,0.138192,0.070885,0.775791,0.014647,38.339130,0.333384,0.669943,10.469565,9.495652,86.608696,1.279681,0.137833,3.764583,29.869565,0.259735,0.809859,3.396900,0.499062,6.045870,0.067561,1.571429,0.224490,1.714286,10.714286,1052.000000,9449.000000,132.398571,0.253730,1.857143,0.265306,0.432916,4.353374,0.184585,2.807355,0.049296,640.489796,0.983920,0.063188,3.398478,0.017104,0.532081,0.544213,0.544213,18.363682,141.000000,9.993757,48.627417,0.344875,141.000000,1.334546,0.749319,0.234597,19.554513,0.544213,9.993757,18.363682,12.000000,17.000000,20.808652,20.808652,141.000000,9.993757,1.334546,0.749319,48.627417,0.344875,141.000000
"19a6f552-6280-442c-984c-c6b27a3dfb80","Detection","nuclei_tumor",300.027863,158.759583,109.000000,148.000000,17019355.000000,1.371571,18.000000,3.300571,165.000000,130.500000,11.862069,132.000000,83.000000,82.000000,8.140589,131.381160,-0.696693,15.190758,17019355.000000,0.483152,230.759128,7.725751,8.512076,-1.560468,1.511228,0.240234,0.725676,0.238639,0.799136,0.183285,0.880946,0.880840,0.985897,0.952325,-0.349184,0.000000,0.237244,2.721765,0.329854,2.290770,0.539197,5.443529,2.044481,0.437865,3.982470,166.208925,0.168569,1.000000,3.940304,476.387424,0.428853,7.899594,50.417850,395.516227,8.905271,0.184570,0.039675,0.337736,0.007764,166.820128,0.357217,0.615721,8.081370,33.635974,272.256959,5.357721,0.198459,4.789114,69.167024,0.148109,0.473631,15.804795,0.327491,2.804250,0.063861,11.727273,0.355372,1.173554,9.636364,13192.909091,112909.121212,1669.156987,0.220328,4.272727,0.129477,0.283833,2.879167,0.050927,4.248495,0.033469,12300.167126,6.963164,0.012184,1.285999,0.016008,0.062791,0.643729,0.643729,44.329851,986.500000,28.536405,125.296465,0.127011,986.500000,1.266399,0.789640,0.396839,55.953866,0.643729,28.536405,44.329851,42.000000,33.000000,53.413481,53.413481,986.500000,28.536405,1.266399,0.789640,125.296465,0.127011,986.500000
"25f78c26-4aaf-4fe0-9e65-dbe36a95ce5e","Detection","nuclei_histiocyte",771.619019,156.745880,81.000000,118.000000,3867458.000000,1.414707,23.000000,2.446561,138.000000,100.631016,12.234207,103.000000,66.000000,72.000000,9.259900,101.689708,-0.127486,14.635416,3867458.000000,0.425906,214.195402,6.591763,4.632000,-0.268531,1.356944,0.257948,0.680538,0.249277,0.834594,0.195809,0.876806,0.876228,0.984980,0.950434,-0.318136,0.000000,0.241691,2.513367,0.278300,2.334950,0.391618,5.026734,2.051923,0.403723,4.077153,59.716578,0.159670,1.000000,4.461466,159.288770,0.418263,6.938503,47.866310,320.879679,8.993445,0.201742,0.053210,0.497010,0.009584,67.561224,0.344700,0.644393,7.494898,25.346939,172.091837,4.645692,0.225198,4.496702,31.989796,0.163213,0.524064,10.782591,0.379364,3.274163,0.087875,5.444444,0.302469,1.163580,9.833333,2198.222222,13675.833333,417.937886,0.255787,3.555556,0.197531,0.422455,5.308441,0.050789,3.350209,0.048128,1766.506173,3.071015,0.032269,1.340732,0.016209,0.153738,0.609609,0.609609,28.120683,374.500000,17.142627,77.012193,0.205640,374.500000,1.260252,0.793492,0.312635,34.727822,0.609609,17.142627,28.120683,21.000000,26.000000,33.421550,33.421550,374.500000,17.142627,1.260252,0.793492,77.012193,0.205640,374.500000
"eb8b8b63-1c86-4994-8219-a93c2791fd36","Detection","nuclei_tumor",488.155060,165.596588,101.000000,136.000000,11226242.000000,1.334438,21.000000,2.707536,164.000000,119.035806,11.111348,119.000000,82.000000,82.000000,8.232152,119.815726,0.160466,13.648632,11226242.000000,0.454226,186.285163,5.246299,3.770346,0.050605,1.170198,0.256729,0.640165,0.252019,0.829973,0.193216,0.874776,0.874462,0.984981,0.949753,-0.282464,0.000000,0.247897,2.240074,0.302575,2.235923,0.485868,4.480148,1.963483,0.356732,3.947221,128.611253,0.164465,1.000000,4.078224,355.204604,0.373259,5.548593,49.012788,256.842711,12.148995,0.259626,0.040776,0.298517,0.010584,140.775457,0.367560,0.562019,6.281984,32.005222,162.736292,7.795039,0.272773,4.608037,58.498695,0.152738,0.489770,15.329834,0.356793,2.733544,0.088841,5.380952,0.256236,1.297052,7.428571,10355.619048,48551.380952,2422.637566,0.379960,2.904762,0.138322,0.303430,3.649916,0.071598,3.916127,0.026854,8968.943311,8.656609,0.013479,1.516864,0.015132,0.070400,0.816864,0.816864,34.980535,782.500000,28.574328,108.325902,0.138436,782.500000,1.193357,0.837972,0.391571,54.478373,0.816864,28.574328,34.980535,33.000000,32.000000,45.967380,45.967380,782.500000,28.574328,1.193357,0.837972,108.325902,0.138436,782.500000
"9c4042a0-cb0c-44fb-baf6-d703e0a2eaed","Detection","nuclei_lymphocyte",806.092285,168.441223,62.000000,111.000000,2858437.000000,1.693280,25.000000,3.576083,157.000000,86.419178,15.159692,86.000000,52.000000,105.000000,11.107758,88.494826,0.706709,19.054131,2858437.000000,0.351788,363.059906,3.892593,10.985863,1.427463,1.883141,0.450370,0.613998,0.397037,1.087302,0.292732,0.810000,0.806815,0.983152,0.935071,-0.221477,0.000000,0.353868,1.880000,0.191193,2.833399,0.325185,3.760000,2.347945,0.583378,4.356683,48.216438,0.132100,1.000000,4.595639,128.402740,0.683010,4.509589,36.479452,120.109589,19.337548,0.449877,0.076359,0.686060,0.020281,81.168498,0.297321,0.883817,6.091575,12.146520,43.641026,5.919542,0.351293,4.085741,66.736264,0.244455,0.747945,4.996283,0.488984,4.026222,0.106819,8.037037,0.297668,1.220850,10.444444,1306.555556,4666.222222,493.354815,0.235216,4.703704,0.174211,0.393055,5.364730,0.065312,4.004344,0.073973,1123.805213,4.087076,0.027735,3.664323,0.022856,0.308868,0.719019,0.719019,25.749354,363.000000,18.514272,75.597980,0.208259,363.000000,1.252864,0.798171,0.311578,34.493325,0.719019,18.514272,25.749354,27.000000,19.000000,33.015148,33.015148,363.000000,18.514272,1.252864,0.798171,75.597980,0.208259,363.000000
"ab257882-2c06-4f2a-b172-a150e11075cd","Detection","nuclei_stroma",830.033142,171.789856,72.000000,118.000000,1464754.000000,1.585147,23.000000,3.019401,143.000000,94.087500,13.730469,94.000000,60.000000,83.000000,9.868166,95.680262,0.541054,17.385478,1464754.000000,0.395391,302.254844,5.154657,7.843490,0.650581,1.600767,0.363796,0.629642,0.342707,0.984573,0.246348,0.832162,0.830756,0.978972,0.932162,-0.240783,0.000000,0.324253,2.201230,0.239521,2.662864,0.437610,4.402460,2.265505,0.491141,4.208154,20.975000,0.131094,1.000000,4.687500,63.262500,0.546523,5.693750,37.750000,182.218750,10.942057,0.290321,0.067331,0.571379,0.013704,35.181818,0.319835,0.721405,6.790909,13.890909,68.654545,4.001136,0.273232,3.946342,23.818182,0.216529,0.687500,5.428099,0.432586,3.715878,0.087432,3.000000,0.333333,0.888889,9.888889,1083.555556,5160.777778,275.334105,0.209105,1.888889,0.209877,0.392367,4.522595,0.036970,2.947703,0.056250,767.506173,2.329764,0.060561,1.718785,0.028829,0.292263,0.802434,0.802434,16.154128,161.000000,12.962627,48.627417,0.302034,161.000000,1.168764,0.855605,0.267873,25.495323,0.802434,12.962627,16.154128,14.000000,15.000000,20.518285,20.518285,161.000000,12.962627,1.168764,0.855605,48.627417,0.302034,161.000000
"bab7f107-cc55-43f9-babe-e53716791aa7","Detection","nuclei_lymphocyte",924.005310,174.755295,78.000000,115.000000,3508201.000000,1.365394,18.000000,3.111137,137.000000,95.325397,10.935206,95.000000,56.000000,81.000000,7.731971,96.337713,0.238922,13.929241,3508201.000000,0.456300,194.023747,5.422555,4.278541,0.371522,1.131364,0.341899,0.535862,0.329051,0.952687,0.233624,0.837616,0.836759,0.980115,0.934618,-0.184966,0.000000,0.317809,2.285867,0.278818,2.390307,0.468237,4.571734,2.020806,0.368316,3.933531,57.042328,0.150906,1.000000,4.015425,172.481481,0.395937,5.828042,40.269841,204.156085,9.941652,0.240888,0.049792,0.371233,0.011682,91.963265,0.375360,0.543840,6.824490,15.526531,80.277551,3.735034,0.233362,4.082477,47.751020,0.194902,0.648148,6.004898,0.402125,3.310080,0.087295,5.125000,0.320313,1.214844,8.437500,3504.625000,15911.437500,832.796007,0.329861,2.875000,0.179688,0.214771,1.858770,0.056473,3.500000,0.042328,2946.484375,5.182402,0.022894,1.786615,0.019886,0.117611,0.603637,0.603637,28.381478,378.000000,17.132108,76.426407,0.202186,378.000000,1.229660,0.813233,0.319192,36.199756,0.603637,17.132108,28.381478,24.000000,23.000000,33.241540,33.241540,378.000000,17.132108,1.229660,0.813233,76.426407,0.202186,378.000000
"a2b11abd-8941-463e-895e-5e30822d5434","Detection","nuclei_histiocyte",1016.505615,182.666672,112.000000,141.000000,7263663.000000,1.224570,14.000000,3.678590,151.000000,126.897092,9.356195,128.000000,87.000000,64.000000,6.352433,127.474724,-0.701065,12.121612,7263663.000000,0.484398,146.933481,6.886267,3.900218,-0.948157,1.100978,0.253479,0.625712,0.251059,0.822084,0.190448,0.874874,0.874713,0.985132,0.949869,-0.267817,0.000000,0.248941,2.583485,0.315508,2.115642,0.486388,5.166969,1.852989,0.338614,3.832395,73.577181,0.164602,1.000000,3.603391,216.525727,0.341396,7.017897,46.480984,338.624161,8.263500,0.193155,0.041029,0.295284,0.009902,97.318966,0.419478,0.431016,6.659483,27.250000,205.224138,4.487488,0.218511,4.359409,36.086207,0.155544,0.519016,12.400936,0.300187,1.960261,0.074668,3.166667,0.263889,1.076389,7.750000,4903.083333,36889.083333,760.272569,0.293403,2.166667,0.180556,0.353502,3.300272,0.117408,3.418296,0.026846,3515.520833,3.675607,0.022903,1.459555,0.013022,0.124998,0.407867,0.407867,37.996808,446.000000,15.497656,91.798990,0.205827,446.000000,1.503596,0.665072,0.286090,29.080936,0.407867,15.497656,37.996808,14.000000,36.000000,38.626416,38.626416,446.000000,15.497656,1.503596,0.665072,91.798990,0.205827,446.000000
"57beb3f2-0ab7-4dd0-b8b3-a292572e56ed","Detection","nuclei_tumor",443.614166,183.895020,86.000000,129.000000,10830106.000000,1.580739,23.000000,3.091652,148.000000,108.945006,13.650701,111.000000,55.000000,93.000000,9.874274,110.249722,-0.552908,16.911146,10830106.000000,0.389052,285.986875,8.408476,10.151429,-1.033799,1.840262,0.296351,0.722598,0.290465,0.889176,0.211981,0.855748,0.855356,0.982671,0.942103,-0.340404,0.000000,0.285315,2.832401,0.230005,2.619674,0.409947,5.664803,2.305335,0.534153,4.269948,135.235690,0.151780,1.000000,3.648607,346.645342,0.537310,8.721661,45.049383,363.785634,7.981372,0.166823,0.038295,0.403549,0.005360,175.828283,0.355209,0.599506,9.733333,21.200000,172.185859,3.585831,0.149790,4.526762,78.555556,0.158698,0.555556,8.240000,0.331877,3.679933,0.040689,15.000000,0.681818,0.685950,13.909091,12746.318182,105847.863636,1708.425505,0.124369,2.000000,0.090909,0.175830,2.810612,0.011066,3.720129,0.024691,11106.068182,8.357716,0.011954,1.680099,0.024306,0.063433,0.896527,0.896527,35.660468,889.000000,31.970571,113.740115,0.127942,889.000000,1.158019,0.863544,0.413482,60.745611,0.896527,31.970571,35.660468,33.000000,35.000000,48.104054,48.104054,889.000000,31.970571,1.158019,0.863544,113.740115,0.127942,889.000000
"c056780c-438b-4174-9cde-a4abbf20dc34","Detection","nuclei_tumor",612.803955,185.775085,95.000000,135.000000,12026382.000000,1.483754,21.000000,2.700833,167.000000,115.514673,12.224572,116.000000,80.000000,87.000000,8.810426,116.506629,0.009638,15.170859,12026382.000000,0.405931,230.154977,4.829427,5.657939,-0.161982,1.507887,0.298724,0.669299,0.292791,0.892362,0.212998,0.854593,0.854198,0.982533,0.941639,-0.288828,0.000000,0.287600,2.127707,0.237353,2.500648,0.412341,4.255414,2.183820,0.451653,4.253856,135.216704,0.152615,1.000000,3.967658,359.654628,0.463652,5.057562,44.979684,215.958239,14.953803,0.328364,0.048839,0.317646,0.016354,180.253012,0.361954,0.574104,5.542169,22.377510,104.751004,7.314592,0.320867,4.511868,83.979920,0.168634,0.562077,9.716488,0.375885,2.342042,0.114517,9.437500,0.294922,1.312500,7.562500,8043.375000,33559.781250,2158.355469,0.391276,5.312500,0.166016,0.398827,3.693415,0.138646,4.301109,0.036117,7276.777344,10.951203,0.011880,1.627271,0.020521,0.062593,0.586514,0.586514,44.064037,888.500000,25.844154,119.154329,0.134107,888.500000,1.271605,0.786407,0.385405,52.776157,0.586514,25.844154,44.064037,41.000000,30.000000,50.803543,50.803543,888.500000,25.844154,1.271605,0.786407,119.154329,0.134107,888.500000
"58b4f58c-3add-4ece-9559-d5d2982d2eaf","Detection","nuclei_endothelium",851.805969,199.820068,98.000000,132.000000,14165930.000000,1.274908,17.000000,2.952844,154.000000,114.052093,10.346967,114.000000,75.000000,79.000000,7.418225,114.793769,0.101125,13.028023,14165930.000000,0.496113,169.729379,4.397987,4.119276,0.121061,1.143861,0.234716,0.659480,0.234225,0.787669,0.179855,0.882969,0.882936,0.986202,0.953171,-0.307738,0.000000,0.233796,2.042229,0.337754,2.163843,0.548245,4.084459,1.926778,0.344644,3.899309,183.171163,0.170392,1.000000,3.675327,533.321860,0.342720,4.576744,49.978605,220.154419,15.753805,0.328650,0.040581,0.221467,0.014312,190.542169,0.382615,0.502298,4.947791,33.783133,145.718876,10.105868,0.353651,4.736516,67.088353,0.134716,0.463256,15.144320,0.300796,1.665879,0.108008,12.942857,0.369796,0.991020,6.085714,14639.228571,59111.828571,3797.289881,0.428968,5.457143,0.155918,0.375505,2.525467,0.138522,4.321721,0.032558,13695.861224,10.670371,0.010699,1.448531,0.012590,0.060381,0.361659,0.361659,62.615326,1074.500000,22.645372,155.296465,0.144529,1074.500000,1.786104,0.559878,0.313249,34.864264,0.361659,22.645372,62.615326,30.000000,62.000000,68.876701,68.876701,1074.500000,22.645372,1.786104,0.559878,155.296465,0.144529,1074.500000
"46eb447d-41e8-4c6c-87c9-64d77629639f","Detection","nuclei_histiocyte",980.958252,186.595276,126.000000,154.000000,5459951.000000,1.089063,16.000000,2.613221,163.000000,140.755474,8.754835,143.000000,111.000000,52.000000,6.463754,141.162419,-0.312340,10.710970,5459951.000000,0.565534,114.724879,4.831000,2.085609,0.210741,0.777776,0.220000,0.559019,0.220000,0.760168,0.171600,0.890000,0.890000,0.978000,0.945000,-0.237459,0.000000,0.220000,2.166000,0.411027,1.853320,0.613000,4.332000,1.633320,0.249444,3.665943,44.218978,0.161383,1.000000,3.986307,154.956204,0.262787,4.821168,48.788321,233.813869,11.862835,0.275852,0.044975,0.248701,0.015322,54.437037,0.403237,0.448505,4.874074,28.755556,133.896296,7.079424,0.344239,4.287423,20.140741,0.149191,0.492701,12.277970,0.330739,1.574063,0.150504,4.818182,0.438017,0.876033,5.636364,3762.909091,16105.000000,921.527778,0.446970,2.272727,0.206612,0.349156,2.793911,0.077516,2.845351,0.040146,3142.446281,4.384903,0.041769,0.623782,0.018279,0.099447,0.715782,0.715782,22.255914,275.500000,15.930381,67.698485,0.245730,275.500000,1.323812,0.755394,0.279048,27.666787,0.715782,15.930381,22.255914,16.000000,22.000000,27.202941,27.202941,275.500000,15.930381,1.323812,0.755394,67.698485,0.245730,275.500000
"5951c2c6-f835-4cdf-95db-d49ce9e56cd2","Detection","nuclei_tumor",85.887062,189.499771,74.000000,114.000000,3318110.000000,1.566642,23.000000,3.523771,152.000000,93.884932,13.378420,92.000000,64.000000,88.000000,9.615828,95.345227,0.693291,16.623236,3318110.000000,0.397455,276.331965,5.388848,6.829365,0.214625,1.496926,0.423048,0.559319,0.388848,1.050377,0.271846,0.811090,0.808996,0.984026,0.935993,-0.189269,0.000000,0.360677,2.262825,0.212192,2.734689,0.380669,4.525651,2.268241,0.479994,4.290994,49.673973,0.136093,1.000000,4.256378,145.071233,0.522650,5.882192,35.893151,185.224658,10.188998,0.272712,0.079202,0.640419,0.024685,89.967273,0.327154,0.722565,6.909091,11.941818,63.803636,3.256200,0.260013,4.068827,69.225455,0.251729,0.753425,4.895207,0.501656,4.178586,0.122564,6.416667,0.267361,1.498264,9.291667,1987.541667,9838.958333,470.111620,0.327766,6.166667,0.256944,0.511556,4.742324,0.204672,3.803509,0.065753,1756.248264,3.425698,0.024664,3.513991,0.017602,0.243380,0.503835,0.503835,30.467465,364.500000,15.350586,79.840620,0.219041,364.500000,1.391683,0.718554,0.288262,29.524036,0.503835,15.350586,30.467465,22.000000,27.000000,34.828150,34.828150,364.500000,15.350586,1.391683,0.718554,79.840620,0.219041,364.500000
"3aadf53c-b92c-4c8d-9274-0908f6b83d15","Detection","nuclei_tumor",189.913193,207.883560,91.000000,132.000000,9256304.000000,1.446254,18.000000,3.441161,153.000000,113.126761,11.960405,115.000000,63.000000,90.000000,8.106681,114.179893,-0.680138,15.472037,9256304.000000,0.447455,239.383932,9.419186,9.442606,-1.029759,1.587537,0.238522,0.738758,0.237029,0.796079,0.182339,0.881734,0.881635,0.990838,0.960531,-0.366679,0.000000,0.235722,3.013624,0.302914,2.365219,0.510638,6.027249,2.121005,0.456515,4.079302,121.064789,0.170514,1.000000,3.955279,317.692958,0.454997,9.676056,49.698592,477.507042,6.532627,0.139923,0.039660,0.434276,0.005609,120.602339,0.352638,0.632032,9.932749,31.830409,301.345029,4.000802,0.151468,4.761697,50.245614,0.146917,0.481690,14.590917,0.315407,3.300705,0.047314,7.476190,0.356009,1.061224,11.857143,10039.238095,94067.619048,1138.477434,0.157659,3.190476,0.151927,0.315903,4.633214,0.031438,3.748995,0.029577,8896.154195,3.180869,0.017330,2.272293,0.010010,0.157258,0.514326,0.514326,42.161388,708.500000,21.684686,110.669048,0.156202,708.500000,1.375633,0.726938,0.343341,41.884522,0.514326,21.684686,42.161388,25.000000,40.000000,47.169906,47.169906,708.500000,21.684686,1.375633,0.726938,110.669048,0.156202,708.500000
"f0432380-c0b5-483b-a46a-09b707cf1bdc","Detection","nuclei_tumor",156.974396,203.826202,99.000000,128.000000,5169343.000000,1.139545,15.000000,2.667110,145.000000,113.554156,9.104125,114.000000,86.000000,59.000000,6.543492,114.109663,-0.025388,11.245832,5169343.000000,0.551866,126.468730,4.361905,2.674522,0.053371,0.864677,0.260544,0.536901,0.255102,0.836718,0.195467,0.873356,0.872993,0.974197,0.936497,-0.207716,0.000000,0.250340,2.052041,0.378201,2.039544,0.591156,4.104082,1.762104,0.281305,3.718809,62.047859,0.156292,1.000000,4.173099,219.090680,0.282179,4.569270,46.899244,204.967254,13.279247,0.306395,0.039645,0.221105,0.012062,86.158879,0.402612,0.448969,4.929907,23.934579,103.607477,6.518951,0.339434,4.209798,36.813084,0.172024,0.539043,10.168399,0.331194,1.869667,0.110271,7.800000,0.520000,0.773333,6.533333,5477.400000,22161.333333,1398.935185,0.357407,1.800000,0.120000,0.146029,1.228565,0.025747,3.456565,0.037783,4776.915556,7.379411,0.025716,0.690517,0.022842,0.059361,0.530000,0.530000,31.047923,397.000000,16.455408,83.254834,0.209710,397.000000,1.389372,0.719750,0.294850,30.889083,0.530000,16.455408,31.047923,24.000000,27.000000,36.124784,36.124784,397.000000,16.455408,1.389372,0.719750,83.254834,0.209710,397.000000
"0baa1bc3-6f07-428d-9731-895ce34e90e3","Detection","nuclei_tumor",632.612183,211.887222,95.000000,130.000000,8533590.000000,1.379544,19.000000,3.151616,156.000000,112.300300,11.238130,113.000000,71.000000,85.000000,7.871989,113.195398,-0.147605,14.207067,8533590.000000,0.465371,201.840751,9.209607,5.608741,-0.257202,1.267822,0.286622,0.631223,0.283446,0.872119,0.206280,0.858806,0.858595,0.989001,0.952835,-0.263275,0.000000,0.280667,2.994045,0.299894,2.368512,0.511314,5.988091,2.071130,0.388611,4.040396,99.645646,0.149618,1.000000,4.119308,309.936937,0.397391,9.533033,45.495495,415.262763,5.783190,0.130678,0.044454,0.453768,0.006266,131.216216,0.354638,0.589452,10.216216,24.140541,221.189189,2.980003,0.135084,4.493811,64.248649,0.173645,0.555556,11.180541,0.375953,4.248022,0.048847,9.800000,0.392000,1.200000,10.200000,7411.440000,66941.480000,837.993344,0.183544,2.840000,0.113600,0.226760,1.945828,0.042765,4.103465,0.037538,6701.750400,3.320402,0.016560,2.644885,0.010094,0.141740,0.731422,0.731422,34.143604,666.500000,24.973381,99.840620,0.149798,666.500000,1.190158,0.840225,0.376933,50.481339,0.731422,24.973381,34.143604,32.000000,27.000000,41.868843,41.868843,666.500000,24.973381,1.190158,0.840225,99.840620,0.149798,666.500000
"82632cd7-6a1c-4612-a731-47e28441c98b","Detection","nuclei_stroma",745.075012,212.356247,87.000000,133.000000,3926305.000000,1.627723,28.000000,2.214379,159.000000,109.921136,14.645941,109.000000,70.000000,89.000000,11.405444,111.291600,0.103844,17.411609,3926305.000000,0.345879,303.164127,8.511226,8.007768,0.371377,1.970054,0.310881,0.727409,0.291883,0.918635,0.225685,0.857225,0.855959,0.988194,0.951805,-0.333765,0.000000,0.275259,2.845423,0.202854,2.669537,0.314335,5.690846,2.320831,0.570234,4.409344,45.397476,0.143210,1.000000,4.959926,109.643533,0.591567,9.069401,43.933754,368.716088,6.853592,0.151173,0.052833,0.588041,0.007731,63.542553,0.337992,0.654680,10.271277,20.446809,166.510638,3.290393,0.142048,4.292698,38.340426,0.203938,0.593060,9.074129,0.446518,5.136065,0.061930,4.230769,0.325444,1.005917,12.461538,2319.769231,18527.153846,353.190577,0.162265,2.076923,0.159763,0.213724,3.250648,0.024731,3.546594,0.041009,1725.159763,1.974014,0.035749,2.775017,0.016093,0.301422,0.481012,0.481012,29.488958,320.000000,14.184552,75.941125,0.237316,320.000000,1.434149,0.697278,0.272810,26.443640,0.481012,14.184552,29.488958,17.000000,28.000000,32.756679,32.756679,320.000000,14.184552,1.434149,0.697278,75.941125,0.237316,320.000000
"b2b85423-5acc-42e0-8135-687e1993ed13","Detection","nuclei_histiocyte",999.068604,219.625595,102.000000,144.000000,11041504.000000,1.516915,22.000000,2.567593,161.000000,122.397241,12.773453,122.000000,82.000000,79.000000,9.310996,123.408511,0.017866,15.766293,11041504.000000,0.399412,248.575992,6.210507,7.294682,0.116606,1.645886,0.326888,0.668601,0.313754,0.935704,0.228446,0.845312,0.844436,0.981003,0.937687,-0.279182,0.000000,0.302262,2.425027,0.225798,2.638103,0.360452,4.850055,2.278145,0.493193,4.277269,107.631724,0.148458,1.000000,3.836853,289.573793,0.481998,6.375172,42.757241,258.408276,9.923889,0.237241,0.045003,0.317047,0.012135,151.969697,0.354242,0.604246,6.813520,20.247086,121.062937,4.620306,0.245030,4.505237,76.692308,0.178770,0.591724,8.823001,0.378307,2.783578,0.094539,7.000000,0.259259,1.135802,7.666667,5014.259259,26764.000000,1092.605967,0.328704,2.851852,0.105624,0.222040,1.701080,0.080746,4.430632,0.037241,4293.237311,8.100165,0.014917,1.507925,0.021418,0.071901,0.626837,0.626837,39.059250,726.500000,24.483767,109.154329,0.150247,726.500000,1.305078,0.766238,0.359418,45.898735,0.626837,24.483767,39.059250,26.000000,40.000000,47.707442,47.707442,726.500000,24.483767,1.305078,0.766238,109.154329,0.150247,726.500000
"793976c3-1f1f-4e32-b5dd-6e2bdb78c323","Detection","nuclei_endothelium",922.740662,214.053543,82.000000,128.000000,4180923.000000,1.606386,27.000000,2.197350,142.000000,107.274011,14.848112,111.000000,65.000000,77.000000,11.501511,108.676202,-0.286699,17.401248,4180923.000000,0.368556,302.803449,8.056414,9.480493,-0.071577,1.954180,0.251159,0.772226,0.249614,0.816987,0.188852,0.875451,0.875348,0.985253,0.950129,-0.396388,0.000000,0.248261,2.762365,0.229173,2.573906,0.376352,5.524730,2.317504,0.551335,4.340355,54.689266,0.154489,1.000000,3.741454,130.468927,0.552372,8.200565,45.881356,379.042373,7.454273,0.176691,0.043542,0.413335,0.007256,63.342246,0.338729,0.650519,8.294118,22.534759,182.941176,3.683526,0.192885,4.624637,27.342246,0.146215,0.528249,8.200234,0.322946,2.935783,0.057832,3.833333,0.319444,1.166667,10.166667,3493.500000,27197.916667,538.955440,0.250579,2.000000,0.166667,0.320755,4.290070,0.031653,3.251629,0.033898,2623.250000,3.308000,0.035040,1.374700,0.021625,0.180185,0.523663,0.523663,30.211147,358.000000,15.820452,85.597980,0.239101,358.000000,1.628674,0.613996,0.255043,23.111487,0.523663,15.820452,30.211147,27.000000,22.000000,34.828150,34.828150,358.000000,15.820452,1.628674,0.613996,85.597980,0.239101,358.000000
"41358f69-865e-4b20-bbaf-92cc78a22a9b","Detection","nuclei_tumor",573.947937,222.907990,94.000000,140.000000,14893423.000000,1.602038,22.000000,2.850547,158.000000,119.389648,13.559921,122.000000,69.000000,89.000000,9.535638,120.599993,-0.513870,17.043188,14893423.000000,0.368473,290.470244,11.098029,9.479922,-1.087897,1.924812,0.315076,0.718668,0.306885,0.915967,0.220897,0.847923,0.847377,0.987947,0.949047,-0.324980,0.000000,0.299718,3.270412,0.204308,2.687172,0.304070,6.540824,2.350025,0.559972,4.351619,151.888672,0.148329,1.000000,3.856384,377.316406,0.558295,11.395508,43.802734,485.149414,5.031054,0.114013,0.048937,0.722689,0.004690,208.735593,0.353789,0.632534,12.066102,20.393220,224.311864,2.367268,0.112183,4.542929,99.091525,0.167952,0.576172,8.344085,0.364096,4.895868,0.039009,9.764706,0.287197,1.256920,16.558824,8383.764706,91629.147059,871.908243,0.110678,6.882353,0.202422,0.428240,9.384764,0.023204,3.794105,0.033203,7476.692042,5.576923,0.010196,2.864876,0.015477,0.093125,0.682050,0.682050,44.561123,1027.000000,30.392920,129.396970,0.125995,1027.000000,1.297382,0.770783,0.393649,55.058065,0.682050,30.392920,44.561123,43.000000,34.000000,54.817880,54.817880,1027.000000,30.392920,1.297382,0.770783,129.396970,0.125995,1027.000000
"0fd47a96-d1fb-46a8-a3ac-eb47e920c7c3","Detection","nuclei_tumor",349.075439,237.066666,90.000000,123.000000,8578733.000000,1.234010,18.000000,2.992503,148.000000,105.571805,9.994740,105.000000,78.000000,70.000000,7.302014,106.314056,0.351438,12.540834,8578733.000000,0.476494,157.272512,3.123588,2.555824,0.052887,1.014375,0.295198,0.549169,0.288136,0.889073,0.212176,0.857109,0.856638,0.970806,0.928319,-0.205337,0.000000,0.281956,1.715749,0.286222,2.200834,0.451271,3.431497,1.886406,0.327393,4.007232,111.653491,0.147106,1.000000,4.331988,361.658762,0.329926,3.372859,44.509881,138.816864,22.296040,0.484373,0.053180,0.250991,0.022086,173.886256,0.412053,0.431976,3.848341,24.165877,75.033175,12.117825,0.456424,4.312848,75.843602,0.179724,0.555995,11.226343,0.403722,1.851828,0.163334,12.937500,0.404297,0.795898,5.718750,4558.593750,14682.625000,2041.162326,0.410590,5.625000,0.175781,0.403722,2.699655,0.121762,3.799801,0.042161,3996.014648,21.175192,0.011806,0.835644,0.030133,0.030638,0.259725,0.259725,63.459405,760.000000,16.482009,139.254834,0.183230,760.000000,2.030472,0.492496,0.260930,24.190716,0.259725,16.482009,63.459405,21.000000,57.000000,60.745370,60.745370,760.000000,16.482009,2.030472,0.492496,139.254834,0.183230,760.000000
"b368cced-3e83-4ad5-82da-e742b41f2ce5","Detection","nuclei_tumor",8.629630,226.158020,109.000000,153.000000,10459175.000000,1.615393,26.000000,2.461303,174.000000,129.896552,14.418323,130.000000,88.000000,86.000000,10.823679,131.050918,0.069566,17.355951,10459175.000000,0.363720,301.229036,7.615587,9.997101,0.141318,2.007460,0.254816,0.774726,0.253065,0.823145,0.190774,0.873759,0.873643,0.985042,0.949445,-0.398193,0.000000,0.251532,2.679072,0.223332,2.593453,0.328809,5.358144,2.332510,0.565569,4.276595,102.359606,0.168078,1.000000,3.522149,221.505747,0.562245,7.840722,47.203612,350.845649,9.024243,0.186896,0.035952,0.322958,0.005833,108.415584,0.351999,0.607860,8.623377,25.064935,179.344156,4.772772,0.175956,4.629165,43.415584,0.140960,0.505747,9.426505,0.274218,2.772466,0.036828,5.250000,0.328125,0.859375,10.625000,4685.937500,31602.812500,851.111111,0.171441,1.625000,0.101563,0.178073,1.917259,0.017772,3.625000,0.026273,3237.183594,5.884370,0.020575,1.385273,0.022041,0.103398,0.562560,0.562560,38.297394,607.500000,21.544576,104.526912,0.172061,607.500000,1.431199,0.698715,0.320722,36.547744,0.562560,21.544576,38.297394,20.000000,39.000000,43.829214,43.829214,607.500000,21.544576,1.431199,0.698715,104.526912,0.172061,607.500000
"c992abba-8c26-4bc1-9522-09dede4d6399","Detection","nuclei_tumor",242.861816,232.367203,90.000000,134.000000,12894432.000000,1.598317,21.000000,2.973075,165.000000,113.809035,13.230393,114.000000,65.000000,100.000000,9.216827,115.059274,-0.041103,16.915677,12894432.000000,0.387395,286.140124,9.734160,9.002727,-0.032054,1.748504,0.325425,0.686176,0.316258,0.929562,0.225406,0.843399,0.842788,0.987557,0.947509,-0.294927,0.000000,0.308237,3.062416,0.224476,2.681542,0.408466,6.124831,2.330883,0.518482,4.311572,143.338809,0.147165,1.000000,3.885849,377.322382,0.537913,10.056468,42.852156,402.727926,5.583537,0.130090,0.046213,0.518704,0.006296,196.055092,0.327304,0.716046,11.086811,19.125209,176.013356,2.519856,0.129470,4.448539,121.520868,0.202873,0.614990,8.549140,0.386391,4.819418,0.049556,7.937500,0.248047,1.464844,11.625000,9534.000000,87566.843750,1092.793377,0.183767,4.187500,0.130859,0.309231,3.503844,0.042945,4.413910,0.032854,8607.558594,5.540299,0.011012,2.795959,0.014979,0.093843,0.545319,0.545319,48.043847,974.500000,26.199221,128.468037,0.131830,974.500000,1.347716,0.741996,0.377585,50.655988,0.545319,26.199221,48.043847,33.000000,45.000000,55.803226,55.803226,974.500000,26.199221,1.347716,0.741996,128.468037,0.131830,974.500000
"4ca830c0-73d3-4e40-a633-e48df514c2ca","Detection","nuclei_lymphocyte",952.440430,225.465317,83.000000,118.000000,2551435.000000,1.393037,18.000000,3.825445,148.000000,100.399194,11.118496,99.000000,72.000000,76.000000,7.507141,101.429997,0.638709,14.423810,2551435.000000,0.427549,208.046290,6.443459,4.621618,0.541593,1.250313,0.321508,0.590911,0.317073,0.917740,0.220972,0.842203,0.841907,0.981166,0.936733,-0.227892,0.000000,0.313193,2.492239,0.245905,2.413099,0.364745,4.984479,2.079486,0.392955,4.052095,36.233871,0.146104,1.000000,3.846514,106.032258,0.410705,6.782258,39.653226,257.540323,7.529402,0.197077,0.050165,0.430383,0.010021,61.587500,0.384922,0.516211,7.243750,15.300000,100.525000,2.891753,0.205990,4.096879,30.575000,0.191094,0.645161,5.690000,0.383197,3.104881,0.082763,2.600000,0.260000,1.210000,8.500000,2043.000000,12169.200000,403.179167,0.302083,1.400000,0.140000,0.235601,3.267419,0.044418,3.121928,0.040323,1427.960000,3.335959,0.032663,1.891189,0.021130,0.173605,0.649284,0.649284,22.119337,247.500000,14.361739,61.698485,0.249287,247.500000,1.223951,0.817026,0.288130,29.497097,0.649284,14.361739,22.119337,16.000000,21.000000,26.400758,26.400758,247.500000,14.361739,1.223951,0.817026,61.698485,0.249287,247.500000
"a6bf9a8e-2541-40ef-912c-909a8d3bdbcb","Detection","nuclei_tumor",324.941742,235.182449,96.000000,134.000000,9507840.000000,1.444672,20.000000,3.086876,161.000000,114.706048,11.497639,115.000000,71.000000,90.000000,8.055309,115.639481,0.039748,14.663289,9507840.000000,0.439920,215.012045,9.918436,6.013840,0.003547,1.397334,0.306890,0.639848,0.296462,0.908043,0.219001,0.853507,0.852812,0.988280,0.950838,-0.264426,0.000000,0.287337,3.105773,0.266125,2.485351,0.465177,6.211546,2.151269,0.426056,4.193349,104.350211,0.146765,1.000000,3.997737,312.783404,0.434372,10.165963,44.358650,436.469761,5.244065,0.120718,0.048005,0.509149,0.006808,148.384248,0.354139,0.620411,10.832936,21.704057,212.730310,2.507247,0.123623,4.450532,78.016706,0.186197,0.589311,10.186214,0.406452,4.843073,0.049506,8.933333,0.297778,1.248889,11.066667,6173.700000,57027.866667,684.473593,0.166731,4.000000,0.133333,0.325916,3.004074,0.062537,4.294740,0.042194,5612.010000,3.780565,0.014720,2.744272,0.011515,0.129917,0.550238,0.550238,40.713359,712.500000,22.402052,109.497475,0.153681,712.500000,1.339101,0.746769,0.350836,43.733053,0.550238,22.402052,40.713359,25.000000,39.000000,46.324939,46.324939,712.500000,22.402052,1.339101,0.746769,109.497475,0.153681,712.500000
"b15b5336-7a6c-4f10-bd12-c847e8e6f8ef","Detection","nuclei_endothelium",875.699829,244.803757,121.000000,148.000000,2100565.000000,1.046310,18.000000,2.133678,157.000000,134.739130,8.906616,135.000000,110.000000,47.000000,7.021729,135.150962,-0.070901,10.542739,2100565.000000,0.587750,111.149338,3.758186,1.706450,-0.146406,0.622185,0.229219,0.461550,0.229219,0.776648,0.176678,0.885390,0.885390,0.977078,0.942695,-0.168744,0.000000,0.229219,1.913098,0.463543,1.750508,0.664987,3.826196,1.521289,0.212851,3.437200,16.739130,0.145558,1.000000,4.774745,67.591304,0.246049,3.773913,44.739130,175.200000,13.341304,0.383816,0.044949,0.161124,0.024429,25.861538,0.397870,0.454438,3.584615,22.492308,87.415385,6.842735,0.507692,3.783552,11.923077,0.183432,0.565217,9.971598,0.396460,1.308217,0.253516,2.333333,0.388889,0.805556,4.166667,1247.833333,4913.666667,338.782407,0.578704,1.333333,0.222222,0.092374,0.462813,0.051204,2.584963,0.052174,880.472222,2.283790,0.085059,0.731604,0.019645,0.202039,0.667728,0.667728,15.017042,115.500000,10.027298,43.556349,0.377111,115.500000,1.307107,0.765048,0.226689,18.258367,0.667728,10.027298,15.017042,10.000000,15.000000,18.027756,18.027756,115.500000,10.027298,1.307107,0.765048,43.556349,0.377111,115.500000
"018326c1-5854-4c1d-9f90-0d0a758d22ce","Detection","nuclei_melanophage",775.625366,261.160736,104.000000,152.000000,16033092.000000,1.731932,25.000000,3.346625,182.000000,128.875000,15.204714,130.000000,52.000000,130.000000,10.588619,130.323473,-0.271820,19.376326,16033092.000000,0.355946,375.442002,14.123315,15.279608,-0.583695,2.248549,0.365730,0.720206,0.357865,0.968703,0.237663,0.822378,0.821854,0.990147,0.949017,-0.302660,0.000000,0.350983,3.694944,0.184912,2.945628,0.343820,7.389888,2.558319,0.653570,4.575954,132.375000,0.140228,1.000000,3.807993,336.012712,0.650907,14.170551,38.298729,549.191737,3.210506,0.090229,0.052597,0.749533,0.005510,202.971875,0.317144,0.789158,14.054688,14.812500,214.462500,1.222852,0.096771,4.499065,132.628125,0.207231,0.677966,6.110000,0.410761,5.772412,0.042342,9.558140,0.222282,1.521904,15.023256,5034.372093,77455.046512,341.697875,0.123120,4.162791,0.096809,0.249606,3.956172,0.027190,4.850570,0.045551,4552.416441,3.368247,0.011487,4.394184,0.012661,0.156799,0.300515,0.300515,65.302004,940.500000,19.624220,150.752309,0.160290,940.500000,1.922911,0.520045,0.286674,29.199678,0.300515,19.624220,65.302004,42.000000,51.000000,66.068147,66.068147,940.500000,19.624220,1.922911,0.520045,150.752309,0.160290,940.500000
"ccef1e4c-1bf9-427a-8c67-1baffef17666","Detection","nuclei_tumor",547.915344,262.825195,74.000000,110.000000,4070761.000000,1.375472,18.000000,4.283857,145.000000,90.958246,11.538008,89.000000,51.000000,94.000000,7.875459,92.187077,0.713714,15.001821,4070761.000000,0.482473,225.054624,4.681386,4.454867,0.325253,1.077839,0.366126,0.492888,0.325880,0.995284,0.259928,0.843628,0.841084,0.979209,0.936149,-0.170863,0.000000,0.291985,2.122135,0.319566,2.362061,0.534936,4.244271,1.954877,0.360991,3.994758,65.906054,0.137591,1.000000,4.799997,231.104384,0.414660,5.083507,43.012526,188.398747,12.468931,0.296842,0.067196,0.486901,0.019579,99.607261,0.328737,0.688451,6.303630,19.115512,83.267327,5.404061,0.294852,4.201795,66.141914,0.218290,0.632568,9.119062,0.455878,3.555862,0.121530,11.742857,0.335510,1.082449,8.142857,2828.428571,11416.600000,723.535516,0.316468,5.914286,0.168980,0.382611,3.159315,0.111187,4.261725,0.073069,2641.129796,6.401413,0.019098,1.747832,0.021531,0.095408,0.630029,0.630029,31.607524,480.500000,19.913655,87.012193,0.181087,480.500000,1.253883,0.797523,0.334001,39.636820,0.630029,19.913655,31.607524,30.000000,22.000000,37.202150,37.202150,480.500000,19.913655,1.253883,0.797523,87.012193,0.181087,480.500000
"81325db1-f4d5-49d4-9f72-ea5dece79e1b","Detection","nuclei_endothelium",934.633728,269.987976,67.000000,134.000000,3145952.000000,2.049029,38.000000,2.809121,167.000000,95.663551,20.935220,90.000000,60.000000,107.000000,15.378423,98.997341,0.784011,25.474663,3145952.000000,0.268291,648.958453,6.009450,53.735303,6.580866,4.236195,0.378866,0.835813,0.363402,0.992771,0.246805,0.820876,0.819845,0.985551,0.939801,-0.393791,0.000000,0.349871,2.246134,0.139039,3.247224,0.247423,4.492268,2.836055,1.153765,4.783539,43.461059,0.135393,1.000000,4.488019,86.121495,1.175144,6.532710,36.669782,195.641745,17.401573,0.376615,0.061832,0.473545,0.018140,60.192982,0.264004,1.107341,7.894737,14.771930,70.666667,7.062208,0.277423,4.423146,54.298246,0.238150,0.710280,6.843259,0.479875,4.134790,0.102181,4.466667,0.297778,1.262222,8.733333,1329.133333,6403.266667,542.696741,0.296185,1.933333,0.128889,0.255367,1.878288,0.087757,3.506891,0.046729,871.173333,4.323554,0.038270,2.972017,0.037324,0.357506,0.432119,0.432119,31.868790,319.000000,13.771109,81.941125,0.256869,319.000000,1.674956,0.597031,0.242640,20.918376,0.432119,13.771109,31.868790,16.000000,32.000000,35.777088,35.777088,319.000000,13.771109,1.674956,0.597031,81.941125,0.256869,319.000000
"35886265-fd47-4b64-a9bc-7b0f38d6ef25","Detection","nuclei_tumor",490.606079,289.778229,94.000000,133.000000,18529422.000000,1.443712,18.000000,3.579918,154.000000,114.457883,11.840223,115.000000,61.000000,93.000000,7.802024,115.499423,-0.516964,15.476097,18529422.000000,0.444608,239.509565,9.789741,8.491080,-0.801248,1.504350,0.273581,0.692248,0.267569,0.857285,0.201988,0.867218,0.866817,0.989525,0.955548,-0.317057,0.000000,0.262307,3.079293,0.282938,2.434170,0.485532,6.158587,2.141571,0.444483,4.136695,224.559395,0.161670,1.000000,4.063117,617.560115,0.442779,10.008639,48.095752,465.055436,6.208884,0.129956,0.045660,0.551812,0.005237,260.484594,0.364824,0.584108,10.691877,30.033613,283.058824,3.739216,0.129157,4.651546,116.492997,0.163155,0.514039,14.895629,0.353591,4.041407,0.042545,19.808511,0.421458,1.015844,13.191489,15377.510638,141728.340426,1714.612796,0.127518,8.872340,0.188773,0.427100,6.614389,0.035761,3.884119,0.033837,14504.119511,6.971310,0.007868,2.559517,0.010946,0.071389,0.457732,0.457732,63.537943,1389.500000,29.083337,160.953319,0.115835,1389.500000,1.483650,0.674013,0.383914,52.368444,0.457732,29.083337,63.537943,37.000000,58.000000,68.796802,68.796802,1389.500000,29.083337,1.483650,0.674013,160.953319,0.115835,1389.500000
"fb772fc8-0499-41e9-a53c-64f91183810d","Detection","nuclei_endothelium",875.110229,277.929077,91.000000,130.000000,3831756.000000,1.469358,21.000000,2.565459,147.000000,108.218069,12.320688,105.000000,81.000000,66.000000,9.075680,109.256279,0.561634,15.026118,3831756.000000,0.384827,225.784222,3.747234,6.038086,0.612830,1.690529,0.300426,0.698209,0.297021,0.890604,0.212204,0.852057,0.851830,0.970115,0.925915,-0.309377,0.000000,0.294043,1.843830,0.209256,2.513108,0.331064,3.687660,2.202385,0.497739,4.217498,49.087227,0.152920,1.000000,3.280054,123.529595,0.480411,3.881620,41.211838,159.968847,20.307632,0.473434,0.040183,0.151314,0.019803,79.715026,0.413031,0.431206,3.891192,16.538860,61.772021,8.546632,0.449914,4.109443,33.393782,0.173025,0.601246,5.473758,0.311110,1.165878,0.139122,3.400000,0.340000,0.690000,4.300000,2493.300000,9406.200000,971.075000,0.508333,1.200000,0.120000,0.128710,0.340891,0.104167,3.321928,0.031153,1462.890000,12.073151,0.031354,0.740520,0.042432,0.082627,0.476778,0.476778,29.412707,322.000000,14.023338,76.426407,0.237349,322.000000,1.443514,0.692754,0.271904,26.268410,0.476778,14.023338,29.412707,21.000000,26.000000,33.421550,33.421550,322.000000,14.023338,1.443514,0.692754,76.426407,0.237349,322.000000
"137b4825-d41b-4d7a-8028-d307c2143af2","Detection","nuclei_tumor",285.407715,290.729004,89.000000,137.000000,6333124.000000,1.696382,26.000000,2.746138,161.000000,114.707889,14.943267,117.000000,65.000000,96.000000,10.486277,116.204400,-0.239424,18.589321,6333124.000000,0.353904,345.562859,9.922547,11.705546,-0.377479,2.035806,0.398164,0.672827,0.375215,1.019251,0.257378,0.816217,0.814687,0.984869,0.938011,-0.258203,0.000000,0.355135,3.084337,0.179221,2.934957,0.331612,6.168675,2.489462,0.608492,4.558715,62.471215,0.133201,1.000000,4.214520,165.980810,0.617873,10.321962,37.038380,373.831557,4.838936,0.135074,0.060862,0.725741,0.007455,110.429412,0.324792,0.721894,10.755882,13.223529,136.082353,1.640132,0.135609,4.248335,80.117647,0.235640,0.724947,5.612422,0.476376,5.575263,0.057025,8.692308,0.334320,1.250000,13.500000,2309.192308,22195.653846,256.938066,0.142105,4.153846,0.159763,0.284236,4.223403,0.027295,3.790767,0.055437,1983.806213,2.996301,0.021348,3.162954,0.019911,0.174089,0.529853,0.529853,33.945328,470.500000,17.986038,91.012193,0.193437,470.500000,1.400973,0.713790,0.305728,33.210307,0.529853,17.986038,33.945328,19.000000,35.000000,39.824616,39.824616,470.500000,17.986038,1.400973,0.713790,91.012193,0.193437,470.500000
"5c063acd-e5c4-4f14-a53b-359246e65fa4","Detection","nuclei_histiocyte",1009.177734,294.223053,109.000000,146.000000,14475967.000000,1.378925,20.000000,2.957548,176.000000,127.889016,11.621533,128.000000,91.000000,85.000000,8.429081,128.696897,0.090614,14.397600,14475967.000000,0.436827,207.290886,7.162945,5.034051,0.015472,1.341916,0.276403,0.658407,0.269161,0.862617,0.203955,0.866626,0.866144,0.989427,0.955312,-0.288619,0.000000,0.262824,2.626132,0.268531,2.383740,0.406457,5.252263,2.085602,0.404580,4.058158,138.800915,0.158811,1.000000,3.560918,381.787185,0.396918,7.286041,46.723112,334.398169,8.077579,0.181221,0.043850,0.370000,0.008630,173.804348,0.377836,0.544891,7.567391,23.869565,169.821739,4.113882,0.195283,4.608620,68.047826,0.147930,0.526316,9.429565,0.314897,2.514829,0.067750,7.800000,0.260000,1.156667,9.566667,8043.333333,63925.066667,1133.850407,0.240454,5.266667,0.175556,0.402752,4.357464,0.075042,4.118508,0.034325,7194.582222,5.081805,0.012550,2.559735,0.009442,0.122067,0.488722,0.488722,48.506475,875.000000,23.706165,125.740115,0.143703,875.000000,1.437904,0.695457,0.350124,43.555892,0.488722,23.706165,48.506475,29.000000,45.000000,53.535035,53.535035,875.000000,23.706165,1.437904,0.695457,125.740115,0.143703,875.000000
"50e871a6-cdb0-4e32-a46b-a2e27b55ac31","Detection","nuclei_tumor",178.667740,289.204681,116.000000,154.000000,8531501.000000,1.368427,18.000000,2.777000,173.000000,134.138593,11.218580,133.000000,98.000000,75.000000,8.156539,134.873399,0.265271,14.059574,8531501.000000,0.445729,197.671624,8.699140,4.208398,0.035130,1.220602,0.250430,0.659518,0.250430,0.811959,0.187715,0.874785,0.874785,0.985269,0.949914,-0.301780,0.000000,0.250430,2.908023,0.303082,2.243633,0.505444,5.816046,1.993204,0.367758,3.961473,75.874200,0.161779,1.000000,3.480617,209.046908,0.394579,8.852878,46.748401,411.889126,6.160329,0.139007,0.040585,0.345074,0.007921,85.728745,0.347080,0.581652,9.008097,23.684211,208.923077,3.038012,0.151119,4.443582,39.145749,0.158485,0.526652,9.262666,0.299633,2.760392,0.051304,4.333333,0.361111,1.138889,9.166667,7835.083333,67390.500000,990.002315,0.222801,2.166667,0.180556,0.375116,2.390654,0.138464,3.418296,0.025586,6307.576389,4.055529,0.022188,1.603457,0.016093,0.126258,0.459344,0.459344,36.171458,469.000000,16.615147,90.568542,0.193110,469.000000,1.391785,0.718502,0.306995,33.486204,0.459344,16.615147,36.171458,27.000000,30.000000,40.360872,40.360872,469.000000,16.615147,1.391785,0.718502,90.568542,0.193110,469.000000
"294eea1b-a4b4-45f3-80d0-55ef58a1d2ea","Detection","nuclei_lymphocyte",980.692932,288.937592,62.000000,111.000000,2736266.000000,1.781717,27.000000,2.549739,133.000000,88.417910,15.266919,88.000000,43.000000,90.000000,10.979284,90.376757,-0.013114,18.714468,2736266.000000,0.334177,350.231321,9.718344,13.847057,-0.178726,2.268571,0.435065,0.678163,0.392857,1.067782,0.280728,0.810403,0.807792,0.983630,0.935514,-0.260971,0.000000,0.357842,3.043019,0.165905,3.063335,0.312500,6.086039,2.567377,0.675909,4.588850,45.346269,0.135362,1.000000,4.206941,111.949254,0.695353,10.277612,35.734328,336.611940,5.129381,0.140794,0.078200,1.065516,0.008201,75.501992,0.300805,0.849352,11.418327,11.856574,113.896414,1.644239,0.135844,4.251641,61.111554,0.243472,0.749254,4.731290,0.485601,6.299802,0.058890,7.956522,0.345936,1.149338,15.130435,1402.130435,13327.000000,169.364022,0.127053,5.521739,0.240076,0.481360,8.181593,0.031025,3.196200,0.068657,1189.984877,2.341767,0.029435,3.267112,0.023952,0.234366,0.558959,0.558959,27.912823,336.500000,15.602116,75.012193,0.222919,336.500000,1.330665,0.751504,0.292222,30.340792,0.558959,15.602116,27.912823,19.000000,27.000000,33.015148,33.015148,336.500000,15.602116,1.330665,0.751504,75.012193,0.222919,336.500000
"f2f83299-bb78-4dcd-871e-d97d77b1ab89","Detection","nuclei_histiocyte",763.682678,292.615814,108.000000,139.000000,10017465.000000,1.291176,16.000000,3.812513,161.000000,124.641066,10.052363,126.000000,78.000000,83.000000,7.054859,125.305051,-0.679781,12.882566,10017465.000000,0.455091,165.960508,6.481867,4.157995,-0.766553,1.234664,0.265527,0.646009,0.261359,0.843148,0.197219,0.870015,0.869737,0.984454,0.947867,-0.280409,0.000000,0.257712,2.497916,0.282419,2.246379,0.422676,4.995832,1.966846,0.375048,3.989987,101.808777,0.159575,1.000000,3.680762,290.347962,0.368877,6.697492,46.852665,322.208464,8.977501,0.209063,0.038126,0.278513,0.008590,139.094955,0.412745,0.450405,6.516320,23.560831,162.605341,4.374423,0.233453,4.444460,50.299703,0.149257,0.528213,9.224383,0.309257,2.070408,0.075481,4.411765,0.259516,1.065744,6.882353,6303.529412,45743.470588,1019.383578,0.352533,1.588235,0.093426,0.216682,2.584045,0.036789,3.969816,0.026646,4895.072664,5.580690,0.016299,1.483521,0.014420,0.086558,0.482486,0.482486,41.227859,636.000000,19.891856,105.396970,0.165719,636.000000,1.389918,0.719467,0.331619,39.073493,0.482486,19.891856,41.227859,30.000000,35.000000,46.097722,46.097722,636.000000,19.891856,1.389918,0.719467,105.396970,0.165719,636.000000
"73e35da6-ff4d-4ceb-9641-5e587aae35d1","Detection","nuclei_tumor",199.761597,303.018036,110.000000,148.000000,19625721.000000,1.524491,17.000000,4.238121,185.000000,129.904720,12.299414,131.000000,75.000000,110.000000,7.661277,130.978435,-0.484431,16.736612,19625721.000000,0.439684,280.114174,7.743643,11.960525,-1.350064,1.738565,0.303780,0.702518,0.291867,0.905150,0.218594,0.856052,0.855258,0.988411,0.951639,-0.306753,0.000000,0.281443,2.717526,0.285989,2.530639,0.497136,5.435052,2.197317,0.510586,4.110503,173.909091,0.152018,1.000000,3.962465,502.998252,0.526355,7.993007,45.555944,366.875874,8.495573,0.194541,0.046046,0.462883,0.007751,210.023328,0.326630,0.735481,8.185070,23.057543,190.858476,3.840729,0.200848,4.574872,108.265941,0.168376,0.562063,10.395899,0.367717,3.399700,0.064543,15.044444,0.334321,1.325432,10.866667,6360.711111,55659.155556,793.187136,0.180407,5.488889,0.121975,0.323872,4.914694,0.031042,4.488270,0.039336,5714.421728,6.340733,0.009861,2.525784,0.013352,0.089524,0.401003,0.401003,60.556220,1146.500000,24.283242,147.095454,0.128300,1146.500000,1.501809,0.665864,0.362577,46.709233,0.401003,24.283242,60.556220,42.000000,50.000000,65.299311,65.299311,1146.500000,24.283242,1.501809,0.665864,147.095454,0.128300,1146.500000
"ba55708e-ac8d-4b84-ace6-0d5260a49305","Detection","nuclei_tumor",12.789249,307.575592,102.000000,133.000000,12120317.000000,1.262921,17.000000,3.823000,152.000000,117.753472,9.912937,118.000000,67.000000,85.000000,6.931429,118.440469,-0.529199,12.738307,12120317.000000,0.485715,162.264456,10.539750,4.022159,-0.223208,1.069207,0.299421,0.562451,0.287237,0.899378,0.216916,0.858412,0.857600,0.988581,0.952417,-0.213981,0.000000,0.276576,3.216723,0.305781,2.249209,0.496497,6.433445,1.921038,0.342157,3.934455,131.604167,0.152320,1.000000,3.820388,419.657407,0.343316,10.770833,45.590278,481.990741,4.751689,0.109757,0.045708,0.498925,0.006652,183.233051,0.388206,0.518848,10.985169,23.266949,239.478814,2.462932,0.121194,4.418327,75.864407,0.160730,0.546296,9.863904,0.337006,3.667847,0.047897,13.666667,0.414141,1.219467,11.151515,9278.242424,86405.515152,1012.660152,0.182609,4.515152,0.136823,0.351887,3.597413,0.078324,4.268344,0.038194,8592.754821,4.568062,0.011095,2.857539,0.008982,0.105986,0.803649,0.803649,37.766285,862.000000,30.350842,117.941125,0.136823,862.000000,1.284143,0.778729,0.379695,51.223718,0.803649,30.350842,37.766285,29.000000,37.000000,47.010637,47.010637,862.000000,30.350842,1.284143,0.778729,117.941125,0.136823,862.000000
"16356d12-29cc-435e-8e5a-abe744b5128a","Detection","nuclei_tumor",83.396088,307.760010,91.000000,127.000000,6347683.000000,1.317548,16.000000,3.726815,148.000000,108.659735,10.490035,109.000000,61.000000,87.000000,7.173975,109.541776,-0.347598,13.873092,6347683.000000,0.503897,192.462670,8.507824,6.541334,-0.782614,1.244475,0.253912,0.661086,0.250883,0.823606,0.190970,0.875063,0.874861,0.985117,0.949924,-0.294570,0.000000,0.248233,2.874054,0.344644,2.235475,0.559818,5.748107,1.974484,0.374597,3.885229,88.947070,0.168142,1.000000,4.004510,266.561437,0.377486,8.786389,47.854442,414.434783,6.733604,0.148826,0.037978,0.341409,0.006033,97.656604,0.368515,0.562278,9.049057,31.403774,274.354717,4.184382,0.158726,4.497599,43.581132,0.164457,0.500945,15.464094,0.367007,3.474898,0.054023,5.428571,0.387755,1.061224,8.428571,9470.071429,84735.571429,1088.316964,0.226687,1.285714,0.091837,0.189195,1.846312,0.030690,3.807355,0.026465,8042.311224,3.900463,0.020878,1.420254,0.014413,0.117986,0.540167,0.540167,35.468195,528.500000,19.158759,93.497475,0.176911,528.500000,1.316270,0.759723,0.329815,38.649396,0.540167,19.158759,35.468195,30.000000,26.000000,39.698866,39.698866,528.500000,19.158759,1.316270,0.759723,93.497475,0.176911,528.500000
"fe8c127d-bb4d-4540-bb17-948aef2e4a41","Detection","nuclei_tumor",251.086807,313.433716,96.000000,131.000000,6479062.000000,1.386928,18.000000,3.080784,158.000000,114.294479,10.840027,114.000000,77.000000,81.000000,7.635084,115.106974,0.105893,13.652389,6479062.000000,0.453256,186.387720,4.611356,5.728030,0.241342,1.340528,0.268467,0.666292,0.256340,0.852902,0.202757,0.873852,0.873043,0.984422,0.949136,-0.302449,0.000000,0.245728,2.084068,0.299478,2.350675,0.506064,4.168137,2.051315,0.402249,4.038825,80.566462,0.164758,1.000000,4.442429,221.642127,0.402482,4.865031,47.507157,213.282209,15.357518,0.321532,0.045347,0.282644,0.011632,100.827068,0.379049,0.513200,5.669173,26.037594,113.977444,7.977809,0.299107,4.348854,46.548872,0.174996,0.543967,12.519532,0.391840,2.672648,0.083978,7.000000,0.388889,0.694444,6.944444,5183.388889,22340.833333,1382.255015,0.287423,3.222222,0.179012,0.302312,2.406272,0.046006,3.350209,0.036810,4445.361111,5.135529,0.023581,1.471705,0.016004,0.123611,0.412011,0.412011,39.516150,491.500000,16.281086,99.154329,0.201738,491.500000,1.591805,0.628217,0.280854,28.026210,0.412011,16.281086,39.516150,27.000000,34.000000,43.416587,43.416587,491.500000,16.281086,1.591805,0.628217,99.154329,0.201738,491.500000
"62828dc6-a9e1-4670-b726-36dade226f57","Detection","nuclei_histiocyte",966.414856,314.965759,60.000000,109.000000,2639443.000000,1.727160,25.000000,3.613038,152.000000,82.094340,15.238570,79.000000,47.000000,105.000000,10.619578,84.346912,0.824427,19.362877,2639443.000000,0.350470,374.921019,7.762355,13.550254,1.865456,1.989812,0.467297,0.619637,0.410610,1.103703,0.298696,0.803779,0.800363,0.987628,0.942336,-0.216366,0.000000,0.364442,2.716933,0.189743,2.913482,0.300872,5.433866,2.405173,0.614277,4.294007,48.940701,0.131916,1.000000,4.465922,130.024259,0.709541,8.552561,35.506739,240.439353,6.587585,0.167628,0.083643,1.277528,0.010700,81.694737,0.286648,0.979674,10.929825,11.522807,80.491228,2.120047,0.145022,4.110041,74.052632,0.259834,0.768194,4.744549,0.508760,7.162768,0.056867,9.000000,0.310345,1.481570,17.206897,1295.000000,8467.275862,235.085000,0.135613,7.344828,0.253270,0.497664,10.211489,0.059663,3.607475,0.078167,1131.336504,2.066295,0.027114,5.174570,0.016180,0.389168,0.706185,0.706185,25.942339,370.000000,18.320088,73.941125,0.199841,370.000000,1.175873,0.850432,0.328320,38.299901,0.706185,18.320088,25.942339,19.000000,25.000000,31.400637,31.400637,370.000000,18.320088,1.175873,0.850432,73.941125,0.199841,370.000000
"e31c3dc9-8044-4a19-b912-b99db6b9d91e","Detection","nuclei_tumor",369.579010,327.848267,83.000000,124.000000,7886304.000000,1.508763,20.000000,3.006202,149.000000,104.030899,12.497278,104.000000,58.000000,91.000000,8.673160,105.243858,-0.157682,15.932412,7886304.000000,0.413667,253.841742,7.400596,7.540052,-0.778498,1.538388,0.371184,0.611239,0.357036,0.983951,0.243709,0.823840,0.822897,0.978415,0.929064,-0.226390,0.000000,0.344657,2.666232,0.224500,2.661159,0.396873,5.332465,2.258095,0.477393,4.288498,102.584270,0.144079,1.000000,3.853238,294.530899,0.482639,7.731742,38.716292,293.551966,7.116602,0.188680,0.068316,0.661486,0.011722,169.350731,0.353551,0.600825,8.068894,14.701461,114.538622,2.602006,0.190429,4.258209,97.805846,0.204188,0.672753,5.863564,0.427584,3.848933,0.075327,13.750000,0.343750,1.074375,10.225000,4031.150000,34806.725000,500.326563,0.196354,11.800000,0.295000,0.550623,6.265596,0.087027,3.718454,0.056180,3714.310000,7.584945,0.012905,1.815959,0.025354,0.063085,0.528596,0.528596,41.959160,715.000000,22.179463,111.254834,0.155601,715.000000,1.377596,0.725902,0.343758,41.986318,0.528596,22.179463,41.959160,23.000000,41.000000,47.010637,47.010637,715.000000,22.179463,1.377596,0.725902,111.254834,0.155601,715.000000
"af510a00-8e3f-4be6-973d-701ed56cfebc","Detection","nuclei_tumor",601.714905,323.275452,97.000000,122.000000,3731994.000000,0.991306,13.000000,3.094808,135.000000,109.245161,8.277419,110.000000,76.000000,59.000000,6.089050,109.720966,-0.252060,10.207108,3731994.000000,0.617211,104.185057,3.666078,1.656011,-0.205100,0.646065,0.257067,0.430721,0.253534,0.829247,0.192788,0.873822,0.873587,0.974456,0.936793,-0.141281,0.000000,0.250442,1.889134,0.431609,1.842320,0.636926,3.778269,1.572994,0.225783,3.600998,46.238710,0.149157,1.000000,4.655193,191.335484,0.225484,3.835484,46.445161,176.093548,15.011559,0.366398,0.048923,0.239218,0.018592,76.443182,0.434336,0.403119,3.982955,23.170455,90.284091,7.010732,0.424716,4.051386,32.784091,0.186273,0.567742,10.760847,0.415703,1.911197,0.170877,6.142857,0.438776,0.923469,4.642857,4087.428571,16228.214286,1066.755952,0.565476,2.714286,0.193878,0.251404,1.826217,0.076424,3.039149,0.045161,3597.122449,5.950603,0.030862,0.725467,0.018462,0.071088,0.549167,0.549167,27.337673,311.000000,15.012961,74.426407,0.239313,311.000000,1.417372,0.705531,0.273272,26.533344,0.549167,15.012961,27.337673,27.000000,19.000000,33.015148,33.015148,311.000000,15.012961,1.417372,0.705531,74.426407,0.239313,311.000000
"f9cf9c7c-fcef-4859-82fb-82b26d44f328","Detection","nuclei_tumor",630.761902,333.807343,92.000000,140.000000,22673057.000000,1.615413,23.000000,2.699664,174.000000,117.860276,14.330599,120.000000,71.000000,103.000000,10.249351,119.189664,-0.266150,17.751943,22673057.000000,0.361054,315.131480,10.903856,9.203400,-0.663727,1.951475,0.297869,0.735150,0.291362,0.891978,0.212977,0.855404,0.854970,0.988595,0.951595,-0.342241,0.000000,0.285668,3.238897,0.205240,2.666129,0.316089,6.477794,2.349700,0.562336,4.366170,245.997494,0.154134,1.000000,3.753494,576.241855,0.566886,11.125313,45.791980,496.462406,5.378520,0.116066,0.044443,0.537040,0.006154,302.184758,0.348943,0.632240,11.554273,23.406467,251.512702,2.853038,0.116511,4.681004,136.752887,0.157913,0.542607,9.820517,0.330777,3.994362,0.041787,11.901961,0.233372,1.410227,12.784314,11769.843137,121132.666667,1280.419363,0.164161,8.450980,0.165705,0.382986,5.358682,0.075041,4.632826,0.031955,10790.521338,8.722321,0.006828,2.745668,0.014965,0.062402,0.679186,0.679186,55.331436,1599.500000,37.580344,165.781746,0.103646,1599.500000,1.367349,0.731342,0.422770,63.505412,0.679186,37.580344,55.331436,53.000000,43.000000,68.249542,68.249542,1599.500000,37.580344,1.367349,0.731342,165.781746,0.103646,1599.500000
"ab22fa82-2cc2-4c4b-9b10-d3da776e0a31","Detection","nuclei_endothelium",955.225220,337.323822,78.000000,121.000000,6301515.000000,1.517973,22.000000,2.679149,151.000000,101.549414,12.673810,102.000000,63.000000,88.000000,9.308695,102.738997,0.013448,15.589037,6301515.000000,0.402451,243.018078,6.788859,6.175699,-0.224295,1.484208,0.313118,0.651574,0.300539,0.915770,0.222794,0.851715,0.850988,0.988072,0.950202,-0.277767,0.000000,0.290593,2.548742,0.243782,2.524854,0.379155,5.097484,2.188517,0.449331,4.215569,85.690117,0.143535,1.000000,4.121871,240.262982,0.481789,7.127303,43.304858,308.072027,7.859515,0.205667,0.049393,0.432929,0.011883,119.926829,0.325005,0.715506,7.512195,17.880759,129.241192,3.199554,0.232037,4.462812,70.658537,0.191487,0.618090,7.410536,0.416954,3.550437,0.105956,5.210526,0.274238,1.628809,10.315789,6466.368421,44223.210526,1121.598962,0.295965,2.789474,0.146814,0.350615,4.528730,0.084841,3.997670,0.031826,5479.085873,4.110420,0.016588,3.015014,0.013811,0.155429,0.375586,0.375586,45.485584,595.000000,17.083727,111.396970,0.187222,595.000000,1.659663,0.602532,0.285517,28.964509,0.375586,17.083727,45.485584,27.000000,41.000000,49.091751,49.091751,595.000000,17.083727,1.659663,0.602532,111.396970,0.187222,595.000000
"111da90d-ffe3-4bc0-9e8b-e32a9013d4f6","Detection","nuclei_tumor",82.055458,333.467621,107.000000,141.000000,8650140.000000,1.331805,18.000000,2.721477,158.000000,124.039568,10.521725,124.000000,88.000000,70.000000,7.522360,124.730933,0.034149,13.114543,8650140.000000,0.442621,171.991240,6.531670,3.853588,0.087299,1.188893,0.317179,0.578800,0.314299,0.909695,0.218394,0.843330,0.843138,0.981393,0.937236,-0.218584,0.000000,0.311780,2.512716,0.249007,2.387334,0.334933,5.025432,2.061120,0.376518,4.075599,82.780576,0.148886,1.000000,3.466384,246.097122,0.372299,6.631295,41.302158,276.714029,7.587205,0.200814,0.044304,0.289537,0.011519,137.970414,0.408196,0.455840,6.529586,16.887574,114.804734,3.088757,0.224112,4.242419,59.248521,0.175291,0.607914,6.063863,0.343632,2.220718,0.089471,5.000000,0.277778,1.027778,7.277778,5876.555556,39734.055556,1022.562500,0.331404,2.444444,0.135802,0.227043,1.290084,0.090847,3.947703,0.032374,4922.432099,6.603651,0.015381,1.765248,0.017694,0.081859,0.590744,0.590744,34.905264,556.000000,20.620093,98.083261,0.176409,556.000000,1.376909,0.726265,0.322929,37.052479,0.590744,20.620093,34.905264,36.000000,23.000000,42.720019,42.720019,556.000000,20.620093,1.376909,0.726265,98.083261,0.176409,556.000000
"2bef3f5d-f528-4159-82c0-0cf8a2828787","Detection","nuclei_tumor",549.360046,342.986725,108.000000,144.000000,18569811.000000,1.311381,17.000000,3.870519,163.000000,127.470745,11.276624,130.000000,77.000000,86.000000,7.568010,128.306658,-0.852109,14.622163,18569811.000000,0.481116,213.807655,7.131822,6.077039,-1.423401,1.288420,0.267808,0.655825,0.262257,0.848115,0.199029,0.869796,0.869426,0.984345,0.947734,-0.287049,0.000000,0.257401,2.622340,0.312884,2.234669,0.504625,5.244681,1.949214,0.389057,3.950694,182.398936,0.161701,1.000000,4.500478,542.698582,0.390448,7.351064,49.086879,361.638298,9.431436,0.193946,0.051972,0.464481,0.011126,218.274956,0.382268,0.524774,7.555166,32.819615,251.127846,5.704855,0.195758,4.490539,101.266200,0.177349,0.506206,17.209504,0.408230,3.446910,0.075691,16.304348,0.354442,1.234877,9.847826,11485.043478,98596.739130,1446.557216,0.229771,12.000000,0.260870,0.494448,5.634925,0.126874,3.583885,0.040780,10883.727788,8.788983,0.009569,1.391380,0.015238,0.050265,0.775051,0.775051,43.178928,1129.500000,33.465876,129.639610,0.114776,1129.500000,1.184075,0.844541,0.431723,66.223433,0.775051,33.465876,43.178928,37.000000,41.000000,55.226805,55.226805,1129.500000,33.465876,1.184075,0.844541,129.639610,0.114776,1129.500000
"fb189fbc-e592-48fe-bc55-acc22674c6ea","Detection","nuclei_tumor",263.207825,335.659943,94.000000,126.000000,6830618.000000,1.183189,17.000000,3.037380,151.000000,111.611830,10.338519,113.000000,74.000000,77.000000,7.160335,112.365080,-0.368773,12.988868,6830618.000000,0.545765,168.710692,8.824553,3.179472,-0.148124,0.931108,0.291750,0.522840,0.281809,0.887039,0.212333,0.860752,0.860089,0.988858,0.953268,-0.194208,0.000000,0.273111,2.943588,0.356336,2.161674,0.570577,5.887177,1.843073,0.305714,3.822895,79.473198,0.146901,1.000000,4.202070,295.258780,0.299486,9.046211,44.892791,389.855823,5.714902,0.129541,0.052134,0.583151,0.007537,119.835526,0.394196,0.494882,9.753289,24.138158,213.355263,2.953251,0.132527,4.249616,51.690789,0.170035,0.561922,11.470178,0.375382,4.160365,0.049267,11.000000,0.458333,1.067708,12.458333,6263.291667,56097.916667,707.449583,0.149525,4.083333,0.170139,0.391106,5.429906,0.071597,3.684561,0.044362,5755.164931,2.802102,0.018847,2.703497,0.007646,0.166625,0.415367,0.415367,41.654844,544.500000,17.302059,103.840620,0.190708,544.500000,1.575893,0.634561,0.290317,29.946517,0.415367,17.302059,41.654844,39.000000,21.000000,44.294469,44.294469,544.500000,17.302059,1.575893,0.634561,103.840620,0.190708,544.500000
"b6cbe3c0-3e70-4612-a688-1c70c3081401","Detection","nuclei_histiocyte",791.460205,345.733429,112.000000,148.000000,12348277.000000,1.393156,17.000000,2.998157,170.000000,129.408779,10.850781,129.000000,94.000000,76.000000,7.414322,130.148575,0.073087,13.857109,12348277.000000,0.437977,192.019457,7.562681,5.186986,-0.127943,1.340989,0.305072,0.629330,0.300725,0.898075,0.214637,0.850362,0.850072,0.982131,0.940000,-0.256014,0.000000,0.296920,2.702536,0.253988,2.449785,0.419203,5.405072,2.131587,0.411515,4.071258,117.842250,0.161649,1.000000,3.270666,319.285322,0.404910,7.729767,43.104252,331.246914,6.939596,0.170086,0.042750,0.380586,0.007256,164.200935,0.383647,0.517878,7.876168,19.378505,150.584112,3.039006,0.182194,4.382282,75.850467,0.177221,0.587106,7.773976,0.326892,2.754931,0.062961,7.363636,0.334711,1.035124,8.227273,8292.772727,70696.863636,1046.536932,0.239583,3.090909,0.140496,0.334179,4.262722,0.043275,3.840812,0.030178,7194.754132,7.206669,0.012939,1.698456,0.018649,0.067412,0.603420,0.603420,39.331844,726.500000,23.733640,107.154329,0.147494,726.500000,1.257691,0.795108,0.369527,48.517057,0.603420,23.733640,39.331844,28.000000,37.000000,46.400431,46.400431,726.500000,23.733640,1.257691,0.795108,107.154329,0.147494,726.500000
"72d971db-29f2-45d5-b465-bb1aae27f13e","Detection","nuclei_stroma",741.006775,352.189575,83.000000,116.000000,4596792.000000,1.300009,18.000000,3.309868,151.000000,100.641256,10.598464,102.000000,66.000000,85.000000,7.490356,101.521961,0.045224,13.343395,4596792.000000,0.457449,178.046190,6.633495,4.518508,-0.040234,1.204375,0.287015,0.615105,0.283374,0.873416,0.206714,0.858920,0.858677,0.988990,0.952858,-0.255396,0.000000,0.280188,2.530643,0.270699,2.307077,0.390170,5.061286,2.009330,0.372847,3.974984,68.843049,0.154357,1.000000,3.397535,204.022422,0.362927,6.919283,43.206278,293.798206,7.841800,0.192448,0.042498,0.341784,0.009945,106.000000,0.414063,0.492615,7.179688,18.835938,128.312500,3.430000,0.207886,4.293466,42.703125,0.166809,0.573991,6.695068,0.316144,2.474222,0.072390,2.833333,0.236111,1.583333,7.833333,6779.666667,50980.500000,1038.171157,0.365602,2.166667,0.180556,0.366492,4.364125,0.116947,3.584963,0.026906,5398.305556,3.048606,0.020536,2.901181,0.009386,0.221598,0.441598,0.441598,36.532724,444.000000,16.132796,92.769553,0.208940,444.000000,1.542475,0.648309,0.280350,27.925562,0.441598,16.132796,36.532724,18.000000,35.000000,39.357337,39.357337,444.000000,16.132796,1.542475,0.648309,92.769553,0.208940,444.000000
"08df9226-57df-4f91-84f3-5398d8b40df8","Detection","nuclei_histiocyte",1013.164124,350.502563,83.000000,136.000000,1939199.000000,1.624724,25.000000,3.261722,171.000000,106.945122,15.743308,104.000000,78.000000,93.000000,11.225440,108.739984,0.820547,19.675493,1939199.000000,0.360723,387.125037,3.355670,13.001105,2.445698,2.050179,0.283505,0.757032,0.283505,0.860183,0.203130,0.858247,0.858247,0.983323,0.943299,-0.368834,0.000000,0.283505,1.707045,0.240982,2.504507,0.381443,3.414089,2.221002,0.583421,3.989725,24.939024,0.152067,1.000000,4.651249,59.158537,0.671327,3.841463,41.682927,107.634146,28.082148,0.548357,0.062591,0.436502,0.018847,30.272727,0.305785,0.808285,5.393939,20.404040,62.666667,12.610550,0.398148,4.048064,19.585859,0.197837,0.603659,9.427201,0.422357,3.268445,0.096112,2.250000,0.281250,0.984375,7.875000,1174.750000,3150.750000,757.251736,0.262153,2.500000,0.312500,0.505316,4.207479,0.084576,2.750000,0.048780,754.500000,3.441405,0.075884,1.509848,0.028078,0.474104,0.642206,0.642206,18.214967,163.500000,11.697754,51.213203,0.313231,163.500000,1.276545,0.783364,0.251692,22.508267,0.642206,11.697754,18.214967,11.000000,19.000000,21.954498,21.954498,163.500000,11.697754,1.276545,0.783364,51.213203,0.313231,163.500000
"cf8df1ae-1dbe-46f4-a125-b3afc2ea42b7","Detection","nuclei_histiocyte",818.021973,357.651367,101.000000,130.000000,4423174.000000,1.168917,15.000000,2.981146,154.000000,115.743119,9.221390,117.000000,90.000000,64.000000,6.891192,116.303594,0.062168,11.404225,4423174.000000,0.537207,130.056336,4.650967,2.456022,0.064383,0.834576,0.284272,0.491848,0.280908,0.869219,0.205363,0.860107,0.859882,0.983337,0.943930,-0.177735,0.000000,0.277965,2.124474,0.361424,2.067333,0.571068,4.248949,1.775550,0.279712,3.790685,46.351682,0.141748,1.000000,4.336130,175.666667,0.294326,4.889908,43.293578,195.269113,11.614785,0.280772,0.061474,0.412616,0.017283,77.000000,0.396907,0.467133,5.541237,19.030928,85.608247,5.004367,0.294602,4.141319,33.969072,0.175098,0.593272,7.666383,0.369956,2.460114,0.104772,10.636364,0.483471,0.884298,6.909091,2396.409091,9770.681818,601.150568,0.357639,3.909091,0.177686,0.377826,3.125850,0.105634,3.477175,0.067278,2175.481405,3.918026,0.027115,1.772679,0.013586,0.147628,0.415585,0.415585,32.442620,326.500000,13.482682,82.183766,0.251711,326.500000,1.646186,0.607465,0.247246,21.720040,0.415585,13.482682,32.442620,15.000000,33.000000,36.249138,36.249138,326.500000,13.482682,1.646186,0.607465,82.183766,0.251711,326.500000
"70884be3-73c5-4185-b463-f4dcff73d6a6","Detection","nuclei_endothelium",902.441895,362.931244,114.000000,147.000000,10031710.000000,1.319705,17.000000,3.263591,181.000000,130.057922,10.498873,129.000000,98.000000,83.000000,7.395603,130.727945,0.435358,13.218646,10031710.000000,0.449277,174.732591,7.605826,4.508178,0.455677,1.234326,0.272645,0.638156,0.272645,0.845234,0.198309,0.863678,0.863678,0.989514,0.954559,-0.275323,0.000000,0.272645,2.713928,0.274310,2.282369,0.426491,5.427856,2.009725,0.376743,4.067921,90.250426,0.153749,1.000000,3.637054,263.725724,0.374648,7.739353,45.170358,337.746167,7.206950,0.159220,0.045293,0.386996,0.008254,128.228395,0.395767,0.492713,8.157407,20.123457,149.734568,3.236466,0.160093,4.422454,48.716049,0.150358,0.551959,6.994018,0.320951,2.820272,0.053631,5.111111,0.283951,1.098765,10.777778,7889.166667,60690.166667,1169.232269,0.176219,3.666667,0.203704,0.400909,3.816148,0.101929,3.836592,0.030664,6825.682099,3.917614,0.015726,2.863955,0.009803,0.159941,0.447780,0.447780,41.595151,586.500000,18.625495,104.325902,0.177879,586.500000,1.476748,0.677164,0.310531,34.261941,0.447780,18.625495,41.595151,27.000000,36.000000,45.000000,45.000000,586.500000,18.625495,1.476748,0.677164,104.325902,0.177879,586.500000
"cd0fb569-f658-4a61-a600-bdadaac3964b","Detection","nuclei_lymphocyte",831.899414,367.014740,70.000000,111.000000,3796136.000000,1.433738,20.000000,2.746024,140.000000,89.393939,12.102715,89.000000,54.000000,86.000000,8.812019,90.646261,0.299479,15.015598,3796136.000000,0.433603,225.468188,4.413994,5.327345,0.133952,1.359204,0.286880,0.651439,0.282216,0.874752,0.207235,0.859670,0.859359,0.983207,0.943712,-0.281559,0.000000,0.278134,2.036152,0.275903,2.406476,0.478717,4.072303,2.104584,0.411521,4.090003,70.978355,0.153633,1.000000,4.248028,200.324675,0.431158,4.748918,44.523810,186.389610,15.954530,0.343329,0.055032,0.384324,0.017105,90.320313,0.352814,0.591660,5.707031,26.421875,113.906250,8.727756,0.317084,4.382146,46.320313,0.180939,0.554113,13.394287,0.388522,2.778201,0.099056,5.235294,0.307958,1.425606,7.529412,5029.764706,21234.235294,1376.014297,0.421569,5.352941,0.314879,0.561766,5.312502,0.173306,3.219528,0.036797,4291.204152,5.841940,0.021679,1.664219,0.019253,0.120164,0.477949,0.477949,35.422369,464.000000,16.930102,90.769553,0.195624,464.000000,1.413034,0.707697,0.302714,32.558752,0.477949,16.930102,35.422369,18.000000,34.000000,38.470768,38.470768,464.000000,16.930102,1.413034,0.707697,90.769553,0.195624,464.000000
"8adc471f-0761-4a13-aa7f-6df53fe0413c","Detection","nuclei_tumor",72.214981,371.259827,106.000000,151.000000,16180120.000000,1.685018,21.000000,3.430727,182.000000,128.695198,13.810858,129.000000,73.000000,109.000000,9.182161,129.959525,-0.070204,18.083805,16180120.000000,0.373390,327.024006,13.933425,15.879298,-0.457409,2.182227,0.300000,0.758282,0.294521,0.893396,0.213258,0.853653,0.853288,0.991914,0.958023,-0.364799,0.000000,0.289726,3.669178,0.219239,2.759385,0.394795,7.338356,2.443476,0.620557,4.420253,145.908142,0.152305,1.000000,3.686085,357.707724,0.616995,14.102296,44.603340,639.697286,3.795635,0.088494,0.043531,0.614392,0.004812,182.281192,0.339444,0.718371,13.864060,22.011173,320.469274,1.793017,0.093441,4.697578,87.994413,0.163863,0.560543,9.280762,0.357584,4.927128,0.034980,5.720000,0.228800,1.702400,15.840000,12679.520000,183411.120000,949.751056,0.128978,4.200000,0.168000,0.360438,5.617425,0.067110,4.103465,0.026096,11211.097600,3.126934,0.012083,3.836792,0.010352,0.177359,0.590206,0.590206,45.641901,959.000000,26.938107,125.396970,0.130758,959.000000,1.304805,0.766398,0.385313,52.750729,0.590206,26.938107,45.641901,45.000000,30.000000,54.083269,54.083269,959.000000,26.938107,1.304805,0.766398,125.396970,0.130758,959.000000
"b19d0cbd-e2c1-4d9c-8925-8db5af9b8135","Detection","nuclei_endothelium",919.626282,383.369781,94.000000,134.000000,6312528.000000,1.500373,25.000000,2.267010,148.000000,115.736501,13.047791,118.000000,77.000000,71.000000,9.943838,116.764591,-0.333306,15.460662,6312528.000000,0.369993,239.032080,4.985431,6.081640,-0.609156,1.733501,0.363054,0.653666,0.345571,0.980248,0.243634,0.830128,0.828963,0.964502,0.914481,-0.253383,0.000000,0.330274,2.154720,0.188653,2.636446,0.287879,4.309441,2.242747,0.524139,4.352379,66.308855,0.143216,1.000000,3.882754,171.306695,0.515895,5.218143,38.879050,208.289417,13.274718,0.341433,0.053935,0.308106,0.015793,120.592357,0.384052,0.482018,5.130573,13.949045,73.560510,4.955591,0.335368,4.104014,62.802548,0.200008,0.678186,5.252181,0.409278,2.090258,0.131207,7.500000,0.468750,0.500000,6.750000,2755.812500,13772.625000,824.456597,0.256944,2.625000,0.164063,0.326647,2.590815,0.046126,3.202820,0.034557,1918.433594,14.608497,0.019420,0.863244,0.053539,0.050403,0.414485,0.414485,37.892972,462.000000,15.706061,93.254834,0.201850,462.000000,1.497928,0.667589,0.289441,29.766122,0.414485,15.706061,37.892972,21.000000,35.000000,40.816663,40.816663,462.000000,15.706061,1.497928,0.667589,93.254834,0.201850,462.000000
"0be2528f-5b97-4305-9046-11a6c76680a4","Detection","nuclei_tumor",409.182983,384.212830,78.000000,145.000000,11711206.000000,2.109801,39.000000,2.286651,193.000000,112.401361,21.287982,113.000000,59.000000,134.000000,16.125706,115.230254,0.069715,25.376081,11711206.000000,0.256092,643.945486,9.852994,40.542779,0.107002,4.218037,0.404790,0.824873,0.385030,1.020448,0.256542,0.810778,0.809461,0.989140,0.945349,-0.383958,0.000000,0.367740,2.983234,0.120280,3.435104,0.197006,5.966467,2.990826,1.155707,4.897510,136.839002,0.155146,1.000000,3.395524,225.873016,1.129247,10.142857,36.256236,344.394558,7.423708,0.196581,0.056483,0.700654,0.008899,157.277070,0.250441,1.195147,10.985669,12.958599,120.675159,2.598263,0.182931,4.659518,136.414013,0.217220,0.712018,5.068583,0.410780,4.994149,0.064908,8.526316,0.224377,1.506925,14.315789,3052.947368,28137.894737,509.008077,0.144613,5.052632,0.132964,0.350921,5.758612,0.030198,4.606756,0.043084,2514.218837,3.941330,0.015365,4.340151,0.023099,0.190391,0.716907,0.716907,41.333106,888.000000,29.631981,129.053824,0.145331,888.000000,1.492516,0.670010,0.341729,41.492125,0.716907,29.631981,41.333106,44.000000,32.000000,54.405882,54.405882,888.000000,29.631981,1.492516,0.670010,129.053824,0.145331,888.000000
"62a4fa9f-a083-4c18-8cec-92a27d48932f","Detection","nuclei_tumor",527.790222,391.059570,97.000000,138.000000,9526430.000000,1.464446,22.000000,2.811410,154.000000,117.762963,12.640680,119.000000,73.000000,81.000000,9.064122,118.799115,-0.379188,15.656123,9526430.000000,0.401991,245.114184,10.802828,5.572788,-0.569871,1.492487,0.327180,0.640396,0.314611,0.935502,0.228200,0.844789,0.843951,0.987516,0.947864,-0.257741,0.000000,0.303614,3.242145,0.224666,2.540576,0.359780,6.484289,2.181603,0.454917,4.245599,102.360000,0.151644,1.000000,3.770351,271.343704,0.457868,11.109630,42.431111,471.189630,4.548302,0.110492,0.050627,0.607051,0.006619,151.294840,0.371732,0.545237,11.159705,17.597052,195.552826,1.856583,0.115839,4.348680,72.921376,0.179168,0.602963,6.594872,0.343688,3.972239,0.041788,9.333333,0.311111,1.098889,12.433333,4125.100000,40314.966667,442.581676,0.143352,4.533333,0.151111,0.357631,4.768644,0.063474,4.228073,0.044444,3618.850000,3.990514,0.014101,3.051455,0.013062,0.131253,0.584900,0.584900,38.878670,677.000000,22.740124,106.083261,0.156696,677.000000,1.322803,0.755970,0.349577,43.419931,0.584900,22.740124,38.878670,25.000000,38.000000,45.486262,45.486262,677.000000,22.740124,1.322803,0.755970,106.083261,0.156696,677.000000
"b1c341b7-835e-456e-8de3-8f59edd38bc9","Detection","nuclei_histiocyte",1015.902344,387.002380,83.000000,147.000000,4987729.000000,2.029134,31.000000,2.874363,175.000000,116.766382,18.926616,118.000000,54.000000,121.000000,13.261015,119.205932,-0.300140,23.993045,4987729.000000,0.284892,575.666220,10.990726,35.012460,-1.300668,3.463122,0.602782,0.703494,0.505410,1.218188,0.347343,0.763524,0.757032,0.984103,0.929537,-0.246700,0.000000,0.420209,3.205564,0.119388,3.568604,0.253478,6.411128,2.878869,1.016476,4.778018,49.541311,0.141143,1.000000,3.834725,99.997151,1.004667,11.259259,28.891738,318.193732,4.762297,0.162943,0.087869,1.119533,0.012108,82.376206,0.264875,1.080179,11.627010,8.334405,91.106109,1.276761,0.155135,4.143432,91.173633,0.293163,0.886040,3.239297,0.540653,6.563691,0.072212,8.028571,0.229388,1.529796,12.514286,456.542857,5245.371429,50.427532,0.169802,4.485714,0.128163,0.318669,4.933199,0.030893,4.378864,0.099715,355.970612,1.694027,0.031242,5.207240,0.024906,0.368672,0.604649,0.604649,27.531690,351.500000,16.647014,76.041631,0.216335,351.500000,1.309084,0.763893,0.299070,31.779625,0.604649,16.647014,27.531690,16.000000,26.000000,30.528675,30.528675,351.500000,16.647014,1.309084,0.763893,76.041631,0.216335,351.500000
"9d4bfaf6-481c-477d-bf0a-e71cc2669d5d","Detection","nuclei_tumor",45.950424,392.726715,95.000000,132.000000,14420105.000000,1.497818,19.000000,3.824000,161.000000,114.309326,11.957607,116.000000,66.000000,95.000000,7.974009,115.390481,-0.562934,15.758841,14420105.000000,0.441124,248.341067,9.825018,11.720059,-1.221766,1.666011,0.288262,0.704993,0.282478,0.878111,0.208469,0.859725,0.859340,0.988959,0.953058,-0.318651,0.000000,0.277416,3.079055,0.283488,2.501029,0.490962,6.158110,2.197386,0.488568,4.141406,168.359187,0.155456,1.000000,3.865488,477.736842,0.493832,10.084949,46.373961,451.370268,6.115428,0.137492,0.042607,0.500382,0.005693,194.215278,0.337179,0.709488,10.748264,25.274306,246.326389,3.155671,0.144138,4.700091,90.805556,0.157649,0.531856,11.133572,0.332714,4.018050,0.045398,12.028571,0.343673,1.333878,13.285714,12987.800000,119267.485714,1457.822532,0.158492,4.028571,0.115102,0.311863,4.546896,0.037004,4.300153,0.032318,12030.339592,5.538897,0.010025,2.565680,0.012693,0.089925,0.903710,0.903710,39.107907,1082.500000,35.342195,125.639610,0.116064,1082.500000,1.160420,0.861757,0.433674,66.823380,0.903710,35.342195,39.107907,40.000000,36.000000,53.814496,53.814496,1082.500000,35.342195,1.160420,0.861757,125.639610,0.116064,1082.500000
"5adaf19f-d7af-4046-976c-a8d0350a051d","Detection","nuclei_endothelium",944.061157,391.378052,101.000000,127.000000,6066772.000000,0.964037,13.000000,3.218934,149.000000,113.724731,8.286831,114.000000,84.000000,65.000000,5.658018,114.222684,0.251990,10.653967,6066772.000000,0.637581,113.507023,4.184438,1.680518,0.026529,0.584510,0.227089,0.440390,0.222478,0.778956,0.177593,0.889529,0.889222,0.977504,0.944611,-0.156522,0.000000,0.218444,2.023631,0.489156,1.714922,0.687608,4.047262,1.472466,0.202900,3.331684,84.526882,0.181778,1.000000,4.608228,296.475269,0.214758,4.415054,51.111828,211.313978,13.890442,0.294385,0.043157,0.261790,0.011842,85.027778,0.393647,0.462963,5.157407,37.250000,153.685185,9.818158,0.325874,4.245617,35.175926,0.162852,0.464516,18.712191,0.369942,2.443729,0.103963,10.300000,0.515000,0.827500,6.350000,6682.650000,26895.450000,1676.450000,0.384722,3.500000,0.175000,0.252283,2.115047,0.045309,3.308695,0.043011,6142.087500,6.534298,0.025821,0.607784,0.015309,0.053328,0.612555,0.612555,31.202944,466.000000,19.113517,85.597980,0.183687,466.000000,1.251213,0.799224,0.331983,39.159187,0.612555,19.113517,31.202944,22.000000,29.000000,36.400549,36.400549,466.000000,19.113517,1.251213,0.799224,85.597980,0.183687,466.000000
"9db5c4b6-4b5d-4b54-a9f1-4be4d062a1ec","Detection","nuclei_tumor",448.371735,397.430420,85.000000,147.000000,7459492.000000,1.932342,38.000000,2.198938,182.000000,114.672794,20.185567,111.000000,68.000000,114.000000,15.742751,117.099537,0.278482,23.716065,7459492.000000,0.284818,562.451760,10.264216,23.250494,1.441027,3.327122,0.316176,0.826434,0.311275,0.912434,0.219285,0.845180,0.844853,0.991475,0.955620,-0.418753,0.000000,0.306985,3.084069,0.159371,3.026938,0.225980,6.168137,2.696435,0.910825,4.701153,78.466912,0.144241,1.000000,4.058121,154.941176,0.928187,10.625000,42.297794,437.382353,6.035080,0.144747,0.050388,0.628823,0.007843,89.471299,0.270306,1.046486,11.205438,18.858006,194.586103,2.676942,0.146528,4.716968,62.027190,0.187393,0.608456,8.053577,0.399735,4.915141,0.054669,4.714286,0.224490,1.773243,14.190476,3074.095238,31418.666667,414.646111,0.178836,3.190476,0.151927,0.309807,5.258532,0.065243,4.201841,0.038603,2403.038549,2.318750,0.024137,4.198840,0.017339,0.314402,0.583859,0.583859,34.713067,542.500000,20.267527,93.840620,0.172978,542.500000,1.291731,0.774155,0.336696,40.279053,0.583859,20.267527,34.713067,21.000000,35.000000,40.816663,40.816663,542.500000,20.267527,1.291731,0.774155,93.840620,0.172978,542.500000
"a14b83b4-332d-4929-be65-25f5afbab663","Detection","nuclei_tumor",570.023987,399.349792,114.000000,141.000000,9788184.000000,1.108038,16.000000,2.553119,162.000000,127.701342,8.984618,127.000000,97.000000,65.000000,6.855044,128.152751,0.019628,10.746846,9788184.000000,0.491695,115.494696,6.813529,1.212476,-0.077384,0.806586,0.276814,0.488991,0.276814,0.851073,0.200188,0.861593,0.861593,0.983717,0.944637,-0.172997,0.000000,0.276814,2.584780,0.300114,1.982759,0.423676,5.169559,1.705946,0.270850,3.765414,95.583893,0.160376,1.000000,3.361887,293.050336,0.278397,6.998322,45.003356,316.105705,7.484340,0.170279,0.039287,0.295676,0.007786,146.049383,0.450770,0.351357,7.104938,23.098765,164.339506,3.792953,0.175069,4.211427,51.685185,0.159522,0.543624,9.563634,0.311775,2.384886,0.056305,4.466667,0.297778,0.862222,9.466667,8140.933333,54818.466667,1417.304630,0.191204,1.933333,0.128889,0.270212,2.394404,0.093604,3.589898,0.025168,6562.195556,6.544736,0.013141,1.855341,0.012671,0.075542,0.841435,0.841435,30.182608,597.500000,25.396688,95.154329,0.159254,597.500000,1.205895,0.829260,0.363179,46.864344,0.841435,25.396688,30.182608,30.000000,28.000000,41.036569,41.036569,597.500000,25.396688,1.205895,0.829260,95.154329,0.159254,597.500000
"a7346c04-61b5-4f57-8b54-a35d08e08dec","Detection","nuclei_tumor",130.116608,415.622650,76.000000,121.000000,7787807.000000,1.515047,28.000000,2.061305,144.000000,97.093516,14.592950,94.000000,67.000000,77.000000,11.790231,98.541781,0.364802,16.832458,7787807.000000,0.403968,283.331654,6.069147,6.595168,0.544922,1.608833,0.231478,0.748436,0.228844,0.785360,0.179109,0.886017,0.885841,0.986430,0.954319,-0.400082,0.000000,0.226539,2.392657,0.287938,2.361514,0.448798,4.785314,2.120627,0.460078,3.951590,143.558603,0.179001,1.000000,4.164644,323.982544,0.487528,6.411471,51.092269,298.172070,11.233254,0.231176,0.039738,0.331159,0.010277,111.389333,0.297038,0.822400,7.792000,32.421333,182.661333,7.156889,0.247556,4.784255,52.722667,0.140594,0.467581,14.125753,0.334791,3.373329,0.077867,9.750000,0.406250,1.493056,11.000000,9370.750000,49286.416667,2039.434606,0.279514,3.333333,0.138889,0.283414,2.758985,0.104600,3.688722,0.029925,8254.076389,7.048517,0.018153,1.177928,0.017585,0.080287,0.544505,0.544505,43.708708,799.000000,23.799631,117.396970,0.146930,799.000000,1.372642,0.728522,0.354394,44.624696,0.544505,23.799631,43.708708,33.000000,38.000000,50.328918,50.328918,799.000000,23.799631,1.372642,0.728522,117.396970,0.146930,799.000000
"1f864dc5-0542-4649-b5d4-c4cf9f94539f","Detection","nuclei_endothelium",914.274902,418.410858,90.000000,126.000000,8137021.000000,1.354702,17.000000,2.908032,143.000000,108.279649,10.865611,109.000000,70.000000,73.000000,7.536874,109.149655,-0.336649,13.753721,8137021.000000,0.473085,189.164842,8.399222,5.622090,-0.507142,1.311311,0.244358,0.685848,0.243580,0.804481,0.185027,0.878340,0.878288,0.985640,0.951310,-0.324621,0.000000,0.242899,2.851751,0.317995,2.276126,0.524125,5.703502,2.028328,0.388917,3.969293,114.648609,0.167860,1.000000,3.687637,323.117130,0.386440,8.546120,48.516837,409.901903,6.824081,0.150561,0.037732,0.350237,0.006298,121.997015,0.364170,0.573081,8.853731,28.991045,246.483582,3.957670,0.164677,4.701593,47.800000,0.142687,0.490483,12.364126,0.292457,2.827539,0.051159,6.523810,0.310658,1.092971,9.809524,8789.857143,77469.285714,1041.517857,0.214616,2.619048,0.124717,0.210722,2.433181,0.030779,3.975418,0.030747,7732.058957,5.248391,0.016731,1.428590,0.014709,0.090451,0.437710,0.437710,44.799051,681.500000,19.608997,111.154329,0.163102,681.500000,1.442703,0.693143,0.328096,38.247667,0.437710,19.608997,44.799051,25.000000,42.000000,48.877398,48.877398,681.500000,19.608997,1.442703,0.693143,111.154329,0.163102,681.500000
"ca298274-3926-4480-8463-2b63b42ef1df","Detection","nuclei_tumor",317.440826,423.687622,97.000000,134.000000,9643689.000000,1.372546,21.000000,2.702156,156.000000,114.696676,11.442826,114.000000,77.000000,79.000000,8.264230,115.572099,0.166152,14.197976,9643689.000000,0.453047,201.582510,4.723443,4.738866,0.162533,1.290335,0.295971,0.626843,0.294505,0.880936,0.209237,0.852991,0.852894,0.982616,0.941148,-0.258170,0.000000,0.293223,2.115385,0.272923,2.398470,0.471795,4.230769,2.096804,0.396577,4.091565,107.274238,0.148579,1.000000,3.634602,327.099723,0.394067,4.890582,43.839335,210.209141,12.756704,0.317684,0.041109,0.234099,0.013178,154.899038,0.372353,0.531706,5.098558,21.168269,98.990385,6.118623,0.348541,4.420580,72.346154,0.173909,0.576177,9.119360,0.349549,1.977900,0.121964,9.416667,0.392361,0.993056,6.833333,8604.000000,35465.708333,2243.337095,0.377894,2.666667,0.111111,0.181137,1.366513,0.043038,4.105389,0.033241,7698.993056,8.996657,0.013282,1.753421,0.018024,0.072197,0.655098,0.655098,37.632268,724.000000,24.652842,109.254834,0.150904,724.000000,1.311997,0.762197,0.357687,45.457707,0.655098,24.652842,37.632268,26.000000,37.000000,45.221676,45.221676,724.000000,24.652842,1.311997,0.762197,109.254834,0.150904,724.000000
"0414d89d-9f6b-4bff-97b9-aa296cd3aa4c","Detection","nuclei_tumor",654.576660,418.812378,57.000000,87.000000,2027676.000000,1.125977,14.000000,3.674070,115.000000,72.560000,9.287253,71.000000,50.000000,65.000000,6.461919,73.533231,0.664843,11.924026,2027676.000000,0.500288,142.182400,2.092029,2.238225,0.758174,0.909219,0.211594,0.622427,0.211594,0.744519,0.166822,0.894203,0.894203,0.978841,0.947101,-0.282403,0.000000,0.211594,1.384783,0.370346,1.827325,0.545652,2.769565,1.615731,0.280203,3.552149,70.354667,0.187612,1.000000,4.387726,187.608000,0.308224,2.336000,50.664000,93.290667,40.279926,0.701556,0.035565,0.129736,0.018154,77.198895,0.426513,0.398828,3.370166,35.558011,57.734807,30.271639,0.517956,4.148167,29.121547,0.160893,0.482667,18.388205,0.368808,1.727179,0.120146,3.222222,0.358025,0.543210,5.000000,6592.111111,9668.888889,5829.830247,0.370370,1.444444,0.160494,0.074361,0.465646,0.018549,3.169925,0.024000,4856.000000,13.659589,0.029330,0.714987,0.021827,0.098410,0.535782,0.535782,30.810380,374.000000,16.507660,82.426407,0.220391,374.000000,1.445610,0.691749,0.281966,28.248570,0.535782,16.507660,30.810380,27.000000,23.000000,35.468296,35.468296,374.000000,16.507660,1.445610,0.691749,82.426407,0.220391,374.000000
"bf8f33cf-2d20-43d3-bcaf-c0702113831d","Detection","nuclei_lymphocyte",1019.811890,423.459595,64.000000,113.000000,957896.000000,1.729047,19.000000,4.651624,154.000000,83.312977,14.680963,77.000000,56.000000,98.000000,9.385902,85.511305,1.323338,19.264762,957896.000000,0.346308,371.131053,3.456376,15.447365,2.574861,1.922016,0.606264,0.520414,0.463087,1.238795,0.391814,0.790641,0.782774,0.978048,0.926108,-0.161002,0.000000,0.353654,1.768456,0.191893,2.906777,0.288591,3.536913,2.281020,0.632070,4.142600,15.458015,0.118000,1.000000,5.896976,45.366412,0.791679,4.404580,31.977099,85.656489,19.835693,0.494302,0.141277,1.535738,0.027375,30.837838,0.277818,1.088061,6.324324,10.234234,36.234234,5.670736,0.374189,3.710401,38.747748,0.349079,0.847328,4.662933,0.609345,5.196433,0.150408,4.789474,0.252078,1.207756,10.526316,207.210526,530.684211,141.004576,0.181477,7.105263,0.373961,0.622376,8.911657,0.054891,2.860321,0.145038,159.673130,1.721163,0.077665,3.929071,0.029456,0.820673,0.343468,0.343468,22.533836,132.000000,7.739643,53.313708,0.403892,132.000000,1.713539,0.583588,0.191311,13.004197,0.343468,7.739643,22.533836,7.000000,22.000000,23.086793,23.086793,132.000000,7.739643,1.713539,0.583588,53.313708,0.403892,132.000000
"df1b07ac-1d3b-443d-8ea3-8ee0f91c7841","Detection","nuclei_lymphocyte",818.103394,431.310577,68.000000,138.000000,5767900.000000,2.164595,43.000000,2.320562,181.000000,105.814050,22.359880,109.000000,43.000000,138.000000,17.034464,109.165694,-0.201681,26.842796,5767900.000000,0.250026,720.535670,14.717991,46.300128,-2.411341,4.451320,0.463576,0.811359,0.422737,1.088799,0.284869,0.795438,0.792715,0.990821,0.947725,-0.354191,0.000000,0.387003,3.704194,0.114131,3.530923,0.216887,7.408389,3.004853,1.228724,4.916278,66.628099,0.137661,1.000000,4.009716,121.012397,1.262397,15.495868,33.987603,486.537190,3.727451,0.105481,0.074893,1.506960,0.007902,89.451613,0.240461,1.361429,16.849462,10.580645,152.612903,1.164236,0.101064,4.581318,88.618280,0.238221,0.768595,3.809458,0.473997,8.948794,0.043712,6.875000,0.214844,2.246094,21.937500,1320.750000,19010.937500,120.889157,0.122244,5.687500,0.177734,0.403520,10.037461,0.053576,4.363609,0.066116,1091.984375,1.405202,0.025281,6.821933,0.020821,0.443797,0.709526,0.709526,29.581305,483.500000,20.988702,85.355339,0.176536,483.500000,1.199099,0.833959,0.345920,42.516084,0.709526,20.988702,29.581305,21.000000,29.000000,35.805028,35.805028,483.500000,20.988702,1.199099,0.833959,85.355339,0.176536,483.500000
"ec624ec3-a681-46e7-a3ab-2d1bc3ddd8d3","Detection","nuclei_tumor",192.108521,460.029388,108.000000,145.000000,14400888.000000,1.351237,17.000000,2.915522,165.000000,125.760000,10.710844,125.000000,92.000000,73.000000,7.454494,126.495006,0.246229,13.616500,14400888.000000,0.436351,185.409067,6.729277,4.516251,0.330866,1.281526,0.283951,0.637234,0.283363,0.862936,0.203656,0.858417,0.858377,0.983307,0.943347,-0.270048,0.000000,0.282848,2.545561,0.256866,2.355865,0.349794,5.091123,2.069391,0.391369,4.114852,138.466667,0.153852,1.000000,3.734711,392.715556,0.385388,6.882222,44.951111,298.448889,8.456103,0.189823,0.041685,0.309181,0.008269,203.359281,0.405907,0.458580,7.243513,22.706587,147.776447,4.296047,0.192545,4.403305,82.824351,0.165318,0.556667,9.798272,0.335080,2.433784,0.069099,8.333333,0.308642,0.839506,8.555556,8053.037037,43944.000000,1694.237912,0.229938,2.925926,0.108368,0.252412,2.266283,0.044512,4.430632,0.030000,6941.925926,10.347538,0.009902,1.711844,0.017563,0.053242,0.371351,0.371351,55.902391,901.500000,20.759434,136.811183,0.151759,901.500000,1.652219,0.605247,0.317840,35.893767,0.371351,20.759434,55.902391,27.000000,53.000000,59.481089,59.481089,901.500000,20.759434,1.652219,0.605247,136.811183,0.151759,901.500000
"effb007e-4760-4b5e-b904-1aca9df240a7","Detection","nuclei_lymphocyte",933.668884,446.840057,55.000000,101.000000,1858290.000000,1.630648,25.000000,2.797100,130.000000,76.849498,14.377423,76.000000,43.000000,87.000000,10.717381,78.835377,0.410552,17.583268,1858290.000000,0.376495,309.171329,6.649682,7.886274,0.567368,1.575728,0.434031,0.568077,0.388535,1.070314,0.283071,0.813315,0.810282,0.983669,0.936327,-0.198788,0.000000,0.348726,2.522748,0.210042,2.762512,0.323021,5.045496,2.283000,0.502440,4.223801,38.130435,0.127527,1.000000,4.711983,112.571906,0.580038,7.367893,36.772575,232.913043,7.306684,0.201367,0.080580,1.002997,0.011524,66.947137,0.294921,0.873528,8.947137,11.709251,75.515419,2.330338,0.196405,4.014032,57.942731,0.255254,0.759197,4.769392,0.502915,5.718350,0.084133,7.727273,0.351240,1.247934,13.818182,921.863636,6093.045455,166.517538,0.168333,4.909091,0.223140,0.453698,7.822682,0.030642,3.356492,0.073579,737.150826,2.372897,0.032276,3.267005,0.019758,0.268616,0.962978,0.962978,19.999731,298.000000,19.259306,67.112698,0.225210,298.000000,1.202772,0.831413,0.305798,33.225444,0.962978,19.259306,19.999731,20.000000,20.000000,28.284271,28.284271,298.000000,19.259306,1.202772,0.831413,67.112698,0.225210,298.000000
"fef7a430-15f0-4503-94c6-a96fce352927","Detection","nuclei_histiocyte",1019.918823,448.444458,114.000000,146.000000,2052377.000000,1.144919,18.000000,2.137828,155.000000,131.888889,10.258310,134.000000,106.000000,49.000000,7.994792,132.445022,-0.271106,12.124551,2052377.000000,0.514062,147.004748,3.142132,1.564909,-0.303887,0.822155,0.238579,0.550163,0.238579,0.792669,0.181659,0.880711,0.880711,0.976142,0.940355,-0.230115,0.000000,0.238579,1.730964,0.358428,1.915700,0.543147,3.461929,1.677121,0.265183,3.747669,16.299145,0.139309,1.000000,4.949375,60.145299,0.288991,3.358974,42.504274,138.692308,18.647198,0.467236,0.072514,0.412017,0.021932,30.626667,0.408356,0.436622,3.773333,16.026667,55.920000,6.260741,0.469630,3.602369,15.026667,0.200356,0.641026,6.292267,0.414605,2.165987,0.128611,3.000000,0.375000,0.687500,5.750000,826.875000,2948.625000,298.104167,0.368056,2.500000,0.312500,0.521854,4.008031,0.082408,2.405639,0.068376,612.984375,2.790212,0.078232,0.777371,0.024422,0.205737,0.379198,0.379198,20.548881,117.000000,7.792089,50.970563,0.435646,117.000000,1.767027,0.565922,0.181398,11.691381,0.379198,7.792089,20.548881,8.000000,21.000000,22.472205,22.472205,117.000000,7.792089,1.767027,0.565922,50.970563,0.435646,117.000000
"2e4e9241-89f9-4330-bfa6-f0af78c1f719","Detection","nuclei_tumor",689.165283,458.071777,77.000000,133.000000,9466033.000000,1.787852,35.000000,1.967532,152.000000,103.785799,17.946663,102.000000,63.000000,89.000000,14.576116,105.841419,0.167911,20.758465,9466033.000000,0.319254,430.913881,7.642187,15.923163,0.973799,2.748863,0.306562,0.799332,0.302188,0.899965,0.215245,0.849635,0.849344,0.988244,0.949740,-0.393500,0.000000,0.298359,2.651719,0.186485,2.874084,0.336563,5.303437,2.555153,0.763856,4.445537,128.223669,0.151744,1.000000,3.656861,269.769231,0.753609,7.919527,43.369231,322.321893,9.028393,0.210719,0.043468,0.417398,0.008679,143.470833,0.298898,0.842899,8.566667,21.416667,153.983333,4.380846,0.219138,4.689465,79.004167,0.164592,0.568047,9.020399,0.342701,3.262026,0.074533,6.777778,0.251029,1.481481,10.481481,6324.555556,39216.592593,1264.517953,0.269681,2.407407,0.089163,0.261651,3.606724,0.031603,4.504706,0.031953,5345.097394,5.913847,0.015626,2.576317,0.019745,0.129089,0.535191,0.535191,46.321795,852.000000,24.790996,124.225397,0.145804,852.000000,1.441356,0.693791,0.347176,42.825297,0.535191,24.790996,46.321795,39.000000,35.000000,52.402290,52.402290,852.000000,24.790996,1.441356,0.693791,124.225397,0.145804,852.000000
"b656ed22-fcdd-444a-a5f4-df6f6acdd254","Detection","nuclei_tumor",574.525330,449.916260,49.000000,93.000000,2480394.000000,1.596897,27.000000,2.739061,123.000000,67.662083,14.557972,63.000000,46.000000,77.000000,11.314206,69.807397,0.754349,17.173098,2480394.000000,0.388130,294.915281,5.083598,7.920274,0.647747,1.655290,0.314815,0.680408,0.304233,0.918353,0.222257,0.849647,0.848942,0.981668,0.939506,-0.296783,0.000000,0.294974,2.179101,0.249119,2.589030,0.445503,4.358201,2.256096,0.492526,4.134524,74.717092,0.146792,1.000000,4.316974,197.557957,0.550700,5.628684,42.834971,207.691552,12.669586,0.298652,0.047823,0.414381,0.011252,90.140984,0.295544,0.824123,6.806557,22.203279,110.032787,6.075592,0.299499,4.437339,58.986885,0.193400,0.599214,11.063005,0.416433,3.635404,0.104204,5.571429,0.397959,1.168367,11.500000,6351.500000,28408.500000,1674.129960,0.220238,2.000000,0.142857,0.279643,4.326890,0.019733,3.324863,0.027505,5029.658163,6.427893,0.022356,1.489241,0.024904,0.107828,0.389482,0.389482,41.137074,509.500000,16.022132,101.012193,0.198257,509.500000,1.593652,0.627489,0.283145,28.485205,0.389482,16.022132,41.137074,40.000000,18.000000,43.863424,43.863424,509.500000,16.022132,1.593652,0.627489,101.012193,0.198257,509.500000
"9997e0b0-7001-4294-8bbc-bc5cba6a4b81","Detection","nuclei_tumor",168.733337,453.579010,112.000000,145.000000,9203834.000000,1.241684,17.000000,3.184009,163.000000,130.040816,10.162281,131.000000,92.000000,71.000000,7.412136,130.674247,-0.279828,12.850872,9203834.000000,0.500497,165.144902,7.628458,3.744712,-0.428251,1.052098,0.268775,0.593035,0.264822,0.847794,0.198644,0.868248,0.867984,0.984259,0.947167,-0.243194,0.000000,0.261364,2.726285,0.326950,2.175497,0.521739,5.452569,1.896854,0.330218,3.877889,84.064935,0.155965,1.000000,3.591919,269.768089,0.333153,7.710575,46.313544,370.920223,6.778873,0.166061,0.039622,0.270399,0.009639,113.555160,0.404111,0.469523,7.181495,25.807829,208.135231,3.717972,0.200474,4.404414,43.619217,0.155229,0.521336,11.090640,0.313737,1.993863,0.078579,4.200000,0.280000,1.040000,6.800000,8847.400000,73696.800000,1152.459722,0.334722,1.533333,0.102222,0.238079,1.277410,0.103692,3.906891,0.027829,7556.195556,4.545097,0.017968,1.532783,0.013738,0.097773,0.949014,0.949014,27.159712,540.000000,25.774945,90.769553,0.168092,540.000000,1.214162,0.823613,0.352297,44.098042,0.949014,25.774945,27.159712,27.000000,25.000000,36.796739,36.796739,540.000000,25.774945,1.214162,0.823613,90.769553,0.168092,540.000000
"f2bf9ae8-9e72-4ad4-9174-c19d67c51fd3","Detection","nuclei_tumor",278.803619,461.135101,104.000000,151.000000,9304983.000000,1.587027,24.000000,2.782209,165.000000,129.575368,14.275958,132.000000,75.000000,90.000000,10.296868,130.785122,-0.463636,17.747458,9304983.000000,0.390470,314.972261,7.756556,11.494539,-0.759371,1.999463,0.184562,0.830989,0.183572,0.691698,0.150863,0.908379,0.908313,0.989161,0.963318,-0.495683,0.000000,0.182707,2.702375,0.275897,2.399565,0.448788,5.404750,2.211352,0.546006,4.186561,106.507353,0.195786,1.000000,3.781885,212.415441,0.541617,7.963235,53.764706,423.386029,10.046122,0.191649,0.036618,0.321135,0.006473,79.355556,0.352691,0.635733,8.253333,37.511111,294.524444,6.600370,0.197315,4.926550,26.253333,0.116681,0.413603,14.128514,0.271335,2.520067,0.044907,4.142857,0.295918,0.836735,9.000000,7757.714286,62869.571429,1131.176091,0.200397,2.857143,0.204082,0.373130,3.996450,0.047230,3.521641,0.025735,6247.836735,3.614277,0.028923,1.024334,0.016252,0.150452,0.469475,0.469475,39.340311,544.000000,18.469286,109.740115,0.201728,544.000000,1.761660,0.567646,0.266978,25.325261,0.469475,18.469286,39.340311,20.000000,40.000000,44.721360,44.721360,544.000000,18.469286,1.761660,0.567646,109.740115,0.201728,544.000000
"a82e7f47-c62b-428c-9f54-b96d2ecd66b7","Detection","nuclei_apoptosis",420.766357,455.140198,44.000000,96.000000,539109.000000,1.734262,28.000000,2.646061,122.000000,68.065421,16.444755,65.000000,37.000000,85.000000,12.184172,70.981701,0.618866,20.137040,539109.000000,0.347017,405.500393,4.656757,10.965384,1.144070,1.935457,0.497297,0.591165,0.437838,1.129134,0.305595,0.790991,0.787027,0.971797,0.914414,-0.204212,0.000000,0.385811,2.072973,0.191048,2.921443,0.372973,4.145946,2.408563,0.608188,4.064603,14.065421,0.131453,1.000000,4.271639,37.130841,0.705389,5.570093,30.214953,115.065421,12.822754,0.343263,0.096881,0.953584,0.017737,28.632653,0.292170,0.840171,7.295918,7.285714,30.897959,2.921060,0.270692,3.546070,28.897959,0.294877,0.915888,2.517284,0.523451,5.002155,0.100208,3.909091,0.355372,0.809917,10.363636,325.000000,1325.818182,105.133207,0.186869,2.272727,0.206612,0.393879,4.926143,0.034365,3.095795,0.102804,230.380165,2.018643,0.088343,1.890574,0.043582,0.411856,0.868162,0.868162,12.632654,107.000000,10.967188,39.798990,0.371953,107.000000,1.178014,0.848886,0.240437,20.540158,0.868162,10.967188,12.632654,12.000000,12.000000,16.970563,16.970563,107.000000,10.967188,1.178014,0.848886,39.798990,0.371953,107.000000
"3e02038f-ad1d-471d-bf88-1cd4e19efc92","Detection","nuclei_histiocyte",953.972595,464.642761,70.000000,110.000000,2294220.000000,1.580108,22.000000,3.576840,150.000000,87.895470,13.068120,84.000000,54.000000,96.000000,9.275433,89.408042,0.720594,16.376330,2294220.000000,0.392563,268.184196,4.217888,6.784155,0.469380,1.520647,0.429115,0.559828,0.373930,1.063580,0.289292,0.821519,0.818554,0.984031,0.938941,-0.196650,0.000000,0.332382,1.986204,0.220968,2.714000,0.407231,3.972407,2.235811,0.487440,4.307068,39.257840,0.136787,1.000000,4.367104,112.665505,0.547415,4.773519,37.620209,149.261324,15.129761,0.375067,0.072238,0.634766,0.017001,67.726415,0.319464,0.761548,5.995283,12.613208,53.698113,4.692660,0.330369,4.035508,52.783019,0.248977,0.738676,5.282396,0.497468,3.937148,0.118527,6.000000,0.333333,1.163580,9.833333,1540.944444,6248.555556,440.870664,0.252222,3.444444,0.191358,0.418956,5.843208,0.035134,3.641604,0.062718,1286.719136,2.798012,0.033131,3.731614,0.018498,0.354600,0.624205,0.624205,24.404445,286.000000,15.233370,66.769553,0.233460,286.000000,1.240455,0.806156,0.295749,31.077712,0.624205,15.233370,24.404445,19.000000,22.000000,29.068884,29.068884,286.000000,15.233370,1.240455,0.806156,66.769553,0.233460,286.000000
"88e4631a-3ab0-4caa-af0d-fee49828a0e4","Detection","nuclei_tumor",474.275970,486.901520,92.000000,141.000000,15500903.000000,1.676465,20.000000,3.468674,161.000000,118.956075,13.856328,121.000000,64.000000,97.000000,8.809518,120.361228,-0.600643,18.337871,15500903.000000,0.371156,336.277510,11.222657,17.259047,-1.527192,2.216561,0.302667,0.759715,0.297773,0.895938,0.213998,0.851929,0.851603,0.988398,0.950488,-0.363309,0.000000,0.293492,3.277832,0.215204,2.760654,0.362124,6.555664,2.442131,0.629807,4.448660,160.319626,0.149831,1.000000,3.716726,397.136449,0.621128,11.449533,44.461682,498.668224,5.243238,0.125423,0.041565,0.519939,0.005415,197.158940,0.326422,0.801399,11.842715,22.768212,252.019868,2.592254,0.137413,4.744336,101.182119,0.167520,0.564486,10.215034,0.346608,4.246449,0.051942,12.166667,0.337963,1.298611,14.138889,8595.888889,85779.972222,928.622153,0.163110,3.111111,0.086420,0.194835,3.132060,0.018026,4.739098,0.033645,7712.478395,5.746908,0.010666,2.610515,0.016439,0.095537,0.618700,0.618700,47.443284,1069.500000,29.353160,131.982756,0.123406,1069.500000,1.296116,0.771536,0.397951,56.268116,0.618700,29.353160,47.443284,30.000000,46.000000,54.918121,54.918121,1069.500000,29.353160,1.296116,0.771536,131.982756,0.123406,1069.500000
"7ac03ce2-2626-481f-b4dd-186afeeb8dac","Detection","nuclei_lymphocyte",838.441040,483.063080,67.000000,114.000000,2888252.000000,1.705024,26.000000,2.838425,144.000000,90.187683,14.819842,89.000000,61.000000,83.000000,10.750040,92.032316,0.536209,18.333821,2888252.000000,0.343865,336.128998,4.538217,9.995719,0.714259,2.013732,0.406847,0.663843,0.357484,1.044652,0.279052,0.829485,0.826194,0.976939,0.930149,-0.270610,0.000000,0.314291,2.033838,0.188712,2.851527,0.343153,4.067675,2.392133,0.605145,4.447067,46.583578,0.136609,1.000000,5.174586,117.258065,0.658680,5.067449,40.161290,166.363636,17.602334,0.384022,0.059757,0.473803,0.015998,70.175966,0.301184,0.813130,6.527897,16.746781,69.639485,7.016989,0.306658,4.167455,59.626609,0.255908,0.683284,8.179226,0.506513,4.094882,0.117113,5.470588,0.321799,0.941176,9.941176,1935.352941,7673.882353,664.729984,0.214869,2.176471,0.128028,0.238181,3.054912,0.021079,3.572469,0.049853,1532.996540,5.206645,0.034837,1.575383,0.032601,0.163447,0.614395,0.614395,26.772513,343.500000,16.448886,75.840620,0.220788,343.500000,1.332500,0.750469,0.293426,30.591461,0.614395,16.448886,26.772513,22.000000,24.000000,32.557641,32.557641,343.500000,16.448886,1.332500,0.750469,75.840620,0.220788,343.500000
"c2117ac8-097c-4aa0-be0c-2c821a57f2e6","Detection","nuclei_histiocyte",1019.817871,482.829315,129.000000,189.000000,3848342.000000,1.762925,31.000000,2.165766,199.000000,160.986301,17.384875,162.000000,115.000000,84.000000,13.697393,162.353032,-0.266349,21.021837,3848342.000000,0.314787,441.917621,9.841683,14.495280,-1.871804,2.462801,0.430862,0.702203,0.390782,1.063713,0.278151,0.811289,0.808617,0.975362,0.923180,-0.272100,0.000000,0.355711,3.055110,0.162845,2.976701,0.258517,6.110220,2.494088,0.723416,4.284906,21.986301,0.150591,1.000000,4.306436,45.958904,0.752674,9.589041,32.410959,367.328767,3.960712,0.172660,0.070876,0.576710,0.015795,34.553571,0.308514,0.761400,8.080357,12.357143,136.857143,1.606027,0.218874,3.920569,30.071429,0.268495,0.767123,5.559949,0.517939,3.560378,0.133961,2.250000,0.281250,0.984375,7.875000,600.750000,6551.750000,75.960069,0.262153,1.250000,0.156250,0.258184,2.527990,0.042950,3.000000,0.054795,267.687500,1.532859,0.075593,1.767690,0.039073,0.391605,0.311719,0.311719,25.071015,145.500000,7.815109,59.556349,0.409322,145.500000,1.939918,0.515486,0.178606,11.334286,0.311719,7.815109,25.071015,8.000000,24.000000,25.298221,25.298221,145.500000,7.815109,1.939918,0.515486,59.556349,0.409322,145.500000
"1dfcf766-efa3-4780-9400-6c144c6605da","Detection","nuclei_lymphocyte",963.879883,488.267273,77.000000,122.000000,4239613.000000,1.588755,26.000000,2.743234,151.000000,97.612529,14.533094,95.000000,66.000000,85.000000,10.912997,99.180084,0.513370,17.563692,4239613.000000,0.386620,308.483277,6.012453,7.445818,0.517700,1.643524,0.378580,0.625558,0.352428,1.002399,0.254375,0.827989,0.826401,0.985668,0.941873,-0.237975,0.000000,0.331016,2.386675,0.222296,2.718974,0.388543,4.773350,2.296779,0.505526,4.250365,57.835267,0.134189,1.000000,4.691781,166.633411,0.538843,6.496520,39.723898,223.508121,9.397296,0.238073,0.058085,0.512362,0.014590,94.613333,0.315378,0.759822,7.800000,15.986667,89.673333,3.672443,0.231517,4.194854,75.766667,0.252556,0.696056,7.730622,0.505005,4.728741,0.096276,5.727273,0.260331,1.743802,9.181818,2635.136364,15975.727273,515.634394,0.357879,2.545455,0.115702,0.275920,2.941605,0.110139,4.186704,0.051044,2251.332645,3.177606,0.025534,2.933956,0.015656,0.227706,0.754883,0.754883,27.269212,431.500000,20.585067,81.840620,0.189665,431.500000,1.235228,0.809567,0.328816,38.415566,0.754883,20.585067,27.269212,22.000000,27.000000,34.828150,34.828150,431.500000,20.585067,1.235228,0.809567,81.840620,0.189665,431.500000
"96add987-8b45-45cf-aa2c-1ee1653686d5","Detection","nuclei_tumor",503.723267,502.170410,107.000000,136.000000,8262507.000000,1.134604,18.000000,2.474923,157.000000,121.343525,9.722789,121.000000,97.000000,60.000000,7.283446,121.904159,0.222627,11.677885,8262507.000000,0.493679,136.372998,5.866251,1.439563,0.243199,0.870944,0.231064,0.580649,0.230105,0.782318,0.178116,0.885107,0.885043,0.986425,0.954011,-0.248094,0.000000,0.229267,2.388782,0.332195,1.933962,0.477948,4.777565,1.699214,0.275502,3.710645,94.701439,0.170326,1.000000,3.642500,274.485612,0.286977,6.052158,49.618705,288.750000,9.945481,0.203899,0.047206,0.336691,0.013208,112.879699,0.424360,0.414509,6.515038,31.255639,182.759398,6.271825,0.217654,4.415105,38.834586,0.145995,0.478417,13.779467,0.306248,2.217451,0.080459,5.222222,0.290123,1.246914,7.777778,7857.222222,42087.833333,1668.873071,0.362654,6.444444,0.358025,0.609741,4.979954,0.232669,3.377444,0.032374,6903.098765,5.986175,0.017938,1.471439,0.010792,0.098634,0.613731,0.613731,34.278773,556.500000,21.037962,96.669048,0.173709,556.500000,1.336287,0.748342,0.330338,38.772195,0.613731,21.037962,34.278773,24.000000,33.000000,40.804412,40.804412,556.500000,21.037962,1.336287,0.748342,96.669048,0.173709,556.500000
"091eb017-8e7f-424c-8ed8-4637306b4afc","Detection","nuclei_stroma",793.134888,514.191833,94.000000,129.000000,5812271.000000,1.454292,22.000000,2.639853,156.000000,112.559735,11.336019,113.000000,82.000000,74.000000,8.639552,113.397560,0.259679,13.759099,5812271.000000,0.416732,189.312803,4.419927,5.745846,0.247962,1.471352,0.314181,0.648082,0.312958,0.902245,0.216238,0.843725,0.843643,0.981540,0.937449,-0.267340,0.000000,0.311889,2.032396,0.236985,2.520852,0.424205,4.064792,2.201853,0.446383,4.217711,66.061947,0.146155,1.000000,3.769422,188.362832,0.446726,4.500000,39.504425,179.340708,13.535875,0.377197,0.053734,0.278450,0.021079,103.982332,0.367429,0.543970,4.600707,19.533569,81.667845,7.334560,0.402631,4.229436,58.321555,0.206083,0.626106,9.329721,0.417618,1.968525,0.174926,5.875000,0.367188,0.964844,6.312500,4780.125000,19918.750000,1456.148003,0.403212,3.250000,0.203125,0.423848,3.100468,0.131102,3.149397,0.035398,3982.062500,6.580918,0.020106,1.932284,0.021925,0.116217,0.264849,0.264849,51.616814,453.500000,13.670687,117.012193,0.258020,453.500000,2.402565,0.416222,0.202142,14.518227,0.264849,13.670687,51.616814,16.000000,48.000000,50.596443,50.596443,453.500000,13.670687,2.402565,0.416222,117.012193,0.258020,453.500000
"7a625d0e-b385-4aca-87cd-be324d823837","Detection","nuclei_lymphocyte",846.453125,497.753357,78.000000,117.000000,1918112.000000,1.412682,19.000000,2.854642,139.000000,94.151659,12.042092,92.000000,64.000000,75.000000,8.387661,95.344524,0.468042,15.034738,1918112.000000,0.453382,226.043350,5.088274,5.431855,0.700708,1.214885,0.342556,0.560104,0.321476,0.960660,0.239209,0.842776,0.841370,0.980222,0.936408,-0.196560,0.000000,0.303030,2.206851,0.302700,2.414448,0.513834,4.413702,2.036166,0.389360,3.892135,29.701422,0.140765,1.000000,5.036095,95.663507,0.428921,5.625592,40.526066,189.843602,10.605845,0.260927,0.051794,0.380941,0.012671,49.638298,0.352045,0.618681,6.815603,17.404255,81.702128,4.426714,0.254088,3.975953,33.709220,0.239072,0.668246,8.446758,0.480134,3.833027,0.104166,4.166667,0.347222,1.076389,7.750000,1444.250000,6116.916667,358.120370,0.336806,2.000000,0.166667,0.049796,0.319493,0.027423,3.251629,0.056872,1135.076389,2.533198,0.048147,1.637275,0.020849,0.224575,0.762405,0.762405,18.940765,211.500000,14.440541,58.041631,0.274429,211.500000,1.267532,0.788935,0.269852,25.873448,0.762405,14.440541,18.940765,16.000000,18.000000,24.083189,24.083189,211.500000,14.440541,1.267532,0.788935,58.041631,0.274429,211.500000
"20086619-8848-4c0c-9b58-6698c5d51ab6","Detection","nuclei_histiocyte",1008.476624,506.647766,116.000000,155.000000,9021002.000000,1.470628,23.000000,2.442233,167.000000,135.301848,12.099608,135.000000,93.000000,74.000000,9.136674,136.101499,-0.203474,14.731870,9021002.000000,0.406659,217.027984,8.948619,5.882090,-0.079562,1.543940,0.260221,0.711532,0.260221,0.827080,0.192506,0.869890,0.869890,0.984693,0.947956,-0.338880,0.000000,0.260221,2.937293,0.252162,2.424905,0.434807,5.874586,2.164684,0.451040,4.146114,78.897331,0.162007,1.000000,3.535420,198.043121,0.457960,9.080082,45.772074,412.533881,6.215149,0.141142,0.042947,0.425015,0.006701,93.761538,0.360621,0.564438,9.153846,22.961538,203.292308,3.119498,0.153312,4.568283,38.961538,0.149852,0.533881,8.927870,0.315131,2.855752,0.057023,5.428571,0.387755,1.142857,10.142857,5962.642857,52895.857143,718.525794,0.199901,2.428571,0.173469,0.385587,4.954308,0.048665,3.235926,0.028747,4752.596939,4.013079,0.023628,1.554217,0.018354,0.129681,0.478789,0.478789,36.378270,485.000000,17.417529,94.426407,0.194694,485.000000,1.462970,0.683541,0.298213,31.597699,0.478789,17.417529,36.378270,20.000000,36.000000,41.182521,41.182521,485.000000,17.417529,1.462970,0.683541,94.426407,0.194694,485.000000
"042c3e86-f341-45b1-a59b-04bf8344c478","Detection","nuclei_histiocyte",888.948120,511.580719,85.000000,117.000000,3278447.000000,1.372117,15.000000,3.726898,152.000000,100.886435,9.807362,99.000000,69.000000,83.000000,6.547745,101.696136,0.509513,12.807469,3278447.000000,0.435202,164.031267,6.318143,3.658603,0.510965,1.105938,0.345658,0.523755,0.337059,0.950858,0.232049,0.832903,0.832330,0.986774,0.944028,-0.174985,0.000000,0.329536,2.475494,0.254882,2.365612,0.386071,4.950989,2.002084,0.362899,3.958728,45.113565,0.142314,1.000000,3.948154,137.958991,0.406632,6.823344,38.709779,231.839117,7.689773,0.191087,0.063697,0.673712,0.011467,78.711628,0.366101,0.583321,8.088372,13.879070,82.576744,2.811289,0.181283,3.967749,43.130233,0.200606,0.678233,5.183429,0.404551,4.123511,0.069660,5.000000,0.312500,1.187500,11.750000,1936.687500,9753.562500,429.860573,0.205191,3.750000,0.234375,0.461967,6.838250,0.090554,3.149397,0.050473,1544.152344,2.670611,0.026472,3.306810,0.012524,0.268813,0.575394,0.575394,26.765225,318.000000,15.400558,71.941125,0.226230,318.000000,1.295142,0.772116,0.294026,30.716726,0.575394,15.400558,26.765225,17.000000,26.000000,31.064449,31.064449,318.000000,15.400558,1.295142,0.772116,71.941125,0.226230,318.000000
"6fd9d8c1-b63c-4c06-ab28-1754c72c2feb","Detection","nuclei_tumor",661.690613,514.189148,99.000000,132.000000,10979219.000000,1.242634,17.000000,2.819868,152.000000,115.222766,10.203212,115.000000,82.000000,70.000000,7.232305,115.924357,0.198768,12.734626,10979219.000000,0.508717,162.170693,4.669565,3.520491,0.166706,1.057711,0.263768,0.600799,0.263124,0.834525,0.194534,0.868545,0.868502,0.984496,0.947397,-0.252140,0.000000,0.262560,2.114493,0.331543,2.184302,0.540419,4.228986,1.918214,0.330370,3.904811,129.553244,0.158572,1.000000,4.134040,415.621787,0.327032,4.800490,47.739290,224.323133,13.070541,0.300923,0.043373,0.272578,0.013257,160.435407,0.383817,0.506610,5.050239,29.861244,136.148325,8.040105,0.344132,4.506829,67.875598,0.162382,0.511628,14.580252,0.362261,1.987994,0.136362,9.571429,0.341837,1.086735,6.642857,10992.607143,47320.285714,2695.711062,0.406498,3.500000,0.125000,0.309892,3.346359,0.049914,3.967720,0.034272,10141.218112,8.944219,0.012364,1.605884,0.013455,0.068435,0.718656,0.718656,38.144885,815.000000,27.413032,111.740115,0.137104,815.000000,1.219132,0.820256,0.389286,53.844363,0.718656,27.413032,38.144885,38.000000,29.000000,47.801674,47.801674,815.000000,27.413032,1.219132,0.820256,111.740115,0.137104,815.000000
"fce21127-ffb5-4584-b106-e1cdda1e7f9c","Detection","nuclei_histiocyte",851.259338,522.347900,96.000000,128.000000,8748776.000000,1.250321,17.000000,3.398090,151.000000,112.072780,10.390576,113.000000,68.000000,83.000000,7.267777,112.848367,-0.155390,13.207798,8748776.000000,0.524820,174.445940,9.163052,4.899519,-0.289128,1.107323,0.232378,0.653090,0.232378,0.782134,0.178378,0.883811,0.883811,0.991062,0.961270,-0.301628,0.000000,0.232378,2.990705,0.368437,2.129399,0.582881,5.981410,1.897021,0.334925,3.861799,115.372635,0.167937,1.000000,4.022798,360.551674,0.333280,9.377001,49.855895,457.021834,6.153230,0.129172,0.041296,0.452787,0.005289,124.575758,0.377502,0.542479,9.872727,30.927273,281.781818,3.742919,0.138121,4.665579,46.975758,0.142351,0.480349,13.591405,0.332361,3.573967,0.045542,9.916667,0.413194,1.055556,12.166667,9630.541667,86314.750000,1092.762373,0.151551,3.000000,0.125000,0.310756,4.478174,0.032600,4.001629,0.034934,8811.151042,3.045020,0.017212,2.270666,0.007195,0.157334,0.511026,0.511026,42.023845,687.000000,21.475271,115.396970,0.167972,687.000000,1.542489,0.648303,0.312673,34.736226,0.511026,21.475271,42.023845,29.000000,40.000000,49.406477,49.406477,687.000000,21.475271,1.542489,0.648303,115.396970,0.167972,687.000000
"0dbe4b7f-4282-4c8f-a06a-8dfa3a0e5321","Detection","nuclei_apoptosis",53.503769,513.941162,67.000000,105.000000,815163.000000,1.603752,14.000000,5.843156,150.000000,84.798165,12.250989,81.000000,63.000000,87.000000,7.750123,86.478666,1.571118,16.965578,815163.000000,0.396684,287.830822,3.674603,10.009350,1.521814,1.575495,0.457672,0.549794,0.410053,1.091313,0.289529,0.802910,0.799735,0.982776,0.932792,-0.191449,0.000000,0.368386,1.842593,0.221522,2.656912,0.386243,3.685185,2.217426,0.508292,4.127810,14.137615,0.129703,1.000000,4.961535,43.238532,0.630923,4.449541,32.596330,104.614679,15.999475,0.429776,0.089377,0.841969,0.022451,27.311111,0.303457,0.918025,5.955556,9.577778,34.911111,4.261537,0.363466,3.782131,26.866667,0.298519,0.825688,3.710617,0.554416,4.391419,0.142275,2.600000,0.260000,1.490000,9.900000,432.300000,1579.300000,155.755389,0.285944,1.800000,0.180000,0.335438,5.363299,0.028460,3.321928,0.091743,313.490000,1.430748,0.074398,4.198700,0.023798,0.905955,0.843644,0.843644,12.913832,110.500000,10.894680,40.384776,0.365473,110.500000,1.174528,0.851406,0.242919,20.966401,0.843644,10.894680,12.913832,11.000000,13.000000,17.029386,17.029386,110.500000,10.894680,1.174528,0.851406,40.384776,0.365473,110.500000
"9d66c16f-d78f-4ea1-8822-98307f0e22ae","Detection","nuclei_tumor",6.217305,525.825745,85.000000,124.000000,4643912.000000,1.417895,16.000000,3.204384,146.000000,104.190476,10.748299,104.000000,69.000000,77.000000,7.119353,105.151954,0.183004,14.187248,4643912.000000,0.433413,201.278005,7.693904,5.753868,-0.218127,1.385221,0.206874,0.740123,0.206874,0.735465,0.164077,0.896563,0.896563,0.987831,0.958625,-0.392468,0.000000,0.206874,2.720169,0.306771,2.219335,0.480545,5.440337,2.012461,0.398024,3.997312,77.585714,0.184728,1.000000,3.997528,182.033333,0.419365,7.890476,50.561905,393.771429,8.126174,0.168171,0.040349,0.354166,0.006741,70.786802,0.359324,0.572187,8.253807,34.142132,263.258883,5.387338,0.176572,4.561339,30.604061,0.155351,0.469048,15.960782,0.301885,2.797706,0.047343,3.909091,0.355372,1.173554,9.636364,6776.909091,53848.727273,967.587753,0.220328,2.272727,0.206612,0.391049,3.932366,0.061758,3.095795,0.026190,5319.057851,3.124949,0.030108,1.262415,0.014329,0.160155,0.441337,0.441337,36.581951,418.000000,16.144955,94.769553,0.226721,418.000000,1.709824,0.584855,0.255622,23.216591,0.441337,16.144955,36.581951,16.000000,39.000000,42.154478,42.154478,418.000000,16.144955,1.709824,0.584855,94.769553,0.226721,418.000000
"f7aecc99-67d4-4e66-a240-7aec10be6f52","Detection","nuclei_lymphocyte",871.591309,531.881165,53.000000,104.000000,2618468.000000,1.800202,25.000000,3.625134,150.000000,79.989583,15.718533,79.000000,42.000000,108.000000,10.565027,82.576795,0.706888,20.508380,2618468.000000,0.348036,420.593641,7.556962,16.174658,0.963406,2.133886,0.500703,0.619900,0.419128,1.143697,0.325035,0.803504,0.798594,0.986838,0.941556,-0.225540,0.000000,0.352731,2.673699,0.188064,3.017602,0.331224,5.347398,2.495057,0.658647,4.451501,54.088542,0.140856,1.000000,4.424452,133.645833,0.773410,8.307292,35.656250,259.406250,6.852630,0.195275,0.084915,1.086990,0.014411,80.027027,0.270362,1.149459,9.847973,10.804054,81.486486,2.024093,0.190082,4.311800,70.804054,0.239203,0.770833,4.072133,0.470138,5.942513,0.076440,7.000000,0.218750,1.808594,14.500000,1179.750000,9459.875000,170.000694,0.180573,7.500000,0.234375,0.473410,7.308335,0.075003,4.116729,0.083333,1035.750000,2.113730,0.026405,5.170464,0.018044,0.380448,0.648339,0.648339,27.829857,387.000000,18.043169,78.769553,0.203539,387.000000,1.275839,0.783798,0.312319,34.657654,0.648339,18.043169,27.829857,21.000000,26.000000,33.421550,33.421550,387.000000,18.043169,1.275839,0.783798,78.769553,0.203539,387.000000
"d404913e-feeb-4524-b249-1c159e0129bf","Detection","nuclei_histiocyte",994.721802,532.548584,110.000000,152.000000,6584347.000000,1.544809,22.000000,2.945752,175.000000,130.949735,13.097884,131.000000,92.000000,83.000000,9.185065,131.980708,0.205646,16.464331,6584347.000000,0.398519,271.074193,7.972818,8.184966,0.071765,1.710257,0.289700,0.710294,0.289700,0.868333,0.205774,0.855150,0.855150,0.988858,0.951717,-0.325945,0.000000,0.289700,2.760014,0.232253,2.588336,0.396280,5.520029,2.298637,0.499989,4.197160,59.798942,0.158198,1.000000,3.242378,150.640212,0.498922,8.010582,42.354497,344.793651,6.655345,0.175958,0.040976,0.371912,0.008508,79.307692,0.358858,0.620258,7.868778,18.162896,145.384615,2.941538,0.199928,4.494231,36.819005,0.166602,0.584656,6.460924,0.328318,2.473267,0.080764,1.888889,0.209877,1.728395,9.444444,5396.000000,45814.888889,710.456605,0.320802,1.222222,0.135802,0.257654,4.814312,0.022025,3.169925,0.023810,3632.000000,2.340885,0.028369,2.728575,0.013146,0.257657,0.583012,0.583012,29.054352,381.000000,16.939033,79.112698,0.207645,381.000000,1.307247,0.764967,0.305479,33.156122,0.583012,16.939033,29.054352,17.000000,29.000000,33.615473,33.615473,381.000000,16.939033,1.307247,0.764967,79.112698,0.207645,381.000000
"386f9fdd-413f-4488-8848-f65a71ad79ed","Detection","nuclei_tumor",50.411102,536.411133,86.000000,119.000000,8463902.000000,1.224984,19.000000,2.450874,137.000000,102.621212,10.175008,103.000000,74.000000,63.000000,7.571877,103.376714,0.088082,12.475246,8463902.000000,0.469088,155.631772,7.118412,2.689063,0.074052,1.104693,0.177785,0.722747,0.177785,0.675208,0.146178,0.911107,0.911107,0.989542,0.964443,-0.394232,0.000000,0.177785,2.624249,0.339696,1.953622,0.465310,5.248499,1.775837,0.320619,3.614804,170.565657,0.215361,1.000000,3.393933,371.517677,0.324144,7.287879,55.590909,390.714646,9.371879,0.167456,0.032839,0.235938,0.008419,123.457516,0.403456,0.465644,7.911765,46.928105,307.405229,8.507035,0.171092,4.699338,33.117647,0.108228,0.386364,20.132257,0.247154,2.062475,0.054580,5.117647,0.301038,1.190311,7.588235,16329.647059,122505.176471,2496.998366,0.310866,3.117647,0.183391,0.379749,2.105330,0.206282,3.690117,0.021465,14159.183391,5.157897,0.017245,1.133863,0.009396,0.092539,0.726403,0.726403,38.393044,786.500000,27.888828,119.296465,0.151680,786.500000,1.439947,0.694470,0.340551,41.206631,0.726403,27.888828,38.393044,35.000000,37.000000,50.931326,50.931326,786.500000,27.888828,1.439947,0.694470,119.296465,0.151680,786.500000
"1dbe9046-2edd-4753-81bd-95197e071639","Detection","nuclei_tumor",121.995079,534.406738,59.000000,99.000000,2312172.000000,1.394119,21.000000,3.230711,136.000000,77.412399,12.472592,75.000000,46.000000,90.000000,9.234786,78.944725,0.662110,15.478696,2312172.000000,0.421495,239.590035,6.684134,4.733378,0.989927,1.296428,0.263464,0.662202,0.250364,0.844827,0.200782,0.877001,0.876128,0.989971,0.958585,-0.301742,0.000000,0.238901,2.534934,0.296037,2.215741,0.437409,5.069869,1.928728,0.389973,3.805887,65.231806,0.175827,1.000000,5.258651,156.374663,0.444083,7.223720,48.832884,294.592992,9.568117,0.176447,0.051585,0.547978,0.008639,69.592965,0.349713,0.612964,9.673367,29.105528,161.457286,6.107030,0.141787,4.171369,40.035176,0.201182,0.536388,15.202747,0.446746,5.350391,0.054836,8.000000,0.500000,0.996094,13.687500,3530.437500,21938.375000,666.937517,0.146163,4.375000,0.273438,0.366557,4.880501,0.084082,2.977217,0.043127,2992.777344,2.136717,0.033649,2.412434,0.010193,0.305445,0.742156,0.742156,25.674077,372.500000,19.054165,76.183766,0.204520,372.500000,1.239906,0.806513,0.316051,35.490949,0.742156,19.054165,25.674077,20.000000,26.000000,32.802439,32.802439,372.500000,19.054165,1.239906,0.806513,76.183766,0.204520,372.500000
"4988fdb2-c555-4584-bd19-a8224aa784f1","Detection","nuclei_histiocyte",1019.689880,540.408081,82.000000,137.000000,2155808.000000,1.613286,27.000000,3.104731,167.000000,103.533679,17.208032,96.000000,72.000000,95.000000,12.106049,105.688172,0.993946,21.231274,2155808.000000,0.400306,450.767000,7.039039,19.449692,4.235348,2.301644,0.453453,0.670826,0.375375,1.095479,0.312547,0.825325,0.820120,0.983181,0.939296,-0.278032,0.000000,0.307057,2.564565,0.290396,2.582243,0.506006,5.129129,2.156853,0.688774,3.635809,27.601036,0.143011,1.000000,5.569975,77.259067,0.834761,7.927461,36.709845,188.766839,8.269243,0.184194,0.079360,1.017853,0.012990,38.645390,0.274081,1.006187,10.921986,19.134752,109.588652,4.232711,0.143674,3.656126,45.042553,0.319451,0.730570,11.640360,0.581960,8.030431,0.066793,4.571429,0.326531,1.204082,15.000000,1026.071429,5135.142857,231.182222,0.144980,2.428571,0.173469,0.362000,5.031784,0.091035,3.521641,0.072539,836.025510,1.384964,0.066868,2.851611,0.024434,0.521880,0.245455,0.245455,32.384500,194.000000,7.948925,72.142136,0.371867,194.000000,2.134845,0.468418,0.178625,11.336757,0.245455,7.948925,32.384500,8.000000,31.000000,32.015621,32.015621,194.000000,7.948925,2.134845,0.468418,72.142136,0.371867,194.000000
"e57fb71b-7e5e-44f1-bb6f-2c86af8b35f3","Detection","nuclei_tumor",398.411285,538.154541,100.000000,131.000000,3355291.000000,1.207953,16.000000,2.304205,141.000000,115.522088,9.468492,115.000000,91.000000,50.000000,7.223319,116.082144,-0.011752,11.389089,3355291.000000,0.507653,129.711359,4.736494,2.442401,0.020292,0.910578,0.349504,0.445268,0.349504,0.933624,0.227351,0.825248,0.825248,0.965050,0.912624,-0.136322,0.000000,0.349504,2.143881,0.290076,2.255861,0.489526,4.287762,1.906357,0.315020,3.889700,35.931727,0.144304,1.000000,3.638683,126.405622,0.314059,4.947791,36.574297,172.273092,9.463521,0.285252,0.057191,0.277800,0.023688,73.644444,0.409136,0.435062,5.177778,12.644444,58.588889,3.331173,0.313580,3.854256,40.266667,0.223704,0.722892,4.990000,0.440100,2.368506,0.148554,5.933333,0.395556,0.862222,5.133333,1741.533333,7242.800000,435.475926,0.485185,1.666667,0.111111,0.254733,0.989489,0.172526,3.773557,0.060241,1465.973333,6.395573,0.031705,0.933855,0.033129,0.076449,0.777269,0.777269,20.363542,248.000000,15.827957,61.112698,0.246422,248.000000,1.198399,0.834447,0.292873,30.476238,0.777269,15.827957,20.363542,18.000000,19.000000,26.172505,26.172505,248.000000,15.827957,1.198399,0.834447,61.112698,0.246422,248.000000
"94c77ad1-f8cf-4dfc-b994-6c393db56abe","Detection","nuclei_stroma",732.772217,556.097229,70.000000,113.000000,1968107.000000,1.591826,21.000000,4.192656,158.000000,89.096639,13.955653,86.000000,57.000000,101.000000,9.250611,90.936006,0.923617,18.197421,1968107.000000,0.413283,331.146123,4.405213,9.996875,1.039098,1.569432,0.377962,0.611828,0.335308,1.010162,0.265531,0.839455,0.836611,0.985802,0.945131,-0.264444,0.000000,0.297986,2.026659,0.284250,2.532789,0.495261,4.053318,2.152014,0.486849,3.860673,34.260504,0.143952,1.000000,6.292847,98.361345,0.589153,5.109244,40.697479,148.252101,16.033716,0.343298,0.093743,1.097943,0.015304,48.447853,0.297226,0.883887,7.460123,17.472393,71.079755,6.038984,0.262740,3.900076,46.938650,0.287967,0.684874,8.944559,0.552119,5.549637,0.086914,5.888889,0.327160,1.246914,13.111111,1230.888889,5104.444444,347.465864,0.185386,7.222222,0.401235,0.641660,10.751579,0.042165,2.725481,0.075630,1056.061728,2.060626,0.045472,2.976880,0.017770,0.467069,0.312350,0.312350,31.745568,240.000000,9.915714,74.769553,0.311540,240.000000,1.853653,0.539475,0.209435,15.584774,0.312350,9.915714,31.745568,16.000000,29.000000,33.120990,33.120990,240.000000,9.915714,1.853653,0.539475,74.769553,0.311540,240.000000
"9073505c-0baf-4ec4-a576-508aae566cb1","Detection","nuclei_lymphocyte",818.892029,550.833679,71.000000,122.000000,2212537.000000,1.671939,26.000000,2.466842,137.000000,92.469880,15.114724,90.000000,59.000000,78.000000,11.624376,94.263942,0.581146,18.303337,2212537.000000,0.365817,335.012145,5.055066,11.209736,1.247380,1.938234,0.337004,0.703763,0.330396,0.938574,0.227843,0.835903,0.835463,0.980293,0.934141,-0.298841,0.000000,0.324615,2.157489,0.217296,2.737175,0.407489,4.314978,2.382628,0.568810,4.404994,35.867470,0.144046,1.000000,3.963355,91.088353,0.625377,5.522088,38.863454,191.506024,12.333222,0.326863,0.061227,0.494186,0.016094,51.520231,0.297805,0.818003,6.190751,13.132948,65.988439,4.000241,0.335340,4.254794,36.052023,0.208393,0.694779,4.846537,0.413984,2.983760,0.132123,4.384615,0.337278,0.994083,9.538462,1528.846154,6538.538462,436.268162,0.243590,2.692308,0.207101,0.398914,4.672899,0.038639,3.180833,0.052209,1161.976331,3.888509,0.041101,1.690872,0.031845,0.205881,0.802259,0.802259,19.952725,248.500000,16.007250,60.870058,0.244950,248.500000,1.186509,0.842808,0.295220,30.966635,0.802259,16.007250,19.952725,18.000000,18.000000,25.455844,25.455844,248.500000,16.007250,1.186509,0.842808,60.870058,0.244950,248.500000
"3f3c2529-bcbe-4900-84c5-4d6b66db6cfd","Detection","nuclei_apoptosis",283.702332,548.841370,43.000000,93.000000,421269.000000,1.819690,28.000000,3.104215,125.000000,63.755319,16.628565,59.000000,39.000000,86.000000,12.269185,66.944642,0.979661,20.416767,421269.000000,0.319828,416.844387,3.811146,14.125855,2.239794,2.124529,0.659443,0.526258,0.529412,1.262863,0.379166,0.755418,0.748297,0.975880,0.914750,-0.167648,0.000000,0.430255,1.856037,0.161230,3.042399,0.250774,3.712074,2.427216,0.695993,3.945420,12.787234,0.136034,1.000000,4.507469,30.063830,0.850611,4.936170,26.021277,69.404255,16.890644,0.450041,0.120338,1.278326,0.023469,27.333333,0.284722,0.951389,6.791667,6.062500,19.770833,3.682980,0.314997,3.512535,35.916667,0.374132,1.021277,2.227431,0.630983,5.443359,0.132500,4.230769,0.325444,0.946746,11.384615,198.615385,624.923077,100.657991,0.169744,3.461538,0.266272,0.414097,6.302868,0.031275,3.026987,0.138298,146.331361,1.330576,0.099783,4.133075,0.035947,0.958719,0.845997,0.845997,11.947137,93.500000,10.107241,36.384776,0.389142,93.500000,1.126725,0.887528,0.240357,20.526574,0.845997,10.107241,11.947137,12.000000,10.000000,15.620499,15.620499,93.500000,10.107241,1.126725,0.887528,36.384776,0.389142,93.500000
"eb217e3a-166e-4a59-916a-818b283a9719","Detection","nuclei_lymphocyte",803.556335,555.276062,67.000000,105.000000,2733280.000000,1.545511,20.000000,4.398323,149.000000,85.766017,12.382927,84.000000,59.000000,90.000000,8.728403,87.255907,1.059479,16.055644,2733280.000000,0.404210,257.783692,3.831444,7.737737,0.871740,1.517987,0.383976,0.596232,0.352230,1.011959,0.259910,0.828987,0.827060,0.978021,0.930591,-0.221090,0.000000,0.326237,1.883598,0.240631,2.597355,0.422525,3.767196,2.189198,0.475491,4.198470,47.289694,0.131726,1.000000,4.847681,145.111421,0.545945,4.337047,39.490251,134.771588,18.333275,0.422334,0.075188,0.615936,0.019359,76.491935,0.308435,0.791298,5.709677,15.096774,54.467742,6.647961,0.363295,4.146938,57.282258,0.230977,0.690808,6.714815,0.472661,3.597684,0.131672,9.923077,0.381657,1.001479,8.884615,1814.346154,6628.730769,633.224626,0.276175,5.384615,0.207101,0.447266,4.997897,0.056694,3.488525,0.072423,1623.693787,5.809271,0.027963,1.803079,0.028137,0.151454,0.589479,0.589479,28.307146,358.000000,16.686476,77.597980,0.216754,358.000000,1.338468,0.747123,0.295483,31.021814,0.589479,16.686476,28.307146,21.000000,26.000000,33.421550,33.421550,358.000000,16.686476,1.338468,0.747123,77.597980,0.216754,358.000000
"61f4d5f4-5108-4061-9729-47276c9f2902","Detection","nuclei_histiocyte",1005.785583,551.762146,81.000000,112.000000,1749579.000000,1.091040,19.000000,2.233558,124.000000,96.524324,9.938232,96.000000,73.000000,51.000000,7.776229,97.248053,0.095324,11.842238,1749579.000000,0.492593,140.238598,5.760181,1.161902,0.126427,0.781957,0.300151,0.445248,0.297134,0.889534,0.211862,0.851936,0.851735,0.970124,0.925867,-0.141730,0.000000,0.294495,2.374811,0.298333,2.014546,0.441931,4.749623,1.704381,0.270527,3.711124,28.654054,0.154887,1.000000,3.581417,91.129730,0.274478,6.086486,40.167568,229.956757,8.149700,0.202853,0.053684,0.344275,0.015228,55.420168,0.465716,0.333875,6.521008,14.100840,81.243697,2.880019,0.207983,3.684025,21.537815,0.180990,0.643243,4.433444,0.348559,2.519177,0.079701,4.555556,0.506173,0.691358,6.666667,1420.777778,6888.666667,322.077160,0.324074,1.666667,0.185185,0.365082,2.174577,0.164023,2.947703,0.048649,998.246914,4.885307,0.040458,1.091615,0.026510,0.124233,0.691586,0.691586,18.551692,185.000000,12.830090,53.455844,0.288951,185.000000,1.229161,0.813563,0.267057,25.340213,0.691586,12.830090,18.551692,13.000000,19.000000,23.021729,23.021729,185.000000,12.830090,1.229161,0.813563,53.455844,0.288951,185.000000
"2e93e9c5-b400-47e7-a60c-91b80135d2eb","Detection","nuclei_tumor",35.324730,567.707458,100.000000,140.000000,11349090.000000,1.438260,21.000000,2.855271,157.000000,121.748011,12.128179,123.000000,80.000000,77.000000,8.594604,122.685955,-0.505878,15.141513,11349090.000000,0.407324,229.265414,6.057753,6.561095,-1.089724,1.580180,0.289814,0.690037,0.282114,0.882367,0.210226,0.860226,0.859713,0.983088,0.943834,-0.304401,0.000000,0.275376,2.394820,0.239982,2.454909,0.367168,4.789639,2.145419,0.467499,4.212462,114.586207,0.151971,1.000000,3.954640,307.122016,0.458619,6.183024,45.809019,293.639257,11.377431,0.257221,0.043722,0.275486,0.011467,163.723716,0.400302,0.467262,5.919315,23.173594,156.293399,5.226942,0.266724,4.444530,63.953545,0.156366,0.542440,9.579319,0.346845,2.131424,0.086253,6.454545,0.293388,0.853306,6.227273,6973.272727,52107.181818,1136.945076,0.352904,2.727273,0.123967,0.302653,2.144241,0.089021,4.095795,0.029178,5798.652893,7.632970,0.013510,1.579672,0.019343,0.072120,0.607717,0.607717,39.985181,755.500000,24.299681,108.669048,0.143837,755.500000,1.243848,0.803957,0.376271,50.304140,0.607717,24.299681,39.985181,25.000000,39.000000,46.324939,46.324939,755.500000,24.299681,1.243848,0.803957,108.669048,0.143837,755.500000
"8719339d-12a8-48e8-af23-5d5220273f86","Detection","nuclei_lymphocyte",875.518433,559.003235,38.000000,105.000000,1147996.000000,1.809092,29.000000,4.313961,163.000000,61.120623,21.549759,48.000000,33.000000,130.000000,14.678107,66.834950,1.410474,27.040340,1147996.000000,0.366713,731.180003,3.738019,58.157175,10.102408,3.781169,0.515442,0.760070,0.387646,1.146300,0.365172,0.825293,0.818806,0.986769,0.946795,-0.318005,0.000000,0.295387,1.709265,0.288760,2.780821,0.513312,3.418530,2.279308,1.074153,3.832253,43.513619,0.169314,1.000000,7.141092,94.245136,1.319384,4.735409,41.708171,82.214008,36.408606,0.619125,0.097461,1.224053,0.020493,40.764045,0.229011,1.579883,8.882022,20.674157,42.280899,17.999167,0.296401,3.963994,65.719101,0.369208,0.692607,12.335690,0.630142,7.208365,0.096126,5.083333,0.211806,1.659722,14.500000,909.625000,1373.125000,835.815278,0.140347,6.083333,0.253472,0.500881,9.060163,0.037592,3.684561,0.093385,794.956597,2.596610,0.055542,4.576983,0.026201,1.091680,0.870073,0.870073,19.512897,257.500000,16.977648,61.698485,0.239606,257.500000,1.176419,0.850038,0.299772,31.928855,0.870073,16.977648,19.512897,18.000000,19.000000,26.172505,26.172505,257.500000,16.977648,1.176419,0.850038,61.698485,0.239606,257.500000
"ca550aec-dcf3-4059-9b0e-a2587d69c472","Detection","nuclei_tumor",70.100967,569.679626,107.000000,145.000000,8450683.000000,1.402746,19.000000,2.864591,170.000000,127.271845,11.632350,128.000000,82.000000,88.000000,8.353912,128.097983,-0.250944,14.524833,8450683.000000,0.437255,210.970761,7.201036,6.005616,-0.633624,1.411351,0.281347,0.667576,0.273057,0.870784,0.206787,0.864853,0.864301,0.983596,0.945665,-0.292445,0.000000,0.265803,2.630311,0.271506,2.417079,0.439378,5.260622,2.112493,0.423175,4.078119,80.607767,0.156520,1.000000,3.744730,225.186408,0.414380,7.275728,45.730097,337.221359,8.159129,0.191249,0.047687,0.351868,0.010594,105.445230,0.372598,0.546991,7.219081,23.180212,177.356890,3.798292,0.210346,4.478499,46.703180,0.165029,0.549515,9.933699,0.344356,2.654549,0.072239,5.222222,0.290123,0.904321,7.722222,5456.055556,42664.833333,801.139275,0.253086,4.333333,0.240741,0.478510,3.328873,0.129647,3.503258,0.034951,4637.459877,4.410346,0.021146,1.434484,0.016729,0.107649,0.612713,0.612713,32.890616,515.000000,20.152514,89.254834,0.173310,515.000000,1.230967,0.812369,0.344576,42.186315,0.612713,20.152514,32.890616,23.000000,31.000000,38.600518,38.600518,515.000000,20.152514,1.230967,0.812369,89.254834,0.173310,515.000000
"a1b34bb3-f868-4db4-8215-d0da8d858d34","Detection","nuclei_lymphocyte",949.336243,569.374268,73.000000,123.000000,4887631.000000,1.683256,22.000000,3.909828,162.000000,94.888676,14.821681,92.000000,59.000000,103.000000,9.874266,96.856851,0.947628,19.426496,4887631.000000,0.392605,377.388759,5.433556,16.470320,2.424654,2.041213,0.361211,0.699295,0.339661,0.982212,0.245841,0.833761,0.832324,0.986279,0.943903,-0.284150,0.000000,0.320806,2.239097,0.250479,2.743889,0.462801,4.478194,2.354558,0.600606,4.304636,69.690979,0.133764,1.000000,4.792261,204.547025,0.689535,6.021113,41.046065,198.946257,11.911273,0.287562,0.060975,0.592388,0.015709,92.052632,0.269160,1.069936,7.842105,18.058480,87.555556,4.930549,0.272588,4.417222,75.742690,0.221470,0.656430,8.775589,0.461349,4.723638,0.098261,8.375000,0.261719,1.683594,11.062500,2978.156250,12952.843750,738.628628,0.287335,4.000000,0.125000,0.284598,3.643446,0.081568,4.413910,0.061420,2713.077148,4.263355,0.021900,2.871769,0.020157,0.207936,0.553374,0.553374,34.771081,521.000000,19.241406,92.426407,0.177402,521.000000,1.304802,0.766400,0.330802,38.881196,0.553374,19.241406,34.771081,22.000000,33.000000,39.661064,39.661064,521.000000,19.241406,1.304802,0.766400,92.426407,0.177402,521.000000
"761f6989-05a0-404c-a3c4-d4c92bcd71bb","Detection","nuclei_tumor",347.362640,568.760254,101.000000,149.000000,7965810.000000,1.735891,26.000000,2.873671,182.000000,125.375000,14.818548,126.000000,79.000000,103.000000,10.506140,126.728453,0.203050,18.471875,7965810.000000,0.348579,341.210181,6.793197,13.403057,0.086332,2.139109,0.394708,0.688448,0.382829,0.999881,0.248150,0.810565,0.809773,0.984913,0.936478,-0.270203,0.000000,0.372435,2.521328,0.176774,2.952461,0.302916,5.042657,2.527954,0.633454,4.476206,72.129032,0.145421,1.000000,3.637812,172.895161,0.658949,7.153226,35.596774,247.959677,8.040975,0.237956,0.059967,0.564956,0.012495,108.342776,0.306920,0.820920,7.495751,13.524079,95.059490,2.922899,0.247060,4.337324,80.552408,0.228194,0.711694,5.626865,0.449443,3.766921,0.103435,6.583333,0.274306,1.609375,9.875000,2118.250000,12832.916667,430.589988,0.323715,3.333333,0.138889,0.340809,4.508386,0.044656,4.017894,0.048387,1691.138889,3.588678,0.021952,2.980392,0.020062,0.189589,0.535317,0.535317,34.639680,495.000000,18.543215,89.941125,0.181699,495.000000,1.300474,0.768951,0.327411,38.087969,0.535317,18.543215,34.639680,21.000000,31.000000,37.443290,37.443290,495.000000,18.543215,1.300474,0.768951,89.941125,0.181699,495.000000
"24a31c19-dde4-4525-82c5-50ab97e110c8","Detection","nuclei_tumor",403.904816,570.865479,107.000000,145.000000,7678817.000000,1.454175,19.000000,2.747653,167.000000,126.330526,11.390989,127.000000,91.000000,76.000000,8.217592,127.145313,-0.124634,14.371105,7678817.000000,0.419789,206.528647,6.941210,5.786349,-0.457167,1.411975,0.377614,0.577988,0.365178,0.987093,0.244259,0.819484,0.818655,0.978007,0.927379,-0.200257,0.000000,0.354296,2.585076,0.222194,2.626212,0.370266,5.170153,2.218080,0.447397,4.225641,69.088421,0.145449,1.000000,3.732414,199.400000,0.443719,7.160000,37.080000,269.269474,6.636652,0.199985,0.056507,0.446040,0.012064,121.744745,0.365600,0.569759,7.162162,13.063063,95.801802,2.317693,0.220220,4.154639,69.780781,0.209552,0.701053,4.924294,0.421373,3.156512,0.096941,5.727273,0.260331,1.198347,8.636364,2397.136364,17280.045455,391.751578,0.288826,2.818182,0.128099,0.291783,2.972752,0.055607,4.095795,0.046316,1930.969008,5.201357,0.018876,1.775994,0.022621,0.093718,0.486131,0.486131,35.359870,474.500000,17.189531,90.183766,0.190061,474.500000,1.363988,0.733144,0.312585,34.716801,0.486131,17.189531,35.359870,19.000000,34.000000,38.948684,38.948684,474.500000,17.189531,1.363988,0.733144,90.183766,0.190061,474.500000
"45675cc3-b7a9-4667-86c3-8464e9895378","Detection","nuclei_tumor",538.848633,567.657593,105.000000,132.000000,4872299.000000,1.076931,16.000000,3.247864,147.000000,118.112717,9.157740,118.000000,80.000000,67.000000,6.524507,118.666714,-0.121386,11.453172,4872299.000000,0.543854,131.175156,5.257433,1.625603,0.311151,0.803544,0.214397,0.578763,0.214397,0.749805,0.168431,0.892801,0.892801,0.978560,0.946401,-0.254157,0.000000,0.214397,2.260563,0.383538,1.839914,0.570423,4.521127,1.625516,0.254485,3.541957,61.606936,0.178055,1.000000,3.972936,188.173410,0.261753,5.265896,50.260116,266.000000,10.949422,0.241811,0.046740,0.272053,0.015102,69.339623,0.436098,0.390886,5.264151,33.396226,168.918239,7.803634,0.290356,4.305251,21.679245,0.136347,0.459538,14.454571,0.313171,1.551036,0.135047,6.166667,0.513889,0.743056,6.583333,5216.000000,23653.333333,1233.518519,0.344907,3.500000,0.291667,0.530078,3.931848,0.152102,2.617492,0.034682,4384.638889,5.943603,0.031776,0.688376,0.018409,0.080924,0.668562,0.668562,25.910479,348.000000,17.322753,73.112698,0.210094,348.000000,1.222353,0.818095,0.314062,35.045513,0.668562,17.322753,25.910479,25.000000,18.000000,30.805844,30.805844,348.000000,17.322753,1.222353,0.818095,73.112698,0.210094,348.000000
"4f7e11b5-f3f6-4555-9ff0-beb4291824e5","Detection","nuclei_tumor",284.470062,585.253296,91.000000,132.000000,9243216.000000,1.502267,22.000000,2.623242,162.000000,111.798621,13.060718,112.000000,74.000000,88.000000,9.700710,112.912636,0.046948,15.821879,9243216.000000,0.398624,250.331860,9.237083,6.354348,0.269770,1.564224,0.361305,0.624722,0.349579,0.971152,0.239099,0.827165,0.826383,0.986197,0.942016,-0.235088,0.000000,0.339318,2.989373,0.209711,2.661557,0.382191,5.978747,2.273985,0.481382,4.357047,102.936552,0.141981,1.000000,3.846137,289.002759,0.477234,9.460690,39.137931,360.285517,5.198659,0.133188,0.052318,0.526330,0.007772,178.959184,0.365223,0.551858,9.761224,14.612245,132.853061,1.944383,0.134163,4.235084,101.326531,0.206789,0.675862,5.855477,0.416605,4.159559,0.056739,9.600000,0.320000,0.982222,10.800000,5435.166667,48412.300000,643.407407,0.158972,3.000000,0.100000,0.277058,3.217125,0.055143,4.573557,0.041379,4851.138889,4.964028,0.012257,3.312803,0.015065,0.108244,0.399138,0.399138,48.351593,726.500000,19.298963,117.639610,0.161927,726.500000,1.515869,0.659688,0.321241,36.665945,0.399138,19.298963,48.351593,31.000000,41.000000,51.400389,51.400389,726.500000,19.298963,1.515869,0.659688,117.639610,0.161927,726.500000
"196f7cdc-77eb-4762-8dfd-00291120b433","Detection","nuclei_tumor",541.616333,587.248413,99.000000,149.000000,8335647.000000,1.696767,29.000000,2.067866,163.000000,124.228733,15.153712,125.000000,86.000000,77.000000,11.887309,125.528350,-0.047909,18.016340,8335647.000000,0.347358,324.588513,6.656093,12.802068,-0.574371,2.266837,0.321249,0.751748,0.306143,0.930386,0.227525,0.849446,0.848439,0.981370,0.939275,-0.349812,0.000000,0.292925,2.483887,0.192029,2.830235,0.307150,4.967774,2.474341,0.647021,4.468368,78.376181,0.148159,1.000000,3.840109,183.752363,0.627678,6.778828,43.109641,281.391304,11.581522,0.255514,0.047428,0.349411,0.013000,103.368932,0.334527,0.667861,7.187702,19.003236,124.213592,4.954782,0.237639,4.576835,52.533981,0.170013,0.584121,7.279815,0.349450,2.611356,0.078930,5.909091,0.268595,1.175620,8.863636,2900.136364,21085.636364,538.171086,0.282513,2.545455,0.115702,0.287941,2.297672,0.112522,4.186704,0.041588,2321.952479,5.821318,0.021971,1.451786,0.028317,0.104928,0.736463,0.736463,30.393377,530.000000,22.383591,88.769553,0.167490,530.000000,1.183157,0.845196,0.357524,45.416328,0.736463,22.383591,30.393377,30.000000,22.000000,37.202150,37.202150,530.000000,22.383591,1.183157,0.845196,88.769553,0.167490,530.000000
"9dcf74e1-51bf-4e5d-8db5-ced37454593a","Detection","nuclei_histiocyte",896.539001,592.052917,90.000000,144.000000,5217864.000000,1.801730,30.000000,2.660103,170.000000,118.796657,16.794624,120.000000,65.000000,105.000000,12.626349,120.558866,-0.331966,20.537631,5217864.000000,0.327116,421.794306,11.459623,18.609400,-1.941501,2.570671,0.381887,0.741318,0.368302,0.992583,0.246241,0.818113,0.817208,0.985420,0.938940,-0.312054,0.000000,0.356415,3.303396,0.167682,3.029264,0.286792,6.606792,2.617669,0.738139,4.598961,49.690808,0.138415,1.000000,4.054174,117.434540,0.743151,11.437326,36.693593,438.000000,4.278807,0.131546,0.060826,0.716359,0.008343,78.379310,0.300304,0.850516,11.183908,13.241379,163.517241,1.453908,0.143250,4.301536,61.858238,0.237005,0.727019,5.673610,0.470962,5.399100,0.063506,5.000000,0.277778,1.666667,12.777778,2115.388889,25604.222222,202.593056,0.174784,3.333333,0.185185,0.357219,4.862024,0.045285,3.683542,0.050139,1717.608025,1.973396,0.031366,2.841947,0.022112,0.263638,0.542169,0.542169,29.122058,359.000000,15.789077,76.426407,0.212887,359.000000,1.294740,0.772356,0.303148,32.652087,0.542169,15.789077,29.122058,25.000000,22.000000,33.301652,33.301652,359.000000,15.789077,1.294740,0.772356,76.426407,0.212887,359.000000
"134d1882-6bd0-46c7-b4d4-9ff3a7762deb","Detection","nuclei_lymphocyte",1001.742798,591.555298,58.000000,100.000000,1423277.000000,1.568687,17.000000,4.573049,139.000000,76.450644,12.132071,74.000000,46.000000,93.000000,8.076497,78.156797,0.976681,16.241430,1423277.000000,0.391810,263.784045,6.487603,6.295159,0.970484,1.407320,0.456907,0.509816,0.404959,1.093921,0.292915,0.806179,0.802715,0.982840,0.933744,-0.152945,0.000000,0.359504,2.500000,0.220593,2.695173,0.365998,5.000000,2.184397,0.466057,4.128615,29.343348,0.125937,1.000000,5.296985,91.291845,0.551272,7.248927,35.712446,214.339056,7.097231,0.194870,0.082345,0.950033,0.017253,57.163043,0.310669,0.810226,8.766304,12.858696,83.065217,2.480018,0.192163,3.739571,62.239130,0.338256,0.789700,6.444589,0.602055,6.278894,0.112155,4.444444,0.246914,1.756173,12.500000,936.388889,5212.166667,194.578812,0.243935,3.222222,0.179012,0.350903,5.893829,0.090316,3.683542,0.077253,768.830247,2.008980,0.038815,3.397005,0.019210,0.335127,0.708369,0.708369,20.537466,232.000000,14.548108,58.627417,0.252704,232.000000,1.178972,0.848196,0.291583,30.208284,0.708369,14.548108,20.537466,14.000000,20.000000,24.413111,24.413111,232.000000,14.548108,1.178972,0.848196,58.627417,0.252704,232.000000
"43da8b8a-b9a3-4623-85f0-2d6834fecab7","Detection","nuclei_lymphocyte",705.282715,593.006775,42.000000,87.000000,1342134.000000,1.808092,27.000000,5.058394,149.000000,61.068750,16.643047,54.000000,35.000000,114.000000,11.236554,64.762402,1.487898,21.558676,1342134.000000,0.327754,464.776523,3.771526,26.924663,4.530935,2.661038,0.474851,0.697151,0.391304,1.117233,0.321732,0.817420,0.812702,0.982516,0.936711,-0.288386,0.000000,0.326253,1.795823,0.204570,2.872317,0.353794,3.591645,2.406563,0.783972,4.250168,41.943750,0.131074,1.000000,5.878086,104.881250,0.952256,4.621875,38.868750,99.515625,27.078672,0.517189,0.091366,1.046218,0.019049,59.383929,0.265107,1.195930,7.334821,16.321429,44.089286,11.527443,0.320022,4.189825,61.928571,0.276467,0.700000,8.158163,0.534237,5.174687,0.110352,7.814815,0.289438,1.212620,13.592593,1121.481481,2856.629630,712.262119,0.153693,7.296296,0.270233,0.531874,8.767286,0.040053,3.584160,0.084375,981.015089,4.350641,0.037527,3.139411,0.029911,0.410695,0.540179,0.540179,27.610540,319.500000,14.914625,73.355339,0.229594,319.500000,1.340240,0.746135,0.286912,29.248184,0.540179,14.914625,27.610540,25.000000,18.000000,30.805844,30.805844,319.500000,14.914625,1.340240,0.746135,73.355339,0.229594,319.500000
"69335de1-eb84-4336-b34a-ad48390eeabb","Detection","nuclei_stroma",733.799988,594.640259,59.000000,89.000000,656490.000000,1.002566,20.000000,2.206865,104.000000,72.661157,10.406666,68.000000,55.000000,49.000000,8.252787,73.658246,0.614442,12.078636,656490.000000,0.531316,145.893450,1.823810,0.989893,0.475843,0.670272,0.209524,0.523699,0.204762,0.745340,0.167596,0.898413,0.898095,0.979267,0.949048,-0.217849,0.000000,0.200595,1.307143,0.416222,1.628218,0.597619,2.614286,1.407162,0.219949,3.368910,21.842975,0.180520,1.000000,5.240352,64.289256,0.250120,2.132231,47.975207,78.958678,40.238522,0.726125,0.049008,0.196820,0.021238,30.677419,0.494797,0.288502,3.048387,26.838710,46.645161,21.922939,0.523746,3.415067,12.709677,0.204995,0.512397,11.603538,0.451692,1.899602,0.125557,1.500000,0.375000,0.500000,4.500000,1849.750000,2953.500000,1574.090278,0.402778,1.000000,0.250000,0.260215,2.290735,0.030363,2.000000,0.033058,934.687500,4.475118,0.081441,0.804021,0.018702,0.289878,0.822515,0.822515,13.983784,120.000000,11.501866,44.142136,0.367851,120.000000,1.292158,0.773899,0.230848,18.934544,0.822515,11.501866,13.983784,11.000000,14.000000,17.804494,17.804494,120.000000,11.501866,1.292158,0.773899,44.142136,0.367851,120.000000
"9c7f018d-6ecd-4d11-90ff-20c8652164f6","Detection","nuclei_lymphocyte",958.699707,597.854858,62.000000,103.000000,2785985.000000,1.599050,23.000000,5.245283,154.000000,81.441103,14.280174,77.000000,52.000000,102.000000,9.727501,83.560867,1.301737,18.702014,2785985.000000,0.379288,349.765328,3.198113,14.983962,2.651461,1.810534,0.465633,0.590862,0.398248,1.105249,0.307032,0.811433,0.807615,0.982718,0.935182,-0.195524,0.000000,0.345650,1.691712,0.212193,2.710332,0.330863,3.383423,2.219618,0.569042,4.295294,50.403509,0.126325,1.000000,4.934064,151.335840,0.677646,3.781955,37.501253,97.601504,24.560893,0.549534,0.087929,0.710850,0.023035,90.223368,0.310046,0.928851,5.453608,13.429553,37.415808,8.564162,0.411120,4.088121,72.814433,0.250221,0.729323,5.909519,0.501436,3.803610,0.123413,9.727273,0.294766,0.931129,9.393939,1206.757576,2586.454545,877.822938,0.189714,8.757576,0.265381,0.522678,5.675015,0.062775,3.809398,0.082707,1060.567493,5.631347,0.022975,4.044761,0.023173,0.308598,0.884620,0.884620,24.047099,398.500000,21.272546,77.012193,0.193255,398.500000,1.184352,0.844344,0.332670,39.321543,0.884620,21.272546,24.047099,23.000000,24.000000,33.241540,33.241540,398.500000,21.272546,1.184352,0.844344,77.012193,0.193255,398.500000
"f308544f-5d68-41f0-a21d-22a7f94b947d","Detection","nuclei_histiocyte",936.088989,615.431885,69.000000,109.000000,3959858.000000,1.656565,24.000000,4.224834,153.000000,88.344262,13.809460,87.000000,53.000000,100.000000,9.685408,90.080315,0.876001,17.599842,3959858.000000,0.373379,309.754434,4.194784,9.335369,1.042215,1.698856,0.474473,0.563368,0.391232,1.113821,0.321410,0.817148,0.812708,0.982563,0.936697,-0.199068,0.000000,0.328878,1.971976,0.209868,2.810863,0.390122,3.943951,2.294595,0.543332,4.445175,63.368852,0.129854,1.000000,4.844867,182.209016,0.628309,4.844262,38.143443,151.270492,15.778508,0.389960,0.079832,0.708475,0.019711,102.348837,0.297526,0.894639,6.168605,14.389535,58.319767,5.904444,0.346164,4.311019,82.296512,0.239234,0.704918,6.339778,0.486120,3.849966,0.140629,11.060606,0.335170,1.015611,10.757576,2325.515152,8741.151515,786.780152,0.187769,8.090909,0.245179,0.500660,6.381151,0.053206,3.834814,0.067623,2106.833792,5.281306,0.019013,3.862299,0.022349,0.203049,0.364186,0.364186,42.557179,487.000000,15.498724,102.426407,0.210321,487.000000,1.714293,0.583331,0.265055,24.961719,0.364186,15.498724,42.557179,18.000000,41.000000,44.777226,44.777226,487.000000,15.498724,1.714293,0.583331,102.426407,0.210321,487.000000
"9bd2dbff-f180-40ce-932e-c5449fbc7d6b","Detection","nuclei_tumor",97.706985,615.045715,88.000000,119.000000,4347012.000000,1.121771,17.000000,2.389144,132.000000,103.338308,9.537536,103.000000,75.000000,57.000000,7.031855,103.987801,0.033473,11.604167,4347012.000000,0.495074,134.656692,2.765299,1.419312,-0.088415,0.885424,0.235373,0.579990,0.235373,0.787261,0.179973,0.882313,0.882313,0.976463,0.941157,-0.249319,0.000000,0.235373,1.613315,0.320600,1.941360,0.452589,3.226631,1.705987,0.280199,3.688255,64.885572,0.161407,1.000000,3.633400,199.019900,0.283910,2.987562,47.945274,132.236318,27.013474,0.533513,0.045593,0.215612,0.019768,92.300493,0.454682,0.360455,3.453202,29.152709,75.073892,17.847564,0.485222,4.115571,31.738916,0.156349,0.504975,13.466427,0.292644,1.300772,0.126059,6.142857,0.438776,0.923469,5.214286,5359.714286,17410.214286,2349.073413,0.501984,3.714286,0.265306,0.479668,3.515386,0.142365,2.835238,0.034826,4535.204082,9.438328,0.024145,0.787537,0.021809,0.069762,0.534714,0.534714,31.667531,401.000000,16.933069,84.426407,0.210540,401.000000,1.414498,0.706965,0.291643,30.220817,0.534714,16.933069,31.667531,18.000000,32.000000,36.715120,36.715120,401.000000,16.933069,1.414498,0.706965,84.426407,0.210540,401.000000
"bd54a86b-1daa-401f-89c4-b49aafd71485","Detection","nuclei_lymphocyte",974.885010,610.819336,74.000000,108.000000,1434464.000000,1.285666,15.000000,5.718086,150.000000,89.325714,10.661682,88.000000,65.000000,85.000000,6.685777,90.536938,1.364997,14.759875,1434464.000000,0.537763,217.853910,4.242376,5.620927,0.690962,0.967761,0.333868,0.486999,0.288925,0.946570,0.250391,0.862627,0.860032,0.987571,0.952887,-0.169315,0.000000,0.253389,2.020867,0.402561,2.132728,0.617978,4.041734,1.782563,0.325407,3.679968,25.434286,0.145339,1.000000,5.561012,94.108571,0.396278,4.794286,44.142857,175.480000,13.353641,0.309594,0.063544,0.587178,0.014424,36.387387,0.327814,0.768444,6.297297,19.549550,80.774775,5.568413,0.304212,3.984469,28.603604,0.257690,0.634286,9.607175,0.511009,4.162030,0.125274,3.181818,0.289256,1.355372,9.818182,1441.363636,5774.272727,378.323081,0.270051,1.909091,0.173554,0.305104,4.824202,0.031785,3.277613,0.062857,1188.264463,1.152510,0.069271,2.722179,0.010237,0.710381,0.782656,0.782656,17.278847,172.500000,13.523396,52.870058,0.306493,172.500000,1.289498,0.775496,0.253163,22.772002,0.782656,13.523396,17.278847,15.000000,17.000000,22.671568,22.671568,172.500000,13.523396,1.289498,0.775496,52.870058,0.306493,172.500000
"745fa5a3-cbdf-4f9a-b6d0-5e13c87c3f88","Detection","nuclei_tumor",524.257446,616.809631,85.000000,115.000000,6203919.000000,1.130388,17.000000,2.500149,130.000000,100.650662,9.739704,101.000000,70.000000,60.000000,7.179836,101.347862,-0.197009,11.867319,6203919.000000,0.487248,140.833261,6.671786,1.666299,-0.254912,0.891244,0.259324,0.549224,0.259324,0.825725,0.192075,0.870338,0.870338,0.984746,0.948135,-0.215574,0.000000,0.259324,2.552216,0.304297,2.019212,0.427819,5.104432,1.759888,0.287642,3.784346,98.483444,0.163052,1.000000,3.649292,294.298013,0.286928,6.804636,47.069536,329.493377,7.954390,0.181027,0.044714,0.329445,0.010115,145.024845,0.450388,0.355503,6.652174,24.447205,175.211180,4.021351,0.198585,4.198468,50.478261,0.156765,0.533113,10.373057,0.338730,2.486215,0.068336,4.882353,0.287197,0.948097,7.647059,9216.941176,66441.647059,1483.891748,0.292075,3.941176,0.231834,0.464920,3.986611,0.155259,3.572469,0.028146,7954.602076,6.341228,0.013764,1.729761,0.012412,0.078571,0.924538,0.924538,29.087578,604.000000,26.892582,94.911688,0.157139,604.000000,1.186841,0.842573,0.368538,48.257760,0.924538,26.892582,29.087578,29.000000,28.000000,40.311289,40.311289,604.000000,26.892582,1.186841,0.842573,94.911688,0.157139,604.000000
"ed9dc42e-f1f0-44a3-8f5c-8bc0d20372ba","Detection","nuclei_tumor",610.662537,623.739502,116.000000,147.000000,23836692.000000,1.105473,15.000000,3.348004,175.000000,132.662695,9.465687,133.000000,89.000000,86.000000,6.508753,133.224772,-0.311537,12.224939,23836692.000000,0.565806,149.449144,8.170477,2.926550,-0.336787,0.877084,0.209028,0.615090,0.207865,0.742024,0.165820,0.896261,0.896184,0.991970,0.965383,-0.281074,0.000000,0.206848,2.829039,0.413545,1.906369,0.615847,5.658078,1.692269,0.271528,3.555702,273.542070,0.203680,1.000000,3.983752,759.877141,0.270016,8.284438,54.306031,452.303797,7.303776,0.142714,0.038477,0.348335,0.006196,219.373188,0.397415,0.484864,8.369565,58.757246,502.369565,7.413994,0.159037,4.731560,82.148551,0.148820,0.411020,35.079855,0.338567,3.136738,0.052799,12.953488,0.301244,0.976744,9.976744,20940.906977,184483.069767,2442.027416,0.177933,6.162791,0.143321,0.343677,3.543874,0.066655,4.408255,0.032018,19965.434289,5.977372,0.008843,2.133974,0.005291,0.087339,0.756464,0.756464,47.716393,1341.000000,36.095721,143.882251,0.107295,1341.000000,1.228502,0.814000,0.438372,68.279174,0.756464,36.095721,47.716393,42.000000,43.000000,60.108236,60.108236,1341.000000,36.095721,1.228502,0.814000,143.882251,0.107295,1341.000000
"c239ebc5-003e-4a33-a3b2-e9832f557026","Detection","nuclei_histiocyte",837.119324,616.079041,89.000000,139.000000,8468067.000000,1.785178,31.000000,2.708786,182.000000,113.018663,16.498741,111.000000,74.000000,108.000000,12.430484,114.758974,0.365596,19.909897,8468067.000000,0.315901,396.404006,9.503914,14.665689,1.357804,2.449111,0.413679,0.710996,0.372476,1.048913,0.274941,0.820629,0.817882,0.988987,0.947525,-0.285467,0.000000,0.336424,2.999176,0.161760,3.002453,0.254223,5.998352,2.533733,0.715698,4.547851,89.391913,0.139023,1.000000,3.924721,203.124417,0.747434,10.029549,38.648523,349.052877,5.774251,0.139151,0.055832,0.693521,0.008991,131.022989,0.301202,0.841200,11.243678,14.496552,133.806897,2.166364,0.129032,4.442323,89.914943,0.206701,0.676516,5.756713,0.425028,5.475739,0.051379,5.240000,0.209600,1.849600,14.240000,3861.400000,33196.360000,568.174200,0.175989,3.480000,0.139200,0.358533,5.307336,0.104445,4.163856,0.038880,3199.881600,3.148790,0.016796,4.871960,0.015636,0.230135,0.701538,0.701538,34.366600,641.000000,24.109490,98.769553,0.154087,641.000000,1.211095,0.825699,0.368424,48.227991,0.701538,24.109490,34.366600,32.000000,25.000000,40.607881,40.607881,641.000000,24.109490,1.211095,0.825699,98.769553,0.154087,641.000000
"ab25c390-3d1b-4e91-9ce2-7bb5009af1c3","Detection","nuclei_histiocyte",887.256714,613.023804,82.000000,128.000000,2434768.000000,1.497186,25.000000,2.466521,144.000000,102.622222,14.060247,100.000000,72.000000,72.000000,10.512169,104.024954,0.490787,17.025587,2434768.000000,0.391328,289.870617,7.241082,6.996784,1.062432,1.708821,0.381304,0.635138,0.359164,1.003139,0.252305,0.824108,0.822632,0.977961,0.928905,-0.233551,0.000000,0.339791,2.628536,0.206552,2.673809,0.349323,5.257073,2.261166,0.522531,4.176381,34.457778,0.153146,1.000000,3.325432,88.048889,0.510617,7.386667,35.942222,249.786667,6.690988,0.182963,0.049964,0.444265,0.008346,59.687500,0.373047,0.532461,7.856250,11.975000,82.112500,2.260069,0.179601,3.985744,32.962500,0.206016,0.711111,4.064844,0.395232,3.377908,0.067556,3.000000,0.300000,1.000000,10.000000,1760.100000,10917.400000,339.143056,0.208333,1.600000,0.160000,0.168858,2.234061,0.023478,3.321928,0.044444,1253.850000,3.001216,0.042791,1.815765,0.025059,0.214395,0.601212,0.601212,21.966441,224.000000,13.206488,59.798990,0.266960,224.000000,1.270369,0.787173,0.273295,26.537919,0.601212,13.206488,21.966441,13.000000,21.000000,24.698178,24.698178,224.000000,13.206488,1.270369,0.787173,59.798990,0.266960,224.000000
"61d34a56-71c0-4ce6-abf1-1a430194a8e2","Detection","nuclei_tumor",284.796906,630.720459,93.000000,135.000000,9346874.000000,1.450100,21.000000,2.660563,163.000000,114.844828,12.485632,115.000000,75.000000,88.000000,9.105263,115.885360,-0.022906,15.494588,9346874.000000,0.415663,240.082243,4.777356,6.022622,-0.185569,1.524020,0.290274,0.680015,0.286474,0.878070,0.208206,0.857396,0.857143,0.982992,0.942832,-0.308720,0.000000,0.283150,2.113982,0.241895,2.479764,0.420973,4.227964,2.177641,0.453574,4.090003,112.632184,0.161828,1.000000,3.259306,289.301724,0.442708,4.958333,44.359195,201.875000,15.923082,0.330749,0.036256,0.209925,0.011280,150.370079,0.394672,0.481038,5.587927,21.779528,97.475066,8.176436,0.292560,4.394958,62.569554,0.164225,0.547414,8.431149,0.303716,1.988953,0.076874,6.176471,0.363322,0.955017,7.352941,9894.470588,39953.000000,2864.995507,0.330882,1.352941,0.079585,0.166415,1.109178,0.075621,4.087463,0.024425,8218.290657,8.747678,0.014493,1.619605,0.019199,0.080987,0.617282,0.617282,38.161838,697.500000,23.556628,104.669048,0.150063,697.500000,1.249921,0.800051,0.367487,47.982843,0.617282,23.556628,38.161838,24.000000,38.000000,44.944410,44.944410,697.500000,23.556628,1.249921,0.800051,104.669048,0.150063,697.500000
"7d8f1aad-a92e-448a-995e-eb9be9b920c5","Detection","nuclei_lymphocyte",990.199890,620.604797,66.000000,108.000000,2216663.000000,1.582563,22.000000,5.941831,171.000000,84.908163,13.619881,82.000000,48.000000,123.000000,9.062152,86.831274,1.213992,18.173439,2216663.000000,0.399440,330.273879,8.348429,13.002348,1.636412,1.629269,0.395564,0.609287,0.358595,1.026852,0.266973,0.826633,0.824399,0.989476,0.949421,-0.224187,0.000000,0.328430,2.835490,0.239507,2.631177,0.414048,5.670980,2.221716,0.506208,4.102342,39.721088,0.135106,1.000000,4.698690,117.435374,0.588007,9.085034,38.925170,300.037415,5.962973,0.144506,0.067806,0.922313,0.009713,60.087179,0.308139,0.868481,11.010256,15.343590,126.635897,2.255632,0.132980,4.169528,42.097436,0.215884,0.663265,6.251045,0.454394,6.434110,0.050372,5.705882,0.335640,1.439446,16.058824,1837.411765,15241.705882,243.653742,0.136552,2.882353,0.169550,0.341237,5.822047,0.073512,3.572469,0.057823,1538.325260,1.479012,0.033208,5.000097,0.012616,0.487904,0.899926,0.899926,20.507951,291.000000,18.455640,65.112698,0.223755,291.000000,1.159387,0.862525,0.312478,34.692953,0.899926,18.455640,20.507951,20.000000,19.000000,27.586228,27.586228,291.000000,18.455640,1.159387,0.862525,65.112698,0.223755,291.000000
"d50d6589-f46d-4074-a7cc-9b5f74b5be30","Detection","nuclei_tumor",11.852201,624.558411,69.000000,109.000000,2909624.000000,1.516540,27.000000,1.932890,123.000000,87.013405,13.172624,85.000000,59.000000,64.000000,10.917188,88.321008,0.276537,15.141596,2909624.000000,0.366746,229.267917,4.195033,6.388245,0.187515,1.784401,0.259313,0.746233,0.256392,0.831981,0.193577,0.872291,0.872096,0.974204,0.936048,-0.366311,0.000000,0.253835,1.952885,0.220632,2.466093,0.360117,3.905771,2.197443,0.510928,4.125592,64.399464,0.172653,1.000000,3.450122,136.796247,0.517419,4.528150,45.300268,193.016086,19.979893,0.406911,0.039628,0.229888,0.012496,72.507692,0.371834,0.507929,5.015385,24.871795,100.625641,11.369231,0.355128,4.375959,28.958974,0.148508,0.522788,10.236266,0.300204,1.852220,0.080900,5.400000,0.540000,0.650000,6.900000,4381.100000,16303.500000,1706.388889,0.302778,1.200000,0.120000,0.221899,1.908091,0.034543,3.121928,0.026810,2989.810000,11.787618,0.029965,0.658327,0.042759,0.076829,0.542592,0.542592,30.673588,371.000000,16.643239,84.284271,0.227181,371.000000,1.523734,0.656282,0.270507,25.999236,0.542592,16.643239,30.673588,29.000000,19.000000,34.669872,34.669872,371.000000,16.643239,1.523734,0.656282,84.284271,0.227181,371.000000
"a05383f4-d06e-464c-9b9c-0cd9bb7f7441","Detection","nuclei_tumor",333.703064,643.698975,121.000000,154.000000,23035106.000000,1.308710,17.000000,3.837012,173.000000,137.423841,10.411824,138.000000,88.000000,85.000000,7.067234,138.089813,-0.559583,13.545636,23035106.000000,0.499760,183.484266,9.277874,5.914606,-0.633578,1.163440,0.275281,0.617326,0.272256,0.856025,0.201158,0.864376,0.864175,0.983860,0.945650,-0.253170,0.000000,0.269609,3.009291,0.337087,2.246057,0.552723,6.018583,1.960671,0.359680,3.867519,189.240066,0.156656,1.000000,3.783691,603.710265,0.369835,9.454470,47.182119,440.461093,5.889429,0.133393,0.042621,0.427482,0.006323,218.445513,0.350073,0.594425,9.661859,29.301282,271.326923,3.520321,0.146913,4.534782,101.923077,0.163338,0.516556,14.310487,0.327218,3.257160,0.051307,17.205128,0.441157,1.125575,10.435897,17217.641026,156543.923077,1918.406695,0.183939,5.358974,0.137410,0.354130,3.902425,0.054289,4.208069,0.032285,16258.230112,9.166628,0.008488,1.671316,0.015545,0.049476,0.670802,0.670802,48.734029,1213.000000,32.690862,140.225397,0.115602,1213.000000,1.289979,0.775206,0.412141,60.352316,0.670802,32.690862,48.734029,35.000000,48.000000,59.405387,59.405387,1213.000000,32.690862,1.289979,0.775206,140.225397,0.115602,1213.000000
"d018db91-7185-4421-a4bc-98046a9e372d","Detection","nuclei_tumor",129.746445,632.456970,75.000000,116.000000,4067946.000000,1.500969,23.000000,2.520434,139.000000,96.836879,12.684171,98.000000,60.000000,79.000000,9.733963,98.065762,-0.010248,15.476188,4067946.000000,0.399091,239.512399,5.996173,7.086772,-0.110613,1.605431,0.286352,0.697268,0.285077,0.867961,0.205083,0.857674,0.857589,0.983178,0.943027,-0.321461,0.000000,0.283960,2.380421,0.233212,2.517157,0.337372,4.760842,2.226027,0.472946,4.288658,62.106383,0.146824,1.000000,4.041748,168.815603,0.474233,6.300236,43.794326,276.872340,9.970252,0.246093,0.045286,0.262617,0.014567,92.004049,0.372486,0.546182,6.271255,19.190283,117.902834,4.313653,0.268387,4.408598,41.923077,0.169729,0.583924,7.458965,0.365711,2.290514,0.096134,4.600000,0.306667,0.782222,5.333333,3741.933333,23389.666667,734.157407,0.400463,1.800000,0.120000,0.247044,0.677670,0.160090,3.640224,0.035461,2946.693333,4.855347,0.023407,1.617772,0.021259,0.121760,0.592309,0.592309,30.769321,422.000000,18.224939,86.426407,0.204802,422.000000,1.408545,0.709953,0.296325,31.198801,0.592309,18.224939,30.769321,25.000000,27.000000,36.796739,36.796739,422.000000,18.224939,1.408545,0.709953,86.426407,0.204802,422.000000
"52f81428-90fb-435e-8348-6b15a7118798","Detection","nuclei_lymphocyte",812.708923,632.888184,64.000000,114.000000,2786299.000000,1.729826,28.000000,2.625440,147.000000,90.894737,15.635327,92.000000,54.000000,93.000000,11.838234,92.877945,0.228250,19.090823,2786299.000000,0.326669,364.459508,4.838791,10.748791,0.340093,2.198235,0.340890,0.731490,0.329135,0.950270,0.232560,0.837392,0.836608,0.980155,0.934565,-0.323259,0.000000,0.318850,2.091520,0.178359,2.815709,0.298069,4.183039,2.446758,0.634781,4.503124,44.015480,0.136271,1.000000,4.498366,105.513932,0.679773,5.309598,40.386997,179.551084,17.671354,0.374742,0.064583,0.485603,0.017466,66.990698,0.311585,0.754224,6.581395,15.246512,65.944186,6.769444,0.293120,4.236852,45.930233,0.213629,0.665635,6.218583,0.450754,3.602340,0.095077,4.066667,0.271111,1.093333,8.933333,2059.000000,10083.800000,707.563889,0.250463,4.200000,0.280000,0.519584,4.890838,0.120681,3.323231,0.046440,1595.315556,5.574362,0.032299,1.694485,0.034666,0.166028,0.686372,0.686372,24.539001,323.500000,16.842881,69.355339,0.214391,323.500000,1.183248,0.845132,0.315994,35.478173,0.686372,16.842881,24.539001,17.000000,25.000000,30.232433,30.232433,323.500000,16.842881,1.183248,0.845132,69.355339,0.214391,323.500000
"550303b0-801e-412d-a76a-150c583f0cdf","Detection","nuclei_tumor",175.211288,646.751221,82.000000,126.000000,10106389.000000,1.508336,19.000000,2.888126,155.000000,105.302247,12.683330,106.000000,64.000000,91.000000,8.702334,106.562157,-0.030822,16.337992,10106389.000000,0.418849,266.929995,7.841746,7.671892,-0.652964,1.558439,0.236045,0.736921,0.231888,0.794775,0.182273,0.884749,0.884471,0.990954,0.961451,-0.375319,0.000000,0.228251,2.740647,0.292158,2.374544,0.478622,5.481295,2.125420,0.448621,4.044627,155.305618,0.174501,1.000000,4.222517,372.775281,0.477056,8.229213,50.860674,390.498876,8.671290,0.170042,0.042087,0.465772,0.006118,140.990805,0.324117,0.707518,9.570115,31.333333,240.648276,5.111447,0.163794,4.699592,68.839080,0.158251,0.488764,14.589246,0.364880,4.265045,0.048588,11.827586,0.407848,1.179548,12.137931,10657.448276,87974.965517,1431.518803,0.153142,4.931034,0.170036,0.325203,5.351266,0.026195,3.535066,0.032584,9715.593341,4.375124,0.014530,2.302290,0.010856,0.124601,0.384340,0.384340,55.588204,889.000000,21.364794,132.852814,0.149441,889.000000,1.579901,0.632951,0.327545,38.119187,0.384340,21.364794,55.588204,42.000000,42.000000,59.396970,59.396970,889.000000,21.364794,1.579901,0.632951,132.852814,0.149441,889.000000
"6495bf47-5237-43ee-8695-61c815630592","Detection","nuclei_tumor",94.257309,648.685852,82.000000,112.000000,5768848.000000,1.282685,14.000000,3.432116,139.000000,97.290000,9.418267,97.000000,67.000000,72.000000,6.411617,98.054815,0.283824,12.223034,5768848.000000,0.464733,149.402567,5.712366,3.590588,0.404933,1.098362,0.265681,0.610451,0.261201,0.843743,0.197455,0.870146,0.869848,0.984451,0.947909,-0.256791,0.000000,0.257280,2.346102,0.304071,2.204802,0.474910,4.692204,1.925290,0.341011,3.937527,93.996667,0.156661,1.000000,4.359822,278.840000,0.348933,6.013333,46.783333,259.696667,10.216574,0.221435,0.044683,0.301445,0.010516,144.197740,0.407338,0.470331,6.734463,22.926554,121.531073,5.084903,0.226891,4.189238,71.531073,0.202065,0.590000,11.435603,0.423144,3.092736,0.092621,6.176471,0.363322,0.698962,7.705882,8116.470588,40648.941176,1820.035948,0.242647,2.529412,0.148789,0.345732,2.408424,0.099482,3.807764,0.028333,6870.795848,7.158879,0.016093,1.580869,0.014736,0.084892,0.287954,0.287954,51.729257,598.500000,14.895655,117.438600,0.196222,598.500000,1.833782,0.545321,0.265322,25.011981,0.287954,14.895655,51.729257,39.000000,37.000000,53.758720,53.758720,598.500000,14.895655,1.833782,0.545321,117.438600,0.196222,598.500000
"3b8cff1e-10e9-465a-b21e-8d8e36ddb679","Detection","nuclei_histiocyte",961.439209,644.058533,110.000000,150.000000,3818739.000000,1.371615,18.000000,2.784721,172.000000,130.346847,11.596340,130.000000,99.000000,73.000000,8.228148,131.154592,0.188017,14.533635,3818739.000000,0.433853,211.226544,7.556946,3.406825,0.079935,1.181536,0.281602,0.615071,0.276596,0.867829,0.205097,0.862537,0.862203,0.983524,0.944848,-0.256064,0.000000,0.272215,2.707760,0.275956,2.291354,0.433041,5.415519,1.995030,0.365785,4.088518,31.531532,0.142034,1.000000,4.931256,96.315315,0.397959,8.022523,43.684685,323.959459,6.979511,0.156375,0.059132,0.613718,0.010837,50.036496,0.365230,0.544302,8.941606,18.014599,139.751825,2.739457,0.153335,4.112010,27.598540,0.201449,0.617117,7.511322,0.437618,4.469466,0.066303,4.200000,0.420000,1.160000,11.400000,1829.400000,15198.500000,240.850694,0.198611,2.200000,0.220000,0.414307,5.127085,0.119672,2.846439,0.045045,1336.560000,2.000421,0.047466,1.680310,0.017303,0.237065,0.587650,0.587650,22.197160,222.000000,13.044152,61.455844,0.276828,222.000000,1.353828,0.738646,0.259976,24.014235,0.587650,13.044152,22.197160,20.000000,16.000000,25.612497,25.612497,222.000000,13.044152,1.353828,0.738646,61.455844,0.276828,222.000000
"ef380e87-910c-4b3b-a978-4a4f2f8c363c","Detection","nuclei_histiocyte",946.459106,648.913635,124.000000,149.000000,2018242.000000,0.920734,13.000000,2.823936,159.000000,135.090909,7.884298,134.000000,115.000000,44.000000,5.629755,135.453514,0.356928,9.904586,2018242.000000,0.660165,98.100826,3.798429,1.191943,-0.200791,0.489323,0.225131,0.369782,0.225131,0.769426,0.174447,0.887435,0.887435,0.977487,0.943717,-0.118189,0.000000,0.225131,1.931937,0.512596,1.602724,0.704188,3.863874,1.377593,0.178614,3.310760,16.163636,0.146942,1.000000,4.817851,72.618182,0.199669,4.127273,45.545455,176.254545,13.332828,0.319192,0.067016,0.439056,0.017777,25.033333,0.417222,0.428889,4.700000,22.333333,89.333333,6.361111,0.352778,3.708888,10.566667,0.176111,0.545455,8.888889,0.392681,2.417543,0.132576,3.750000,0.468750,0.734375,6.375000,985.000000,3921.000000,255.444444,0.350694,2.000000,0.250000,0.443766,3.733815,0.078198,2.405639,0.072727,795.937500,1.825559,0.091853,0.670697,0.015871,0.198239,0.894315,0.894315,12.580170,110.000000,11.250630,40.142136,0.364929,110.000000,1.165731,0.857831,0.244015,21.156135,0.894315,11.250630,12.580170,11.000000,12.000000,16.278821,16.278821,110.000000,11.250630,1.165731,0.857831,40.142136,0.364929,110.000000
"bcb8a5a5-0da5-4d6c-9804-d4ec900d9510","Detection","nuclei_histiocyte",815.374207,656.743713,105.000000,133.000000,4046197.000000,1.145365,14.000000,3.454677,150.000000,117.996528,8.676866,117.000000,86.000000,64.000000,6.123517,118.529723,0.167618,11.230074,4046197.000000,0.539665,126.114571,4.905444,2.591049,0.375860,0.849333,0.237822,0.562487,0.235912,0.795514,0.182168,0.882362,0.882235,0.986044,0.952881,-0.230155,0.000000,0.234241,2.180038,0.394246,1.963453,0.598854,4.360076,1.718242,0.271789,3.699943,45.833333,0.159144,1.000000,4.516927,155.423611,0.286989,5.194444,47.583333,226.090278,11.580247,0.252556,0.045516,0.306932,0.011090,59.760000,0.398400,0.470400,6.040000,27.746667,127.493333,6.803981,0.262917,4.233172,26.640000,0.177600,0.520833,13.001067,0.367742,2.599392,0.093426,6.571429,0.469388,0.816327,7.428571,2921.142857,12240.000000,719.136905,0.308036,2.142857,0.153061,0.225399,1.983191,0.043109,3.324863,0.048611,2497.959184,2.879866,0.036551,1.485488,0.011172,0.192428,0.630509,0.630509,24.965195,285.500000,15.740791,72.183766,0.252833,285.500000,1.452323,0.688552,0.262647,24.510151,0.630509,15.740791,24.965195,17.000000,24.000000,29.410882,29.410882,285.500000,15.740791,1.452323,0.688552,72.183766,0.252833,285.500000
"5b72c45f-ff69-4862-9d07-48823efc0ac4","Detection","nuclei_lymphocyte",1018.531433,661.982178,51.000000,111.000000,1222204.000000,1.899551,33.000000,2.229074,133.000000,80.169492,18.422867,80.000000,38.000000,95.000000,14.888533,83.096976,0.094806,21.862296,1222204.000000,0.298222,477.959973,7.659200,16.233243,0.199124,2.603264,0.524800,0.664457,0.457600,1.151008,0.315402,0.782000,0.777920,0.980404,0.925305,-0.254262,0.000000,0.402578,2.672000,0.139909,3.208443,0.260800,5.344000,2.625695,0.782016,4.538850,25.146893,0.142073,1.000000,3.861215,52.785311,0.844266,8.259887,29.429379,208.418079,7.276241,0.215799,0.083767,1.014730,0.011847,46.238710,0.298314,0.865931,9.445161,7.948387,56.670968,1.899219,0.184837,3.877283,43.425806,0.280166,0.875706,2.732320,0.521383,5.743758,0.075079,4.625000,0.289063,1.121094,12.937500,313.937500,1987.500000,69.736892,0.153872,2.000000,0.125000,0.289228,5.262920,0.017181,3.577820,0.090395,191.558594,1.562047,0.060145,3.195237,0.029828,0.467096,0.461392,0.461392,22.537827,177.500000,10.398783,56.727922,0.319594,177.500000,1.442732,0.693130,0.234384,19.519040,0.461392,10.398783,22.537827,10.000000,21.000000,23.259407,23.259407,177.500000,10.398783,1.442732,0.693130,56.727922,0.319594,177.500000
"0daaa4b1-a27e-4854-81a5-674b9eeff8ab","Detection","nuclei_lymphocyte",833.233948,661.596863,63.000000,116.000000,2568036.000000,1.833217,29.000000,3.553554,169.000000,90.140468,17.349761,91.000000,50.000000,119.000000,12.522822,92.675505,0.584531,21.527776,2568036.000000,0.312938,463.445152,4.831665,16.488247,1.285011,2.489985,0.477707,0.678062,0.401274,1.120045,0.316686,0.811419,0.807006,0.982327,0.934892,-0.283079,0.000000,0.340840,2.080528,0.161200,3.041837,0.270246,4.161056,2.529434,0.741923,4.525885,41.160535,0.137661,1.000000,4.290578,93.568562,0.818224,5.371237,36.351171,148.782609,17.885001,0.398134,0.073583,0.734369,0.016363,65.236364,0.296529,0.944711,6.836364,11.854545,51.472727,5.846389,0.303072,4.226918,50.318182,0.228719,0.735786,4.466033,0.457079,4.028652,0.099450,5.095238,0.242630,1.229025,11.714286,1080.714286,4274.857143,465.171151,0.162460,4.047619,0.192744,0.407748,6.163767,0.039228,3.975418,0.070234,877.990930,3.693326,0.032024,3.628569,0.030013,0.325380,0.794096,0.794096,21.988308,298.500000,17.460823,66.526912,0.222871,298.500000,1.179887,0.847539,0.310365,34.225433,0.794096,17.460823,21.988308,22.000000,18.000000,28.425341,28.425341,298.500000,17.460823,1.179887,0.847539,66.526912,0.222871,298.500000
"808b5c97-872b-422b-b91c-b75cdd43d8b7","Detection","nuclei_tumor",687.376709,669.973328,87.000000,115.000000,2802822.000000,1.160902,16.000000,2.824132,135.000000,101.288889,9.004444,101.000000,80.000000,55.000000,6.782212,101.886320,0.429197,11.017405,2802822.000000,0.473032,121.383210,2.633299,2.185989,0.255566,1.048601,0.145046,0.756970,0.145046,0.597303,0.124008,0.927477,0.927477,0.985495,0.963739,-0.447848,0.000000,0.145046,1.551583,0.361436,1.777879,0.427988,3.103166,1.632833,0.298412,3.539612,59.059259,0.218738,1.000000,3.293333,127.718519,0.304307,2.770370,55.133333,141.540741,34.263992,0.590329,0.032000,0.087476,0.020288,46.184466,0.448393,0.361768,3.281553,42.815534,103.009709,28.198490,0.515912,4.455340,10.805825,0.104911,0.381481,15.329437,0.199834,0.794130,0.093586,2.200000,0.440000,0.640000,3.200000,6798.800000,18327.600000,3930.822222,0.672222,1.400000,0.280000,0.403149,0.428180,0.400363,1.921928,0.018519,3882.800000,4.561591,0.058720,0.489664,0.014320,0.181903,0.523009,0.523009,25.904915,269.000000,13.548499,69.112698,0.256925,269.000000,1.413037,0.707696,0.264144,24.790391,0.523009,13.548499,25.904915,14.000000,26.000000,29.529646,29.529646,269.000000,13.548499,1.413037,0.707696,69.112698,0.256925,269.000000
"c5f6ef70-0b55-4958-8b1a-ff1cdeb13561","Detection","nuclei_histiocyte",951.874573,671.308716,96.000000,156.000000,8139533.000000,1.959355,32.000000,2.594946,184.000000,124.446850,18.774296,122.000000,71.000000,113.000000,13.386822,126.580815,0.205745,23.144852,8139533.000000,0.295291,535.684183,12.647584,28.117793,2.012947,3.192341,0.418067,0.768410,0.398109,1.030496,0.259576,0.804272,0.802941,0.988782,0.943484,-0.326012,0.000000,0.380646,3.457458,0.146058,3.257589,0.294643,6.914916,2.799113,0.902602,4.772021,69.523622,0.136858,1.000000,4.092892,150.007874,0.919152,13.086614,35.303150,421.066929,3.885955,0.106982,0.067293,1.037198,0.007189,104.734015,0.267862,1.042157,14.194373,10.869565,132.439898,1.157377,0.104312,4.425988,95.777494,0.244955,0.769685,4.117542,0.483470,7.396034,0.047632,6.571429,0.234694,1.738520,16.892857,2198.428571,24686.500000,221.375188,0.124960,5.142857,0.183673,0.393044,7.015199,0.044319,4.253434,0.055118,1869.265306,2.186366,0.023216,4.568347,0.019501,0.284733,0.822759,0.822759,28.404829,507.500000,23.370342,88.325902,0.174041,507.500000,1.223292,0.817466,0.344928,42.272723,0.822759,23.370342,28.404829,27.000000,27.000000,38.183766,38.183766,507.500000,23.370342,1.223292,0.817466,88.325902,0.174041,507.500000
"34ffff1d-7b62-45e9-8852-bc7e8b224bcb","Detection","nuclei_stroma",770.419739,683.243103,78.000000,132.000000,3445948.000000,1.760665,28.000000,2.560495,159.000000,105.280000,16.377067,105.000000,65.000000,94.000000,12.013455,107.175059,0.238995,20.065267,3445948.000000,0.345622,402.614933,7.516957,12.635213,0.368054,2.155054,0.329973,0.734431,0.320807,0.934786,0.227056,0.841124,0.840513,0.987382,0.946750,-0.341722,0.000000,0.312786,2.657195,0.206779,2.816211,0.342805,5.314390,2.471217,0.621257,4.243559,42.033333,0.140111,1.000000,4.159289,103.686667,0.680656,8.170000,39.840000,289.876667,7.328498,0.194411,0.063754,0.898819,0.008966,52.867347,0.269731,1.035480,9.943878,16.275510,117.459184,2.993450,0.195228,4.287256,41.806122,0.213297,0.653333,6.904415,0.414400,5.498082,0.062656,5.000000,0.294118,2.006920,14.882353,1773.529412,13270.411765,282.048235,0.235212,3.941176,0.231834,0.465983,9.590679,0.030685,3.219528,0.056667,1462.110727,1.827787,0.042302,2.580100,0.019246,0.324188,0.471286,0.471286,29.249413,301.000000,13.784842,74.769553,0.248404,301.000000,1.477996,0.676592,0.262666,24.513821,0.471286,13.784842,29.249413,15.000000,28.000000,31.764760,31.764760,301.000000,13.784842,1.477996,0.676592,74.769553,0.248404,301.000000
"95afc007-3587-40f5-ba88-da798369e093","Detection","nuclei_histiocyte",708.147217,680.092590,75.000000,103.000000,1464843.000000,1.138078,14.000000,2.720254,117.000000,89.860335,8.381324,90.000000,65.000000,52.000000,6.292533,90.462591,-0.044888,10.421161,1464843.000000,0.546206,108.600605,4.485179,2.690461,-0.051802,0.834831,0.218409,0.585263,0.218409,0.757251,0.170706,0.890796,0.890796,0.978159,0.945398,-0.270625,0.000000,0.218409,2.081123,0.413234,1.890785,0.620905,4.162246,1.672376,0.263310,3.509048,31.134078,0.173933,1.000000,4.396867,97.770950,0.282326,4.765363,47.927374,203.525140,14.037244,0.288330,0.038707,0.233204,0.009500,37.222222,0.413580,0.422840,5.611111,28.200000,124.466667,7.614815,0.279321,4.073180,15.000000,0.166667,0.502793,12.377284,0.380703,2.713508,0.077868,1.500000,0.375000,0.687500,5.750000,4282.250000,18183.250000,1083.944444,0.368056,1.000000,0.250000,0.008197,0.065881,0.001781,2.000000,0.022346,2279.687500,3.344114,0.056702,0.710095,0.021844,0.139034,0.745785,0.745785,17.596182,180.000000,13.122969,52.627417,0.292375,180.000000,1.224452,0.816692,0.265999,25.139765,0.745785,13.122969,17.596182,13.000000,18.000000,22.203603,22.203603,180.000000,13.122969,1.224452,0.816692,52.627417,0.292375,180.000000
"1ad87210-0709-474f-beb6-c46163170a41","Detection","nuclei_lymphocyte",1011.817261,685.254578,76.000000,115.000000,2975906.000000,1.450984,21.000000,3.525361,150.000000,92.652819,12.401712,90.000000,63.000000,87.000000,8.592885,93.971174,0.834791,15.685558,2975906.000000,0.453707,246.036735,4.996785,6.129453,0.885008,1.226437,0.383441,0.523640,0.359325,1.007150,0.254326,0.824357,0.822749,0.985444,0.940687,-0.164203,0.000000,0.338223,2.187701,0.289603,2.488967,0.501608,4.375402,2.067760,0.402469,4.001172,42.887240,0.127262,1.000000,5.157147,152.899110,0.464511,5.563798,39.017804,180.014837,10.176512,0.271096,0.074804,0.685656,0.018236,76.578512,0.316440,0.761560,6.867769,15.586777,73.033058,3.986384,0.276042,4.030134,64.495868,0.266512,0.718101,7.829861,0.515936,4.359245,0.130152,6.181818,0.280992,1.603306,9.545455,2085.136364,8873.136364,512.923535,0.341149,4.545455,0.206612,0.450871,5.658342,0.094844,3.788755,0.065282,1850.489669,2.899740,0.027724,3.396994,0.014886,0.279167,0.676329,0.676329,25.419712,336.500000,17.192101,71.355339,0.212052,336.500000,1.204087,0.830504,0.314971,35.248699,0.676329,17.192101,25.419712,18.000000,25.000000,30.805844,30.805844,336.500000,17.192101,1.204087,0.830504,71.355339,0.212052,336.500000
"154cdc16-ef38-4dc3-93a0-201e70d3f736","Detection","nuclei_apoptosis",237.819748,694.483337,35.000000,79.000000,1780671.000000,1.603715,22.000000,5.177541,141.000000,57.354508,14.351451,56.000000,22.000000,119.000000,9.698152,60.406258,1.067330,18.957225,1780671.000000,0.385389,359.376373,7.733553,10.538755,1.472687,1.631337,0.406798,0.600813,0.339912,1.039089,0.291258,0.840369,0.836732,0.989339,0.952596,-0.243486,0.000000,0.289154,2.725329,0.243876,2.598730,0.370614,5.450658,2.171091,0.509534,4.087831,69.381148,0.142174,1.000000,6.150682,188.069672,0.625567,8.518443,44.094262,305.776639,7.571361,0.157703,0.086978,1.465064,0.008670,92.341615,0.286775,0.995612,11.487578,20.701863,151.583851,3.404249,0.131109,4.146257,93.298137,0.289746,0.659836,11.514563,0.554919,8.186529,0.055853,10.444444,0.290123,1.339506,19.166667,2088.277778,16340.194444,301.815903,0.096134,13.388889,0.371914,0.627502,14.192664,0.042026,3.438295,0.073770,1904.524691,2.191347,0.023575,4.506748,0.012355,0.333598,0.629216,0.629216,31.768850,484.500000,19.989477,88.325902,0.182303,484.500000,1.281364,0.780418,0.329296,38.527932,0.629216,19.989477,31.768850,30.000000,25.000000,39.051248,39.051248,484.500000,19.989477,1.281364,0.780418,88.325902,0.182303,484.500000
"de0afeb1-5cc5-4bb0-9b94-0391a19a13f5","Detection","nuclei_histiocyte",847.454041,701.302246,89.000000,141.000000,4492798.000000,1.597177,25.000000,2.374153,155.000000,111.348442,14.889213,109.000000,74.000000,81.000000,11.182750,112.816103,0.340204,18.138290,4492798.000000,0.363449,328.997568,9.080185,9.016491,0.692479,1.986979,0.309946,0.730121,0.296068,0.914821,0.222290,0.854279,0.853354,0.988189,0.950986,-0.335587,0.000000,0.283924,2.942945,0.202674,2.690977,0.340786,5.885891,2.352753,0.574231,4.382500,50.665722,0.143529,1.000000,3.896091,128.297450,0.553668,9.317280,42.631728,386.286119,6.090008,0.140641,0.048156,0.520126,0.008222,76.492958,0.359122,0.609535,9.779343,16.769953,155.802817,2.348172,0.139103,4.393935,35.854460,0.168331,0.603399,5.783685,0.352446,3.914358,0.048267,3.428571,0.244898,1.346939,12.142857,2562.928571,22064.642857,356.263690,0.176845,1.714286,0.122449,0.272565,3.681502,0.087140,3.807355,0.039660,1927.168367,2.149012,0.031063,2.785094,0.014992,0.267325,0.495701,0.495701,30.356438,353.500000,15.047711,79.012193,0.223514,353.500000,1.405364,0.711559,0.283971,28.651599,0.495701,15.047711,30.356438,18.000000,30.000000,34.985711,34.985711,353.500000,15.047711,1.405364,0.711559,79.012193,0.223514,353.500000
"e214312b-4fb2-40f3-9a25-41510a003256","Detection","nuclei_tumor",81.638962,704.954224,46.000000,91.000000,2568578.000000,1.680830,26.000000,2.752048,115.000000,63.748299,14.531214,59.000000,35.000000,80.000000,10.926484,66.093343,0.784362,17.449478,2568578.000000,0.349767,304.484266,4.371702,10.928544,1.143020,2.002212,0.333940,0.714111,0.315742,0.948366,0.234247,0.845162,0.843949,0.980678,0.937458,-0.311879,0.000000,0.299818,1.988626,0.208545,2.733197,0.373521,3.977252,2.362430,0.584038,4.392176,83.074830,0.141284,1.000000,4.592114,205.663265,0.638007,4.865646,42.829932,169.848639,19.209408,0.398821,0.057072,0.481742,0.015191,106.030986,0.298679,0.808760,6.261972,20.287324,77.814085,9.428912,0.329656,4.485460,67.845070,0.191113,0.603741,9.313501,0.411761,3.282144,0.105178,8.769231,0.337278,1.147929,10.615385,3983.923077,14714.884615,1492.615652,0.236111,4.307692,0.165680,0.392578,5.321711,0.045878,3.607887,0.044218,3472.467456,8.909607,0.019890,1.577605,0.029905,0.100869,0.525063,0.525063,38.802067,589.500000,20.373536,105.012193,0.178138,589.500000,1.488627,0.671760,0.309065,33.939138,0.525063,20.373536,38.802067,23.000000,35.000000,41.880783,41.880783,589.500000,20.373536,1.488627,0.671760,105.012193,0.178138,589.500000
"58a339ac-1547-4b7c-8be3-bd94b108f398","Detection","nuclei_histiocyte",987.100830,704.844482,90.000000,131.000000,7689722.000000,1.568375,23.000000,2.614637,156.000000,110.057971,13.348923,109.000000,70.000000,86.000000,9.552300,111.278053,-0.036546,16.433142,7689722.000000,0.388784,270.048169,8.741438,7.812391,-0.520241,1.634056,0.378853,0.623577,0.366010,0.988813,0.244889,0.819135,0.818279,0.985531,0.939304,-0.229177,0.000000,0.354773,2.903039,0.210833,2.730963,0.393836,5.806079,2.322307,0.503227,4.369936,86.288245,0.138950,1.000000,3.897646,241.434783,0.522211,9.130435,37.747182,338.901771,5.255331,0.151869,0.056212,0.591234,0.008561,140.640187,0.328599,0.677499,9.385514,13.467290,121.121495,1.861233,0.163138,4.305224,87.266355,0.203893,0.689211,5.046445,0.417374,4.155564,0.067300,9.533333,0.317778,1.262222,10.666667,3890.566667,34885.866667,454.253417,0.211981,3.266667,0.108889,0.278770,3.870647,0.033915,4.281728,0.048309,3462.076667,4.022612,0.015432,3.220226,0.016417,0.129420,0.575619,0.575619,37.674523,621.500000,21.686188,101.497475,0.163310,621.500000,1.319045,0.758124,0.342913,41.780047,0.575619,21.686188,37.674523,22.000000,37.000000,43.046487,43.046487,621.500000,21.686188,1.319045,0.758124,101.497475,0.163310,621.500000
"73ef6815-7307-412a-9cdb-1ac9ce4a327d","Detection","nuclei_lymphocyte",883.652649,700.555542,55.000000,112.000000,2091944.000000,1.861326,28.000000,2.819604,144.000000,82.818182,16.984743,82.000000,41.000000,103.000000,12.104257,85.524789,0.366401,21.345685,2091944.000000,0.320774,455.638271,7.953378,17.704850,0.467529,2.451741,0.413892,0.711134,0.391056,1.031728,0.260967,0.808278,0.806755,0.984263,0.935368,-0.292703,0.000000,0.371075,2.728354,0.167968,3.068850,0.296860,5.456708,2.616456,0.716408,4.407902,39.580420,0.138393,1.000000,3.966747,91.741259,0.787337,8.709790,34.874126,248.276224,7.377077,0.190647,0.060019,0.747613,0.008956,60.299539,0.277878,0.972796,10.364055,12.230415,90.377880,2.427110,0.171128,4.195914,53.958525,0.248657,0.758741,5.282210,0.486498,6.011386,0.070042,4.750000,0.296875,1.484375,14.625000,1502.125000,11471.687500,240.014687,0.153663,2.500000,0.156250,0.166961,3.158334,0.014391,3.500000,0.055944,1182.609375,2.110093,0.039401,2.942382,0.025738,0.301807,0.856019,0.856019,20.692453,285.000000,17.713142,64.284271,0.225559,285.000000,1.153864,0.866653,0.311970,34.580233,0.856019,17.713142,20.692453,17.000000,21.000000,27.018512,27.018512,285.000000,17.713142,1.153864,0.866653,64.284271,0.225559,285.000000
"6c01ca0e-5145-41ab-a7c4-0d89a386ce57","Detection","nuclei_lymphocyte",930.611267,705.469971,56.000000,97.000000,1225242.000000,1.341247,20.000000,3.020686,118.000000,73.657407,12.424126,71.000000,46.000000,72.000000,8.595918,75.315448,0.772159,15.716329,1225242.000000,0.458676,247.003001,5.992347,5.150461,1.470146,1.245100,0.301020,0.610612,0.301020,0.882535,0.210407,0.849490,0.849490,0.982293,0.939796,-0.242177,0.000000,0.301020,2.399235,0.327811,2.186427,0.531888,4.798469,1.885406,0.386530,3.599712,31.425926,0.145490,1.000000,4.985254,99.074074,0.452932,6.564815,41.879630,210.324074,9.427083,0.198431,0.057069,0.544307,0.009376,46.015152,0.348600,0.592918,8.750000,20.227273,105.818182,4.503472,0.164141,3.816194,29.272727,0.221763,0.611111,9.516529,0.466246,5.243731,0.061060,4.272727,0.388430,0.727273,9.727273,1760.727273,8277.636364,408.539141,0.191288,1.545455,0.140496,0.243240,2.657895,0.042711,3.277613,0.050926,1375.140496,2.667254,0.045701,1.759944,0.021243,0.224229,0.887957,0.887957,17.687209,213.500000,15.705478,54.870058,0.257003,213.500000,1.122181,0.891121,0.296360,31.206271,0.887957,15.705478,17.687209,17.000000,16.000000,23.345235,23.345235,213.500000,15.705478,1.122181,0.891121,54.870058,0.257003,213.500000
"8e6b20c8-2dce-4e14-ac6e-54816194701b","Detection","nuclei_histiocyte",945.373535,716.597351,71.000000,111.000000,1825104.000000,1.411946,20.000000,2.212219,124.000000,91.933649,11.577548,92.000000,64.000000,60.000000,8.866985,93.004204,-0.065383,14.070754,1825104.000000,0.412053,197.986119,4.748691,4.667010,-0.296764,1.380273,0.303665,0.639340,0.301047,0.893116,0.213036,0.849913,0.849738,0.969754,0.924869,-0.266368,0.000000,0.298757,2.116492,0.240388,2.425969,0.416230,4.232984,2.113459,0.420985,4.171917,30.687204,0.145437,1.000000,3.971250,86.943128,0.431976,5.061611,40.829384,195.573460,13.286072,0.321617,0.048118,0.301188,0.012925,52.044118,0.382677,0.492593,5.522059,15.441176,74.764706,4.744281,0.310662,4.020913,25.779412,0.189554,0.644550,5.812933,0.397772,2.570701,0.105652,3.750000,0.468750,0.734375,6.375000,2031.375000,9304.750000,534.420139,0.350694,1.250000,0.156250,0.165399,1.459282,0.021630,3.000000,0.037915,1335.734375,6.246178,0.042652,0.837945,0.041991,0.109371,0.803535,0.803535,18.382149,211.500000,14.770703,54.870058,0.259433,211.500000,1.132793,0.882774,0.293584,30.624349,0.803535,14.770703,18.382149,16.000000,17.000000,23.345235,23.345235,211.500000,14.770703,1.132793,0.882774,54.870058,0.259433,211.500000
"97b1f8d0-f8cf-43b0-9b97-7e226bdc27ae","Detection","nuclei_tumor",430.117096,730.534607,108.000000,134.000000,6622011.000000,1.026440,14.000000,3.054907,153.000000,120.292952,8.489501,119.000000,88.000000,65.000000,5.889450,120.772213,0.361522,10.748634,6622011.000000,0.547973,115.533122,5.407253,1.484185,0.483292,0.777646,0.181926,0.620818,0.181926,0.684273,0.148829,0.909037,0.909037,0.989298,0.963615,-0.296793,0.000000,0.181926,2.293103,0.416092,1.710192,0.596908,4.586207,1.528266,0.239893,3.507987,88.700441,0.195375,1.000000,3.930117,248.779736,0.247671,5.566079,53.797357,281.786344,11.678353,0.215951,0.041180,0.264166,0.011140,83.486772,0.441729,0.372610,6.296296,43.216931,212.772487,9.770944,0.220275,4.468678,24.227513,0.128188,0.416300,20.136278,0.281894,1.983771,0.074391,6.571429,0.469388,0.816327,7.428571,7238.142857,31911.785714,1728.234127,0.308036,3.285714,0.234694,0.479582,3.262666,0.183371,3.093069,0.030837,6186.530612,3.890684,0.026199,1.228964,0.007633,0.146303,0.450963,0.450963,35.942083,455.500000,16.208551,93.840620,0.206017,455.500000,1.538450,0.650005,0.282701,28.395958,0.450963,16.208551,35.942083,20.000000,35.000000,40.311289,40.311289,455.500000,16.208551,1.538450,0.650005,93.840620,0.206017,455.500000
"35d91a97-87dc-4153-a41d-6088b471c011","Detection","nuclei_lymphocyte",1005.592773,729.107239,64.000000,110.000000,2574058.000000,1.647867,23.000000,3.551233,145.000000,84.801170,14.217640,83.000000,47.000000,98.000000,9.721184,86.755319,0.718411,18.309752,2574058.000000,0.371208,335.247016,8.407115,11.017794,1.449635,1.767320,0.489328,0.566323,0.421344,1.128520,0.311797,0.800264,0.796126,0.981774,0.931366,-0.180242,0.000000,0.365591,2.843874,0.198518,2.882546,0.356522,5.687747,2.326550,0.564162,4.389678,42.596491,0.124551,1.000000,4.799289,126.953216,0.616976,9.064327,35.274854,275.941520,5.469327,0.148735,0.082847,1.103069,0.009982,77.280156,0.300701,0.826841,10.540856,11.875486,97.447471,1.796665,0.139691,4.148776,63.202335,0.245923,0.751462,4.792018,0.490053,6.142305,0.060467,8.655172,0.298454,1.277051,14.137931,1122.206897,9455.379310,145.414310,0.133994,5.620690,0.193817,0.408402,6.943983,0.038433,3.995238,0.084795,983.129608,2.635776,0.027560,3.527678,0.022037,0.214955,0.811615,0.811615,23.325978,345.000000,18.931724,71.941125,0.208525,345.000000,1.193783,0.837673,0.318991,36.154210,0.811615,18.931724,23.325978,19.000000,23.000000,29.832868,29.832868,345.000000,18.931724,1.193783,0.837673,71.941125,0.208525,345.000000
"b9fae11a-71ca-47e9-bc44-2c092592ec0a","Detection","nuclei_stroma",8.927604,736.008118,93.000000,126.000000,5048529.000000,1.276269,15.000000,3.155910,142.000000,107.736597,9.877777,106.000000,74.000000,68.000000,6.811080,108.481025,0.263490,12.686946,5048529.000000,0.485821,160.958591,8.559269,3.753485,-0.081643,1.111028,0.230769,0.656030,0.230769,0.779350,0.177515,0.884615,0.884615,0.986425,0.953846,-0.307455,0.000000,0.230769,2.887768,0.339370,2.131701,0.545397,5.775536,1.900931,0.335449,3.870801,73.372960,0.171033,1.000000,4.009661,208.417249,0.344076,8.524476,48.734266,420.603730,6.473080,0.141851,0.040800,0.295119,0.008776,81.362791,0.378432,0.505700,8.241860,29.506977,256.362791,3.780426,0.161434,4.509195,33.455814,0.155608,0.501166,13.581309,0.341402,2.581642,0.065670,5.769231,0.443787,0.863905,6.923077,6368.846154,55668.076923,764.447115,0.253739,1.923077,0.147929,0.291704,0.959282,0.130255,3.180833,0.030303,5279.846154,3.108509,0.027569,1.402271,0.012395,0.148722,0.512534,0.512534,33.261873,430.500000,17.047832,89.355339,0.207562,430.500000,1.475904,0.677551,0.287553,29.379010,0.512534,17.047832,33.261873,20.000000,31.000000,36.891733,36.891733,430.500000,17.047832,1.475904,0.677551,89.355339,0.207562,430.500000
"cf206ed4-0c96-4c56-9aad-c98ecc1f8990","Detection","nuclei_stroma",50.023403,735.270935,53.000000,101.000000,1415581.000000,1.516599,33.000000,1.877116,114.000000,75.705128,15.388889,76.000000,47.000000,67.000000,12.913265,77.778477,0.230016,17.838863,1415581.000000,0.387209,318.225016,6.726077,5.289057,0.871186,1.518772,0.337321,0.636526,0.325359,0.946574,0.231462,0.839314,0.838517,0.980369,0.935327,-0.263242,0.000000,0.314892,2.535885,0.246887,2.505700,0.410287,5.071770,2.145800,0.464023,3.937545,30.846154,0.131821,1.000000,4.639419,90.606838,0.516692,7.401709,39.017094,228.726496,7.938717,0.184977,0.065687,0.689008,0.013424,54.975460,0.337273,0.653393,9.325153,14.257669,85.190184,2.934305,0.165090,3.712962,37.625767,0.230833,0.696581,6.014077,0.446171,5.187923,0.069784,5.571429,0.397959,1.168367,11.500000,1392.285714,8375.142857,272.551091,0.220238,2.857143,0.204082,0.341638,4.164477,0.096530,3.182006,0.059829,1112.918367,2.730004,0.046685,1.753018,0.024908,0.210641,0.385092,0.385092,28.111376,235.000000,10.825467,68.769553,0.292636,235.000000,1.601455,0.624432,0.232487,19.204345,0.385092,10.825467,28.111376,21.000000,21.000000,29.698485,29.698485,235.000000,10.825467,1.601455,0.624432,68.769553,0.292636,235.000000
"9cc904cf-82ea-4f07-a2a3-91aa8521d941","Detection","nuclei_histiocyte",883.661560,738.950073,79.000000,118.000000,5399159.000000,1.431583,22.000000,2.614999,138.000000,100.283810,12.400435,102.000000,60.000000,78.000000,9.202387,101.410613,-0.299023,15.075474,5399159.000000,0.425415,227.269928,6.547401,5.554787,-0.773511,1.430662,0.286952,0.665871,0.282875,0.874005,0.206934,0.859242,0.858970,0.983192,0.943561,-0.286548,0.000000,0.279307,2.502294,0.258240,2.422615,0.402141,5.004587,2.121914,0.429404,4.062244,80.980952,0.154249,1.000000,3.548720,223.342857,0.438799,6.895238,44.192381,302.220952,8.799325,0.214220,0.043677,0.408064,0.008169,106.714286,0.362974,0.591837,7.204082,20.068027,139.945578,3.829507,0.228812,4.471195,46.312925,0.157527,0.560000,7.312925,0.309567,2.711589,0.063315,5.470588,0.321799,1.557093,9.529412,5369.352941,42778.000000,764.582925,0.321895,2.647059,0.155709,0.323294,5.019949,0.028712,3.286896,0.032381,4415.633218,4.764313,0.020256,1.490162,0.018715,0.100661,0.611550,0.611550,33.768703,524.000000,20.651256,95.740115,0.182710,524.000000,1.392024,0.718378,0.315584,35.386133,0.611550,20.651256,33.768703,27.000000,30.000000,40.360872,40.360872,524.000000,20.651256,1.392024,0.718378,95.740115,0.182710,524.000000
"6c795354-3b01-4d09-ab2f-9b7ac292c7f5","Detection","nuclei_histiocyte",745.038574,735.768005,95.000000,133.000000,3619228.000000,1.416534,18.000000,3.117774,150.000000,115.078067,11.120300,117.000000,71.000000,79.000000,7.440671,115.993014,-0.299756,14.540210,3619228.000000,0.438648,211.417697,9.691371,4.933827,-0.262931,1.293644,0.291371,0.632343,0.287310,0.879950,0.208824,0.857022,0.856751,0.988826,0.952212,-0.267623,0.000000,0.283756,3.072589,0.278806,2.385233,0.480203,6.145178,2.080780,0.396254,4.159088,38.628253,0.143599,1.000000,4.328050,117.996283,0.418264,9.869888,43.193309,417.646840,5.132661,0.124968,0.054898,0.588687,0.009697,54.949367,0.347781,0.609998,10.227848,19.949367,191.518987,2.347553,0.135396,4.340475,28.746835,0.181942,0.587361,8.354911,0.394477,4.253860,0.059231,3.615385,0.278107,1.301775,10.769231,2154.384615,19915.615385,242.464081,0.198056,2.230769,0.171598,0.345897,4.193227,0.101072,3.700440,0.048327,1726.213018,1.531071,0.036270,2.851764,0.011364,0.331631,0.754551,0.754551,21.365593,268.000000,16.121430,62.284271,0.232404,268.000000,1.151893,0.868136,0.307604,33.619155,0.754551,16.121430,21.365593,21.000000,16.000000,26.400758,26.400758,268.000000,16.121430,1.151893,0.868136,62.284271,0.232404,268.000000
"cd9c446b-938b-442a-9610-41b37cbe305c","Detection","nuclei_tumor",595.520935,748.551575,80.000000,116.000000,4307268.000000,1.325926,16.000000,3.442459,146.000000,96.422907,10.611811,95.000000,65.000000,81.000000,7.069202,97.403154,0.590921,13.783953,4307268.000000,0.473190,189.997361,5.473029,4.187051,0.672822,1.087646,0.299941,0.567680,0.296384,0.890264,0.212097,0.852401,0.852164,0.982419,0.940842,-0.211975,0.000000,0.293272,2.296977,0.315492,2.249659,0.513930,4.593954,1.938262,0.346897,3.892221,63.339207,0.139514,1.000000,4.549225,214.828194,0.385492,5.898678,43.515419,218.647577,10.278757,0.229473,0.055465,0.499059,0.010105,101.892857,0.363903,0.576416,7.317857,20.450000,99.542857,4.878423,0.215799,4.143760,59.307143,0.211811,0.616740,9.933878,0.441975,3.944640,0.086462,7.181818,0.326446,1.000000,10.000000,3993.545455,18724.727273,926.936869,0.227273,4.090909,0.185950,0.396058,4.989468,0.041526,3.572624,0.048458,3567.685950,5.535437,0.020901,1.633936,0.017702,0.106078,0.501901,0.501901,34.274774,457.500000,17.202539,90.325902,0.197434,457.500000,1.419135,0.704655,0.300675,32.121636,0.501901,17.202539,34.274774,30.000000,26.000000,39.698866,39.698866,457.500000,17.202539,1.419135,0.704655,90.325902,0.197434,457.500000
"0c23b447-b902-43bc-ac15-f0b86e9ee281","Detection","nuclei_histiocyte",1018.392517,746.494263,74.000000,117.000000,1489328.000000,1.632080,22.000000,4.002902,156.000000,94.750000,14.034375,92.000000,60.000000,96.000000,9.542840,96.479532,0.909102,18.186190,1489328.000000,0.390000,330.737500,5.354724,7.353481,0.516819,1.536758,0.504456,0.505729,0.440285,1.135467,0.310605,0.790107,0.786275,0.981169,0.928115,-0.156194,0.000000,0.388344,2.257576,0.203749,2.839841,0.383244,4.515152,2.299082,0.510304,4.074037,24.987500,0.156172,1.000000,3.431094,62.400000,0.592148,5.968750,29.825000,150.143750,8.361448,0.277594,0.082024,0.675905,0.026725,44.696552,0.308252,0.815220,7.151724,7.006897,36.427586,1.979862,0.263866,3.748519,41.041379,0.283044,0.906250,2.136504,0.525443,4.698925,0.124760,3.333333,0.277778,1.520833,9.083333,711.666667,3131.583333,183.276481,0.330880,2.000000,0.166667,0.364386,3.329118,0.182675,3.418296,0.075000,533.888889,1.632559,0.053731,3.722977,0.022218,0.509082,0.659222,0.659222,18.710666,160.500000,12.334476,55.213203,0.344007,160.500000,1.511475,0.661605,0.220717,17.309065,0.659222,12.334476,18.710666,12.000000,20.000000,23.323808,23.323808,160.500000,12.334476,1.511475,0.661605,55.213203,0.344007,160.500000
"edc947df-39fb-436a-9cfe-b33094fe4e89","Detection","nuclei_stroma",699.215515,755.066833,82.000000,100.000000,1893626.000000,0.479832,8.000000,3.993704,118.000000,90.112069,5.072012,89.000000,77.000000,41.000000,3.759361,90.344790,0.779354,6.480437,1893626.000000,0.814507,41.996061,1.200767,0.480216,0.284643,0.212755,0.085678,0.425816,0.085678,0.421876,0.078337,0.957161,0.957161,0.982864,0.971441,-0.185952,0.000000,0.085678,1.081202,0.772446,0.737230,0.875959,2.162404,0.651552,0.074608,2.702248,51.612069,0.222466,1.000000,3.886965,188.965517,0.092747,1.310345,55.206897,59.629310,54.101293,0.922414,0.031935,0.071989,0.021922,51.565217,0.560491,0.219754,1.978261,44.413043,47.739130,43.581522,0.755435,3.679436,11.478261,0.124764,0.396552,18.976371,0.296958,0.980382,0.126102,4.333333,0.722222,0.138889,3.500000,7234.333333,7305.333333,7216.583333,0.375000,1.000000,0.166667,0.076611,0.306433,0.019156,2.584963,0.025862,5739.222222,7.078036,0.102430,0.084162,0.008250,0.096914,0.182753,0.182753,41.566959,232.000000,7.596489,102.911688,0.443585,232.000000,3.632717,0.275276,0.125376,5.585142,0.182753,7.596489,41.566959,19.000000,40.000000,44.283180,44.283180,232.000000,7.596489,3.632717,0.275276,102.911688,0.443585,232.000000
"93cd400d-e6cc-47b8-b87a-4c13e1e3fc11","Detection","nuclei_histiocyte",846.328491,749.448364,76.000000,117.000000,2306680.000000,1.506564,20.000000,2.726577,136.000000,96.808333,12.277500,98.000000,58.000000,78.000000,8.576788,98.036558,-0.140894,15.469753,2306680.000000,0.396146,239.313264,5.918578,6.150671,-0.502315,1.537780,0.349771,0.629392,0.342890,0.952020,0.232197,0.829702,0.829243,0.979547,0.931651,-0.242888,0.000000,0.336869,2.370986,0.211981,2.624709,0.314220,4.741972,2.255017,0.471888,4.209799,36.666667,0.152778,1.000000,3.343333,95.075000,0.479931,6.200000,36.983333,220.750000,9.123409,0.254253,0.055140,0.431822,0.012263,62.192982,0.363702,0.574399,6.549708,11.906433,71.614035,2.857537,0.254833,4.070681,35.573099,0.208030,0.712500,4.027085,0.386858,2.738062,0.091267,3.333333,0.277778,1.222222,8.333333,1432.000000,9690.333333,261.673032,0.289352,1.666667,0.138889,0.307712,3.613808,0.040370,3.418296,0.050000,1032.000000,3.164124,0.036397,1.835410,0.024998,0.185769,0.674827,0.674827,21.475871,240.500000,14.492496,60.870058,0.253098,240.500000,1.225977,0.815676,0.285716,29.004901,0.674827,14.492496,21.475871,15.000000,21.000000,25.806976,25.806976,240.500000,14.492496,1.225977,0.815676,60.870058,0.253098,240.500000
"3c39f1c3-5e27-4dbf-b402-8904951dde6d","Detection","nuclei_tumor",524.435974,755.736816,107.000000,152.000000,9530725.000000,1.613079,22.000000,2.871187,181.000000,128.180702,13.684315,127.000000,84.000000,97.000000,9.969059,129.308044,0.311068,17.037543,9530725.000000,0.372472,290.277873,7.378265,9.952568,0.695615,1.871543,0.309235,0.716399,0.302705,0.906574,0.217605,0.849736,0.849300,0.988158,0.949705,-0.319251,0.000000,0.296992,2.643424,0.214158,2.690781,0.318563,5.286847,2.362008,0.545195,4.374010,83.954386,0.147288,1.000000,3.660339,212.308772,0.557061,7.584211,42.975439,315.384211,7.860277,0.191512,0.041927,0.335142,0.009295,111.964497,0.331256,0.702636,7.887574,19.905325,142.248521,3.654413,0.205910,4.529374,59.284024,0.175397,0.592982,8.529673,0.340966,2.808238,0.077820,4.294118,0.252595,1.474048,9.117647,4933.058824,29907.705882,976.317745,0.320980,2.058824,0.121107,0.183449,1.432979,0.059459,3.690117,0.029825,3808.837370,3.948598,0.018885,2.758687,0.015016,0.174351,0.706237,0.706237,32.233587,570.000000,22.764548,95.740115,0.167965,570.000000,1.279685,0.781442,0.343288,41.871666,0.706237,22.764548,32.233587,29.000000,28.000000,40.311289,40.311289,570.000000,22.764548,1.279685,0.781442,95.740115,0.167965,570.000000
"10b7d0b8-87e7-4648-b664-b75df17e3fb7","Detection","nuclei_tumor",370.502747,753.702454,100.000000,133.000000,6232604.000000,1.331366,17.000000,3.478134,159.000000,116.330396,10.772303,116.000000,76.000000,83.000000,7.208947,117.167413,-0.087112,13.980039,6232604.000000,0.476576,195.441499,4.959316,4.788847,0.237287,1.209705,0.291863,0.611255,0.284788,0.884553,0.210759,0.858785,0.858314,0.982956,0.943278,-0.248408,0.000000,0.278597,2.174823,0.299043,2.340963,0.502948,4.349646,2.028804,0.375392,4.007932,68.577093,0.151051,1.000000,4.070116,216.365639,0.372664,5.127753,44.647577,212.202643,12.656174,0.286680,0.046223,0.285421,0.015901,98.248062,0.380806,0.523286,5.682171,23.317829,109.147287,6.298988,0.295650,4.331894,46.472868,0.180127,0.568282,10.931795,0.365921,2.245738,0.111661,7.000000,0.350000,1.240000,7.000000,4399.600000,18508.700000,1104.578472,0.421875,2.900000,0.145000,0.261463,2.099566,0.132425,3.784184,0.044053,3884.310000,5.163602,0.022475,1.576337,0.016024,0.117797,0.783727,0.783727,27.383242,456.500000,21.460977,82.183766,0.180030,456.500000,1.177393,0.849334,0.345690,42.459592,0.783727,21.460977,27.383242,26.000000,23.000000,34.713110,34.713110,456.500000,21.460977,1.177393,0.849334,82.183766,0.180030,456.500000
"9eddc60a-11ff-49fc-9e41-a332ee8b270d","Detection","nuclei_tumor",665.118774,754.519775,93.000000,133.000000,7062355.000000,1.479534,20.000000,2.765489,161.000000,113.938202,12.648845,115.000000,79.000000,82.000000,9.070785,115.001669,0.125228,15.603524,7062355.000000,0.418262,243.469964,4.409389,5.034580,-0.003097,1.381607,0.318526,0.625293,0.298334,0.929560,0.229523,0.854198,0.852852,0.981620,0.941006,-0.268346,0.000000,0.280666,2.035588,0.260879,2.463307,0.458354,4.071176,2.114374,0.425033,4.212610,76.404494,0.143080,1.000000,4.868661,223.352060,0.461996,4.728464,44.318352,190.380150,15.934925,0.355545,0.061636,0.494941,0.017140,102.993506,0.334395,0.660851,5.607143,21.233766,88.935065,7.759019,0.340639,4.399870,59.649351,0.193667,0.576779,9.209985,0.431989,2.938593,0.136891,9.413793,0.324614,1.129608,8.931034,3481.448276,13873.689655,981.481801,0.291188,5.206897,0.179548,0.414221,5.337979,0.066689,3.754533,0.054307,3142.380499,7.274531,0.018233,1.731479,0.022402,0.097874,0.372849,0.372849,43.312164,534.500000,16.148915,105.840620,0.198018,534.500000,1.667812,0.599588,0.276945,27.251516,0.372849,16.148915,43.312164,39.000000,23.000000,45.276926,45.276926,534.500000,16.148915,1.667812,0.599588,105.840620,0.198018,534.500000
"c63a6cee-7d67-40e9-b4b8-4e2d88502f87","Detection","nuclei_tumor",398.445648,765.650208,105.000000,139.000000,9012671.000000,1.390410,19.000000,2.914471,161.000000,121.914858,10.881647,122.000000,81.000000,80.000000,7.836825,122.662934,-0.012271,13.526371,9012671.000000,0.430269,182.962701,6.049778,4.814100,0.042410,1.309624,0.325778,0.601593,0.316889,0.929610,0.225359,0.843037,0.842444,0.980993,0.936919,-0.230028,0.000000,0.309111,2.409111,0.241705,2.477913,0.363556,4.818222,2.127882,0.408850,4.205124,86.285476,0.144049,1.000000,3.860831,257.731219,0.403438,6.247078,41.871452,258.954925,8.829948,0.227091,0.045200,0.299106,0.012246,140.130194,0.388172,0.504155,6.365651,18.592798,111.340720,3.969606,0.247999,4.355967,64.185596,0.177799,0.602671,7.579960,0.378833,2.400856,0.101331,5.947368,0.313019,1.191136,7.052632,5700.684211,29060.947368,1262.522661,0.398757,1.842105,0.096953,0.199641,1.626109,0.080723,4.037401,0.031720,4706.775623,7.039917,0.015804,1.654743,0.018369,0.081167,0.587131,0.587131,36.405643,598.000000,21.374893,99.941125,0.167126,598.000000,1.329160,0.752355,0.337684,40.515577,0.587131,21.374893,36.405643,21.000000,35.000000,40.816663,40.816663,598.000000,21.374893,1.329160,0.752355,99.941125,0.167126,598.000000
"f1b6f07f-23c0-4424-a014-e3334ec6e80d","Detection","nuclei_lymphocyte",967.725830,762.248291,63.000000,104.000000,2319486.000000,1.527662,19.000000,3.882664,138.000000,81.364985,12.366244,79.000000,45.000000,93.000000,8.351709,82.962327,0.801429,16.201449,2319486.000000,0.399854,262.486964,7.641995,5.163244,0.516214,1.325088,0.412711,0.525019,0.367659,1.049220,0.277538,0.823478,0.820676,0.984512,0.939782,-0.173770,0.000000,0.330138,2.722848,0.232485,2.593557,0.378922,5.445696,2.129587,0.434450,4.200717,42.335312,0.125624,1.000000,5.366975,134.750742,0.511213,8.341246,39.296736,288.501484,6.351170,0.156890,0.088312,1.170684,0.014269,76.032787,0.311610,0.778084,9.926230,14.377049,110.491803,2.225897,0.149337,4.052866,63.581967,0.260582,0.724036,6.746775,0.516352,6.149101,0.071737,7.785714,0.278061,1.309949,14.321429,1206.535714,8796.178571,192.748403,0.153413,8.142857,0.290816,0.544610,9.042004,0.103723,3.597558,0.083086,1061.677296,2.566656,0.026344,3.444977,0.017506,0.221129,0.901086,0.901086,22.202236,341.000000,20.006127,71.941125,0.210971,341.000000,1.207787,0.827961,0.315292,35.320712,0.901086,20.006127,22.202236,21.000000,22.000000,30.413813,30.413813,341.000000,20.006127,1.207787,0.827961,71.941125,0.210971,341.000000
"2767063b-a5a3-493e-95dc-7fb643eb4e9a","Detection","nuclei_stroma",119.071426,766.172791,43.000000,113.000000,1513924.000000,2.073659,34.000000,3.836813,167.000000,69.242647,21.889760,62.000000,36.000000,131.000000,15.236134,74.604940,1.211512,27.773240,1513924.000000,0.276871,771.352887,5.271429,62.596449,8.772619,4.110765,0.605102,0.743376,0.488776,1.231871,0.366201,0.773980,0.767245,0.984195,0.932204,-0.284505,0.000000,0.396627,2.096429,0.146386,3.363010,0.244898,4.192857,2.754713,1.178967,4.423010,34.602941,0.127217,1.000000,4.884299,75.308824,1.378460,6.375000,30.625000,104.308824,18.268987,0.420921,0.104754,1.382541,0.018407,53.303030,0.230749,1.596934,9.082251,10.519481,45.168831,5.960180,0.283902,4.106194,72.168831,0.312419,0.849265,4.973557,0.571813,6.815982,0.095425,6.538462,0.251479,1.332840,16.423077,708.384615,2326.307692,361.363077,0.112863,6.230769,0.239645,0.486705,8.692375,0.031967,3.530964,0.095588,598.940828,2.548974,0.045216,5.357470,0.032899,0.726430,0.377603,0.377603,30.963833,273.000000,11.692049,73.455844,0.269069,273.000000,1.572824,0.635799,0.244652,21.266627,0.377603,11.692049,30.963833,13.000000,29.000000,31.780497,31.780497,273.000000,11.692049,1.572824,0.635799,73.455844,0.269069,273.000000
"61fea67a-042d-4562-bd7a-bfda313643dd","Detection","nuclei_lymphocyte",875.662292,764.849121,49.000000,104.000000,1974081.000000,1.800827,23.000000,3.818794,146.000000,72.721739,16.082218,68.000000,36.000000,110.000000,10.800051,75.643730,0.937692,20.821205,1974081.000000,0.349548,433.522571,5.798431,14.999181,1.436801,2.115663,0.509804,0.611647,0.418824,1.154796,0.334391,0.805359,0.799686,0.981169,0.932334,-0.238754,0.000000,0.342919,2.323137,0.207254,2.963518,0.402353,4.646275,2.430294,0.656367,4.325141,42.426087,0.122974,1.000000,5.621038,120.594203,0.789884,6.689855,37.208696,173.478261,12.041058,0.267876,0.086520,1.070405,0.012326,69.956863,0.274341,1.007982,9.113725,13.529412,68.823529,4.032549,0.207289,4.173225,67.125490,0.263237,0.739130,6.207612,0.516802,6.139755,0.071804,10.500000,0.328125,0.984375,14.125000,1066.781250,4572.875000,281.751007,0.137109,6.687500,0.208984,0.402918,6.611991,0.030389,3.816428,0.092754,950.545898,3.246770,0.030746,3.054746,0.027639,0.258113,0.788041,0.788041,23.684523,342.500000,18.664382,71.698485,0.209339,342.500000,1.194399,0.837241,0.318288,35.995117,0.788041,18.664382,23.684523,19.000000,23.000000,29.832868,29.832868,342.500000,18.664382,1.194399,0.837241,71.698485,0.209339,342.500000
"10f6a163-8138-4ac6-9f19-5403938bc48d","Detection","nuclei_histiocyte",994.736023,768.457520,96.000000,126.000000,3713696.000000,1.181412,14.000000,3.189927,145.000000,111.398649,9.082405,111.000000,84.000000,61.000000,6.350895,112.010135,0.268402,11.688086,3713696.000000,0.532414,136.611350,3.957447,2.903619,0.055767,0.919885,0.271970,0.543619,0.266420,0.854412,0.200991,0.867715,0.867345,0.973059,0.933673,-0.211682,0.000000,0.261563,1.948196,0.355860,2.103523,0.568918,3.896392,1.814552,0.297964,3.873840,43.628378,0.147393,1.000000,4.559533,157.594595,0.300356,4.060811,45.243243,188.250000,14.153716,0.369932,0.050413,0.227196,0.021003,69.189349,0.409404,0.437100,3.911243,22.094675,90.650888,6.770217,0.449704,4.076709,30.408284,0.179931,0.570946,9.823956,0.398963,1.569158,0.190183,5.000000,0.384615,0.840237,4.538462,3317.230769,13335.384615,870.128205,0.542735,1.769231,0.136095,0.268297,1.643219,0.107514,3.546594,0.043919,2798.792899,6.481621,0.031891,0.734174,0.025868,0.076155,0.546822,0.546822,26.621017,298.000000,14.556966,71.112698,0.238633,298.000000,1.350418,0.740512,0.280363,27.928231,0.546822,14.556966,26.621017,15.000000,27.000000,30.886890,30.886890,298.000000,14.556966,1.350418,0.740512,71.112698,0.238633,298.000000
"f33aa819-07dd-4d70-bcec-f8ae51f8bade","Detection","nuclei_tumor",582.498657,772.286133,87.000000,128.000000,8128424.000000,1.453299,20.000000,2.745731,155.000000,107.472464,12.191876,107.000000,64.000000,91.000000,8.963748,108.537204,0.191298,15.165559,8128424.000000,0.408066,229.994169,8.119139,5.056196,0.383054,1.429101,0.311683,0.641905,0.306303,0.907869,0.217862,0.847745,0.847387,0.988055,0.949078,-0.263269,0.000000,0.301595,2.799962,0.236243,2.476980,0.389700,5.599923,2.150437,0.435196,4.211604,100.208696,0.145230,1.000000,3.950901,281.565217,0.451913,8.455072,43.040580,335.243478,6.748479,0.149339,0.054659,0.600681,0.007847,147.253041,0.358280,0.574115,9.515815,19.274939,146.501217,3.099023,0.139540,4.402823,73.165450,0.178018,0.595652,8.001030,0.381961,4.182764,0.050131,11.580645,0.373569,1.011446,12.483871,5405.677419,43017.806452,763.040278,0.139901,5.967742,0.192508,0.435300,6.024476,0.067111,3.986454,0.044928,4910.255983,4.653276,0.014037,2.984366,0.012759,0.127360,0.539614,0.539614,40.799207,692.500000,22.015812,108.325902,0.156427,692.500000,1.348450,0.741592,0.346534,42.667283,0.539614,22.015812,40.799207,38.000000,27.000000,46.615448,46.615448,692.500000,22.015812,1.348450,0.741592,108.325902,0.156427,692.500000
"e214abd0-05d5-49c0-be16-3748f1f3c157","Detection","nuclei_tumor",142.844299,776.031677,48.000000,84.000000,2285342.000000,1.383069,19.000000,3.090181,108.000000,63.069343,11.140897,61.000000,40.000000,68.000000,7.990645,64.578109,0.771957,13.877683,2285342.000000,0.462724,192.590082,4.264031,5.165327,0.193119,1.233265,0.212299,0.706276,0.211323,0.748051,0.167641,0.894501,0.894436,0.987529,0.957768,-0.361656,0.000000,0.210469,2.002196,0.352397,2.140022,0.562714,4.004392,1.924751,0.361391,3.704199,111.437956,0.203354,1.000000,4.621677,253.572993,0.403308,4.647810,52.251825,209.695255,18.528449,0.340924,0.043383,0.312060,0.012079,87.724409,0.345372,0.629193,6.153543,38.598425,154.842520,12.514764,0.299431,4.423409,43.409449,0.170903,0.463504,19.979540,0.394475,3.128878,0.086630,4.285714,0.306122,0.979592,9.142857,9341.857143,37251.214286,2699.366567,0.244048,3.285714,0.234694,0.445878,4.615501,0.112329,3.467720,0.025547,7809.693878,4.667850,0.026382,1.171814,0.013036,0.139014,0.499419,0.499419,37.599248,547.000000,18.777785,98.568542,0.180198,547.000000,1.413447,0.707490,0.315359,35.335564,0.499419,18.777785,37.599248,27.000000,33.000000,42.638011,42.638011,547.000000,18.777785,1.413447,0.707490,98.568542,0.180198,547.000000
"8eace287-1614-438d-9f2a-9a8487b8748a","Detection","nuclei_stroma",52.323841,771.641357,71.000000,98.000000,1164478.000000,0.955395,14.000000,3.086342,115.000000,84.943396,8.286223,85.000000,60.000000,55.000000,6.194697,85.578975,0.253451,10.410593,1164478.000000,0.630473,108.380444,3.531646,1.517945,-0.267699,0.627405,0.229656,0.464084,0.229656,0.777412,0.176914,0.885172,0.885172,0.977034,0.942586,-0.169028,0.000000,0.229656,1.852622,0.449262,1.744396,0.649186,3.705244,1.514740,0.214265,3.561459,24.106918,0.151616,1.000000,4.179661,100.245283,0.213599,3.773585,44.610063,164.050314,15.330014,0.369497,0.050534,0.258405,0.018561,43.395604,0.476875,0.352856,3.967033,19.824176,75.714286,6.462149,0.404762,3.892389,17.285714,0.189953,0.572327,7.612607,0.407391,1.878451,0.165117,2.714286,0.387755,0.857143,4.857143,2239.571429,8781.714286,612.130952,0.511905,1.285714,0.183673,0.340522,2.649588,0.083955,2.521641,0.044025,1723.632653,2.987879,0.060748,0.698386,0.016221,0.147922,0.367620,0.367620,23.839327,158.000000,8.763820,57.455844,0.363645,158.000000,1.662652,0.601449,0.204683,14.885517,0.367620,8.763820,23.839327,21.000000,13.000000,24.698178,24.698178,158.000000,8.763820,1.662652,0.601449,57.455844,0.363645,158.000000
"110a91f2-4134-4524-8b13-9b51488392fb","Detection","nuclei_lymphocyte",747.859680,778.145630,72.000000,124.000000,3821714.000000,1.632721,20.000000,5.251432,185.000000,91.123853,15.718626,85.000000,53.000000,132.000000,9.207314,93.623710,1.487138,21.490520,3821714.000000,0.437895,461.842459,4.818182,22.320532,3.534678,1.962842,0.518428,0.582127,0.389435,1.149804,0.366768,0.824939,0.818182,0.986651,0.946582,-0.200245,0.000000,0.293970,2.111179,0.303633,2.675234,0.528256,4.222359,2.196484,0.620317,4.081342,57.357798,0.131555,1.000000,6.160361,190.922018,0.789007,5.667431,41.995413,170.043578,13.662071,0.323380,0.091923,1.058006,0.019574,71.820000,0.239400,1.393100,8.310000,18.986667,81.573333,5.624626,0.299472,4.298008,86.726667,0.289089,0.688073,10.537956,0.552067,6.095103,0.128135,11.652174,0.253308,1.637524,12.413043,1654.000000,6655.630435,425.743394,0.227101,10.043478,0.218336,0.449840,6.440899,0.063006,4.229523,0.105505,1564.162571,3.049956,0.023199,5.351881,0.017756,0.438098,0.937502,0.937502,24.542648,436.000000,23.008792,79.597980,0.182564,436.000000,1.156399,0.864753,0.346385,42.630381,0.937502,23.008792,24.542648,24.000000,24.000000,33.941125,33.941125,436.000000,23.008792,1.156399,0.864753,79.597980,0.182564,436.000000
"d2594f2d-13f1-4595-92c4-1a697700f521","Detection","nuclei_lymphocyte",827.055969,783.898071,79.000000,127.000000,5541141.000000,1.648365,27.000000,2.719053,160.000000,100.407895,14.937871,99.000000,67.000000,93.000000,11.049480,102.057232,0.477041,18.273840,5541141.000000,0.367509,333.933246,6.520342,9.461607,0.826452,1.826531,0.335008,0.690029,0.326971,0.938754,0.228097,0.837854,0.837318,0.987179,0.945696,-0.287583,0.000000,0.319940,2.479407,0.215128,2.715676,0.365143,4.958815,2.358598,0.540385,4.382687,73.187970,0.137571,1.000000,4.299932,195.515038,0.594306,7.043233,41.116541,257.317669,9.000085,0.218835,0.058165,0.571326,0.012018,102.367470,0.308336,0.787587,8.087349,19.006024,127.409639,3.901921,0.218646,4.465575,69.524096,0.209410,0.624060,8.735157,0.446504,4.315776,0.088488,5.190476,0.247166,1.523810,10.523810,3905.619048,20958.523810,847.963796,0.272989,4.523810,0.215420,0.462933,6.125284,0.089432,3.975418,0.039474,3263.841270,4.021714,0.020376,2.897653,0.017019,0.184205,0.527316,0.527316,35.959646,533.000000,18.962096,93.941125,0.176250,533.000000,1.317572,0.758972,0.330270,38.756051,0.527316,18.962096,35.959646,19.000000,35.000000,39.824616,39.824616,533.000000,18.962096,1.317572,0.758972,93.941125,0.176250,533.000000
"587efaba-9ae1-4949-86c3-b6b3603d3610","Detection","nuclei_lymphocyte",916.564453,778.794434,69.000000,108.000000,2207369.000000,1.529417,25.000000,2.157032,125.000000,87.532143,12.648265,85.000000,59.000000,66.000000,9.942145,88.788855,0.255177,14.885721,2207369.000000,0.371862,221.584681,4.257561,5.825333,0.058614,1.649357,0.323902,0.671708,0.321951,0.915003,0.220250,0.839350,0.839220,0.980981,0.935675,-0.281386,0.000000,0.320244,1.981463,0.203672,2.583127,0.354146,3.962927,2.252445,0.493315,4.297154,40.528571,0.144745,1.000000,3.756327,104.121429,0.513010,4.657143,39.414286,166.235714,16.663418,0.389410,0.052694,0.341378,0.014560,65.176796,0.360093,0.550777,5.265193,14.596685,63.436464,6.088781,0.345381,4.170868,33.607735,0.185678,0.646429,5.024328,0.391053,2.568700,0.096410,4.200000,0.420000,0.610000,7.900000,2585.000000,10258.400000,938.931250,0.222917,1.600000,0.160000,0.333956,3.205394,0.046155,3.321928,0.035714,1801.000000,4.211757,0.033988,1.905692,0.025536,0.189280,0.663907,0.663907,23.303480,280.500000,15.471346,64.870058,0.231266,280.500000,1.193839,0.837634,0.302895,32.597572,0.663907,15.471346,23.303480,15.000000,23.000000,27.459060,27.459060,280.500000,15.471346,1.193839,0.837634,64.870058,0.231266,280.500000
"ac163e65-3cd6-4439-9c0e-c13b3b52204c","Detection","nuclei_lymphocyte",1014.141724,775.845093,66.000000,113.000000,1835950.000000,1.738161,28.000000,2.713669,139.000000,87.684211,15.630194,85.000000,53.000000,86.000000,11.395203,89.735234,0.562724,19.075940,1835950.000000,0.331987,363.891505,4.365854,13.258194,1.553549,2.263502,0.325610,0.748478,0.318293,0.927209,0.224300,0.842073,0.841585,0.980976,0.936585,-0.343156,0.000000,0.311890,1.970122,0.191869,2.774694,0.326829,3.940244,2.436517,0.647278,4.385997,32.087719,0.140736,1.000000,4.354725,75.692982,0.712585,4.907895,39.517544,149.442982,19.730964,0.417306,0.052858,0.372583,0.015595,46.171053,0.303757,0.810552,6.203947,15.763158,60.657895,7.828034,0.327897,4.215946,31.460526,0.206977,0.666667,6.763158,0.424380,3.304952,0.103956,2.750000,0.343750,0.859375,9.125000,2022.000000,7578.375000,852.684896,0.227431,1.000000,0.125000,0.172573,1.778830,0.017635,3.000000,0.035088,1209.750000,4.447219,0.046692,1.680199,0.036105,0.250073,0.621819,0.621819,22.017438,227.000000,13.690868,63.455844,0.279541,227.000000,1.411587,0.708423,0.253363,22.808105,0.621819,13.690868,22.017438,20.000000,17.000000,26.248809,26.248809,227.000000,13.690868,1.411587,0.708423,63.455844,0.279541,227.000000
"a9726f1d-1d04-4e84-b9f4-ab60ecf0dc7d","Detection","nuclei_lymphocyte",896.494690,784.500000,62.000000,121.000000,2159762.000000,1.807547,28.000000,2.817721,150.000000,90.000000,17.373016,88.000000,50.000000,100.000000,12.322189,92.576909,0.563007,21.690646,2159762.000000,0.323728,470.484127,4.519042,16.588359,2.113816,2.411274,0.387378,0.723168,0.359086,1.014634,0.258435,0.825172,0.823286,0.985326,0.940826,-0.314894,0.000000,0.334331,2.003264,0.188568,2.886354,0.338411,4.006529,2.479798,0.699663,4.291094,34.809524,0.138133,1.000000,4.522046,81.579365,0.809949,5.250000,37.904762,138.257937,19.105345,0.403515,0.072585,0.711362,0.014794,48.451429,0.276865,0.958367,7.280000,13.405714,55.085714,6.473870,0.290179,4.125778,38.680000,0.221029,0.694444,5.111314,0.448208,4.648303,0.069804,6.411765,0.377163,0.768166,11.235294,1114.705882,4078.058824,461.188219,0.153088,3.117647,0.183391,0.404976,5.161129,0.036832,3.499228,0.067460,894.968858,2.724132,0.043471,3.264039,0.026002,0.445877,0.725269,0.725269,21.145694,252.000000,15.336313,61.112698,0.242511,252.000000,1.179377,0.847906,0.297597,31.467271,0.725269,15.336313,21.145694,16.000000,21.000000,26.400758,26.400758,252.000000,15.336313,1.179377,0.847906,61.112698,0.242511,252.000000
"badfb707-b357-4e5f-bdca-31dfe1af085f","Detection","nuclei_tumor",455.196136,795.468628,83.000000,128.000000,6341107.000000,1.679745,23.000000,2.979289,160.000000,107.326493,14.090429,109.000000,59.000000,101.000000,10.128813,108.767750,-0.091052,17.647875,6341107.000000,0.370921,311.447507,8.009500,9.860496,-0.593172,1.813400,0.467000,0.590423,0.431000,1.084804,0.281239,0.790500,0.788100,0.982325,0.929024,-0.200717,0.000000,0.399500,2.770000,0.183245,2.945728,0.344500,5.540000,2.429623,0.570100,4.370451,73.723881,0.137545,1.000000,3.948429,198.813433,0.604418,8.509328,32.899254,254.464552,5.865677,0.177230,0.067193,0.804008,0.009416,132.853774,0.313334,0.776605,9.398585,10.952830,88.504717,1.819275,0.172614,4.140910,110.693396,0.261069,0.791045,4.560520,0.502862,5.349559,0.075205,11.400000,0.325714,1.335510,13.485714,2250.514286,19193.571429,285.485786,0.171984,3.971429,0.113469,0.259325,4.897759,0.018888,4.093150,0.065299,2015.986939,4.040460,0.017446,3.340702,0.021353,0.139417,0.461434,0.461434,38.934307,537.000000,17.965630,99.597980,0.185471,537.000000,1.469999,0.680273,0.304806,33.010291,0.461434,17.965630,38.934307,18.000000,39.000000,42.953463,42.953463,537.000000,17.965630,1.469999,0.680273,99.597980,0.185471,537.000000
"6d8319df-fa27-48a1-9528-a835c51b769e","Detection","nuclei_lymphocyte",789.003601,789.872681,66.000000,125.000000,3110929.000000,1.920777,27.000000,3.058950,171.000000,95.187117,17.200139,94.000000,47.000000,124.000000,12.183927,97.686882,0.248132,21.957683,3110929.000000,0.304396,482.139834,11.195507,20.391173,0.343151,2.708338,0.566556,0.654000,0.470050,1.194570,0.345609,0.780019,0.774626,0.985158,0.934524,-0.232690,0.000000,0.395429,3.264975,0.139791,3.347542,0.282030,6.529950,2.706652,0.818723,4.650952,44.171779,0.135496,1.000000,4.086755,99.233129,0.848028,11.843558,31.472393,333.125767,3.949111,0.123286,0.072139,1.047402,0.007855,76.285714,0.286788,0.948556,13.015038,9.375940,102.413534,1.153837,0.119128,4.183646,67.857143,0.255102,0.815951,3.367912,0.492382,7.170517,0.053394,5.869565,0.255198,1.383743,16.695652,1135.739130,11978.391304,123.749312,0.119662,4.739130,0.206049,0.249902,4.217640,0.019575,3.882045,0.070552,934.839319,1.649503,0.030641,5.391109,0.021376,0.369801,0.649889,0.649889,25.382575,326.000000,16.495855,70.284271,0.215596,326.000000,1.205838,0.829299,0.312144,34.618890,0.649889,16.495855,25.382575,17.000000,24.000000,29.410882,29.410882,326.000000,16.495855,1.205838,0.829299,70.284271,0.215596,326.000000
"1e3ffc41-ea78-4712-982a-1f4576435e87","Detection","nuclei_stroma",69.903481,787.533081,45.000000,89.000000,702648.000000,1.763898,24.000000,6.319192,142.000000,64.684564,16.805099,56.000000,41.000000,101.000000,10.617716,68.671380,1.851687,23.057875,702648.000000,0.352552,531.665601,4.275049,35.735041,5.529543,2.602530,0.695481,0.578242,0.534381,1.295182,0.409918,0.757204,0.748919,0.974864,0.914597,-0.187262,0.000000,0.416612,1.948919,0.171294,2.998065,0.304519,3.897839,2.441166,0.824503,3.913291,23.751678,0.159407,1.000000,3.404171,52.530201,0.978965,5.335570,25.161074,84.302013,13.530300,0.414853,0.117686,1.010261,0.029434,43.371429,0.309796,1.081429,6.371429,8.042857,42.171429,3.390413,0.351431,3.596832,47.371429,0.338367,0.939597,3.512041,0.591858,4.785988,0.161395,6.875000,0.429688,0.933594,9.562500,458.687500,1675.562500,184.049323,0.220382,4.875000,0.304688,0.555473,5.061375,0.113446,2.905639,0.107383,371.964844,2.122861,0.057531,4.294259,0.042594,0.588025,0.375014,0.375014,23.541541,148.500000,8.828417,60.041631,0.404321,148.500000,1.931829,0.517644,0.180083,11.522530,0.375014,8.828417,23.541541,23.000000,11.000000,25.495098,25.495098,148.500000,8.828417,1.931829,0.517644,60.041631,0.404321,148.500000
"454e9150-d09c-4da8-a4fb-b15d6ca39511","Detection","nuclei_tumor",538.033569,803.684937,78.000000,129.000000,15291809.000000,1.755721,25.000000,2.748090,154.000000,105.168161,15.299899,106.000000,49.000000,105.000000,10.778384,106.905827,-0.283304,19.196707,15291809.000000,0.339009,368.513575,14.204470,15.487897,-1.096320,2.391408,0.319145,0.764517,0.316812,0.910686,0.218775,0.841983,0.841827,0.991384,0.954783,-0.355968,0.000000,0.314772,3.699514,0.187729,2.867086,0.350049,7.399028,2.539533,0.677638,4.513481,203.113602,0.151804,1.000000,3.316440,453.593423,0.688662,14.580717,42.542601,616.976831,3.656282,0.087563,0.041333,0.613175,0.004218,243.288243,0.307570,0.788779,14.820480,18.445006,263.147914,1.594098,0.089267,4.709986,133.050569,0.168206,0.591181,6.999915,0.337813,5.127214,0.030529,9.176471,0.269896,1.404844,14.705882,15405.294118,230439.617647,1122.510253,0.123080,4.117647,0.121107,0.299967,4.634914,0.049582,4.550267,0.025411,13856.640138,4.611012,0.008539,4.249195,0.012729,0.118297,0.664911,0.664911,50.797871,1340.000000,33.776056,142.367532,0.106244,1340.000000,1.203669,0.830793,0.445055,70.376732,0.664911,33.776056,50.797871,41.000000,46.000000,61.619802,61.619802,1340.000000,33.776056,1.203669,0.830793,142.367532,0.106244,1340.000000
"8796ab65-3f3b-49ab-890c-ffac3d3a3b6e","Detection","nuclei_stroma",91.127121,790.436890,67.000000,101.000000,1175785.000000,1.413781,19.000000,3.080873,124.000000,80.897143,10.759249,78.000000,61.000000,63.000000,8.045824,81.968112,0.809972,13.206957,1175785.000000,0.401665,174.423706,2.907166,3.240833,0.438113,1.227716,0.358306,0.548170,0.332248,0.982064,0.247918,0.838219,0.836482,0.965372,0.918241,-0.199804,0.000000,0.309446,1.640065,0.242013,2.392572,0.335505,3.280130,1.993958,0.396506,4.089110,22.622857,0.129273,1.000000,5.498906,70.291429,0.447869,3.445714,38.874286,98.748571,24.921587,0.528254,0.088378,0.588505,0.022717,47.187500,0.368652,0.513428,4.703125,12.843750,34.843750,7.899306,0.386719,3.565146,33.734375,0.263550,0.731429,5.366943,0.507228,3.137597,0.120662,8.600000,0.573333,0.506667,7.266667,577.133333,1489.666667,355.518519,0.248148,3.933333,0.262222,0.512787,4.580844,0.060716,2.463458,0.085714,441.022222,7.759760,0.055275,0.823686,0.046113,0.131718,0.438303,0.438303,22.875059,177.000000,10.026197,59.455844,0.335909,177.000000,1.589300,0.629208,0.217824,16.858357,0.438303,10.026197,22.875059,21.000000,14.000000,25.238859,25.238859,177.000000,10.026197,1.589300,0.629208,59.455844,0.335909,177.000000
"09093c5a-a2b8-43cd-93f7-0690232025e0","Detection","nuclei_lymphocyte",928.257568,805.785278,70.000000,121.000000,4249354.000000,1.794547,28.000000,2.799580,167.000000,95.151111,16.063664,94.000000,54.000000,113.000000,11.948459,97.175145,0.440769,19.730052,4249354.000000,0.328919,389.274943,5.537545,14.328424,0.968227,2.302442,0.412992,0.695819,0.390346,1.028424,0.260622,0.808453,0.807092,0.984316,0.935471,-0.274606,0.000000,0.371937,2.250596,0.166869,3.009988,0.315852,4.501192,2.559647,0.678858,4.464456,62.955556,0.139901,1.000000,3.798400,148.013333,0.729877,6.071111,35.457778,180.711111,12.235915,0.314125,0.061705,0.637258,0.012598,96.390244,0.293873,0.883551,7.256098,11.920732,66.085366,3.742348,0.274487,4.277298,72.512195,0.221074,0.728889,4.391731,0.447951,4.221948,0.080737,4.789474,0.252078,1.562327,12.210526,2682.315789,12401.052632,706.365965,0.232193,3.210526,0.168975,0.375906,7.039597,0.023092,3.747413,0.042222,2121.373961,4.256574,0.023577,3.272062,0.023670,0.219577,0.694241,0.694241,28.877089,451.000000,20.047654,83.597980,0.185361,451.000000,1.233119,0.810951,0.332896,39.374777,0.694241,20.047654,28.877089,21.000000,29.000000,35.805028,35.805028,451.000000,20.047654,1.233119,0.810951,83.597980,0.185361,451.000000
"d0449e24-6782-42c1-b128-54237e6c2d72","Detection","nuclei_tumor",263.830109,809.806213,81.000000,133.000000,7901896.000000,1.798365,25.000000,2.811708,164.000000,108.706790,15.318759,109.000000,62.000000,102.000000,10.778796,110.427732,-0.101328,19.419519,7901896.000000,0.342902,377.117732,8.525306,17.635554,-0.587188,2.415596,0.400816,0.715371,0.373061,1.026773,0.261642,0.818095,0.816245,0.984805,0.938484,-0.290901,0.000000,0.348776,2.832245,0.182197,3.043497,0.360816,5.664490,2.589081,0.704103,4.606753,88.447531,0.136493,1.000000,4.105815,222.200617,0.720334,8.915123,38.277778,330.226852,6.796237,0.185706,0.062859,0.733887,0.009813,131.209150,0.285859,0.924383,9.562092,13.790850,120.196078,2.294593,0.186285,4.455950,101.174292,0.220423,0.708333,5.818531,0.444750,4.831720,0.071804,7.181818,0.217631,1.726354,12.636364,3390.303030,30088.696970,438.024613,0.196566,6.333333,0.191919,0.422663,6.867066,0.041968,4.104408,0.050926,3004.716253,4.191805,0.017161,2.829859,0.022163,0.137388,0.799720,0.799720,32.305260,648.500000,25.835175,97.982756,0.151091,648.500000,1.178093,0.848830,0.377234,50.561899,0.799720,25.835175,32.305260,32.000000,29.000000,43.185646,43.185646,648.500000,25.835175,1.178093,0.848830,97.982756,0.151091,648.500000
"58ae5c02-40d9-4cdd-9344-0c4ba12b2c6b","Detection","nuclei_lymphocyte",894.813354,814.004150,52.000000,94.000000,1662172.000000,1.306883,21.000000,7.300353,166.000000,69.545171,13.885230,64.000000,47.000000,119.000000,9.172867,71.959057,1.780562,18.481749,1662172.000000,0.521841,341.575062,5.508936,13.788033,2.756026,1.270943,0.340426,0.577470,0.272340,0.933607,0.266256,0.874113,0.870638,0.991156,0.962259,-0.227307,0.000000,0.222813,2.297021,0.430318,2.044239,0.637447,4.594043,1.713807,0.402842,3.448765,57.000000,0.177570,1.000000,6.166963,167.510903,0.522957,6.202492,49.006231,224.096573,11.711289,0.215733,0.078901,1.022596,0.009283,57.630435,0.313209,0.933719,9.739130,27.402174,123.652174,6.603472,0.163546,3.943422,48.250000,0.262228,0.573209,15.228143,0.523344,6.845217,0.058318,8.777778,0.325103,0.962963,14.407407,1828.703704,7584.333333,450.644949,0.116584,7.518519,0.278464,0.517819,8.529177,0.036201,3.467669,0.084112,1687.358025,1.547838,0.036473,3.969716,0.009016,0.677539,0.496800,0.496800,28.919678,321.500000,14.367297,75.840620,0.235896,321.500000,1.423682,0.702404,0.274633,26.798390,0.496800,14.367297,28.919678,21.000000,26.000000,33.421550,33.421550,321.500000,14.367297,1.423682,0.702404,75.840620,0.235896,321.500000
"dbb45a3d-9985-48e0-8157-9944f13b0602","Detection","nuclei_tumor",364.037048,827.302673,78.000000,125.000000,9648264.000000,1.672048,22.000000,2.738313,156.000000,102.608989,14.022745,104.000000,60.000000,96.000000,9.829468,104.118904,-0.031110,17.667526,9648264.000000,0.365951,312.141492,7.154780,11.920510,-0.754366,2.026682,0.334418,0.716727,0.313110,0.948978,0.236380,0.846848,0.845576,0.987327,0.948312,-0.323768,0.000000,0.295863,2.594555,0.206276,2.773228,0.357798,5.189109,2.399155,0.590275,4.488012,128.865169,0.144792,1.000000,4.168590,325.696629,0.604090,7.516854,43.759551,317.096629,9.985107,0.217753,0.055845,0.551383,0.011088,175.258555,0.333191,0.697773,8.119772,19.038023,139.798479,4.238759,0.202835,4.587147,92.368821,0.175606,0.591011,7.586361,0.384876,3.659171,0.068140,10.692308,0.274162,1.374096,11.000000,5952.871795,47603.743590,904.898732,0.212479,8.692308,0.222880,0.472779,6.075264,0.097473,4.088709,0.043820,5432.095989,5.898733,0.012113,2.817626,0.017100,0.108820,0.505721,0.505721,47.650533,891.000000,24.097858,124.568542,0.139808,891.000000,1.385891,0.721557,0.361568,46.449670,0.505721,24.097858,47.650533,27.000000,47.000000,54.203321,54.203321,891.000000,24.097858,1.385891,0.721557,124.568542,0.139808,891.000000
"d39d27dc-428d-4c57-81c2-6625130b18f4","Detection","nuclei_tumor",581.024353,814.713013,100.000000,127.000000,3630669.000000,0.977858,13.000000,3.824527,147.000000,112.932624,8.328832,112.000000,77.000000,70.000000,5.743590,113.466791,0.001292,10.997053,3630669.000000,0.629873,120.935177,4.299220,1.752004,-0.003850,0.595185,0.211501,0.475630,0.211501,0.744342,0.166768,0.894250,0.894250,0.978850,0.947125,-0.191945,0.000000,0.211501,2.050195,0.493697,1.673228,0.690058,4.100390,1.461727,0.201672,3.411625,49.773050,0.176500,1.000000,4.931140,177.624113,0.219770,4.464539,50.326241,207.734043,13.819050,0.291470,0.055210,0.329295,0.015872,55.434783,0.401701,0.448015,5.173913,34.318841,142.478261,9.034219,0.318841,4.197593,23.811594,0.172548,0.489362,17.615627,0.395997,2.507809,0.115164,6.000000,0.428571,0.775510,6.000000,3457.000000,14007.785714,870.255952,0.384921,3.285714,0.234694,0.467106,3.186114,0.135232,3.235926,0.049645,3051.265306,4.365444,0.038915,0.635210,0.015763,0.088008,0.647722,0.647722,23.930875,280.500000,15.500560,70.870058,0.252656,280.500000,1.424895,0.701806,0.265255,24.999409,0.647722,15.500560,23.930875,23.000000,17.000000,28.600699,28.600699,280.500000,15.500560,1.424895,0.701806,70.870058,0.252656,280.500000
"0f1890dd-e176-45fa-9b59-4dd84a6eb5ee","Detection","nuclei_tumor",603.309326,819.464905,97.000000,144.000000,8227406.000000,1.657468,29.000000,2.226043,161.000000,121.327239,14.959182,122.000000,74.000000,87.000000,11.432341,122.641598,-0.120328,17.907054,8227406.000000,0.358161,320.662567,11.600389,10.816963,-0.344160,2.080640,0.296548,0.750505,0.292659,0.886486,0.210899,0.854319,0.854059,0.988625,0.951316,-0.353605,0.000000,0.289256,3.339815,0.204957,2.734445,0.310647,6.679631,2.424837,0.594297,4.432468,80.572212,0.147298,1.000000,3.769245,195.914077,0.589775,11.819013,43.895795,514.371115,4.647634,0.108290,0.045350,0.566060,0.006302,104.595016,0.325841,0.716763,12.015576,19.482866,225.171340,2.059811,0.113329,4.599333,55.274143,0.172194,0.586837,7.867723,0.358710,4.374132,0.044159,4.777778,0.265432,1.472222,13.722222,5239.277778,60845.722222,506.315525,0.156651,2.444444,0.135802,0.312646,4.440292,0.074264,3.905765,0.032907,4315.793210,2.944140,0.020390,2.780587,0.016025,0.182537,0.896393,0.896393,28.044239,548.500000,25.138661,89.840620,0.163793,548.500000,1.171006,0.853967,0.363406,46.923177,0.896393,25.138661,28.044239,28.000000,26.000000,38.209946,38.209946,548.500000,25.138661,1.171006,0.853967,89.840620,0.163793,548.500000
"452e1a92-2bd1-479a-96ab-601ad7f10107","Detection","nuclei_stroma",210.250000,814.767273,48.000000,92.000000,1467116.000000,1.645096,24.000000,4.240487,131.000000,65.415094,14.273288,61.000000,43.000000,88.000000,9.854623,67.923283,1.245787,18.287640,1467116.000000,0.392983,334.437760,4.522163,10.682098,1.403076,1.645201,0.499113,0.534477,0.426418,1.138593,0.317281,0.798463,0.794060,0.981442,0.930629,-0.158373,0.000000,0.366997,2.058067,0.227545,2.817795,0.430851,4.116135,2.281964,0.536079,4.220770,42.100629,0.132392,1.000000,4.964005,124.968553,0.627349,5.308176,33.207547,134.415094,11.773836,0.337472,0.090731,0.874383,0.018987,71.959016,0.294914,0.883281,6.750000,17.557377,72.991803,5.857327,0.304561,3.964314,70.213115,0.287759,0.767296,10.763236,0.541004,4.418044,0.138108,9.962963,0.368999,0.858711,11.481481,1320.888889,5157.703704,396.160885,0.162428,5.666667,0.209877,0.442501,6.124443,0.039197,3.630275,0.084906,1182.172840,3.253132,0.029162,3.802143,0.023219,0.282680,0.239904,0.239904,44.504569,318.000000,10.676805,99.112698,0.311675,318.000000,2.458225,0.406798,0.181827,11.746777,0.239904,10.676805,44.504569,40.000000,12.000000,41.761226,41.761226,318.000000,10.676805,2.458225,0.406798,99.112698,0.311675,318.000000
"152072d6-fc50-46c9-a731-fb34a8095208","Detection","nuclei_lymphocyte",850.494751,824.043884,84.000000,114.000000,2759846.000000,1.134227,16.000000,2.906961,134.000000,97.754386,9.079963,97.000000,72.000000,62.000000,6.553805,98.405641,0.433868,11.302663,2759846.000000,0.495402,127.750200,5.792741,1.525257,0.411792,0.822248,0.275072,0.498648,0.271251,0.856902,0.201494,0.865011,0.864756,0.983887,0.945877,-0.176961,0.000000,0.267908,2.378223,0.326708,1.986081,0.493792,4.756447,1.700711,0.274330,3.670981,42.621053,0.149548,1.000000,4.162512,141.189474,0.292324,6.136842,44.719298,244.221053,9.389059,0.197880,0.050256,0.457438,0.008402,69.862500,0.436641,0.393594,7.350000,21.712500,116.800000,4.630295,0.178559,3.947705,27.250000,0.170313,0.561404,9.021094,0.379122,3.509963,0.057896,3.909091,0.355372,0.809917,10.363636,2888.636364,13322.454545,673.385732,0.186869,2.272727,0.206612,0.410112,5.577359,0.051408,3.027169,0.038596,2217.355372,3.612222,0.030137,1.727860,0.012813,0.165345,0.897755,0.897755,20.211819,285.000000,18.145258,63.941125,0.224355,285.000000,1.141579,0.875980,0.314485,35.139960,0.897755,18.145258,20.211819,19.000000,20.000000,27.586228,27.586228,285.000000,18.145258,1.141579,0.875980,63.941125,0.224355,285.000000
"b7086fe8-4fc4-433d-b629-5e77b4f86deb","Detection","nuclei_stroma",69.935745,833.137695,67.000000,96.000000,1811400.000000,1.259518,13.000000,4.165956,118.000000,77.938356,8.793442,75.000000,58.000000,60.000000,6.093523,78.761822,1.247326,11.359458,1811400.000000,0.448560,129.037296,2.385948,2.328834,0.576117,0.973713,0.326275,0.498034,0.318576,0.928532,0.224785,0.841996,0.841482,0.967728,0.920741,-0.163022,0.000000,0.311838,1.491338,0.275074,2.168829,0.414822,2.982676,1.825093,0.324997,3.907227,40.589041,0.139004,1.000000,4.847814,130.979452,0.363049,2.791096,39.383562,83.147260,28.766077,0.616914,0.061230,0.279859,0.023485,79.041667,0.411675,0.429579,3.677083,18.197917,38.833333,13.374711,0.481192,3.809962,42.739583,0.222602,0.657534,8.946181,0.464586,2.230865,0.149889,6.375000,0.398438,0.464844,5.812500,1358.750000,2357.812500,1112.248264,0.282986,2.500000,0.156250,0.222583,1.525653,0.038116,3.452820,0.054795,1025.687500,13.062990,0.026997,0.983458,0.037655,0.080888,0.272538,0.272538,39.160086,290.500000,10.672631,88.526912,0.304740,290.500000,2.146815,0.465806,0.196770,13.756840,0.272538,10.672631,39.160086,12.000000,37.000000,38.897301,38.897301,290.500000,10.672631,2.146815,0.465806,88.526912,0.304740,290.500000
"ee88cedf-3bbf-4381-af22-9beec308816a","Detection","nuclei_lymphocyte",1008.236267,830.599121,65.000000,108.000000,3278513.000000,1.625164,23.000000,3.875418,144.000000,83.907865,14.272764,80.000000,53.000000,91.000000,9.932154,85.833822,1.008058,18.080794,3278513.000000,0.363999,326.915107,3.505726,10.415634,1.651844,1.801415,0.383363,0.649060,0.342375,1.014652,0.266143,0.835343,0.832911,0.978249,0.932857,-0.256570,0.000000,0.309356,1.775166,0.219809,2.655739,0.332128,3.550332,2.242306,0.546195,4.228805,59.669663,0.134089,1.000000,5.011256,161.979775,0.638384,4.092135,41.579775,121.835955,24.368414,0.493040,0.062026,0.421918,0.019120,84.929329,0.300104,0.825182,5.780919,17.653710,55.229682,10.223302,0.367565,4.272505,62.031802,0.219194,0.635955,7.763463,0.465392,3.744765,0.101058,8.272727,0.376033,0.719008,9.181818,3078.409091,9075.863636,1626.125631,0.199811,3.272727,0.148760,0.335161,2.365644,0.089110,3.788755,0.049438,2669.266529,9.265969,0.023023,1.838724,0.033654,0.130722,0.660458,0.660458,29.511682,446.500000,19.491214,82.526912,0.184831,446.500000,1.213836,0.823835,0.336011,40.115159,0.660458,19.491214,29.511682,19.000000,29.000000,34.669872,34.669872,446.500000,19.491214,1.213836,0.823835,82.526912,0.184831,446.500000
"73ef7d40-a0a0-41a8-a519-5372cf8f80c9","Detection","nuclei_stroma",50.001137,838.486572,52.000000,93.000000,2106829.000000,1.265950,21.000000,6.924783,159.000000,66.752273,13.948388,59.000000,44.000000,115.000000,9.284976,69.197166,1.782262,18.231342,2106829.000000,0.544349,332.381813,4.955280,9.137843,1.812531,1.014660,0.384472,0.450414,0.283851,0.964660,0.303901,0.872143,0.867961,0.990241,0.961112,-0.163475,0.000000,0.220091,2.190373,0.448717,2.007175,0.655280,4.380745,1.665308,0.349783,3.291262,93.840909,0.213275,1.000000,6.553533,239.513636,0.467020,5.684091,49.218182,215.047727,12.194974,0.240744,0.075866,1.002122,0.013691,69.888889,0.310617,1.068721,8.515556,49.111111,215.973333,12.020220,0.227257,4.214103,65.977778,0.293235,0.511364,33.814321,0.559261,6.053329,0.115632,6.428571,0.229592,1.801020,15.071429,3535.214286,14628.178571,873.776181,0.177966,9.071429,0.323980,0.581993,11.604122,0.067354,3.410233,0.063636,3288.275510,2.179950,0.026220,4.095265,0.008290,0.498020,0.314660,0.314660,42.620225,440.500000,13.410873,101.698485,0.230871,440.500000,1.868414,0.535213,0.242326,20.864153,0.314660,13.410873,42.620225,14.000000,43.000000,45.221676,45.221676,440.500000,13.410873,1.868414,0.535213,101.698485,0.230871,440.500000
"f04fe63c-5c29-4b17-91e3-6ff4f2450daf","Detection","nuclei_tumor",287.797272,826.138550,87.000000,121.000000,2443912.000000,1.228520,19.000000,2.277772,132.000000,102.129870,10.192500,100.000000,79.000000,53.000000,7.869307,102.857696,0.377306,12.214551,2443912.000000,0.455820,149.195255,2.561151,2.691539,0.547780,1.090375,0.245803,0.632080,0.245803,0.804559,0.185384,0.877098,0.877098,0.975420,0.938549,-0.281014,0.000000,0.245803,1.532974,0.296809,2.077385,0.413669,3.065947,1.831582,0.334045,3.748791,36.090909,0.156238,1.000000,3.476509,105.294372,0.340736,2.796537,45.025974,104.380952,30.903920,0.603776,0.040892,0.188717,0.017047,53.768000,0.430144,0.397824,3.552000,21.104000,47.840000,14.793333,0.486444,4.095773,19.192000,0.153536,0.541126,7.443584,0.291578,1.384539,0.100313,3.000000,0.428571,0.530612,6.428571,3017.285714,6822.285714,2073.496032,0.277778,1.285714,0.183673,0.306078,2.752056,0.034090,2.521641,0.030303,1928.285714,7.276253,0.042901,0.768789,0.027131,0.129918,0.537397,0.537397,23.678413,231.000000,12.724717,61.455844,0.266043,231.000000,1.301082,0.768591,0.270516,26.000803,0.537397,12.724717,23.678413,23.000000,13.000000,26.419690,26.419690,231.000000,12.724717,1.301082,0.768591,61.455844,0.266043,231.000000
"92367ba0-2d60-4ec7-9bb3-670610999836","Detection","nuclei_stroma",170.151031,828.826538,57.000000,98.000000,1610278.000000,1.328197,21.000000,3.999398,133.000000,73.457746,13.037741,70.000000,49.000000,84.000000,9.034188,75.299356,1.185843,16.551509,1610278.000000,0.470269,273.952440,5.983350,7.395796,2.036042,1.304068,0.281097,0.645340,0.265426,0.873701,0.210646,0.869899,0.868854,0.989313,0.956135,-0.258224,0.000000,0.251714,2.393242,0.368483,2.102173,0.574927,4.786484,1.798488,0.396291,3.540431,45.246479,0.159319,1.000000,5.533624,133.556338,0.467702,6.595070,45.704225,227.440141,10.329814,0.195215,0.051763,0.487754,0.009892,59.853659,0.364961,0.585515,8.939024,25.475610,127.939024,5.791944,0.153552,3.918004,36.207317,0.220776,0.577465,13.480369,0.463822,5.124984,0.058777,4.230769,0.325444,0.946746,11.384615,2541.230769,11218.230769,608.750556,0.169744,2.538462,0.195266,0.179285,1.589269,0.084961,3.392747,0.045775,2063.976331,1.945272,0.039078,2.667678,0.011841,0.381503,0.341672,0.341672,33.404131,282.500000,11.413251,79.355339,0.280904,282.500000,1.773879,0.563736,0.225465,18.061791,0.341672,11.413251,33.404131,30.000000,16.000000,34.000000,34.000000,282.500000,11.413251,1.773879,0.563736,79.355339,0.280904,282.500000
"b84b02c4-7a29-413e-9ca1-fe280434cec0","Detection","nuclei_stroma",206.287857,831.245361,54.000000,101.000000,1602892.000000,1.525833,25.000000,2.827995,128.000000,73.841727,14.304746,71.000000,48.000000,80.000000,10.314174,75.932856,0.742354,17.697400,1602892.000000,0.416024,313.197971,5.961500,8.003491,1.497635,1.536217,0.358342,0.621715,0.326752,0.984378,0.251575,0.841889,0.839783,0.986469,0.946293,-0.237218,0.000000,0.299112,2.380553,0.290356,2.497057,0.499506,4.761106,2.108270,0.473640,3.899647,38.776978,0.139486,1.000000,5.244139,115.654676,0.551524,6.676259,41.503597,210.920863,9.947661,0.216196,0.062505,0.658744,0.012005,58.745856,0.324563,0.716401,8.812155,19.060773,97.193370,4.482026,0.184220,4.013945,43.209945,0.238729,0.651079,9.624676,0.481718,5.247150,0.069689,5.375000,0.335938,1.214844,12.187500,1740.750000,7993.500000,411.451719,0.202153,2.250000,0.140625,0.296762,4.330661,0.076674,3.625000,0.057554,1438.859375,2.052161,0.039796,2.796034,0.015394,0.364370,0.552584,0.552584,25.468449,278.500000,14.073458,68.526912,0.246057,278.500000,1.341798,0.745268,0.276986,27.259588,0.552584,14.073458,25.468449,23.000000,18.000000,29.206164,29.206164,278.500000,14.073458,1.341798,0.745268,68.526912,0.246057,278.500000
"80b97ae9-7529-4765-8b71-89a5f4519116","Detection","nuclei_stroma",729.623840,834.722900,91.000000,117.000000,2144064.000000,1.229182,15.000000,3.965122,146.000000,103.746193,8.506017,103.000000,83.000000,63.000000,5.981934,104.324367,0.791697,10.968184,2144064.000000,0.465536,120.301064,2.769671,2.066543,0.162136,0.954759,0.301860,0.519568,0.296137,0.896135,0.214162,0.852885,0.852504,0.970078,0.926252,-0.183989,0.000000,0.291130,1.614449,0.275355,2.156925,0.391989,3.228898,1.839197,0.314155,3.873309,29.060914,0.147517,1.000000,3.720580,91.710660,0.331006,3.137056,39.903553,108.335025,23.308940,0.527778,0.049632,0.250326,0.018416,54.301587,0.430965,0.403376,3.793651,14.539683,40.746032,8.287919,0.451499,3.740103,24.603175,0.195263,0.639594,4.761653,0.371390,1.862453,0.120856,3.000000,0.428571,0.775510,6.000000,2180.714286,7514.857143,854.638889,0.384921,1.285714,0.183673,0.305790,2.750269,0.034176,2.521641,0.035533,1388.693878,5.965544,0.043681,0.889984,0.030717,0.120693,0.474125,0.474125,23.819392,198.500000,11.293365,61.698485,0.310824,198.500000,1.526085,0.655272,0.231086,18.973607,0.474125,11.293365,23.819392,17.000000,20.000000,26.248809,26.248809,198.500000,11.293365,1.526085,0.655272,61.698485,0.310824,198.500000
"8795f345-ff55-427a-b1ea-c1d2873a57d5","Detection","nuclei_lymphocyte",961.958313,836.532898,63.000000,107.000000,3352063.000000,1.692365,23.000000,4.261371,164.000000,85.311364,14.107335,85.000000,45.000000,119.000000,9.592854,87.283017,0.654841,18.447120,3352063.000000,0.367056,340.296235,8.736585,12.317240,0.907441,1.886329,0.445732,0.617736,0.382317,1.083355,0.299565,0.818648,0.815183,0.988268,0.946479,-0.238588,0.000000,0.334028,2.894207,0.203599,2.858967,0.365854,5.788415,2.384028,0.583015,4.352533,59.477273,0.135176,1.000000,4.466942,161.504545,0.656116,9.331818,38.318182,306.159091,5.949924,0.147358,0.076175,1.252190,0.007260,90.673203,0.296318,0.946356,11.434641,15.032680,123.849673,2.263689,0.131881,4.239109,67.862745,0.221774,0.695455,6.762356,0.443716,6.590775,0.043187,8.647059,0.254325,1.381488,17.617647,1480.941176,12362.882353,196.639322,0.104747,7.176471,0.211073,0.449641,10.388178,0.024096,3.829966,0.077273,1313.467128,2.179753,0.023128,4.917050,0.014487,0.319515,0.750862,0.750862,27.716221,436.000000,20.811052,82.426407,0.189051,436.000000,1.240042,0.806424,0.328709,38.390719,0.750862,20.811052,27.716221,22.000000,28.000000,35.608988,35.608988,436.000000,20.811052,1.240042,0.806424,82.426407,0.189051,436.000000
"a5a19c8c-485d-462e-baf4-a748d80d195b","Detection","nuclei_lymphocyte",696.486023,837.795715,50.000000,119.000000,536711.000000,1.913843,41.000000,2.161583,134.000000,79.192308,20.934911,76.000000,46.000000,88.000000,17.143239,82.951252,0.499837,24.687824,536711.000000,0.306706,609.488659,7.191571,17.474021,2.338543,2.492036,0.678161,0.572165,0.586207,1.222179,0.334522,0.722222,0.716092,0.974649,0.904488,-0.191355,0.000000,0.505747,2.595785,0.141711,3.272707,0.283525,5.191571,2.609953,0.792549,3.819985,12.205128,0.156476,1.000000,3.301775,23.923077,0.902202,8.500000,19.923077,118.935897,4.259409,0.200769,0.147430,1.884504,0.025485,23.206897,0.266746,1.065663,9.724138,4.505747,32.298851,0.923582,0.202232,3.536555,33.597701,0.386180,1.115385,1.290527,0.637733,6.920185,0.133453,3.769231,0.289941,1.621302,13.076923,129.846154,823.615385,25.067094,0.225171,3.153846,0.242604,0.464403,7.082541,0.066920,3.180833,0.166667,93.846154,0.846839,0.117484,3.839082,0.040543,0.844918,0.869638,0.869638,10.966269,77.500000,9.536687,34.727922,0.448102,77.500000,1.238357,0.807521,0.213653,16.218825,0.869638,9.536687,10.966269,10.000000,10.000000,14.142136,14.142136,77.500000,9.536687,1.238357,0.807521,34.727922,0.448102,77.500000
"9d0d6f9d-afdf-497f-901e-97fd87278c3c","Detection","nuclei_tumor",640.006897,859.138733,75.000000,100.000000,8013546.000000,0.936197,9.000000,3.661439,117.000000,90.387230,6.726793,92.000000,62.000000,55.000000,4.154009,90.845360,-0.759340,9.111982,8013546.000000,0.653180,83.028220,4.103025,2.391119,-0.139185,0.676878,0.101663,0.738838,0.101663,0.474244,0.091327,0.949169,0.949169,0.989834,0.974584,-0.475916,0.000000,0.101663,1.989779,0.582730,1.380263,0.754429,3.979558,1.278600,0.194635,2.835517,350.897013,0.361377,1.000000,3.204655,634.237899,0.204815,4.250257,63.871267,254.701339,19.945646,0.307587,0.030219,0.186915,0.007056,111.702290,0.426345,0.400108,5.522901,97.824427,386.335878,28.741518,0.276399,4.799965,23.977099,0.091516,0.269825,42.883515,0.270440,2.114533,0.047427,14.333333,0.796296,0.250000,8.277778,33786.500000,134600.277778,8789.043210,0.168210,4.222222,0.234568,0.464291,4.178571,0.051594,2.725481,0.018538,30876.496914,7.620990,0.021967,0.311103,0.007366,0.049918,0.341883,0.341883,62.067451,968.500000,21.219792,148.267027,0.153089,968.500000,1.806258,0.553631,0.302662,32.547519,0.341883,21.219792,62.067451,44.000000,48.000000,65.115282,65.115282,968.500000,21.219792,1.806258,0.553631,148.267027,0.153089,968.500000
"bf3be196-c009-469d-b4f4-ed286aeec6fd","Detection","nuclei_lymphocyte",858.088928,847.255310,51.000000,98.000000,1699737.000000,1.587392,20.000000,4.946393,141.000000,70.178125,14.469492,66.000000,36.000000,105.000000,8.816568,72.881260,1.348358,19.664915,1699737.000000,0.441309,386.708896,5.306780,15.495173,2.619321,1.738847,0.480508,0.566984,0.380508,1.122153,0.335722,0.825777,0.819746,0.982400,0.938917,-0.186384,0.000000,0.299011,2.234322,0.302759,2.655630,0.527119,4.468644,2.158850,0.554839,4.056063,42.225000,0.131953,1.000000,5.974648,141.218750,0.676162,6.009375,41.006250,184.615625,11.205869,0.273504,0.070240,0.665806,0.017261,59.236364,0.269256,1.119752,8.118182,17.572727,82.645455,4.611576,0.262773,4.258499,63.600000,0.289091,0.687500,9.109917,0.554400,5.623709,0.121007,5.521739,0.240076,1.417769,11.217391,1727.478261,7098.304348,439.220640,0.223213,2.739130,0.119093,0.230087,2.709404,0.064829,4.055958,0.071875,1533.905482,2.927113,0.030778,3.114010,0.022802,0.292198,0.706506,0.706506,24.120764,320.500000,17.041472,69.698485,0.217468,320.500000,1.206171,0.829070,0.310755,34.311399,0.706506,17.041472,24.120764,23.000000,18.000000,29.206164,29.206164,320.500000,17.041472,1.206171,0.829070,69.698485,0.217468,320.500000
"95a4e08c-061a-4c23-bf36-b966cb932701","Detection","nuclei_histiocyte",885.774902,848.008728,92.000000,115.000000,1389213.000000,1.090542,11.000000,3.527640,130.000000,101.812030,6.925208,101.000000,83.000000,47.000000,4.818182,102.201813,0.762391,8.917458,1389213.000000,0.490079,79.521058,2.508658,1.177713,0.096678,0.743225,0.383117,0.319715,0.383117,0.960214,0.236338,0.808442,0.808442,0.961688,0.904221,-0.075083,0.000000,0.383117,1.555195,0.252579,2.129475,0.329004,3.110390,1.746358,0.281586,3.793258,21.345865,0.160495,1.000000,3.046187,65.180451,0.274973,2.744361,30.984962,81.451128,18.435255,0.580618,0.066629,0.228794,0.030264,53.763636,0.488760,0.288347,2.936364,8.727273,24.218182,4.915152,0.546212,3.300890,27.618182,0.251074,0.827068,2.879669,0.454659,1.551975,0.203058,3.666667,0.407407,0.444444,3.222222,551.444444,1789.000000,242.549383,0.567901,1.222222,0.135802,0.261547,1.153862,0.069333,2.947703,0.067669,333.061728,5.679654,0.042422,1.375768,0.033928,0.137147,0.573341,0.573341,17.426327,134.000000,9.991227,49.455844,0.369073,134.000000,1.452515,0.688461,0.217372,16.788392,0.573341,9.991227,17.426327,16.000000,14.000000,21.260292,21.260292,134.000000,9.991227,1.452515,0.688461,49.455844,0.369073,134.000000
"cdf46990-a6fa-46b6-acfa-65ecd58b6c51","Detection","nuclei_lymphocyte",978.122742,857.662964,61.000000,111.000000,2967622.000000,1.713064,22.000000,4.682938,170.000000,83.086420,15.434903,79.000000,49.000000,121.000000,10.225234,85.600594,1.228415,20.593897,2967622.000000,0.356184,424.108581,8.043103,19.515772,3.281283,2.198190,0.377984,0.706554,0.327586,1.004733,0.270671,0.843943,0.841247,0.990039,0.954070,-0.308552,0.000000,0.289751,2.754642,0.231855,2.695049,0.331565,5.509284,2.292182,0.644043,4.154491,59.375309,0.146606,1.000000,5.966798,144.254321,0.784722,8.903704,44.101235,299.353086,7.899364,0.157578,0.077830,1.320656,0.009102,65.047809,0.259155,1.195251,12.501992,21.290837,151.968127,3.767492,0.125570,4.336911,69.629482,0.277408,0.619753,10.876716,0.542791,8.878492,0.052372,5.692308,0.218935,1.822485,19.076923,1971.884615,13712.615385,336.440929,0.113536,8.230769,0.316568,0.566364,12.823357,0.064802,3.700440,0.064198,1729.244083,1.867619,0.030236,4.259229,0.014651,0.436384,0.845856,0.845856,24.785962,402.000000,20.965348,76.769553,0.190969,402.000000,1.166654,0.857152,0.337184,40.395915,0.845856,20.965348,24.785962,21.000000,25.000000,32.649655,32.649655,402.000000,20.965348,1.166654,0.857152,76.769553,0.190969,402.000000
"4ce2210e-abee-4674-942e-6c6d703af35d","Detection","nuclei_stroma",710.998474,872.789001,97.000000,135.000000,7500716.000000,1.545549,20.000000,3.918795,157.000000,115.162455,12.721930,115.000000,61.000000,96.000000,8.587437,116.358062,-0.594370,16.637534,7500716.000000,0.417059,276.807543,10.040956,14.583115,-1.604968,1.870668,0.296928,0.726030,0.288152,0.893205,0.213897,0.857387,0.856802,0.988650,0.952184,-0.325897,0.000000,0.280473,3.106046,0.260587,2.586692,0.456363,6.212092,2.272161,0.541899,4.214980,83.963899,0.151559,1.000000,3.792517,231.050542,0.541037,10.416968,43.523466,440.247292,5.945575,0.139310,0.047047,0.520994,0.006378,113.320242,0.342357,0.684240,10.785498,18.229607,182.416918,2.385475,0.141292,4.458077,57.332326,0.173209,0.597473,7.024306,0.368674,4.025069,0.049121,7.000000,0.411765,1.169550,12.411765,6362.352941,59501.705882,717.507500,0.163301,3.470588,0.204152,0.414917,5.235928,0.048171,3.286896,0.030686,5300.359862,2.834650,0.019862,2.560743,0.013735,0.182127,0.329673,0.329673,47.799595,553.000000,15.758222,113.740115,0.205678,553.000000,1.861626,0.537165,0.257205,23.505075,0.329673,15.758222,47.799595,22.000000,44.000000,49.193496,49.193496,553.000000,15.758222,1.861626,0.537165,113.740115,0.205678,553.000000
"e7abd695-5b91-4a13-9df6-64c94fc7975c","Detection","nuclei_tumor",547.384399,864.789185,70.000000,111.000000,2917112.000000,1.443957,20.000000,2.933317,138.000000,87.209677,12.528963,83.000000,59.000000,79.000000,9.098143,88.553368,0.757704,15.367859,2917112.000000,0.438013,236.171089,4.069956,4.456365,0.213574,1.174449,0.363034,0.527756,0.321797,0.991030,0.259481,0.845790,0.843225,0.979420,0.936994,-0.190936,0.000000,0.287453,1.966495,0.290634,2.434465,0.501473,3.932990,2.013132,0.384371,4.068561,50.887097,0.136793,1.000000,5.850850,162.940860,0.441460,4.626344,43.021505,172.443548,15.126493,0.356818,0.085850,0.650394,0.023909,80.024590,0.327970,0.677103,5.795082,18.827869,77.663934,6.096881,0.335724,4.006988,65.713115,0.269316,0.655914,9.530368,0.532593,3.903982,0.130121,11.827586,0.407848,0.872771,8.482759,1848.206897,7269.827586,544.037356,0.265565,8.931034,0.307967,0.557444,5.198782,0.147702,3.245743,0.077957,1683.659929,4.533896,0.028708,1.758836,0.021920,0.136996,0.378149,0.378149,36.699009,375.500000,13.877679,89.840620,0.239256,375.500000,1.710510,0.584621,0.248786,21.991458,0.378149,13.877679,36.699009,34.000000,20.000000,39.446166,39.446166,375.500000,13.877679,1.710510,0.584621,89.840620,0.239256,375.500000
"249ac7c6-ca7a-4f2b-86c9-2b631e832df7","Detection","nuclei_tumor",476.854218,867.560669,97.000000,125.000000,6417928.000000,1.169085,17.000000,3.588131,148.000000,111.409002,9.610839,112.000000,67.000000,81.000000,6.761815,112.069380,-0.316641,12.148262,6417928.000000,0.558902,147.580271,8.655352,3.324068,-0.419614,0.857007,0.307050,0.472449,0.303916,0.898293,0.214684,0.848564,0.848355,0.981994,0.939321,-0.153527,0.000000,0.301175,2.918538,0.367634,2.126567,0.582245,5.837076,1.808579,0.291014,3.727569,71.176125,0.139288,1.000000,4.556187,285.598826,0.297923,8.949119,43.356164,380.898239,5.378561,0.134295,0.053028,0.563026,0.006936,113.915033,0.372271,0.532584,9.473856,21.405229,190.019608,2.611066,0.142883,4.131262,62.496732,0.204238,0.598826,10.250502,0.440268,4.639422,0.058719,10.200000,0.408000,1.033600,10.520000,5320.040000,47843.400000,596.780556,0.171389,3.000000,0.120000,0.287648,3.947915,0.029912,4.019471,0.048924,4902.246400,4.168384,0.018129,1.787604,0.013658,0.099188,0.787789,0.787789,29.111217,511.000000,22.933482,89.254834,0.174667,511.000000,1.240603,0.806060,0.341899,41.533539,0.787789,22.933482,29.111217,29.000000,25.000000,38.288379,38.288379,511.000000,22.933482,1.240603,0.806060,89.254834,0.174667,511.000000
"f85e08a2-83c5-4f9e-b4e2-322d95ff49d1","Detection","nuclei_lymphocyte",852.131958,872.747986,70.000000,128.000000,4344823.000000,1.958632,35.000000,2.549262,174.000000,100.324390,19.329530,102.000000,52.000000,122.000000,14.681775,102.942359,0.076996,23.068290,4344823.000000,0.287246,532.145990,6.659645,20.984952,0.152810,3.012626,0.499671,0.715473,0.421988,1.141390,0.321597,0.801459,0.796774,0.981467,0.931483,-0.289451,0.000000,0.358679,2.455892,0.137255,3.282476,0.245556,4.911784,2.715479,0.878074,4.840860,52.424390,0.127864,1.000000,4.710268,117.770732,0.927454,7.300000,35.580488,231.226829,11.255107,0.289093,0.083520,0.873359,0.017456,82.748387,0.266930,1.041998,8.245161,11.806452,80.303226,3.338683,0.257221,4.380971,79.922581,0.257815,0.756098,4.809573,0.510346,4.739294,0.106310,10.333333,0.344444,1.222222,12.333333,1174.066667,7344.366667,263.829722,0.205213,6.666667,0.222222,0.474128,6.379389,0.067962,3.597417,0.073171,987.288889,3.415418,0.028500,3.105509,0.032552,0.219149,0.592541,0.592541,30.254361,408.000000,17.926953,84.426407,0.206927,408.000000,1.390230,0.719306,0.296734,31.285117,0.592541,17.926953,30.254361,21.000000,30.000000,36.619667,36.619667,408.000000,17.926953,1.390230,0.719306,84.426407,0.206927,408.000000
"1078b91d-1cc8-4f2c-b4d2-aa778abf6558","Detection","nuclei_histiocyte",737.502197,875.257629,73.000000,127.000000,3984912.000000,1.782165,27.000000,2.490731,147.000000,100.436842,16.124377,102.000000,52.000000,95.000000,11.593311,102.404153,-0.109320,19.976268,3984912.000000,0.323255,399.051274,6.760823,13.859436,-0.762989,2.391749,0.391057,0.718947,0.381121,0.993413,0.245804,0.811095,0.810433,0.977172,0.924107,-0.293977,0.000000,0.372427,2.502129,0.161735,2.991983,0.293825,5.004258,2.577011,0.695702,4.482366,58.468421,0.153864,1.000000,3.281413,122.836842,0.721683,7.197368,34.936842,238.850000,9.519682,0.257401,0.055756,0.479246,0.014218,85.512281,0.300043,0.801108,7.726316,10.322807,72.168421,2.818762,0.240936,4.206469,61.954386,0.217384,0.750000,3.211696,0.407599,3.634642,0.089779,4.375000,0.273438,1.464844,8.687500,2609.125000,18973.437500,472.476128,0.341146,2.250000,0.140625,0.313476,3.209630,0.098477,3.875000,0.042105,2045.062500,4.930917,0.027543,1.675188,0.038693,0.129165,0.822752,0.822752,24.534223,381.000000,20.185588,75.941125,0.199321,381.000000,1.204534,0.830196,0.324814,37.486184,0.822752,20.185588,24.534223,21.000000,24.000000,31.890437,31.890437,381.000000,20.185588,1.204534,0.830196,75.941125,0.199321,381.000000
"2f941ce5-f71d-48a6-b1f1-f4bd0d59be48","Detection","nuclei_stroma",60.872856,880.054260,71.000000,109.000000,2801565.000000,1.390384,20.000000,2.258064,122.000000,88.362857,11.638612,86.000000,62.000000,60.000000,8.763775,89.467712,0.345413,14.017022,2801565.000000,0.428702,196.476906,4.390167,4.593968,0.045617,1.356494,0.275178,0.662704,0.272006,0.856107,0.201191,0.864526,0.864314,0.972629,0.932157,-0.294189,0.000000,0.269231,2.029738,0.264721,2.359321,0.456780,4.059477,2.073651,0.407918,4.126684,53.285714,0.152245,1.000000,3.928163,150.045714,0.413192,4.668571,43.080000,198.548571,14.174762,0.349524,0.048101,0.267368,0.014381,77.892157,0.381824,0.486423,4.867647,19.882353,91.598039,6.190904,0.359886,4.242044,34.823529,0.170704,0.582857,8.108035,0.340960,1.938621,0.100684,5.000000,0.384615,0.520710,5.846154,3037.384615,13026.307692,892.632479,0.301282,1.769231,0.136095,0.260502,1.914401,0.041956,3.392747,0.037143,2312.532544,8.870026,0.028511,0.723419,0.036499,0.070111,0.264512,0.264512,41.594814,350.000000,11.002326,95.254834,0.272157,350.000000,2.062985,0.484734,0.212404,16.029774,0.264512,11.002326,41.594814,18.000000,39.000000,42.953463,42.953463,350.000000,11.002326,2.062985,0.484734,95.254834,0.272157,350.000000
"eeb96c26-a2c3-4544-b42f-a4dbe5c51b32","Detection","nuclei_lymphocyte",917.934753,877.689880,63.000000,109.000000,2821651.000000,1.636128,26.000000,2.795116,139.000000,84.970588,14.712174,83.000000,50.000000,89.000000,10.942110,86.859204,0.458197,18.014453,2821651.000000,0.351082,324.520525,3.964621,8.921790,1.008080,1.931773,0.343682,0.697922,0.336462,0.946556,0.230476,0.832972,0.832491,0.979911,0.932948,-0.291617,0.000000,0.330144,1.888809,0.190721,2.712681,0.306859,3.777617,2.350027,0.568864,4.396048,52.310160,0.139867,1.000000,4.033973,131.304813,0.610140,4.336898,39.331551,143.090909,20.485721,0.456272,0.058151,0.358692,0.022007,83.871595,0.326349,0.704598,5.334630,13.922179,49.494163,7.323822,0.374487,4.173752,52.719844,0.205136,0.687166,5.451135,0.414994,2.748305,0.119629,4.777778,0.265432,1.348765,7.055556,1792.555556,7040.888889,693.082176,0.419753,2.444444,0.135802,0.331375,2.579093,0.139083,3.836592,0.048128,1360.839506,6.538617,0.027929,1.808676,0.030229,0.157188,0.705293,0.705293,26.115689,373.000000,18.419221,75.941125,0.203596,373.000000,1.230369,0.812764,0.317994,35.928489,0.705293,18.419221,26.115689,21.000000,24.000000,31.890437,31.890437,373.000000,18.419221,1.230369,0.812764,75.941125,0.203596,373.000000
"a685818d-2af9-465c-9fea-9bcbcaf3ff5f","Detection","nuclei_tumor",529.640381,891.165283,96.000000,141.000000,10917562.000000,1.651988,21.000000,3.304699,167.000000,117.986962,13.666079,117.000000,59.000000,108.000000,9.094374,119.306787,0.058665,17.697070,10917562.000000,0.381454,313.186271,10.818182,13.182844,0.267199,1.985422,0.346981,0.702469,0.333102,0.959409,0.236024,0.835762,0.834837,0.986765,0.944813,-0.302289,0.000000,0.320958,3.226232,0.212722,2.799080,0.394171,6.452464,2.418067,0.583101,4.401290,111.644068,0.145559,1.000000,3.775580,292.574967,0.587259,11.126467,40.546284,423.376793,4.874295,0.117987,0.049104,0.603661,0.005636,169.469636,0.343056,0.673167,11.815789,16.230769,170.291498,1.937327,0.117132,4.420252,97.153846,0.196668,0.644068,6.588110,0.383484,4.730332,0.044973,9.666667,0.322222,1.315556,13.333333,6022.166667,57329.400000,666.661880,0.143241,4.066667,0.135556,0.306921,4.080539,0.036169,4.094740,0.039113,5368.512222,4.533271,0.013592,2.839805,0.016565,0.122390,0.343872,0.343872,53.469867,767.500000,18.386790,128.953319,0.168017,767.500000,1.724157,0.579994,0.295702,31.067877,0.343872,18.386790,53.469867,47.000000,32.000000,56.859476,56.859476,767.500000,18.386790,1.724157,0.579994,128.953319,0.168017,767.500000
"09c76118-ea06-4023-bbb0-eb8f6c0c0d99","Detection","nuclei_lymphocyte",899.487000,886.494568,59.000000,106.000000,2040391.000000,1.632649,17.000000,5.525852,153.000000,78.938312,14.072040,75.000000,45.000000,108.000000,8.188976,81.391929,1.553162,19.834038,2040391.000000,0.386638,393.389052,7.101680,17.579404,3.263695,1.926255,0.493369,0.592194,0.389036,1.132334,0.342019,0.821544,0.815915,0.987189,0.946223,-0.206336,0.000000,0.310271,2.596817,0.236769,2.717294,0.388152,5.193634,2.216231,0.604906,4.184630,39.668831,0.128795,1.000000,5.601366,119.084416,0.749410,7.941558,39.603896,241.292208,7.760041,0.179933,0.086753,1.285855,0.013067,59.846512,0.278356,1.177155,10.572093,14.223256,92.102326,2.762693,0.159407,4.189066,54.125581,0.251747,0.698052,6.014365,0.506948,7.091570,0.067645,6.214286,0.221939,1.718112,16.321429,943.214286,4622.642857,213.357163,0.146101,6.142857,0.219388,0.437705,8.553567,0.067838,4.012188,0.090909,822.214286,1.871895,0.031618,5.066774,0.016482,0.512007,0.634457,0.634457,25.055422,307.000000,15.896586,69.455844,0.226241,307.000000,1.250459,0.799707,0.299227,31.812862,0.634457,15.896586,25.055422,17.000000,23.000000,28.600699,28.600699,307.000000,15.896586,1.250459,0.799707,69.455844,0.226241,307.000000
"47767140-c13c-4de4-a29b-7dbb112c26f0","Detection","nuclei_stroma",778.081116,884.735596,102.000000,142.000000,3089975.000000,1.445748,23.000000,2.303814,158.000000,121.538835,12.626214,122.000000,88.000000,70.000000,10.025527,122.473992,0.047044,15.105967,3089975.000000,0.417476,228.190239,6.077957,5.450026,0.149673,1.466439,0.321237,0.640610,0.321237,0.905721,0.218044,0.839382,0.839382,0.981104,0.935753,-0.265692,0.000000,0.321237,2.406586,0.234015,2.538582,0.366935,4.813172,2.217346,0.446919,4.164472,29.262136,0.142049,1.000000,3.806108,86.000000,0.435668,6.233010,38.650485,235.349515,8.122404,0.234999,0.050399,0.338484,0.013398,49.956522,0.362004,0.579080,6.507246,14.376812,84.753623,3.125705,0.257498,4.114744,28.478261,0.206364,0.669903,5.463558,0.399567,2.739352,0.104448,2.600000,0.260000,1.240000,7.000000,1650.400000,9820.600000,327.672917,0.395833,1.400000,0.140000,0.185276,1.653764,0.038622,3.321928,0.048544,1226.040000,2.322728,0.050050,1.567493,0.019562,0.244216,0.793177,0.793177,18.247014,205.500000,14.473117,55.213203,0.268677,205.500000,1.180495,0.847102,0.282600,28.375740,0.793177,14.473117,18.247014,18.000000,14.000000,22.803509,22.803509,205.500000,14.473117,1.180495,0.847102,55.213203,0.268677,205.500000
"20ea02eb-7363-471c-926b-08a9b43491ca","Detection","nuclei_histiocyte",811.534119,901.613831,99.000000,133.000000,11283129.000000,1.297849,18.000000,3.307487,152.000000,115.619448,10.443881,116.000000,66.000000,86.000000,7.307430,116.383731,-0.234891,13.316012,11283129.000000,0.482594,177.316164,10.048960,4.392174,-0.079815,1.186076,0.256000,0.644956,0.252800,0.827147,0.192092,0.874133,0.873920,0.990179,0.957943,-0.285894,0.000000,0.250000,3.133120,0.314405,2.245704,0.516480,6.266240,1.978222,0.360519,3.998010,131.972389,0.158430,1.000000,3.895081,402.001200,0.354483,10.224490,47.696279,483.386555,5.304664,0.115834,0.043023,0.472629,0.005526,167.494172,0.390429,0.499595,10.372960,26.573427,267.020979,2.931601,0.124438,4.571172,65.130536,0.151819,0.515006,11.492244,0.334166,3.535354,0.045165,10.120000,0.404800,1.174400,11.160000,12444.520000,118732.680000,1343.351678,0.168544,4.280000,0.171200,0.383164,4.898470,0.051413,3.783465,0.030012,11334.297600,3.955780,0.013122,2.518932,0.008345,0.121092,0.288870,0.288870,61.597312,830.000000,17.793603,141.882251,0.170942,830.000000,1.930048,0.518122,0.277084,27.278743,0.288870,17.793603,61.597312,30.000000,55.000000,62.649820,62.649820,830.000000,17.793603,1.930048,0.518122,141.882251,0.170942,830.000000
"760f970c-7c9e-48c7-b301-601a14dc28b0","Detection","nuclei_stroma",150.626160,885.163330,67.000000,100.000000,1740933.000000,1.405507,15.000000,5.672436,148.000000,82.019920,10.359899,80.000000,56.000000,92.000000,6.448155,83.282579,1.369200,14.447170,1740933.000000,0.443914,208.720719,3.212429,5.630609,0.801057,1.160594,0.477966,0.416602,0.389831,1.120843,0.325998,0.818927,0.813898,0.973655,0.924875,-0.123831,0.000000,0.320716,1.744068,0.253843,2.486673,0.419209,3.488136,1.972428,0.409640,4.075097,36.330677,0.144744,1.000000,4.967064,111.422311,0.468405,3.768924,36.211155,116.183267,17.277639,0.470313,0.072661,0.474471,0.024607,64.166667,0.356481,0.705278,4.638889,14.744444,50.666667,6.501929,0.438272,3.972940,47.088889,0.261605,0.717131,6.966543,0.515497,2.996831,0.180368,4.529412,0.266436,1.051903,8.058824,1325.235294,4700.235294,490.045343,0.289216,3.235294,0.190311,0.284910,3.323841,0.035288,3.572469,0.067729,1107.238754,4.906991,0.031420,2.410095,0.028511,0.190714,0.306197,0.306197,33.724311,251.000000,10.326277,81.112698,0.323158,251.000000,2.085903,0.479409,0.193850,13.351599,0.306197,10.326277,33.724311,34.000000,12.000000,36.055513,36.055513,251.000000,10.326277,2.085903,0.479409,81.112698,0.323158,251.000000
"d2c744c3-53b0-4882-a98b-8b7f5f56269c","Detection","nuclei_tumor",459.003662,891.146851,84.000000,138.000000,11134062.000000,1.804414,28.000000,2.661780,174.000000,111.563510,16.230782,112.000000,60.000000,114.000000,11.645280,113.388203,-0.071462,20.260002,11134062.000000,0.330667,410.467675,9.174704,17.204746,-0.301117,2.488225,0.366090,0.743483,0.346072,0.985964,0.246324,0.830300,0.828966,0.986079,0.942798,-0.327561,0.000000,0.328556,2.940097,0.175246,3.011720,0.329390,5.880194,2.604298,0.713579,4.611501,122.418014,0.141360,1.000000,3.897621,286.357968,0.717199,9.524249,40.565820,356.879908,6.838755,0.162902,0.055343,0.685590,0.007301,171.049123,0.300086,0.848889,10.666667,16.192982,141.564912,2.662979,0.152404,4.478734,117.747368,0.206574,0.658199,6.959914,0.415266,5.168420,0.053546,10.200000,0.255000,1.347500,13.950000,4542.150000,41638.050000,565.924667,0.145632,6.900000,0.172500,0.379779,6.193532,0.035090,4.330641,0.046189,4073.427500,5.184410,0.013759,2.675486,0.020543,0.109582,0.766420,0.766420,38.210013,862.500000,29.284935,117.296465,0.135996,862.500000,1.269407,0.787769,0.383051,52.133372,0.766420,29.284935,38.210013,41.000000,31.000000,51.400389,51.400389,862.500000,29.284935,1.269407,0.787769,117.296465,0.135996,862.500000
"8e13614a-567e-41b3-878c-e29c2e390cfd","Detection","nuclei_tumor",568.536865,893.551208,76.000000,111.000000,4466158.000000,1.285444,18.000000,4.722235,147.000000,91.576108,11.229101,89.000000,63.000000,84.000000,7.576327,92.764832,1.135516,14.803058,4466158.000000,0.525395,219.130527,4.784830,5.024161,0.868638,1.024524,0.315789,0.528783,0.297214,0.925222,0.227454,0.854489,0.853251,0.981752,0.941176,-0.178078,0.000000,0.280960,2.146543,0.373477,2.200419,0.590299,4.293086,1.852327,0.335078,3.802115,77.131021,0.148615,1.000000,5.638812,272.680154,0.384094,5.200385,45.554913,200.541426,12.076964,0.272372,0.063186,0.423956,0.021727,102.159875,0.320250,0.722359,6.655172,26.181818,112.789969,6.813393,0.279563,4.170860,89.263323,0.279822,0.614644,15.593833,0.545791,4.227771,0.152188,9.642857,0.344388,1.316327,7.214286,4724.964286,19293.464286,1181.889385,0.424851,5.428571,0.193878,0.397842,2.656992,0.188962,3.824863,0.053950,4381.391582,5.427907,0.021126,1.459793,0.016650,0.102373,0.575493,0.575493,34.645972,524.000000,19.938502,94.911688,0.181129,524.000000,1.368038,0.730974,0.319725,36.320837,0.575493,19.938502,34.645972,32.000000,26.000000,41.231056,41.231056,524.000000,19.938502,1.368038,0.730974,94.911688,0.181129,524.000000
"f36e7d16-f876-470f-856d-75d1ddddee20","Detection","nuclei_stroma",667.848328,889.873779,107.000000,168.000000,3391276.000000,1.777960,32.000000,2.456250,187.000000,134.371585,17.737884,131.000000,100.000000,87.000000,13.052958,136.130683,0.530802,21.813759,3391276.000000,0.317806,475.840067,4.469325,21.786969,3.290414,2.918239,0.397239,0.760373,0.366564,1.020023,0.262870,0.821447,0.819785,0.977272,0.927666,-0.325099,0.000000,0.343345,1.959356,0.167714,2.978421,0.276074,3.918712,2.545921,0.828870,4.582188,25.480874,0.139240,1.000000,3.975156,58.158470,0.833647,4.639344,35.469945,135.021858,20.134373,0.490323,0.070861,0.386468,0.029300,42.295775,0.297858,0.851865,5.345070,10.436620,38.549296,6.155419,0.417449,4.124849,34.323944,0.241718,0.775956,3.793295,0.457393,2.582199,0.174025,3.461538,0.266272,1.136095,6.461538,676.076923,2211.769231,375.821047,0.409188,2.076923,0.159763,0.352824,2.005327,0.140385,3.546594,0.071038,477.917160,5.044997,0.062757,1.698894,0.040634,0.356545,0.644581,0.644581,19.275764,183.500000,12.424789,56.041631,0.305404,183.500000,1.361995,0.734217,0.246771,21.636760,0.644581,12.424789,19.275764,19.000000,13.000000,23.021729,23.021729,183.500000,12.424789,1.361995,0.734217,56.041631,0.305404,183.500000
"ee0d8268-a266-4212-92d1-aac42158914c","Detection","nuclei_histiocyte",839.050598,894.228516,96.000000,134.000000,3117442.000000,1.342883,19.000000,2.651907,149.000000,115.229437,12.008021,117.000000,76.000000,73.000000,8.865097,116.169789,-0.017519,14.751160,3117442.000000,0.449860,217.596709,4.580336,4.202831,-0.045672,1.270770,0.280576,0.638281,0.275779,0.866105,0.204521,0.862910,0.862590,0.972164,0.931295,-0.272069,0.000000,0.271583,2.081535,0.274766,2.332487,0.470024,4.163070,2.037377,0.387836,4.094676,36.177489,0.156613,1.000000,3.778940,103.917749,0.384026,4.792208,42.800866,204.549784,13.133237,0.326118,0.051782,0.315386,0.014578,53.627737,0.391443,0.468112,4.948905,17.810219,84.496350,5.242498,0.345296,4.175962,23.160584,0.169055,0.593074,6.438063,0.341742,1.921048,0.111703,5.181818,0.471074,0.611570,6.636364,1719.181818,7723.545455,443.242424,0.297980,1.727273,0.157025,0.329538,2.957538,0.037342,2.845351,0.047619,1278.181818,5.924250,0.039626,0.773597,0.035398,0.099621,0.586773,0.586773,22.520595,230.500000,13.214468,61.698485,0.267672,230.500000,1.314220,0.760907,0.268339,25.584135,0.586773,13.214468,22.520595,14.000000,23.000000,26.925824,26.925824,230.500000,13.214468,1.314220,0.760907,61.698485,0.267672,230.500000
"bcb47c1e-dc92-4900-a284-165ffa10fd4a","Detection","nuclei_histiocyte",860.765625,900.141113,75.000000,126.000000,2078450.000000,1.799923,28.000000,2.897745,158.000000,98.950980,16.096597,97.000000,47.000000,111.000000,11.976765,100.938003,0.325625,19.929472,2078450.000000,0.338524,397.183872,12.285910,16.323455,0.800057,2.338123,0.429549,0.689596,0.402189,1.049259,0.267793,0.803466,0.801642,0.988501,0.943033,-0.267999,0.000000,0.378249,3.436389,0.170896,3.074856,0.303694,6.872777,2.598558,0.691918,4.427969,29.274510,0.143502,1.000000,3.608708,69.058824,0.719723,12.764706,32.578431,396.813725,3.157618,0.103697,0.064189,0.774930,0.011785,46.560976,0.283908,0.969475,13.262195,9.963415,120.500000,0.989173,0.112529,4.199090,41.426829,0.252603,0.803922,3.774242,0.475634,6.401947,0.060974,2.857143,0.204082,1.918367,12.714286,699.142857,7761.142857,69.784464,0.187758,1.714286,0.122449,0.219578,1.561921,0.099157,3.807355,0.068627,486.816327,0.880165,0.051278,4.665550,0.015294,0.671260,0.783209,0.783209,18.542602,205.500000,14.522730,58.041631,0.282441,205.500000,1.304540,0.766554,0.262197,24.426273,0.783209,14.522730,18.542602,16.000000,17.000000,23.345235,23.345235,205.500000,14.522730,1.304540,0.766554,58.041631,0.282441,205.500000
"8d35b48a-b0ac-464a-8fa4-714d4a27e30e","Detection","nuclei_lymphocyte",928.819702,911.585754,55.000000,95.000000,2277151.000000,1.529063,19.000000,4.129434,134.000000,75.717678,12.520784,74.000000,39.000000,95.000000,8.404832,77.513315,0.775895,16.587562,2277151.000000,0.404251,275.147207,6.427960,6.664463,0.508512,1.378799,0.410842,0.540867,0.363766,1.048494,0.278516,0.825963,0.822825,0.984573,0.940493,-0.196971,0.000000,0.322575,2.487161,0.232940,2.589987,0.361626,4.974322,2.152891,0.447410,4.197413,50.788918,0.134008,1.000000,4.838145,153.211082,0.516204,7.039578,39.427441,237.372032,8.433294,0.200836,0.071643,0.864819,0.009226,85.355212,0.329557,0.732935,8.698842,15.783784,96.787645,3.273921,0.178386,4.100542,60.969112,0.235402,0.683377,7.218557,0.483884,5.395873,0.065334,7.782609,0.338374,1.028355,13.739130,1831.173913,10519.043478,373.845217,0.133237,5.000000,0.217391,0.423899,7.569800,0.025134,3.201546,0.060686,1559.640832,3.100698,0.024194,3.193743,0.016637,0.222277,0.594044,0.594044,28.634913,379.000000,17.010391,78.769553,0.207835,379.000000,1.302770,0.767595,0.305863,33.239590,0.594044,17.010391,28.634913,18.000000,28.000000,33.286634,33.286634,379.000000,17.010391,1.302770,0.767595,78.769553,0.207835,379.000000
"71ce031d-b4fc-4971-bdac-e7b43cf59f22","Detection","nuclei_tumor",16.346222,926.410217,55.000000,96.000000,2057962.000000,1.230988,24.000000,2.855716,120.000000,72.573727,13.043679,68.000000,50.000000,70.000000,9.706101,74.278694,0.784817,15.823357,2057962.000000,0.480554,250.378613,2.114560,3.878641,1.272509,1.069173,0.276423,0.589144,0.255728,0.865747,0.211026,0.875585,0.874205,0.973313,0.937103,-0.232704,0.000000,0.237620,1.384331,0.370843,1.984076,0.569845,2.768662,1.681792,0.336399,3.478571,70.512064,0.189040,1.000000,5.573748,179.246649,0.393045,2.520107,47.493298,78.032172,40.582440,0.700402,0.051132,0.244782,0.020464,76.237113,0.392975,0.465326,4.005155,39.938144,59.907216,35.610252,0.449170,3.950474,45.113402,0.232543,0.520107,25.151344,0.477018,2.396515,0.145688,7.125000,0.445313,0.371094,6.312500,3564.812500,4466.875000,3348.255208,0.227431,2.125000,0.132813,0.176237,1.514426,0.021574,3.327820,0.042895,3021.339844,21.212136,0.028732,0.737247,0.032599,0.087468,0.424568,0.424568,35.695376,375.000000,15.155109,95.597980,0.254928,375.000000,1.939350,0.515637,0.226351,18.204081,0.424568,15.155109,35.695376,17.000000,38.000000,41.629317,41.629317,375.000000,15.155109,1.939350,0.515637,95.597980,0.254928,375.000000
"58a720c4-68c3-44ff-95a4-a17c47158924","Detection","nuclei_lymphocyte",944.423645,917.298401,61.000000,103.000000,2148283.000000,1.503853,27.000000,2.496598,131.000000,81.519355,14.316753,80.000000,53.000000,78.000000,11.122890,83.246292,0.467860,16.868312,2148283.000000,0.387034,284.539948,3.243196,8.762381,1.534854,1.763952,0.287972,0.719315,0.270413,0.884648,0.214849,0.867720,0.866550,0.983370,0.946503,-0.337667,0.000000,0.255048,1.695347,0.250425,2.457877,0.368745,3.390694,2.136243,0.512981,4.179784,47.832258,0.154298,1.000000,5.296108,119.980645,0.526576,3.516129,46.587097,127.516129,29.730735,0.547043,0.060962,0.349223,0.020545,60.852273,0.345752,0.626776,4.880682,22.000000,57.318182,14.725852,0.397175,4.273661,35.318182,0.200671,0.567742,9.590393,0.443139,2.754825,0.121960,5.444444,0.302469,0.802469,6.777778,1786.666667,4752.333333,1083.664352,0.300154,3.444444,0.191358,0.401709,3.050133,0.075770,3.683542,0.058065,1490.061728,4.886255,0.040565,1.531324,0.020903,0.256899,0.700412,0.700412,23.862060,310.000000,16.713274,69.112698,0.222944,310.000000,1.226152,0.815560,0.304404,32.923213,0.700412,16.713274,23.862060,17.000000,24.000000,29.410882,29.410882,310.000000,16.713274,1.226152,0.815560,69.112698,0.222944,310.000000
"1ee6cd2a-e875-4dd8-a41f-86859b53ceff","Detection","nuclei_stroma",269.177734,914.835205,76.000000,101.000000,2142375.000000,0.910375,15.000000,2.583971,114.000000,88.216912,7.919253,88.000000,64.000000,50.000000,5.722525,88.748964,0.085273,9.703358,2142375.000000,0.663035,94.155155,4.179567,1.508559,0.021232,0.527059,0.199174,0.451487,0.199174,0.720274,0.159504,0.900413,0.900413,0.980083,0.950206,-0.172209,0.000000,0.199174,2.024252,0.529522,1.580237,0.718266,4.048504,1.381062,0.181558,3.312340,49.852941,0.183283,1.000000,4.913495,180.345588,0.196583,4.375000,49.882353,204.169118,13.422590,0.291054,0.042808,0.241164,0.012211,60.347222,0.419078,0.421103,5.055556,26.847222,109.569444,7.123457,0.317901,3.970879,27.986111,0.194348,0.529412,12.575617,0.416722,2.467959,0.126875,4.555556,0.506173,0.691358,6.666667,5348.444444,21484.000000,1355.419753,0.324074,1.222222,0.135802,0.185322,1.628861,0.024928,2.947703,0.033088,4435.061728,4.252269,0.038534,0.626461,0.013933,0.089757,0.337688,0.337688,33.164711,271.000000,11.199326,82.083261,0.302890,271.000000,1.978473,0.505440,0.205595,15.018520,0.337688,11.199326,33.164711,28.000000,21.000000,35.000000,35.000000,271.000000,11.199326,1.978473,0.505440,82.083261,0.302890,271.000000
"b3a52c00-3afd-4ddb-aee6-e5f82afa01f6","Detection","nuclei_lymphocyte",904.876953,916.575256,46.000000,89.000000,958646.000000,1.554151,26.000000,2.335652,114.000000,67.320000,13.692400,66.000000,33.000000,81.000000,10.846712,69.233157,0.216554,16.163156,958646.000000,0.380150,261.247600,5.078947,5.409547,-0.209661,1.578970,0.443213,0.561649,0.401662,1.074989,0.281881,0.806094,0.803324,0.974662,0.921053,-0.194477,0.000000,0.365305,2.189751,0.186341,2.766865,0.310249,4.379501,2.258457,0.505546,4.263348,26.040000,0.130200,1.000000,4.649100,76.030000,0.514375,5.465000,34.570000,199.595000,9.426597,0.312222,0.083745,0.646539,0.021091,53.407895,0.351368,0.611453,5.585526,11.631579,66.592105,3.193439,0.326709,3.911372,38.118421,0.250779,0.760000,4.706371,0.493526,3.132990,0.143436,6.294118,0.370242,1.051903,8.058824,749.294118,3691.235294,182.448529,0.319853,3.941176,0.231834,0.435359,4.665758,0.061820,3.219528,0.085000,610.885813,2.758427,0.050142,1.881022,0.027754,0.227344,0.826871,0.826871,17.620717,200.500000,14.570059,54.041631,0.269534,200.500000,1.159131,0.862715,0.284739,28.806852,0.826871,14.570059,17.620717,15.000000,17.000000,22.671568,22.671568,200.500000,14.570059,1.159131,0.862715,54.041631,0.269534,200.500000
"7913d8ca-9379-4680-bdf4-0981925bebe9","Detection","nuclei_histiocyte",873.663330,924.979858,95.000000,133.000000,3416048.000000,1.464665,20.000000,2.498448,158.000000,116.056000,11.467968,118.000000,84.000000,74.000000,8.802700,116.893935,-0.171890,13.971287,3416048.000000,0.399264,195.196864,4.917595,4.772205,-0.347081,1.454546,0.414254,0.556663,0.400891,1.016325,0.253540,0.801782,0.800891,0.975868,0.920267,-0.180425,0.000000,0.389198,2.158129,0.188632,2.669918,0.321826,4.316258,2.225090,0.467200,4.210422,38.696000,0.154784,1.000000,3.212096,99.816000,0.459664,5.108000,31.856000,168.636000,9.534472,0.326472,0.064666,0.346122,0.021863,76.010309,0.391806,0.484324,5.082474,10.154639,50.587629,3.397265,0.334837,3.832342,46.051546,0.237379,0.776000,3.512063,0.467404,2.366308,0.156919,3.666667,0.305556,0.805556,5.500000,1478.166667,6894.250000,389.287616,0.387153,2.000000,0.166667,0.360984,2.218899,0.136839,3.418296,0.048000,1044.138889,4.225703,0.030464,2.276547,0.027245,0.164484,0.395845,0.395845,28.736962,248.500000,11.375396,70.041631,0.281858,248.500000,1.571000,0.636537,0.239176,20.325274,0.395845,11.375396,28.736962,12.000000,28.000000,30.463092,30.463092,248.500000,11.375396,1.571000,0.636537,70.041631,0.281858,248.500000
"64fd1c11-9715-4c8d-915a-2c8d61409d0e","Detection","nuclei_stroma",659.962402,930.019775,108.000000,138.000000,7751135.000000,1.070123,17.000000,2.412887,150.000000,122.778431,9.282176,121.000000,89.000000,61.000000,7.159060,123.281401,0.102151,11.124779,7751135.000000,0.500707,123.760711,5.952706,1.083660,0.214746,0.818564,0.217551,0.580064,0.214398,0.760264,0.171585,0.893326,0.893116,0.987259,0.957225,-0.255727,0.000000,0.211640,2.408828,0.342535,1.830146,0.476616,4.817656,1.602056,0.259029,3.670465,93.380392,0.183099,1.000000,3.921507,255.360784,0.265394,6.072549,51.180392,301.880392,10.118750,0.199251,0.040422,0.260060,0.010273,106.012987,0.458931,0.334889,6.380952,32.008658,181.636364,6.554894,0.208213,4.366101,30.021645,0.129964,0.452941,12.511272,0.289840,1.869807,0.072747,5.000000,0.333333,0.773333,6.533333,7365.866667,39018.466667,1576.459722,0.322685,2.733333,0.182222,0.398222,2.796954,0.142498,3.640224,0.029412,6209.866667,5.154366,0.019989,1.430143,0.009325,0.113356,0.554525,0.554525,34.636942,505.500000,19.207067,94.183766,0.186318,505.500000,1.396436,0.716109,0.312020,34.591272,0.554525,19.207067,34.636942,21.000000,32.000000,38.275318,38.275318,505.500000,19.207067,1.396436,0.716109,94.183766,0.186318,505.500000
"a11aa174-8bf7-4b50-9518-b98d71b91123","Detection","nuclei_histiocyte",852.668701,928.164124,87.000000,127.000000,3944012.000000,1.424817,20.000000,2.615805,151.000000,108.981595,12.069404,110.000000,74.000000,77.000000,8.902030,109.991801,-0.180558,14.873071,3944012.000000,0.434811,221.208250,8.345545,5.367826,0.033903,1.419064,0.273938,0.676388,0.268943,0.856732,0.201608,0.866361,0.866028,0.989504,0.955295,-0.312649,0.000000,0.264571,2.838884,0.273428,2.403646,0.457952,5.677769,2.114858,0.423251,3.946116,50.435583,0.154710,1.000000,3.615191,141.748466,0.422833,8.684049,44.638037,355.279141,6.682425,0.145700,0.043254,0.419120,0.010631,67.812834,0.362635,0.592868,9.754011,19.593583,156.106952,2.919620,0.145853,4.314044,31.973262,0.170980,0.573620,7.436987,0.335155,3.609383,0.056985,3.181818,0.289256,1.719008,11.272727,4022.363636,33377.363636,531.969545,0.269419,1.545455,0.140496,0.305598,2.707571,0.191773,3.277613,0.033742,3144.049587,1.779853,0.034507,2.536282,0.010350,0.305591,0.684554,0.684554,24.837403,324.000000,17.002554,70.284271,0.216927,324.000000,1.213281,0.824211,0.310229,34.195421,0.684554,17.002554,24.837403,20.000000,21.000000,29.000000,29.000000,324.000000,17.002554,1.213281,0.824211,70.284271,0.216927,324.000000
"3f9d32fe-a860-411c-9407-f40035a8dab2","Detection","nuclei_stroma",687.647339,926.003418,112.000000,134.000000,2261965.000000,0.999473,12.000000,2.512683,143.000000,123.344595,6.956903,124.000000,104.000000,39.000000,5.283257,123.626645,0.017447,8.346154,2261965.000000,0.500365,69.658282,2.443595,0.824509,-0.030947,0.823649,0.175908,0.648028,0.175908,0.671043,0.144965,0.912046,0.912046,0.964818,0.941364,-0.328810,0.000000,0.175908,1.510516,0.355257,1.670656,0.422562,3.021033,1.494748,0.249889,3.429060,29.351351,0.198320,1.000000,3.077246,74.054054,0.249817,2.459459,49.648649,129.554054,29.672297,0.635135,0.038842,0.112211,0.020500,33.757576,0.511478,0.244261,2.272727,29.030303,78.303030,16.712121,0.681818,3.890922,8.484848,0.128558,0.445946,8.916437,0.191721,0.526266,0.108085,2.600000,0.520000,0.240000,2.800000,1572.400000,4513.600000,837.100000,0.550000,1.400000,0.280000,0.400339,1.600462,0.100309,1.921928,0.033784,696.240000,14.019083,0.077625,0.174086,0.043521,0.077569,0.697212,0.697212,16.529949,146.500000,11.524883,47.213203,0.322274,146.500000,1.210820,0.825887,0.254781,23.064137,0.697212,11.524883,16.529949,15.000000,13.000000,19.849433,19.849433,146.500000,11.524883,1.210820,0.825887,47.213203,0.322274,146.500000
"14bec1c6-84b1-4f28-ad49-706cf2d6dbaf","Detection","nuclei_histiocyte",826.765198,931.530334,114.000000,147.000000,4910827.000000,1.317052,18.000000,3.044745,168.000000,129.030822,10.330620,127.000000,98.000000,70.000000,7.466123,129.683849,0.522716,12.997988,4910827.000000,0.441147,168.947680,7.120641,3.057855,0.348172,1.080095,0.345900,0.514865,0.336475,0.952390,0.232685,0.833333,0.832705,0.979819,0.933019,-0.171154,0.000000,0.328228,2.633836,0.245324,2.352200,0.360038,5.267672,1.981064,0.356499,4.139997,41.500000,0.142123,1.000000,4.095750,128.815068,0.372525,7.489726,38.390411,272.756849,6.478192,0.165834,0.060397,0.554376,0.011132,83.928230,0.401570,0.457224,8.000000,12.248804,88.593301,2.035619,0.163410,3.964568,44.598086,0.213388,0.715753,4.440924,0.433426,3.843926,0.069080,4.875000,0.304688,0.933594,9.562500,1687.250000,12856.937500,253.693142,0.191840,2.625000,0.164063,0.286543,3.438674,0.079054,3.577820,0.054795,1354.187500,3.572546,0.026693,2.043882,0.019547,0.143644,0.490912,0.490912,27.759321,291.000000,13.627396,73.941125,0.254093,291.000000,1.495097,0.668853,0.258219,23.690825,0.490912,13.627396,27.759321,15.000000,29.000000,32.649655,32.649655,291.000000,13.627396,1.495097,0.668853,73.941125,0.254093,291.000000
"37d6ed6a-07ea-4e71-afe3-b6fd5cf453f2","Detection","nuclei_stroma",585.683777,933.455322,84.000000,102.000000,2810656.000000,0.762467,9.000000,3.359205,118.000000,93.400000,6.055000,94.000000,70.000000,48.000000,4.069282,93.719262,-0.148194,7.729166,2810656.000000,0.690938,59.740000,4.688696,1.008957,0.386264,0.456938,0.154783,0.493943,0.154783,0.621680,0.130825,0.922609,0.922609,0.984522,0.961304,-0.212623,0.000000,0.154783,2.147826,0.577462,1.317354,0.747826,4.295652,1.162571,0.152930,3.112838,67.962500,0.212383,1.000000,4.231875,221.100000,0.161094,4.837500,54.287500,240.206250,13.064757,0.235069,0.041577,0.278977,0.007785,64.669173,0.486234,0.292837,5.902256,45.639098,195.428571,11.132414,0.217210,4.107927,18.879699,0.141953,0.415625,22.483464,0.344052,2.481655,0.060319,8.500000,0.708333,0.354167,7.916667,5700.000000,23122.666667,1416.925926,0.196759,2.166667,0.180556,0.380138,3.379569,0.046867,2.751629,0.037500,4988.888889,3.835237,0.040425,0.590610,0.008630,0.099653,0.356101,0.356101,34.529585,321.000000,12.296020,88.769553,0.276541,321.000000,1.953499,0.511902,0.216538,16.659822,0.356101,12.296020,34.529585,35.000000,16.000000,38.483763,38.483763,321.000000,12.296020,1.953499,0.511902,88.769553,0.276541,321.000000
"df3962ad-8ebc-4e1c-8013-9b914dcd4e5f","Detection","nuclei_lymphocyte",748.436523,934.975098,64.000000,109.000000,2481160.000000,1.572551,22.000000,3.457144,145.000000,86.393750,13.483516,85.000000,57.000000,88.000000,9.660680,88.054671,0.624496,17.021897,2481160.000000,0.384121,289.744961,3.915816,6.167527,0.408586,1.515664,0.436224,0.553023,0.397109,1.065649,0.278529,0.807752,0.805357,0.975084,0.921858,-0.187353,0.000000,0.364890,1.909439,0.205676,2.720623,0.369048,3.818878,2.238346,0.487972,4.293800,40.793750,0.127480,1.000000,4.864023,122.918750,0.543125,4.443750,35.875000,123.943750,17.085677,0.414236,0.081431,0.652406,0.020034,76.433476,0.328041,0.686769,5.686695,13.030043,48.506438,5.785289,0.340665,3.983725,59.789700,0.256608,0.728125,5.485236,0.512247,3.687105,0.121366,10.692308,0.411243,0.871302,9.192308,1223.384615,4696.307692,374.699786,0.241987,4.769231,0.183432,0.381099,4.562361,0.042715,3.517559,0.081250,1071.905325,5.122829,0.030680,1.928394,0.030330,0.154355,0.647252,0.647252,25.385995,321.500000,16.431147,70.870058,0.220436,321.500000,1.243182,0.804387,0.304027,32.841726,0.647252,16.431147,25.385995,16.000000,25.000000,29.681644,29.681644,321.500000,16.431147,1.243182,0.804387,70.870058,0.220436,321.500000
"bc6d113c-85b5-459c-817c-e6276fac7b24","Detection","nuclei_lymphocyte",773.199402,934.238037,64.000000,106.000000,2155006.000000,1.582668,23.000000,2.735402,133.000000,85.237762,13.245098,86.000000,47.000000,86.000000,9.596871,86.804297,0.047768,16.416757,2155006.000000,0.377622,269.509903,8.585878,6.703187,0.176833,1.622136,0.352099,0.643306,0.338740,0.964199,0.237354,0.832856,0.831966,0.986564,0.943861,-0.255007,0.000000,0.327052,2.875477,0.214517,2.670745,0.378817,5.750954,2.289544,0.493559,4.325531,37.629371,0.131571,1.000000,4.597389,108.000000,0.532544,9.076923,39.349650,325.188811,5.828546,0.145597,0.065903,0.808787,0.008451,60.537634,0.325471,0.695948,10.252688,17.268817,145.172043,2.524794,0.141010,4.270909,40.107527,0.215632,0.650350,7.811539,0.449475,5.385317,0.057824,5.266667,0.351111,1.040000,14.000000,1741.733333,14076.800000,248.204537,0.144222,3.133333,0.208889,0.440125,7.069417,0.044541,3.373557,0.052448,1378.195556,1.790060,0.036882,2.925536,0.015454,0.305852,0.683163,0.683163,23.207521,285.000000,15.854512,65.455844,0.229670,285.000000,1.196306,0.835907,0.303632,32.756449,0.683163,15.854512,23.207521,17.000000,21.000000,27.018512,27.018512,285.000000,15.854512,1.196306,0.835907,65.455844,0.229670,285.000000
"5f4460a7-d0da-4f31-9407-08bc9d29b547","Detection","nuclei_histiocyte",701.034729,941.921509,94.000000,145.000000,11395682.000000,1.754143,23.000000,3.213319,171.000000,121.337748,14.959642,122.000000,60.000000,111.000000,10.098044,122.856089,-0.343342,19.255372,11395682.000000,0.342660,370.769370,11.873378,16.494322,-0.939713,2.308378,0.390389,0.710691,0.358120,1.019105,0.262139,0.826143,0.824167,0.985265,0.941069,-0.296207,0.000000,0.331541,3.375482,0.177331,2.991270,0.289021,6.750965,2.546435,0.674692,4.591940,107.826490,0.142817,1.000000,3.740443,258.708609,0.673655,12.125828,39.312583,469.251656,4.332437,0.114043,0.048492,0.631327,0.005470,166.747126,0.319439,0.767139,12.408046,13.471264,158.988506,1.459243,0.116988,4.436328,107.563218,0.206060,0.691391,5.103434,0.419689,5.376547,0.047221,6.040000,0.241600,1.369600,13.760000,4243.080000,46371.160000,434.232256,0.141822,2.040000,0.081600,0.200703,3.143272,0.022422,4.483856,0.033113,3331.040000,4.187945,0.014553,2.891933,0.019595,0.128464,0.498334,0.498334,44.640907,758.000000,22.246081,117.539105,0.155065,758.000000,1.450393,0.689468,0.335599,40.016919,0.498334,22.246081,44.640907,39.000000,33.000000,51.088159,51.088159,758.000000,22.246081,1.450393,0.689468,117.539105,0.155065,758.000000
"f77e35b0-41c0-4028-8114-facb0ac2cb09","Detection","nuclei_stroma",209.854706,944.174255,75.000000,122.000000,3346566.000000,1.632362,25.000000,3.019758,149.000000,96.062857,14.354318,95.000000,54.000000,95.000000,10.116346,97.783522,0.451416,18.263204,3346566.000000,0.374743,333.544620,5.551751,8.451008,0.553683,1.660900,0.463813,0.563411,0.409339,1.101155,0.296255,0.804410,0.800778,0.973678,0.919948,-0.188367,0.000000,0.361673,2.291829,0.199413,2.846524,0.371984,4.583658,2.331360,0.531178,4.386875,48.205714,0.137731,1.000000,4.037192,131.160000,0.580539,6.177143,34.697143,186.480000,9.496071,0.267024,0.075268,0.666132,0.018205,85.320611,0.325651,0.699857,7.064885,11.221374,62.122137,2.967133,0.253366,4.122077,60.595420,0.231280,0.748571,4.083095,0.466675,3.889412,0.100634,7.782609,0.338374,1.130435,10.130435,1541.739130,6849.304348,383.413647,0.252717,4.478261,0.194707,0.430497,4.861137,0.113712,3.670969,0.065714,1310.170132,5.811332,0.025263,1.922177,0.034852,0.117303,0.480440,0.480440,30.819274,351.000000,14.806823,78.769553,0.224415,351.000000,1.406694,0.710886,0.283266,28.509623,0.480440,14.806823,30.819274,28.000000,19.000000,33.837849,33.837849,351.000000,14.806823,1.406694,0.710886,78.769553,0.224415,351.000000
"db92021b-0f53-4a37-a35e-60c9c1580c5e","Detection","nuclei_histiocyte",881.836304,948.741577,74.000000,111.000000,3426620.000000,1.380605,19.000000,3.030092,142.000000,92.015190,11.585925,91.000000,58.000000,84.000000,8.457303,93.139612,0.394578,14.428866,3426620.000000,0.459881,208.192174,4.864846,4.611883,0.267006,1.182460,0.345392,0.547872,0.323549,0.964513,0.240708,0.841866,0.840410,0.980068,0.936018,-0.192482,0.000000,0.304437,2.157679,0.283965,2.436721,0.489420,4.315358,2.045358,0.381963,4.069387,54.518987,0.138023,1.000000,4.261138,181.653165,0.400346,5.184810,41.455696,194.212658,11.589504,0.290559,0.048750,0.297308,0.015381,90.501946,0.352148,0.602674,6.035019,18.739300,86.249027,5.002810,0.294234,4.085626,57.396887,0.223334,0.650633,9.290254,0.440619,3.188474,0.114077,5.705882,0.335640,1.065744,6.882353,3677.588235,15450.823529,923.390931,0.383170,1.941176,0.114187,0.169146,0.801567,0.086805,3.969816,0.043038,3137.709343,5.081525,0.023641,1.771868,0.019694,0.119955,0.615742,0.615742,28.926548,396.000000,17.811291,79.597980,0.201005,396.000000,1.273207,0.785418,0.314606,35.167104,0.615742,17.811291,28.926548,22.000000,26.000000,34.058773,34.058773,396.000000,17.811291,1.273207,0.785418,79.597980,0.201005,396.000000
"b587e653-8b6b-41b8-b658-e12f3e7e4c58","Detection","nuclei_lymphocyte",904.498779,946.344177,93.000000,130.000000,3478834.000000,1.410531,18.000000,3.255468,151.000000,111.919414,11.374982,113.000000,70.000000,81.000000,7.650621,112.884816,-0.300939,14.731818,3478834.000000,0.463162,217.026473,9.038038,5.955226,-0.555196,1.275510,0.299299,0.619891,0.291291,0.895612,0.214449,0.855689,0.855155,0.988552,0.951642,-0.253948,0.000000,0.284284,2.965465,0.313602,2.373124,0.529530,5.930931,2.053397,0.393702,3.907832,39.673993,0.145326,1.000000,4.543037,126.443223,0.420910,9.531136,43.183150,390.271062,5.395980,0.135805,0.049553,0.549020,0.009715,57.058480,0.333675,0.702370,10.345029,18.923977,172.491228,2.321943,0.150971,4.246028,36.403509,0.212886,0.626374,8.728840,0.452741,5.153170,0.072655,3.833333,0.319444,1.638889,11.666667,2644.583333,23863.000000,302.618495,0.252176,1.666667,0.138889,0.203140,2.604948,0.097727,3.418296,0.043956,2127.020833,1.560142,0.035365,2.849573,0.011716,0.318620,0.813389,0.813389,20.912695,276.000000,17.010151,63.941125,0.231671,276.000000,1.178804,0.848317,0.304554,32.955637,0.813389,17.010151,20.912695,18.000000,21.000000,27.658633,27.658633,276.000000,17.010151,1.178804,0.848317,63.941125,0.231671,276.000000
"2637ad92-220a-4f33-9b00-4f7d9bedba24","Detection","nuclei_stroma",144.362503,950.127930,90.000000,120.000000,4547524.000000,1.192005,17.000000,2.850171,139.000000,105.671642,9.853642,107.000000,72.000000,67.000000,7.202817,106.359056,-0.204628,12.072816,4547524.000000,0.504282,145.752877,7.527815,2.883150,-0.260277,1.034861,0.225916,0.641624,0.225916,0.770824,0.174878,0.887042,0.887042,0.986711,0.954817,-0.297026,0.000000,0.225916,2.706581,0.337506,2.064087,0.516961,5.413161,1.838171,0.315194,3.823610,66.975124,0.166605,1.000000,4.213831,202.721393,0.306558,7.699005,48.791045,374.460199,7.395695,0.158755,0.041054,0.338741,0.007156,87.643902,0.427531,0.434884,7.843902,30.146341,236.009756,4.418970,0.173001,4.362352,34.902439,0.170256,0.509950,14.764640,0.381384,3.195885,0.070386,4.600000,0.306667,0.782222,9.000000,3240.533333,25285.800000,469.725926,0.194444,3.000000,0.200000,0.179429,1.740173,0.028753,3.456565,0.037313,2522.293333,3.241587,0.025073,1.473113,0.011660,0.139913,0.360980,0.360980,38.491422,400.000000,13.894636,92.769553,0.231924,400.000000,1.712147,0.584062,0.252567,22.665013,0.360980,13.894636,38.491422,36.000000,17.000000,39.812058,39.812058,400.000000,13.894636,1.712147,0.584062,92.769553,0.231924,400.000000
"c6eea691-33ac-49c7-ba22-245ea15efb51","Detection","nuclei_histiocyte",856.965210,953.202698,71.000000,121.000000,3052943.000000,1.761759,28.000000,2.693112,155.000000,94.276596,16.220526,92.000000,58.000000,97.000000,11.785516,96.329964,0.521647,19.783465,3052943.000000,0.337386,391.385501,5.419275,12.116955,0.928191,2.102725,0.446458,0.649725,0.416804,1.063675,0.272732,0.796540,0.794563,0.983065,0.931239,-0.230131,0.000000,0.390857,2.237232,0.167575,3.010977,0.322076,4.474465,2.514490,0.637296,4.536601,45.267477,0.137591,1.000000,3.956782,111.000000,0.697887,6.006079,33.261398,173.221884,10.602325,0.310279,0.068451,0.617639,0.016083,74.898438,0.292572,0.865662,6.921875,11.000000,61.101563,3.218303,0.292684,4.114698,65.429688,0.255585,0.778116,4.393494,0.495632,4.188477,0.114339,5.210526,0.274238,1.263158,10.263158,1450.368421,6581.894737,375.902690,0.246988,1.947368,0.102493,0.253762,3.940414,0.020819,4.037401,0.057751,1150.531856,3.171264,0.030621,3.526763,0.023668,0.285223,0.890992,0.890992,21.882504,330.500000,19.497136,69.698485,0.210888,330.500000,1.169675,0.854938,0.320451,36.485919,0.890992,19.497136,21.882504,21.000000,20.000000,29.000000,29.000000,330.500000,19.497136,1.169675,0.854938,69.698485,0.210888,330.500000
"6734a470-980c-40c7-98da-1c838c6d1a1a","Detection","nuclei_histiocyte",793.510010,965.238403,74.000000,123.000000,5809117.000000,1.761436,28.000000,2.683179,159.000000,97.411864,15.511169,96.000000,59.000000,100.000000,11.418300,99.226816,0.350015,18.891524,5809117.000000,0.336191,356.889690,6.272523,13.080621,0.575608,2.252508,0.388739,0.705640,0.375225,0.998127,0.247945,0.814640,0.813739,0.985156,0.937784,-0.286327,0.000000,0.363401,2.409685,0.170402,2.976482,0.288739,4.819369,2.555017,0.660312,4.602950,84.094915,0.142534,1.000000,3.908256,198.352542,0.683355,6.623729,37.000000,236.132203,9.235808,0.269589,0.065903,0.579963,0.016505,122.219277,0.294504,0.871650,7.091566,14.019277,91.200000,3.291107,0.282573,4.420479,90.219277,0.217396,0.703390,5.934504,0.435379,3.561375,0.111182,6.937500,0.216797,1.764648,9.156250,2704.750000,17928.437500,500.495286,0.344896,5.812500,0.181641,0.421951,5.098643,0.082981,4.366729,0.054237,2364.808594,4.925684,0.017625,3.290867,0.022040,0.157656,0.652563,0.652563,34.222598,591.500000,22.332396,97.497475,0.164831,591.500000,1.278857,0.781948,0.346649,42.695467,0.652563,22.332396,34.222598,30.000000,29.000000,41.725292,41.725292,591.500000,22.332396,1.278857,0.781948,97.497475,0.164831,591.500000
"2b799736-3466-45f1-8217-d9c3c0148a4e","Detection","nuclei_histiocyte",751.368652,970.381592,96.000000,144.000000,10084534.000000,1.676662,25.000000,2.499080,161.000000,120.452941,14.544170,121.000000,74.000000,87.000000,10.501690,121.779297,-0.210547,17.924453,10084534.000000,0.350095,321.286021,11.404222,10.093855,-0.305024,2.068984,0.364738,0.700263,0.349101,0.978052,0.242867,0.827958,0.827013,0.986109,0.942182,-0.290136,0.000000,0.336341,3.313331,0.183969,2.862122,0.288507,6.626661,2.463816,0.608431,4.456524,96.570588,0.142016,1.000000,3.836021,238.064706,0.610551,11.666176,39.273529,454.080882,4.204373,0.110810,0.056921,0.777758,0.006854,140.821029,0.315036,0.747904,11.903803,15.472036,184.961969,1.583732,0.115086,4.442861,89.787472,0.200867,0.657353,6.215196,0.405807,5.140517,0.046275,9.222222,0.256173,1.452932,14.694444,2587.722222,33339.750000,224.714645,0.130085,4.944444,0.137346,0.324507,5.840439,0.046222,4.340083,0.052941,2230.932099,3.891545,0.015658,3.071673,0.018470,0.132042,0.693931,0.693931,36.303572,680.000000,25.192172,110.911688,0.163105,680.000000,1.439580,0.694647,0.328449,38.329950,0.693931,25.192172,36.303572,28.000000,35.000000,44.821870,44.821870,680.000000,25.192172,1.439580,0.694647,110.911688,0.163105,680.000000
"7a40c3e0-9d8d-4bea-85b4-b7e8671315cc","Detection","nuclei_stroma",476.494202,971.681030,104.000000,135.000000,7719507.000000,1.152010,16.000000,2.864308,154.000000,118.512868,9.614491,118.000000,81.000000,73.000000,6.932106,119.122921,0.095836,12.040366,7719507.000000,0.519295,144.970423,5.279218,2.674378,0.269049,0.974621,0.184841,0.681161,0.184841,0.690554,0.150675,0.907579,0.907579,0.989127,0.963032,-0.350607,0.000000,0.184841,2.254279,0.382765,1.901829,0.568215,4.508557,1.716988,0.289866,3.659144,107.970588,0.198475,1.000000,3.715060,282.496324,0.289492,5.376838,54.533088,285.829044,12.616473,0.242928,0.037400,0.223539,0.010227,91.981818,0.418099,0.428182,5.718182,45.554545,229.281818,10.527715,0.267898,4.703869,25.927273,0.117851,0.404412,21.097025,0.288545,1.783312,0.082557,5.625000,0.351563,0.746094,6.687500,8671.500000,40469.562500,2019.631944,0.309462,3.000000,0.187500,0.368257,2.578633,0.105928,3.452820,0.029412,7515.500000,4.296396,0.024605,1.143193,0.008467,0.134023,0.765333,0.765333,30.197451,545.000000,23.111102,89.597980,0.164400,545.000000,1.172169,0.853120,0.362555,46.703640,0.765333,23.111102,30.197451,30.000000,23.000000,37.802116,37.802116,545.000000,23.111102,1.172169,0.853120,89.597980,0.164400,545.000000
"f22b5d61-1256-4df0-97a6-59fb0a9903c8","Detection","nuclei_lymphocyte",904.101746,974.707886,57.000000,94.000000,2471461.000000,1.477316,18.000000,3.953383,129.000000,73.826790,12.287377,71.000000,38.000000,91.000000,8.062495,75.549733,0.909887,16.042669,2471461.000000,0.426804,257.367227,5.987624,6.245337,0.983229,1.312260,0.361386,0.568145,0.337871,0.982024,0.247229,0.834829,0.833416,0.986309,0.944237,-0.201399,0.000000,0.318757,2.397896,0.269997,2.470198,0.454208,4.795792,2.079298,0.418411,4.037388,58.316397,0.134680,1.000000,4.842311,184.806005,0.493522,6.565820,41.147806,219.314088,9.310429,0.212973,0.060317,0.648078,0.009119,92.795053,0.327898,0.728539,8.325088,19.448763,104.120141,4.366622,0.193943,4.171619,65.515901,0.231505,0.653580,10.084731,0.471259,4.938976,0.076641,6.904762,0.328798,1.102041,12.857143,3096.809524,14176.142857,728.807804,0.172460,3.190476,0.151927,0.340370,5.610195,0.024133,3.689704,0.048499,2671.664399,3.754765,0.021277,3.135689,0.015185,0.208711,0.760723,0.760723,27.007287,432.500000,20.545062,80.526912,0.186189,432.500000,1.193125,0.838135,0.337676,40.513658,0.760723,20.545062,27.007287,21.000000,26.000000,33.421550,33.421550,432.500000,20.545062,1.193125,0.838135,80.526912,0.186189,432.500000
"4e01bc9b-dd1a-4cfd-9167-3d2a9316ae7b","Detection","nuclei_lymphocyte",881.406006,977.399902,57.000000,102.000000,2461259.000000,1.634800,26.000000,3.890293,147.000000,77.913613,15.259423,75.000000,44.000000,103.000000,10.843975,80.268838,0.938190,19.301693,2461259.000000,0.375798,372.555364,6.966054,10.856407,1.912000,1.818242,0.381188,0.653375,0.326025,1.010611,0.274896,0.845651,0.842504,0.985849,0.946938,-0.270295,0.000000,0.282768,2.570368,0.245844,2.656297,0.407355,5.140736,2.232705,0.549857,4.227231,53.371728,0.139717,1.000000,5.512815,143.554974,0.640559,7.672775,43.680628,270.709424,8.607397,0.186002,0.072338,0.879158,0.012808,68.095436,0.282554,0.958489,9.933610,20.829876,125.195021,4.282151,0.174012,4.293507,59.390041,0.246432,0.630890,10.780186,0.499898,6.077631,0.086086,7.000000,0.280000,1.446400,13.280000,1816.960000,10736.120000,362.509422,0.196122,5.480000,0.219200,0.464126,7.138389,0.075425,3.673270,0.065445,1583.481600,2.751304,0.030183,2.795200,0.019065,0.242906,0.584725,0.584725,29.073088,383.000000,16.999754,77.941125,0.203502,383.000000,1.262190,0.792274,0.314032,35.038855,0.584725,16.999754,29.073088,18.000000,28.000000,33.286634,33.286634,383.000000,16.999754,1.262190,0.792274,77.941125,0.203502,383.000000
"eb00f44b-2726-4188-9bcf-c4f43acc6590","Detection","nuclei_histiocyte",332.358673,985.178833,98.000000,123.000000,11899403.000000,0.847907,12.000000,3.942984,140.000000,110.331269,7.954004,111.000000,75.000000,65.000000,5.533530,110.815548,-0.621110,10.348752,11899403.000000,0.689457,107.096659,3.834820,1.724122,-0.283006,0.569694,0.135983,0.614603,0.135983,0.573620,0.117491,0.932009,0.932009,0.986402,0.966004,-0.324444,0.000000,0.135983,1.930387,0.576737,1.414694,0.750743,3.860773,1.278711,0.176419,2.944078,275.313725,0.284121,1.000000,3.262361,668.083591,0.177138,3.945304,60.969040,232.126935,19.510836,0.331327,0.031355,0.151333,0.011946,125.925676,0.425425,0.418873,4.445946,83.486486,322.844595,24.698011,0.375000,4.844010,28.750000,0.097128,0.305470,40.619385,0.251595,1.317359,0.108364,11.347826,0.493384,0.888469,6.000000,27820.565217,110220.043478,7244.125604,0.426329,3.956522,0.172023,0.400071,2.416421,0.176032,3.638148,0.023736,26045.591682,9.801158,0.016791,0.395413,0.008054,0.038460,0.733568,0.733568,41.274224,966.500000,30.277439,123.296465,0.127570,966.500000,1.251669,0.798933,0.398291,56.364313,0.733568,30.277439,41.274224,37.000000,38.000000,53.037722,53.037722,966.500000,30.277439,1.251669,0.798933,123.296465,0.127570,966.500000
"38483597-665c-49c0-bed6-60ef77cf5fc8","Detection","nuclei_lymphocyte",832.176025,981.597961,57.000000,96.000000,2219360.000000,1.332535,18.000000,4.551016,135.000000,73.506361,11.783980,70.000000,44.000000,91.000000,7.439258,75.148030,1.223148,15.621822,2219360.000000,0.481551,244.041308,5.793292,5.599117,1.512457,1.144667,0.366872,0.514572,0.321697,0.995970,0.263383,0.846509,0.843669,0.986272,0.947447,-0.162295,0.000000,0.283786,2.366188,0.342842,2.231354,0.548939,4.732375,1.827094,0.377885,3.711151,56.440204,0.143614,1.000000,5.659810,189.249364,0.464943,6.407125,44.175573,217.129771,10.042502,0.203903,0.067075,0.737084,0.011147,82.976190,0.329271,0.701105,8.932540,22.793651,110.357143,5.265227,0.166682,3.901001,72.214286,0.286565,0.641221,13.065193,0.550980,6.158706,0.075240,6.913043,0.300567,1.107750,12.608696,2879.695652,12480.000000,694.449662,0.168261,3.956522,0.172023,0.391256,5.753375,0.073447,3.849224,0.058524,2587.731569,3.023333,0.025114,2.929375,0.013237,0.248572,0.692351,0.692351,26.985132,393.000000,18.683196,76.769553,0.195342,393.000000,1.193371,0.837962,0.329636,38.607390,0.692351,18.683196,26.985132,19.000000,27.000000,33.015148,33.015148,393.000000,18.683196,1.193371,0.837962,76.769553,0.195342,393.000000
"925365c0-f938-43b1-bb09-844f584abc72","Detection","nuclei_histiocyte",850.134033,977.561462,68.000000,108.000000,1633508.000000,1.471464,21.000000,2.648591,131.000000,90.040816,12.151395,92.000000,58.000000,73.000000,8.997104,91.291974,-0.152682,15.062400,1633508.000000,0.410298,226.875885,4.645804,5.390520,0.008424,1.438590,0.357041,0.602322,0.348506,0.961965,0.235585,0.827169,0.826600,0.979148,0.930583,-0.221625,0.000000,0.341038,2.091750,0.221712,2.596463,0.401138,4.183499,2.216200,0.448908,4.199838,27.540816,0.140514,1.000000,3.871616,80.418367,0.455513,5.025510,36.408163,166.066327,12.475765,0.328444,0.056142,0.357044,0.016101,51.215827,0.368459,0.540759,5.546763,13.496403,61.769784,4.459133,0.315697,3.911342,30.942446,0.222608,0.709184,5.543191,0.449766,2.769038,0.134289,4.272727,0.388430,0.975207,7.000000,1229.818182,5201.363636,338.762626,0.361742,2.090909,0.190083,0.189662,1.637575,0.045352,3.277613,0.056122,912.330579,2.627634,0.049009,1.836953,0.022661,0.251162,0.699683,0.699683,19.282152,196.500000,13.491388,56.041631,0.285199,196.500000,1.271889,0.786232,0.264254,24.811053,0.699683,13.491388,19.282152,13.000000,19.000000,23.021729,23.021729,196.500000,13.491388,1.271889,0.786232,56.041631,0.285199,196.500000
"94ea7df6-1e20-4d3a-8fa4-c0044ba0bcf2","Detection","nuclei_lymphocyte",726.033630,988.397278,55.000000,115.000000,3235753.000000,2.028903,34.000000,2.951231,169.000000,85.884804,18.859729,85.000000,33.000000,136.000000,13.629864,89.054855,0.182309,23.549259,3235753.000000,0.282788,554.567612,9.260238,32.213446,0.085089,3.468107,0.426684,0.780895,0.393659,1.053824,0.271717,0.808675,0.806473,0.988602,0.944353,-0.339747,0.000000,0.364762,2.915456,0.137335,3.347735,0.272127,5.830911,2.866087,0.973698,4.889436,54.372549,0.133266,1.000000,4.136943,115.377451,0.989998,9.683824,35.750000,320.129902,6.989033,0.195031,0.066537,0.812263,0.010737,82.974843,0.260927,1.132362,10.455975,10.389937,92.767296,1.970482,0.188608,4.448209,77.012579,0.242178,0.779412,3.805387,0.479176,5.403470,0.078515,4.545455,0.206612,1.834711,12.545455,1669.545455,14193.863636,251.026250,0.224520,3.818182,0.173554,0.381559,5.987405,0.041464,3.970573,0.053922,1325.611570,2.006300,0.028586,4.722621,0.021604,0.378352,0.938610,0.938610,23.709829,406.500000,22.254280,82.669048,0.203368,406.500000,1.337875,0.747454,0.305120,33.078413,0.938610,22.254280,23.709829,25.000000,25.000000,35.355339,35.355339,406.500000,22.254280,1.337875,0.747454,82.669048,0.203368,406.500000
"180fa401-5d7a-4012-857d-f724764b1975","Detection","nuclei_lymphocyte",785.096436,990.901062,68.000000,122.000000,3025686.000000,1.786631,28.000000,2.513472,143.000000,92.738095,16.353175,90.000000,55.000000,88.000000,12.050216,94.894773,0.462707,20.116251,3025686.000000,0.324989,404.663549,5.074675,16.549444,1.710209,2.479444,0.381494,0.733309,0.340909,1.014180,0.265274,0.836310,0.833604,0.978275,0.933171,-0.322034,0.000000,0.305398,2.133117,0.184238,2.923407,0.350649,4.266234,2.508118,0.715234,4.433631,50.404762,0.150014,1.000000,3.856824,109.196429,0.758424,5.622024,39.642857,186.092262,16.214823,0.356854,0.054515,0.467239,0.012351,64.041860,0.297869,0.816528,6.916279,17.348837,78.651163,7.419251,0.285465,4.352008,42.032558,0.195500,0.639881,7.579578,0.406217,3.639875,0.073431,5.266667,0.351111,0.933333,9.933333,2189.200000,9319.000000,729.416667,0.222685,2.066667,0.137778,0.291222,3.554103,0.029363,3.640224,0.044643,1687.440000,6.379329,0.031019,1.677904,0.040843,0.154391,0.517109,0.517109,29.064080,337.000000,15.029284,77.941125,0.231279,337.000000,1.434477,0.697118,0.276315,27.127649,0.517109,15.029284,29.064080,17.000000,28.000000,32.756679,32.756679,337.000000,15.029284,1.434477,0.697118,77.941125,0.231279,337.000000
"ccd2eb4e-8497-4b3a-af72-5af0248a5b3b","Detection","nuclei_stroma",441.910736,992.071411,86.000000,115.000000,9017048.000000,1.245271,15.000000,3.910244,153.000000,100.244068,9.231592,100.000000,70.000000,83.000000,6.460647,100.939362,0.518967,11.827158,9017048.000000,0.461291,139.881674,6.421838,2.652603,0.310021,1.054613,0.200477,0.680537,0.197494,0.726502,0.161473,0.901750,0.901551,0.992313,0.967155,-0.343806,0.000000,0.194884,2.491647,0.331071,1.973057,0.430489,4.983294,1.767031,0.313773,3.626151,187.110734,0.211425,1.000000,3.926292,408.242938,0.339430,6.745763,54.200000,337.769492,10.321995,0.184295,0.039821,0.386352,0.006551,141.287293,0.390296,0.530303,8.207182,48.116022,276.370166,9.789883,0.169718,4.699456,46.337017,0.128003,0.409040,24.208785,0.312546,3.347701,0.047927,8.818182,0.400826,1.059917,12.681818,16012.409091,102494.363636,2936.998750,0.172588,5.909091,0.268595,0.515764,6.963394,0.080867,3.259142,0.024859,14394.175620,4.692441,0.014108,2.132727,0.006608,0.148550,0.549047,0.549047,46.014702,887.000000,25.264216,130.225397,0.146816,887.000000,1.521451,0.657267,0.336748,40.291417,0.549047,25.264216,46.014702,47.000000,28.000000,54.708317,54.708317,887.000000,25.264216,1.521451,0.657267,130.225397,0.146816,887.000000
"096c70bb-9ae0-44bd-8609-2fc1fd69eb04","Detection","nuclei_lymphocyte",968.991943,989.929443,69.000000,135.000000,2991161.000000,1.975371,37.000000,2.791396,161.000000,94.996774,20.608907,86.000000,57.000000,104.000000,15.136832,98.228847,0.861726,24.990385,2991161.000000,0.298585,624.519344,5.922135,41.408908,5.700859,3.789798,0.378828,0.818248,0.352581,1.004449,0.254514,0.828084,0.826334,0.985639,0.941861,-0.380042,0.000000,0.329615,2.251531,0.173120,3.114904,0.348206,4.503062,2.711055,1.042156,4.650751,42.025806,0.135567,1.000000,4.434964,92.561290,1.137575,6.487097,38.903226,196.964516,15.301263,0.360156,0.058728,0.462608,0.017667,50.190698,0.233445,1.453413,8.334884,14.502326,73.776744,5.465163,0.312691,4.510561,49.381395,0.229681,0.693548,6.186479,0.463175,4.789709,0.110841,3.285714,0.234694,1.387755,8.000000,1684.571429,7685.071429,568.864563,0.329246,2.000000,0.142857,0.300008,1.415256,0.117451,3.664498,0.045161,1194.265306,3.514729,0.039802,2.897088,0.034603,0.382806,0.847641,0.847641,21.640570,309.500000,18.343438,67.355339,0.217626,309.500000,1.166470,0.857287,0.315884,35.453376,0.847641,18.343438,21.640570,21.000000,20.000000,29.000000,29.000000,309.500000,18.343438,1.166470,0.857287,67.355339,0.217626,309.500000
"12702885-ec20-4b18-9d64-f2332a207d55","Detection","nuclei_histiocyte",618.789734,1002.269531,106.000000,139.000000,9954791.000000,1.367055,17.000000,3.517881,158.000000,122.056061,10.577810,121.000000,73.000000,85.000000,7.284389,122.812934,-0.068774,13.613770,9954791.000000,0.444913,185.334736,11.568604,4.983894,0.229938,1.255075,0.301049,0.613078,0.291364,0.899619,0.216156,0.855932,0.855287,0.988498,0.951670,-0.246544,0.000000,0.282889,3.366021,0.273534,2.383436,0.437046,6.732042,2.056056,0.389031,4.118368,95.848485,0.145225,1.000000,4.163049,293.642424,0.392645,11.890909,44.581818,506.327273,4.357347,0.098027,0.053417,0.705141,0.006639,145.199475,0.381101,0.549004,12.698163,21.144357,233.711286,2.103618,0.100042,4.418753,66.706037,0.175081,0.577273,9.141133,0.378873,5.102739,0.040660,8.785714,0.313776,1.309949,14.321429,6015.142857,64638.928571,596.746895,0.134812,6.000000,0.214286,0.447700,6.286095,0.080727,3.869331,0.042424,5459.530612,3.595084,0.014786,2.862215,0.010302,0.146993,0.500186,0.500186,41.638593,661.000000,20.827029,111.396970,0.168528,661.000000,1.493948,0.669367,0.317188,35.746635,0.500186,20.827029,41.638593,33.000000,35.000000,48.104054,48.104054,661.000000,20.827029,1.493948,0.669367,111.396970,0.168528,661.000000
"3522c502-f27f-49f5-9cf9-2a09fe61e7ea","Detection","nuclei_lymphocyte",908.474426,999.560120,69.000000,111.000000,1957178.000000,1.438997,17.000000,2.956831,132.000000,90.594828,11.703181,90.000000,57.000000,75.000000,8.218750,91.848310,0.178282,15.122476,1957178.000000,0.439395,228.689284,4.425000,4.515331,0.055608,1.213264,0.391667,0.511921,0.365476,1.016916,0.258094,0.821627,0.819881,0.977423,0.927778,-0.169375,0.000000,0.342560,2.054167,0.258301,2.530009,0.461905,4.108333,2.090129,0.401233,4.059094,29.568966,0.127452,1.000000,4.653686,101.939655,0.435716,4.896552,37.025862,151.405172,12.670139,0.328185,0.069357,0.591228,0.015165,60.070588,0.353356,0.597370,6.023529,12.717647,53.623529,4.074510,0.294771,3.872145,40.270588,0.236886,0.732759,5.267958,0.469782,3.509490,0.104498,5.666667,0.377778,0.862222,9.466667,1386.400000,5606.400000,373.261111,0.225926,2.600000,0.173333,0.336499,4.891208,0.024863,2.840224,0.064655,1147.182222,3.124814,0.040526,1.860159,0.023111,0.198954,0.561661,0.561661,23.046265,231.500000,12.944183,60.526912,0.261455,231.500000,1.259320,0.794079,0.277366,27.334354,0.561661,12.944183,23.046265,19.000000,18.000000,26.172505,26.172505,231.500000,12.944183,1.259320,0.794079,60.526912,0.261455,231.500000
"062a73ac-ec9d-4006-97c5-7c888ca92bf5","Detection","nuclei_histiocyte",698.483032,1006.121399,85.000000,129.000000,5278636.000000,1.612016,25.000000,2.688457,153.000000,106.924444,13.966123,107.000000,64.000000,89.000000,10.106932,108.306520,0.122633,17.247185,5278636.000000,0.380464,297.465402,7.941667,7.795173,-0.124831,1.694999,0.348810,0.658667,0.338095,0.957277,0.234501,0.832738,0.832024,0.986670,0.943906,-0.271330,0.000000,0.328720,2.757738,0.217216,2.700293,0.376190,5.515476,2.330502,0.510952,4.287472,62.302222,0.138449,1.000000,4.110795,171.208889,0.548425,8.413333,39.897778,303.533333,6.660618,0.168087,0.060561,0.691839,0.010790,93.456376,0.313612,0.770191,9.530201,15.657718,121.946309,2.545817,0.168976,4.369470,60.677852,0.203617,0.662222,6.536507,0.422135,4.666377,0.070275,6.481481,0.240055,1.525377,12.148148,2164.370370,17729.777778,294.057109,0.207058,3.962963,0.146776,0.353509,5.190448,0.075176,4.134336,0.060000,1886.592593,3.034841,0.022854,2.945094,0.016509,0.190953,0.730339,0.730339,28.101662,447.500000,20.523752,83.012193,0.185502,447.500000,1.225408,0.816054,0.333815,39.592487,0.730339,20.523752,28.101662,21.000000,28.000000,35.000000,35.000000,447.500000,20.523752,1.225408,0.816054,83.012193,0.185502,447.500000
"0556fa30-88bb-4560-9c35-e7f48973841d","Detection","nuclei_histiocyte",637.194702,1011.128418,105.000000,147.000000,4145427.000000,1.413668,21.000000,2.661172,159.000000,121.821818,12.303550,120.000000,82.000000,77.000000,8.875586,122.777359,0.352780,15.288055,4145427.000000,0.445765,233.724615,5.988072,7.136685,1.061918,1.486651,0.262425,0.699927,0.256461,0.840136,0.196653,0.872763,0.872366,0.984668,0.948907,-0.335918,0.000000,0.251243,2.383698,0.302334,2.331491,0.498012,4.767396,2.051678,0.437269,3.936693,44.149091,0.160542,1.000000,3.761269,122.585455,0.437898,6.076364,45.516364,245.843636,10.733157,0.231793,0.040770,0.281334,0.008600,55.960526,0.368161,0.562284,7.111842,22.342105,115.276316,5.267178,0.220852,4.310738,24.934211,0.164041,0.552727,9.249134,0.349070,2.813426,0.062200,3.545455,0.322314,0.743802,8.181818,2275.181818,11115.000000,524.636995,0.220960,1.363636,0.123967,0.192925,1.301583,0.034403,3.459432,0.040000,1650.181818,2.792806,0.043763,1.334763,0.016783,0.215524,0.702102,0.702102,22.463063,276.500000,15.771361,64.526912,0.233370,276.500000,1.198331,0.834494,0.300960,32.182516,0.702102,15.771361,22.463063,18.000000,21.000000,27.658633,27.658633,276.500000,15.771361,1.198331,0.834494,64.526912,0.233370,276.500000
"7fdaf28c-3e4d-4f67-b7e5-55dc5302a8cb","Detection","nuclei_lymphocyte",811.543091,1014.879700,61.000000,114.000000,3769205.000000,1.792275,24.000000,5.779227,179.000000,83.449304,16.757001,79.000000,46.000000,133.000000,10.306722,86.564712,1.513690,23.014407,3769205.000000,0.351414,529.662937,8.255217,40.182109,5.913713,2.686916,0.510433,0.680715,0.401284,1.146434,0.349404,0.815650,0.810197,0.990130,0.951290,-0.259606,0.000000,0.323186,2.776886,0.206394,2.953366,0.311396,5.553772,2.437622,0.799337,4.403652,62.797217,0.124845,1.000000,5.313558,176.761431,0.959278,9.075547,38.944334,265.003976,7.038501,0.164147,0.086787,1.657678,0.008573,88.826816,0.248120,1.567336,12.653631,14.497207,100.385475,2.687292,0.137766,4.406817,92.027933,0.257061,0.711730,6.600793,0.513595,8.859258,0.054266,8.190476,0.195011,2.098073,21.500000,1212.214286,7055.880952,244.550409,0.094315,10.238095,0.243764,0.505327,13.650301,0.025519,4.318046,0.083499,1068.785147,2.122915,0.021163,7.135311,0.014891,0.536577,0.513860,0.513860,36.814930,512.500000,18.917729,98.526912,0.192248,512.500000,1.507322,0.663428,0.295656,31.058144,0.513860,18.917729,36.814930,35.000000,21.000000,40.816663,40.816663,512.500000,18.917729,1.507322,0.663428,98.526912,0.192248,512.500000
"0d1b8417-22f0-450e-9833-b73a9640a1f6","Detection","nuclei_lymphocyte",915.246643,1016.206055,69.000000,104.000000,2069495.000000,1.437839,18.000000,3.759885,138.000000,86.578358,11.522165,86.000000,51.000000,87.000000,7.645833,87.874890,0.568902,15.039420,2069495.000000,0.451855,226.184158,4.007179,5.283098,0.443152,1.193583,0.394872,0.502823,0.337436,1.028361,0.281009,0.840342,0.837026,0.977916,0.934369,-0.180408,0.000000,0.292023,1.951282,0.291346,2.451750,0.502564,3.902564,2.019893,0.397114,4.069762,36.417910,0.135888,1.000000,4.574404,121.097015,0.455224,4.455224,40.753731,160.485075,14.502099,0.375492,0.054931,0.356568,0.018963,55.352273,0.314502,0.770112,5.505682,16.852273,67.465909,5.685211,0.375079,4.214348,38.693182,0.219848,0.656716,7.577479,0.459023,3.298194,0.146158,4.384615,0.337278,1.171598,7.230769,2253.076923,8982.769231,613.530449,0.387821,1.461538,0.112426,0.205864,2.244888,0.036952,3.700440,0.048507,1828.082840,4.017702,0.033895,1.937262,0.024711,0.179197,0.668254,0.668254,23.318162,275.000000,15.582466,67.455844,0.245294,275.000000,1.316730,0.759457,0.280045,27.864998,0.668254,15.582466,23.318162,23.000000,16.000000,28.017851,28.017851,275.000000,15.582466,1.316730,0.759457,67.455844,0.245294,275.000000
"4a697ec8-78b4-4693-8f9c-d4e12fa083f5","Detection","nuclei_histiocyte",735.778931,1016.729248,97.000000,140.000000,2604960.000000,1.523292,17.000000,4.596994,177.000000,116.287234,12.918176,114.000000,74.000000,103.000000,7.427143,117.712235,0.870683,18.260597,2604960.000000,0.464407,333.449411,10.294030,18.754515,2.643918,1.988238,0.295522,0.741197,0.283582,0.893766,0.215104,0.860199,0.859403,0.992061,0.959701,-0.338321,0.000000,0.273134,3.141791,0.324533,2.515349,0.549254,6.283582,2.193246,0.570940,4.060627,26.436170,0.140618,1.000000,4.754414,87.308511,0.570252,10.654255,42.563830,408.675532,5.020222,0.119353,0.063156,0.810106,0.011533,37.082645,0.306468,0.901714,12.049587,16.495868,159.867769,1.919059,0.124562,4.286465,26.140496,0.216037,0.643617,6.839697,0.458279,6.053541,0.062003,3.000000,0.272727,1.884298,14.454545,1436.909091,13155.000000,162.903687,0.181035,2.272727,0.206612,0.411248,5.946763,0.124844,3.277613,0.058511,1144.809917,0.624954,0.068901,3.479909,0.008928,0.976388,0.902150,0.902150,16.966805,194.500000,15.306601,58.384776,0.300179,194.500000,1.394665,0.717018,0.245977,21.497736,0.902150,15.306601,16.966805,18.000000,15.000000,23.430749,23.430749,194.500000,15.306601,1.394665,0.717018,58.384776,0.300179,194.500000
"fee95f85-2274-414a-b082-20d24c29830b","Detection","nuclei_lymphocyte",1019.974121,1018.612061,77.000000,133.000000,584138.000000,1.708015,37.000000,2.238043,149.000000,100.836364,17.863802,100.000000,59.000000,90.000000,14.425331,103.056736,0.309515,21.277187,584138.000000,0.339504,452.718678,6.811429,8.140018,0.700688,1.872653,0.491429,0.584254,0.445714,1.111044,0.292767,0.784762,0.781714,0.971899,0.912381,-0.198850,0.000000,0.405714,2.542857,0.182498,2.932329,0.342857,5.085714,2.374434,0.591020,3.872383,8.454545,0.153719,1.000000,4.111074,18.672727,0.672397,7.527273,25.945455,150.254545,5.684470,0.212247,0.083145,0.799309,0.015987,16.074074,0.297668,0.817558,8.740741,6.444444,41.629630,1.369856,0.205504,3.425214,18.888889,0.349794,0.981818,2.294925,0.605277,5.960037,0.115237,1.666667,0.277778,1.138889,9.166667,153.166667,934.333333,31.353009,0.266204,1.000000,0.166667,0.078135,0.673200,0.024352,2.584963,0.109091,69.138889,0.825304,0.191500,1.918927,0.039141,0.806418,0.606979,0.606979,11.138764,58.000000,6.760999,34.485281,0.594574,58.000000,1.631660,0.612873,0.161586,9.276989,0.606979,6.760999,11.138764,8.000000,11.000000,13.601471,13.601471,58.000000,6.760999,1.631660,0.612873,34.485281,0.594574,58.000000
"7b2aa726-53ef-4a75-b64b-ae8633d07790","Detection","nuclei_stroma",952.548523,122.554703,92.000000,139.000000,10974595.000000,1.627750,26.000000,2.534128,164.000000,114.542228,14.489776,113.000000,77.000000,87.000000,10.629416,115.899943,0.273617,17.688270,10974595.000000,0.364376,312.874900,4.793845,10.684236,0.824507,2.055045,0.318994,0.731265,0.310390,0.921237,0.222652,0.846239,0.845665,0.981387,0.938209,-0.329183,0.000000,0.302862,2.088021,0.200519,2.747393,0.362012,4.176042,2.405288,0.593510,4.437906,119.467564,0.146227,1.000000,3.853681,297.695226,0.576435,5.008568,41.472460,191.711138,16.056176,0.366798,0.048916,0.303490,0.016371,173.742063,0.344726,0.642290,5.440476,17.186508,79.158730,6.649085,0.345817,4.461808,92.226190,0.182988,0.616891,6.675532,0.384473,2.200512,0.128376,7.838710,0.252862,1.217482,7.387097,4651.451613,20889.741935,1344.183020,0.360887,3.838710,0.123829,0.312204,3.042354,0.075977,4.349200,0.037944,3956.874089,11.145108,0.013968,1.574461,0.025357,0.073542,0.196590,0.196590,75.135110,812.750000,14.770811,180.493712,0.222078,812.750000,3.189755,0.313504,0.189099,12.705159,0.196590,14.770811,75.135110,36.000000,66.000000,75.179785,75.179785,812.750000,14.770811,3.189755,0.313504,180.493712,0.222078,812.750000
"a139286c-46cf-4936-8a1c-21f5e4b21417","Detection","nuclei_stroma",45.960270,890.612427,77.000000,100.000000,1325192.000000,0.771179,10.000000,3.057866,113.000000,87.360465,6.639129,86.000000,69.000000,44.000000,4.488571,87.775877,0.531420,8.529583,1325192.000000,0.724378,72.753786,4.088810,0.791139,-0.053721,0.338544,0.197158,0.263927,0.193606,0.719832,0.159675,0.903789,0.903552,0.980448,0.951776,-0.079053,0.000000,0.190497,2.013321,0.604501,1.347988,0.770870,4.026643,1.138031,0.133926,3.141019,25.081395,0.145822,1.000000,5.089913,124.593023,0.154239,4.366279,44.662791,178.284884,11.722384,0.274709,0.071431,0.501866,0.014425,45.420000,0.454200,0.365900,5.250000,23.600000,95.760000,6.115556,0.281944,3.506802,19.580000,0.195800,0.581395,11.766400,0.418288,2.940098,0.104194,8.076923,0.621302,0.544379,7.384615,1623.692308,6501.461538,407.839744,0.258547,3.153846,0.242604,0.463551,4.108861,0.058515,2.441630,0.075581,1448.639053,2.049754,0.074655,0.590135,0.010250,0.144118,0.163096,0.163096,38.385662,172.000000,6.260536,86.526912,0.503063,172.000000,3.463890,0.288693,0.120567,5.164826,0.163096,6.260536,38.385662,11.000000,38.000000,39.560081,39.560081,172.000000,6.260536,3.463890,0.288693,86.526912,0.503063,172.000000
"969630fb-d751-481c-8d12-407c7d00ad0b","Detection","nuclei_histiocyte",931.627441,835.201599,100.000000,155.000000,9461222.000000,1.871493,25.000000,3.634111,203.000000,125.612350,16.577283,124.000000,85.000000,118.000000,11.356892,127.391174,0.692779,21.214351,9461222.000000,0.322349,450.048698,6.922900,26.676191,2.340831,2.799360,0.342359,0.782056,0.329509,0.953195,0.233783,0.837387,0.836531,0.990799,0.953157,-0.366238,0.000000,0.318265,2.511703,0.181730,3.009270,0.311611,5.023405,2.642417,0.785430,4.584852,85.792453,0.147157,1.000000,3.806001,187.929674,0.824705,7.277873,40.530017,258.927959,10.299314,0.249748,0.054884,0.637165,0.012337,99.268817,0.266852,1.148456,8.666667,15.935484,102.365591,3.896749,0.238009,4.703629,69.505376,0.186842,0.638079,6.110967,0.383897,4.226112,0.077856,4.846154,0.186391,2.514793,12.461538,2820.730769,16726.038462,601.303761,0.285534,4.769231,0.183432,0.402360,7.321924,0.078226,4.286790,0.044597,2317.936391,3.047574,0.021279,4.495945,0.015374,0.343185,0.562877,0.562877,37.258734,582.000000,20.972096,117.798990,0.202404,582.000000,1.897362,0.527047,0.256824,23.435469,0.562877,20.972096,37.258734,38.000000,24.000000,44.944410,44.944410,582.000000,20.972096,1.897362,0.527047,117.798990,0.202404,582.000000
"15e00072-5f66-4cf0-828b-0a31f9e97fb3","Detection","nuclei_apoptosis",237.481628,525.383484,72.000000,147.000000,8408791.000000,2.266484,39.000000,2.862871,213.000000,111.966667,22.953968,112.000000,46.000000,167.000000,16.520265,115.530460,-0.150114,28.473722,8408791.000000,0.235792,810.752857,16.849304,65.089558,-1.941362,5.081081,0.420431,0.847158,0.391726,1.043231,0.266981,0.808815,0.807007,0.993574,0.956791,-0.409414,0.000000,0.367607,3.960321,0.114205,3.576082,0.203461,7.920642,3.109653,1.375378,5.041971,87.098413,0.138251,1.000000,3.897193,148.549206,1.412537,17.514286,36.152381,607.498413,3.263034,0.092597,0.056743,1.154176,0.005416,99.976035,0.217813,1.666406,18.603486,12.396514,213.934641,1.086218,0.096043,4.813098,102.973856,0.224344,0.728571,4.860951,0.443829,9.070020,0.044254,6.000000,0.200000,2.888889,24.666667,2048.600000,36088.466667,153.425298,0.123321,3.733333,0.124444,0.215628,5.940740,0.017191,4.506891,0.047619,1607.600000,1.165643,0.023953,8.129063,0.015338,0.576362,0.556551,0.556551,38.663112,630.250000,21.517986,113.284271,0.179745,630.250000,1.620379,0.617140,0.294906,30.900765,0.556551,21.517986,38.663112,26.000000,36.000000,44.407207,44.407207,630.250000,21.517986,1.620379,0.617140,113.284271,0.179745,630.250000
"8e8386c5-5f95-4f5f-a44b-0671ec95257f","Detection","nuclei_tumor",248.978424,580.554749,76.000000,125.000000,10572705.000000,1.717168,26.000000,3.016539,169.000000,100.225616,15.425514,100.000000,54.000000,115.000000,11.059666,102.061051,0.364064,19.268733,10572705.000000,0.352231,371.284073,6.859835,14.539128,0.676206,2.216978,0.299174,0.762197,0.290398,0.896237,0.214843,0.856264,0.855679,0.988563,0.951809,-0.363660,0.000000,0.282718,2.525942,0.207802,2.790604,0.313887,5.051884,2.467090,0.629038,4.425441,156.422660,0.154111,1.000000,3.756884,357.514286,0.640604,7.086700,45.362562,305.325123,10.187808,0.232306,0.039299,0.322486,0.008898,168.432727,0.306241,0.821914,7.667273,27.214545,191.254545,5.440876,0.239843,4.769177,96.094545,0.174717,0.541872,13.591736,0.322649,2.790282,0.068604,7.882353,0.231834,1.439446,9.411765,6685.382353,48947.735294,1092.750850,0.282173,2.941176,0.086505,0.173219,1.943557,0.026144,4.771143,0.033498,5794.184256,6.446435,0.012536,2.506010,0.015968,0.112773,0.767116,0.767116,41.631693,1020.000000,31.936318,129.882251,0.127336,1020.000000,1.316102,0.759819,0.388777,53.703587,0.767116,31.936318,41.631693,36.000000,40.000000,53.814496,53.814496,1020.000000,31.936318,1.316102,0.759819,129.882251,0.127336,1020.000000
"486b41d4-0399-463f-80fa-0b95bbe04496","Detection","nuclei_tumor",263.627594,60.129749,91.000000,130.000000,14374928.000000,1.424829,18.000000,2.807045,152.000000,114.329020,11.696407,117.000000,76.000000,76.000000,8.224274,115.262811,-0.558999,14.642091,14374928.000000,0.420974,214.390821,4.534044,5.597916,-0.193437,1.480256,0.218318,0.742939,0.217834,0.758472,0.170867,0.891164,0.891132,0.987166,0.956449,-0.398662,0.000000,0.217410,2.053913,0.284172,2.268753,0.472740,4.107827,2.048164,0.424644,4.000858,201.116451,0.185875,1.000000,3.847441,455.493530,0.429703,4.707948,52.408503,227.347505,19.589078,0.350887,0.035896,0.201057,0.011338,181.936170,0.387098,0.485849,5.514894,40.965957,168.238298,15.524498,0.304196,4.731857,63.795745,0.135736,0.434381,19.766790,0.322052,2.055202,0.086262,10.629630,0.393690,0.759945,6.555556,15882.962963,66915.185185,4525.968364,0.332562,3.222222,0.119342,0.263537,1.832362,0.073047,4.060262,0.024954,14277.031550,11.053419,0.011425,1.331313,0.015120,0.065347,0.629678,0.629678,48.284863,1079.000000,30.403916,137.882251,0.127787,1079.000000,1.402121,0.713205,0.375997,50.230808,0.629678,30.403916,48.284863,32.000000,47.000000,56.859476,56.859476,1079.000000,30.403916,1.402121,0.713205,137.882251,0.127787,1079.000000
"53e6d4f5-2dde-4247-889f-9a6036f54452","Detection","nuclei_tumor",100.888351,83.656433,106.000000,144.000000,8973888.000000,1.479208,20.000000,2.877459,172.000000,125.045936,11.724706,125.000000,95.000000,77.000000,8.413082,125.916344,0.245224,14.779702,8973888.000000,0.407578,218.439586,6.735210,6.853184,0.122233,1.541753,0.278149,0.694325,0.278149,0.852916,0.200782,0.860926,0.860926,0.983638,0.944370,-0.326675,0.000000,0.278149,2.533635,0.242700,2.471054,0.356870,5.067271,2.192905,0.454976,4.238211,84.279152,0.148903,1.000000,3.668069,230.689046,0.456530,6.929329,43.943463,313.303887,8.132239,0.206836,0.042449,0.280019,0.011413,121.452012,0.376012,0.540329,6.659443,20.804954,147.188854,3.814026,0.237659,4.496606,53.000000,0.164087,0.570671,8.522424,0.341163,2.146186,0.091534,6.809524,0.324263,0.916100,5.714286,4828.190476,35873.523810,759.175265,0.381944,2.047619,0.097506,0.210352,1.337577,0.090112,4.297079,0.037102,4101.759637,5.924708,0.017971,1.515974,0.019541,0.094029,0.417264,0.417264,44.855747,565.750000,18.716702,122.144946,0.215899,565.750000,2.098537,0.476523,0.236448,19.864379,0.417264,18.716702,44.855747,43.000000,22.000000,48.301139,48.301139,565.750000,18.716702,2.098537,0.476523,122.144946,0.215899,565.750000
"0dbdc73f-c2d2-47eb-8431-eab426d66136","Detection","nuclei_tumor",13.552114,400.608795,80.000000,139.000000,10757334.000000,2.006067,38.000000,2.667389,185.000000,109.835681,19.620038,111.000000,58.000000,127.000000,14.822306,112.365381,0.219279,23.708693,10757334.000000,0.281304,562.102107,9.113713,34.409268,0.935521,3.566946,0.228659,0.879514,0.228659,0.775667,0.176374,0.885670,0.885670,0.993820,0.967334,-0.523859,0.000000,0.228659,2.877350,0.180340,2.935853,0.275193,5.754700,2.707194,0.948901,4.521965,158.314554,0.185815,1.000000,3.414099,239.671362,0.974079,9.474178,50.687793,444.070423,10.278087,0.192054,0.031287,0.362940,0.005096,101.122016,0.268228,1.127694,10.891247,34.880637,320.705570,6.515892,0.171704,5.225131,45.567639,0.120869,0.442488,14.451196,0.265682,3.692107,0.034108,3.666667,0.244444,1.573333,14.533333,11615.466667,93893.466667,1932.714722,0.154407,1.533333,0.102222,0.124376,2.006271,0.008771,3.906891,0.017606,8389.226667,2.998707,0.019897,3.190643,0.014201,0.272597,0.772179,0.772179,37.678009,855.500000,29.094183,112.669048,0.131700,855.500000,1.180808,0.846878,0.403588,57.873338,0.772179,29.094183,37.678009,28.000000,37.000000,46.400431,46.400431,855.500000,29.094183,1.180808,0.846878,112.669048,0.131700,855.500000
"23d0ed52-90e2-4930-86fe-b4f589305517","Detection","nuclei_tumor",514.151001,938.953735,82.000000,132.000000,14139273.000000,1.745859,26.000000,2.628214,156.000000,107.146566,15.449012,108.000000,55.000000,101.000000,11.136818,108.820665,-0.095391,19.014483,14139273.000000,0.342243,361.550545,8.303739,14.634555,-0.277331,2.324095,0.274000,0.789077,0.268751,0.857107,0.201772,0.866499,0.866149,0.989503,0.955333,-0.399433,0.000000,0.264159,2.791275,0.207462,2.771437,0.361469,5.582550,2.480405,0.649524,4.487795,188.172529,0.157598,1.000000,3.893544,408.638191,0.661759,8.524288,47.737018,395.989950,8.609295,0.184436,0.040293,0.387702,0.008030,185.606260,0.305776,0.808595,8.884679,28.332784,231.232290,4.940718,0.192976,4.973875,91.691928,0.151058,0.508375,12.855625,0.347333,3.211638,0.070201,7.903226,0.254943,1.673257,10.290323,13164.451613,109559.032258,1845.459265,0.270672,3.709677,0.119667,0.290856,3.826274,0.066316,4.361792,0.025963,11680.959417,6.696295,0.011078,2.331377,0.015887,0.094200,0.632139,0.632139,49.259579,1200.000000,31.138918,144.083261,0.120069,1200.000000,1.376689,0.726380,0.391459,54.447040,0.632139,31.138918,49.259579,48.000000,32.000000,57.688820,57.688820,1200.000000,31.138918,1.376689,0.726380,144.083261,0.120069,1200.000000
"d034557e-f4e0-47d3-b371-f6c7eb1dc419","Detection","nuclei_tumor",404.083435,486.135071,60.000000,111.000000,3656048.000000,1.784162,32.000000,3.659157,175.000000,84.739040,17.410811,80.000000,48.000000,127.000000,12.925746,87.365142,0.737552,21.259426,3656048.000000,0.323111,451.963215,8.805028,21.301037,2.817168,2.599532,0.316760,0.782765,0.303352,0.923371,0.224737,0.850559,0.849665,0.993695,0.962267,-0.377890,0.000000,0.291620,2.869553,0.197404,2.805529,0.311173,5.739106,2.474707,0.729073,4.354792,68.695198,0.143414,1.000000,4.879782,154.770355,0.787043,9.402923,44.027140,341.110647,7.511658,0.151141,0.058816,0.853294,0.009836,82.929825,0.290982,0.993709,11.964912,21.922807,163.417544,3.905962,0.127676,4.544273,59.666667,0.209357,0.594990,10.623773,0.453279,6.704525,0.052913,4.052632,0.213296,2.659280,17.421053,3250.578947,25158.315789,514.126513,0.183925,5.000000,0.263158,0.507294,9.899576,0.134029,3.787144,0.039666,2615.008310,1.630973,0.026307,6.173123,0.010275,0.631166,0.726218,0.726218,29.445145,477.500000,21.383594,86.183766,0.180490,477.500000,1.237849,0.807853,0.336713,40.283085,0.726218,21.383594,29.445145,25.000000,26.000000,36.069378,36.069378,477.500000,21.383594,1.237849,0.807853,86.183766,0.180490,477.500000
"1464ab06-4b7c-4544-bfc8-457da0982d10","Detection","nuclei_tumor",33.164917,795.555542,61.000000,119.000000,4127174.000000,1.826951,38.000000,4.537010,194.000000,85.550000,20.315769,78.000000,52.000000,142.000000,15.473122,89.089130,1.161736,24.861025,4127174.000000,0.325555,618.070577,4.164682,50.571752,7.345863,3.536083,0.286380,0.850159,0.257380,0.879037,0.220136,0.876144,0.874210,0.992378,0.963749,-0.460239,0.000000,0.232004,1.830917,0.243524,2.686060,0.427758,3.661833,2.383134,0.955616,4.008733,103.103846,0.198277,1.000000,5.431006,169.288462,1.064937,4.755769,49.296154,156.775000,33.739101,0.543644,0.052905,0.513624,0.013819,73.960573,0.265092,1.316915,8.032258,30.724014,85.548387,23.256963,0.290550,4.464790,63.810036,0.228710,0.536538,16.829023,0.482084,5.310541,0.077483,8.360000,0.334400,1.286400,13.960000,3223.440000,7707.960000,2398.636867,0.127300,4.440000,0.177600,0.335622,4.249281,0.031599,3.749275,0.048077,2790.800000,3.110807,0.033338,3.755357,0.015901,0.667091,0.412695,0.412695,40.946107,523.500000,16.898268,109.355339,0.208893,523.500000,1.817831,0.550106,0.258275,23.700951,0.412695,16.898268,40.946107,25.000000,37.000000,44.654227,44.654227,523.500000,16.898268,1.817831,0.550106,109.355339,0.208893,523.500000
"e6834354-26eb-451f-809c-c66c33f60254","Detection","nuclei_lymphocyte",975.599731,1013.497559,52.000000,96.000000,2405350.000000,1.559990,25.000000,2.160094,109.000000,74.749392,13.584563,75.000000,40.000000,69.000000,10.279096,76.501197,-0.057703,16.277639,2405350.000000,0.386021,264.961526,6.509817,8.752517,-0.550756,1.866523,0.261126,0.754541,0.257199,0.836080,0.194974,0.872055,0.871793,0.984709,0.948691,-0.380449,0.000000,0.253763,2.471531,0.239650,2.559069,0.355366,4.943063,2.286629,0.531912,4.222887,66.012165,0.160614,1.000000,3.898213,158.654501,0.517212,6.664234,46.639903,301.248175,10.680539,0.238595,0.039984,0.312859,0.008441,74.871560,0.343448,0.643149,7.077982,24.513761,160.073394,5.298293,0.243438,4.621634,34.284404,0.157268,0.530414,10.296019,0.339710,2.709670,0.066840,4.142857,0.295918,0.923469,9.500000,4039.357143,27469.928571,751.890377,0.196925,1.857143,0.132653,0.196782,2.340687,0.020179,3.664498,0.034063,3177.515306,3.706871,0.029982,1.339907,0.020726,0.143101,0.628083,0.628083,29.053900,411.000000,18.248261,94.000000,0.228710,411.000000,1.710819,0.584515,0.254434,23.001304,0.628083,18.248261,29.053900,26.000000,21.000000,33.421550,33.421550,411.000000,18.248261,1.710819,0.584515,94.000000,0.228710,411.000000
"fd75330d-72e9-4b10-b770-2610101fffdf","Detection","nuclei_lymphocyte",956.561646,1007.231262,61.000000,107.000000,1615543.000000,1.674197,21.000000,8.760209,197.000000,81.281938,15.715655,76.000000,51.000000,146.000000,9.299803,84.361896,2.077061,22.587076,1615543.000000,0.377710,510.176017,3.512821,58.012156,8.699609,2.831778,0.368742,0.769573,0.332112,0.995830,0.258444,0.839744,0.837607,0.990206,0.953195,-0.317105,0.000000,0.302944,1.702076,0.238197,2.667401,0.389499,3.404151,2.284332,0.800130,4.223982,31.713656,0.139708,1.000000,4.661919,85.740088,0.943119,4.079295,39.977974,101.013216,28.026486,0.579633,0.059184,0.478393,0.019883,42.243590,0.270792,1.577046,6.814103,15.243590,38.961538,10.788732,0.416804,4.282326,37.935897,0.243179,0.687225,6.773997,0.483526,5.081319,0.129293,2.666667,0.222222,2.076389,10.583333,1189.416667,2456.000000,921.064907,0.277060,1.666667,0.138889,0.300327,3.239475,0.035629,3.188722,0.052863,831.576389,2.195163,0.047176,5.501095,0.017733,1.283849,0.724849,0.724849,20.417067,227.000000,14.799293,74.000000,0.325991,227.000000,1.919675,0.520921,0.201189,14.381657,0.724849,14.799293,20.417067,16.000000,19.000000,24.839485,24.839485,227.000000,14.799293,1.919675,0.520921,74.000000,0.325991,227.000000
"5d741715-f76d-4e51-a65a-80c182694e9f","Detection","nuclei_histiocyte",867.270752,798.836243,74.000000,129.000000,5697701.000000,1.809448,35.000000,2.059120,149.000000,100.693309,18.298165,98.000000,56.000000,93.000000,14.511174,102.910263,0.068824,21.245704,5697701.000000,0.313221,451.379918,7.001987,17.937976,0.722319,2.881222,0.267263,0.830228,0.266269,0.840551,0.196363,0.867031,0.866965,0.984296,0.946779,-0.447209,0.000000,0.265400,2.519622,0.187610,2.831198,0.331346,5.039245,2.560339,0.787121,4.463702,90.111524,0.167494,1.000000,3.268556,168.513011,0.761764,7.189591,45.446097,313.650558,11.634991,0.253020,0.041304,0.327939,0.010941,89.701031,0.308251,0.781238,7.584192,20.975945,138.735395,5.221888,0.250883,4.744035,43.474227,0.149396,0.540892,7.303740,0.285609,2.233275,0.070800,4.200000,0.280000,1.306667,7.066667,5440.533333,35440.933333,1098.141667,0.416204,2.466667,0.164444,0.377429,3.556692,0.114463,3.640224,0.027881,4154.115556,6.239089,0.027567,1.222722,0.030075,0.126362,0.716738,0.716738,31.464308,538.750000,22.551674,96.497475,0.179114,538.750000,1.375418,0.727052,0.320655,36.532475,0.716738,22.551674,31.464308,32.000000,25.000000,40.607881,40.607881,538.750000,22.551674,1.375418,0.727052,96.497475,0.179114,538.750000
"4841946f-323c-49b1-80bf-67fc4b260c66","Detection","nuclei_histiocyte",878.933105,819.737366,76.000000,142.000000,6474474.000000,1.987349,33.000000,2.417456,171.000000,107.718574,19.047791,109.000000,65.000000,106.000000,14.432893,110.214476,0.238927,23.322512,6474474.000000,0.289152,543.939561,8.704626,30.898581,1.205055,3.356800,0.314184,0.828828,0.298932,0.921337,0.224823,0.853076,0.852059,0.988037,0.950541,-0.426971,0.000000,0.285587,2.818505,0.168800,3.090645,0.295374,5.637011,2.743145,0.917746,4.733886,78.977486,0.148175,1.000000,3.877327,154.118199,0.949576,9.007505,42.699812,343.810507,9.257962,0.203917,0.050019,0.543708,0.009950,85.334365,0.264193,1.078875,10.321981,17.869969,141.894737,3.715012,0.186221,4.748428,58.089783,0.179845,0.606004,6.977926,0.363436,4.150459,0.061496,6.217391,0.270321,1.584121,12.217391,2576.217391,21115.956522,393.044928,0.220797,2.565217,0.111531,0.305571,3.722603,0.071321,4.229871,0.043152,2039.187146,3.289778,0.028305,2.210561,0.024233,0.218764,0.646448,0.646448,36.150482,533.000000,23.369406,117.597980,0.220634,533.000000,2.064727,0.484326,0.235805,19.756373,0.646448,23.369406,36.150482,26.000000,32.000000,41.231056,41.231056,533.000000,23.369406,2.064727,0.484326,117.597980,0.220634,533.000000
"0e79b1b9-466f-4c8f-9651-cc18344cad6d","Detection","nuclei_plasma_cell",881.761719,324.017609,82.000000,135.000000,3592630.000000,1.869064,32.000000,2.541456,166.000000,110.605634,16.651954,111.000000,68.000000,98.000000,12.311436,112.472688,0.026339,20.408317,3592630.000000,0.308644,416.499405,8.827853,16.310278,-0.239948,2.597747,0.432302,0.714657,0.399420,1.057995,0.272766,0.805770,0.803578,0.983635,0.934213,-0.284671,0.000000,0.370648,2.878627,0.150628,3.151392,0.271760,5.757253,2.661958,0.757512,4.593759,38.669014,0.136159,1.000000,4.045725,87.654930,0.790158,9.517606,34.218310,299.714789,5.610033,0.171363,0.058466,0.658212,0.010069,61.954545,0.281612,0.969814,10.495455,10.518182,92.990909,1.720871,0.173821,4.279640,54.772727,0.248967,0.774648,3.852397,0.492015,5.709088,0.080442,3.428571,0.244898,1.673469,13.428571,1495.571429,12294.928571,221.539048,0.215417,1.857143,0.132653,0.156328,2.047359,0.021622,3.664498,0.049296,1084.061224,1.672812,0.045638,2.622350,0.022993,0.337875,0.559790,0.559790,26.001115,284.000000,14.555171,79.656854,0.280482,284.000000,1.777944,0.562447,0.225377,18.047606,0.559790,14.555171,26.001115,15.000000,25.000000,29.154759,29.154759,284.000000,14.555171,1.777944,0.562447,79.656854,0.280482,284.000000
"8a96b0e6-b557-46be-89c3-e6c575d7bdd5","Detection","nuclei_stroma",864.775635,464.048248,92.000000,127.000000,8009177.000000,1.404851,18.000000,3.363376,155.000000,109.872894,10.894554,110.000000,68.000000,87.000000,7.703832,110.748373,-0.026846,13.897814,8009177.000000,0.469294,193.149235,8.811391,6.412634,-0.238283,1.277738,0.397028,0.525870,0.373917,1.018470,0.257215,0.816894,0.815353,0.984914,0.938231,-0.166116,0.000000,0.353694,2.931077,0.263879,2.585700,0.472555,5.862154,2.144016,0.418692,4.117649,90.898928,0.139202,1.000000,4.024657,306.448698,0.414639,8.996937,36.880551,332.035222,4.773371,0.143441,0.059264,0.559274,0.009362,171.227848,0.361240,0.580378,9.044304,14.662447,131.502110,1.874563,0.155533,4.072127,116.362869,0.245491,0.725881,7.070911,0.470902,4.247819,0.075773,14.333333,0.367521,1.147929,9.692308,4501.871795,40524.487179,506.301132,0.195470,4.589744,0.117686,0.254441,2.744927,0.039740,4.580023,0.059724,4221.523997,3.967657,0.014478,3.121005,0.012745,0.120553,0.270947,0.270947,57.388628,653.000000,15.549254,128.911688,0.197415,653.000000,2.025170,0.493786,0.251710,22.511366,0.270947,15.549254,57.388628,18.000000,53.000000,55.973208,55.973208,653.000000,15.549254,2.025170,0.493786,128.911688,0.197415,653.000000
"e930e689-3bfa-4c96-9c65-318f63179f9c","Detection","nuclei_histiocyte",923.638367,582.485840,107.000000,146.000000,4147646.000000,1.435309,21.000000,2.487367,164.000000,126.194553,11.941316,126.000000,98.000000,66.000000,8.850068,127.038185,0.185998,14.616268,4147646.000000,0.416282,213.635301,6.739037,5.772839,0.491651,1.485304,0.283422,0.679518,0.283422,0.860072,0.203094,0.858289,0.858289,0.983328,0.943316,-0.302066,0.000000,0.283422,2.537433,0.246967,2.457434,0.359358,5.074866,2.174012,0.442182,4.114281,38.556420,0.150025,1.000000,3.677936,106.984436,0.432134,7.027237,42.291829,278.256809,8.062392,0.193715,0.047228,0.363686,0.011865,58.120000,0.387467,0.531067,7.606667,18.493333,118.880000,3.601759,0.199954,4.194974,24.746667,0.164978,0.583658,6.751289,0.334010,2.672110,0.072667,3.000000,0.300000,1.160000,9.000000,2106.500000,12521.200000,417.217361,0.288194,1.400000,0.140000,0.233125,1.997740,0.112249,3.121928,0.038911,1446.010000,2.749586,0.038623,1.594424,0.019201,0.196954,0.558545,0.558545,24.313909,253.500000,13.580417,71.899495,0.283627,253.500000,1.622796,0.616221,0.234593,19.553783,0.558545,13.580417,24.313909,15.000000,23.000000,27.459060,27.459060,253.500000,13.580417,1.622796,0.616221,71.899495,0.283627,253.500000
"eed8820e-c893-4952-9fc1-fa8f78776605","Detection","nuclei_histiocyte",985.127319,478.936066,75.000000,121.000000,3205770.000000,1.597485,25.000000,2.649759,152.000000,97.516820,13.972748,96.000000,61.000000,91.000000,10.563609,99.013019,0.365459,17.147824,3205770.000000,0.389165,294.047882,5.671993,7.707538,0.448818,1.616008,0.356602,0.638446,0.307822,0.980607,0.261848,0.854009,0.850967,0.986701,0.949843,-0.275026,0.000000,0.267125,2.314550,0.251117,2.628736,0.433137,4.629100,2.208673,0.493152,4.193610,48.058104,0.146967,1.000000,4.780649,127.256881,0.549467,6.253823,43.281346,229.727829,11.400245,0.252947,0.054486,0.564053,0.009969,61.512563,0.309108,0.786142,7.879397,20.472362,108.261307,5.147875,0.229743,4.413328,40.467337,0.203353,0.608563,9.671725,0.436357,4.390908,0.075322,4.692308,0.360947,1.017751,13.000000,2979.461538,15437.153846,685.653184,0.158526,2.076923,0.159763,0.359160,6.298125,0.021782,3.334679,0.039755,2346.745562,2.494190,0.033930,2.874578,0.015867,0.309600,0.413222,0.413222,32.671085,328.500000,13.500412,87.213203,0.265489,328.500000,1.842550,0.542726,0.227555,18.398245,0.413222,13.500412,32.671085,15.000000,32.000000,35.341194,35.341194,328.500000,13.500412,1.842550,0.542726,87.213203,0.265489,328.500000
"cf6006d7-524b-46d9-9c72-c5c9b139e6f9","Detection","nuclei_stroma",505.407501,46.258411,72.000000,120.000000,1939501.000000,1.668186,22.000000,5.171587,175.000000,92.150685,14.141865,90.000000,56.000000,119.000000,9.417593,94.107220,1.158186,19.089794,1939501.000000,0.398595,364.420216,4.775650,15.681102,2.028270,1.752392,0.575923,0.505287,0.441860,1.208284,0.380683,0.799362,0.792476,0.985133,0.939173,-0.163822,0.000000,0.343935,2.116963,0.235994,2.837371,0.444596,4.233926,2.287690,0.582079,4.104773,29.657534,0.135423,1.000000,4.908280,87.292237,0.690227,5.534247,31.109589,128.794521,10.483577,0.325327,0.080162,0.716317,0.020802,52.228070,0.305427,0.967956,6.801170,14.023392,67.824561,4.550299,0.303739,3.913974,58.298246,0.340925,0.780822,7.462604,0.603699,4.847293,0.159752,3.666667,0.244444,1.733333,10.733333,824.200000,3351.200000,248.571778,0.240630,1.800000,0.120000,0.202357,3.530577,0.031412,3.773557,0.068493,611.040000,1.689041,0.040267,6.316973,0.017848,0.747965,0.177987,0.177987,46.729325,218.000000,8.317234,101.798990,0.466968,218.000000,3.782863,0.264350,0.119747,5.094892,0.177987,8.317234,46.729325,43.000000,12.000000,44.643029,44.643029,218.000000,8.317234,3.782863,0.264350,101.798990,0.466968,218.000000
"d71808ce-c6d3-4dfb-acd4-413a8d3799e9","Detection","nuclei_tumor",637.498718,678.137634,113.000000,151.000000,10616663.000000,1.589822,19.000000,4.532988,187.000000,131.272277,12.558834,132.000000,72.000000,115.000000,8.162593,132.360288,-0.618436,16.936207,10616663.000000,0.415918,286.835106,14.536424,14.943368,-1.788828,1.852171,0.284768,0.733480,0.279470,0.872654,0.206665,0.861148,0.860795,0.992325,0.960170,-0.342924,0.000000,0.274834,3.760927,0.266096,2.576420,0.466225,7.521854,2.277959,0.534235,4.270527,90.656766,0.149599,1.000000,4.072836,252.046205,0.557941,14.887789,45.108911,658.257426,3.627620,0.085184,0.043469,0.724967,0.003641,110.017143,0.314335,0.826939,15.925714,20.422857,301.668571,1.591710,0.088344,4.598039,60.811429,0.173747,0.577558,8.431478,0.388288,7.140970,0.029812,6.000000,0.272727,1.446281,16.727273,6058.454545,92682.272727,414.194987,0.119343,2.454545,0.111570,0.193872,3.538887,0.015978,4.095795,0.036304,5299.702479,1.973083,0.017766,4.102570,0.009951,0.263206,0.450157,0.450157,43.006570,601.294983,19.359692,128.017650,0.212903,601.294983,2.168914,0.461060,0.234211,19.490275,0.450157,19.359692,43.006570,40.000000,24.000000,46.647615,46.647615,601.294983,19.359692,2.168914,0.461060,128.017650,0.212903,601.294983
"5cc49b70-04d3-46b7-8914-42e780487ad5","Detection","nuclei_tumor",501.623627,893.762146,114.000000,134.000000,3305022.000000,1.047116,11.000000,6.052856,167.000000,123.105991,6.684321,122.000000,105.000000,62.000000,4.664294,123.411977,1.180661,8.685112,3305022.000000,0.526938,75.431162,2.045045,1.782120,0.591816,0.804987,0.245817,0.532135,0.245817,0.804581,0.185391,0.877091,0.877091,0.975418,0.938546,-0.208534,0.000000,0.245817,1.380309,0.347723,1.848202,0.517375,2.760618,1.602385,0.262701,3.720696,34.382488,0.158445,1.000000,3.484423,114.345622,0.271953,2.170507,44.456221,84.870968,34.608551,0.727855,0.042589,0.122123,0.024483,56.016667,0.466806,0.333264,2.608333,21.700000,38.183333,17.708796,0.644213,4.019960,20.333333,0.169444,0.552995,8.619722,0.301401,0.943967,0.166223,3.750000,0.468750,0.359375,3.875000,2464.375000,3408.125000,2230.659722,0.420139,1.250000,0.156250,0.261570,1.079462,0.065778,2.750000,0.036866,1728.609375,9.963577,0.040036,0.913118,0.022197,0.149691,0.455292,0.455292,24.937091,213.000000,11.353669,68.970563,0.323805,213.000000,1.777207,0.562681,0.209802,15.639407,0.455292,11.353669,24.937091,24.000000,13.000000,27.294688,27.294688,213.000000,11.353669,1.777207,0.562681,68.970563,0.323805,213.000000
"48eac2c4-6a60-4124-9da2-e3316ed03f49","Detection","nuclei_histiocyte",1008.539673,639.866821,97.000000,138.000000,7136955.000000,1.558123,19.000000,3.302413,157.000000,117.337917,12.316279,118.000000,67.000000,90.000000,8.285577,118.412510,-0.188152,15.916523,7136955.000000,0.404634,253.335714,10.623684,10.006406,-0.052485,1.745824,0.318947,0.691058,0.318947,0.903233,0.217220,0.840526,0.840526,0.987733,0.946842,-0.298838,0.000000,0.318947,3.204211,0.231282,2.663959,0.414737,6.408421,2.345011,0.516193,4.290563,73.098232,0.143611,1.000000,3.735496,205.958743,0.510134,10.840864,40.756385,426.479371,4.633040,0.118460,0.047014,0.542251,0.005800,108.130159,0.343270,0.659310,11.247619,19.365079,199.371429,2.174750,0.123735,4.432641,60.034921,0.190587,0.618861,8.920897,0.379130,4.311725,0.045854,5.200000,0.260000,1.387500,11.950000,3651.650000,37573.000000,380.088361,0.169542,2.000000,0.100000,0.194575,2.746897,0.026306,4.084184,0.039293,3003.947500,3.014896,0.019168,2.936028,0.014741,0.173776,0.514741,0.514741,35.771996,510.500000,18.413306,96.183766,0.188411,510.500000,1.442109,0.693429,0.305329,33.123676,0.514741,18.413306,35.771996,20.000000,35.000000,40.311289,40.311289,510.500000,18.413306,1.442109,0.693429,96.183766,0.188411,510.500000
"0d35e4cc-d2d3-4f76-8d99-8dea95070ea3","Detection","nuclei_stroma",233.632629,901.225281,53.000000,89.000000,1700038.000000,1.323679,17.000000,3.240977,124.000000,72.716129,10.960416,72.000000,47.000000,77.000000,7.850519,74.053991,0.473279,14.012784,1700038.000000,0.455213,196.358127,5.865922,3.439386,0.640305,1.091182,0.318436,0.548196,0.309125,0.921429,0.222878,0.846989,0.846369,0.981433,0.938485,-0.195231,0.000000,0.300978,2.381750,0.289008,2.291126,0.466480,4.763501,1.954153,0.352404,3.982126,40.258065,0.129865,1.000000,4.715754,141.116129,0.381727,6.329032,38.580645,210.954839,8.228360,0.206944,0.059652,0.500126,0.011503,82.198113,0.387727,0.510769,7.339623,15.584906,84.254717,3.395178,0.201749,3.903720,47.235849,0.222811,0.683871,7.032040,0.452343,3.880622,0.087734,5.736842,0.301939,0.869806,8.947368,1272.842105,6079.368421,291.996345,0.221126,3.105263,0.163435,0.187360,2.065304,0.027787,4.037401,0.061290,1006.637119,4.124358,0.028645,1.768656,0.018530,0.144909,0.177406,0.177406,53.454167,308.500000,9.483103,115.840620,0.375496,308.500000,3.461439,0.288897,0.139601,6.924367,0.177406,9.483103,53.454167,46.000000,20.000000,50.159745,50.159745,308.500000,9.483103,3.461439,0.288897,115.840620,0.375496,308.500000
"940442d6-5997-4c7c-a60d-1927bd88e876","Detection","nuclei_tumor",430.233551,815.019104,80.000000,124.000000,12531468.000000,1.611333,21.000000,2.792753,143.000000,101.803223,12.904657,102.000000,57.000000,86.000000,9.094482,103.096536,-0.147173,16.278804,12531468.000000,0.372518,264.999447,6.902179,9.798986,-0.292783,1.830264,0.334149,0.691234,0.325700,0.938434,0.228068,0.838558,0.837995,0.980493,0.935142,-0.299031,0.000000,0.318308,2.555024,0.202564,2.717876,0.317252,5.110049,2.360290,0.541103,4.384210,183.829517,0.155920,1.000000,3.319721,439.198473,0.551532,7.178117,41.478372,287.990670,9.324810,0.216797,0.048290,0.422602,0.009641,251.627286,0.353906,0.599303,7.561181,17.609001,126.151899,3.700930,0.206517,4.457931,122.251758,0.171943,0.603053,6.610123,0.337927,2.929714,0.059164,11.842105,0.311634,1.078255,10.236842,10366.552632,73923.394737,1754.168677,0.212171,6.789474,0.178670,0.417933,4.740806,0.086923,4.109477,0.032231,9403.920360,14.117400,0.008180,1.667897,0.026962,0.041803,0.411503,0.411503,60.725433,1177.500000,24.988711,149.982756,0.127374,1177.500000,1.520239,0.657791,0.361680,46.478298,0.411503,24.988711,60.725433,27.000000,57.000000,63.071388,63.071388,1177.500000,24.988711,1.520239,0.657791,149.982756,0.127374,1177.500000
