Image,ObjectID,ObjectType,Classification,Centroid_X,Centroid_Y,NumPixels,PixelWidth_um,PixelHeight_um,firstorder_10Percentile,firstorder_90Percentile,firstorder_Energy,firstorder_Entropy,firstorder_InterquartileRange,firstorder_Kurtosis,firstorder_Maximum,firstorder_Mean,firstorder_MeanAbsoluteDeviation,firstorder_Median,firstorder_Minimum,firstorder_Range,firstorder_RobustMeanAbsoluteDeviation,firstorder_RootMeanSquared,firstorder_Skewness,firstorder_StandardDeviation,firstorder_TotalEnergy,firstorder_Uniformity,firstorder_Variance,glcm_Autocorrelation,glcm_ClusterProminence,glcm_ClusterShade,glcm_ClusterTendency,glcm_Contrast,glcm_Correlation,glcm_DifferenceAverage,glcm_DifferenceEntropy,glcm_DifferenceVariance,glcm_Id,glcm_Idm,glcm_Idmn,glcm_Idn,glcm_Imc1,glcm_Imc2,glcm_InverseVariance,glcm_JointAverage,glcm_JointEnergy,glcm_JointEntropy,glcm_MaximumProbability,glcm_SumAverage,glcm_SumEntropy,glcm_SumSquares,gldm_DependenceEntropy,gldm_DependenceNonUniformity,gldm_DependenceNonUniformityNormalized,gldm_DependenceVariance,gldm_GrayLevelNonUniformity,gldm_GrayLevelVariance,gldm_HighGrayLevelEmphasis,gldm_LargeDependenceEmphasis,gldm_LargeDependenceHighGrayLevelEmphasis,gldm_LargeDependenceLowGrayLevelEmphasis,gldm_LowGrayLevelEmphasis,gldm_SmallDependenceEmphasis,gldm_SmallDependenceHighGrayLevelEmphasis,gldm_SmallDependenceLowGrayLevelEmphasis,glrlm_GrayLevelNonUniformity,glrlm_GrayLevelNonUniformityNormalized,glrlm_GrayLevelVariance,glrlm_HighGrayLevelRunEmphasis,glrlm_LongRunEmphasis,glrlm_LongRunHighGrayLevelEmphasis,glrlm_LongRunLowGrayLevelEmphasis,glrlm_LowGrayLevelRunEmphasis,glrlm_RunEntropy,glrlm_RunLengthNonUniformity,glrlm_RunLengthNonUniformityNormalized,glrlm_RunPercentage,glrlm_RunVariance,glrlm_ShortRunEmphasis,glrlm_ShortRunHighGrayLevelEmphasis,glrlm_ShortRunLowGrayLevelEmphasis,glszm_GrayLevelNonUniformity,glszm_GrayLevelNonUniformityNormalized,glszm_GrayLevelVariance,glszm_HighGrayLevelZoneEmphasis,glszm_LargeAreaEmphasis,glszm_LargeAreaHighGrayLevelEmphasis,glszm_LargeAreaLowGrayLevelEmphasis,glszm_LowGrayLevelZoneEmphasis,glszm_SizeZoneNonUniformity,glszm_SizeZoneNonUniformityNormalized,glszm_SmallAreaEmphasis,glszm_SmallAreaHighGrayLevelEmphasis,glszm_SmallAreaLowGrayLevelEmphasis,glszm_ZoneEntropy,glszm_ZonePercentage,glszm_ZoneVariance,ngtdm_Busyness,ngtdm_Coarseness,ngtdm_Complexity,ngtdm_Contrast,ngtdm_Strength,shape2D_Elongation,shape2D_MajorAxisLength,shape2D_MaximumDiameter,shape2D_MeshSurface,shape2D_MinorAxisLength,shape2D_Perimeter,shape2D_PerimeterSurfaceRatio,shape2D_PixelSurface,shape2D_SphericalDisproportion,shape2D_Sphericity,shape_Compactness1,shape_Compactness2,shape_Elongation,shape_LeastAxisLength,shape_MajorAxisLength,shape_Maximum2DDiameterColumn,shape_Maximum2DDiameterRow,shape_Maximum2DDiameterSlice,shape_Maximum3DDiameter,shape_MeshVolume,shape_MinorAxisLength,shape_SphericalDisproportion,shape_Sphericity,shape_SurfaceArea,shape_SurfaceVolumeRatio,shape_VoxelVolume
"training_set_primary_roi_006.tif","0a240186-0d45-4da6-a768-37993c138bf7","Annotation","nuclei_tumor",367.908447265625,17.07482147216797,868.0,,,88.0,131.0,1.0156485E7,1.548723406810667,22.0,3.4238186917602462,168.0,106.86751152073732,13.287426469026732,104.0,76.0,92.0,9.486528846637487,108.17125119574727,0.7769359129433236,16.743791882919794,1.0156485E7,0.37658741956720254,280.3545666185307,3.7379939209726447,11.62181103972636,1.7134430866571568,2.006721667390361,0.22127659574468084,0.8013673534616491,0.21702127659574466,0.7679538950463644,0.17417836124943414,0.8921985815602838,0.8919148936170213,0.9870588235294118,0.9567375886524823,-0.43584318827653146,0.8619550987225337,0.21329787234042552,1.8142857142857143,0.24697596104987937,2.437785033515254,0.3626139817629179,3.628571428571429,2.203569171547029,0.5569995657837603,4.12364467502723,164.59447004608296,0.18962496549087898,3.375538873197562,326.8778801843318,0.5498988617299156,3.8006912442396312,51.70046082949309,186.55875576036865,27.35476670506912,0.5084405401945724,0.032505207226686546,0.1291271591948778,0.01618180652375055,321.1687289088864,0.36126966131483285,0.5942598007644997,4.1484814398200225,26.1214848143982,85.8875140607424,14.620719285089365,0.4737064116985376,4.709905865591148,128.9865016872891,0.14509167793845792,0.2560483870967742,10.868462308353186,0.3127659582935538,1.2738650112966245,0.15122202538880708,5.125,0.3203125,0.93359375,4.6875,15986.375,48045.5625,8370.642795138889,0.5316840277777777,2.0,0.125,0.2953225900568214,1.182896002531164,0.14378070139340016,3.75,0.018433179723502304,13043.3125,11.513077493162983,0.016526200460327392,1.3028667557559466,0.017726982925116257,0.10891531408879149,0.6266846784227961,43.11045333874421,43.93176527297759,866.5,27.016660587251867,119.48257693664348,0.13789102935561856,868.0,1.1450260444429794,0.8733425801563054,0.3743145937661779,49.78239261034967,0.6266846784227961,27.016660587251867,43.11045333874421,30.0,39.0,43.93176527297759,43.93176527297759,866.5,27.016660587251867,1.1450260444429794,0.8733425801563054,119.48257693664348,0.13789102935561856,868.0
"training_set_primary_roi_006.tif","e62237a4-de3a-4b64-8619-875b6c5d1a4e","Annotation","nuclei_endothelium",791.3935546875,9.233959197998047,214.0,,,105.3,134.0,3041039.0,0.9988479683103044,16.0,2.2930860161311797,141.0,118.74299065420561,8.726438990304832,118.0,94.0,47.0,6.581509572655277,119.20764495963516,0.11361158203709862,10.514979187695486,3041039.0,0.5588697702856145,110.56478731766923,5.360419397116645,1.2199231275723361,0.41242859072865556,0.7378750843827137,0.182175622542595,0.6039878646441073,0.182175622542595,0.6848134359844512,0.14898766509381295,0.9089121887287024,0.9089121887287024,0.9817824377457404,0.9544560943643513,-0.28514134234184957,0.6525891594577412,0.182175622542595,2.2850589777195283,0.4177283572296018,1.6686143762979142,0.5976408912188729,4.5701179554390565,1.4864387537553192,0.23001267673132716,3.488932794998932,39.26168224299065,0.1834658048737881,3.4857192767927327,119.59813084112149,0.2370731068215565,5.41588785046729,50.1588785046729,263.4906542056075,10.849818276220146,0.22313084112149537,0.034215917372487255,0.16681154752485972,0.01274113157147017,107.82758620689656,0.4647740784780024,0.33472057074910827,5.672413793103448,21.70689655172414,110.50862068965517,4.832136015325671,0.24377394636015326,4.004874449011493,35.80172413793103,0.15431777645659928,0.27102803738317754,8.09334126040428,0.2847626911490455,1.6338933420161494,0.0951206522778306,2.3333333333333335,0.3888888888888889,0.8055555555555555,5.5,3993.0,17916.166666666668,945.3564814814814,0.4305555555555556,1.0,0.16666666666666666,0.1907273206549088,0.23502584023419146,0.1858020492423352,2.584962500721156,0.028037383177570093,2720.888888888889,3.09842672413793,0.059540784741978346,0.6185919869920682,0.013776071706632819,0.1575755153726791,0.5555222895891887,22.786077752091522,23.259406699226016,213.0,12.658174083599157,63.209559868326366,0.2967584970343961,214.0,1.22176599274554,0.8184873420423253,0.23912804738705487,20.317173129006523,0.5555222895891887,12.658174083599157,22.786077752091522,13.0,21.0,23.259406699226016,23.259406699226016,213.0,12.658174083599157,1.22176599274554,0.8184873420423253,63.209559868326366,0.2967584970343961,214.0
"training_set_primary_roi_006.tif","774f9d9f-a2dc-4003-8483-a69162909270","Annotation","nuclei_endothelium",807.8955078125,8.07856559753418,219.0,,,78.8,111.0,1984421.0,1.0743034456339395,16.0,2.294471717458038,121.0,94.48858447488584,9.463939450803775,95.0,71.0,50.0,7.253471802922352,95.19077216318203,0.05617815172697062,11.540819249741011,1984421.0,0.5262817706052834,133.19050895519268,5.324050632911392,1.2688486749796497,0.2713841136299574,0.7395032847300111,0.2784810126582279,0.4528775868690621,0.2784810126582279,0.8533728188427887,0.20092933824707582,0.8607594936708861,0.8607594936708861,0.9721518987341774,0.9303797468354431,-0.1530794458301199,0.5244830384745247,0.2784810126582279,2.282278481012658,0.3422416279442398,1.940657261134883,0.5265822784810127,4.564556962025316,1.662176248476655,0.2544960743470598,3.7696824891489085,31.073059360730593,0.1418861158024228,4.5559517107649965,115.25570776255708,0.2635057651008111,5.538812785388128,43.06392694063927,224.45205479452054,9.370877727042112,0.22552004058853375,0.05870467800683609,0.32634345760120387,0.021266235549314897,134.0261437908497,0.4379939339570251,0.3740441710453244,5.9411764705882355,14.81045751633987,74.26143790849673,3.34640522875817,0.2440087145969499,3.672574354616356,72.45751633986929,0.23678926908454012,0.3493150684931507,6.6151480199923105,0.4838278319719661,2.9968574998545936,0.13613187369544077,4.2,0.42,0.89,5.3,2278.9,10420.1,534.1555555555556,0.4805555555555555,2.8,0.28,0.4753002286861139,2.277677261507697,0.27503404753921623,2.721928094887362,0.045662100456621,1799.2899999999997,5.404089585474476,0.036443223771219925,0.9739612398125117,0.024481761619339678,0.10009078274604181,0.7711104211369033,19.391247738315798,21.400934559032695,218.5,14.952793209862717,58.33169335351751,0.2669642716408124,219.0,1.1132018807512454,0.8983096572969756,0.27670667060336734,27.20454733099501,0.7711104211369033,14.952793209862717,19.391247738315798,14.0,18.0,21.400934559032695,21.400934559032695,218.5,14.952793209862717,1.1132018807512454,0.8983096572969756,58.33169335351751,0.2669642716408124,219.0
"training_set_primary_roi_006.tif","819572be-bd97-4207-aded-846a43b696ae","Annotation","nuclei_lymphocyte",903.6158447265625,2.9133710861206055,86.0,,,77.0,106.0,676264.0,0.7936312314968681,13.75,3.5495035503944052,120.0,88.0,8.55813953488372,85.0,73.0,47.0,5.58753987614937,88.6765746052526,1.144765684594424,10.93320098237155,676264.0,0.702271498107085,119.53488372093024,4.332155477031802,1.1105755963497936,0.25878674638775306,0.4246026295745982,0.15901060070671377,0.45508226182580597,0.15901060070671377,0.6319373346971617,0.1337262295696038,0.920494699646643,0.920494699646643,0.9840989399293286,0.9602473498233216,-0.1893490076546088,0.49414016742066036,0.15901060070671377,2.0653710247349824,0.6036846508259561,1.3384866838595697,0.7703180212014135,4.130742049469965,1.1794760831528561,0.145903307570328,2.996489124658346,15.813953488372093,0.1838831800973499,4.481341265548945,60.395348837209305,0.16346673877771767,4.593023255813954,47.18604651162791,200.01162790697674,11.692829457364343,0.25678294573643407,0.04063231138708714,0.23537274341261055,0.01071862667870766,50.924528301886795,0.4804200783196867,0.3342826628693485,5.2075471698113205,17.433962264150942,73.66037735849056,4.362683438155136,0.27306079664570226,3.58100544332211,19.867924528301888,0.18743325026699892,0.3081395348837209,6.902100391598433,0.3944191783660648,2.3958763989988503,0.11832985573756791,2.2,0.44,0.64,6.4,1024.4,4164.2,255.45,0.3166666666666667,1.4,0.28,0.1253868968899469,0.9505059208931208,0.033690474222486715,1.9219280948873623,0.05813953488372093,728.56,0.9811664953751283,0.15764527195118758,0.5092097328886346,0.008845397037789266,0.36147947194012625,0.44123965745228305,16.376894019553404,17.11724276862369,88.5,7.226135107320088,41.77449713592834,0.472028216225179,86.0,1.252664192845204,0.7982985429867503,0.18492749560642507,12.150809795821203,0.44123965745228305,7.226135107320088,16.376894019553404,17.0,7.0,17.11724276862369,17.11724276862369,88.5,7.226135107320088,1.252664192845204,0.7982985429867503,41.77449713592834,0.472028216225179,86.0
"training_set_primary_roi_006.tif","0991e838-685a-46ac-9b2e-28bc3322297b","Annotation","nuclei_endothelium",995.5134887695312,3.351351261138916,74.0,,,83.0,111.7,731195.0,0.9915528503834039,18.25,1.974696082905016,117.0,98.79729729729729,9.548940832724616,102.0,76.0,41.0,7.917226552002152,99.40328723695968,-0.32785897253438917,10.959359482331328,731195.0,0.5058436815193572,120.1075602629656,2.5655737704918034,0.795863609873896,-0.1531185429617457,0.7737167428110721,0.21311475409836064,0.568082788671024,0.21311475409836064,0.747394446244039,0.1676968556839559,0.8934426229508197,0.8934426229508197,0.9573770491803277,0.9289617486338797,-0.24804175440757295,0.6230623478037792,0.21311475409836064,1.5573770491803278,0.3388873958613276,1.7352795580148035,0.45081967213114754,3.1147540983606556,1.5221648039164428,0.24670787422735824,3.6662110845282307,12.675675675675675,0.17129291453615778,3.6398831263696128,37.432432432432435,0.2470781592403214,2.6621621621621623,41.945945945945944,116.82432432432432,23.22635135135135,0.5844594594594594,0.03991234857306286,0.11187358915037486,0.021922038428734858,52.07692307692308,0.5007396449704142,0.2496301775147929,2.5576923076923075,11.288461538461538,32.63461538461539,5.951923076923077,0.6105769230769231,3.3675540716701855,20.673076923076923,0.19877958579881658,0.35135135135135137,3.1878698224852067,0.38836989523373455,1.0968572300715158,0.2112480615242892,1.6666666666666667,0.5555555555555556,0.2222222222222222,2.0,750.0,2431.0,329.75,0.75,1.0,0.3333333333333333,0.0030040145869780245,0.0035988985845984887,0.002855293587572909,1.584962500721156,0.04054054054054054,141.55555555555554,6.048323615160349,0.12484484773989854,0.21648492121465093,0.053016867566721464,0.12595591542959966,0.6681040886144765,12.36852332641371,13.601470508735444,74.0,8.263461004500524,36.0,0.4864864864864865,74.0,1.1805427240431376,0.8470680303506403,0.19328717214136096,13.274198588779095,0.6681040886144765,8.263461004500524,12.36852332641371,13.0,8.0,13.601470508735444,13.601470508735444,74.0,8.263461004500524,1.1805427240431376,0.8470680303506403,36.0,0.4864864864864865,74.0
"training_set_primary_roi_006.tif","cef9b7ca-1003-4c7b-9509-3e1a128852a4","Annotation","nuclei_tumor",533.8054809570312,16.84147834777832,676.0,,,75.0,120.0,6149616.0,1.5518692814331554,23.25,2.781640009328122,145.0,93.83727810650888,13.909947130702827,89.0,62.0,83.0,9.976896648793122,95.378535786399,0.6912387575597635,17.077187307021795,6149616.0,0.4147044921396309,291.63032631910636,5.399765533411488,9.86775722188424,1.043043102759526,1.7585867623346545,0.19030871434153965,0.8047009533152515,0.19030871434153965,0.7021168198391179,0.1540913075872099,0.9048456428292302,0.9048456428292302,0.9888053697446153,0.9619382571316921,-0.4719767153486259,0.8689150128153578,0.19030871434153965,2.237788198515045,0.32715167074623863,2.276853019880096,0.5322391559202814,4.47557639703009,2.0865443055385557,0.48722386916904864,3.685384971738067,162.23668639053255,0.23999509821084697,4.021515353103883,280.34023668639054,0.540194671054935,5.784023668639053,54.86094674556213,267.801775147929,16.031044543063775,0.2764423076923077,0.033086987904410066,0.26301949110786105,0.0072377115282430465,187.58227848101265,0.29680740265983013,0.8168062009293383,7.9335443037974684,40.16139240506329,186.92088607594937,11.027777777777779,0.2368582981715893,4.712148713615181,108.34177215189874,0.17142685467072585,0.23372781065088757,21.855992629386318,0.3921680358763243,4.050270410161565,0.06872430306378491,3.3636363636363638,0.30578512396694213,0.9090909090909091,9.909090909090908,16920.0,80066.90909090909,4169.301767676768,0.1994949494949495,1.5454545454545454,0.14049586776859505,0.3099818190659653,2.4366481060657943,0.046381755810308296,3.277613436819116,0.016272189349112426,13143.338842975209,5.604280433947772,0.024318969078540455,1.0224979161927752,0.0173884514273086,0.11239743976415527,0.7078255812234402,35.25446793418454,35.35533905932738,685.5,24.954014256237308,98.5607804800278,0.14377940259668534,676.0,1.0619289787669508,0.9416825606935982,0.3952540438599041,55.50791185589515,0.7078255812234402,24.954014256237308,35.25446793418454,33.0,30.0,35.35533905932738,35.35533905932738,685.5,24.954014256237308,1.0619289787669508,0.9416825606935982,98.5607804800278,0.14377940259668534,676.0
"training_set_primary_roi_006.tif","e0514bde-de95-412d-8f23-b3894a9fae66","Annotation","nuclei_tumor",7.356636047363281,16.443769454956055,163.0,,,121.0,144.0,2909963.0,0.8531278556969824,12.5,2.670336806244251,155.0,133.29447852760737,7.404870337611509,134.0,107.0,48.0,5.295379057164496,133.61337411476177,-0.28980840168689426,9.2258190088744,2909963.0,0.6483872181866086,85.11573638450821,3.4662045060658584,1.1727955856396943,-0.5185051686066082,0.5478525451372516,0.1317157712305026,0.6123545843499167,0.1317157712305026,0.5621249879998812,0.1143667268396565,0.9341421143847488,0.9341421143847488,0.9868284228769498,0.9670710571923744,-0.31844517547445517,0.6305491386383062,0.1317157712305026,1.833622183708839,0.5652226150320339,1.3381373427713847,0.7365684575389948,3.667244367417678,1.2064215715408821,0.16989207909193849,2.928903060919023,42.190184049079754,0.2588354849636795,4.137829801648538,105.68711656441718,0.1869848319470059,3.4846625766871164,55.22085889570552,201.22699386503066,18.780674846625768,0.39928425357873215,0.03575436820945147,0.1649854074213189,0.013671557281740236,67.94039735099338,0.4499364062979694,0.35752817858865843,3.2317880794701987,32.11920529801324,120.0794701986755,10.232155997056658,0.5229948491537896,3.965985983624168,23.344370860927153,0.15459848252269637,0.23159509202453987,13.475110740756984,0.358359440453155,1.2808163490090876,0.20316831853860148,1.8,0.36,0.5599999999999999,5.4,3295.8,12534.8,987.1611111111112,0.34444444444444444,1.0,0.2,0.27241888423541055,2.339124572754314,0.03352023988346238,2.321928094887362,0.03067484662576687,2233.04,1.6560422740524783,0.10043616229990887,0.45173912147838535,0.00832500391306544,0.24459365892146917,0.6865234741733494,17.715265169554115,18.867962264113206,164.5,12.161945390104421,50.867723080084765,0.30922628012209585,163.0,1.1188050427991036,0.8938107728743615,0.25581589072333166,23.251837704471363,0.6865234741733494,12.161945390104421,17.715265169554115,16.0,12.0,18.867962264113206,18.867962264113206,164.5,12.161945390104421,1.1188050427991036,0.8938107728743615,50.867723080084765,0.30922628012209585,163.0
"training_set_primary_roi_006.tif","c1a02670-c074-42a9-bdc6-f98da0031c0a","Annotation","nuclei_tumor",322.4398193359375,28.236337661743164,951.0,,,101.0,132.0,1.3229319E7,1.2659549052954842,13.0,4.704865501467749,173.0,117.21451104100946,9.571362703048724,117.0,84.0,89.0,6.077284951860091,117.94471516758242,0.595921205415794,13.103977921960022,1.3229319E7,0.5265109171705914,171.7142373792157,4.80043980208906,5.598190399634399,0.680168039708082,1.1268054718971845,0.19021440351841667,0.711144217229991,0.18911489829576691,0.7038822075106828,0.15444995876099846,0.9056258017225582,0.9055525013743816,0.9888303204734341,0.9622136705149348,-0.3690670064718365,0.7705338868261143,0.18815283122594828,2.1368884002199007,0.41178669296452663,1.9901697467490407,0.620395821880154,4.273776800439802,1.7953296102988072,0.32925496885390027,3.5371791353240867,217.42271293375396,0.2286253553456929,3.7442439802698138,500.7118822292324,0.3572088045015429,5.022082018927445,55.70241850683491,254.14931650893797,15.55733730576002,0.2827725201542236,0.033120337816553574,0.24579904187791876,0.007899698707195098,292.32159624413146,0.34310046507527164,0.6419402565628511,6.224178403755869,42.805164319248824,188.78638497652582,11.360556859676581,0.28724895670318207,4.766364214717597,133.73239436619718,0.15696290418567743,0.22397476340694006,22.870825894333127,0.37207124015699305,2.912290111377276,0.09474388178594265,5.823529411764706,0.34256055363321797,1.0449826989619375,9.352941176470589,26831.470588235294,111696.82352941176,6775.173202614379,0.26184640522875813,2.764705882352941,0.16262975778546712,0.377745090448455,5.027266764664841,0.03280737249655493,3.4992275471326932,0.017875920084121977,23702.0553633218,7.69264545506452,0.01482309013778159,1.0904053444129378,0.011005039662599482,0.07840697360284599,0.9976500570854698,34.88268876471696,36.68787265568828,948.5,34.80071643741455,111.00996927639282,0.11703739512534826,951.0,1.0168066616021825,0.9834711334643498,0.4575298413405228,74.37741778083658,0.9976500570854698,34.80071643741455,34.88268876471696,35.0,36.0,36.68787265568828,36.68787265568828,948.5,34.80071643741455,1.0168066616021825,0.9834711334643498,111.00996927639282,0.11703739512534826,951.0
"training_set_primary_roi_006.tif","f1cf0db4-2ec7-4a4b-a713-04bd50771d86","Annotation","nuclei_endothelium",774.5744018554688,24.266666412353516,366.0,,,89.0,108.0,3527602.0,0.9850976787317784,10.0,3.6417035822218504,125.0,97.8743169398907,6.0498372599957895,97.0,83.0,42.0,4.1940395205701515,98.174624168372,0.7153129964206082,7.672999032380701,3527602.0,0.5242467675953298,58.87491415091517,1.9420074349442378,0.944261088319962,0.4086390893572692,0.7201249291745555,0.2,0.5652764235408334,0.2,0.7219280948873623,0.16000000000000003,0.8999999999999999,0.8999999999999999,0.98,0.95,-0.24796972207462237,0.6118122811081244,0.2,1.3460966542750932,0.38895896961070187,1.656531605918461,0.5576208178438662,2.692193308550186,1.4565316059184605,0.23003123229363884,3.4316293355839185,71.78688524590164,0.1961390307265072,4.318880826540058,191.87431693989072,0.24291558422168474,2.169398907103825,51.650273224043715,92.27868852459017,41.49620522161506,0.7106860959319975,0.040511359294780454,0.12300054804860622,0.02292488481427786,199.15463917525773,0.5132851525135509,0.25531406100542037,2.8917525773195876,28.211340206185568,44.80927835051546,24.07331042382589,0.5385166093928981,3.856535237681869,72.76288659793815,0.18753321288128388,0.2650273224043716,13.974333085343813,0.4175985719872903,1.4031368532815613,0.1826687553865173,4.6,0.46,0.36000000000000004,3.6,5806.6,8440.2,5148.311111111111,0.4611111111111111,1.6,0.16,0.343680800976441,1.4997171167375147,0.16578283314728368,3.321928094887362,0.0273224043715847,4467.040000000001,12.177411036616814,0.027126037607995934,0.8005025095499835,0.01684385384294031,0.10119978652689408,0.46978327649631074,31.99988347181494,33.1058907144937,365.0,15.033010104889362,79.0242830702147,0.21650488512387586,366.0,1.1668343354429072,0.8570196896206519,0.29314134851582013,30.532081212833226,0.46978327649631074,15.033010104889362,31.99988347181494,16.0,30.0,33.1058907144937,33.1058907144937,365.0,15.033010104889362,1.1668343354429072,0.8570196896206519,79.0242830702147,0.21650488512387586,366.0
"training_set_primary_roi_006.tif","2b6bccd6-c5eb-4245-a903-260bf07d590e","Annotation","nuclei_endothelium",1004.580322265625,24.424007415771484,190.0,,,88.0,122.0,2139839.0,1.1751235176328672,17.75,2.533839413903901,138.0,105.42631578947369,9.910526315789475,105.5,82.0,56.0,7.644999999999994,106.12403368849013,0.1260719549894088,12.149175501817446,2139839.0,0.5021052631578947,147.6024653739612,3.2290748898678414,2.4943718836383386,-0.10878398137888479,0.9575880679919184,0.1938325991189427,0.6633157547791695,0.1938325991189427,0.7094204625066822,0.15626152263773796,0.9030837004405287,0.9030837004405287,0.9806167400881058,0.9515418502202644,-0.3326364435062615,0.7293982326099316,0.1938325991189427,1.7430249632892807,0.3673724181205406,1.9031063398473111,0.5491923641703378,3.486049926578561,1.7092737407283687,0.2878551667777152,3.639734152827442,34.65263157894737,0.18238227146814404,3.498504155124654,95.4,0.30196675900277004,3.373684210526316,49.45263157894737,164.6157894736842,22.1062865497076,0.4709064327485381,0.031075038787444803,0.12182013317022718,0.013992191747556724,87.6824644549763,0.4155567035780868,0.42025111745019206,3.5118483412322274,20.66350710900474,71.70616113744076,8.408372827804108,0.5036861506055819,4.210434650881098,32.41232227488152,0.15361290177668965,0.2776315789473684,7.689854226095551,0.30856870130704017,1.2769212101566407,0.14287311987897097,1.8,0.36,0.8,4.8,3339.2,12259.8,1127.9388888888889,0.49444444444444446,1.0,0.2,0.053293814393591876,0.47308788162066684,0.006644337367344394,2.321928094887362,0.02631578947368421,1895.2,3.4957521645021647,0.06501397026384835,0.5939210337092833,0.018713361894156604,0.17492301797902685,0.5796939634725277,20.54872867394562,21.587033144922902,193.0,11.911973969321116,53.95022491743006,0.279534844131762,190.0,1.095493167062181,0.9128308875551747,0.2747846593264244,26.82793297832313,0.5796939634725277,11.911973969321116,20.54872867394562,12.0,21.0,21.587033144922902,21.587033144922902,193.0,11.911973969321116,1.095493167062181,0.9128308875551747,53.95022491743006,0.279534844131762,190.0
"training_set_primary_roi_006.tif","05d44350-2f34-4655-b528-21ce6cc3487a","Annotation","nuclei_tumor",564.9904174804688,29.138561248779297,597.0,,,81.0,106.0,5153729.0,0.9311603505001468,13.0,4.346555493891864,139.0,92.31323283082077,8.216038315530765,91.0,71.0,68.0,5.631979166666667,92.91238826333827,0.8415227163517491,10.534654105379737,5153729.0,0.6326411510371511,110.97893711999416,4.83962683251888,1.921275925755088,0.6237598588436543,0.6081932882981471,0.18436250555308747,0.5347646008435011,0.18169702354509104,0.6922252333921617,0.15134869718794214,0.9095957352287872,0.9094180364282541,0.9892021846499592,0.9637494446912482,-0.22201904508767584,0.5671828026950607,0.17936472678809418,2.175699689027099,0.5201747542579921,1.5542392950674095,0.7059084851177254,4.3513993780541975,1.3635227918195687,0.19813894846280866,3.057403738663268,142.1356783919598,0.23808321338686733,4.195079248840517,377.68676716917923,0.21954552213889098,5.078726968174204,55.76046901172529,251.90284757118928,13.273822817792666,0.233784664061046,0.03238669780834971,0.19995795092030239,0.008776237204130915,225.50092081031306,0.41528714698031877,0.43597231125084357,6.471454880294659,40.93922651933702,178.58563535911603,9.919275629220381,0.22669838346633925,4.260691567051684,96.92633517495396,0.17850153807542166,0.22738693467336685,21.59866914929336,0.41319924324448143,3.204326162833962,0.09551238071979846,5.153846153846154,0.39644970414201186,1.0059171597633136,6.6923076923076925,16463.615384615383,67138.0,4082.551282051282,0.39155982905982883,1.3076923076923077,0.10059171597633136,0.13229344400991724,0.3594425893109434,0.10861254638881856,3.5465935642949384,0.021775544388609715,14354.686390532546,4.590586290071584,0.021249795438726408,1.1382831374478768,0.0065110357058790775,0.11725030333549089,0.8461667100299914,30.231620283305084,31.25699921617557,593.0,25.580990674000223,90.34194060656341,0.15234728601444084,597.0,1.046543143116003,0.955526780312731,0.38962394032188985,53.93783549432196,0.8461667100299914,25.580990674000223,30.231620283305084,25.0,31.0,31.25699921617557,31.25699921617557,593.0,25.580990674000223,1.046543143116003,0.955526780312731,90.34194060656341,0.15234728601444084,597.0
"training_set_primary_roi_006.tif","e66bbb85-7c5c-47f9-8590-0b77dcdb79b6","Annotation","nuclei_lymphocyte",863.6065673828125,23.237037658691406,200.0,,,56.900000000000006,102.0,1288187.0,1.6136897158663284,21.5,3.4038534961889235,141.0,78.305,13.78685000000001,76.0,45.0,96.0,9.729835522601524,80.25543595296209,0.6164272635376866,17.58584587104072,1288187.0,0.3783500000000001,309.261975,7.223756906077348,7.9093213751961216,0.756855653560587,1.6049952687646898,0.4613259668508288,0.5534808829340532,0.4033149171270718,1.0950627751739448,0.2986630444736119,0.8073204419889503,0.8041436464088398,0.9828114210937832,0.9341127334911868,-0.1896446769819609,0.6649940595098064,0.35907765500306943,2.633977900552486,0.2015515780959068,2.7864191337143467,0.2969613259668508,5.267955801104972,2.300211731994077,0.5165803089038796,4.284993285542779,26.0,0.13,4.429900000000001,75.67,0.58,7.87,34.79,231.49,6.536481944444444,0.17861249999999995,0.06951436523683548,0.7805527305366592,0.00999935349654265,113.3381088825215,0.3247510283166805,0.7560529059695735,9.114613180515759,8.848137535816619,61.61031518624642,1.6263371537726838,0.16833094555873923,3.8803369141905404,108.39255014326648,0.31058037290334234,0.43625,3.593665076641405,0.5693984854888224,5.9709082340044874,0.0856163322072878,2.8181818181818183,0.256198347107438,1.652892561983471,12.363636363636363,1177.6363636363637,8591.454545454546,190.1556818181818,0.1991919191919192,1.5454545454545454,0.14049586776859505,0.3141363176752497,4.752358963181357,0.039838155090654304,3.459431618637298,0.055,847.0578512396693,1.809732672742687,0.04099167649368912,3.6792820030880904,0.02186496428571429,0.354128179621998,0.8093422829497157,17.76654539769293,18.384776310850235,202.5,14.37921641229856,52.366598862010704,0.2586004882074603,200.0,1.038094576784573,0.9633033659586505,0.3014869645543365,32.2953001044043,0.8093422829497157,14.37921641229856,17.76654539769293,17.0,14.0,18.384776310850235,18.384776310850235,202.5,14.37921641229856,1.038094576784573,0.9633033659586505,52.366598862010704,0.2586004882074603,200.0
"training_set_primary_roi_006.tif","870b2b00-7d4a-419a-90fe-581cb1dbd350","Annotation","nuclei_endothelium",810.3832397460938,33.9640998840332,574.0,,,85.0,127.0,6491283.0,1.4886324584461557,27.0,1.8983504993470863,139.0,105.13763066202091,13.842902062669314,105.0,71.0,68.0,11.23599818922596,106.34310227135968,0.0995003951058539,15.966653358589133,6491283.0,0.3838640750767886,254.93401947334564,7.861214953271029,6.080255645904812,0.6933860509386207,1.7169045331469999,0.30654205607476637,0.6970099851336674,0.3037383177570093,0.8970142200460576,0.21428509040090837,0.8485981308411215,0.848411214953271,0.9820175920835624,0.9393457943925234,-0.30767365185572715,0.7757966214889701,0.30128504672897194,2.7401869158878505,0.2163091754738405,2.532801071321348,0.3186915887850467,5.480373831775701,2.2176358337301845,0.5058616473054416,4.254152093827954,84.67247386759581,0.14751302067525404,3.868567057995119,220.33797909407664,0.4964398013815877,7.911149825783972,42.33449477351916,312.698606271777,7.3176296941540855,0.1656746031746032,0.04406550373407849,0.37202499356950164,0.008586845255790084,298.2826899128269,0.3714603859437446,0.5267327224030682,8.53922789539228,15.688667496886675,108.21419676214197,2.872249896222499,0.15919468659194688,4.09302913692653,190.34495641344955,0.23704228694078402,0.34973867595818814,7.513198482031115,0.46544824176679894,4.096787539483349,0.07605281732617789,4.2,0.28,1.0488888888888888,9.266666666666667,5841.2,40357.0,1012.375,0.24120370370370373,1.4,0.09333333333333334,0.22342406933694814,1.8207136514079154,0.0956842692974547,3.906890595608518,0.02613240418118467,4376.862222222222,6.480926789897442,0.01830665144706683,1.7199162688974694,0.022248292483607622,0.09309868031190915,0.44400156361026144,41.37366522695472,41.593268686170845,571.0,18.3699720530554,104.74422244575284,0.18343996925701023,574.0,1.236536929044352,0.8087101780072531,0.3005149320026865,32.0873874540718,0.44400156361026144,18.3699720530554,41.37366522695472,18.0,41.0,41.593268686170845,41.593268686170845,571.0,18.3699720530554,1.236536929044352,0.8087101780072531,104.74422244575284,0.18343996925701023,574.0
"training_set_primary_roi_006.tif","12755978-7259-4334-9e23-1577a7c84054","Annotation","nuclei_tumor",101.57401275634766,35.20833206176758,648.0,,,91.0,132.0,8096548.0,1.5203600269577193,25.0,2.082733663149341,153.0,110.70987654320987,13.285646242950804,110.0,76.0,77.0,10.67652742626427,111.77957255020334,0.10049356934104368,15.427121419545516,8096548.0,0.3740331123304374,237.99607529340008,4.039608003266639,6.680652575841244,0.4281948439748007,1.7731726401939707,0.24091465904450796,0.7607703905033338,0.24091465904450796,0.7965580196900106,0.18287478610197644,0.879542670477746,0.879542670477746,0.9858285494679703,0.9518170681910983,-0.3901531419377097,0.8318736513879386,0.24091465904450796,1.9122090649244592,0.23150723097451803,2.4297087225974607,0.37525520620661496,3.8244181298489184,2.188794063552953,0.5035218248096196,4.155848909051426,115.59567901234568,0.1783883935375705,3.4157426459381193,242.37345679012347,0.5090663580246914,4.236111111111111,48.81172839506173,201.47685185185185,21.829003772290807,0.43627829218107,0.035266530308968584,0.18199998386414468,0.01260719872781201,271.01637107776264,0.36973584048807995,0.5306045722134644,4.492496589358799,21.13506139154161,87.89904502046384,9.317966499924207,0.41142754282249494,4.452712162111218,117.2755798090041,0.15999396972579003,0.2827932098765432,8.630684789750028,0.32603518522733965,1.6951304010234771,0.11072730318951109,4.333333333333333,0.3611111111111111,0.5833333333333334,6.833333333333333,11919.666666666666,44672.083333333336,5006.2037037037035,0.23900462962962962,1.6666666666666667,0.1388888888888889,0.2941404034969147,2.3076568127207517,0.04515557295148321,3.2516291673878226,0.018518518518518517,9003.666666666666,8.430306817419309,0.01805202672901833,1.5696830001602504,0.019864050101656146,0.10985734239394845,0.7659428462269373,32.994940617723564,33.24154027718932,644.0,25.272238727827972,93.79317604171753,0.14564157770453032,648.0,1.0426135782735522,0.9591281188337147,0.3999945440922542,56.8473705484994,0.7659428462269373,25.272238727827972,32.994940617723564,25.0,33.0,33.24154027718932,33.24154027718932,644.0,25.272238727827972,1.0426135782735522,0.9591281188337147,93.79317604171753,0.14564157770453032,648.0
"training_set_primary_roi_006.tif","b8c6412a-f65b-4dd0-af95-079cfdb887d9","Annotation","nuclei_lymphocyte",716.938232421875,45.98811721801758,283.0,,,81.2,103.0,2438513.0,0.7104755309116797,11.0,2.9403698043373634,118.0,92.42756183745583,6.904568667357574,92.0,75.0,43.0,4.921206525084641,92.82593231552997,0.33058862478573653,8.590664877099352,2438513.0,0.6868483811759416,73.79952303062841,1.411251212415131,0.6851588390512076,0.4075781281760764,0.3855814089134032,0.16391852570320078,0.4033901903279763,0.16391852570320078,0.64360203767219,0.1370492426344899,0.9180407371483996,0.9180407371483996,0.9672162948593599,0.9453604914322664,-0.14508942494387664,0.4130750874286279,0.16391852570320078,1.1644034917555772,0.588200790057208,1.1959365156259314,0.7536372453928225,2.3288069835111544,1.0320179899227306,0.137374983654151,2.84613867347061,67.24028268551237,0.2375981720336126,4.443856209966411,194.37809187279152,0.15657580941202912,1.5830388692579505,54.73851590106007,65.90106007067138,51.947879858657245,0.8542402826855123,0.03843828095300415,0.10739192689901507,0.021199869466501427,135.0,0.5,0.25,2.5,34.837037037037035,40.43703703703704,33.43703703703704,0.625,3.680466384047834,48.214814814814815,0.17857338820301782,0.23851590106007067,17.259204389574766,0.4168072161922777,1.4533049013774628,0.1576827948959813,6.25,0.78125,0.109375,3.625,6584.125,6842.5,6519.53125,0.34375,1.25,0.15625,0.2683806504922321,1.073515388210849,0.06709696606257788,2.75,0.028268551236749116,5332.734375,28.097699757869247,0.042677961281760726,0.16559220724087306,0.027701772641137143,0.039944838080745636,0.5074740763832232,26.873062545154582,26.476404589747453,280.5,13.637382594690912,66.4912466989557,0.2370454427770257,283.0,1.1199357576769065,0.8929083593815325,0.2918846223961063,30.270854230386536,0.5074740763832232,13.637382594690912,26.873062545154582,14.0,26.0,26.476404589747453,26.476404589747453,280.5,13.637382594690912,1.1199357576769065,0.8929083593815325,66.4912466989557,0.2370454427770257,283.0
"training_set_primary_roi_006.tif","50345a20-66ae-43c8-987a-d2c0fd33818f","Annotation","nuclei_endothelium",1014.2467651367188,55.19805145263672,466.0,,,72.0,111.0,3995412.0,1.4987668786544401,24.0,2.3697017553739097,130.0,91.33905579399142,12.686916318222899,91.0,57.0,73.0,9.48420029168693,92.5950619286052,0.0750058539481149,15.19942039106606,3995412.0,0.39738252684705916,231.02238022435475,5.053602305475505,6.348739037774465,-0.038529435038207244,1.5918663887250954,0.2536023054755043,0.7251621701604024,0.2524495677233429,0.8201197833932189,0.18987152123180162,0.8739673390970222,0.8738904899135448,0.9851025597558908,0.9495485110470699,-0.35245699081775983,0.8046823534918405,0.2514409221902017,2.1723342939481265,0.2527085184662276,2.4371267975444026,0.42247838616714695,4.344668587896254,2.178935818821156,0.4613671735501499,4.192102937801881,74.8412017167382,0.1606034371603824,3.8329680045681447,185.1802575107296,0.474741660373188,5.293991416309013,47.00858369098712,241.22961373390558,14.175339771101573,0.3132153075822604,0.03749199334001603,0.21622937779864768,0.013034189096323283,197.0565371024735,0.3481564259761016,0.6021207656482161,5.613074204946996,18.17314487632509,92.61837455830388,5.231620533961524,0.32879367883784844,4.437463119081656,103.03886925795052,0.18204747218719175,0.30364806866952787,7.327410755534466,0.3826563319491817,2.3706737285207122,0.12369364356241613,4.285714285714286,0.30612244897959184,1.1020408163265307,7.0,4913.857142857143,21950.928571428572,1292.8134920634918,0.3779761904761904,2.7142857142857144,0.19387755102040816,0.13037801109150132,0.6965718594821856,0.08188299369091699,3.6644977792004623,0.030042918454935622,3805.918367346939,5.4999203436315245,0.023921089736902844,1.5235981708324025,0.019504180092626357,0.12658433353409776,0.668739902682554,30.429687589167003,33.12099032335839,462.0,20.349546317040062,87.05550680028644,0.1884318329010529,466.0,1.1425371451070476,0.8752450668956651,0.3209021796903147,36.588750626584016,0.668739902682554,20.349546317040062,30.429687589167003,20.0,30.0,33.12099032335839,33.12099032335839,462.0,20.349546317040062,1.1425371451070476,0.8752450668956651,87.05550680028644,0.1884318329010529,466.0
"training_set_primary_roi_006.tif","4312f989-a96e-4056-a579-7124c8b70e49","Annotation","nuclei_tumor",259.0893859863281,61.54515838623047,359.0,,,100.0,128.0,4740727.0,1.0437812795673993,12.5,3.394318971834484,143.0,114.36490250696379,8.537038042845715,115.0,82.0,61.0,5.574237432245722,114.91461042018236,-0.36806883300298643,11.226609577025112,4740727.0,0.5984202481358774,126.03676259495195,4.335621662852784,2.4128141097915936,-0.05217037574227146,0.7016706027330788,0.13729977116704806,0.6726945898487886,0.13729977116704806,0.5771232346292081,0.11844854400452429,0.931350114416476,0.931350114416476,0.9862700228832951,0.9656750572082381,-0.3983177445000448,0.7284605513958842,0.13729977116704806,2.0480549199084668,0.5339400635705273,1.5208200147999178,0.7192982456140351,4.0961098398169336,1.3835202436328693,0.2097425934750317,3.0988436700116426,95.18384401114206,0.2651360557413428,3.937353062127078,214.83286908077994,0.24380630193744618,4.504178272980502,57.239554317548745,236.10863509749305,16.69436706901888,0.2972763850201176,0.030412835179465362,0.1802112445617884,0.007827715887672169,118.29836065573771,0.3878634775597958,0.48202096210696044,5.6,43.61967213114754,178.41311475409836,12.041530054644808,0.3017304189435337,4.301908078890721,45.97704918032787,0.15074442354205858,0.21239554317548748,21.45255576457941,0.37111924154597653,2.6577173398379212,0.09037081936901852,3.0,0.5,0.5833333333333334,6.833333333333333,12664.5,51778.5,3256.0,0.28240740740740744,1.0,0.16666666666666666,0.17820438296167815,1.6026036506101038,0.01993684506871937,2.584962500721156,0.016713091922005572,9084.472222222223,3.872975955668263,0.04570689265276403,0.43255174274923186,0.011676928039483992,0.1063830402753153,0.47738287341822544,32.435512611850335,35.11409973215888,358.0,15.484158211438203,83.80205550094855,0.23408395391326411,359.0,1.2494193447046922,0.8003717920954362,0.26328497974234366,24.62943296136734,0.47738287341822544,15.484158211438203,32.435512611850335,34.0,16.0,35.11409973215888,35.11409973215888,358.0,15.484158211438203,1.2494193447046922,0.8003717920954362,83.80205550094855,0.23408395391326411,359.0
"training_set_primary_roi_006.tif","cd04f96b-b775-4121-899e-3322428756eb","Annotation","nuclei_tumor",330.7386779785156,68.78333282470703,500.0,,,81.0,112.10000000000002,4605096.0,1.185419258811494,16.25,3.4186781824031574,136.0,95.124,10.11680000000003,92.0,69.0,67.0,6.973875933546686,95.96974523254711,0.8177094775776819,12.712852708971338,4605096.0,0.518544,161.6166239999999,5.552294557097118,3.855574630436455,1.0621058848572094,1.0416358664144179,0.20704375667022415,0.6683796982948129,0.2049092849519744,0.7391685210174712,0.16505594161069467,0.8979011028103878,0.8977588046958377,0.9878586226379558,0.9590892920668802,-0.31655160335695576,0.7190059741036979,0.20304162219850588,2.311632870864461,0.39846253113720415,1.934920600752788,0.5944503735325507,4.623265741728922,1.7215999124960906,0.3121699057711605,3.5738996079200684,99.268,0.198536,4.498976,259.272,0.3283999999999999,5.804,53.052,273.656,11.766069444444444,0.21684722222222222,0.04862908131771227,0.41120637125220455,0.010129410669231686,193.53149606299212,0.3809675119350239,0.5262996775993554,7.206692913385827,31.980314960629922,153.74015748031496,7.387221128608924,0.2092765748031496,4.36320275520803,94.57086614173228,0.18616312232624466,0.254,16.48028396056792,0.42407032538860057,3.545499329298454,0.09079632698578506,5.947368421052632,0.31301939058171746,1.0415512465373957,9.421052631578947,6339.684210526316,29952.0,1459.3556286549708,0.25073099415204675,5.0,0.2631578947368421,0.5085744841452352,5.61767584432838,0.0987103653142796,3.3005590923909547,0.038,5647.163434903047,4.285295766967116,0.0252113355206768,1.2483817830593207,0.0112173360272591,0.125223695063722,0.6688304092268209,31.079602004755625,31.78049716414141,500.0,20.78698292744743,84.10156135583844,0.1682031227116769,500.0,1.0609969230479495,0.9425098021276798,0.3657539121443351,47.53135622615767,0.6688304092268209,20.78698292744743,31.079602004755625,22.0,31.0,31.78049716414141,31.78049716414141,500.0,20.78698292744743,1.0609969230479495,0.9425098021276798,84.10156135583844,0.1682031227116769,500.0
"training_set_primary_roi_006.tif","c30d9252-c8c0-4117-b373-1602e4e65bea","Annotation","nuclei_endothelium",768.9417114257812,67.89417266845703,295.0,,,72.0,115.0,2586068.0,1.4947922649875816,18.0,3.013199245177869,134.0,92.32542372881356,11.953002010916377,91.0,54.0,80.0,8.008928415118781,93.62869326969073,0.3171825223911709,15.567541125202167,2586068.0,0.4302326917552428,242.34833668486078,4.850187265917603,8.669888973137464,0.9188510416770107,1.5671737575221985,0.25280898876404495,0.7221852907343072,0.24719101123595505,0.8243790926739475,0.19170559272819088,0.8773408239700374,0.8769662921348313,0.9852280237937872,0.950749063670412,-0.3468706593420772,0.7964008336615402,0.2422752808988764,2.1264044943820224,0.3026312790192035,2.39678030909667,0.5140449438202247,4.252808988764045,2.1283069654788442,0.45499568657156086,4.0713047348170655,46.85762711864407,0.1588394139615053,4.344085033036484,126.9186440677966,0.48174662453318007,5.247457627118644,46.220338983050844,213.17966101694915,14.468385122410547,0.3066619585687382,0.055311219151816415,0.4658666887659019,0.011709555359948262,125.41286863270777,0.33622752984640153,0.6587124179718103,6.313672922252011,18.198391420911527,81.84986595174263,5.558534405719393,0.28922773309502536,4.224363431008218,76.49597855227881,0.20508305241897806,0.31610169491525425,8.190413213636267,0.4197000147117507,3.2194619508280184,0.09449368487583766,5.153846153846154,0.39644970414201186,0.6863905325443785,10.153846153846153,2663.769230769231,11207.538461538461,725.3990384615385,0.17521367521367523,3.3076923076923075,0.25443786982248523,0.4747621536790173,5.896218876842369,0.041522671626961764,2.9689185639620974,0.04406779661016949,2148.8284023668643,3.1479580324909753,0.042288601788306124,1.3432611277781321,0.01908258386730449,0.20906046082217233,0.42354717750576865,30.198634119969157,31.25699921617557,294.5,12.79054624604234,73.01160425330323,0.24791716215043544,295.0,1.2001742635297854,0.8332123345645984,0.26633149449899435,25.2027132613107,0.42354717750576865,12.79054624604234,30.198634119969157,14.0,31.0,31.25699921617557,31.25699921617557,294.5,12.79054624604234,1.2001742635297854,0.8332123345645984,73.01160425330323,0.24791716215043544,295.0
"training_set_primary_roi_006.tif","3062a177-1bc1-4786-9f4d-0cf591044f2a","Annotation","nuclei_endothelium",793.297607421875,65.05420684814453,140.0,,,69.0,107.0,1068703.0,1.4624375569736052,20.5,2.8961646905194307,127.0,86.17857142857143,11.375510204081621,85.0,61.0,66.0,8.275862068965512,87.37043468555514,0.6169821371162872,14.382165472329582,1068703.0,0.42489795918367357,206.8466836734692,3.8861788617886184,5.5368865469611706,0.2183511267866003,1.3493414964637451,0.266260162601626,0.6703888472661532,0.258130081300813,0.8477263164160984,0.1996290237292617,0.872289972899729,0.8717479674796749,0.9844811095169774,0.9486449864498646,-0.3197181398281654,0.7648161570176945,0.25101626016260165,1.9014227642276422,0.29666741027166377,2.3106932995563274,0.491869918699187,3.8028455284552845,2.0346906935974967,0.40390041476634286,3.780375918116756,20.685714285714287,0.14775510204081632,4.4124489795918365,59.48571428571429,0.4563265306122449,4.3428571428571425,43.385714285714286,150.9857142857143,19.090873015873015,0.39494047619047623,0.042487427113702625,0.27790227162293485,0.012060193058704965,67.13471502590673,0.3478482643829365,0.6064055410883514,5.616580310880829,12.994818652849741,49.056994818652846,5.299438687392056,0.32782815198618315,3.881754870282759,40.92746113989637,0.21205938414454079,0.34464285714285714,4.575800692636044,0.4440443325670318,3.417582814741709,0.08810389162381513,1.4,0.28,1.0400000000000003,7.8,1618.0,6205.2,548.5611111111111,0.30694444444444446,1.0,0.2,0.054998730875433596,0.8432773568794973,0.0038581567916983195,2.321928094887362,0.03571428571428571,834.0,1.676982564679415,0.08216857974125281,1.4778457679655124,0.018853218558796816,0.4577387486278813,0.5727689076374701,17.733067413664955,18.35755975068582,144.5,10.156949651586494,46.55825843349406,0.3222024805086094,140.0,1.0925916347633737,0.9152550396531027,0.25662432542455,23.399031803208512,0.5727689076374701,10.156949651586494,17.733067413664955,11.0,17.0,18.35755975068582,18.35755975068582,144.5,10.156949651586494,1.0925916347633737,0.9152550396531027,46.55825843349406,0.3222024805086094,140.0
"training_set_primary_roi_006.tif","953623e2-9e28-402a-af16-008fe57c09a4","Annotation","nuclei_tumor",277.5388488769531,82.4845962524414,841.0,,,77.0,119.0,7928309.0,1.3638244972656128,26.0,2.2024925600937095,140.0,95.82996432818074,13.31372962090032,92.0,64.0,76.0,10.430285122925824,97.09397607601464,0.4527075242107383,15.615957450931704,7928309.0,0.45459866729065257,243.8581271093094,5.747964934251721,4.92138879499464,0.7376164646557668,1.3174220291725758,0.2047589229805886,0.7309663838705224,0.2047589229805886,0.7313444367064901,0.16283270644041797,0.8976205385097057,0.8976205385097057,0.98795535747173,0.9590482154038823,-0.389405818119156,0.8037538129052347,0.2047589229805886,2.338760175328742,0.3358382910348889,2.147665486009807,0.5144020037570445,4.677520350657482,1.9429065630292177,0.3805452380382911,3.7786652917404098,164.43876337693223,0.19552766156591228,3.9151313268700845,382.31747919143874,0.39825472478406737,5.991676575505351,53.48275862068966,299.0309155766944,11.682685955872639,0.23034746994318933,0.036971130340100106,0.27726236163201795,0.010858251188721524,271.41990291262135,0.3293930860590065,0.686821036384202,6.894417475728155,32.50242718446602,170.12135922330097,7.315095738942825,0.26087176375404536,4.7339314733425715,131.7378640776699,0.1598760486379489,0.24494649227110582,15.835422754265249,0.3731062208045563,2.8977552500321666,0.11548164339149247,7.434782608695652,0.32325141776937616,1.7051039697542534,8.73913043478261,11650.04347826087,52631.69565217391,2754.560990338164,0.4073067632850241,2.9130434782608696,0.1266540642722117,0.3137348848317732,3.198122697441976,0.11649027753957532,3.849223912390625,0.027348394768133173,10313.028355387523,7.051419594948966,0.01684083090491288,1.1328978548018356,0.013073147489487342,0.08048605163277361,0.6304844312651796,41.89660622140244,41.23105625617661,838.5,26.415157945442107,113.76952401183867,0.13568219917929478,841.0,1.1083309872282174,0.9022575489844075,0.38984253187660906,53.99837419065214,0.6304844312651796,26.415157945442107,41.89660622140244,40.0,31.0,41.23105625617661,41.23105625617661,838.5,26.415157945442107,1.1083309872282174,0.9022575489844075,113.76952401183867,0.13568219917929478,841.0
"training_set_primary_roi_006.tif","4d1d9aa5-ef59-4509-bf99-915527b0ba6e","Annotation","nuclei_endothelium",782.4037475585938,81.2284164428711,125.0,,,104.4,125.0,1632131.0,0.5519275534566073,13.0,2.129170023529239,130.0,113.992,6.599808000000006,113.0,100.0,30.0,4.985799999999998,114.26744068193705,0.3050549507878288,7.929182555598024,1632131.0,0.7767679999999999,62.87193600000001,1.3449074074074074,0.7012406337408377,0.4145869502314818,0.345630787037037,0.12268518518518519,0.47605807846771697,0.12268518518518519,0.5370304082776044,0.107633530521262,0.9386574074074073,0.9386574074074073,0.9754629629629629,0.9591049382716049,-0.2064765488489967,0.45871545618311266,0.12268518518518519,1.1354166666666665,0.6582084833676269,1.026089916662297,0.8032407407407407,2.270833333333333,0.9034047314771119,0.11707899305555555,2.859572392987169,27.688,0.221504,3.6439040000000005,97.096,0.11161599999999999,1.384,53.544,63.96,50.94,0.904,0.02745136306374402,0.04705928823381205,0.02254938177122701,73.92561983471074,0.6109555358240557,0.19452223208797212,1.7933884297520661,27.305785123966942,31.322314049586776,26.301652892561982,0.8016528925619835,3.763320825801985,17.06611570247934,0.1410422785328871,0.242,10.230448739840176,0.3151049950130037,0.7048708352333893,0.2176635349579073,1.6666666666666667,0.5555555555555556,0.2222222222222222,3.0,4013.6666666666665,4173.666666666667,3973.6666666666665,0.5,1.0,0.3333333333333333,0.023176204147923703,0.09262064859236814,0.005815093036812589,1.584962500721156,0.024,2277.555555555556,6.188396722325294,0.13116294059817796,0.12198567619047618,0.01315367984761905,0.13576854695328916,0.6292496789510068,16.052664828203014,17.46424919657298,125.5,10.101134189454866,46.38477631085023,0.3695998112418345,125.0,1.1680156763835357,0.8561528926531589,0.2241328892788538,17.848980924042852,0.6292496789510068,10.101134189454866,16.052664828203014,11.0,16.0,17.46424919657298,17.46424919657298,125.5,10.101134189454866,1.1680156763835357,0.8561528926531589,46.38477631085023,0.3695998112418345,125.0
"training_set_primary_roi_006.tif","e0552961-c232-41b3-8a2d-4de20bf65e41","Annotation","nuclei_endothelium",801.9279174804688,97.69911193847656,888.0,,,76.0,114.0,8485049.0,1.4065730880441651,21.0,2.8456258118584223,128.0,96.625,12.02364864864865,99.0,51.0,77.0,8.61281431854855,97.75088419221773,-0.5068855073175288,14.79340175079283,8485049.0,0.4156901834266699,218.84473536036037,5.956780923994039,5.286339948640478,-0.8030856309572185,1.488270148653721,0.256929955290611,0.7055581709972136,0.2515648286140089,0.830883383206358,0.19364509229501536,0.8751117734724293,0.8747540983606558,0.9849811519242571,0.949865871833085,-0.3310487419806253,0.7782312519374365,0.2468703427719821,2.3767511177347243,0.26141586394841876,2.3455166724524545,0.3716840536512668,4.7535022354694485,2.0742022319853817,0.43630002598608303,4.087330286870865,147.47297297297297,0.16607316776235695,3.9556245434623807,369.1328828828829,0.4361253145036929,6.20045045045045,48.520270270270274,308.4301801801802,11.107466841841843,0.24949949949949948,0.04157408950191688,0.29584087346984167,0.010703106759482144,386.34496124031006,0.3743652725196803,0.5342039240430265,6.005813953488372,20.947674418604652,136.0329457364341,4.463514750215332,0.2840156653746769,4.454578643899326,178.89728682170542,0.17335008412955952,0.2905405405405405,9.101270957274203,0.3806020467346409,2.3237506327587285,0.11753074502902316,7.3076923076923075,0.28106508875739644,1.1730769230769231,7.423076923076923,7506.615384615385,40785.46153846154,1613.9818376068376,0.3624465811965812,3.6923076923076925,0.14201183431952663,0.3248363889087562,3.559138963443873,0.04719007232683248,4.085055102756476,0.02927927927927928,6340.130177514793,7.531770969855833,0.01352070619153072,1.3933531610684462,0.016159123464680458,0.0687276149962717,0.380163649146942,55.38532065709825,53.46026561849464,883.5,21.055485610175978,129.36339623984136,0.14642150112036373,888.0,1.2277309378505903,0.8145107117286766,0.3387774574700014,40.77850076662269,0.380163649146942,21.055485610175978,55.38532065709825,24.0,53.0,53.46026561849464,53.46026561849464,883.5,21.055485610175978,1.2277309378505903,0.8145107117286766,129.36339623984136,0.14642150112036373,888.0
"training_set_primary_roi_006.tif","494ab9ef-c601-41e3-afb0-46588e754cbc","Annotation","nuclei_tumor",399.34210205078125,97.85450744628906,1245.0,,,81.0,130.60000000000014,1.4242967E7,1.6953840336314552,30.0,2.3655689021114297,168.0,105.2859437751004,15.773733972032698,104.0,57.0,111.0,11.997549810558521,106.95856270792996,0.17482389294907333,18.841554604983667,1.4242967E7,0.34077837454234605,355.0041799325813,7.9886982000837135,11.638005132981984,0.6616147358464289,2.2566050253700465,0.303683549602344,0.7627739680823915,0.29573043114273756,0.9013168461269075,0.21622706169847464,0.8534603041718989,0.8529300962745918,0.988383150891631,0.9509009547728678,-0.36086274371895033,0.8390481072616036,0.2887714524905818,2.738698200083717,0.1957453856196278,2.7648856056744964,0.30912515696944326,5.477396400167434,2.4406877930216044,0.6400721437430975,4.386880717813733,192.95180722891567,0.15498137126820535,3.8651995935549426,424.2690763052209,0.6427960839341301,8.23293172690763,45.28915662650602,347.19036144578314,8.458972556894242,0.18008322177599284,0.042202820225219345,0.38768990360535105,0.008535268145065632,532.249373433584,0.33348958235186965,0.6896482277121375,9.058270676691729,18.51378446115288,132.1015037593985,3.5772500696184903,0.17207184628237263,4.46933358811128,331.13408521303256,0.207477497000647,0.3204819277108434,8.777507678971864,0.4218735413942444,4.125974265678978,0.06960518453690838,7.333333333333333,0.24444444444444444,1.6666666666666667,10.666666666666666,15274.166666666666,105015.66666666667,2667.2814722222224,0.26673148148148146,4.0,0.13333333333333333,0.3491684973982138,3.243764944006762,0.11443836688344992,4.6150610122030695,0.024096385542168676,13551.916666666666,8.14101769071883,0.009990154377116214,2.5427793645069174,0.01632922096220084,0.08545827498816694,0.6012338889236731,51.500996474832014,52.81098370604357,1236.0,30.964144394007633,134.31589658763502,0.10866981924565941,1245.0,1.0777381293365407,0.9278691852682279,0.44797359005645504,71.30287947950575,0.6012338889236731,30.964144394007633,51.500996474832014,36.0,50.0,52.81098370604357,52.81098370604357,1236.0,30.964144394007633,1.0777381293365407,0.9278691852682279,134.31589658763502,0.10866981924565941,1245.0
"training_set_primary_roi_006.tif","632e736c-39ae-4b9c-8345-74f854289da5","Annotation","nuclei_tumor",520.9489135742188,114.52879333496094,1675.0,,,80.0,127.0,1.8515543E7,1.6686349909802167,25.0,2.9279409350077907,161.0,103.55044776119404,14.609896903541985,103.0,61.0,100.0,10.524876264361312,105.13826859135574,0.3973253508318983,18.203304393551356,1.8515543E7,0.3643633771441301,331.3602908442861,7.545524930318985,14.060275263477639,1.1954601467096402,2.1395002379047656,0.24899349643852584,0.7915058408080892,0.24775472282440383,0.8129502066481759,0.1876110937567287,0.8763291008568185,0.8762465159492103,0.9904331846750231,0.9587370408057929,-0.4130982927705785,0.8639709054606215,0.24667079591204705,2.6594921028182097,0.22936971014366261,2.6355841481368105,0.33555280272530197,5.31898420563642,2.3814426221815896,0.5971234335858229,4.317108150606882,288.4185074626866,0.1721901537090666,3.5394338159946526,610.3086567164179,0.6048114056582756,7.745671641791045,49.85253731343283,375.7444776119403,9.135340132669983,0.19238590381426202,0.036416874433576635,0.29343108691237696,0.008573213129025025,591.575625680087,0.32185833823726173,0.7696471894866089,8.140369967355822,22.126224156692057,164.01088139281828,4.027945230322815,0.21013344819247967,4.851818982344027,287.33949945593037,0.15633269828940716,0.27432835820895524,8.838255614455319,0.3444798763183013,2.971122405368647,0.08055102967087957,8.18918918918919,0.22132943754565376,1.5588020452885323,9.45945945945946,14484.18918918919,88697.18918918919,2855.2974849849847,0.2941591591591591,4.405405405405405,0.11906501095690285,0.3149079836389529,2.4517070628936617,0.10499081002211676,4.756618568273183,0.02208955223880597,12434.791818845872,9.794965012062569,0.007763129923163057,2.296009596665491,0.013858434479545122,0.07066736757750355,0.648971054514852,58.012451219293226,56.71860364994893,1673.0,37.648401642776136,161.52688791060035,0.09654924561303069,1675.0,1.1140172692865462,0.8976521527717728,0.45978390663418234,75.11207819736109,0.648971054514852,37.648401642776136,58.012451219293226,43.0,56.0,56.71860364994893,56.71860364994893,1673.0,37.648401642776136,1.1140172692865462,0.8976521527717728,161.52688791060035,0.09654924561303069,1675.0
"training_set_primary_roi_006.tif","0573f225-6675-48b1-95bd-77e4a749219b","Annotation","nuclei_tumor",200.54940795898438,100.13176727294922,599.0,,,60.0,101.0,3725888.0,1.39924747672571,21.0,3.124211758168659,127.0,77.28881469115191,12.685722726525276,74.0,55.0,72.0,9.221774193548377,78.86811967139089,0.9113153604746782,15.70412124690885,3725888.0,0.4160216944768828,246.61942413761398,2.7054400707651487,6.144344975488731,1.4935153010071476,1.5020708625636994,0.205218929677134,0.7595968410169169,0.2043343653250774,0.7341952689562706,0.16346639682433184,0.8979802447294709,0.8979212737726673,0.9879439082134401,0.9591626124133865,-0.4007537414159199,0.8087971240678343,0.20356037151702788,1.5431225121627599,0.31346431354030946,2.118523957940167,0.4763379035824856,3.0862450243255193,1.909900984758127,0.42682244806020825,3.5911323779265056,131.6143572621035,0.21972346788331137,3.89639382275969,249.19699499165276,0.4768604323845251,3.040066777963272,53.03672787979966,122.47245409015025,38.43064830272676,0.6199452791689852,0.03423943665452331,0.19779575989797393,0.01391216447238637,213.91610738255034,0.35891964325931264,0.560222512499437,4.614093959731544,33.52684563758389,65.82214765100672,26.754753914988818,0.4082774049217003,4.384553401004711,98.21812080536913,0.1647955047069952,0.24874791318864775,17.365366424935807,0.3699255759655791,2.32917192312842,0.0960434724521469,5.0,0.45454545454545453,0.6280991735537189,9.090909090909092,13301.181818181818,27912.636363636364,9777.213383838385,0.1957070707070707,1.5454545454545454,0.14049586776859505,0.3100624530622842,4.063272624788934,0.02561410330552487,3.277613436819116,0.018363939899833055,10335.884297520663,8.525534592762437,0.024514837308565532,1.320609602062565,0.01525468144644069,0.17639571585511973,0.8688518542359407,29.89983678150037,30.083217912982647,597.0,25.978528628958575,90.1312764815357,0.1509736624481335,599.0,1.0405990479388452,0.9609849268848926,0.3936281164675529,55.05217355480811,0.8688518542359407,25.978528628958575,29.89983678150037,29.0,26.0,30.083217912982647,30.083217912982647,597.0,25.978528628958575,1.0405990479388452,0.9609849268848926,90.1312764815357,0.1509736624481335,599.0
"training_set_primary_roi_006.tif","9b6f6e58-f27c-4e7d-92d6-f856f98cd57f","Annotation","nuclei_tumor",242.83457946777344,104.28874969482422,397.0,,,89.0,127.40000000000003,4732500.0,1.4247452803182856,25.0,1.971645338335878,143.0,108.23173803526448,12.370676801451753,108.0,81.0,62.0,9.797187527294952,109.18175173461356,0.10421767870984769,14.371701141642006,4732500.0,0.4038157719419576,206.54579370467414,3.416102841677943,4.645739566652935,0.3211812351488106,1.4360425619963342,0.2070365358592693,0.7479895689386173,0.2070365358592693,0.7357798685934949,0.16417240867866278,0.8964817320703653,0.8964817320703653,0.9792963464140729,0.9482408660351827,-0.4034935669922332,0.8183782517914164,0.2070365358592693,1.76319350473613,0.2868192213813422,2.1917870840794746,0.42963464140730717,3.52638700947226,1.9847505482202052,0.4107697744639008,3.865388033679772,74.3249370277078,0.18721646606475517,4.0462537037859505,160.3148614609572,0.44408631486780564,3.760705289672544,51.71536523929471,163.5743073047859,27.649314301707257,0.4749510215505178,0.04358436930607675,0.24863541509989576,0.013662837645968401,153.8221153846154,0.369764700443787,0.51256818602071,4.997596153846154,25.692307692307693,78.47596153846153,14.152377136752136,0.35850694444444453,4.310454722593133,67.19711538461539,0.1615315273668639,0.2619647355163728,11.120469674556212,0.3693558504647146,2.3921622573997623,0.0950594517042361,7.857142857142857,0.5612244897959183,0.3724489795918368,7.357142857142857,4301.214285714285,13897.357142857143,1971.9404761904764,0.20436507936507936,2.5714285714285716,0.1836734693877551,0.4072585121882209,2.950998667031867,0.06509620634554221,3.182005814760214,0.03526448362720403,3497.086734693877,10.297550366300364,0.03370005095227808,0.547421779956049,0.030504189720342172,0.08380959642018282,0.9363655388118602,23.361425492162198,25.059928172283335,400.0,21.87483376838158,73.08166114324696,0.1827041528581174,397.0,1.0307977991346686,0.970122366228835,0.3612205416777701,46.360394750822316,0.9363655388118602,21.87483376838158,23.361425492162198,22.0,24.0,25.059928172283335,25.059928172283335,400.0,21.87483376838158,1.0307977991346686,0.970122366228835,73.08166114324696,0.1827041528581174,397.0
"training_set_primary_roi_006.tif","a7a42ac0-eeb7-437a-949c-e673d9830e0d","Annotation","nuclei_tumor",39.72675704956055,103.85601043701172,296.0,,,104.0,139.5,4417762.0,1.207769432274865,22.0,2.2384621135324765,148.0,121.39864864864865,11.586422571219886,120.5,86.0,62.0,8.906115387331408,122.16739180985088,-0.07687355822007107,13.683556844021922,4417762.0,0.464458546384222,187.23972790357917,5.940202391904323,2.3849651137504284,-0.16248762016150053,1.054457251332762,0.1784728610855566,0.7104898983519954,0.1784728610855566,0.6767248124812607,0.14662029894149223,0.9107635694572218,0.9107635694572218,0.9821527138914443,0.9553817847286108,-0.3814831030711085,0.7693009425348009,0.1784728610855566,2.3919043238270468,0.338447437263503,1.900848115007518,0.44894204231830726,4.783808647654094,1.7223752539219617,0.3082325281045796,3.63492359410869,59.32432432432432,0.2004200146092038,3.6610208181154125,137.47972972972974,0.3238563732651571,5.996621621621622,53.13513513513514,327.4493243243243,10.607638888888888,0.22381756756756757,0.02985299712978284,0.1813191662112793,0.007984596448654816,119.5360824742268,0.41077691571899244,0.4295178375314415,5.714776632302406,25.61512027491409,162.8316151202749,4.965063001145475,0.27567773959526537,4.363546883300565,38.738831615120276,0.13312313269800782,0.24577702702702703,9.060568486437333,0.30609961246045664,1.7997882150851232,0.1066949659553395,2.3333333333333335,0.3888888888888889,0.8055555555555555,5.5,6411.333333333333,37047.833333333336,1295.5416666666667,0.4305555555555555,1.3333333333333333,0.2222222222222222,0.03119807514736989,0.2165009469379305,0.010606049837505932,2.584962500721156,0.02027027027027027,3977.5555555555547,4.811472602739724,0.042136730844514046,0.622414716341888,0.02001221554040163,0.12424352410901346,0.8620533032180036,20.995160994268765,21.587033144922902,294.0,18.098947886703172,63.5478693222461,0.21614921538178947,296.0,1.0454960505811899,0.9564837661931878,0.32743183603139253,38.09290142634324,0.8620533032180036,18.098947886703172,20.995160994268765,20.0,21.0,21.587033144922902,21.587033144922902,294.0,18.098947886703172,1.0454960505811899,0.9564837661931878,63.5478693222461,0.21614921538178947,296.0
"training_set_primary_roi_006.tif","7dd79d3d-cedb-4a93-8240-1e8b775a67b3","Annotation","nuclei_lymphocyte",880.7401733398438,105.76332092285156,401.0,,,52.0,112.0,2593442.0,1.9073941538995476,29.0,3.6283982305381293,158.0,76.88279301745636,18.83784304823977,69.0,36.0,122.0,12.860997078832682,80.42037309648319,0.9991701440416982,23.58967034132778,2593442.0,0.3330265359046275,556.4725468125195,6.8316566063044935,35.76931888341253,4.9524230664882545,3.091996198069257,0.33132126089872577,0.8064326403437863,0.31120053655264923,0.9462818342289573,0.2344754869480689,0.8477531857813548,0.846411804158283,0.991126941831167,0.9559020791415157,-0.3986201351238092,0.8744967460407377,0.2935949027498323,2.4782025486250836,0.23155184179073995,2.9066898153514225,0.4352783366867874,4.956405097250168,2.5491210432966156,0.8558293647419953,4.208933683929654,62.885286783042396,0.15682116404748728,5.255452391465227,133.5436408977556,0.9831033389095838,7.593516209476309,43.65835411471322,237.5137157107232,11.58916251039069,0.24128775284012197,0.06162610724071656,0.9097837440601068,0.010822224885561912,130.6405693950178,0.23245652917262952,1.3992857233317715,10.722419928825623,16.95729537366548,91.99644128113879,4.228147489126137,0.20430852115460657,4.462651364332264,151.74021352313167,0.270000379934398,0.35037406483790523,8.811451222755537,0.5275755290755045,7.236899777592051,0.0772467591975865,3.7777777777777777,0.20987654320987653,2.555555555555556,16.0,2806.6111111111113,14754.722222222223,634.7589969135802,0.2289814814814815,4.222222222222222,0.2345679012345679,0.4614189058990424,10.29104316181933,0.0749267296170116,3.5304930567574826,0.04488778054862843,2310.311728395062,1.8517760492831086,0.03821900177876527,3.7572316240113874,0.01721860958446463,0.5424975766563657,0.6699542775410982,27.652763296890644,28.844410203711913,403.5,18.526087056583364,75.35238394643885,0.18674692427865885,401.0,1.058206184193439,0.9449954223828285,0.3480351496616798,43.037641267535335,0.6699542775410982,18.526087056583364,27.652763296890644,23.0,25.0,28.844410203711913,28.844410203711913,403.5,18.526087056583364,1.058206184193439,0.9449954223828285,75.35238394643885,0.18674692427865885,401.0
"training_set_primary_roi_006.tif","1758eed1-0b85-4b35-b320-b9d7489d9f57","Annotation","nuclei_endothelium",763.3927001953125,106.85570526123047,182.0,,,93.1,117.0,2042826.0,0.932522716824782,12.0,2.9564757865769042,131.0,105.52747252747253,7.399589421567446,106.0,83.0,48.0,5.037999624695063,105.94488511164039,-0.061792190133069316,9.395276647454951,2042826.0,0.6065088757396451,88.27122328221233,3.139103554868625,0.9594327169709914,-0.3649976429074531,0.5961983617170197,0.2627511591962906,0.38820349089452794,0.2534775888717156,0.8427051748417266,0.1985002711360721,0.8748068006182381,0.8741885625965997,0.9741528950184283,0.9370942812982999,-0.12405647585187464,0.45379695251872615,0.2453632148377125,1.7480680061823806,0.40775162502478446,1.743423213324723,0.5996908809891809,3.4961360123647607,1.4553403300536165,0.21473738022832764,3.5788622981562757,27.75824175824176,0.1525178118584712,4.070764400434729,110.38461538461539,0.21232339089481944,3.401098901098901,44.27472527472528,153.85164835164835,16.941544566544565,0.4241452991452992,0.04769467580479485,0.22607982122437903,0.018360904712414066,119.64462809917356,0.49439928966600644,0.3104296154634246,3.3801652892561984,15.743801652892563,55.93388429752066,5.778925619834711,0.4738292011019284,3.6773930790238563,49.917355371900825,0.20627006352025135,0.3324175824175824,6.69414657468752,0.42462837701934186,1.5911771809845465,0.19841817327321967,2.7142857142857144,0.3877551020408163,0.8571428571428571,4.857142857142857,2761.1428571428573,10578.714285714286,807.7023809523808,0.511904761904762,1.2857142857142858,0.1836734693877551,0.3396810776136587,2.911133164621301,0.053960913004605135,2.5216406363433186,0.038461538461538464,2085.1428571428573,3.2821809246954587,0.053731525834045925,0.8026617624173059,0.016400620902527398,0.1315815186591713,0.5086483140394944,21.44575957884237,22.20360331117452,182.5,10.90834945307451,54.27947945798941,0.29742180524925704,182.0,1.1334420161776138,0.8822683346188016,0.25747461728917487,23.554348083417132,0.5086483140394944,10.90834945307451,21.44575957884237,11.0,22.0,22.20360331117452,22.20360331117452,182.5,10.90834945307451,1.1334420161776138,0.8822683346188016,54.27947945798941,0.29742180524925704,182.0
"training_set_primary_roi_006.tif","d988e365-2a29-4c92-8f38-e52f072a9e1e","Annotation","nuclei_tumor",314.6324462890625,116.52615356445312,691.0,,,83.0,127.0,8160006.0,1.5984271044575717,26.0,3.8127926043841915,178.0,107.07959479015919,14.773534444302477,107.0,71.0,107.0,10.696269132652967,108.66913631149353,0.6293943973094182,18.518681547596078,8160006.0,0.3894458627673143,342.94156626127545,8.033231474407943,15.639539730021045,1.8621838112403932,1.9533686104485548,0.2345301757066463,0.7856114942878258,0.23376623376623376,0.787950111192978,0.17988352365739685,0.8832442067736184,0.8831932773109241,0.9936644436644438,0.9666184655680454,-0.4132906576068931,0.8516598224855852,0.2330977845683728,2.7574484339190217,0.2631414500656849,2.4804453912276143,0.4045072574484339,5.514896867838045,2.242671570425586,0.5469746965388003,4.1313911817831395,119.77858176555716,0.17334092874899734,3.8998326634986524,269.10709117221415,0.5784774682133949,8.347322720694645,50.26193921852388,380.19102749638205,8.421957710242804,0.16315082810741277,0.04057864308557748,0.4541361901061009,0.005603329073365393,239.35667107001322,0.31619111105682063,0.8242436510664882,9.871862615587848,24.20871862615588,181.7542932628798,4.0148877146631445,0.1547185527667694,4.747026675919154,128.95244385733156,0.17034668937560313,0.2738784370477569,10.877055888763438,0.3767043235303352,4.435462257447869,0.05330395777938292,9.1,0.455,1.2275000000000003,14.55,8703.45,66140.2,1322.2675555555556,0.13706944444444444,2.9,0.145,0.3435318418036873,5.134190144080796,0.031176564392442353,3.5414460711655216,0.02894356005788712,7509.7474999999995,2.587680020673568,0.019583056735533722,3.5350253043246194,0.008631118221875542,0.3106215753512787,0.9562982716600741,30.521355234848595,33.1058907144937,691.5,29.187519259808866,98.43443300520221,0.14234914389761708,691.0,1.0559564804343722,0.9470087248185132,0.39948150929593,56.701638681766546,0.9562982716600741,29.187519259808866,30.521355234848595,30.0,30.0,33.1058907144937,33.1058907144937,691.5,29.187519259808866,1.0559564804343722,0.9470087248185132,98.43443300520221,0.14234914389761708,691.0
"training_set_primary_roi_006.tif","35987b4b-35db-4bb7-8a30-d203562f554f","Annotation","nuclei_tumor",51.68737030029297,111.72463989257812,160.0,,,112.8,134.0,2464223.0,1.199832002754019,10.0,5.056476393741707,138.0,123.71875,7.333984375,125.5,87.0,51.0,4.8393021120293795,124.10235191163784,-1.3599479150110096,9.750110175659556,2464223.0,0.469453125,95.0646484375,6.67605633802817,2.7830788919473664,-0.7741694164191637,0.9832374528863321,0.27464788732394363,0.5633180886295537,0.27112676056338025,0.8558624268450797,0.20113816703035112,0.8650234741784038,0.8647887323943662,0.972697724810401,0.9323943661971832,-0.2160254374040722,0.6253723262833674,0.2680457746478873,2.549295774647887,0.30675492213846456,2.0483797776554504,0.4647887323943662,5.098591549295775,1.7638771188708642,0.31447133505256886,3.6812563253688837,24.8875,0.155546875,3.48984375,75.1125,0.33746093750000006,6.61875,41.775,308.75625,6.9046875,0.20642361111111113,0.03652792048532376,0.20624010101725876,0.010377255517368983,97.90666666666667,0.4351407407407407,0.38151111111111113,5.702222222222222,12.906666666666666,97.33333333333333,2.1111111111111107,0.2590123456790124,3.716360487809779,48.27111111111111,0.21453827160493827,0.3515625,4.815802469135803,0.4088511974748747,1.9728150982615265,0.1345686858648352,2.2,0.44,0.4,4.4,1927.2,15423.4,274.0388888888889,0.37222222222222223,1.0,0.2,0.012565462250948062,0.03814608327601353,0.006199003046105019,2.321928094887362,0.03125,903.2,2.6681316008893825,0.0583337131101114,0.8480217976262141,0.02751327728337344,0.19324369543394276,0.7050877729876861,17.183203755931913,17.72004514666935,161.0,12.115666869063677,48.44862485847881,0.3009231357669491,160.0,1.077118746968632,0.928402743721925,0.26935730461658974,25.778625731726116,0.7050877729876861,12.115666869063677,17.183203755931913,14.0,17.0,17.72004514666935,17.72004514666935,161.0,12.115666869063677,1.077118746968632,0.928402743721925,48.44862485847881,0.3009231357669491,160.0
"training_set_primary_roi_006.tif","84a1dce7-22a3-4a85-9f37-a40ad79188d5","Annotation","nuclei_tumor",292.10137939453125,112.34697723388672,86.0,,,80.0,104.0,717078.0,0.7401470427139039,11.75,3.225022108134306,120.0,90.81395348837209,7.741481882098427,88.0,76.0,44.0,5.746478873239437,91.31328643231372,0.7588452612685174,9.53635836583114,717078.0,0.66901027582477,90.94213088155757,1.3473684210526315,0.5613890960411997,0.3419298137618592,0.3242351492767005,0.16842105263157894,0.3162734906037586,0.16842105263157894,0.6540800387941992,0.14005540166204986,0.9157894736842105,0.9157894736842105,0.966315789473684,0.9438596491228068,-0.09487445663772973,0.32654990530074074,0.16842105263157894,1.143859649122807,0.6136164973838103,1.1321366869072045,0.7719298245614035,2.287719298245614,0.9637156342756255,0.12316405047706985,2.801840566307456,18.41860465116279,0.21416982152514874,6.017306652244456,57.53488372093023,0.16549486208761494,1.627906976744186,48.41860465116279,54.48837209302326,46.901162790697676,0.8430232558139535,0.06606099158009457,0.21202029390567595,0.02957116599869922,53.54205607476636,0.500393047427723,0.24980347628613853,2.542056074766355,17.869158878504674,21.401869158878505,16.985981308411215,0.6144859813084113,2.9470612782193384,28.289719626168225,0.2643899030483012,0.311046511627907,7.533234343610795,0.5083601999088557,1.8204707918091672,0.1803325519337778,4.333333333333333,0.7222222222222222,0.13888888888888887,3.5,787.0,836.0,774.75,0.375,1.6666666666666667,0.2777777777777778,0.35680687716262977,1.4271193771626296,0.08922875216262977,1.9182958340544893,0.06976744186046512,581.5555555555555,10.453645833333336,0.1285436699716008,0.1809176131242113,0.034285660382104725,0.11225444340505143,0.5616671393193594,14.323644426945279,14.317821063276353,85.5,8.04512038991004,40.35848547237225,0.472029069852307,86.0,1.2312517783690498,0.8121815680336542,0.18814335672536886,12.577085764950864,0.5616671393193594,8.04512038991004,14.323644426945279,14.0,9.0,14.317821063276353,14.317821063276353,85.5,8.04512038991004,1.2312517783690498,0.8121815680336542,40.35848547237225,0.472029069852307,86.0
"training_set_primary_roi_006.tif","265cfa1d-8164-463f-b1f3-0271348ae256","Annotation","nuclei_endothelium",785.1788330078125,117.34959411621094,81.0,,,59.0,87.0,422458.0,1.0549826109412934,15.0,3.8667863662037245,107.0,71.33333333333333,8.872427983539106,68.0,53.0,54.0,6.240285654274315,72.21863238941548,1.0520741679458747,11.27326127405404,422458.0,0.5531169029111415,127.0864197530865,1.775735294117647,2.460939419931684,0.9292878706683795,0.7524735077854671,0.2536764705882353,0.4957481965098941,0.2316176470588235,0.8244159490556631,0.20002973615916955,0.8878676470588234,0.8863970588235293,0.9756504524886875,0.9431985294117646,-0.18024794846544456,0.5369721332548487,0.2123161764705882,1.2849264705882353,0.4446772275086504,1.7170664321450504,0.6397058823529411,2.5698529411764706,1.4403807741246792,0.25153749459342556,3.4186272719366717,12.901234567901234,0.15927450083828684,5.093126047858557,44.80246913580247,0.30025910684346896,2.111111111111111,43.96296296296296,63.123456790123456,39.40603566529492,0.7633744855967078,0.056718620232729576,0.21620272972014598,0.025230461326048476,47.357142857142854,0.42283163265306123,0.40816326530612246,3.107142857142857,13.303571428571429,20.428571428571427,11.700892857142858,0.572420634920635,3.4277355075533045,25.446428571428573,0.2272002551020408,0.345679012345679,4.934948979591836,0.4633375147347299,2.0837665821950475,0.1486182549243242,2.2,0.44,0.4,4.4,690.2,888.2,642.7,0.37222222222222223,1.0,0.2,0.23547803925491761,1.0528319416001695,0.05583092169329605,2.321928094887362,0.06172839506172839,427.75999999999993,3.2493920972644377,0.13259435947804127,0.7375196582729538,0.022813631633189807,0.4533568322336135,0.8089999677408645,11.496938319543395,12.806248474865697,82.0,9.301022729629313,35.77269903474535,0.43625242725299207,81.0,1.114396785057312,0.8973464509309144,0.21622771204039948,16.61211588579205,0.8089999677408645,9.301022729629313,11.496938319543395,10.0,10.0,12.806248474865697,12.806248474865697,82.0,9.301022729629313,1.114396785057312,0.8973464509309144,35.77269903474535,0.43625242725299207,81.0
"training_set_primary_roi_006.tif","3b93bdea-f3a0-4fc5-9497-ff65d2d1bcb6","Annotation","nuclei_endothelium",775.03955078125,119.93220520019531,89.0,,,80.0,113.4,868599.0,1.2038641886689074,17.0,2.759183463593359,134.0,97.98876404494382,10.124479232420146,99.0,73.0,61.0,7.916088888888888,98.79038073538688,0.2593549831368393,12.5595161844325,868599.0,0.47153137230147707,157.7414467870219,6.099337748344371,1.7507488902351809,0.23941612878022256,0.8614973027498793,0.3509933774834437,0.4210374014323954,0.3509933774834437,0.9349520981652115,0.22779702644620853,0.824503311258278,0.824503311258278,0.979353330736268,0.9298013245033113,-0.12498868262492223,0.5044332015208436,0.3509933774834437,2.4437086092715234,0.2612056488750494,2.202489507000321,0.38079470198675497,4.887417218543046,1.851496129516878,0.30312267005833077,3.8819719840547084,12.932584269662922,0.14530993561419012,3.8139123847998992,41.96629213483146,0.31662668854942555,6.426966292134831,33.02247191011236,198.58426966292134,6.429151061173533,0.19335205992509363,0.0833614639155704,0.5550430708071826,0.022994812874056088,69.8125,0.436328125,0.38609375,6.825,7.225,44.7625,1.39140625,0.19457465277777777,3.3746657356427088,44.85,0.2803125,0.449438202247191,2.274375,0.5202758487654321,3.8662027391975307,0.10284615054869684,2.142857142857143,0.30612244897959184,0.816326530612245,7.428571428571429,489.0,2891.714285714286,96.43650793650794,0.27083333333333337,2.142857142857143,0.30612244897959184,0.5001777421043332,2.894119257658955,0.20067396717413347,2.8073549220576046,0.07865168539325842,327.34693877551024,1.3656558591178405,0.07508082034533563,2.198781788558985,0.01781836877085809,0.41726552738839157,0.7836583765863505,12.171932208575871,13.416407864998739,88.5,9.53863663449168,35.99656146141883,0.4067408074736591,89.0,1.0794050604977783,0.9264362717910922,0.23119413288258658,18.991351124049324,0.7836583765863505,9.53863663449168,12.171932208575871,10.0,12.0,13.416407864998739,13.416407864998739,88.5,9.53863663449168,1.0794050604977783,0.9264362717910922,35.99656146141883,0.4067408074736591,89.0
"training_set_primary_roi_006.tif","66989d32-5611-4ca6-b0a6-1e05b7792b1a","Annotation","nuclei_tumor",75.08378601074219,128.60447692871094,1021.0,,,75.0,128.0,1.0560587E7,1.8051059080029845,29.0,2.675369698439289,158.0,99.68560235063663,16.622573363864277,96.0,62.0,96.0,12.488373193732277,101.70238985324248,0.5533122305368611,20.153331879658733,1.0560587E7,0.33490336623367656,406.156785851669,6.796762589928057,22.641033658966343,2.4861273350042747,2.734254667914472,0.25770811921891057,0.8277330718636229,0.25770811921891057,0.8232681618553173,0.1912946445075623,0.8711459403905445,0.8711459403905445,0.9900881492608115,0.9570486467968483,-0.44268895764927735,0.8919647844402663,0.25770811921891057,2.4854830421377185,0.21585529623577607,2.7926097363957822,0.38437821171634123,4.970966084275437,2.5349016171768715,0.7479906967833456,4.379586605392976,170.5788442703232,0.1670703665723048,3.388233962401709,341.9363369245837,0.7510660075726108,7.101860920666014,47.732615083251716,306.51616062683644,11.791826096419635,0.24428773533572745,0.035606055278062175,0.3164388580549208,0.00807476013277868,342.01589958158996,0.28620577370844347,0.9291546016351255,8.203347280334729,21.8092050209205,132.98577405857742,5.1970980939098075,0.2404816364481636,4.743810822801609,215.79832635983263,0.1805843735228725,0.2926052889324192,10.129398294847778,0.35612486018845774,3.4137224412104636,0.08015379850957471,5.0,0.25,1.4900000000000002,9.9,15043.85,92909.05,3063.6939444444442,0.28915277777777776,2.7,0.135,0.3141029006938326,4.2443456883099495,0.040489724159120756,3.821928094887362,0.019588638589618023,12437.747500000001,7.07818073390405,0.013506189588860747,2.3608141962707534,0.018369082771839067,0.11939435660507851,0.49299959137642757,51.78060307361638,50.96076922496363,1018.5,25.527816156517865,127.35200749680365,0.12503878988395056,1021.0,1.1256939879033045,0.8883408908157894,0.3998318662408577,56.80114028015028,0.49299959137642757,25.527816156517865,51.78060307361638,50.0,27.0,50.96076922496363,50.96076922496363,1018.5,25.527816156517865,1.1256939879033045,0.8883408908157894,127.35200749680365,0.12503878988395056,1021.0
"training_set_primary_roi_006.tif","43a59306-54d4-41f9-ade9-cd4a41901a40","Annotation","nuclei_tumor",563.2123413085938,140.97825622558594,921.0,,,66.0,110.0,6781744.0,1.473184030067089,19.0,2.7744573219818283,130.0,84.40173724212812,12.382429050234684,82.0,57.0,73.0,8.89489203033335,85.81058857643946,0.6845035467260219,15.48560177538235,6781744.0,0.401905826292292,239.80386234572495,3.7744146202170192,6.391186648743522,0.5915561813313135,1.604674949551549,0.1856082238720731,0.792649311988865,0.18446601941747573,0.6941043948572123,0.15158051155234456,0.9079573577003617,0.907881210736722,0.9891020257331945,0.963144869598325,-0.4616347089502985,0.8577006661903072,0.18346659051970304,1.8492290119931467,0.28680429327974766,2.2168705314927024,0.45088520845231295,3.698458023986294,2.027740201652507,0.4475707933559056,3.862619691308021,202.37242128121608,0.21973118488731386,3.2886031210469664,370.1552660152009,0.46750157089789346,4.01628664495114,55.219326818675356,210.16612377850163,25.3188864760526,0.4452135360115816,0.030906315475882715,0.1876161801532452,0.01220287277427783,296.17191283292976,0.35856163781226363,0.5931968880628954,4.612590799031477,34.06537530266344,127.14769975786925,15.957307640570352,0.41460687382297545,4.835593908433263,101.9322033898305,0.12340460458817253,0.22421281216069489,14.173343339059258,0.2763086277975224,1.7207975161917008,0.09871181489062561,4.733333333333333,0.31555555555555553,1.7155555555555557,7.8,21073.8,77770.86666666667,7940.737037037037,0.45972222222222225,2.466666666666667,0.16444444444444445,0.36677540561302807,4.650671423503136,0.09738406849256416,3.3735572622751846,0.016286644951140065,17303.84,9.344562977541097,0.015974065867438915,1.2342495480802707,0.014032177722813764,0.1011514671774178,0.565093381639457,46.12267805367421,43.86342439892262,920.0,26.063620111618725,119.20455180731403,0.12957016500795004,921.0,1.108648805743001,0.90199889705362,0.3988169723739551,56.51314939765834,0.565093381639457,26.063620111618725,46.12267805367421,42.0,34.0,43.86342439892262,43.86342439892262,920.0,26.063620111618725,1.108648805743001,0.90199889705362,119.20455180731403,0.12957016500795004,921.0
"training_set_primary_roi_006.tif","0ca19368-1a77-4c75-9917-7cd5368c4720","Annotation","nuclei_endothelium",750.7653198242188,137.34246826171875,183.0,,,54.2,107.60000000000002,1360345.0,1.8652245097588918,31.0,2.5303153074362013,138.0,83.83060109289617,16.736779240944816,83.0,45.0,93.0,12.35091557669441,86.21820709671871,0.08036703412621764,20.14967879089868,1360345.0,0.30586162620561974,406.00955537639203,8.581430745814306,14.777751384645939,0.2664124266110889,2.5722149246262584,0.4611872146118723,0.6959274151974433,0.41856925418569263,1.0847802879007227,0.28598699406230527,0.7974378488077118,0.7949771689497717,0.9826524628964266,0.9312259911574982,-0.26722860296422773,0.789645681337631,0.3848723152376121,2.837899543378995,0.14600056990749427,3.1673651110034475,0.2374429223744292,5.675799086757991,2.647921850313745,0.7583505348095327,4.68167097373491,23.16393442622951,0.12657887664606288,4.948729433545343,55.97267759562842,0.794648989220341,9.245901639344263,33.21857923497268,285.94535519125685,5.389151487553127,0.17424863387978143,0.08762197415902202,0.990016809749603,0.017490684292336647,94.8813056379822,0.2815469010029145,0.9554543933643864,9.919881305637983,7.70326409495549,67.5727002967359,1.270323112429937,0.18382542037586552,3.9742215653045383,114.09198813056379,0.33855189356250387,0.4603825136612022,2.98521603606618,0.5983487753799551,6.4289119306768425,0.11315381816464269,3.0,0.23076923076923078,1.7514792899408285,12.692307692307692,669.0,5667.384615384615,104.31668803418803,0.23091880341880344,3.0,0.23076923076923078,0.44573898469310613,5.8986168922396995,0.10692375369804598,3.3927474104487847,0.07103825136612021,470.8402366863905,1.4181874209860934,0.057096438826915556,3.155594886444003,0.02762196164520588,0.44069284868164915,0.7118674710753851,18.125659785839243,19.026297590440446,182.5,12.903067593318188,50.62762700299411,0.2774116548109266,183.0,1.0571855183131376,0.9459077736853757,0.2858291874828584,29.027885120234814,0.7118674710753851,12.903067593318188,18.125659785839243,13.0,19.0,19.026297590440446,19.026297590440446,182.5,12.903067593318188,1.0571855183131376,0.9459077736853757,50.62762700299411,0.2774116548109266,183.0
"training_set_primary_roi_006.tif","e25b32b5-ccc6-4b87-b4ba-b16ae708a1d7","Annotation","nuclei_tumor",7.2652506828308105,143.8404083251953,306.0,,,108.0,129.0,4335957.0,0.9408220820440344,11.0,3.1259293113709887,143.0,118.74183006535948,6.538809859455747,119.0,96.0,47.0,4.593482643132652,119.03694433933971,-0.1836460249674888,8.37686757543361,4335957.0,0.6029091375112137,70.171910376351,4.9106344950848975,1.404751707323959,0.3725064937048729,0.6291874607179109,0.18498659517426272,0.5455846478145167,0.18498659517426272,0.6908651939695979,0.15076655478009615,0.9075067024128687,0.9075067024128687,0.9815013404825736,0.9537533512064343,-0.23939091707768992,0.5941132761652819,0.18498659517426272,2.190795352993744,0.4771978204080785,1.6009483150942736,0.6675603217158177,4.381590705987489,1.4159617199200107,0.20354351397304338,3.326427099253202,62.73202614379085,0.20500662138493742,4.312187620146098,184.49019607843138,0.21491733948481354,5.124183006535947,52.76470588235294,246.73856209150327,12.481118373275235,0.23402323892519972,0.03528739582252654,0.2201297134079969,0.007899440354559747,140.96794871794873,0.4518203484549638,0.3463901216305062,6.048076923076923,29.71153846153846,132.26282051282053,7.179131054131053,0.22943376068376067,4.082824973075219,56.1025641025641,0.17981591058514135,0.2549019607843137,14.321005917159756,0.4086167044089477,2.7079755427070156,0.09514135064323093,5.666666666666667,0.6296296296296297,0.4444444444444444,7.555555555555555,5919.555555555556,24856.88888888889,1450.7777777777778,0.22530864197530864,1.2222222222222223,0.13580246913580246,0.14893207947805054,1.3222372486960248,0.01856393203405875,2.94770277922009,0.029411764705882353,4763.555555555556,4.6999431514178704,0.03657706206673777,0.6733424992273837,0.013651119527533326,0.09550116494127256,0.8027752445152848,22.760712112786692,24.186773244895647,306.0,18.271736231684343,69.99213961242306,0.2287324823935394,306.0,1.1287132533328577,0.8859646124001876,0.294830619799592,30.884986583034898,0.8027752445152848,18.271736231684343,22.760712112786692,17.0,24.0,24.186773244895647,24.186773244895647,306.0,18.271736231684343,1.1287132533328577,0.8859646124001876,69.99213961242306,0.2287324823935394,306.0
"training_set_primary_roi_006.tif","c5ee7fa5-5389-4911-9f7d-cba6642458fb","Annotation","nuclei_tumor",318.183837890625,150.1356964111328,492.0,,,86.0,126.0,5473914.0,1.405354381383796,20.0,2.8760583762710628,148.0,104.3821138211382,12.202855443188557,102.0,75.0,73.0,8.578190331770404,105.47910439236121,0.6272049454408426,15.172863198670894,5473914.0,0.40296781016590655,230.21577764558157,2.9699124726477026,5.560388889816693,1.1000213182614855,1.514899520706348,0.21553610503282272,0.750888040182651,0.2133479212253829,0.7556581914365104,0.17001876954163053,0.8936907366885485,0.8935448577680526,0.9785473825955227,0.9467724288840261,-0.3894656508055243,0.8092495686195768,0.21143326039387306,1.62636761487965,0.27912780286235506,2.19969431947404,0.3966083150984683,3.2527352297593,1.9768854950819286,0.43260890643479255,3.9506272207968904,92.55284552845528,0.18811553969198228,4.092405314297046,198.260162601626,0.4552184546235707,3.2601626016260163,51.0650406504065,142.59349593495935,32.6093044263776,0.5659439927732611,0.039205150895046365,0.19544220311581423,0.015458539193513733,205.43560606060606,0.3890825872359963,0.47313690886134074,4.168560606060606,26.011363636363637,64.54166666666667,18.138047138047142,0.4309238215488216,4.341560706778784,88.58333333333333,0.16777146464646464,0.2682926829268293,12.118801652892563,0.37280741329581013,1.8937287790098019,0.12296354777576932,4.454545454545454,0.4049586776859504,0.5950413223140497,6.181818181818182,8125.636363636364,20769.81818181818,5185.196969696969,0.3106060606060606,2.090909090909091,0.19008264462809918,0.3942643852668239,3.3343687818444576,0.06490470933373478,2.7321588913645707,0.022357723577235773,6125.107438016531,18.964103451458104,0.025139294734750874,0.6104604566420749,0.03221122907033798,0.07052600646488391,0.5015989382607137,36.66688590403351,36.87817782917155,495.0,18.392071038789933,93.29599025308433,0.18847674798602895,492.0,1.182920197797474,0.84536556384948,0.30991014592710514,34.12509233955854,0.5015989382607137,18.392071038789933,36.66688590403351,30.0,30.0,36.87817782917155,36.87817782917155,495.0,18.392071038789933,1.182920197797474,0.84536556384948,93.29599025308433,0.18847674798602895,492.0
"training_set_primary_roi_006.tif","0ee772ea-275c-4ddb-9882-8f266ba30113","Annotation","nuclei_tumor",161.93563842773438,157.91517639160156,717.0,,,85.0,121.0,7500169.0,1.2404813846791105,20.0,2.709998819104139,147.0,101.38772663877266,11.131667862957576,99.0,75.0,72.0,8.455258598423006,102.27652101214959,0.5595044741411533,13.454205192808042,7500169.0,0.4548336961109847,181.01563737018287,2.6405204460966547,3.674227764393227,0.7876837416117214,1.2355556169759951,0.20297397769516726,0.7178035426632072,0.20223048327137544,0.7295431027664457,0.16207680933099317,0.8990086741016108,0.8989591078066915,0.9797369173577353,0.9494795539033457,-0.36922355657627504,0.7762783845549085,0.2015799256505576,1.5434944237918216,0.3142746092508396,2.037970391087138,0.43717472118959105,3.0869888475836436,1.8319321806957323,0.3596323986677907,3.7794977950768005,139.1450488145049,0.19406561898815186,3.4308378510335764,326.11576011157604,0.3546312019903169,2.7168758716875874,52.274755927475596,129.2133891213389,34.91209514954284,0.6296683713001703,0.03498845941858328,0.1355066892194142,0.017162550953496055,300.45076282940363,0.4167139567675501,0.4179585681006307,3.234396671289875,28.8626907073509,63.55894590846047,20.888272461087993,0.5523578363384188,4.455155426221314,106.68654646324549,0.14797024474791332,0.25139470013947,13.039729455737424,0.31828403834094343,1.2080093242388406,0.15687221995716952,6.2,0.41333333333333333,0.42666666666666664,5.266666666666667,11835.933333333332,25340.666666666668,8507.157407407407,0.3037037037037037,2.466666666666667,0.16444444444444445,0.36803435799154727,2.474460652230737,0.06419590402526629,3.32323142879762,0.02092050209205021,9551.093333333332,21.047624362244903,0.01689762016765812,0.6350607402278815,0.023514307389114284,0.05198405568043885,0.836807521734112,36.55099246307501,42.720018726587654,725.0,30.586145419948007,120.28433410726974,0.1659094263548548,717.0,1.2601873999731925,0.7935327714126269,0.31006265950253303,34.15868801589889,0.836807521734112,30.586145419948007,36.55099246307501,34.0,40.0,42.720018726587654,42.720018726587654,725.0,30.586145419948007,1.2601873999731925,0.7935327714126269,120.28433410726974,0.1659094263548548,717.0
"training_set_primary_roi_006.tif","c3537f62-617d-4e7f-8bab-bc12140ce017","Annotation","nuclei_tumor",391.1876525878906,159.48336791992188,731.0,,,85.0,120.0,7945793.0,1.2788738049218538,20.0,2.8705944804232657,148.0,103.36388508891929,11.079955311109904,105.0,65.0,83.0,8.319447538427246,104.25813093441236,-0.1324603276659155,13.625899062511849,7945793.0,0.4716755152415689,185.66512526176126,7.171953857245853,4.006212163158929,-0.4663095806436621,1.2066303178812008,0.1665465032444124,0.7574289040097667,0.1665465032444124,0.6497433358146669,0.1388087655014713,0.9167267483777938,0.9167267483777938,0.9902031468679757,0.9666906993511176,-0.4331524859475271,0.8166397545299859,0.1665465032444124,2.6290555155010815,0.3518308331197769,1.9882806462742084,0.5039653929343908,5.258111031002163,1.821734143029796,0.3432942052814033,3.5978646112343933,169.93844049247605,0.23247392680229284,3.330385263894632,344.79480164158684,0.34753284764419556,7.376196990424076,56.99452804377565,408.2626538987688,9.840021279829761,0.17496960024319805,0.029496310367385543,0.23533114085427456,0.005195357057072996,241.61764705882354,0.3948000768935025,0.5041089965397922,7.959150326797386,38.49673202614379,270.6732026143791,6.63691448801743,0.18029457153231668,4.8324955516401165,71.5718954248366,0.11694754154385066,0.20930232558139536,15.669571532316633,0.2842548526512534,2.6118198969925004,0.04785692282094704,3.909090909090909,0.35537190082644626,1.1074380165289257,8.545454545454545,21731.909090909092,171249.0909090909,3106.597222222222,0.23737373737373738,1.7272727272727273,0.15702479338842976,0.2783904088208186,2.2499762843360767,0.05216721820628985,3.2776134368191165,0.015047879616963064,17315.702479338845,4.290719389366359,0.02017618444641717,1.036291821268448,0.00968047981194815,0.10610553094995258,0.7811176681169575,34.596881632947195,36.05551275463989,726.5,27.02423550524611,98.96528823083422,0.1362220072000471,731.0,1.035762426749797,0.9654723652584901,0.4163286914629036,61.58499764564848,0.7811176681169575,27.02423550524611,34.596881632947195,27.0,34.0,36.05551275463989,36.05551275463989,726.5,27.02423550524611,1.035762426749797,0.9654723652584901,98.96528823083422,0.1362220072000471,731.0
"training_set_primary_roi_006.tif","415c9e50-9f45-4769-bd7e-a779778d8a5b","Annotation","nuclei_tumor",191.2220458984375,176.82896423339844,1570.0,,,93.0,130.0,1.9600712E7,1.4770643375922434,21.0,3.7875192742358905,171.0,110.69426751592357,12.115485415229696,109.0,77.0,94.0,8.7122131064719,111.73419322797177,0.676595465768765,15.20884858951791,1.9600712E7,0.4216373889407278,231.30907541888092,4.192079207920793,9.33327140651062,1.022189949596534,1.6686055833306102,0.23927392739273926,0.7491729157445365,0.2386138613861386,0.7957844318730504,0.1823373525471359,0.8808030803080308,0.8807590759075908,0.9859367113181906,0.9522992299229923,-0.37973478140350314,0.8223466689983225,0.23803630363036302,1.9582508250825081,0.2723358276421701,2.406059408664695,0.4655115511551155,3.9165016501650167,2.1645339720753003,0.4769698776808373,4.103128815707713,277.9388535031847,0.17703111688100936,3.3334317822224033,661.9707006369426,0.4722966448943161,4.261146496815287,50.671337579617834,214.3171974522293,19.840176043878273,0.40934624911535733,0.03185904132825577,0.12768789387658813,0.015272193495019435,612.0600961538462,0.36782457701553256,0.5679028753698222,4.3125,24.58653846153846,103.65264423076923,9.118347689636751,0.442078158386752,4.670595283959913,254.48076923076923,0.15293315458579881,0.26496815286624203,10.34317215236686,0.32632849033520517,1.399063917046892,0.15096393835378888,9.4,0.376,0.9344,4.32,36319.28,144584.4,10962.368055555555,0.593611111111111,1.88,0.0752,0.19763255651836278,0.2629182098523107,0.18775830429629609,4.163856189774723,0.01592356687898089,32375.440000000006,19.960627244126044,0.007197551509551901,1.523306019225514,0.018094736871771586,0.04496881637226967,0.7475330741031627,51.88413036217842,53.33854141237835,1565.0,38.78510346680847,146.78091603218428,0.0937897227042711,1570.0,1.0466644914078922,0.9554159983538538,0.49651802011084384,87.59357989679079,0.7475330741031627,38.78510346680847,51.88413036217842,46.0,44.0,53.33854141237835,53.33854141237835,1565.0,38.78510346680847,1.0466644914078922,0.9554159983538538,146.78091603218428,0.0937897227042711,1570.0
"training_set_primary_roi_006.tif","f0a70d1f-a596-4453-b64c-aab8c591ef43","Annotation","nuclei_tumor",111.84148406982422,176.00489807128906,512.0,,,113.0,155.0,9004633.0,1.5485086496910778,25.0,2.228886018929801,167.0,131.689453125,13.161018371582031,130.0,92.0,75.0,10.2643981294251,132.61664234976317,0.19862690316572354,15.65444868922019,9004633.0,0.3687896728515625,245.06176376342773,8.047569262937794,7.316179365038342,0.5234262052960283,1.839300201745069,0.2247778358599059,0.7822002542881336,0.2247778358599059,0.7687962236865802,0.1742527603660431,0.887611082070047,0.887611082070047,0.9867777743611821,0.9550444328280189,-0.4196599858928263,0.8510364225724186,0.2247778358599059,2.7647673810768425,0.24365055010576386,2.4257307570230733,0.35546262415054886,5.529534762153685,2.2009529211631675,0.5160195094012436,4.1763550881975435,88.71484375,0.17327117919921875,3.8008880615234375,188.8203125,0.5302734375,8.265625,49.9453125,392.296875,8.135294596354168,0.16280110677083331,0.039713020661100086,0.3494100463897944,0.0068567437053157244,189.65840707964603,0.3356785966011434,0.6349565353590727,8.968141592920354,22.672566371681416,173.42300884955753,3.7658062930186826,0.16479842674532938,4.605153005766575,94.10442477876106,0.16655650403320543,0.27587890625,9.533545305035634,0.36796918960956715,3.457544078664024,0.06661007124681594,4.428571428571429,0.3163265306122449,0.7806122448979591,9.357142857142858,5903.714285714285,43144.0,976.1949404761905,0.1904761904761905,2.142857142857143,0.15306122448979592,0.32892560483974315,3.0755286635548247,0.04586657158353718,3.52164063634332,0.02734375,4566.2448979591845,4.778868194842407,0.025582220356851985,1.367761121955687,0.019382204320511628,0.13247455470737915,0.5115775284767821,35.9525879327191,35.6931365951495,511.0,18.392536076964614,88.93524555956722,0.17404157643750923,512.0,1.1098352804815836,0.9010346107992498,0.34374397991624106,41.982901317530555,0.5115775284767821,18.392536076964614,35.9525879327191,19.0,35.0,35.6931365951495,35.6931365951495,511.0,18.392536076964614,1.1098352804815836,0.9010346107992498,88.93524555956722,0.17404157643750923,512.0
"training_set_primary_roi_006.tif","0700f861-36b2-4198-9614-5c464851c2f4","Annotation","nuclei_stroma",624.1245727539062,175.88197326660156,564.0,,,62.0,107.0,3975712.0,1.5530266122495369,27.25,2.1716023195687604,125.0,82.18085106382979,14.692394748755103,80.0,49.0,76.0,11.473472606955971,83.9591254824218,0.3831774278091699,17.188440016408588,3975712.0,0.3615260801770535,295.442470197676,7.799335863377609,7.159002530856055,1.0593430075154249,1.8729109581642542,0.21489563567362427,0.7941422004242299,0.20920303605313098,0.7561285796989812,0.17112972537977672,0.8963472485768501,0.8959677419354838,0.9917800824445463,0.9652683654106803,-0.4444394824680261,0.8577855836303059,0.20422201138519924,2.717504743833017,0.26321510807297765,2.329343205082688,0.38377609108159394,5.435009487666035,2.09908264879715,0.5219516484594695,3.8706093919507696,117.60283687943263,0.20851566822594436,4.314609426085206,203.90070921985816,0.5666842714149188,8.315602836879433,52.3758865248227,373.1489361702128,9.344839933018124,0.15977787628053583,0.04149557145224782,0.5010070829290476,0.006118883858057204,206.08061749571183,0.35348304887772186,0.5898219712906273,10.768439108061749,29.780445969125214,193.16981132075472,5.736112064036593,0.12421478940346865,4.394350265553654,105.73756432246998,0.18136803485843908,0.25842198581560283,14.80633383251591,0.41000599216821787,5.231792089038766,0.043905492532038466,6.285714285714286,0.4489795918367347,1.0612244897959182,14.857142857142858,7675.142857142857,52088.57142857143,1361.0151388888887,0.14311507936507936,3.5714285714285716,0.25510204081632654,0.4824695748315674,7.933772863417742,0.09390467119986885,2.9852281360342525,0.024822695035460994,6052.204081632654,2.770605180678466,0.028147902923006667,2.0266167151935264,0.011158809456327627,0.23532202261080185,0.41839181122205427,41.54309108934681,42.5205832509386,562.0,17.3812891246346,98.72586632616046,0.17566880129210047,564.0,1.1747835687806905,0.8512206218868906,0.3232324463468477,37.12206650335236,0.41839181122205427,17.3812891246346,41.54309108934681,28.0,35.0,42.5205832509386,42.5205832509386,562.0,17.3812891246346,1.1747835687806905,0.8512206218868906,98.72586632616046,0.17566880129210047,564.0
"training_set_primary_roi_006.tif","1206f5f2-04c9-460c-a370-6c3503b48ca0","Annotation","nuclei_tumor",475.63836669921875,175.78895568847656,476.0,,,97.5,127.0,6044622.0,1.1192038616458533,16.0,3.101960792862316,153.0,112.09243697478992,9.246098439375755,111.0,86.0,67.0,6.488850311033948,112.68888904539664,0.38216807058388885,11.57891563741894,6044622.0,0.5726202245604123,134.07128733846486,4.058990357345434,2.7064854342374085,-0.018135547327424527,0.8114288508765128,0.22348269994327852,0.5681124637825334,0.2189449801474759,0.7722309239055852,0.17554579561149988,0.8912837965588959,0.8909812819058422,0.9869340362350272,0.9563622612970314,-0.24320360872215627,0.6400269204381259,0.2149744753261486,1.9778786159954622,0.4299109861786795,1.9034569351471053,0.6386840612592173,3.9557572319909244,1.665124085353034,0.25872788770494787,3.5759802866459256,84.43697478991596,0.17738860249982347,4.112262552079655,272.56722689075633,0.2730386272155921,4.30672268907563,50.38655462184874,202.28151260504202,15.733382936507933,0.3286210317460318,0.04292415709670111,0.2601803135275274,0.013544407180861761,200.9885277246654,0.38429928819247683,0.4948140782147414,4.9426386233269595,24.581261950286805,99.97323135755258,7.148449118334395,0.35240067983853834,4.246559470434206,94.08986615678776,0.1799041417911812,0.27468487394957986,11.327764149322377,0.39107996878363904,2.3711881195642595,0.12525321753405866,7.470588235294118,0.43944636678200694,0.948096885813149,6.764705882352941,7302.0,29342.117647058825,1867.8223039215686,0.377859477124183,2.6470588235294117,0.15570934256055363,0.34833768739847176,2.9548378925256245,0.10161850912993473,3.5724694587701364,0.03571428571428571,6518.0,4.216733133126669,0.02551618357433971,1.3756527157995315,0.00950850554397982,0.1419436421781026,0.38614022735956594,39.95769683343236,41.10960958218893,477.0,15.429274140026179,97.51366201009637,0.2044311572538708,476.0,1.2595092014728295,0.7939600590695425,0.27947646633580314,27.751900712150274,0.38614022735956594,15.429274140026179,39.95769683343236,30.0,31.0,41.10960958218893,41.10960958218893,477.0,15.429274140026179,1.2595092014728295,0.7939600590695425,97.51366201009637,0.2044311572538708,476.0
"training_set_primary_roi_006.tif","de10679f-c09a-4722-a63e-757106795f85","Annotation","nuclei_endothelium",774.2708129882812,171.54388427734375,287.0,,,102.0,122.0,3617663.0,0.6533523081769443,11.0,3.0411025948313646,136.0,111.96864111498257,6.622928528936857,111.0,91.0,45.0,4.769216840199179,112.27242564840046,0.35249955744394323,8.25354274477589,3617663.0,0.7787031528851874,68.12096783984273,4.063218390804598,0.6537052002221686,0.04906696057685489,0.2660486487279987,0.1360153256704981,0.3234145094746066,0.1360153256704981,0.5737074150123955,0.11751515685324644,0.9319923371647509,0.9319923371647509,0.9863984674329501,0.9659961685823754,-0.11354327082228763,0.3487193693839755,0.1360153256704981,2.007662835249042,0.6964399744572157,1.0771062427905156,0.8314176245210728,4.015325670498084,0.9410909171200177,0.10051599359962421,2.6875848202961823,77.75261324041811,0.27091502871225825,4.747635639621703,223.4878048780488,0.12135633551457466,4.219512195121951,57.829268292682926,234.01045296167248,14.693766937669377,0.2764227642276423,0.046313963706530493,0.24944091096239757,0.016853257563187878,103.32520325203252,0.42002115143102653,0.4242844867473065,4.7560975609756095,46.21951219512195,186.7560975609756,11.735772357723578,0.34552845528455284,4.076016378744299,47.853658536585364,0.19452706722189173,0.21428571428571427,24.44173441734417,0.4442816679747341,2.4077161027932457,0.18697470034207256,5.769230769230769,0.4437869822485207,0.8994082840236686,5.538461538461538,4898.538461538462,19631.46153846154,1226.162393162393,0.4636752136752136,3.0,0.23076923076923078,0.3980781343876582,2.596543306781402,0.1538037216311026,3.0269868333592873,0.04529616724738676,4411.147928994083,2.7665051020408162,0.05292908056469982,0.43831180067563696,0.00611614184833656,0.10904346080497843,0.46836566235469773,28.116442429094857,27.018512172212592,290.5,13.16877618136074,69.01869445395425,0.23758586731137438,287.0,1.142322522526342,0.8754095102567147,0.28583874105178336,29.02982561160494,0.46836566235469773,13.16877618136074,28.116442429094857,15.0,27.0,27.018512172212592,27.018512172212592,290.5,13.16877618136074,1.142322522526342,0.8754095102567147,69.01869445395425,0.23758586731137438,287.0
"training_set_primary_roi_006.tif","58123033-ec8a-44c2-8233-8d2e61a4cf10","Annotation","nuclei_lymphocyte",543.4559326171875,173.898681640625,329.0,,,73.80000000000001,118.19999999999999,3130221.0,1.6903769614205102,22.0,3.4283787613128696,159.0,95.96656534954407,13.625631692242315,95.0,62.0,97.0,9.277306307739021,97.54152727978452,0.4885500285988759,17.45760232920418,3130221.0,0.3656932216073392,304.76787908463524,5.647736625514403,10.815501548413634,0.8674416804011655,1.8817998611322801,0.4205761316872428,0.6346590365788176,0.3744855967078189,1.05482403060595,0.28033666954563163,0.8200274348422499,0.8173662551440329,0.9842462406582309,0.9386537330981779,-0.23743147320890845,0.7342139250053217,0.3380429812528578,2.2983539094650203,0.2009697031279108,2.874778277913659,0.36707818930041153,4.596707818930041,2.4003798497518507,0.5755939982048808,4.474448186236846,42.75075987841945,0.12994151938729318,5.0054785155347785,120.31306990881458,0.6312395487846565,6.194528875379939,38.39209726443769,212.28571428571428,10.1816379601486,0.2762850388382303,0.0743756150439462,0.7698077214675131,0.01486857433568447,158.96603773584906,0.299935920256319,0.8763830544677819,7.09811320754717,10.973584905660378,62.76603773584905,2.792493710691824,0.27891928721174003,4.1347831794027154,154.6,0.2916981132075472,0.4027355623100304,4.808202207191171,0.5514505450709919,4.576965387550901,0.13705433832847083,5.545454545454546,0.25206611570247933,1.4214876033057848,11.545454545454545,1414.409090909091,7147.636363636364,340.9309595959596,0.22199494949494947,3.909090909090909,0.17768595041322313,0.40674763467983815,6.532139650222515,0.03736597525759412,3.8453509366224354,0.0668693009118541,1190.7706611570245,2.8259881084216634,0.03223130028268283,3.17692836371427,0.020129268966473223,0.29000699908666633,0.8881665905241143,21.860687461707926,23.021728866442675,329.0,19.415932249378383,67.13744403797833,0.20406517944674263,329.0,1.044147666870133,0.9577189431429108,0.33742228066770774,40.4529091581123,0.8881665905241143,19.415932249378383,21.860687461707926,19.0,23.0,23.021728866442675,23.021728866442675,329.0,19.415932249378383,1.044147666870133,0.9577189431429108,67.13744403797833,0.20406517944674263,329.0
"training_set_primary_roi_006.tif","af64ccaf-128c-4942-88f6-70440de18be4","Annotation","nuclei_lymphocyte",570.8084716796875,190.39674377441406,514.0,,,72.0,120.69999999999999,4868427.0,1.770132142230837,25.0,4.158677732985302,180.0,95.28988326848248,15.20749746400399,93.0,49.0,131.0,10.114106546668642,97.32239135945119,0.7402815316651634,19.7860053219734,4868427.0,0.35733319202410335,391.4860066011596,11.058640373637779,14.708239972636692,1.1087730631177075,2.0224407802271225,0.5080435910742086,0.598461387996685,0.4115204981837053,1.1512899261185052,0.33869447064884367,0.809418785677218,0.8038920601971973,0.9900985110738444,0.9498702646600933,-0.22726036176332945,0.7307062686391876,0.3356397393761172,3.2680332122470164,0.19814094037991248,2.9775324081500902,0.3777893098079917,6.536066424494032,2.444366324613,0.6326210928253326,4.411961459104787,68.49805447470817,0.13326469742161123,4.834865024451543,183.66926070038912,0.7283229117776197,11.926070038910506,37.86381322957198,390.41634241245134,4.37772290822944,0.1097332843643294,0.07839803681596574,1.4973404653329843,0.007494019765833147,237.4066985645933,0.28397930450310205,1.0288912799615395,14.009569377990431,10.66267942583732,114.45933014354067,1.1835459454914343,0.10207199546485263,4.1832468326974945,241.79186602870814,0.28922472013003364,0.4066147859922179,4.614374670909548,0.5470854995356484,9.14873214275051,0.04887359145385998,11.428571428571429,0.272108843537415,1.5691609977324266,20.761904761904763,1754.0,16553.190476190477,192.90715918907247,0.09090918907245438,7.761904761904762,0.18480725623582767,0.4082098775059033,10.423549534588046,0.039973983200333046,4.288400090002564,0.08171206225680934,1604.2290249433108,1.8319834095658682,0.01936035236056531,7.342855896373522,0.01215614617953038,0.40064196305202804,0.6527794698033604,31.989357748820794,32.31098884280702,512.5,20.881995990625256,85.96185479268306,0.16773044837596693,514.0,1.0711589251399232,0.9335682843415343,0.36279414279640443,46.765198267242404,0.6527794698033604,20.881995990625256,31.989357748820794,30.0,22.0,32.31098884280702,32.31098884280702,512.5,20.881995990625256,1.0711589251399232,0.9335682843415343,85.96185479268306,0.16773044837596693,514.0
"training_set_primary_roi_006.tif","16f24f10-d3f3-41b6-b558-04b23a4a3892","Annotation","nuclei_tumor",2.9278130531311035,192.4140167236328,157.0,,,97.0,125.0,1952920.0,1.1426184313449588,15.0,2.846267367677933,143.0,111.01910828025478,8.566757272100302,112.0,88.0,55.0,6.228284456568913,111.53017928668342,0.06259861141027016,10.664824816977092,1952920.0,0.5516248123656132,113.73848837681045,3.8522727272727275,2.6135992478778762,-0.14325253655703007,0.8470930899908173,0.21969696969696967,0.588115828973383,0.21969696969696967,0.7596137923995816,0.17143021120293844,0.8901515151515151,0.8901515151515151,0.9780303030303029,0.9450757575757576,-0.2599343673991113,0.6603653092050906,0.21969696969696967,1.9223484848484849,0.408793187557392,1.917390621299918,0.6174242424242424,3.8446969696969697,1.6976936516029484,0.2666975149219467,3.6972843147430914,25.11464968152866,0.15996592153839911,4.339567528094446,86.60509554140127,0.28333806645300014,4.057324840764331,43.382165605095544,166.52866242038218,14.704529370134464,0.36305732484076436,0.051260299767465385,0.25305333492207926,0.017069806175005975,89.37037037037037,0.4137517146776406,0.4350994513031551,4.398148148148148,14.75,57.55555555555556,4.758487654320988,0.3870884773662552,3.83945103168209,48.120370370370374,0.2227794924554184,0.34394904458598724,6.296982167352537,0.4597068367813517,2.2121979746974234,0.1772267706379533,3.25,0.40625,0.484375,6.125,1346.625,5174.375,403.29861111111114,0.2743055555555556,1.5,0.1875,0.26299672156469295,1.736194705188813,0.046857719485823436,2.75,0.050955414012738856,961.484375,2.866230058013053,0.06951241688474949,0.6143519263122434,0.02044110411582612,0.16832799591007064,0.24911062589172103,29.731656419084324,30.0,157.0,7.406471539355701,66.4064427774685,0.4229709731048949,157.0,1.4950491093963163,0.6688743491535127,0.16368519149924118,9.519651017757322,0.24911062589172103,7.406471539355701,29.731656419084324,8.0,30.0,30.0,30.0,157.0,7.406471539355701,1.4950491093963163,0.6688743491535127,66.4064427774685,0.4229709731048949,157.0
"training_set_primary_roi_006.tif","e3dce1f9-514b-4f7e-a2b7-11f589cdc457","Annotation","nuclei_lymphocyte",831.2847900390625,193.69554138183594,254.0,,,55.3,96.0,1514064.0,1.467130763467466,21.0,4.1111689048902225,138.0,75.38582677165354,12.777171554343102,75.0,46.0,92.0,8.74899077277969,77.20674769580557,0.8375160273591046,16.669103506728348,1514064.0,0.4176638353276707,277.8590117180233,6.560475161987042,5.273113592816825,0.5638057012107682,1.3319416520112515,0.3498920086393089,0.5839160354253288,0.3196544276457884,0.9707926637313168,0.24771305552575232,0.8449424046076313,0.8431965442764577,0.9868196283102159,0.947424920292091,-0.23195589797562374,0.6899686145651679,0.2957463402927766,2.512958963282937,0.25524737718606716,2.4634291120751257,0.367170626349892,5.025917926565874,2.097708864194505,0.42045841516264015,4.008876887242434,38.031496062992126,0.14973029946059893,4.807055614111229,106.08661417322834,0.47437844875689744,7.043307086614173,41.56692913385827,261.5551181102362,7.901008311461067,0.19365923009623798,0.078528319500737,0.9351195187903099,0.013079631804319213,122.88739946380697,0.32945683502361117,0.7592234544918744,8.222520107238607,12.809651474530831,82.68096514745308,2.4335180220434913,0.19822609472743521,4.057737428105114,93.48257372654156,0.2506235220550712,0.3671259842519685,5.390234961798043,0.495031554449801,4.957739692317201,0.09967302916488695,5.1,0.255,1.51,12.4,841.8,5089.35,163.55391666666668,0.19766666666666668,5.1,0.255,0.5050623060650292,7.972619980766927,0.061771481428105214,3.3841837197791884,0.07874015748031496,680.5099999999999,1.8557969988674965,0.03875096782067762,2.9369880766054806,0.013969440352172792,0.3563421355714269,0.6411804231934041,22.560107263982225,22.80350850198276,254.0,14.465099122808711,60.98934618956383,0.24011553617938516,254.0,1.0795237150651944,0.9263344436482419,0.30086925711475243,32.16309796644019,0.6411804231934041,14.465099122808711,22.560107263982225,17.0,21.0,22.80350850198276,22.80350850198276,254.0,14.465099122808711,1.0795237150651944,0.9263344436482419,60.98934618956383,0.24011553617938516,254.0
"training_set_primary_roi_006.tif","350928df-2b70-4a1f-a829-e8e7ac72c553","Annotation","nuclei_endothelium",775.9500732421875,194.14022827148438,229.0,,,81.0,107.20000000000002,2035043.0,0.8547358171338015,14.0,2.4383813860940817,118.0,93.75982532751091,7.973608436147299,93.0,75.0,43.0,5.752422022684312,94.26903338330055,0.2561264193706526,9.784978772408063,2035043.0,0.5972616845597911,95.7458095764764,1.6228915662650603,0.8938587127365926,0.5072371145199173,0.5574524604441864,0.1602409638554217,0.5534556722132442,0.1602409638554217,0.6348857051596497,0.13456379735810714,0.9198795180722891,0.9198795180722891,0.9679518072289156,0.9465863453815261,-0.25222791054380306,0.5719791991541295,0.1602409638554217,1.2343373493975904,0.5065894904920888,1.3728679609401868,0.6855421686746987,2.468674698795181,1.2126269970847652,0.17942335607490204,3.011882646785833,54.6768558951965,0.2387635628611201,4.359184607463626,136.77292576419214,0.2013691577201045,1.8384279475982532,54.58951965065502,78.09170305676857,48.713973799126634,0.7903930131004366,0.0356504476285096,0.10002819545253006,0.019556010672504485,112.62557077625571,0.5142720126769666,0.2428639936615167,2.7534246575342465,33.04109589041096,43.04109589041096,30.541095890410958,0.5616438356164384,3.6959579049650806,38.00456621004566,0.17353683200934092,0.2390829694323144,15.54654823710932,0.40678111609160134,1.42221288697347,0.1529231733711341,4.333333333333333,0.7222222222222222,0.1388888888888889,3.5,4763.833333333333,5442.833333333333,4594.083333333333,0.375,1.3333333333333333,0.2222222222222222,0.20983971526465242,0.8393404955856988,0.052464520184390843,2.2516291673878226,0.026200873362445413,3307.138888888889,58.781692406692386,0.052645551155350356,0.1658948242060692,0.03477690158359114,0.05057042232322928,0.7854661565171459,19.336583933305903,19.924858845171276,227.0,15.188232262264982,57.7243002136658,0.25429207142584054,229.0,1.0807887516516101,0.9252501920211951,0.2920202078760143,30.298983437886235,0.7854661565171459,15.188232262264982,19.336583933305903,16.0,19.0,19.924858845171276,19.924858845171276,227.0,15.188232262264982,1.0807887516516101,0.9252501920211951,57.7243002136658,0.25429207142584054,229.0
"training_set_primary_roi_006.tif","de2364c7-85e1-4e22-a287-ff6c337ea4cb","Annotation","nuclei_histiocyte",1012.98681640625,204.24331665039062,442.0,,,46.0,126.0,3022919.0,2.2227235904125795,42.75,3.072218380117344,167.0,76.44570135746606,25.86682295612284,65.0,37.0,130.0,18.50534648408825,82.6993546402785,1.0205540347723026,31.547392949080013,3022919.0,0.25677197436579924,995.2380018836633,7.423379769836463,105.05112882222788,12.67711799168362,5.650571703510271,0.4149000605693519,0.8631928144397819,0.36523319200484555,1.0524742806791143,0.2815047760273036,0.8253583686654556,0.8223500908540281,0.9890107551524875,0.9486963168065533,-0.4260013449231711,0.9161242445533716,0.324634901406555,2.472743791641429,0.15845323998340308,3.3772771535744033,0.33555420956995763,4.945487583282859,2.9377605218353446,1.5163679410199056,4.822983227963686,57.10407239819005,0.12919473393255668,5.0250404373374815,113.49321266968326,1.7123318523371758,8.271493212669684,40.05429864253394,224.83710407239818,15.8318369783811,0.32772561588738053,0.07769436549548592,1.2238739601966142,0.015850206879404184,131.5051395007342,0.1931059317191398,2.057965201903566,11.494860499265785,12.22907488986784,69.359765051395,4.792341328112253,0.25058696361559796,4.644553722109449,183.83113069016153,0.26994292318672763,0.38518099547511314,5.488913470516062,0.5240294394474204,7.632153312276989,0.09705245141925078,6.066666666666666,0.20222222222222222,2.3655555555555554,18.633333333333333,1478.4,6757.333333333333,510.40526851851854,0.16732407407407407,7.666666666666667,0.25555555555555554,0.5146272877876489,11.260725366247321,0.07054542024030948,3.894739663055176,0.06787330316742081,1261.328888888889,3.484755900733396,0.034392123751620464,4.030604850402865,0.034271849109701366,0.4983261742537322,0.8675636023335526,25.58147922120815,26.1725046566048,442.5,22.193560266172263,77.56129641555562,0.17527976591086014,442.0,1.0401201023641977,0.961427432973361,0.3654860028828142,47.461749715563,0.8675636023335526,22.193560266172263,25.58147922120815,22.0,25.0,26.1725046566048,26.1725046566048,442.5,22.193560266172263,1.0401201023641977,0.961427432973361,77.56129641555562,0.17527976591086014,442.0
"training_set_primary_roi_006.tif","2d608eca-a290-4438-aeb1-fd932d306852","Annotation","nuclei_tumor",37.183570861816406,213.96121215820312,839.0,,,87.0,130.0,1.0406934E7,1.4817674886443328,22.0,2.6134953901383664,151.0,110.22884386174017,12.848154835556885,110.0,73.0,78.0,9.311108546219346,111.37312861865517,-0.026825809901379307,15.92406227102923,1.0406934E7,0.4117493298253639,253.5757592116166,8.769664681917892,6.358173719197702,-0.028192989545700542,1.566761185216059,0.2416170479473519,0.732780406757397,0.23973675963647756,0.8018975425011802,0.1841433340263537,0.880445001566907,0.8803196490128486,0.9907219991238623,0.9600886421632269,-0.36865987323532845,0.8134846268683795,0.23809150736446255,2.904888749608273,0.268823678629992,2.398360676309614,0.4531494829207145,5.809777499216546,2.1498269126792433,0.45209455829085265,4.050890479021217,146.05363528009536,0.1740806141598276,3.6580212836383628,345.4576877234803,0.45903162428738453,9.056019070321812,49.76519666269368,425.60190703218115,7.125441001191895,0.14128327373857766,0.03810427772177162,0.4588263866553994,0.004701934676775404,331.39697950377564,0.357494044772142,0.5931651323299924,10.045307443365695,22.677454153182307,191.0571736785329,3.25781433537097,0.13819309600863,4.576266972963494,151.36893203883494,0.16328903132560404,0.27622169249106077,9.571023438054572,0.36250371801748393,4.168821661866606,0.04946269721422073,7.2,0.36,1.1400000000000001,14.1,12503.65,109471.8,1520.9171111111111,0.1389861111111111,3.3,0.165,0.3812866844496474,7.266290588419864,0.02398173619794373,3.6841837197791887,0.023837902264600714,10743.8475,3.9339068600886518,0.015558359123380636,2.2587094713901585,0.010037066850319288,0.13429268124146154,0.6383629299524968,41.11910060167928,42.05948168962618,838.0,26.248909537099458,109.10917314330749,0.1302018772593168,839.0,1.0632473850116126,0.9405148924857955,0.41483671392051036,61.14439003849644,0.6383629299524968,26.248909537099458,41.11910060167928,32.0,37.0,42.05948168962618,42.05948168962618,838.0,26.248909537099458,1.0632473850116126,0.9405148924857955,109.10917314330749,0.1302018772593168,839.0
"training_set_primary_roi_006.tif","d6eb23cc-1535-40a4-8865-76373e5b0772","Annotation","nuclei_endothelium",741.9951171875,210.900634765625,339.0,,,75.0,116.0,3210217.0,1.5426334303979434,18.5,3.162530023946701,149.0,96.03834808259587,12.162807493843587,96.0,57.0,92.0,8.260442975206637,97.31221232027697,0.030280302846020162,15.69402320097751,3210217.0,0.39107734878742795,246.30236423282037,5.6895999999999995,6.711535244122931,-0.10587338342399888,1.58902336,0.3528,0.6366301824693263,0.3399999999999999,0.9642113608433083,0.23720000000000002,0.8321333333333333,0.8312799999999999,0.9794729411764708,0.9324266666666668,-0.24627699101922637,0.7260873998201962,0.3287999999999999,2.3196,0.21362848000000004,2.6671077982663354,0.3544,4.639200000000001,2.283197977069799,0.48545583999999997,4.239340933371075,52.740412979351035,0.1555764394671122,3.4823574455495514,132.57522123893804,0.5000652622236146,6.041297935103245,38.46312684365782,217.81120943952803,10.082698295640773,0.26378646345460505,0.05324084339843225,0.41653743317495245,0.014025788688231036,181.82600382409177,0.34765966314357893,0.6242336278785796,6.548757170172084,10.260038240917781,59.1434034416826,2.5544136392606753,0.2645660718079456,4.063218791598069,120.8585086042065,0.23108701453959177,0.38569321533923306,3.5377674762091047,0.44753092099665936,3.3417588586818257,0.10868814259431124,4.875,0.3046875,1.40234375,9.3125,2199.0625,10994.125,505.82421875,0.3237847222222222,2.125,0.1328125,0.3062509244847996,3.399866484526455,0.08435917357844862,3.75,0.0471976401179941,1750.15234375,4.57719437850669,0.02796934922349107,1.7264836737813063,0.02526696984901576,0.13788781074910272,0.5879977237446506,27.314212857694347,27.784887978899608,340.5,16.060694986201145,71.74081352681134,0.21069255073953402,339.0,1.0967377873503723,0.9117949719010933,0.31614967094579677,35.513028869762806,0.5879977237446506,16.060694986201145,27.314212857694347,19.0,26.0,27.784887978899608,27.784887978899608,340.5,16.060694986201145,1.0967377873503723,0.9117949719010933,71.74081352681134,0.21069255073953402,339.0
"training_set_primary_roi_006.tif","207cad23-e92c-45a4-90e8-750d46d9dc91","Annotation","nuclei_tumor",70.24744415283203,215.4090118408203,719.0,,,96.0,132.20000000000005,9317966.0,1.3694346325787645,19.0,2.9533466334225356,155.0,112.92906815020862,11.356976638469853,111.0,82.0,73.0,7.818545388833432,113.84032200920703,0.3925948529704383,14.375134151912496,9317966.0,0.46698493696816595,206.644481885481,4.357431192660549,5.491249653049105,0.39555043939865603,1.2719678141570574,0.24697247706422015,0.6748094991072412,0.24697247706422015,0.8064442556531488,0.18597707263698343,0.8765137614678897,0.8765137614678897,0.9854722072315165,0.950605504587156,-0.31500366415339925,0.7555032678059922,0.24697247706422015,2.025137614678899,0.3155344499621243,2.262142133788862,0.5255045871559633,4.050275229357799,2.0151696567246415,0.37973507280531943,3.978086728982108,119.92072322670376,0.16678821032921246,3.6114948709864,335.76216968011124,0.39498143960569565,4.609179415855355,48.60778859527121,212.4951321279555,15.82836887652604,0.34225776541492814,0.03792411420602857,0.19610791921466467,0.014520839305089638,293.4466019417476,0.35612451691959657,0.5797671788104439,5.038834951456311,22.29126213592233,97.28883495145631,6.854132955771305,0.36869606256742166,4.472702010297056,146.36893203883494,0.17763219907625602,0.2865090403337969,10.109129041379962,0.3775523626209046,2.1420291672377423,0.13699548394544317,7.7368421052631575,0.407202216066482,1.0803324099722993,5.7368421052631575,11620.368421052632,47842.84210526316,3018.0833333333335,0.4901315789473683,1.736842105263158,0.09141274238227147,0.2365845152229194,1.1697481731855932,0.13349920297527493,4.0374011976541135,0.02642559109874826,10188.343490304707,8.208926145186338,0.014875608524110864,1.5657544775941103,0.01597426425582753,0.08459487126226219,0.6155231933869688,38.624530377516834,39.05124837953327,718.0,23.774294281041144,100.71767678468751,0.14027531585611075,719.0,1.060323887167984,0.9431080560402134,0.4007660818298439,57.06688450106836,0.6155231933869688,23.774294281041144,38.624530377516834,31.0,32.0,39.05124837953327,39.05124837953327,718.0,23.774294281041144,1.060323887167984,0.9431080560402134,100.71767678468751,0.14027531585611075,719.0
"training_set_primary_roi_006.tif","6ed04ceb-a5f8-4e72-a55e-676102c072ce","Annotation","nuclei_tumor",396.0082092285156,214.51309204101562,428.0,,,66.0,104.0,3074177.0,1.4158060577618825,19.0,3.846077945224447,139.0,83.42757009345794,11.591601886627672,81.0,52.0,87.0,8.011379595374335,84.75055481857375,0.7989111541193711,14.916336358410407,3074177.0,0.43598785920167704,222.49709035723623,3.584227129337539,5.429577480839629,0.4681035872124733,1.2995906019564327,0.26561514195583596,0.6606003485625799,0.26435331230283915,0.8387144606312492,0.19573246823035353,0.8680336487907466,0.86794952681388,0.9843978474670625,0.9471713985278654,-0.29473098029465433,0.7403138732235196,0.26324921135646684,1.823659305993691,0.28769795699031736,2.2976073055212396,0.4725552050473186,3.6473186119873815,2.028969189341411,0.3913014359780672,3.971341622632783,69.92056074766356,0.16336579613940083,4.247816403179317,186.60280373831776,0.43267971001834216,3.94392523364486,45.89252336448598,156.02803738317758,21.085393951194185,0.4370619158878505,0.043608080541839435,0.26471531302465606,0.015004443203813198,188.2256880733945,0.3453682349970541,0.6224526555003789,4.853211009174312,16.888073394495414,59.420183486238535,7.443628950050969,0.3996559633027522,4.221609366291146,107.88440366972478,0.19795303425637573,0.3183411214953271,7.020405689756754,0.4256932961360042,2.6846121706502495,0.13874815143300362,5.4,0.36,0.9066666666666667,7.666666666666667,4586.533333333334,17336.266666666666,1448.361574074074,0.30092592592592593,1.8,0.12,0.1955592442037303,2.1683546624276313,0.02106416637962694,3.640223928941852,0.035046728971962614,3772.3822222222225,5.733780361137744,0.025048772716736296,1.6652509194948033,0.018250766818309276,0.15323203801055135,0.6523523041053483,29.975246875240032,33.13608305156178,426.5,19.554421365189476,85.82719985078037,0.20123610750476054,428.0,1.1723586549036564,0.8529812918745239,0.30262631081728847,32.53985499812194,0.6523523041053483,19.554421365189476,29.975246875240032,21.0,33.0,33.13608305156178,33.13608305156178,426.5,19.554421365189476,1.1723586549036564,0.8529812918745239,85.82719985078037,0.20123610750476054,428.0
"training_set_primary_roi_006.tif","dbdd32e3-d1cd-49c1-b4ee-a98701263d32","Annotation","nuclei_endothelium",760.5879516601562,216.0425262451172,291.0,,,114.0,133.0,4521945.0,0.998082507968892,8.0,3.327722231299632,147.0,124.43642611683849,5.699153292946471,125.0,100.0,47.0,3.77463105477592,124.65684857602977,-0.34742657634826807,7.409841575621757,4521945.0,0.5013285152513551,54.905752175812715,2.49480642115203,0.7022950081375343,-0.10435293155062714,0.6913839824303755,0.29933899905571293,0.3957160484826884,0.29933899905571293,0.8804813952323476,0.20973516270003684,0.8503305004721435,0.8503305004721435,0.9401322001888575,0.9002203336480956,-0.1164758118621949,0.4545000244683842,0.29933899905571293,1.548158640226629,0.29490334655691897,1.870900169032393,0.39848914069877245,3.096317280453258,1.57156116997668,0.2476807453715221,3.692376981566593,46.9106529209622,0.1612049928555402,3.058797132768862,145.88659793814432,0.24933574237432246,2.577319587628866,40.264604810996566,111.57388316151203,22.4372852233677,0.6056701030927835,0.04001733094281368,0.09502071574461528,0.026266484742363278,213.09004739336493,0.5049527189416231,0.24752364052918854,2.3507109004739335,11.867298578199053,33.677725118483416,6.414691943127962,0.6623222748815166,3.4899800720409764,94.3175355450237,0.2235012690640372,0.36254295532646047,4.259113676691897,0.39595873622218236,0.8616822331589609,0.27952786198798757,5.0,0.625,0.1875,1.75,3512.625,12177.0,1346.53125,0.8125,1.0,0.125,0.16043531558696492,0.5354515465426436,0.06668125784804528,3.0,0.027491408934707903,2189.484375,36.45478316326531,0.02375741544511914,0.2892929262256503,0.07219863026099214,0.023735183170624882,0.4991383528746876,27.403023587891944,28.635642126552707,290.0,13.677900057446598,69.15674241887501,0.23847152558232762,291.0,1.1455936481332512,0.8729098678484326,0.2844927934389976,28.757079989900138,0.4991383528746876,13.677900057446598,27.403023587891944,17.0,26.0,28.635642126552707,28.635642126552707,290.0,13.677900057446598,1.1455936481332512,0.8729098678484326,69.15674241887501,0.23847152558232762,291.0
"training_set_primary_roi_006.tif","8e0fe459-8a36-4775-ab6f-5c08694d69b8","Annotation","nuclei_tumor",244.14892578125,232.22706604003906,835.0,,,90.0,117.0,9078778.0,1.1743921425928023,13.0,4.60613351587737,153.0,103.67185628742514,8.560272508874439,103.0,80.0,73.0,6.093659942363113,104.27266192033316,0.8467533545259575,11.177398528797406,9078778.0,0.48668507296783675,124.93423787156243,2.955223880597015,2.935764149377925,0.13249578366587342,1.0537043369734036,0.15909812638932994,0.7376355487468271,0.15909812638932994,0.6321476145024114,0.13378591256873473,0.9204509368053352,0.9204509368053352,0.9906412866829807,0.9681803747221341,-0.4210649630195723,0.7904928816872455,0.15909812638932994,1.6527469037789777,0.3630616704925606,1.838381727846352,0.5026992696093998,3.305493807557955,1.6792836014570216,0.30320061584068336,3.48448231006396,212.52095808383234,0.2545161174656675,3.4850787048657184,406.3820359281437,0.3083165405715516,3.0874251497005987,57.39760479041916,169.17365269461078,30.734031936127746,0.5248003992015968,0.028787295213050845,0.09465485921580875,0.01644208358813573,303.2514450867052,0.4382246316281867,0.4136038624745231,3.4508670520231215,43.11849710982659,120.14161849710983,24.47818320488118,0.5056498876043674,4.726139260173363,83.52312138728324,0.1206981522937619,0.20718562874251498,19.82252998763741,0.29994884068247396,1.131737150788711,0.1642356375047337,5.769230769230769,0.4437869822485207,1.1005917159763314,4.230769230769231,23920.846153846152,79900.46153846153,9974.158119658121,0.6650641025641024,1.6153846153846154,0.1242603550295858,0.22628129022362856,0.6227446906994131,0.19625210423112288,3.3927474104487847,0.015568862275449102,19795.254437869826,7.896050489216044,0.01681760027326322,1.2792476183187698,0.008234155719655295,0.1346532598323323,0.4920198399369065,49.057655951565884,50.695167422546305,836.0,24.137340028969277,128.8932791131292,0.1541785635324512,835.0,1.2575411400997767,0.7952026125528245,0.3223190188129913,36.91255531706703,0.4920198399369065,24.137340028969277,49.057655951565884,29.0,50.0,50.695167422546305,50.695167422546305,836.0,24.137340028969277,1.2575411400997767,0.7952026125528245,128.8932791131292,0.1541785635324512,835.0
"training_set_primary_roi_006.tif","33222cea-47e4-4d64-9851-97b70bfca11d","Annotation","nuclei_lymphocyte",779.22265625,222.76780700683594,262.0,,,62.0,103.0,1709002.0,1.494487435324981,18.0,4.702389388843089,142.0,79.0,12.50381679389313,75.0,53.0,89.0,7.788055075133075,80.76452437145015,1.3228151466400893,16.79012796099437,1709002.0,0.3980537264728163,281.9083969465649,2.7956204379562037,7.911631313369777,1.6664979425092594,1.4561309845479025,0.3952033368091762,0.573061081134734,0.3555787278415016,1.0293258883288758,0.26876710511579555,0.8288147375738617,0.8261730969760166,0.9774520026988899,0.9302050747306221,-0.19326640581351162,0.6424075776603735,0.3209071949947862,1.5907194994786236,0.2428385494535605,2.4876035987165364,0.38477580813347234,3.181438998957247,2.0579380604381217,0.46283358033926975,4.002229709721095,34.69465648854962,0.13242235300973138,4.9963871569255875,104.29007633587786,0.5563778334595886,3.351145038167939,39.36641221374046,90.00763358778626,27.787001696352842,0.5868850720949957,0.06394956667993744,0.4266854008354826,0.0206294876057576,135.90997566909977,0.330681206007542,0.7153047874450187,4.695863746958637,10.871046228710462,27.8978102189781,7.358137334414707,0.4441234117329008,3.7946805445095193,109.05839416058394,0.2653488909016641,0.39217557251908397,4.369166651866849,0.5187082885651901,3.381592159193555,0.1367997631881109,3.857142857142857,0.2755102040816326,0.9438775510204082,7.928571428571429,1591.2857142857142,3467.0,1143.2748015873015,0.2673611111111111,2.0,0.14285714285714285,0.2691669605081812,3.055849057043747,0.03512503040312424,3.52164063634332,0.05343511450381679,1241.061224489796,6.0750565964090555,0.03535013953410675,2.091509084907264,0.029298234455756546,0.24086722211945547,0.8153706582332588,20.275042789125983,21.02379604162864,262.0,16.531674984677142,59.16739142495169,0.22582973826317437,262.0,1.031161868579053,0.969779847831268,0.3247900538404772,37.48069959445631,0.8153706582332588,16.531674984677142,20.275042789125983,20.0,18.0,21.02379604162864,21.02379604162864,262.0,16.531674984677142,1.031161868579053,0.969779847831268,59.16739142495169,0.22582973826317437,262.0
"training_set_primary_roi_006.tif","ad202eb9-f915-4150-beb5-726ae078fc13","Annotation","nuclei_lymphocyte",582.143798828125,224.7952423095703,273.0,,,59.2,105.0,1959485.0,1.75112474908514,27.0,2.9504938089996706,148.0,82.6043956043956,15.32471923680716,81.0,39.0,109.0,11.135422530806277,84.72072197875048,0.19218432866640162,18.817931858555568,1959485.0,0.32871768036603205,354.11455943324063,8.15915915915916,11.594535183648038,0.06285321113662945,2.245542840137434,0.40640640640640646,0.6935036317636496,0.3563563563563564,1.0442492241678074,0.27941655369082796,0.8301634968301634,0.8268268268268268,0.9847672606293296,0.9417989417989417,-0.28554240843905887,0.7923553620690474,0.3125625625625626,2.774774774774775,0.17551234918602288,2.967271914968873,0.2852852852852853,5.549549549549548,2.4857172964972785,0.6629873116359604,4.622229831112165,35.4029304029304,0.1296810637469978,5.252452065638879,89.73992673992674,0.6797085698184601,8.655677655677655,39.989010989010985,321.73260073260076,6.882455229955228,0.1782794057794058,0.07305037576012631,0.7114759423305342,0.014218478544623355,129.35849056603774,0.30509077963688147,0.807621707013172,9.346698113207546,11.61320754716981,93.70754716981132,2.0021881551362686,0.18478642557651992,4.198448277318577,113.91037735849056,0.2686565503737985,0.3882783882783883,4.980153079387683,0.5222150354070699,5.163739641493389,0.099022324635442,6.052631578947368,0.3185595567867036,0.9972299168975071,10.31578947368421,851.9473684210526,6425.631578947368,147.48758771929826,0.20276315789473684,3.0,0.15789473684210525,0.371693522171963,3.867819374104448,0.08320761374091956,3.7871439606981414,0.0695970695970696,645.4958448753463,1.9366983054483053,0.039685121782722405,3.069700518158493,0.02145178267575494,0.3146051174348629,0.7453207870253193,21.75956656533246,21.95449840010015,273.5,16.21785727780341,61.89536248495694,0.22630845515523562,273.0,1.0557826318034922,0.9471646623811153,0.31688029104847465,35.677359352010924,0.7453207870253193,16.21785727780341,21.75956656533246,18.0,21.0,21.95449840010015,21.95449840010015,273.5,16.21785727780341,1.0557826318034922,0.9471646623811153,61.89536248495694,0.22630845515523562,273.0
"training_set_primary_roi_006.tif","da067f12-bf76-416d-817e-98ddf0960a7b","Annotation","nuclei_histiocyte",875.1480102539062,229.06695556640625,339.0,,,75.80000000000001,123.19999999999999,3284441.0,1.6899997046687152,25.0,2.938412093924507,155.0,96.69911504424779,15.05510742162008,95.0,65.0,90.0,10.978826541032937,98.43077018480574,0.64649166238749,18.38199305933317,3284441.0,0.36706085049729814,337.8976688333728,6.092221331194867,11.550719367703518,1.2138824799309669,1.9459321457303458,0.38973536487570165,0.6662749615637074,0.38492381716118684,0.9808540442336146,0.24156901985776283,0.8083400160384924,0.808019246190858,0.985048466452111,0.9359605911330049,-0.263671833744701,0.7609340928497264,0.3807137129109863,2.3881315156375296,0.19560047562425684,2.8486581151991643,0.35445068163592625,4.77626303127506,2.4453643490448473,0.5839168776515121,4.311819580072056,48.23893805309734,0.1422977523690187,3.8410908363136413,124.43362831858407,0.6337222961860757,6.513274336283186,34.56342182890855,201.8230088495575,7.966955916093085,0.2541027531956736,0.0619810017309666,0.5328133233518471,0.018136548448360733,171.6962457337884,0.29299700637165255,0.894864820789992,7.213310580204778,9.358361774744028,56.477815699658706,2.146706484641638,0.2760072999620781,4.002995992982534,171.91126279863482,0.29336392969050307,0.43215339233038347,4.00379736514112,0.5435130238821367,4.444434441441884,0.1559904764686437,4.882352941176471,0.28719723183391005,1.972318339100346,9.294117647058824,2032.5294117647059,10034.117647058823,465.17027777777776,0.4116666666666666,2.411764705882353,0.14186851211072665,0.26826970870887423,3.261588231146901,0.08215807702172144,3.6901165175936654,0.05014749262536873,1634.8788927335645,2.5816950113378683,0.03473785218187527,2.914473694539503,0.018500703022384064,0.2995555846997141,0.5059192694580987,29.414829619051353,31.04834939252005,343.5,14.881529112104905,74.16514735263807,0.2159101815215082,339.0,1.128837845599426,0.8858668265759538,0.30342545311530666,32.711937251306445,0.5059192694580987,14.881529112104905,29.414829619051353,15.0,30.0,31.04834939252005,31.04834939252005,343.5,14.881529112104905,1.128837845599426,0.8858668265759538,74.16514735263807,0.2159101815215082,339.0
"training_set_primary_roi_006.tif","bd4fd02d-7fdb-4046-980a-71c4d17f37c6","Annotation","nuclei_tumor",192.0262908935547,236.21485900878906,515.0,,,82.0,125.0,5556190.0,1.5866130803048712,26.0,2.9280422746458683,160.0,102.33398058252428,14.56771420492039,100.0,59.0,101.0,10.641224489795897,103.8687558729859,0.49809319795188456,17.78974043479801,5556190.0,0.38321802243378267,316.4748647374872,6.900933609958506,8.827958048091382,1.0263129874032675,1.7971141595358207,0.25207468879668044,0.7539761266983247,0.2489626556016597,0.8207585607212559,0.19009228491244978,0.8760373443983404,0.8758298755186723,0.9903295838515468,0.958580320094843,-0.3843501995751682,0.8324319137982554,0.24623962655601656,2.552385892116183,0.2600790006628674,2.4816332869788296,0.4024896265560166,5.104771784232365,2.2243844244120927,0.5122972120831253,4.077588086161868,88.56893203883494,0.17197850881327176,4.2589725704590435,197.35728155339805,0.5556942218870772,7.285436893203883,48.28155339805825,307.6970873786408,9.668333333333333,0.19634627831715207,0.04258467106727624,0.45315962728133324,0.007280088957353688,185.97536945812809,0.3053782749722957,0.8059080945100989,8.912972085385878,21.957307060755337,134.22988505747125,4.494705345739829,0.18864486407589862,4.571068375658694,117.99507389162562,0.19375217387787458,0.29563106796116506,10.51536207031366,0.4214506406586102,4.5713527245495404,0.07297327682799122,4.0,0.25,1.484375,12.875,5364.9375,30593.5,1106.1148263888888,0.20237847222222222,2.75,0.171875,0.2736252343211027,4.854188499020142,0.03274886943391173,3.75,0.031067961165048542,4328.90234375,3.023763372870515,0.02599474360565962,2.27243762949762,0.01277274601459075,0.22981336500515254,0.6988980788936799,31.106478239807675,31.32091952673165,513.5,21.740257882949642,87.69293914533125,0.1707749545186587,515.0,1.0916652104859548,0.9160317562513969,0.3527918730886451,44.2221028688609,0.6988980788936799,21.740257882949642,31.106478239807675,22.0,30.0,31.32091952673165,31.32091952673165,513.5,21.740257882949642,1.0916652104859548,0.9160317562513969,87.69293914533125,0.1707749545186587,515.0
"training_set_primary_roi_006.tif","70ef02f7-cff4-47c1-a02c-904bab6f40e9","Annotation","nuclei_tumor",479.7131042480469,245.57139587402344,1369.0,,,83.0,142.0,1.8923261E7,1.9368042713533373,30.0,2.698097974715208,174.0,115.49086924762601,17.830921676419262,118.0,58.0,116.0,12.787613356410509,117.56993163202526,-0.24519720560976654,22.012449758871604,1.8923261E7,0.29795892668772855,484.5479443868466,10.662419170787372,28.85134883573364,-1.610009278160499,3.276002073892438,0.3105743628756181,0.8268129128983607,0.29916317991631797,0.9137309279037791,0.22107575465797488,0.8523202738683909,0.851559528337771,0.9881456373665289,0.9504111648463112,-0.4186012359524165,0.8968549937615281,0.28917839482693036,3.1497717763408137,0.16464257547520192,3.0816070725903084,0.2803347280334728,6.2995435526816275,2.7412176230493883,0.8966441091920139,4.744056410253478,207.61943024105187,0.15165772844488815,3.6939505197258926,407.90577063550035,0.8802722925084877,10.819576333089847,45.00438276113952,486.77574872169464,7.050262965668372,0.15765765765765766,0.04074171846050869,0.44730035917053285,0.006180750259373078,508.6274843838728,0.2888287815922049,0.9235789251693174,10.845542305508234,15.549119818285066,169.2197614991482,2.3680311060634747,0.1586800429049152,4.749125378938269,330.21181147075526,0.18751380549162705,0.32158509861212564,5.879527435401586,0.39415363283839455,4.315314177336131,0.060400538425049076,8.6,0.24571428571428572,1.2277551020408166,11.285714285714286,8001.228571428572,94472.17142857143,899.0285079365079,0.17238095238095233,3.4,0.09714285714285714,0.2572251063435557,2.833671881431347,0.03421412071039369,4.629003731107052,0.02556610664718773,6471.301224489796,7.336401490544248,0.010101978451695318,2.3228778007892887,0.022651189044106027,0.0824244891703404,0.6122722897915497,54.054361031450505,52.55473337388365,1375.0,33.095987401945315,144.80972793637753,0.10531616577191093,1369.0,1.1016444643471808,0.9077338763668967,0.44517539776698656,70.41489840028477,0.6122722897915497,33.095987401945315,54.054361031450505,42.0,49.0,52.55473337388365,52.55473337388365,1375.0,33.095987401945315,1.1016444643471808,0.9077338763668967,144.80972793637753,0.10531616577191093,1369.0
"training_set_primary_roi_006.tif","cda18c76-5736-407c-a397-0643560ab99b","Annotation","nuclei_histiocyte",1002.4391479492188,242.8785400390625,657.0,,,71.0,114.0,5567593.0,1.550834112321523,21.0,3.9289503822449126,167.0,90.33333333333333,13.762557077625605,87.0,49.0,118.0,9.329928607147776,92.05577853808344,0.731462436423555,17.724425269710515,5567593.0,0.42377255594244395,314.15525114155264,10.006841046277662,9.275269313506788,0.8336330725997018,1.57288843726342,0.40080482897384295,0.5938529701345584,0.3412474849094567,1.0320082276570792,0.28435498301681317,0.8384976525821596,0.8353319919517102,0.9894697917233131,0.9522755581105683,-0.22785182673026855,0.704636907410875,0.29673597138385865,3.116700201207243,0.2597038974288386,2.6684974730795963,0.4680080482897384,6.233400402414488,2.222412855165616,0.49342331655931565,4.298309996230541,89.5814307458143,0.13634920965877367,5.139597219036763,278.4185692541857,0.535893747002773,10.462709284627094,43.38356164383562,418.70319634703196,5.168859715880265,0.11955056654828342,0.06812887228570894,1.0365062851060716,0.007924534925647448,286.8702702702703,0.3101300219138057,0.8553396639883123,11.798918918918918,15.963243243243243,155.26054054054055,1.858333333333333,0.11880930930930932,4.311254900162778,243.30486486486487,0.26303228634039444,0.3519786910197869,7.891501533966399,0.5216902346158797,7.003928968157501,0.05905103596401803,11.1,0.2775,1.6474999999999997,17.25,3996.975,36370.45,449.93857638888886,0.1152986111111111,8.45,0.21125,0.45859365800267515,9.270927933039516,0.05664884676176409,4.165311532225101,0.060882800608828,3727.1943750000005,2.467363723867213,0.017532005806261807,4.2859599523610825,0.010149626360024663,0.2298150397479227,0.7890899580389031,32.8454423644358,34.36568055487916,660.0,25.918008737121855,95.15647290764231,0.14417647410248835,657.0,1.0448680180148036,0.9570586741662832,0.40115434008574685,57.177509739295516,0.7890899580389031,25.918008737121855,32.8454423644358,27.0,34.0,34.36568055487916,34.36568055487916,660.0,25.918008737121855,1.0448680180148036,0.9570586741662832,95.15647290764231,0.14417647410248835,657.0
"training_set_primary_roi_006.tif","d4254c8e-bd26-4a00-bb23-2dd845ad634b","Annotation","nuclei_tumor",224.33106994628906,251.62271118164062,807.0,,,102.0,131.0,1.0785315E7,1.0011158890689626,15.0,2.867052531811079,149.0,115.07187112763322,8.920124253549702,114.0,91.0,58.0,6.5048160062263936,115.60580695722201,0.49229614076018074,11.098066381845893,1.0785315E7,0.6023272204640622,123.167077415858,4.734466971877043,2.187259742652979,0.35691953654088976,0.7571960625209329,0.13145846958796598,0.7041404396464461,0.13145846958796598,0.5614245195127467,0.11417714036155581,0.934270765206017,0.934270765206017,0.9868541530412033,0.9671353826030085,-0.40666084535204877,0.7405558859994852,0.13145846958796598,2.1396337475474168,0.5072836433273263,1.5574644773298079,0.6926095487246566,4.2792674950948335,1.4260060077418417,0.2221636330272247,3.115607229343838,232.33085501858736,0.28789449196850975,3.10814143284673,486.07806691449815,0.2305293367053155,4.8314745972738535,60.60099132589839,286.58364312267656,14.880490155583091,0.26242599476800216,0.026293527393058288,0.12349304031585558,0.009944222329448657,228.6013986013986,0.3996527947576899,0.4520147684483347,5.136363636363637,59.16783216783217,265.1958041958042,14.533411033411031,0.3233294483294484,4.881992803998133,58.55944055944056,0.1023766443346863,0.1771995043370508,27.320357963714606,0.2645344938056846,1.3285725640860049,0.12207078748778863,6.142857142857143,0.4387755102040816,0.9234693877551019,5.214285714285714,26899.35714285714,111436.5,6648.722222222222,0.501984126984127,1.5714285714285714,0.11224489795918367,0.21014722902580388,0.5780756631454566,0.16926621032080735,3.52164063634332,0.01734820322180917,23576.658163265314,7.9944839566727985,0.02166193172739941,0.39337815819315025,0.010053153080092744,0.052182518931609786,0.7623955493877449,38.20453460261142,40.024992192379,807.5,29.12696714746104,113.91079678797061,0.1410660022142051,807.0,1.1308075310484251,0.8843237885697955,0.3747315505765977,49.89336166616898,0.7623955493877449,29.12696714746104,38.20453460261142,34.0,39.0,40.024992192379,40.024992192379,807.5,29.12696714746104,1.1308075310484251,0.8843237885697955,113.91079678797061,0.1410660022142051,807.0
"training_set_primary_roi_006.tif","1f760aa9-9f8a-41fa-88b7-33cbc4195ad4","Annotation","nuclei_endothelium",754.1058959960938,244.1819305419922,537.0,,,77.0,120.0,5445140.0,1.5228032038211348,23.0,2.23369572831532,135.0,99.48603351955308,12.843502595632657,100.0,66.0,69.0,9.684053432756086,100.69719714125256,-0.0946124136017203,15.570955226017631,5445140.0,0.39757047394137374,242.45464665064577,6.609646941819991,6.895325254639114,-0.6007143233952863,1.6368768392439297,0.3078070611636002,0.6834374356684951,0.30581800099453016,0.8967544213057975,0.21428241143130983,0.8474225095309134,0.8472899055196419,0.9819288033463014,0.9389027018067297,-0.2973006944101607,0.770086986042644,0.30407757334659374,2.505469915464943,0.2334184610203305,2.574447708070131,0.37294878170064644,5.010939830929886,2.260135697803435,0.48617097510188245,4.1411451503390815,83.76722532588454,0.15599110861431015,3.5569010538580783,213.49534450651768,0.4920431807857295,6.774674115456238,42.080074487895715,290.29795158286777,8.338376784605837,0.22840368301262154,0.04557149554766385,0.374161198309243,0.01175890957755994,250.06133333333332,0.3334151111111111,0.6725048888888889,6.730666666666667,14.090666666666667,99.92,2.6807407407407413,0.26478703703703704,4.235533057929006,162.66666666666666,0.21688888888888888,0.34916201117318435,5.888170666666664,0.41813573462412196,3.0008668106128287,0.12198584785965194,5.625,0.3515625,1.65234375,9.5625,6342.0625,46359.75,1026.9809027777778,0.3350694444444444,2.625,0.1640625,0.3632789982747113,4.653148946051972,0.08633256609434146,3.375,0.0297951582867784,5215.62109375,5.183524861048522,0.020425366359745817,1.5134826552469673,0.022127835299798577,0.09618298340748063,0.5136617240903386,36.53601037909212,36.359317925395686,535.0,18.767150082706966,89.93570239936797,0.16810411663433264,537.0,1.0968577491687093,0.9116952501433151,0.3539000706953619,44.50036210878324,0.5136617240903386,18.767150082706966,36.53601037909212,24.0,33.0,36.359317925395686,36.359317925395686,535.0,18.767150082706966,1.0968577491687093,0.9116952501433151,89.93570239936797,0.16810411663433264,537.0
"training_set_primary_roi_006.tif","72d8f519-4907-4f4a-a89d-f623ee803904","Annotation","nuclei_lymphocyte",933.0598754882812,245.1585693359375,340.0,,,59.0,115.10000000000002,2363461.0,1.6870472368371983,23.0,4.512679894018714,169.0,80.1735294117647,17.23861591695498,73.0,46.0,123.0,10.837042596138918,83.37479164803317,1.4126018439547774,22.881456772107864,2363461.0,0.3788754325259516,523.5610640138408,7.53082465972778,34.61054993944758,6.3956042700264195,2.737381578601552,0.40192153722978374,0.7439421920088473,0.33306645316253,1.0342438964387046,0.29098827500751595,0.8443421403789699,0.8403522818254601,0.9894618397420638,0.9536200388882536,-0.30681956284749995,0.7882021474531136,0.2784894582332532,2.6357085668534825,0.26433316388899747,2.6789843906800623,0.45956765412329864,5.271417133706966,2.2704789715254727,0.784825778957834,4.077693970907634,54.05294117647059,0.15897923875432526,5.805224913494811,128.81764705882352,0.9072231833910036,8.308823529411764,43.44705882352941,260.81470588235294,9.046485294117648,0.17847712418300657,0.06204177458020248,0.7791043912935545,0.008438713284696593,134.22381930184804,0.2756135919955812,1.1549654465802865,11.363449691991786,16.677618069815196,96.51334702258727,3.590763175906913,0.14171400866986084,4.222924924164086,145.4065708418891,0.2985761208252343,0.35808823529411765,8.878959729138295,0.5623027472585896,7.572931796221786,0.06932589739528418,4.894736842105263,0.25761772853185594,1.49584487534626,14.68421052631579,2093.2631578947367,11508.578947368422,442.77994152046784,0.14374269005847953,2.6842105263157894,0.14127423822714683,0.2874633296950047,3.992966623384901,0.03574469455367666,3.8924071185928786,0.05588235294117647,1773.0415512465372,1.7837785901762275,0.035734273635200355,4.228950558879135,0.016855418945712308,0.5612080873207149,0.48891277966505703,29.87778494667489,31.304951684997057,339.5,14.607630888513619,74.12338933901265,0.21833104370843195,340.0,1.1348290593778878,0.8811899834043719,0.3001455701826503,32.00855894319108,0.48891277966505703,14.607630888513619,29.87778494667489,17.0,29.0,31.304951684997057,31.304951684997057,339.5,14.607630888513619,1.1348290593778878,0.8811899834043719,74.12338933901265,0.21833104370843195,340.0
"training_set_primary_roi_006.tif","683a7d73-c0b4-42dd-8215-767e585d404a","Annotation","nuclei_tumor",70.29814147949219,249.7182159423828,676.0,,,82.0,142.0,8785402.0,1.913502265869677,30.0,2.584893960300455,177.0,111.81952662721893,17.95668919155487,112.0,70.0,107.0,13.120837551281339,114.00068773798571,0.2569752551807773,22.19347358117703,8785402.0,0.30846258884492844,492.5502695984028,9.119168953351627,22.49092549339706,1.0523637556235246,2.862649692259867,0.3002744021952175,0.8101286068030351,0.29400235201881614,0.8948323476405974,0.2138370192026216,0.8540441656866584,0.8536260290082318,0.9919099028467905,0.9581116648933191,-0.4121271640778925,0.8863863158317872,0.2885143081144649,2.9117992943943554,0.1851049257629655,2.9672661771087263,0.33320266562132494,5.823598588788709,2.652244942261842,0.790731023613771,4.514996390740174,102.65976331360947,0.15186355519764713,3.8908389062007633,208.5207100591716,0.8496266762368265,9.664201183431953,44.239644970414204,393.04881656804736,7.197023750821826,0.16699416502301112,0.04703581920385949,0.64537680382804,0.006948336244387386,229.33743016759777,0.25624293873474613,1.1673967728847416,11.017877094972068,15.501675977653631,142.5094972067039,2.4009733085040352,0.17036064556176286,4.671640085399617,186.99106145251397,0.20892856028213852,0.33099112426035504,6.373851003401893,0.4386041163328418,5.956974601501606,0.06908328211166932,5.2105263157894735,0.2742382271468144,1.8504155124653743,16.210526315789473,6962.736842105263,59170.68421052631,994.4173538011696,0.1757309941520468,3.3157894736842106,0.1745152354570637,0.4058060644882805,8.31446794095405,0.03372247260417977,3.721611723969903,0.028106508875739646,5696.875346260389,2.8370656977334305,0.019533887135178837,4.051355137246157,0.015478435251697419,0.2629780992293502,0.5486209228820241,40.14121324133242,39.56008088970496,672.5,22.022309454063922,101.9108953251742,0.15154036479579805,676.0,1.1085863853952191,0.9020496852335894,0.36879619085909693,48.32536018728931,0.5486209228820241,22.022309454063922,40.14121324133242,37.0,27.0,39.56008088970496,39.56008088970496,672.5,22.022309454063922,1.1085863853952191,0.9020496852335894,101.9108953251742,0.15154036479579805,676.0
"training_set_primary_roi_006.tif","0a5c4924-88ad-4ac7-8b8a-d71e375ddac1","Annotation","nuclei_tumor",28.56984519958496,254.7263946533203,693.0,,,87.0,140.80000000000007,9040986.0,1.7390958979490891,26.0,2.927923248860418,184.0,112.42712842712842,16.0586404136187,111.0,72.0,112.0,11.385714285714286,114.21976993566327,0.47977667534754864,20.156801278620964,9040986.0,0.3423869700925978,406.2966377858157,9.32771176696052,15.28492378878964,1.724298745562069,2.2733469264410524,0.3077807589114602,0.7615145034024726,0.2993484093522421,0.9071400598642507,0.21817128872974273,0.851731186917082,0.8511690302798006,0.9917157863114169,0.9573865191918086,-0.3601721149270058,0.838652873996005,0.29197010348792624,2.9725948639325406,0.20762945613416772,2.766260538429404,0.3641241855116903,5.945189727865081,2.4400495766502437,0.6452819213381282,4.388159394948373,101.60317460317461,0.1466135275659085,4.18980154045089,237.27417027417027,0.6977380483873988,9.854256854256855,43.97258297258297,374.6017316017316,6.607421436588102,0.1380707872374539,0.05029538242264999,0.690316685690363,0.006070383443543927,275.85530546623795,0.29566485044612856,0.860412940312859,11.765273311897106,15.521972132904608,129.42550911039658,2.382261521972133,0.12242408002858163,4.4606793339589625,201.81457663451232,0.21630715609272488,0.3365800865800866,6.694768113095053,0.450028841125323,6.212192070399091,0.04947694192240245,5.7272727272727275,0.2603305785123967,1.81198347107438,16.045454545454547,6705.318181818182,56129.954545454544,919.4049873737374,0.14119949494949496,4.454545454545454,0.2024793388429752,0.4475347018691224,8.18675703695616,0.051204866684632595,3.8453509366224345,0.031746031746031744,5713.068181818182,2.92318634398821,0.017552944840296,4.074621061876029,0.012337429122413805,0.2506423859308649,0.4339864760343731,45.60830955975692,45.254833995939045,692.0,19.793389543723716,108.30070005081717,0.15650390180753926,693.0,1.1613771702747544,0.8610467172894605,0.346405087965086,42.6354421016305,0.4339864760343731,19.793389543723716,45.60830955975692,35.0,36.0,45.254833995939045,45.254833995939045,692.0,19.793389543723716,1.1613771702747544,0.8610467172894605,108.30070005081717,0.15650390180753926,693.0
"training_set_primary_roi_006.tif","486fcd75-5803-41b0-a731-bc7a0fa93f54","Annotation","nuclei_tumor",143.59970092773438,254.86239624023438,673.0,,,68.0,124.0,5972325.0,1.8545074068987595,29.0,2.8881797279168153,152.0,91.7815750371471,17.274438156973684,87.0,57.0,95.0,12.477076562416684,94.20288086754262,0.7653050538584976,21.22086820667255,5972325.0,0.31452832563161115,450.3252474449658,5.351436442345532,24.961340731531912,2.9312613364994373,3.0017682459455566,0.30224321133412047,0.8170446953698101,0.2943722943722944,0.899345572829413,0.21558816364011169,0.8541256723074906,0.8536009445100355,0.9884378943940072,0.9511253537227565,-0.4110065409013298,0.8829370045418764,0.2874852420306966,2.1625344352617075,0.18429267296928561,2.9231800372989496,0.34081070444706807,4.325068870523415,2.599276512944235,0.8260028643199192,4.488876263774499,105.82020802377414,0.15723656467128402,3.715747942834307,211.6775631500743,0.8432403312660482,5.659732540861813,44.141158989598814,213.20208023774146,18.331509410599306,0.3725602608552088,0.04077833404838464,0.3457838057351607,0.010905334687726925,250.44656917885266,0.2817171756792493,0.9927232099362155,6.9235095613048365,15.78177727784027,76.13948256467941,6.373772028496437,0.31137482814648165,4.576436466798273,176.73228346456693,0.19879896902650948,0.3302377414561664,6.612257551045714,0.402418064650404,3.642953167530099,0.08321987323012232,3.75,0.234375,1.8125,12.375,7860.6875,36366.1875,2345.2170659722224,0.25793402777777774,1.875,0.1171875,0.19257341937172234,3.3732183197692414,0.013355147161720256,3.452819531114783,0.0237741456166419,6091.43359375,5.624758504571823,0.020586645096791856,2.619345782087777,0.021538337733229374,0.20313133434812558,0.727779557380599,35.34979770604787,35.73513677041127,679.5,25.726860128001235,100.42620150114385,0.1477942626948401,673.0,1.0867943546181713,0.9201372787323088,0.380928941751134,51.557302472216456,0.727779557380599,25.726860128001235,35.34979770604787,27.0,35.0,35.73513677041127,35.73513677041127,679.5,25.726860128001235,1.0867943546181713,0.9201372787323088,100.42620150114385,0.1477942626948401,673.0
"training_set_primary_roi_006.tif","344c2551-f58a-4913-b296-8b93e74ec7f0","Annotation","nuclei_tumor",365.30181884765625,256.0438537597656,1380.0,,,91.0,126.0,1.6833197E7,1.258475627609885,16.25,3.0365117043251044,146.0,109.6572463768116,10.279558916194077,110.0,70.0,76.0,7.085829604477333,110.44441516246853,-0.4123217010713099,13.162718474348328,1.6833197E7,0.5107844990548205,173.25715763495074,8.779367469879519,4.645794367124788,-0.2829349723979352,1.1774522789955004,0.16980421686746985,0.7479259259259258,0.16980421686746985,0.6572567138133617,0.14097074480149513,0.9150978915662651,0.9150978915662651,0.9900115166548547,0.9660391566265059,-0.4250403591275842,0.8110978932082891,0.16980421686746985,2.920180722891566,0.38963110773288934,1.9872123173786185,0.594691265060241,5.840361445783133,1.8174081005111486,0.3368141239657425,3.5723349233139645,329.6101449275362,0.2388479311069103,3.1758664146187767,704.8826086956522,0.3353134845620667,8.935507246376812,57.80724637681159,506.081884057971,7.623198470209339,0.1357890499194847,0.02847930667838794,0.27141307736862863,0.004849356628358761,419.6144144144144,0.37803100397694994,0.5439363688012339,9.457657657657657,45.69009009009009,396.1621621621622,5.917667667667666,0.14875500500500505,4.980829492840722,129.17657657657657,0.11637529421313206,0.20108695652173914,20.959629900170444,0.2742705200564016,2.7719409581747056,0.0499622903897616,8.5,0.425,1.3899999999999997,11.0,47271.5,414569.55,5639.543055555556,0.24305555555555552,2.7,0.135,0.2916488374698072,3.1120885138188696,0.08377364083059458,3.8841837197791884,0.014492753623188406,42510.5,7.172295706697242,0.011190357911897748,1.0740002865927234,0.009192483800582775,0.06246764908555508,0.7874935521819082,47.34288783439052,49.39635614091387,1380.0,37.282218911253835,136.77651907052814,0.09911341961632474,1380.0,1.0386448490106739,0.9627930095186206,0.4867285594289485,84.17360075857167,0.7874935521819082,37.282218911253835,47.34288783439052,47.0,37.0,49.39635614091387,49.39635614091387,1380.0,37.282218911253835,1.0386448490106739,0.9627930095186206,136.77651907052814,0.09911341961632474,1380.0
"training_set_primary_roi_006.tif","75008d89-75c5-4c81-9637-a8a10bce35be","Annotation","nuclei_lymphocyte",811.4530639648438,254.9451141357422,337.0,,,42.0,91.0,1444200.0,1.7512053332469506,22.0,5.182911903382087,154.0,62.32640949554896,15.24759397370761,57.0,32.0,122.0,10.041264851617028,65.46342444948033,1.4041804030656846,20.021953452297378,1444200.0,0.35427801600788944,400.87862004596286,4.037811745776348,19.782738224660843,2.880949025631014,2.1197191804272877,0.5285599356395817,0.6008276224112052,0.4271922767497989,1.1702129725833244,0.34606669432490494,0.8022928399034593,0.7965406275140785,0.986201648148551,0.940734781442746,-0.20858892945264482,0.7016621082149022,0.3479932064002858,1.907884151246983,0.19681932417677367,2.9110819154585443,0.3499597747385358,3.8157683024939657,2.3886597962339127,0.6620697790167173,4.3632324844784405,42.323442136498514,0.12558884906972853,5.242169958351311,119.39169139465875,0.8040750556930149,4.839762611275964,36.26409495548961,119.08902077151335,18.5950296735905,0.43473953181668334,0.08504719205519332,0.9249999649546596,0.019614490276273166,161.45328719723184,0.27933094670801356,1.1115677494282876,6.607266435986159,9.792387543252595,35.34948096885813,4.880354671280277,0.35169646289888506,4.018758985741358,182.6574394463668,0.31601633122208783,0.4287833827893175,4.353324313645671,0.5775152033393316,4.949763283944123,0.15037375294108957,7.592592592592593,0.2812071330589849,1.4183813443072706,12.777777777777779,1260.7777777777778,4532.185185185185,469.2799794238683,0.1896296296296296,5.37037037037037,0.19890260631001372,0.43388843552308753,7.435070823031107,0.03130525162910796,3.9121138909722304,0.08011869436201781,1104.9903978052125,2.695033672970898,0.03054343424600024,6.06357965734545,0.018863060723152924,0.6014945494851422,0.5552048179369482,27.81358851734941,27.85677655436824,334.0,15.442238348948171,70.07536603120059,0.20980648512335506,337.0,1.0816511329598535,0.9245125064156114,0.32123545160375155,36.66478834601846,0.5552048179369482,15.442238348948171,27.81358851734941,17.0,26.0,27.85677655436824,27.85677655436824,334.0,15.442238348948171,1.0816511329598535,0.9245125064156114,70.07536603120059,0.20980648512335506,337.0
"training_set_primary_roi_006.tif","f1013ce0-3284-4631-921f-86eee0e30afa","Annotation","nuclei_tumor",329.89190673828125,262.5115966796875,532.0,,,105.0,132.0,7349944.0,0.7947008643742741,14.0,2.8920522461439897,152.0,117.10526315789474,8.195488721804491,115.5,98.0,54.0,6.049328512396657,117.54013872089106,0.6365402325200201,10.101561822141045,7349944.0,0.6531389564135904,102.04155124653752,5.004538577912254,1.0537022033009218,0.574618222819518,0.5651181792589506,0.12859304084720125,0.6292605997419967,0.12758446797781142,0.5541247674455421,0.11231524437802003,0.936375861489326,0.9363086232980332,0.9924535018243303,0.9745167255000841,-0.32924967817289735,0.6330833834295496,0.12670196671709533,2.212556732223903,0.5509762888739868,1.2994334485259569,0.7216338880484114,4.425113464447807,1.1674748425976127,0.17342780502653798,2.9248455255692583,156.20676691729324,0.2936217423257392,3.5168607609248688,347.46992481203006,0.1790766860760925,5.107142857142857,59.8796992481203,286.32142857142856,13.671378968253968,0.2207732873851295,0.031178299170545414,0.2039420685950515,0.00712102843415438,195.34760705289673,0.49205946360931163,0.284400002537926,6.156171284634761,55.03778337531486,247.21914357682618,13.015743073047862,0.19829275118947665,4.506236816900564,48.05793450881612,0.12105273176024212,0.18656015037593984,26.306023133196707,0.31736276074263137,2.329001496811764,0.05809513111939896,3.5,0.4375,0.6875,8.25,22147.5,92204.875,5436.563368055556,0.23350694444444448,2.5,0.3125,0.5006549323160959,4.380890744318689,0.16066314932751546,2.75,0.015037593984962405,17725.25,3.1136401179941005,0.03024090404386826,0.8868489557668832,0.0038739572498966185,0.1746522018445189,0.4195699935863868,40.63714708429641,40.52159917870962,532.0,17.050127541527303,96.5304911565138,0.18144829164758233,532.0,1.180602688218241,0.8470250067863173,0.31647537420668914,35.586238924935515,0.4195699935863868,17.050127541527303,40.63714708429641,19.0,39.0,40.52159917870962,40.52159917870962,532.0,17.050127541527303,1.180602688218241,0.8470250067863173,96.5304911565138,0.18144829164758233,532.0
"training_set_primary_roi_006.tif","72c584ba-6818-4f33-bb05-d4056640f898","Annotation","nuclei_tumor",503.0006408691406,268.4739990234375,765.0,,,83.4,122.0,8557142.0,1.4094891852505746,19.0,3.1502211150323447,165.0,104.65882352941176,12.092549019607857,105.0,71.0,94.0,8.379613610149926,105.76297336945342,0.17146428200735434,15.242611107915819,8557142.0,0.43774787474902815,232.3371933871587,7.40186271127975,5.13071952324357,-0.16031484739107021,1.3000695723484008,0.28320110382890656,0.6422581330026585,0.27699206622973443,0.8715059934763163,0.20647649907468896,0.862538806484995,0.86212487064505,0.9891570586399957,0.9539824898569293,-0.2750826331743849,0.7287810277043871,0.27155915833045885,2.673508106243532,0.27417062014580573,2.374692780910763,0.43601241807519836,5.347016212487065,2.07400656405655,0.39581766904432675,4.061825258908565,116.92679738562092,0.15284548677858942,4.28397624845145,334.8771241830065,0.41414840445982304,7.735947712418301,46.576470588235296,342.33725490196076,7.835630718954248,0.1706474219317357,0.04551274707413829,0.42731543831524377,0.008719826362186392,341.8837696335079,0.35799347605602916,0.595338943559661,8.476439790575917,19.86387434554974,151.0366492146597,3.1521058755090174,0.17252268760907513,4.320045653042243,194.4387434554974,0.20360077848743183,0.31209150326797386,9.59705051944848,0.43538332072728114,4.300426545328362,0.06849325895018261,8.461538461538462,0.3254437869822485,1.2840236686390532,11.23076923076923,8498.192307692309,67965.0,1187.2617628205128,0.2133440170940171,3.6153846153846154,0.1390532544378698,0.30119875349449343,3.30525253125256,0.09524573985557225,4.132944044980959,0.03398692810457516,7632.474852071007,4.5630730088839195,0.013670105799513664,2.7164258067894993,0.010700187208037133,0.1265192812937638,0.5872648341033776,40.94445237017909,41.30375285612676,763.0,24.04523702862687,107.42377639441486,0.14079131899661187,765.0,1.097067159136268,0.9115212242679017,0.3866330524885114,53.11292296933197,0.5872648341033776,24.04523702862687,40.94445237017909,26.0,41.0,41.30375285612676,41.30375285612676,763.0,24.04523702862687,1.097067159136268,0.9115212242679017,107.42377639441486,0.14079131899661187,765.0
"training_set_primary_roi_006.tif","16a647b0-5bf8-45cc-962b-95dbca0e80a4","Annotation","nuclei_stroma",661.6028442382812,273.5310363769531,563.0,,,51.0,98.0,3178162.0,1.628557981141346,20.0,6.738778283119765,166.0,71.8259325044405,15.382930191911484,67.0,42.0,124.0,8.98221547572197,75.13353417330524,1.835655929282804,22.047298638127614,3178162.0,0.4376926450220684,486.0833772387837,5.992399049881237,35.74529076936607,5.7853879886372885,2.3569422424833983,0.41710213776722077,0.69928228925484,0.33919239904988124,1.0503264570246138,0.302050654194007,0.8426761678543156,0.8381947743467935,0.9890967452012586,0.9529012555140818,-0.28095479983923133,0.7594187153835424,0.2777513855898654,2.3467933491686463,0.30535756399478686,2.6301149820654497,0.5235154394299287,4.693586698337292,2.2331770139798968,0.6935110950626548,4.047421730977674,79.88809946714032,0.14189715713524034,5.545021752915899,246.4209591474245,0.8580334354463686,6.710479573712256,44.12611012433393,216.24866785079928,11.098153246496942,0.24749901322281423,0.06675097234473029,0.9875874346679663,0.012034883985993582,199.72866242038216,0.25443141709602823,1.5495703679662463,9.626751592356689,16.214012738853505,81.35286624203822,3.9973984430290166,0.23512066525123848,4.42364492900422,212.7936305732484,0.27107468862834194,0.34857904085257546,7.9840577711063325,0.5335037776505014,6.8826336472948135,0.1056634263787546,7.166666666666667,0.19907407407407407,2.6010802469135803,17.083333333333332,3561.1944444444443,15316.444444444445,868.5985879629629,0.22189814814814815,5.944444444444445,0.16512345679012347,0.3732197048457062,8.592101268870579,0.05055084508955926,4.305496793698874,0.06394316163410302,3316.619598765432,3.338599387975253,0.019490706182426282,4.437263876503315,0.016818243947155975,0.3583306502035229,0.43551554412802185,40.69234229780782,41.593268686170845,564.0,17.72214759767349,97.72397988310587,0.17326946787784728,563.0,1.160798027982204,0.8614763084481487,0.3293839620188898,38.54846991776906,0.43551554412802185,17.72214759767349,40.69234229780782,24.0,37.0,41.593268686170845,41.593268686170845,564.0,17.72214759767349,1.160798027982204,0.8614763084481487,97.72397988310587,0.17326946787784728,563.0
"training_set_primary_roi_006.tif","53dbcd31-f60f-44a6-ac8c-529b22a931e3","Annotation","nuclei_endothelium",756.16796875,272.6953125,508.0,,,87.0,129.0,6290882.0,1.3912120490978448,20.0,2.6212759048640843,149.0,110.21653543307086,12.214256928513853,112.5,74.0,75.0,8.78286541109477,111.2817414684546,-0.25393410828152413,15.360380899658793,6290882.0,0.43998387996776,235.94130138260266,8.724775488642365,4.824689811514005,-0.21538952433655256,1.333227848366197,0.22503961965134706,0.7111668898053212,0.2229265715795034,0.7732383769199679,0.17534336333515554,0.8888888888888887,0.8887480190174325,0.9867996643982473,0.9554851206198274,-0.36541789555941084,0.7941816680948665,0.22107765451664024,2.906497622820919,0.31034235453050957,2.2281214418050768,0.5076597992604331,5.8129952456418374,1.9953136363483002,0.389566867004386,3.9233709985442795,97.34645669291339,0.1916268832537665,4.321889143778289,223.51181102362204,0.4065503131006263,8.917322834645669,50.55118110236221,429.2716535433071,7.02755905511811,0.13957239720034995,0.037724096491906764,0.3916953557268635,0.005429516960887634,196.06261180679786,0.3507381248779926,0.5806753050585475,9.742397137745975,26.6046511627907,227.16636851520573,3.5839544822102964,0.141361061419201,4.425542190192089,106.12701252236135,0.18985154297381282,0.2750984251968504,13.390970971035035,0.4248004050118047,4.561714165248948,0.06023539917814094,4.090909090909091,0.371900826446281,1.0578512396694215,11.181818181818182,9656.90909090909,82480.36363636363,1225.4520202020203,0.19065656565656566,1.3636363636363635,0.12396694214876033,0.23359865762365703,3.215222659594566,0.037360782045435685,3.2776134368191165,0.021653543307086614,7524.148760330578,3.617354422251512,0.024917339272884573,1.4461301262014585,0.014607940643765157,0.13372714253581033,0.46741708137921606,38.14434475548283,36.61966684720111,506.0,17.82931829673039,93.34675888260736,0.18447976063756397,508.0,1.1706283912851851,0.8542420527680358,0.31653862794418514,35.60046554569755,0.46741708137921606,17.82931829673039,38.14434475548283,29.0,30.0,36.61966684720111,36.61966684720111,506.0,17.82931829673039,1.1706283912851851,0.8542420527680358,93.34675888260736,0.18447976063756397,508.0
"training_set_primary_roi_006.tif","c808de8f-bdde-47ab-acda-2f72dced3f71","Annotation","nuclei_endothelium",766.5527954101562,283.48577880859375,181.0,,,88.0,115.0,1819932.0,1.0716093673548395,14.0,2.9160159644975874,124.0,99.69060773480663,8.656023930893445,98.0,67.0,57.0,6.148245449427658,100.27398929022817,0.10920893515223813,10.800724866494296,1819932.0,0.49256738194804794,116.65565764170823,6.064162754303599,0.9966344742535267,0.06760526127072619,0.7773589896184618,0.26917057902973396,0.48559393428812136,0.2660406885758998,0.8472585185802001,0.19839293105179504,0.8675013041210224,0.8672926447574334,0.9732273985795112,0.9336463223787166,-0.17408068489391249,0.5534404697193113,0.26330203442879496,2.436619718309859,0.3060129163084926,1.9179547174058933,0.4162754303599374,4.873239436619718,1.6386109209782553,0.261632392162049,3.7739619805536404,28.116022099447513,0.15533713867098073,3.3824974817618507,89.15469613259668,0.26873416562375996,6.232044198895028,41.74033149171271,255.94475138121547,7.992786985880908,0.19536525475751998,0.04287559473349398,0.28531438137972603,0.009399074797142555,120.30708661417323,0.4736499472998946,0.30386260772521545,6.377952755905512,12.228346456692913,76.39370078740157,2.319991251093613,0.20231846019247604,3.698547831500414,51.125984251968504,0.20128340256680513,0.35082872928176795,4.103602207204415,0.4007241083951808,2.7099179920218304,0.08583462772827447,2.2,0.44,0.64,6.4,2723.8,15098.8,564.7166666666666,0.3166666666666667,1.0,0.2,0.2506273020008366,1.8555394367874212,0.07229487470065152,2.321928094887362,0.027624309392265192,1413.3600000000001,4.182039178376268,0.044344591660218466,1.0087648767749122,0.023525139220681328,0.14272848117563372,0.421309007260673,23.609324055564755,24.041630560342615,181.5,9.946820879945513,56.7750498598048,0.31281019206504024,181.0,1.188815003788238,0.8411737712036218,0.2393676227055846,20.357903872020337,0.421309007260673,9.946820879945513,23.609324055564755,19.0,17.0,24.041630560342615,24.041630560342615,181.5,9.946820879945513,1.188815003788238,0.8411737712036218,56.7750498598048,0.31281019206504024,181.0
"training_set_primary_roi_006.tif","ba4f78e0-254d-4527-930d-738f94e5db7c","Annotation","nuclei_tumor",120.18766784667969,284.68768310546875,248.0,,,90.7,130.3,3008884.0,1.4452138971928448,22.25,2.3590378467220554,144.0,109.13709677419355,12.391194068678457,108.0,79.0,65.0,9.14876033057851,110.14806750094868,0.3329658345818649,14.889287487783308,3008884.0,0.39737252861602496,221.69088189386056,3.5599547511312215,5.355942231091775,0.6097614740221309,1.514469144775905,0.2884615384615385,0.680008176527829,0.2861990950226244,0.8729174181136342,0.20655161646976924,0.8572775263951735,0.8571266968325792,0.9712582666202575,0.9285633484162895,-0.3030071218099425,0.7614117429112167,0.28421945701357465,1.8037330316742082,0.22903784730042384,2.4275399023874535,0.36877828054298645,3.6074660633484164,2.1313932579773387,0.45073267080936097,4.176268145809462,37.46774193548387,0.151079604578564,3.627731529656608,98.54838709677419,0.4570109261186265,3.9274193548387095,40.79838709677419,147.25,20.31451612903226,0.45631720430107536,0.042270501502572354,0.20778109799027142,0.015410602680687963,143.01666666666668,0.3972685185185185,0.45999999999999996,4.3277777777777775,11.816666666666666,42.34444444444444,5.839043209876544,0.40570987654320995,3.9214937613597973,77.24444444444444,0.2145679012345679,0.3629032258064516,4.2235802469135795,0.4289334841940213,2.090065529215632,0.1436298968069313,3.0,0.5,0.5833333333333334,6.833333333333333,3910.3333333333335,13408.333333333334,1681.3888888888887,0.2824074074074074,1.0,0.16666666666666666,0.17854612437266393,1.6066349694307398,0.01986547689415317,2.584962500721156,0.024193548387096774,2201.8888888888887,8.723217520703933,0.03862755009139555,0.7578715095222535,0.041467072423300506,0.10154242083957662,0.3723641308394619,30.06427902233514,30.4138126514911,246.0,11.194859127466893,71.32340255524426,0.289932530712375,248.0,1.2828018213967596,0.7795436390253678,0.23041571219085816,18.863680294398844,0.3723641308394619,11.194859127466893,30.06427902233514,30.0,13.0,30.4138126514911,30.4138126514911,246.0,11.194859127466893,1.2828018213967596,0.7795436390253678,71.32340255524426,0.289932530712375,248.0
"training_set_primary_roi_006.tif","da72d6ad-9f89-4dab-906a-1b5f9f54f723","Annotation","nuclei_lymphocyte",817.5568237304688,287.3421630859375,265.0,,,58.0,109.6,1852224.0,1.7314669262275795,24.0,2.9304322223054227,140.0,81.35094339622641,15.501829832680658,77.0,45.0,95.0,10.866975281683986,83.60337629726378,0.6087267299828248,19.275594331844935,1852224.0,0.34402278390886437,371.54853684585254,7.5904860392967946,11.98950512626951,1.441248038611119,1.9977948623072241,0.4084798345398139,0.6604877779955479,0.37745604963805585,1.0366685525275767,0.2660067651314474,0.8164426059979318,0.814374353671148,0.9845361107529919,0.9378293199389376,-0.249015239758541,0.7476580057404227,0.3503102378490176,2.6820062047569806,0.19160849929792775,2.878377317416654,0.2998965873836608,5.36401240951396,2.426964535834967,0.6015686742117594,4.230937209987456,37.50566037735849,0.1415307938768245,3.8028337486650052,91.16603773584906,0.6868778924884301,8.316981132075473,35.8,247.49433962264152,6.639884696016771,0.17705241090146753,0.06267398161221163,0.7300121917739841,0.011569235936474133,127.70428893905192,0.2882715325937967,0.9027510968208756,9.821670428893905,9.327313769751694,68.90744920993228,1.6743453724604966,0.16832831703034867,4.026173230257097,120.09706546275395,0.27109947057055067,0.4179245283018868,3.6019342773721137,0.5034743175455637,6.050835102015794,0.07538436760420775,3.5,0.21875,1.734375,13.125,971.5625,6708.375,172.28336805555557,0.2096527777777778,2.375,0.1484375,0.30390937314343336,4.424566001573213,0.08059324335415984,3.702819531114783,0.06037735849056604,697.24609375,2.1421413782904466,0.03841862982528326,3.0953972398503438,0.022197017608335676,0.32035209983855983,0.5555019075229309,24.702081877042623,24.698178070456937,264.0,13.722053602484799,62.45430994875999,0.23656935586651512,265.0,1.0843151326268357,0.922241117835757,0.30177646655273305,32.35735282283026,0.5555019075229309,13.722053602484799,24.702081877042623,21.0,19.0,24.698178070456937,24.698178070456937,264.0,13.722053602484799,1.0843151326268357,0.922241117835757,62.45430994875999,0.23656935586651512,265.0
"training_set_primary_roi_006.tif","25762b24-fdfe-45b9-878f-c5dc698b9498","Annotation","nuclei_tumor",408.6302795410156,297.2879638671875,668.0,,,70.0,117.30000000000007,5723335.0,1.6735121950428997,24.0,2.9346770058702214,147.0,90.83383233532935,14.42023288751835,88.0,61.0,86.0,10.496335446796797,92.56277203318334,0.7483580592869795,17.80678718198046,5723335.0,0.3638755423285166,317.0816697443437,4.867647058823529,12.005562616536457,1.1809572860790953,2.067814634984746,0.2599364069952305,0.7766630517547705,0.2599364069952305,0.8266503946176756,0.19236947131364035,0.8700317965023847,0.8700317965023847,0.9847096231179276,0.9480127186009538,-0.3976168657966482,0.8517862694751817,0.2599364069952305,2.1013513513513518,0.23523866965253856,2.605271764915546,0.42090620031796505,4.202702702702703,2.3453353579203156,0.5819377604949942,4.2366739315097055,111.54491017964072,0.16698339847251606,3.6934992290867363,243.0688622754491,0.6313309010721073,5.258982035928144,46.92215568862275,215.59730538922156,17.285231620093146,0.3522850133067199,0.038228689776531585,0.2805289065199156,0.011892223619182647,238.8469135802469,0.29487273281511966,0.8594131992074376,6.379012345679012,19.244444444444444,88.25432098765432,6.958624828532234,0.326457475994513,4.598505521462267,151.33333333333334,0.1868312757201646,0.3031437125748503,8.362591068434691,0.39879127285382265,3.206322094436156,0.11410129587366195,3.933333333333333,0.26222222222222225,1.44,8.2,9961.333333333334,44964.86666666667,2838.14212962963,0.3597222222222222,3.933333333333333,0.26222222222222225,0.25065052128644866,2.9886355273928014,0.054113257507018196,3.373557262275185,0.02245508982035928,7978.115555555557,8.549403572023513,0.01952376447350571,1.3417336317995803,0.025489737592792053,0.09902243625747839,0.4824766436430935,42.161172343684136,42.80186911806539,668.5,20.34178092443874,103.83072726906079,0.1553189637532697,668.0,1.1328443896367266,0.8827337709821502,0.3564820209736993,45.15205371207398,0.4824766436430935,20.34178092443874,42.161172343684136,34.0,32.0,42.80186911806539,42.80186911806539,668.5,20.34178092443874,1.1328443896367266,0.8827337709821502,103.83072726906079,0.1553189637532697,668.0
"training_set_primary_roi_006.tif","bee095b2-a92f-4abe-a66e-daa1465da718","Annotation","nuclei_histiocyte",678.862548828125,299.14617919921875,402.0,,,91.0,121.90000000000003,4546221.0,1.3255281568149986,14.0,4.412608772662595,153.0,105.53980099502488,9.616098611420526,105.0,71.0,82.0,6.000989897225378,106.34381722830231,0.8756394436753969,13.052121230555342,4546221.0,0.46342912304150885,170.35786861711347,7.866978609625669,4.953777145383218,0.29725958970553984,1.2119551424118504,0.2667112299465241,0.6392543511743796,0.26537433155080214,0.8404963434012143,0.19628769410048902,0.8675356506238859,0.8674465240641712,0.9897525142200598,0.9558027756557169,-0.27989729440663286,0.7223644471985416,0.2642045454545454,2.762366310160428,0.2989183276616432,2.2669069856167345,0.48262032085561496,5.524732620320855,1.997329333938922,0.3696665930895936,3.9810517604659146,65.13930348258707,0.16203806836464443,4.458206480037623,186.29850746268656,0.37340659884656313,7.970149253731344,46.353233830845774,368.96019900497515,6.799234383637369,0.15577529021558872,0.05217249017259382,0.4631788689771099,0.008531881307542417,192.83464566929135,0.3795957591915184,0.5486855973711946,8.078740157480315,19.283464566929133,158.41338582677164,2.6783081802274715,0.16911800087489068,4.2166250771920994,105.94881889763779,0.20856066712133425,0.31592039800995025,9.263996527993058,0.43747111292193946,3.767838626677011,0.07680201460514285,4.647058823529412,0.27335640138408307,0.9965397923875434,9.647058823529411,3492.235294117647,29203.647058823528,453.9260784313725,0.18862745098039216,3.235294117647059,0.1903114186851211,0.4076137380646908,4.236265061754495,0.06210047028361625,3.690116517593666,0.04228855721393035,2933.0519031141866,2.5028749787667746,0.023872665543446723,2.710001089536236,0.009378954657595978,0.24094299301455374,0.6786303784550661,27.52894018394823,28.460498941515414,402.5,18.681975095499663,75.46473848996382,0.18749003351543805,402.0,1.0610997129496744,0.9424185001616598,0.34639757357798756,42.63359238433543,0.6786303784550661,18.681975095499663,27.52894018394823,19.0,27.0,28.460498941515414,28.460498941515414,402.5,18.681975095499663,1.0610997129496744,0.9424185001616598,75.46473848996382,0.18749003351543805,402.0
"training_set_primary_roi_006.tif","7da0ed05-03cc-4b29-8605-0640afc25f68","Annotation","nuclei_tumor",339.46270751953125,315.8869934082031,1209.0,,,63.0,104.0,8144811.0,1.4513387126901134,25.0,2.5338514175918267,123.0,80.53184449958644,13.255574916825218,78.0,51.0,72.0,10.11282990619804,82.07811143764954,0.6093713905018758,15.856809220825202,8144811.0,0.3869483149880172,251.43839866564716,3.16803102111159,6.473501805296336,1.154127932335534,1.7211211590927191,0.15962947005601036,0.8302491913792288,0.15962947005601036,0.6334223920671365,0.13414790234564766,0.9201852649719949,0.9201852649719949,0.984037052994399,0.9600926324859976,-0.5098608214293927,0.8739991619534634,0.15962947005601036,1.6666307626023267,0.29824125619240693,2.1092569338491773,0.4105988797931926,3.333261525204653,1.9496274637931674,0.47018765728718237,3.5849536786268987,342.81306865177834,0.28355092527028813,3.34789875492669,467.8205128205128,0.4972480315472391,3.4061207609594706,58.899090157154674,172.9263854425145,36.604011579818035,0.5593006157522286,0.02713676789681654,0.13386628309535376,0.011185277728167584,339.60320855614975,0.36321198776058794,0.5263633503960652,4.7871657754010695,51.41390374331551,131.86096256684493,35.57783719548426,0.38357100415923934,4.807557783970659,116.65775401069519,0.1247676513483371,0.1933416046319272,24.662328347965346,0.31570962331007374,2.0107506812634157,0.07199938711761635,7.545454545454546,0.6859504132231405,0.38016528925619836,7.818181818181818,50126.27272727273,131069.81818181818,31548.871212121212,0.20454545454545456,2.090909090909091,0.19008264462809918,0.37223451475305924,3.350106256881074,0.04135972702563209,2.7321588913645707,0.009098428453267164,38046.26446280992,43.198126423126446,0.014546426671920921,0.42667875465311406,0.026558804237334536,0.038734124126570006,0.6595909233118034,48.391804152817876,48.104053883222775,1211.0,31.918794781881104,129.13004306688978,0.10663091913037967,1209.0,1.0467676496056624,0.9553218427955043,0.465616393893226,77.02980033264707,0.6595909233118034,31.918794781881104,48.391804152817876,45.0,37.0,48.104053883222775,48.104053883222775,1211.0,31.918794781881104,1.0467676496056624,0.9553218427955043,129.13004306688978,0.10663091913037967,1209.0
"training_set_primary_roi_006.tif","ece21ed6-7954-42bf-8112-0fb65136a7e8","Annotation","nuclei_endothelium",757.4918212890625,311.9234924316406,275.0,,,77.0,105.0,2294447.0,0.9780134278964349,15.0,4.3022840240673395,142.0,90.64363636363636,8.663695867768611,90.0,68.0,74.0,5.922540167708988,91.34245254186925,0.8386099052593383,11.277181524676092,2294447.0,0.6240132231404958,127.17482314049579,4.444782168186422,1.4203134397879662,0.2764670495358934,0.5280377429378269,0.24113475177304958,0.3730021459914801,0.2310030395136778,0.8058430040459431,0.18777234750849187,0.8861870989530564,0.8855116514690984,0.9859943977591037,0.9541371158392437,-0.11597606221095169,0.4319033295202984,0.22213779128672742,2.0911854103343464,0.5018898158327763,1.676957810423161,0.6960486322188449,4.182370820668693,1.4075169587543654,0.19229312367771917,3.3031033986093803,51.75636363636364,0.18820495867768594,6.079550413223142,171.60363636363635,0.2235239669421488,4.810909090909091,49.06545454545454,208.42545454545456,12.265984848484848,0.259520202020202,0.06140206085801323,0.4040856140772807,0.018183719565267185,132.98214285714286,0.3957801870748299,0.47079613095238093,5.818452380952381,24.488095238095237,103.2202380952381,6.148065476190476,0.2786044973544974,3.770087342039734,98.05952380952381,0.291843820861678,0.3054545454545455,13.770266439909298,0.5577317005390883,3.617104050833601,0.16451651566975156,5.857142857142857,0.41836734693877553,0.9591836734693878,6.857142857142857,3234.785714285714,13171.5,805.7286706349207,0.37152777777777773,3.0,0.21428571428571427,0.4181502171301993,3.397272503703796,0.13921929457508556,3.3248629576173574,0.05090909090909091,2848.94387755102,2.4018665913525727,0.04115538670563423,1.4561057982642462,0.008546001823588386,0.20313295053533964,0.40139272174045504,30.051118446757414,33.12099032335839,274.5,12.062300224688753,73.95507609543724,0.2694173992547805,275.0,1.2591917855408916,0.7941601998066128,0.24350923147585576,21.068475244407193,0.40139272174045504,12.062300224688753,30.051118446757414,17.0,29.0,33.12099032335839,33.12099032335839,274.5,12.062300224688753,1.2591917855408916,0.7941601998066128,73.95507609543724,0.2694173992547805,275.0
"training_set_primary_roi_006.tif","63534129-cfd0-4a17-b521-71016001ac6c","Annotation","nuclei_histiocyte",716.0120849609375,316.3181457519531,589.0,,,75.0,113.0,5158687.0,1.400699701874513,21.0,2.9260685598254814,139.0,92.42614601018676,11.961443671613992,90.0,66.0,73.0,8.7460411639835,93.58622763738042,0.6170401661497067,14.689776618424938,5158687.0,0.46368769835207446,215.789537099224,5.002703920684993,5.607218747700639,0.6950573031808638,1.2992353107589598,0.23974763406940058,0.6884336699440954,0.23884632717440285,0.7970888045188692,0.18270006606469877,0.8807270542286317,0.8806669671022985,0.9859131034117117,0.9522607781282859,-0.33340296586361434,0.7693355423117973,0.23805768364127983,2.1766561514195586,0.33304701235448464,2.2399062640456857,0.5398828301036503,4.353312302839117,1.9970166177389037,0.3847457362070902,3.9234816742923138,99.14261460101868,0.16832362411038823,4.3526912467103465,273.1120543293718,0.4223209318548026,5.34634974533107,49.76061120543294,245.2988115449915,12.930331541218639,0.27955810224485944,0.04837844285359243,0.3465325198022364,0.01540719812417201,209.87087087087087,0.31512142773404034,0.7432229526824122,6.208708708708708,24.01201201201201,116.96996996996997,6.023815482148816,0.3141161995328663,4.52671703584863,126.6036036036036,0.19009550090631172,0.2826825127334465,11.49784018252487,0.4230395158988439,3.1770749875889903,0.1362331350204895,6.818181818181818,0.30991735537190085,1.5227272727272727,7.7727272727272725,7061.136363636364,32328.5,1677.7945075757575,0.42739898989898983,4.363636363636363,0.19834710743801653,0.424588983461357,3.635645806455126,0.14806344099320826,3.7321588913645694,0.03735144312393888,6344.357438016529,6.0285087199541785,0.020261807982634703,1.36844981373127,0.01669745109785195,0.10026972093194217,0.7131445794590274,32.650973301748174,34.20526275297414,592.5,23.28486462420313,91.06539354565238,0.1536968667437171,589.0,1.0553688206233307,0.9475360466015773,0.384665613611974,52.573752527810946,0.7131445794590274,23.28486462420313,32.650973301748174,30.0,28.0,34.20526275297414,34.20526275297414,592.5,23.28486462420313,1.0553688206233307,0.9475360466015773,91.06539354565238,0.1536968667437171,589.0
"training_set_primary_roi_006.tif","571508f3-01dd-4c35-92ae-e0730d07b58e","Annotation","nuclei_tumor",8.222785949707031,317.34912109375,291.0,,,93.0,134.0,3636186.0,1.5106530982953306,23.0,2.213899026339412,153.0,110.78350515463917,12.471676054841167,109.0,81.0,72.0,9.542960615663185,111.78320328243629,0.3211024883882822,14.916417858672014,3636186.0,0.3805694311592918,222.4995217345094,4.116104868913856,6.1392283022235326,0.26774972978848377,1.646232237792647,0.22284644194756556,0.7615440758453897,0.22284644194756556,0.7653310679780514,0.17318590525887587,0.888576779026217,0.888576779026217,0.9868913857677902,0.9554307116104869,-0.4023046115575195,0.832972558248544,0.22284644194756556,1.9391385767790266,0.2562176492867062,2.3503647858382317,0.4250936329588015,3.8782771535580522,2.127518343890666,0.4672696699350531,4.186013491818872,48.69072164948454,0.16732206752400183,4.091354613195403,110.74570446735395,0.49685289498234547,4.347079037800687,49.04123711340206,205.19931271477662,20.213750477281405,0.4172632684230622,0.041306956122145945,0.25307946616345406,0.013844532998844326,113.33532934131736,0.33932733335723764,0.6098820323425005,4.730538922155689,19.730538922155688,83.437125748503,7.743097139055223,0.41708250166334004,4.446495461518722,55.1497005988024,0.16511886406827064,0.2869415807560137,7.585105238624549,0.36150482979359755,2.1078593740868503,0.12820601254814676,2.5555555555555554,0.2839506172839506,0.8888888888888888,6.333333333333333,2968.1111111111113,12551.0,942.8248456790124,0.34953703703703703,1.2222222222222223,0.13580246913580246,0.26391088154797404,2.9511316510571954,0.029628974916405353,3.169925001442312,0.030927835051546393,1922.6666666666663,3.5172559344700765,0.04149195172580141,1.498203127769154,0.018908080694275416,0.24514412561013585,0.8847575107383132,20.725940517709603,23.021728866442675,295.5,18.337431540159095,65.56570524127075,0.2218805591921176,291.0,1.07595240919187,0.9294091369255666,0.31402732768436553,35.03782450572948,0.8847575107383132,18.337431540159095,20.725940517709603,18.0,19.0,23.021728866442675,23.021728866442675,295.5,18.337431540159095,1.07595240919187,0.9294091369255666,65.56570524127075,0.2218805591921176,291.0
"training_set_primary_roi_006.tif","7f9219e4-ddb6-4abb-9b7b-5a26ef1f58bb","Annotation","nuclei_lymphocyte",837.582763671875,318.6425476074219,360.0,,,37.0,99.10000000000002,1494262.0,1.6580888547279204,21.25,8.563892688637004,198.0,56.90555555555556,21.067253086419612,44.0,30.0,168.0,11.173014017312047,64.42614203704719,2.3204460497426163,30.207375336022807,1494262.0,0.44586419753086415,912.485524691359,3.471204188481676,151.14010982561211,19.87913883804355,4.266892075215001,0.5056095736724009,0.7881154954486931,0.33507853403141363,1.0772847173242763,0.39333194970375973,0.8573298429319364,0.849513836948392,0.9904336853743289,0.9603652455746693,-0.3677158919320475,0.8156055569232877,0.2194174353860217,1.5908750934928944,0.3925087646966353,2.4286979412778367,0.6118175018698578,3.181750186985789,2.0336214132617534,1.1931254122218504,3.3689945872479052,84.05555555555556,0.23348765432098764,7.298888888888885,160.51111111111112,1.5493749999999997,4.525,49.11666666666667,76.425,44.854599111866975,0.693009164777022,0.07894191879426667,1.3148748849591279,0.017180668518693487,99.71929824561404,0.21868267159125884,2.382959179747615,10.103070175438596,26.63157894736842,44.62719298245614,24.652999711580538,0.31768126914508493,4.116256757539554,177.890350877193,0.39011041859033546,0.31666666666666665,16.659279778393355,0.6476439734336056,8.784474753260156,0.0980973611777953,5.0,0.18518518518518517,2.2085048010973938,20.666666666666668,2036.0,2539.5925925925926,1938.0920235995634,0.1068512219702696,6.62962962962963,0.24554183813443073,0.4834472629560485,12.330806275551645,0.024104736432205728,3.9023115759170293,0.075,1858.2222222222224,2.1000462962962954,0.0501242082521619,5.3789831403983825,0.018265614658699046,1.6847124824684439,0.9285336473000048,22.26409324669733,23.259406699226016,359.5,20.672959706183274,68.82319597667956,0.19144143526197374,360.0,1.0239540236964122,0.9766063483886321,0.3552398711961781,44.837940259225725,0.9285336473000048,20.672959706183274,22.26409324669733,21.0,22.0,23.259406699226016,23.259406699226016,359.5,20.672959706183274,1.0239540236964122,0.9766063483886321,68.82319597667956,0.19144143526197374,360.0
"training_set_primary_roi_006.tif","9de04a7e-f60c-4360-ac31-ef15ce194a0e","Annotation","nuclei_tumor",84.51681518554688,320.419677734375,402.0,,,107.0,140.0,6094068.0,1.1709532174613335,17.0,3.164115037361289,165.0,122.46268656716418,10.152075443677127,121.0,101.0,64.0,7.128888314039962,123.12340611893563,0.7235950232740167,12.738270411671447,6094068.0,0.49284671171505656,162.26353308086425,2.252173913043478,3.7538410576555936,1.1449845735453947,1.1123974004765047,0.23478260869565218,0.6514458244671754,0.23210702341137124,0.7912146637317732,0.18090893837876534,0.884392419175028,0.8842140468227427,0.9766452276820169,0.9421070234113714,-0.2897926675741743,0.6997163260074647,0.22976588628762543,1.425752508361204,0.34633818413664275,1.984570260558918,0.5297658862876254,2.8515050167224074,1.7420281270331512,0.33679500229303927,3.693329980250241,70.39800995024876,0.1751194277369372,4.0666567659216355,198.12437810945275,0.34034429840845526,2.400497512437811,49.243781094527364,95.40049751243781,38.774253731343286,0.7023908236594801,0.038422505841289895,0.13492019854744922,0.01907241270264325,191.55021834061137,0.4182319177742606,0.41445147880475197,3.2336244541484715,20.820960698689955,39.03493449781659,16.641072295002424,0.550764192139738,4.090439733198419,77.14410480349345,0.16843691005129574,0.2848258706467662,8.49442230315974,0.37586581027700705,1.600260243726666,0.13312978210759455,4.818181818181818,0.4380165289256198,0.3801652892561984,5.545454545454546,6456.545454545455,9376.818181818182,5738.699494949495,0.2676767676767677,1.5454545454545454,0.14049586776859505,0.2379568684741131,1.1954744050473674,0.052722248296992145,2.9139770731827523,0.02736318407960199,5120.97520661157,17.042896916831246,0.027174584392141293,0.7190761646007648,0.025110571701741653,0.08940606432396099,0.674204085018409,27.75949776989824,28.792360097775937,401.5,18.715566794524808,75.10813731912484,0.1870688351659398,402.0,1.0573999482091365,0.9457159532621957,0.3480007066644976,43.029123323248186,0.674204085018409,18.715566794524808,27.75949776989824,20.0,27.0,28.792360097775937,28.792360097775937,401.5,18.715566794524808,1.0573999482091365,0.9457159532621957,75.10813731912484,0.1870688351659398,402.0
"training_set_primary_roi_006.tif","006af2e6-8c89-4694-9e31-433564349230","Annotation","nuclei_lymphocyte",790.7518920898438,333.22344970703125,354.0,,,39.0,103.0,1707638.0,1.9515715630532513,28.0,7.308623378577688,192.0,62.46892655367232,21.844521050783676,52.0,29.0,163.0,12.768679593721147,69.45384192535421,2.0088897169916082,30.355714016046146,1707638.0,0.3227999616968304,921.4693734239804,4.387470997679815,134.85445142095097,16.97262037180292,4.489985638655165,0.6581593194122196,0.7443120484084842,0.42304717710750195,1.2331108302314984,0.4791904053535935,0.8213585975766948,0.8116600700605066,0.9876774265792254,0.9501660065465165,-0.33268609218218637,0.8351993095619515,0.2745499269571195,1.851894818252127,0.22756869789077827,2.9966431241414817,0.40448569218870845,3.7037896365042537,2.482834324804376,1.2870362395168464,4.140317718244713,51.943502824858754,0.14673305882728463,6.841584474448594,114.27118644067797,1.615819209039548,5.6158192090395485,41.56497175141243,99.12994350282486,30.805503686408652,0.5381056311413455,0.09704146044272491,1.6168418026605913,0.017371528066918333,124.4509090909091,0.22627438016528925,2.1965652892561986,9.965454545454545,15.025454545454545,40.156363636363636,11.474782148010718,0.29448049886621314,4.180156353269669,202.82545454545453,0.3687735537190083,0.3884180790960452,8.397170247933882,0.6307305944673215,8.497394058988284,0.10202108155176756,6.9411764705882355,0.2041522491349481,2.1176470588235294,18.11764705882353,910.0588235294117,1666.5882352941176,748.8975425170069,0.11181322529011606,8.058823529411764,0.2370242214532872,0.49102537693147413,11.895739944092178,0.02676553651601457,4.113362385992581,0.096045197740113,801.6539792387545,2.259859962406014,0.04122286172000644,6.87528183473181,0.024457386230273822,1.1963947343740946,0.4120801385704012,33.55268614276431,34.52535300326414,358.0,13.826395555119497,81.52112535516957,0.22771264065689825,354.0,1.215412562519927,0.822765891054055,0.27441183688366677,26.75518313679171,0.4120801385704012,13.826395555119497,33.55268614276431,15.0,34.0,34.52535300326414,34.52535300326414,358.0,13.826395555119497,1.215412562519927,0.822765891054055,81.52112535516957,0.22771264065689825,354.0
"training_set_primary_roi_006.tif","f8890d08-68fa-42fd-8023-697c6c990c8e","Annotation","nuclei_tumor",43.25825119018555,331.5810546875,353.0,,,120.0,147.8,6469928.0,0.9519899988237811,13.0,3.443777260034789,166.0,134.91218130311614,8.687751286022682,136.0,101.0,65.0,5.751859750049594,135.38245060572413,-0.4706444592269869,11.274363310025505,6469928.0,0.6384851816481956,127.11126804644927,3.6873088685015296,1.7683008880870248,-0.3586586429724742,0.6316966164464269,0.15214067278287463,0.6118054732188997,0.15061162079510704,0.6163793300472307,0.12945681246434548,0.9249490316004078,0.9248470948012232,0.9848565043519172,0.9624235474006116,-0.31267431357359743,0.6564423536171323,0.1492737003058104,1.8887614678899083,0.5334374912325001,1.5210605130454748,0.7171253822629969,3.7775229357798166,1.362561347978601,0.1959593223073254,3.1379463112125956,88.02549575070822,0.24936401062523575,4.0514730075676715,225.38526912181302,0.21138120039483507,3.8895184135977336,57.345609065155806,211.22096317280455,19.68885741265344,0.35316336166194523,0.04051759225356284,0.20837830562924994,0.015334493439595963,121.88666666666667,0.40628888888888887,0.4459555555555553,4.553333333333334,38.233333333333334,146.43333333333334,11.961111111111112,0.37462962962962965,4.359985026246826,41.61333333333334,0.13871111111111112,0.21246458923512748,16.080622222222225,0.346840774118776,2.1610865669126618,0.11248657329113222,4.818181818181818,0.4380165289256198,0.8760330578512397,5.636363636363637,7122.818181818182,28034.81818181818,1913.8080808080806,0.4469696969696969,2.8181818181818183,0.256198347107438,0.46639838764814495,2.727816109287984,0.215129254656816,2.845350936622437,0.031161473087818695,6092.991735537191,4.173752266437637,0.04237283291511144,0.4543682779932209,0.011262210525110044,0.09408960376702699,0.8177271735788979,23.553674654406418,23.853720883753127,348.5,19.260479802544683,68.63600753177504,0.19694693696348647,353.0,1.0371598350947633,0.9641715444067808,0.34577996519508525,42.48170107334529,0.8177271735788979,19.260479802544683,23.553674654406418,22.0,21.0,23.853720883753127,23.853720883753127,348.5,19.260479802544683,1.0371598350947633,0.9641715444067808,68.63600753177504,0.19694693696348647,353.0
"training_set_primary_roi_006.tif","036e4e04-fc38-4979-b4f7-88871613f2a0","Annotation","nuclei_tumor",19.01430320739746,339.1533508300781,415.0,,,126.4,154.0,8179705.0,1.0458727124454736,14.0,3.0445526028928698,170.0,139.9734939759036,8.529435331688205,140.0,111.0,59.0,5.923008786848074,140.39277948000205,-0.020126755651688186,10.842209843853617,8179705.0,0.5939730004354769,117.55351429815626,4.434108527131784,2.183448636224452,0.16854440765566236,0.713066455675073,0.18733850129198967,0.583879453700425,0.18733850129198967,0.6958704897629654,0.15224278722566084,0.9063307493540051,0.9063307493540051,0.9812661498708011,0.9531653746770026,-0.2694210054035231,0.643505515001296,0.18733850129198967,2.0742894056847545,0.4766565510886766,1.7169712697321835,0.6757105943152455,4.148578811369509,1.5296327684401938,0.22510123924176567,3.3575301815091607,89.75662650602409,0.21628102772535926,4.208123094788794,246.49879518072288,0.24506314414283636,4.609638554216867,54.089156626506025,237.29397590361447,14.245113788487284,0.28768406961178045,0.03469379559052537,0.17805508010879495,0.011422228523146083,151.91044776119404,0.3778866859731195,0.4951362590034901,5.114427860696518,33.33830845771144,142.01990049751242,8.627833056937535,0.3417634051962411,4.320849956101442,67.26865671641791,0.16733496695626346,0.2421686746987952,16.286750327962185,0.39437830153204473,2.2277119133980774,0.14846652026583096,4.090909090909091,0.371900826446281,0.8099173553719008,5.181818181818182,9010.818181818182,37456.454545454544,2233.449494949495,0.45959595959595956,1.1818181818181819,0.10743801652892562,0.14515509991590242,0.78174543772997,0.03654365556454596,3.2776134368191165,0.02650602409638554,7587.471074380163,5.706955956444012,0.03102315541265958,0.5394864036828884,0.015134722981372112,0.07176646574220145,0.868340006616383,24.75704156482442,25.495097567963924,419.5,21.497529636201705,75.00562519789855,0.17879767627627785,415.0,1.0330537553991987,0.9680038379160376,0.36434790419370877,47.1666245759845,0.868340006616383,21.497529636201705,24.75704156482442,23.0,24.0,25.495097567963924,25.495097567963924,419.5,21.497529636201705,1.0330537553991987,0.9680038379160376,75.00562519789855,0.17879767627627785,415.0
"training_set_primary_roi_006.tif","cc79aa44-f520-4da6-bb57-2cf5b1433130","Annotation","nuclei_endothelium",722.6072387695312,340.282958984375,426.0,,,68.0,132.0,4465520.0,2.0061853981260036,37.0,2.692896051468692,190.0,99.46478873239437,20.254711366792314,98.5,52.0,138.0,15.49879726984505,102.38379419885743,0.32275479463770756,24.273382891021708,4465520.0,0.26917057902973396,589.1971169741453,7.070662460567823,28.537864268280362,0.8376525508245765,3.5551568828428977,0.3419558359621452,0.8245081111910987,0.3255520504731862,0.9564117038610234,0.23597169839484924,0.8399579390115669,0.838864353312303,0.9908244522124647,0.9537854889589905,-0.41257118936025716,0.8967101763369988,0.3111987381703471,2.503470031545741,0.14488411666948614,3.1360170810353996,0.24100946372239748,5.006940063091484,2.773502056216946,0.974278179701261,4.754727294132572,60.10328638497653,0.141087526725297,4.204897617315789,114.66666666666667,1.0246423769534265,7.262910798122066,41.16901408450704,282.1220657276995,12.885828768909755,0.30611437141366715,0.05998946500874738,0.6933281508569348,0.014238782088207443,158.491961414791,0.25481022735496944,1.1959863938544888,7.929260450160772,12.212218649517684,83.7459807073955,3.6897007859949986,0.29449267595569845,4.558328325200686,142.95498392282957,0.22983116386307006,0.36502347417840375,4.707085327901902,0.4691983868978899,4.2419959755486305,0.12411408034867202,3.8421052631578947,0.20221606648199447,2.637119113573407,13.631578947368421,2279.684210526316,15669.684210526315,505.92042397660816,0.255219298245614,5.0,0.2631578947368421,0.49023540366131985,9.266795581159359,0.05866773664268479,3.2210972500579578,0.04460093896713615,1776.980609418283,2.218432782142049,0.032591217657765806,4.519422932402062,0.019323622063518706,0.49251459242976015,0.626743513529881,29.565606132805843,30.01666203960727,423.5,18.530051867315333,78.60350259382646,0.18560449254740605,426.0,1.0774825847003051,0.9280892463595072,0.3428590600551027,41.76702156545812,0.626743513529881,18.530051867315333,29.565606132805843,26.0,26.0,30.01666203960727,30.01666203960727,423.5,18.530051867315333,1.0774825847003051,0.9280892463595072,78.60350259382646,0.18560449254740605,426.0
"training_set_primary_roi_006.tif","bd62f7ad-d06f-4982-a6c3-e71dc5174167","Annotation","nuclei_stroma",950.7565307617188,342.27197265625,415.0,,,68.0,123.60000000000002,3448667.0,1.856671409929092,27.0,4.190444946245017,178.0,88.35421686746987,17.511708520830354,81.0,57.0,121.0,11.595151691101755,91.15942608340303,1.274746889528973,22.44043951422348,3448667.0,0.32000580635796205,503.5733255915225,4.308398950131234,28.52426317120621,4.236137118526783,2.788459021362487,0.4816272965879265,0.7054345055394163,0.40026246719160097,1.1253587851550941,0.32141725394561893,0.8127734033245844,0.8080052493438321,0.9873625594098037,0.9442413448318961,-0.2855598829789462,0.795758224314658,0.3352653834937299,1.9317585301837272,0.1845562857792381,3.010968588400916,0.29658792650918636,3.8635170603674536,2.511271812595498,0.8175215794876034,4.495123230310944,50.63373493975904,0.12200899985484105,5.772646247641166,132.80240963855422,0.9578980984177674,5.093975903614457,38.08433734939759,118.3855421686747,22.345617804551537,0.4550796519410978,0.09616834002677375,1.0985461266836052,0.02022528691864966,180.4825581395349,0.262329299621417,1.2062918300432666,7.405523255813954,11.523255813953488,38.549418604651166,6.774040697674419,0.31792514534883726,4.085783147085693,236.97093023255815,0.34443449161709033,0.41445783132530123,5.70169686316928,0.6076642505360531,5.741610903348979,0.13608812013848254,9.222222222222221,0.25617283950617287,1.3580246913580245,13.222222222222221,1356.0277777777778,4225.388888888889,686.2378626543209,0.16836419753086418,10.666666666666666,0.2962962962962963,0.5581992990193783,8.720355867894206,0.05554285267378151,3.9193819456463705,0.08674698795180723,1223.138117283951,3.312669302644551,0.028190057594729836,5.425260496086129,0.02082059020174008,0.5343047420200969,0.4143688557114909,37.46575434941921,38.3275357934736,415.5,15.524641758136651,91.62785851375959,0.22052432855297133,415.0,1.2680520791483127,0.7886111433779991,0.2672728144804342,25.38118064282019,0.4143688557114909,15.524641758136651,37.46575434941921,37.0,19.0,38.3275357934736,38.3275357934736,415.5,15.524641758136651,1.2680520791483127,0.7886111433779991,91.62785851375959,0.22052432855297133,415.0
"training_set_primary_roi_006.tif","0f281b67-da09-4e28-a255-1440649bfd08","Annotation","nuclei_lymphocyte",212.97528076171875,348.1293640136719,407.0,,,54.0,93.40000000000003,2372544.0,1.531662621057705,19.0,5.552067845766995,159.0,74.28009828009829,13.05189889465073,73.0,44.0,115.0,8.615537190082646,76.35015676045752,1.279102737896207,17.658239913575166,2372544.0,0.4106212533730962,311.8134368453791,6.344121532364598,8.686823862469536,1.2811098157593754,1.4228294613549628,0.4293262879788639,0.5364036872889533,0.36063408190224566,1.068354391712224,0.2992693469493883,0.8304711580801413,0.8265521796565394,0.9887250526616446,0.949676039504309,-0.1850177598588976,0.6409005949901908,0.3067664758549831,2.468956406869221,0.2467956492376743,2.5942474652065095,0.4002642007926024,4.937912813738442,2.1304114496764712,0.4630389373334567,4.204669564097984,52.45454545454545,0.12888094706276523,5.34392601223068,167.1228501228501,0.5483039438813393,6.99017199017199,41.255528255528255,246.5970515970516,8.371719901719903,0.2014155064155064,0.07893745051483148,0.908455857295143,0.011399173042691562,196.6764705882353,0.3213667820069204,0.8391937929856038,8.491830065359476,13.803921568627452,82.95424836601308,2.8240323166303556,0.19532906681191,4.120128572240762,170.64705882352942,0.27883506343713954,0.3759213759213759,6.727626126703406,0.5352278314328008,5.533218237293741,0.09531827488753909,9.666666666666666,0.29292929292929293,1.252525252525253,12.363636363636363,1566.030303030303,7698.151515151515,353.431531986532,0.17661616161616153,7.363636363636363,0.2231404958677686,0.4645871162514786,6.695379802423584,0.0480872315307851,3.991998484412982,0.08108108108108109,1413.919191919192,2.5073628616489736,0.022588636015858296,5.220962900610197,0.011852975089496705,0.399189594112875,0.6907209020678428,27.513211478865394,27.784887978899608,404.5,19.00395025146523,75.60714758361496,0.18691507437234847,407.0,1.0604706634938412,0.9429775234945079,0.3471357234536531,42.81548460024276,0.6907209020678428,19.00395025146523,27.513211478865394,23.0,25.0,27.784887978899608,27.784887978899608,404.5,19.00395025146523,1.0604706634938412,0.9429775234945079,75.60714758361496,0.18691507437234847,407.0
"training_set_primary_roi_006.tif","920b04ee-e32b-4c2c-94ee-d97d5171924f","Annotation","nuclei_tumor",284.66180419921875,354.22955322265625,854.0,,,102.30000000000001,152.0,1.4258394E7,1.7630762265189561,29.0,2.5948557636208593,176.0,127.69320843091334,16.420081281639295,129.0,73.0,103.0,12.229165258247678,129.2130477529335,-0.2707101959930655,19.75996533957469,1.4258394E7,0.3342693702044108,390.4562302211931,13.398577612863322,15.818676009661118,-0.4560765596353413,2.451397087760725,0.24922696351267778,0.8154300940960946,0.24366110080395792,0.8183989422917292,0.1898562314676812,0.8790970933828075,0.878726035868893,0.9932867004295576,0.9652906617192331,-0.4472138471267404,0.8900915557936565,0.23879097093382806,3.5844155844155847,0.21571193553038243,2.728198147222037,0.3172541743970315,7.1688311688311686,2.464272034607813,0.6751560128183505,4.359689757136086,144.88758782201404,0.16965759698128108,3.866949305925003,285.46604215456676,0.6827602849793505,13.791569086651053,49.421545667447305,642.7751756440281,4.661092896174863,0.09385310954983087,0.03802405225686425,0.6348117164833667,0.003334438521357166,291.38709677419354,0.3032123795777248,0.8566128978117442,15.250780437044744,22.622268470343393,289.52549427679503,2.1155879292403745,0.09318591744710371,4.770798905974224,167.40998959417274,0.17420394338623593,0.2813231850117096,9.986869816712346,0.39027602962862923,6.678480075240816,0.03502084823155559,6.904761904761905,0.3287981859410431,1.6462585034013608,18.80952380952381,10102.666666666666,133527.90476190476,845.1575132275133,0.11850529100529103,2.4285714285714284,0.11564625850340136,0.2832516359508242,6.58935983259457,0.019581244750863994,4.070656113151927,0.02459016393442623,8448.888888888889,2.31136383385471,0.017742932569188803,3.395083813984198,0.010183409868343958,0.2269823571207063,0.45748620898977527,49.87059751110917,49.51767361255979,856.0,22.815110595412257,121.6739899861647,0.14214251166608025,854.0,1.17315645759958,0.8524012236578579,0.3598340057751524,46.00517141699842,0.45748620898977527,22.815110595412257,49.87059751110917,41.0,39.0,49.51767361255979,49.51767361255979,856.0,22.815110595412257,1.17315645759958,0.8524012236578579,121.6739899861647,0.14214251166608025,854.0
"training_set_primary_roi_006.tif","d33bed0c-408c-431c-8751-17d6efd4ccd1","Annotation","nuclei_histiocyte",586.997314453125,353.4634704589844,752.0,,,54.0,98.0,4459624.0,1.6335668258870688,21.0,4.581245314979472,155.0,74.93351063829788,13.463310604345832,73.0,36.0,119.0,9.019788356054699,77.0087726420165,0.9109365350746463,17.757253370098848,4459624.0,0.38295396672702575,315.32004724988684,6.380415639309617,11.409387676646588,1.1505487874156444,1.746984616846741,0.428672067629447,0.6059377651923475,0.3772455089820359,1.0625972743196233,0.28635789358233166,0.8193319243865211,0.8165199013737233,0.9886694020543971,0.9469967627769669,-0.22080116763091187,0.7076823011628383,0.33806896011897775,2.459845015850652,0.21150114250499485,2.7992297704129743,0.3603381472349419,4.919690031701303,2.3391211560914504,0.543914171119047,4.380833444252824,100.86702127659575,0.1341316772295156,4.49567111815301,287.9813829787234,0.6035801691942055,6.913563829787234,39.04255319148936,234.29388297872342,8.66647384751773,0.22191341607565013,0.0643003081477863,0.7603860937474871,0.012175853402991087,370.98977853492335,0.3160049220910761,0.8667124726832651,8.097955706984667,11.89778534923339,70.04770017035776,2.644767177739921,0.2193975960628431,4.208792423760214,317.36456558773426,0.2703275686437259,0.39029255319148937,5.333016028719938,0.5215994725478571,4.891197280909335,0.10917872678649679,9.681818181818182,0.22004132231404958,1.9643595041322313,13.431818181818182,3155.409090909091,15731.931818181818,711.2020328282829,0.21982323232323228,6.954545454545454,0.15805785123966942,0.368646510432575,7.150120128670269,0.053788693349991874,4.5614821867207755,0.05851063829787234,2863.3099173553724,4.49169968919969,0.013008540747048316,5.176738636497988,0.012857228394949561,0.22455870489131785,0.6677226023096431,39.22907181578661,39.05124837953327,753.0,26.19413791902891,113.40420396941889,0.15060319252246865,752.0,1.1658072030729851,0.85777476529916,0.3517841825773058,43.969837696955324,0.6677226023096431,26.19413791902891,39.22907181578661,29.0,39.0,39.05124837953327,39.05124837953327,753.0,26.19413791902891,1.1658072030729851,0.85777476529916,113.40420396941889,0.15060319252246865,752.0
"training_set_primary_roi_006.tif","881503e6-b6b5-4f85-afb7-a490da9fbc8f","Annotation","nuclei_tumor",148.26283264160156,345.9043273925781,165.0,,,119.0,147.0,2959396.0,1.053770347488424,13.0,3.7543551115413507,170.0,133.4181818181818,8.895426997245156,134.0,105.0,65.0,6.177526772870158,133.92435675907998,0.2805250137720693,11.632802485382097,2959396.0,0.5775941230486685,135.32209366391191,3.5144804088586037,2.199641572658472,-0.20583670379255586,0.7800411528605302,0.18739352640545143,0.6125970457299879,0.18739352640545143,0.6959869639748877,0.15227719266678083,0.9063032367972743,0.9063032367972743,0.981260647359455,0.9531516183986373,-0.2952636901846855,0.6752353565069596,0.18739352640545143,1.8347529812606473,0.43924438936758686,1.757199585935069,0.637137989778535,3.669505962521295,1.5698060595296175,0.24185866981649537,3.571772222242264,29.945454545454545,0.18148760330578512,4.061487603305785,95.3030303030303,0.24977043158861345,3.6666666666666665,50.054545454545455,183.0121212121212,18.45824915824916,0.4006734006734008,0.03935520740282645,0.16858915687487117,0.016968042098994482,80.57377049180327,0.4402938278240616,0.38824688703753474,3.699453551912568,21.256830601092897,79.3224043715847,7.286885245901639,0.45871281117182755,4.173239421052175,30.005464480874316,0.16396428678073396,0.2772727272727273,8.249574487145033,0.3670704757911881,1.4139419545259164,0.17977242665665266,2.3333333333333335,0.3888888888888889,0.8055555555555555,4.166666666666667,2541.8333333333335,9851.166666666666,729.6851851851852,0.5787037037037037,1.0,0.16666666666666666,0.21526077389117512,1.5650897347965247,0.06527495570416096,2.584962500721156,0.03636363636363636,1785.5833333333333,2.594742063492063,0.07570254253488819,0.5643991412808617,0.015032479681950818,0.18919262555626196,0.6715966230981746,17.737337268278633,19.1049731745428,165.5,11.912335812129331,48.97636969153153,0.29592972623281893,165.0,1.0739465307557001,0.9311450536520972,0.272422626675414,26.368692654849326,0.6715966230981746,11.912335812129331,17.737337268278633,15.0,15.0,19.1049731745428,19.1049731745428,165.5,11.912335812129331,1.0739465307557001,0.9311450536520972,48.97636969153153,0.29592972623281893,165.0
"training_set_primary_roi_006.tif","03b928eb-764b-4fe0-834f-533f8a4dd660","Annotation","nuclei_lymphocyte",529.466064453125,352.87542724609375,428.0,,,62.0,96.0,2515233.0,1.2538567323936909,15.0,3.8279664623307053,121.0,75.4088785046729,10.77861603633507,71.0,55.0,66.0,7.2457204081135655,76.65971965003804,1.1884766102495656,13.791796818758307,2515233.0,0.4719953707747402,190.21365948991175,2.302252816020025,4.863690209964712,1.4852758054096267,1.248649359885088,0.25406758448060074,0.6618557001926333,0.24780976220275341,0.8269012051362203,0.19265790623761553,0.8771380892782644,0.8767209011264078,0.9748820641186099,0.938360450563204,-0.2885830118300718,0.7062579867473673,0.24233416770963703,1.433041301627034,0.3471049152491928,2.0482192402073136,0.5438047559449312,2.8660826032540676,1.7806411232076749,0.3756792360914222,3.5759551858982275,77.35514018691589,0.18073630884793432,4.482684077211984,202.01401869158877,0.40821796663464066,2.5817757009345796,48.574766355140184,89.38084112149532,40.019145898234676,0.6928219106957423,0.044251339749295356,0.2164707227214181,0.0181519095423495,193.68514851485148,0.38353494755416134,0.48307420841094,3.889108910891089,23.045544554455446,37.556435643564356,20.047084708470845,0.47354235423542357,4.010414522884464,102.00198019801981,0.2019841192039996,0.2949766355140187,11.552773257523771,0.4334217211343777,2.244337695554949,0.12843994669559602,6.230769230769231,0.47928994082840237,0.4023668639053255,6.846153846153846,5875.846153846154,8129.307692307692,5336.070512820514,0.2222222222222222,2.230769230769231,0.17159763313609466,0.33057245131657204,2.579590568841183,0.04771885609825822,3.180832987205441,0.030373831775700934,4791.917159763315,22.58774978741497,0.02819691062186375,0.6542393846504262,0.029983143362721888,0.0859677649784998,0.7512536993615592,26.996823187075154,28.460498941515414,429.5,20.281463290300128,76.64002543535071,0.17844010578661398,428.0,1.043203712918542,0.9585855452932848,0.36116426378164823,46.345950044978096,0.7512536993615592,20.281463290300128,26.996823187075154,22.0,27.0,28.460498941515414,28.460498941515414,429.5,20.281463290300128,1.043203712918542,0.9585855452932848,76.64002543535071,0.17844010578661398,428.0
"training_set_primary_roi_006.tif","95acb9f3-3844-4c31-b163-c98d44a805ae","Annotation","nuclei_tumor",34.81915283203125,351.293212890625,308.0,,,103.7,132.0,4296612.0,1.088425150561457,15.0,2.828592779680441,146.0,117.59740259740259,8.663686962388285,118.0,92.0,54.0,5.928174531626482,118.11028304529188,0.09932163778080805,10.994992650446376,4296612.0,0.5495867768595041,120.88986338336983,4.908045977011495,2.200889732134868,0.1759889253669189,0.804283432656249,0.21131741821396993,0.5838573431030463,0.21131741821396993,0.7439934015792894,0.16666236697335207,0.8943412908930151,0.8943412908930151,0.9788682581786029,0.9471706454465075,-0.26222541265121224,0.6534761581624746,0.21131741821396993,2.1816976127320955,0.40756753840994214,1.8453742775410427,0.6074270557029178,4.363395225464191,1.6340568593270726,0.2539002127175547,3.4792244775623797,56.40909090909091,0.18314639905548996,3.3204587620172044,169.27272727272728,0.2646736380502614,5.1103896103896105,49.45454545454545,233.55844155844156,12.375180375180374,0.2537878787878788,0.03264316819801514,0.19402202039425678,0.008311907119984169,144.4764705882353,0.42493079584775084,0.40016435986159155,5.785294117647059,21.61764705882353,100.16470588235295,5.333823529411765,0.26119281045751636,4.073601314464353,56.023529411764706,0.16477508650519032,0.275974025974026,8.487681660899655,0.32409790483033846,2.1338931616049335,0.08474856190667907,3.0,0.42857142857142855,0.7755102040816327,6.0,6921.142857142857,29412.0,1696.2063492063494,0.38492063492063494,1.0,0.14285714285714285,0.15224647991717388,1.31504333606594,0.02304552947396531,2.8073549220576046,0.022727272727272728,4985.142857142857,5.2200806171983345,0.03580274282886506,0.6729324858342505,0.01813663692557796,0.09209532241909184,0.5520708994165286,26.707107106386392,27.294688127912362,311.5,14.744216641036298,68.52691492508131,0.21999009606767678,308.0,1.095285208910441,0.9130042037130875,0.3098070840411763,34.102399235609134,0.5520708994165286,14.744216641036298,26.707107106386392,25.0,17.0,27.294688127912362,27.294688127912362,311.5,14.744216641036298,1.095285208910441,0.9130042037130875,68.52691492508131,0.21999009606767678,308.0
"training_set_primary_roi_006.tif","37f1d311-7b26-4855-88b0-02c44eb00f8b","Annotation","nuclei_endothelium",727.466064453125,360.0647888183594,159.0,,,76.0,121.0,1414198.0,1.3437372424846061,24.0,3.2904618131648977,146.0,92.67924528301887,14.145484751394344,88.0,70.0,76.0,10.195661318430398,94.30973992131013,1.0651093799569717,17.46094321035327,1414198.0,0.5019975475653652,304.88453779518204,5.291005291005292,7.365589834660758,1.8209480321403277,1.3044987542342037,0.2716049382716049,0.6553463587921848,0.26807760141093473,0.8514276298433285,0.19973933789336493,0.8665490887713108,0.8663139329805993,0.9840854860462704,0.9465020576131689,-0.28049148851808403,0.7080895123943645,0.2649911816578483,2.2433862433862433,0.3955049783973947,2.133152036213804,0.6119929453262787,4.486772486772487,1.8543653922506806,0.39402592312645224,3.485767838583096,23.69182389937107,0.14900518175705074,5.209999604446026,79.81761006289308,0.4694434555595111,5.855345911949685,44.056603773584904,202.11949685534591,10.713792802236199,0.23973619846261351,0.05268671235090822,0.39148584311432466,0.017061913645611982,67.10909090909091,0.30504132231404957,0.7814876033057853,7.636363636363637,15.89090909090909,74.7090909090909,3.852714646464647,0.2384785353535354,3.89263130269202,58.11818181818182,0.26417355371900825,0.34591194968553457,7.533553719008265,0.5220834769324604,4.8759542952788015,0.12236590476416252,2.25,0.28125,1.484375,7.125,1558.875,6938.125,373.71961805555554,0.4496527777777778,1.5,0.1875,0.2048180167495355,0.596297529961105,0.16813761568429744,3.0,0.050314465408805034,1163.859375,1.6158082706766914,0.07398704063470643,1.38391160435516,0.019600564756517464,0.35179073007967515,0.8439822155368353,15.542143886606272,16.55294535724685,159.5,13.117293031610242,46.86344229986548,0.29381468526561433,159.0,1.0467643187009463,0.955324882721469,0.2805010375408382,27.955752710235195,0.8439822155368353,13.117293031610242,15.542143886606272,14.0,15.0,16.55294535724685,16.55294535724685,159.5,13.117293031610242,1.0467643187009463,0.955324882721469,46.86344229986548,0.29381468526561433,159.0
"training_set_primary_roi_006.tif","9d52a9dc-71f0-421e-8c2b-4baa72864821","Annotation","nuclei_lymphocyte",748.1795043945312,363.6002197265625,283.0,,,45.2,94.80000000000001,1363252.0,1.6456033661713518,22.0,4.694149374939878,141.0,66.19081272084806,15.920338623281596,60.0,33.0,108.0,9.869629629629639,69.40565449821138,1.3264099933876685,20.878725719705848,1363252.0,0.41707350572488117,435.9211876787065,5.02021174205967,21.661256176035415,3.2766401824783964,2.044886574693776,0.38209817131857554,0.685125197472806,0.32242540904716066,1.0110866681726893,0.27814002691934664,0.8487327558549889,0.844754571703561,0.9857787660548936,0.9476832118795547,-0.29833063024635315,0.7732211004275577,0.2702117420596727,2.145813282001925,0.3026564559651918,2.598107683978626,0.5245428296438883,4.29162656400385,2.2193340523521985,0.6067461865030879,3.963019195991563,42.053003533568905,0.14859718563098553,5.591204784677046,118.03180212014134,0.73378366567194,5.752650176678445,43.96113074204947,182.70671378091873,14.518938947781702,0.3094042010208088,0.06810408871047438,0.8246729211904629,0.01167108028920245,104.73803526448363,0.2638237664092787,1.1831811635122362,8.231738035264483,15.98992443324937,71.94962216624685,4.74702071088721,0.26824097397145263,4.178386022991527,107.3425692695214,0.2703843054647894,0.3507067137809187,7.859525788501928,0.5315030257757111,5.968198073418763,0.09267788110828179,4.5,0.28125,1.5,13.75,1973.6875,8432.375,510.3952951388889,0.19630208333333335,3.625,0.2265625,0.4662717844490737,8.149309380614993,0.029707103948946136,3.375,0.05653710247349823,1660.83984375,2.035015005305743,0.04842107021319978,2.412442400683035,0.019087573840718387,0.4497633153981536,0.7461302913029015,22.11962482222994,22.47220505424423,286.0,16.504122112121316,63.50958818248294,0.22206149714154874,283.0,1.0593789716239501,0.9439492634699681,0.3188101589507055,36.11324795733351,0.7461302913029015,16.504122112121316,22.11962482222994,19.0,21.0,22.47220505424423,22.47220505424423,286.0,16.504122112121316,1.0593789716239501,0.9439492634699681,63.50958818248294,0.22206149714154874,283.0
"training_set_primary_roi_006.tif","a9056dcf-8aa8-479e-8978-495145c7533a","Annotation","nuclei_tumor",418.0527648925781,379.52398681640625,1355.0,,,81.0,118.0,1.3474128E7,1.3470980280056941,22.0,2.354689075604539,142.0,98.7011070110701,11.806413311365715,99.0,67.0,75.0,8.94016415034287,99.7196365018397,0.22500019014370998,14.216095766712025,1.3474128E7,0.4405185114581773,202.09737884832754,6.310232290266845,4.197466739363877,0.32389991161581244,1.2564573159093306,0.23651372624304087,0.683163678912263,0.2349779228258783,0.7927216944504346,0.18129910202747648,0.8827670058232545,0.8826646189287771,0.9861145302813005,0.9530556088820631,-0.3243879718304952,0.7602108413032873,0.233634094835861,2.460741025148781,0.29161369590804875,2.2277624323348175,0.4165866769053561,4.921482050297561,1.9857594935109477,0.37324276053809285,3.896631162484055,246.94243542435424,0.1822453397965714,3.5977483966721597,596.9025830258303,0.382540542748601,6.546125461254612,51.03985239852398,316.7025830258303,10.179597170971709,0.20318265682656828,0.03423744943515194,0.2605244410323922,0.007522465077534058,542.9329140461216,0.3794080461538236,0.5340398610970716,7.241090146750524,28.062893081761008,169.33053808525506,5.669539560524885,0.21111402282785924,4.54899697283609,236.99580712788259,0.16561551860788443,0.2640221402214022,13.717273646680447,0.3536662857044547,2.906430709618977,0.07838471134409997,7.846153846153846,0.30177514792899407,1.3017751479289938,9.846153846153847,25123.73076923077,138139.46153846153,5254.965010683761,0.2775106837606838,3.3076923076923075,0.12721893491124261,0.28274232533992333,2.636286456221913,0.07979819171126994,4.286790198827113,0.01918819188191882,22407.717455621303,13.045668891961736,0.00824070844375698,1.377089128450856,0.01438997065673981,0.042713089601263056,0.7221470755090101,49.28199473756882,52.55473337388365,1358.5,35.58884837498575,138.56725684253792,0.10200018906333302,1355.0,1.0605371009566245,0.9429184505643236,0.4698873757054156,78.44943144922196,0.7221470755090101,35.58884837498575,49.28199473756882,37.0,49.0,52.55473337388365,52.55473337388365,1358.5,35.58884837498575,1.0605371009566245,0.9429184505643236,138.56725684253792,0.10200018906333302,1355.0
"training_set_primary_roi_006.tif","660cc258-7caa-409a-80fe-a693d5f35649","Annotation","nuclei_lymphocyte",702.4629516601562,367.7349853515625,260.0,,,50.0,87.0,1281884.0,1.4915750963477716,19.25,7.494646735596098,154.0,67.6923076923077,13.340828402366853,64.0,40.0,114.0,8.33732426303855,70.21625934869414,1.8083844588349995,18.656756315421436,1281884.0,0.4763609467455621,348.0745562130176,5.1305263157894725,20.83807198532855,3.230734509403705,1.6798891966759006,0.42526315789473684,0.5959787357229328,0.3431578947368421,1.0589628864651692,0.30750581717451525,0.8413157894736844,0.8366315789473687,0.9888990042674253,0.9524060150375946,-0.22090573153885884,0.6790758346323363,0.2787719298245614,2.194736842105263,0.32348254847645413,2.48980917735695,0.5431578947368421,4.389473684210525,2.087356417551343,0.5262880886426592,4.030238156145967,35.44615384615385,0.13633136094674556,5.317159763313609,123.85384615384615,0.6547928994082841,5.7,42.246153846153845,190.62307692307692,11.512534188034188,0.28398931623931617,0.08005108097370002,1.0500205450413784,0.01754006763555374,112.72631578947369,0.29664819944598336,1.244563711911357,7.560526315789474,14.242105263157894,65.46842105263158,3.8013406432748535,0.29108114035087723,4.234515417981683,99.54736842105264,0.26196675900277006,0.36538461538461536,6.75180055401662,0.516744208524476,5.167359144039424,0.13874505960350364,3.9523809523809526,0.18820861678004536,2.412698412698413,13.523809523809524,1394.5714285714287,5761.142857142857,351.335873015873,0.26398148148148143,5.380952380952381,0.2562358276643991,0.5125381755763649,9.70380850140044,0.07929116653958278,3.820888851350188,0.08076923076923077,1241.2834467120183,1.5251927493438318,0.04194642151313649,4.70235009751473,0.012767062395567533,0.811700737618546,0.7539625110091135,20.993384731414697,21.93171219946131,261.0,15.828225066677808,60.18289031557068,0.2305857866496961,260.0,1.0508672448568834,0.9515949848985815,0.3153958752302879,35.34388331548937,0.7539625110091135,15.828225066677808,20.993384731414697,17.0,20.0,21.93171219946131,21.93171219946131,261.0,15.828225066677808,1.0508672448568834,0.9515949848985815,60.18289031557068,0.2305857866496961,260.0
"training_set_primary_roi_006.tif","96415f7b-de6f-4634-9bf7-2ced3d04f008","Annotation","nuclei_stroma",816.7545166015625,371.38372802734375,388.0,,,46.0,100.0,2060070.0,1.8150928360789884,23.0,7.076674105795113,180.0,68.98453608247422,16.65652566691466,63.5,33.0,147.0,10.059292466225806,72.8660329844201,1.7358673858450573,23.46470848684061,2060070.0,0.37902540121160594,550.5925443724097,5.291608391608393,48.246936110375174,6.384893001076872,2.642693530245977,0.6643356643356645,0.5982281224343975,0.4657342657342657,1.2654620910494874,0.44742725805662864,0.7952680652680654,0.7867955573837927,0.9874011961713285,0.9443709825528006,-0.1989500113266141,0.6992916335377124,0.33746114996114995,2.1902097902097903,0.22597193016773456,3.0390301458061417,0.43776223776223777,4.380419580419581,2.4546347607041112,0.8267572986454105,4.331771926193369,48.170103092783506,0.12414975023913274,5.5689233712403015,147.06185567010309,1.0229766712721862,6.296391752577319,36.103092783505154,150.70876288659792,12.430173209318092,0.3185308840030858,0.1044950979628201,1.612197611385142,0.02169734417249145,168.89317507418397,0.2505833458073946,1.6258772200160256,8.781899109792285,10.29673590504451,47.753709198813056,3.27922426438429,0.28440848792533824,4.156814098660465,234.0652818991098,0.34727786631915397,0.43427835051546393,4.994443906347682,0.6095165415762912,6.928644201343777,0.14071866316652373,7.717948717948718,0.19789612097304404,2.6088099934253783,17.205128205128204,1340.3589743589744,5363.717948717948,383.8264810454096,0.19171608814465957,12.076923076923077,0.3096646942800789,0.5702450827508696,12.225078764245545,0.09329976272794926,3.9527312329382203,0.10051546391752578,1241.3819855358315,2.2184849220421023,0.025841331906901112,8.64702964379032,0.018284329937332387,0.7618633641604069,0.4785337155156858,33.10928125058754,32.64965543462902,387.0,15.843907374897489,82.01043159884601,0.21191325994533852,388.0,1.176003685962876,0.8503374708228321,0.2939898810053978,30.709094514646896,0.4785337155156858,15.843907374897489,33.10928125058754,23.0,29.0,32.64965543462902,32.64965543462902,387.0,15.843907374897489,1.176003685962876,0.8503374708228321,82.01043159884601,0.21191325994533852,388.0
"training_set_primary_roi_006.tif","88aae3ac-ee09-4b89-8e07-8ec602c0500e","Annotation","nuclei_stroma",926.22705078125,371.4921569824219,298.0,,,35.0,94.0,1314173.0,1.8815430784858176,31.0,5.420315441668654,171.0,60.506711409395976,20.645961893608433,52.0,30.0,141.0,13.15012955342176,66.40765400213377,1.5893066914829963,27.366300160730262,1314173.0,0.3237016350614837,748.9143844871851,4.049678012879484,59.26772494744023,9.07099768935479,3.5533955274723676,0.5528978840846367,0.7307070739131662,0.4057037718491261,1.1829341310154304,0.388302333592029,0.8203005213124807,0.8118675252989879,0.9857579750864021,0.9446050729399396,-0.31978772773194447,0.8204715512653692,0.2899417356639068,1.8164673413063475,0.21617061720475061,2.937925633856783,0.39742410303587855,3.6329346826126954,2.454060745574729,1.0265733528892513,4.171000134990844,42.10738255033557,0.1412999414440791,5.971848114949776,96.46308724832215,1.2484234944371877,5.023489932885906,39.986577181208055,99.75503355704699,29.62035794183446,0.5412733035048471,0.07132825697393051,0.8487727169540449,0.017625739186116908,118.53389830508475,0.25113114047687446,1.560287094225797,8.099576271186441,13.5,40.54237288135593,9.937876647834273,0.32326447740112996,4.056147628822326,165.08898305084745,0.3497647945992531,0.3959731543624161,7.122234989945418,0.6132858166447317,6.551656930528923,0.12323925754561767,4.0,0.2,1.8474999999999997,14.45,1099.3,2082.85,912.8834166666668,0.15218055555555557,2.8,0.14,0.27721965500593326,5.924911689421283,0.016912129675486245,4.021928094887363,0.06711409395973154,877.2899999999997,2.696550510892616,0.044741521730077005,4.853927789516618,0.02574449533333492,0.8578330546663929,0.47635142017106546,28.36990262488505,29.427877939124322,298.0,13.514043405478832,69.9990094887143,0.23489600499568555,298.0,1.1438756906688077,0.8742208687163501,0.28708036238675,29.28257185906106,0.47635142017106546,13.514043405478832,28.36990262488505,14.0,29.0,29.427877939124322,29.427877939124322,298.0,13.514043405478832,1.1438756906688077,0.8742208687163501,69.9990094887143,0.23489600499568555,298.0
"training_set_primary_roi_006.tif","203ad245-7a39-4e69-af5e-088dc6c9cab0","Annotation","nuclei_tumor",208.97000122070312,388.27093505859375,685.0,,,107.0,146.60000000000002,1.1149268E7,1.4091017973664224,22.0,2.2622125432149236,161.0,126.72700729927007,12.218193830251979,127.0,88.0,73.0,9.104807128776184,127.57861752517557,-0.09066563422377472,14.716292692311667,1.1149268E7,0.42801001651659654,216.5692706057858,6.852680293096799,4.987381160168803,-0.25185223473510393,1.4191627195292318,0.2024681835711531,0.7502906694932174,0.2024681835711531,0.7268370812112335,0.16147481821255097,0.8987659082144235,0.8987659082144235,0.9880901068487556,0.9595063632857693,-0.41227463271293796,0.8264766903582524,0.2024681835711531,2.559005013497879,0.30285407522016683,2.2125822049443693,0.4172772849980717,5.1180100269957585,2.0101140213732163,0.4054077257750962,3.8108526708601205,131.76204379562043,0.19235334860674516,3.572281954286323,293.18686131386863,0.41420214182961285,7.121167883211679,53.105109489051095,357.2992700729927,9.937601378751014,0.19258921330089213,0.03104477791386898,0.2787783458206208,0.005542062271125146,235.92559523809524,0.3510797548185941,0.6342983808106576,8.09077380952381,29.848214285714285,200.03571428571428,5.501054067460318,0.20159556878306878,4.650864320187222,95.97321428571429,0.1428172831632653,0.24525547445255474,13.223178854875284,0.3269083145553142,3.253389477717666,0.06338396881595651,7.125,0.4453125,1.08984375,12.0625,12119.1875,85556.25,2012.931857638889,0.20052083333333334,1.875,0.1171875,0.14154500356698668,2.1752959392560767,0.010762056910332473,3.4056390622295662,0.02335766423357664,10286.27734375,4.744799230371761,0.020612306585886295,1.1514092086488352,0.01361693739849755,0.0990114877743754,0.6914821816505803,35.67004286206821,37.21558813185679,689.0,24.665199057832638,97.86386187785187,0.14203753538149763,685.0,1.051738584257381,0.9508066119929288,0.4015233082017342,57.2827379666369,0.6914821816505803,24.665199057832638,35.67004286206821,29.0,32.0,37.21558813185679,37.21558813185679,689.0,24.665199057832638,1.051738584257381,0.9508066119929288,97.86386187785187,0.14203753538149763,685.0
"training_set_primary_roi_006.tif","472258d2-bd79-4ea9-91b1-c33e9cf9c081","Annotation","nuclei_lymphocyte",769.5576171875,382.364501953125,298.0,,,54.0,115.30000000000001,2082491.0,1.8505842837656272,32.75,4.7242615244145565,184.0,79.44630872483222,20.148461781000876,72.0,44.0,140.0,13.524858908895489,83.59560294785106,1.3446416729114528,26.009783970910135,2082491.0,0.35685329489662626,676.5088622134137,7.710118505013674,56.11154972147369,8.60753668903639,3.3541696962545564,0.4001823154056517,0.7868168386114185,0.34548769371011856,1.035503682782085,0.2808205689005151,0.8359161349134002,0.8327256153144938,0.9921406877098419,0.9575584928593129,-0.346258406188288,0.8385614813574037,0.30193456902663823,2.6403828623518684,0.24211676994272116,2.900598152936082,0.4448495897903373,5.280765724703738,2.4869755445112656,0.9385880029150521,4.273256840965862,41.006711409395976,0.13760641412548985,5.34223683617855,106.34228187919463,1.1039705418674834,8.546979865771812,41.422818791946305,248.9496644295302,8.84804431280342,0.1923302934149051,0.07157000996396569,1.3965874363354587,0.00849667151325551,107.33183856502242,0.24065434655834625,1.6365551287980857,11.988789237668161,13.282511210762332,82.72197309417041,2.833708118523941,0.16468843740784808,4.376602550166114,124.77578475336323,0.27976633352772023,0.37416107382550334,6.139475959701586,0.5399389648973244,8.302527337398661,0.0751377319244132,3.6,0.18,2.54,21.9,1393.7,7014.75,317.5289713718821,0.1139435941043084,3.9,0.195,0.4134021869662415,13.559895085762639,0.016329155022599132,3.884183719779189,0.06711409395973154,1171.6899999999998,1.1658706522091475,0.04349948414741655,6.128023835106969,0.015115982525265121,1.098191974636193,0.739562747803573,22.79617389498632,23.259406699226016,299.5,16.85920100518416,64.45402128569464,0.2152054133078285,298.0,1.0506224405520574,0.951816714931905,0.3265478758916087,37.88750201069996,0.739562747803573,16.85920100518416,22.79617389498632,21.0,20.0,23.259406699226016,23.259406699226016,299.5,16.85920100518416,1.0506224405520574,0.951816714931905,64.45402128569464,0.2152054133078285,298.0
"training_set_primary_roi_006.tif","922145f1-7988-4d7c-b102-2fc3a8336bba","Annotation","nuclei_tumor",180.2838592529297,382.734375,133.0,,,106.0,131.0,1820861.0,0.8355253434328647,14.0,2.5802638235637327,139.0,116.62406015037594,7.6906552094522045,115.0,97.0,42.0,5.521947873799722,117.00719725951184,0.4510079688145286,9.46112068244616,1820861.0,0.6528916275651534,89.51280456781049,4.840860215053764,1.1281452854488003,0.5267004377409522,0.5379766446988091,0.12043010752688173,0.6341771796240623,0.12043010752688173,0.5305959337192623,0.10592669672794543,0.9397849462365592,0.9397849462365592,0.9879569892473118,0.9698924731182796,-0.3382372726000597,0.6368171582168352,0.12043010752688173,2.1763440860215058,0.5771118048329288,1.2776163579903583,0.7440860215053764,4.352688172043011,1.1571862504634767,0.16460168805642272,3.0008963208144444,32.097744360902254,0.24133642376618236,3.7668607609248683,86.83458646616542,0.18271242014811462,4.969924812030075,54.89473684210526,254.3984962406015,12.796574770258978,0.23308270676691728,0.030242955508574917,0.16205482408780833,0.008925810039817775,57.4390243902439,0.46698393813206424,0.33035891334523104,5.699186991869919,29.089430894308943,130.01626016260164,6.9471544715447155,0.24074074074074076,4.058482353680935,15.715447154471544,0.1277678630444841,0.231203007518797,10.382047722916251,0.2798997800039154,1.7793831013588763,0.08552295093927706,1.5,0.375,0.6875,5.75,2817.25,11827.25,689.4722222222222,0.3680555555555556,1.0,0.25,0.06825015472165198,0.11413582296824056,0.06314211634481208,2.0,0.03007518796992481,1711.6875,1.2267582639852057,0.13157259398925703,0.4471179514135563,0.007739492270442705,0.3140767322970382,0.7589078474641697,15.263355589480287,16.55294535724685,128.0,11.583480335492688,44.955561889623404,0.35121532726268284,133.0,1.1209171485608815,0.8921265958718501,0.2395851455708378,20.39492075526551,0.7589078474641697,11.583480335492688,15.263355589480287,15.0,13.0,16.55294535724685,16.55294535724685,128.0,11.583480335492688,1.1209171485608815,0.8921265958718501,44.955561889623404,0.35121532726268284,133.0
"training_set_primary_roi_006.tif","d22ed6b2-aab9-41fa-9a9f-53b62d98b6e1","Annotation","nuclei_histiocyte",557.98876953125,401.0820617675781,593.0,,,57.2,130.80000000000007,5376058.0,2.1832779703956864,40.0,3.6570439675592032,203.0,90.32377740303541,24.033624438004804,83.0,44.0,159.0,16.757130278148896,95.21483651589566,0.9766535727992204,30.124414158546635,5376058.0,0.2609278001643684,907.4803283956451,10.473469387755099,70.64954753794562,8.333899927688243,4.762441575269564,0.5197278911564628,0.8032142306452295,0.4126984126984127,1.1524246243882996,0.3494079113126733,0.8095616024187452,0.8043537414965987,0.9922036675576446,0.9552871114775878,-0.3627903501218643,0.8852056952971542,0.33725119677500637,3.0680272108843534,0.14419084640658975,3.4536124863945346,0.27981859410430837,6.1360544217687085,2.9219913145286065,1.3205423666065068,4.894035771812311,74.63237774030354,0.12585561170371592,5.157722615448929,154.7301854974705,1.4958438670378704,11.440134907251265,37.74198988195616,332.9477234401349,6.408628139423279,0.15418424944457826,0.08861806530119384,2.000721880142351,0.009041580682726253,208.92418032786884,0.21406166017199676,1.9581167276941687,14.591188524590164,10.545081967213115,93.47745901639344,1.834037762304375,0.13760464295007618,4.5725614173530404,289.4590163934426,0.29657686105885517,0.4114671163575042,4.63858841709218,0.5559903563167274,9.944523958722701,0.06932379801415833,8.2,0.164,2.9844,24.7,1231.5,9035.08,221.86634152494332,0.11822814625850338,13.12,0.2624,0.5206564702006251,16.54234953402687,0.02920657826567147,4.32637013015618,0.08431703204047218,1090.8403999999998,1.7297594280430615,0.023774080372351777,9.116025069076793,0.01753889851120658,0.7034210294950087,0.33995229925788767,48.42778229742418,47.53945729601885,593.0,16.46313593996978,110.1224834258191,0.1857040192678231,593.0,1.2756857906572778,0.7838920895127045,0.28951146153699653,29.780622378611024,0.33995229925788767,16.46313593996978,48.42778229742418,22.0,46.0,47.53945729601885,47.53945729601885,593.0,16.46313593996978,1.2756857906572778,0.7838920895127045,110.1224834258191,0.1857040192678231,593.0
"training_set_primary_roi_006.tif","59eab32e-d776-44ac-891d-bd9dd66d4c24","Annotation","nuclei_histiocyte",623.2970581054688,399.36248779296875,398.0,,,64.0,113.0,3188853.0,1.6117117396341147,22.75,2.7658446563959904,131.0,87.76130653266331,13.755599606070572,88.0,45.0,86.0,9.647223668639072,89.51085670094261,0.13225088450541161,17.610977911989732,3188853.0,0.39129062397414205,310.1465430165903,9.231393775372126,10.290698399404842,0.512676448682346,1.7614338214425005,0.334235453315291,0.6810227096983893,0.32070365358592695,0.9447783090173715,0.23138461989192874,0.8419034731619308,0.8410013531799729,0.9872524703610516,0.9468715767768542,-0.28562946404227385,0.7696086807891798,0.30886332882273343,2.979025710419486,0.24058084197458074,2.692585314868202,0.4404600811907984,5.958051420838972,2.32641409472953,0.5239173186894479,4.20871708242329,56.311557788944725,0.1414863261028762,4.136612711800208,155.73366834170855,0.5525365521072702,9.64321608040201,41.29145728643216,374.7889447236181,5.46158082077052,0.1382712171970966,0.04981847857326441,0.6368607481378927,0.005920078626678612,175.59515570934255,0.3037978472479975,0.7987721650842302,10.486159169550174,13.2560553633218,122.0,1.7096088043060365,0.14287533640907343,4.211823893144056,137.2941176470588,0.2375330755139426,0.3630653266331658,5.669747728116282,0.4755690831764354,5.6372318482139345,0.06311609128219119,4.142857142857143,0.29591836734693877,1.4897959183673468,15.285714285714286,4057.5714285714284,35594.142857142855,502.92109126984127,0.15329365079365082,1.5714285714285714,0.11224489795918367,0.2513565787338592,5.405478932729243,0.016445933748133038,3.6644977792004623,0.035175879396984924,3249.3877551020414,2.320030252278352,0.027178309120911112,2.8025039383495782,0.015748415583033484,0.22503585005879026,0.617569522505269,28.77761220474931,30.083217912982647,400.0,17.77217622812883,75.9085688619827,0.18977142215495676,398.0,1.0706705963487049,0.933994081289136,0.3412312913191538,41.371374076216064,0.617569522505269,17.77217622812883,28.77761220474931,18.0,28.0,30.083217912982647,30.083217912982647,400.0,17.77217622812883,1.0706705963487049,0.933994081289136,75.9085688619827,0.18977142215495676,398.0
"training_set_primary_roi_006.tif","f39f7924-fa19-44d1-91a8-567f697582b8","Annotation","nuclei_endothelium",724.17333984375,391.0533447265625,23.0,,,94.0,120.4,248903.0,1.3257847812033308,14.0,3.4211874282742447,132.0,103.43478260869566,8.964083175803404,99.0,91.0,41.0,5.481481481481481,104.02821523614347,1.148233638995611,11.09573395090486,248903.0,0.43289224952741023,123.11531190926276,2.53125,3.4543235898017883,0.9091415405273438,1.200927734375,0.359375,0.5393522140510093,0.359375,0.9421631690835512,0.230224609375,0.8203125,0.8203125,0.9640625,0.91015625,-0.20133786392501504,0.6338280079027957,0.359375,1.5234375,0.2567138671875,2.294700572677327,0.421875,3.046875,1.9353255726773269,0.39007568359375,3.2946635862096043,4.043478260869565,0.17580340264650285,2.767485822306238,9.956521739130435,0.41965973534971646,2.869565217391304,23.608695652173914,45.30434782608695,18.571256038647345,0.6292270531400966,0.0743799295080351,0.339561088928325,0.03223922902494331,19.980392156862745,0.3917723952326028,0.4736639753940792,3.450980392156863,4.392156862745098,10.666666666666666,3.0413943355119826,0.539760348583878,2.8601523622612888,19.470588235294116,0.3817762399077278,0.5543478260869565,1.138023836985775,0.625136165577342,2.616557734204793,0.26344635076252726,1.0,0.3333333333333333,0.6666666666666666,4.666666666666667,76.33333333333333,168.0,54.89814814814815,0.4537037037037037,1.0,0.3333333333333333,0.0897633744855967,0.7687757201646092,0.012602880658436214,1.584962500721156,0.13043478260869565,17.555555555555557,1.2856398809523808,0.3727067538630707,0.9015299400392568,0.043812302607125715,1.0622750102390552,0.7483067162714074,6.423338753733503,8.06225774829855,25.0,4.806627530305192,20.458757389099087,0.8183502955639635,23.0,1.1542617811260396,0.8663545968094434,0.15242148689101434,8.254573406196917,0.7483067162714074,4.806627530305192,6.423338753733503,6.0,8.0,8.06225774829855,8.06225774829855,25.0,4.806627530305192,1.1542617811260396,0.8663545968094434,20.458757389099087,0.8183502955639635,23.0
"training_set_primary_roi_006.tif","a28baf0b-1833-4e75-93ba-8aa21fe1bc2e","Annotation","nuclei_tumor",166.16036987304688,400.20355224609375,557.0,,,83.6,116.40000000000003,5673420.0,1.2414938603979895,16.0,3.7914117136852368,152.0,100.08617594254937,10.028383653130195,100.0,74.0,78.0,6.887069814417385,100.92409647626857,0.612633239665391,12.97808286104763,5673420.0,0.4593181605742484,168.43063474821824,6.624460431654676,3.2753374708249865,0.5449149332329245,1.0968160148140484,0.18752997601918464,0.7079759233763442,0.1856115107913669,0.6988090421354468,0.15307834308093093,0.9075139888089527,0.9073860911270982,0.9928025749161944,0.9691104259449584,-0.3728426731562326,0.7671508343262313,0.1839328537170264,2.5292565947242207,0.33603103129007594,1.9376925485944718,0.42254196642685854,5.0585131894484405,1.7433683859090772,0.3210864977083082,3.595240112212262,119.27648114901257,0.21414089972892741,4.078923703219028,255.84021543985637,0.3460059500594684,6.937163375224417,54.5475763016158,345.9245960502693,10.149998503889885,0.17644773588669457,0.0366472955463188,0.3022804065438929,0.00731912472268499,213.0681818181818,0.40353822314049587,0.49378730486685024,8.329545454545455,34.41287878787879,204.06060606060606,6.811521464646464,0.15713541666666667,4.473801272458105,84.56439393939394,0.1601598370064279,0.236983842010772,16.607036271809,0.3809663479515523,3.721578101140958,0.05813924750650758,4.230769230769231,0.3254437869822485,1.3609467455621302,9.461538461538462,10391.0,69555.53846153847,1822.2468162393163,0.22316239316239317,2.3846153846153846,0.1834319526627219,0.3526679362536739,2.6426647695055,0.12527520153785926,3.180832987205441,0.02333931777378815,8555.207100591717,2.727057623518891,0.023972939292020507,1.9963659148332653,0.006227190098039579,0.2527016437546445,0.5138959775894841,37.42536244772727,40.496913462633174,556.0,19.232743221715573,95.5319192569002,0.17181999866348957,557.0,1.1428945851451535,0.8749713341873913,0.3359518994304379,40.1011149717293,0.5138959775894841,19.232743221715573,37.42536244772727,35.0,26.0,40.496913462633174,40.496913462633174,556.0,19.232743221715573,1.1428945851451535,0.8749713341873913,95.5319192569002,0.17181999866348957,557.0
"training_set_primary_roi_006.tif","47f2df33-4c91-47b4-a942-14d9c9b67886","Annotation","nuclei_histiocyte",645.5276489257812,395.7289123535156,291.0,,,77.0,114.0,2715552.0,1.4672178277719212,23.5,2.5922520851116584,144.0,95.33333333333333,13.170675830469666,92.0,64.0,80.0,9.903485740153913,96.60121021205164,0.427245500169159,15.599659290784055,2715552.0,0.42140503772983307,243.3493699885453,5.864278982092365,5.284722030052789,0.3285775402029248,1.4115344743502165,0.2780395852968897,0.6708761196831317,0.26672950047125354,0.8676984008605241,0.20689495887524528,0.8685202639019792,0.8677662582469368,0.9838443200088707,0.9470311027332702,-0.30800838587842744,0.7633323391580554,0.2568331762488219,2.36239396795476,0.27722011048918876,2.4002911955145194,0.4429783223374175,4.724787935909519,2.0998224193364825,0.42239351491177657,4.010760808801283,43.49484536082474,0.1494668225457895,4.574296477368005,122.62886597938144,0.4558755801183264,6.1271477663230245,45.38487972508591,261.34364261168383,10.06142611683849,0.2391657121038565,0.04258256264832521,0.3411397252677322,0.010303675419759916,124.21578947368421,0.3268836565096953,0.7074515235457065,6.852631578947369,16.33157894736842,96.44736842105263,3.5449561403508763,0.260343567251462,4.265274534725914,80.53157894736842,0.2119252077562327,0.32646048109965636,6.948642659279777,0.45089415307832087,3.7777924984240627,0.11752443714467065,3.0,0.2727272727272727,1.2396694214876032,9.181818181818182,2252.6363636363635,12055.181818181818,489.6578282828283,0.28030303030303033,1.3636363636363635,0.12396694214876033,0.051134646552038095,0.7568908119250104,0.0058070670494234705,3.2776134368191165,0.037800687285223365,1552.7933884297518,2.897122407245106,0.04401599298164236,1.2837105892982286,0.017608825259745393,0.20402001984660284,0.5657328481075429,26.20490529885712,26.92582403567252,286.5,14.824975709110879,68.89156918009644,0.24045922924990032,291.0,1.1481505332632946,0.8709659326271282,0.2826835745934592,28.392484345352777,0.5657328481075429,14.824975709110879,26.20490529885712,23.0,19.0,26.92582403567252,26.92582403567252,286.5,14.824975709110879,1.1481505332632946,0.8709659326271282,68.89156918009644,0.24045922924990032,291.0
"training_set_primary_roi_006.tif","c074588f-86c4-4f85-85b1-4bb6417b5753","Annotation","nuclei_histiocyte",700.34765625,397.59075927734375,151.0,,,88.0,138.0,2067138.0,1.7640482036648497,26.0,2.5103369115672862,152.0,115.47019867549669,15.468268935573,117.0,67.0,85.0,11.551854055125911,117.0028018003803,-0.328714863619194,18.87561514177473,2067138.0,0.33064339283364763,356.2888469803954,10.335205992509362,12.02319475214739,-1.2318399816162142,2.127372385641544,0.5898876404494383,0.5658217213035418,0.5112359550561797,1.1930064638562374,0.328525438707234,0.7574906367041198,0.7522471910112359,0.9779378893094506,0.916666666666667,-0.15830014906201936,0.650699093703331,0.4424157303370786,3.154494382022472,0.13929568376607893,3.2030343694779195,0.21910112359550563,6.308988764044944,2.532919833383142,0.6793150065227456,4.2722720879910305,24.24503311258278,0.16056313319591245,3.0159203543704223,49.9271523178808,0.7025130476733477,10.556291390728477,25.43708609271523,284.8344370860927,3.0648381162619573,0.14317880794701984,0.08725745909106837,1.0766259079054727,0.012406565110254302,100.58385093167702,0.312372207862351,0.787469619227653,10.316770186335404,5.229813664596273,58.04347826086956,0.6560697032436162,0.15606366459627327,3.6151484567043273,115.52173913043478,0.35876316500135025,0.5331125827814569,1.7112765711199411,0.5982710777547734,6.182729564450579,0.10012265836006527,3.875,0.2421875,1.27734375,11.4375,231.1875,2934.375,22.13489583333333,0.1773090277777778,2.25,0.140625,0.2500138361032144,4.515510198858018,0.019413534416924703,3.5,0.10596026490066225,142.12109375,1.1565322778595974,0.05608364262462958,3.8393061380386038,0.0280523362910812,0.45141219291477414,0.639297933791381,17.421928159047397,17.804493814764857,151.5,11.137802674740879,46.931606876160345,0.30977958334099237,151.0,1.0756083764808253,0.9297064078952223,0.2658517725478331,25.11200370287133,0.639297933791381,11.137802674740879,17.421928159047397,14.0,16.0,17.804493814764857,17.804493814764857,151.5,11.137802674740879,1.0756083764808253,0.9297064078952223,46.931606876160345,0.30977958334099237,151.0
"training_set_primary_roi_006.tif","12d0c717-970b-4662-96e0-7525d42ba432","Annotation","nuclei_lymphocyte",676.027099609375,410.9571533203125,334.0,,,55.0,91.69999999999999,1715554.0,1.1651971080515826,18.0,2.8522519208199113,114.0,70.30538922155688,11.364910896769304,68.0,45.0,69.0,8.303045267489711,71.66860694583707,0.7468411909307043,13.911918198518809,1715554.0,0.5234680339918966,193.54146796227883,5.385610347615198,3.13031452487919,0.9625300438055142,0.9136141171334671,0.20371867421180276,0.6353482582990779,0.20371867421180276,0.7293033853396991,0.16221737598918812,0.8981406628940987,0.8981406628940987,0.9880165485757764,0.9592562651576395,-0.2916601826195687,0.6821455023136027,0.20371867421180276,2.2821341956345997,0.42444854130491483,1.833601377326196,0.6208569118835894,4.5642683912692,1.6298827031143934,0.27933319783631744,3.2161217469724335,68.50898203592814,0.2051167126824196,4.336942880705655,174.83832335329342,0.3206282046685073,5.802395209580839,51.92215568862275,252.10179640718562,11.854686460412509,0.21471640053226881,0.03801637277221822,0.3268546245566312,0.007700895096617046,139.01139601139602,0.39604386328033053,0.5088919732794378,7.680911680911681,30.603988603988604,143.16809116809117,7.158475783475783,0.19268360240582466,4.036724174922833,74.04273504273505,0.21094796308471522,0.26272455089820357,16.116313990957863,0.4468833896970966,4.098637785716929,0.08479974235527146,2.7777777777777777,0.30864197530864196,1.432098765432099,9.777777777777779,6436.222222222223,30814.0,1469.9066358024693,0.30246913580246915,1.4444444444444444,0.16049382716049382,0.30152693211516307,4.0280211377147825,0.05781250766885097,2.94770277922009,0.02694610778443114,5058.987654320987,2.7982731218289625,0.03830530430708032,1.2176492348885968,0.010576372814912634,0.19312477192280195,0.8896050660495127,21.88918880661696,22.80350850198276,338.5,19.472733254080737,66.6175776496048,0.1968022973400437,334.0,1.0214204961326505,0.9790287191085809,0.35123717984351094,43.83320323059691,0.8896050660495127,19.472733254080737,21.88918880661696,22.0,20.0,22.80350850198276,22.80350850198276,338.5,19.472733254080737,1.0214204961326505,0.9790287191085809,66.6175776496048,0.1968022973400437,334.0
"training_set_primary_roi_006.tif","ef2e3979-9745-47c8-a109-544d5b2aed6e","Annotation","nuclei_tumor",103.08061981201172,420.5934143066406,1715.0,,,75.0,111.0,1.4689688E7,1.271834669373197,21.0,2.8039556418583684,140.0,91.533527696793,11.251216754923474,89.0,67.0,73.0,8.587551965292842,92.54953129778796,0.6436063883508931,13.675856493129086,1.4689688E7,0.4991243444483165,187.02905082066098,5.011771808028977,4.430840632981673,0.5041297489844087,1.13689937079815,0.15952309085421068,0.7539026118833367,0.15952309085421068,0.6331674148771881,0.13407547433852993,0.9202384545728947,0.9202384545728947,0.9906162887732816,0.9680953818291578,-0.43564618336161365,0.8108153156508724,0.15952309085421068,2.1834440084515547,0.40577664486843934,1.9233737640877324,0.6023241774826441,4.366888016903109,1.7638506732335217,0.3241056154130902,3.356376586660331,467.9935860058309,0.27288255743780226,3.1607564875179563,855.998250728863,0.3446271536519649,5.248979591836735,59.327696793002914,291.6384839650146,15.19584143181082,0.2664115646258503,0.028581990473546075,0.18397488553784544,0.009145000648041432,439.2292796281952,0.34022407407296296,0.65021920811481,6.246320681642138,61.349341595662274,280.8055770720372,15.370298648764953,0.2987886220845167,5.000442655682253,156.93958171959721,0.1215643545465509,0.1881924198250729,33.113824421109996,0.28656765288313607,2.0724990328893402,0.09725843867197377,6.904761904761905,0.3287981859410431,1.768707482993197,8.380952380952381,68349.66666666667,312356.6666666667,16353.229166666666,0.43783068783068774,5.761904761904762,0.2743764172335601,0.48939951216517014,4.237863769917969,0.21806405798640924,3.344698375159712,0.012244897959183673,61680.22222222221,11.76644998938469,0.009556346196637895,0.967345585806769,0.009070405188659047,0.0495103054518803,0.7150889260581293,55.47892783011944,56.568542494923804,1718.0,39.67236692089657,154.40643022340544,0.08987568697520688,1715.0,1.0508697015205868,0.9515927603136913,0.505184653900553,90.67812784097067,0.7150889260581293,39.67236692089657,55.47892783011944,56.0,40.0,56.568542494923804,56.568542494923804,1718.0,39.67236692089657,1.0508697015205868,0.9515927603136913,154.40643022340544,0.08987568697520688,1715.0
"training_set_primary_roi_006.tif","c2efbf97-31c4-47d0-824b-a995d57d62dc","Annotation","nuclei_endothelium",703.7963256835938,416.5125732421875,243.0,,,68.0,113.40000000000003,1860874.0,1.562366679618691,17.5,5.1658034434138775,161.0,85.63786008230453,13.207234669511765,82.0,56.0,105.0,7.888723562546499,87.50952916953246,1.3651084300894087,18.00207254726198,1860874.0,0.40845738285153005,324.07461599688355,3.9172335600907036,9.295172165924988,1.2639778590429667,1.5588167995845357,0.44557823129251706,0.5553987867376143,0.3798185941043083,1.088856941623838,0.30131606686514356,0.8207671957671958,0.816666666666667,0.983423873528191,0.938242360436238,-0.18588315300915367,0.6516931238699274,0.3249559082892416,1.9075963718820863,0.23441300178423602,2.6978550872590157,0.42290249433106575,3.815192743764172,2.2020861686994198,0.5010987577192629,4.193984110989157,33.732510288065846,0.13881691476570307,4.130095344544362,99.2551440329218,0.5744381784619553,4.411522633744856,36.991769547325106,137.61316872427983,15.497564014631912,0.41834590763603124,0.0656645937600768,0.5354880927755953,0.019252308366952943,126.64231738035265,0.3189982805550444,0.8441396113166127,5.299748110831234,9.79345088161209,38.72040302267003,3.793224181360202,0.406679261125105,3.9952995714460626,103.18136020151134,0.25990267053277416,0.40843621399176955,3.7989708709528007,0.49307236786556846,3.3399406049635334,0.1706769570657484,4.2,0.28,1.528888888888889,9.0,1381.5333333333333,5392.933333333333,408.9290555555555,0.34294444444444444,2.066666666666667,0.13777777777777778,0.30900991930753396,4.416620684287792,0.028499239896789177,3.773557262275185,0.06172839506172839,1119.0933333333335,2.3972680351210243,0.042095260014328735,3.6164033466230125,0.01809514032771177,0.47793689167064596,0.6038893784656374,22.89120455701304,23.600847442411894,245.5,13.823755292264371,60.688335187993424,0.2472029946557777,243.0,1.092633580467483,0.9152199034301604,0.29296701362456096,30.495776376858753,0.6038893784656374,13.823755292264371,22.89120455701304,19.0,19.0,23.600847442411894,23.600847442411894,245.5,13.823755292264371,1.092633580467483,0.9152199034301604,60.688335187993424,0.2472029946557777,243.0
"training_set_primary_roi_006.tif","0c703bd4-623a-4ead-b37f-666c5b97b0c0","Annotation","nuclei_tumor",203.0102081298828,431.3660888671875,945.0,,,115.0,156.0,1.7812172E7,1.5867436049772858,23.0,3.309830528676622,175.0,136.3068783068783,13.137862881778226,138.0,81.0,94.0,9.74032090318614,137.2911477818554,-0.580053048432038,16.41018541921837,1.7812172E7,0.3856566165560874,269.29418549312715,9.2425,11.42868821481909,-1.2635671650805893,1.9170980709876548,0.2736111111111111,0.7502077287602515,0.26972222222222225,0.8548691302118275,0.20086103395061733,0.8657870370370371,0.8655277777777778,0.9895074417919246,0.9551388888888889,-0.36767529045151515,0.8301463725043565,0.26631944444444444,2.9718055555555556,0.23375200617283953,2.5936534308920476,0.4166666666666667,5.94361111111111,2.307370768038824,0.5476772955246912,4.29073369054093,152.23174603174604,0.1610917947425884,3.3887584334145187,364.44550264550264,0.5454897679236304,9.406349206349207,46.66984126984127,426.76719576719574,7.222999412110524,0.15220282186948852,0.037987410366851035,0.39909646903048895,0.005276117776200666,401.97902097902096,0.3513802630935498,0.6106655582180057,9.821678321678322,17.708041958041957,160.64335664335664,2.6474300699300692,0.14797639860139863,4.482826518917293,199.4737762237762,0.1743651890067974,0.30264550264550266,6.790332045576801,0.36602811157145104,3.781227814798507,0.04916939534613377,6.2,0.31,0.9875,11.55,14783.35,129526.95,1866.0735277777778,0.15790277777777778,2.8,0.14,0.33755466652281235,4.596967693404774,0.03539674260915223,3.984183719779189,0.021164021164021163,12550.7875,4.866061192187346,0.012461642928058455,2.4720841788754035,0.013142949929928163,0.11182161524371217,0.6465410357913355,44.08849619463629,44.04543109109048,946.5,28.5050219961625,119.72698902203425,0.12649444165032672,945.0,1.0978090825797713,0.9109051982427336,0.4076219768921214,59.03606849630627,0.6465410357913355,28.5050219961625,44.08849619463629,37.0,40.0,44.04543109109048,44.04543109109048,946.5,28.5050219961625,1.0978090825797713,0.9109051982427336,119.72698902203425,0.12649444165032672,945.0
"training_set_primary_roi_006.tif","fdf9c36a-0048-4a08-bb92-eae46b6bca89","Annotation","nuclei_histiocyte",480.37005615234375,427.9856262207031,816.0,,,80.0,122.0,8239992.0,1.533255234978994,23.0,2.937292521585321,156.0,99.07843137254902,13.675845828527484,97.0,56.0,100.0,9.948263596973423,100.48895169004753,0.4014809518466917,16.777778414313385,8239992.0,0.39993331891580164,281.49384851980017,6.452204699066623,8.854406870088267,0.8407452132704719,1.747893214124817,0.2423559703894432,0.7564566565079711,0.23591889282265854,0.8071775664484713,0.18669824639877416,0.8831133998498013,0.8826842613453489,0.9907298399523964,0.960833448281147,-0.3891355940720992,0.8333435671358623,0.23028644995172196,2.4649179272610233,0.27053175502351545,2.4541174254375466,0.4271000965561635,4.929835854522047,2.194396522091632,0.49756229612856506,4.090126713217753,148.22549019607843,0.18164888504421375,4.164119569396386,326.34558823529414,0.5023007977700884,6.6911764705882355,50.99264705882353,309.6862745098039,11.269765454793028,0.21775020424836602,0.04098591616430522,0.35803188655863577,0.009309934687663217,297.11136363636365,0.33762654958677685,0.6848708677685952,7.913636363636364,25.54090909090909,149.90454545454546,5.544113636363634,0.2105198863636364,4.651641532854972,150.91136363636363,0.1714901859504132,0.2696078431372549,11.783553719008266,0.3927475535592962,3.6639253601251958,0.071739105124921,5.260869565217392,0.22873345935727787,1.4706994328922496,9.956521739130435,10220.347826086956,58173.13043478261,2100.8377173913045,0.27099033816425117,3.260869565217391,0.14177693761814744,0.3486084499575587,3.9883006116025697,0.11398676802022054,4.2626923908396215,0.028186274509803922,8961.640831758034,4.703582203651278,0.016528658174332248,2.228592880106844,0.010870286405524017,0.15656030506259236,0.8224172430685487,35.748506237432125,36.40054944640259,812.5,29.400187943607744,104.97332638041348,0.1291979401605089,816.0,1.038872720643643,0.962581825596923,0.4262162408638306,64.54494497640991,0.8224172430685487,29.400187943607744,35.748506237432125,34.0,28.0,36.40054944640259,36.40054944640259,812.5,29.400187943607744,1.038872720643643,0.962581825596923,104.97332638041348,0.1291979401605089,816.0
"training_set_primary_roi_006.tif","83f645a3-d72f-439b-9898-79acf8d78268","Annotation","nuclei_histiocyte",810.291748046875,428.40447998046875,420.0,,,71.0,130.0,4217806.0,1.971041270107547,38.25,2.40806298785162,170.0,97.44761904761904,19.857551020408135,92.0,57.0,113.0,15.447101122831453,100.21175199593728,0.6032041686252957,23.37427603253953,4217806.0,0.287312925170068,546.3567800453519,6.315586914688905,27.955898920883644,3.0046221775924935,3.360451696598328,0.36754329698524696,0.8028198548453833,0.3572803078896729,0.9746269949518862,0.2398940785795075,0.8230703442377592,0.8223861449647211,0.9859453876949618,0.9406976389016158,-0.3736606589563575,0.8737272177732714,0.34830019243104554,2.35952533675433,0.15344061525270106,3.136769730984823,0.30596536241180244,4.71905067350866,2.746681570049893,0.9319987483958935,4.695086997989828,62.89523809523809,0.14975056689342403,3.4875283446712015,120.67142857142858,0.9921712018140586,6.878571428571429,37.23809523809524,225.85,11.908157407407408,0.3113769841269841,0.0585484356440989,0.5877097022009862,0.013702413953989153,168.48358208955224,0.25146803296948095,1.1925150367565165,7.859701492537313,9.64179104477612,59.80597014925373,3.0038864013267,0.2971629353233831,4.41718189935317,163.23880597014926,0.24364000891067053,0.39880952380952384,3.354421920249498,0.47185048733309465,4.4286584185608096,0.11996707305295998,4.7,0.235,1.6599999999999997,11.9,2016.8,9725.55,593.357888888889,0.23438888888888892,3.0,0.15,0.34649776111953734,4.726343210482134,0.04801283800299386,3.984183719779189,0.047619047619047616,1575.8,4.171792404679138,0.029164585893053426,3.0034305555878404,0.031305701202816734,0.25063332075675093,0.611474066262945,30.086166875694005,29.966648127543394,417.0,18.396910797746138,79.89225218580178,0.19158813473813377,420.0,1.1036508566454324,0.906083653157774,0.32946108345228164,38.566523385056726,0.611474066262945,18.396910797746138,30.086166875694005,28.0,22.0,29.966648127543394,29.966648127543394,417.0,18.396910797746138,1.1036508566454324,0.906083653157774,79.89225218580178,0.19158813473813377,420.0
"training_set_primary_roi_006.tif","c57ed5b8-075c-4cf9-a1b9-d3ab269e035d","Annotation","nuclei_histiocyte",980.5960083007812,425.63507080078125,269.0,,,69.0,135.20000000000002,2705925.0,2.0478989346893344,37.0,3.057831999055166,172.0,96.99256505576209,20.69797266483333,92.0,58.0,114.0,14.937511728279237,100.29556691845569,0.8230782409724265,25.52730043303019,2705925.0,0.27043573195505866,651.6430673981833,5.801030927835053,34.19889093417578,3.792033948632204,3.50151982144755,0.5010309278350514,0.7496441848114713,0.43917525773195876,1.1335837880105109,0.30815602083111915,0.790721649484536,0.7865979381443301,0.9812217998851486,0.9282768777614138,-0.30712961760320473,0.8365075149849401,0.38505154639175254,2.247422680412371,0.1356477840365608,3.315750836527843,0.25876288659793817,4.494845360824742,2.788891796220567,1.0006376873206504,4.772721529315262,33.87732342007435,0.1259380052790868,4.746203065187047,72.74721189591078,1.152499274471055,6.724907063197026,32.49442379182156,148.59851301115242,14.823077240809583,0.35484097480380006,0.0855752223786389,0.9761805848251459,0.017545917596581057,121.09561752988049,0.24122632974079777,1.3131061411723628,8.609561752988048,7.605577689243028,38.8804780876494,3.4204061531651178,0.2740897521027002,4.086051405014299,171.16334661354583,0.34096284185965303,0.46654275092936803,3.0113014079141602,0.6014775064518948,6.331377083314512,0.12697389662815103,4.2631578947368425,0.22437673130193905,1.6011080332409968,12.947368421052632,878.3684210526316,4106.0526315789475,320.8491228070175,0.19628654970760237,3.526315789473684,0.18559556786703602,0.41147178524318845,6.422283440429019,0.04231908291415898,3.8924071185928786,0.07063197026022305,677.92243767313,3.779725306595956,0.041281434480520934,3.2911128034269796,0.043074889903922824,0.3542235519837984,0.4016427915127072,29.4568454939164,29.966648127543394,269.0,11.831129653335095,71.84982265107394,0.26709971245752395,269.0,1.235789863107612,0.8091990635732544,0.24919469519795556,22.063775607125255,0.4016427915127072,11.831129653335095,29.4568454939164,27.0,18.0,29.966648127543394,29.966648127543394,269.0,11.831129653335095,1.235789863107612,0.8091990635732544,71.84982265107394,0.26709971245752395,269.0
"training_set_primary_roi_006.tif","a86d3c2d-901f-440b-8687-6f86e1e1c9bf","Annotation","nuclei_endothelium",716.6157836914062,431.3197021484375,233.0,,,73.0,119.0,2287045.0,1.6959219863488049,29.0,2.3494607951850175,143.0,97.4206008583691,14.985798228002004,99.0,54.0,89.0,11.358703033046629,99.07393086389595,0.028175484894751975,18.02415893234323,2287045.0,0.3458711709554422,324.87030521836823,6.390330188679246,11.407802365860848,-0.32967275943396235,2.165978773584906,0.3702830188679245,0.70800883412763,0.3632075471698113,0.9710760284357162,0.2383632965468138,0.8195754716981133,0.8191037735849058,0.9783435072142065,0.9275943396226415,-0.29417003100964356,0.7947922632787502,0.35701650943396224,2.4375,0.17553302443040222,2.896040467693139,0.294811320754717,4.875,2.509668824447187,0.6340654481132075,4.408969267334251,36.261802575107296,0.15563005397041757,3.21122142607158,80.58798283261802,0.6306249884875389,6.510729613733906,35.257510729613735,238.20171673819743,8.587982832618026,0.27324749642346213,0.05219228324774512,0.3568676205182438,0.014443516015850606,126.07969151670952,0.32411231752367486,0.7061544663331595,6.323907455012853,8.730077120822623,58.62724935732648,2.124464438731791,0.2975935447015139,4.012872184674903,99.89460154241645,0.2567984615486284,0.41738197424892703,2.989803133735569,0.4685458154022029,2.8973649768589413,0.1463370412079296,2.6,0.26,1.24,8.0,1450.1,8873.7,319.2347222222222,0.3159722222222222,1.4,0.14,0.21778058219640556,2.1448554159211426,0.03746139339650008,3.321928094887362,0.04291845493562232,907.2100000000003,2.915643414556458,0.044545011354744625,1.6694857180306895,0.03230777006455774,0.21069293165962635,0.7189706617241883,20.34996826726868,20.591260281974,232.5,14.631030151184397,56.5342891232373,0.24315823278811743,233.0,1.045912913212294,0.9561025467490573,0.3085887700479128,33.834711762645874,0.7189706617241883,14.631030151184397,20.34996826726868,17.0,19.0,20.591260281974,20.591260281974,232.5,14.631030151184397,1.045912913212294,0.9561025467490573,56.5342891232373,0.24315823278811743,233.0
"training_set_primary_roi_006.tif","d0187241-f256-435b-801c-f2f66b2a7c98","Annotation","nuclei_endothelium",640.4024658203125,433.5177307128906,95.0,,,50.4,102.0,550789.0,1.7249409375221563,28.0,3.516353914335527,136.0,73.10526315789474,16.982825484764557,70.0,44.0,92.0,12.167936288088645,76.14314773745843,0.9660189629468792,21.293178390822252,550789.0,0.37130193905817177,453.39944598337974,6.148606811145513,17.68694495086114,3.0382065641535774,2.129053283363206,0.4736842105263157,0.636010768171289,0.44272445820433437,1.080691362150232,0.2776792646339944,0.7837977296181632,0.781733746130031,0.9820277405950513,0.9269497272593247,-0.2212552252511757,0.7176377233570659,0.41563467492260064,2.3947368421052633,0.21106307929722318,2.9086892544449814,0.4055727554179567,4.7894736842105265,2.418246167901575,0.6506843734723806,3.9531553749796156,14.389473684210527,0.15146814404432132,4.325761772853185,35.27368421052632,0.7341828254847647,7.010526315789473,28.28421052631579,145.49473684210525,6.725134502923976,0.23254970760233915,0.10479889372903156,1.237455808834255,0.01939333535558473,56.774358974358975,0.29115055884286656,0.9797238658777121,8.394871794871795,5.764102564102564,32.676923076923075,1.3664045584045585,0.2292150997150997,3.651461266095819,71.32820512820513,0.36578566732412887,0.5131578947368421,1.966600920447074,0.623023816791674,6.003989854061284,0.14129770000355316,2.4545454545454546,0.2231404958677686,1.7851239669421484,11.909090909090908,271.3636363636364,1367.8181818181818,61.883080808080805,0.2591666666666667,2.4545454545454546,0.2231404958677686,0.4200489240350817,6.661564132570746,0.05488793942442372,3.2776134368191165,0.11578947368421053,196.77685950413218,0.9351457868303573,0.09920745920745919,3.315314802311537,0.025954926929512154,0.8870000317158854,0.570842948254447,14.703047819047265,16.0312195418814,94.0,8.39313116535106,39.17728689241127,0.4167796477916092,95.0,1.1398967045309873,0.8772724721679512,0.21627254052835662,16.619004671927417,0.570842948254447,8.39313116535106,14.703047819047265,9.0,16.0,16.0312195418814,16.0312195418814,94.0,8.39313116535106,1.1398967045309873,0.8772724721679512,39.17728689241127,0.4167796477916092,95.0
"training_set_primary_roi_006.tif","c9b8c338-db99-470a-b67b-177b071b926e","Annotation","nuclei_tumor",25.56314468383789,436.7705383300781,464.0,,,65.30000000000001,114.0,3604038.0,1.6665009394595987,25.0,2.8122198034904815,140.0,86.22413793103448,14.92560939357906,82.0,58.0,82.0,10.876604231703112,88.13241898338016,0.750182974831003,18.24065004082939,3604038.0,0.34719641795481565,332.7213139120092,3.979773944080905,10.8634443533294,1.429020607465862,2.0728051664666616,0.29327781082688875,0.752098456697106,0.29327781082688875,0.8729178540632822,0.2072659365034764,0.8533610945865556,0.8533610945865556,0.9827483640690066,0.9413444378346223,-0.3613640355372365,0.8289529385163945,0.29327781082688875,1.8801308744794767,0.20870006345193384,2.6347592374234394,0.330755502676978,3.760261748958953,2.3414814265965505,0.5915207443233875,4.163744949613223,75.28017241379311,0.1622417508917955,3.7612960760998813,161.09913793103448,0.6419394693816886,4.446120689655173,41.224137931034484,141.88577586206895,22.170438218390807,0.45096982758620696,0.049719118969426844,0.39310641000892693,0.014211393773864912,212.18263473053892,0.31763867474631574,0.7524382372978593,5.754491017964072,15.0,50.85928143712575,8.386830505655356,0.34822022621423826,4.078345184841369,150.7814371257485,0.22572071426010254,0.3599137931034483,7.280253863530425,0.4448758735012366,3.3863972456197984,0.10196227472543265,5.428571428571429,0.3877551020408163,1.2653061224489797,11.142857142857142,5183.714285714285,19095.214285714286,2302.530753968254,0.23015873015873017,3.0,0.21428571428571427,0.4077528846285464,5.516465866687947,0.04653899095660565,3.09306920777189,0.03017241379310345,4085.2653061224487,7.460693150092408,0.02567820510295032,1.5343007682052212,0.02755835687915919,0.14685587062834496,0.2902056905300634,51.440178047028816,48.703182647543684,468.5,14.928232391127406,115.90346331799044,0.247392664499446,464.0,1.5105554902648528,0.6620081198239631,0.2118312548350394,15.943450725979641,0.2902056905300634,14.928232391127406,51.440178047028816,46.0,21.0,48.703182647543684,48.703182647543684,468.5,14.928232391127406,1.5105554902648528,0.6620081198239631,115.90346331799044,0.247392664499446,464.0
"training_set_primary_roi_006.tif","ef26dd28-c486-4887-b0a4-a24c24d6c495","Annotation","nuclei_tumor",249.86563110351562,441.4418640136719,128.0,,,88.0,126.89999999999999,1473889.0,1.6363516395983178,23.0,3.0076778398526,152.0,105.9921875,13.49169921875,104.0,69.0,83.0,9.383353756244698,107.30683954203478,0.3412440840068174,16.745566621193912,1473889.0,0.376953125,280.41400146484375,7.299999999999999,7.095477777777774,0.2306666666666666,1.5877777777777773,0.47777777777777775,0.537385691231845,0.42,1.1097844667201864,0.3013777777777778,0.799074074074074,0.7957777777777776,0.9821585964182314,0.9313359788359789,-0.17471069091111782,0.6483294543115925,0.3746913580246913,2.65,0.19440740740740745,2.8485003169478627,0.31555555555555553,5.300000000000001,2.3263353440345402,0.5163888888888889,4.241976559427076,17.1875,0.13427734375,4.445068359375,48.25,0.5771484375,7.96875,32.171875,227.71875,5.731527777777778,0.18237413194444443,0.08867798558949043,1.1109983180193375,0.012213697189186244,76.85774058577405,0.3215805045429877,0.7722904010784128,8.891213389121338,6.98744769874477,51.60669456066945,1.230883310088331,0.1829404927940493,3.7971511071973643,75.86192468619247,0.317413910820889,0.466796875,2.3981723009050966,0.5724005564568924,5.782292769618308,0.09919508546096263,3.3333333333333335,0.2777777777777778,1.25,13.5,355.8333333333333,2344.3333333333335,64.9823611111111,0.1646527777777778,2.1666666666666665,0.18055555555555555,0.3920796968898808,7.109538878114086,0.029708640842868117,3.2516291673878226,0.09375,242.05555555555557,0.9861146700832799,0.07275916391925033,3.3164100418096614,0.02024689538138253,0.591545375009942,0.8856263511504017,13.656059912464581,14.560219778561036,129.0,12.094166511367282,42.209485879575745,0.327205316895936,128.0,1.0483595970418342,0.9538711743772929,0.26539924335467946,25.026585855802605,0.8856263511504017,12.094166511367282,13.656059912464581,14.0,14.0,14.560219778561036,14.560219778561036,129.0,12.094166511367282,1.0483595970418342,0.9538711743772929,42.209485879575745,0.327205316895936,128.0
"training_set_primary_roi_006.tif","b1ccb9ac-48e4-4d18-b486-3994f1c902f1","Annotation","nuclei_endothelium",605.8012084960938,452.638427734375,432.0,,,79.1,126.0,4512940.0,1.617369125744486,26.0,3.0180470414612777,159.0,100.60185185185185,14.460390946502036,98.0,63.0,96.0,10.188431001890343,102.20870985571813,0.5960756380503942,18.052362015770193,4512940.0,0.3782793209876543,325.88777434842245,6.763975155279502,9.118460834020393,1.396409253055321,1.7940438254696969,0.3819875776397516,0.6489135431649478,0.36335403726708076,0.9997786481755724,0.2499614212414645,0.8214285714285716,0.8201863354037267,0.9854564476003759,0.9398846495119789,-0.2416546348116804,0.7283510467715429,0.3470496894409938,2.5319875776397525,0.21178503915743993,2.750711235584571,0.3720496894409938,5.063975155279503,2.328027675542054,0.5440078507773619,4.293924825588058,59.75,0.13831018518518517,4.044410150891633,163.41666666666666,0.588391632373114,7.166666666666667,37.85648148148148,241.61574074074073,7.604717721193417,0.20586226851851852,0.06075506872416318,0.5693981940770135,0.01776367584162985,216.36918604651163,0.31449009599783667,0.7776986715792319,8.015988372093023,10.578488372093023,66.60174418604652,2.1989777131782944,0.2162984496124031,4.117000915314331,179.67151162790697,0.2611504529475392,0.39814814814814814,4.270213628988643,0.5056427290655507,4.490393246488975,0.12146907505217042,4.111111111111111,0.22839506172839505,2.2839506172839505,10.0,2621.0,14472.333333333334,554.3365277777777,0.40018518518518514,3.5555555555555554,0.19753086419753085,0.4045574478886782,5.264855410090679,0.19046967175164628,3.5304930567574826,0.041666666666666664,2045.0,3.3485894145138744,0.024924564522429252,2.908838612226263,0.017199040241700003,0.21997636825301053,0.5964642092176793,30.43804866274221,30.364452901377952,431.0,18.155206625751774,78.5713794815058,0.1823001844118464,432.0,1.0676301038676899,0.9366539931548509,0.34914495142661767,43.312552598401254,0.5964642092176793,18.155206625751774,30.43804866274221,18.0,30.0,30.364452901377952,30.364452901377952,431.0,18.155206625751774,1.0676301038676899,0.9366539931548509,78.5713794815058,0.1823001844118464,432.0
"training_set_primary_roi_006.tif","bcddf7d7-cfab-430c-a527-03ef266150f9","Annotation","nuclei_tumor",345.7803649902344,448.4651184082031,65.0,,,89.8,115.2,695484.0,1.1773293664576476,13.0,3.1282985705962854,130.0,102.95384615384616,7.800710059171599,103.0,80.0,50.0,5.101114955786236,103.43961449151793,0.1918888689352246,10.012962013511471,695484.0,0.4873372781065089,100.25940828402368,2.8537735849056607,1.7791235493121385,0.027687285477273255,0.8861694553221785,0.3113207547169812,0.48004459308807124,0.3113207547169812,0.8946921645908386,0.21440014239943045,0.8443396226415095,0.8443396226415095,0.968867924528302,0.9221698113207547,-0.16080142254278387,0.5578474057918514,0.3113207547169812,1.6462264150943395,0.27863563545745823,2.1319601165974813,0.419811320754717,3.2924528301886795,1.8206393618805001,0.29937255250979,3.869210167209972,9.492307692307692,0.1460355029585799,3.973017751479289,31.676923076923078,0.30532544378698223,3.169230769230769,34.13846153846154,98.58461538461539,18.31752136752137,0.508974358974359,0.05603317780103495,0.2248161521018664,0.0242837780055042,52.26315789473684,0.4584487534626039,0.3561865189289012,3.4649122807017543,7.473684210526316,22.789473684210527,3.8201754385964914,0.4812378167641326,3.3647826634646925,31.526315789473685,0.2765466297322253,0.43846153846153846,2.2720837180670976,0.5214163011695907,2.0937768031189083,0.2171284282272038,1.5,0.375,0.6875,3.75,484.75,1643.5,197.5625,0.5902777777777778,1.5,0.375,0.05634492110453649,0.2790602399737015,0.031530288918109425,2.0,0.06153846153846154,220.6875,2.001138716356108,0.11768661735036985,0.984931128779055,0.03037596723411343,0.32989690721649473,0.43758978971421125,13.831808867983558,14.212670403551895,64.5,6.052658333908087,33.47603286813174,0.5190082615214223,65.0,1.1758426160445277,0.8504539522167917,0.18788140528803113,12.54208806713141,0.43758978971421125,6.052658333908087,13.831808867983558,11.0,10.0,14.212670403551895,14.212670403551895,64.5,6.052658333908087,1.1758426160445277,0.8504539522167917,33.47603286813174,0.5190082615214223,65.0
"training_set_primary_roi_006.tif","60f60109-78d5-441c-9327-0ead921d1fec","Annotation","nuclei_lymphocyte",551.7007446289062,450.4969177246094,244.0,,,55.0,96.0,1324390.0,1.3227470331724005,16.25,4.198818004485149,129.0,71.85245901639344,12.237570545552261,68.0,48.0,81.0,7.588205285174989,73.67379363689953,1.2189898062658946,16.280417751088564,1324390.0,0.5197191615157216,265.05200214995955,5.496071829405163,8.832026701462956,2.127908850677964,1.3428964794471718,0.36812570145903484,0.5697008424939706,0.32547699214365877,0.997730224498988,0.26219042904415146,0.8443696221474,0.8415263748597082,0.9861806988243769,0.9467692801026135,-0.19811747912588087,0.6220341821482162,0.2881593714927048,2.291806958473625,0.38703848561686205,2.2249625377829636,0.6038159371492705,4.58361391694725,1.8461572871769039,0.42775554522655157,3.503838111499644,34.9344262295082,0.1431738779897877,6.034264982531576,126.81147540983606,0.4893005912389143,6.004098360655738,43.02459016393443,192.52868852459017,10.703395947176686,0.22787226775956285,0.07288485893750335,0.791205874729977,0.013462246408126093,116.56741573033707,0.3274365610402727,0.7375568110087108,8.176966292134832,15.567415730337078,71.5561797752809,3.8007584269662926,0.19672830836454433,3.814878331703354,108.56741573033707,0.30496465092791314,0.36475409836065575,8.051193031182928,0.5697766184620868,5.734613652375189,0.09147447370450766,6.3,0.315,1.0875,11.65,1439.6,5921.85,357.35226388888884,0.18525,3.2,0.16,0.3282271372669438,5.037393016581633,0.0688262406589436,3.521928094887362,0.08196721311475409,1290.7600000000002,1.6713669432419433,0.04608216186853994,2.5814223517262924,0.012848198926564755,0.4548031212086413,0.8585870850632068,19.104459323697686,19.6468827043885,244.5,16.4028420424422,57.04519649150246,0.23331368708180966,244.0,1.0291406119074504,0.9716845185485004,0.3201660710350011,36.42108330019183,0.8585870850632068,16.4028420424422,19.104459323697686,19.0,16.0,19.6468827043885,19.6468827043885,244.5,16.4028420424422,1.0291406119074504,0.9716845185485004,57.04519649150246,0.23331368708180966,244.0
"training_set_primary_roi_006.tif","9a76783d-5ba3-486d-a83f-b0223155b4a1","Annotation","nuclei_endothelium",621.44140625,455.0591125488281,164.0,,,94.0,124.0,2037253.0,1.0745217421121425,13.25,3.249270079141727,150.0,110.89634146341463,8.74538964901843,112.0,85.0,65.0,6.395977508650514,111.45525734681117,-0.0250464141172533,11.147907439230318,2037253.0,0.5959250446162999,124.27584027364666,3.706086956521739,2.3069843232406977,-0.24950768472096635,0.7510018903591684,0.23478260869565218,0.5236634194983512,0.2208695652173913,0.7931499634920679,0.1859992438563327,0.8918840579710146,0.8909565217391304,0.9864347826086957,0.9562898550724638,-0.22932600027502292,0.6153273056000806,0.208695652173913,1.891304347826087,0.44636824196597336,1.8369715747977926,0.648695652173913,3.782608695652174,1.578704447222937,0.24644612476370506,3.49111863770187,25.75609756097561,0.1570493753718025,4.603509815585961,97.73170731707317,0.26293872694824505,3.975609756097561,47.01219512195122,170.46341463414635,16.701769986449865,0.36132283197831977,0.05152820410006821,0.3597086576839408,0.013086862158481278,85.63725490196079,0.41979046520569013,0.4714292579777008,4.730392156862745,17.225490196078432,64.99019607843137,5.731617647058823,0.35675381263616557,3.9508294988351995,39.96078431372549,0.1958861976163014,0.31097560975609756,6.884851980007689,0.4244718803249782,2.657618719334682,0.12210080843263448,3.5,0.4375,0.6875,8.25,1987.25,7701.5,564.4557291666667,0.23350694444444445,1.5,0.1875,0.3170200078195829,3.7267670168750393,0.029301619753249627,2.75,0.04878048780487805,1567.0,1.4133944702542263,0.07861295162073588,1.3102375631409133,0.009009252423202883,0.4369419916790179,0.41000630993672377,22.895857572911808,23.0,163.5,9.387446076306363,53.99849423196469,0.33026601976736814,164.0,1.1912909403239498,0.8394255056855114,0.2324718364220136,19.201844079585747,0.41000630993672377,9.387446076306363,22.895857572911808,10.0,23.0,23.0,23.0,163.5,9.387446076306363,1.1912909403239498,0.8394255056855114,53.99849423196469,0.33026601976736814,164.0
"training_set_primary_roi_006.tif","b022c79c-80d6-4f1e-9dcb-bb92a5208e30","Annotation","nuclei_tumor",306.4468688964844,461.160888671875,1214.0,,,85.0,117.70000000000005,1.2350158E7,1.353176665982396,16.0,3.1091944629049872,138.0,100.03953871499176,10.089445214941483,99.0,60.0,78.0,6.918370549097468,100.86184623711358,0.18650554072016157,12.853121023736117,1.2350158E7,0.43786385632747005,165.20272005080736,6.464904679376083,4.503996447191387,0.280836073567981,1.2514898071360558,0.2361351819757366,0.6825339938438054,0.23526863084922012,0.790905225076376,0.18078385331406996,0.8825101097631425,0.8824523396880415,0.986124987256601,0.9529751588677067,-0.3302748073244651,0.764029592147839,0.23451039861351825,2.492201039861352,0.2857741909686449,2.2154695206906068,0.3949306759098787,4.984402079722703,1.975854931238398,0.37190624727794813,3.974486410091317,212.82701812191104,0.1753105585847702,3.472925696636441,531.5667215815486,0.386713629294692,6.661449752883032,49.968698517298186,320.2545304777595,9.904333699432547,0.19848297638660076,0.033816063370860586,0.2728759129651006,0.005978847385386976,522.7870090634441,0.39485423645275236,0.4849878150071648,7.196374622356496,22.809667673716014,143.29909365558913,4.515892497482377,0.19704074353810005,4.509461654806296,207.6117824773414,0.15680648223364152,0.2726523887973641,9.357837186590123,0.33094027898103706,2.7124286608780537,0.06019544026761256,7.695652173913044,0.33459357277882795,0.8241965973534969,10.08695652173913,16169.217391304348,112304.91304347826,2741.449879227053,0.1896135265700483,2.5652173913043477,0.11153119092627599,0.2175887741218462,2.747969468731183,0.019232682397983293,3.7950885863977324,0.018945634266886325,13383.213610586012,12.509429357138679,0.00851735939006967,1.4616553310760885,0.015048470268121752,0.04619514706844535,0.33937122473562864,69.96190906158012,65.45991139621256,1214.0,23.74305876307112,158.9776068042723,0.13095354761472183,1214.0,1.287127826920306,0.776923611691845,0.3416959394891028,41.484120014996705,0.33937122473562864,23.74305876307112,69.96190906158012,62.0,32.0,65.45991139621256,65.45991139621256,1214.0,23.74305876307112,1.287127826920306,0.776923611691845,158.9776068042723,0.13095354761472183,1214.0
"training_set_primary_roi_006.tif","f135a699-1024-4cd5-8cdd-b8a11cc41d5a","Annotation","nuclei_endothelium",634.8465576171875,455.3431091308594,169.0,,,63.8,110.40000000000003,1184540.0,1.6705743716138943,16.0,3.5897282540588416,132.0,81.81065088757397,13.475578586183955,78.0,48.0,84.0,8.572839506172842,83.7204421036792,1.0592581612039604,17.780040140196423,1184540.0,0.3573754420363433,316.12982738699606,7.808873720136518,11.638618015349895,2.021887326811659,1.8294592831599668,0.5443686006825939,0.5413579860714974,0.4726962457337884,1.1672713953399132,0.3209268599517757,0.7755972696245733,0.7708191126279865,0.9796330831696252,0.9229237770193403,-0.149568016625058,0.6150441040418478,0.4099829351535836,2.736348122866894,0.17577374226840142,2.9399472347649827,0.2645051194539249,5.472696245733789,2.346042971013296,0.5934569709606401,4.33842438743304,22.976331360946745,0.1359546234375547,4.050208326039004,60.396449704142015,0.6778474143062218,8.544378698224852,28.11242603550296,199.3846153846154,4.950348454963839,0.16215976331360948,0.09606445701225923,1.0853640845994328,0.016449610938380273,108.59537572254335,0.31385946740619464,0.8226886965819105,9.632947976878613,6.005780346820809,46.54913294797688,1.0058285163776493,0.15302825947334617,3.6111936956477284,127.54913294797687,0.3686391125664072,0.5118343195266272,2.188613050887099,0.6227869165221216,6.7792865703603225,0.08819299361125818,4.125,0.2578125,1.3125,11.875,365.6875,2917.625,53.24003472222222,0.17427083333333335,2.5,0.15625,0.35707001450682196,4.726805426046674,0.08275851706649617,3.375,0.09467455621301775,254.12109375,1.5416014042668107,0.05180825253348048,3.7527098226397047,0.025530056143076043,0.4266968631760143,0.33976630719852263,25.61543127217942,25.179356624028344,170.5,8.703260490645958,58.76701261337636,0.34467456078226605,169.0,1.2695987626821097,0.7876504210569921,0.21352514513177068,16.19945103998692,0.33976630719852263,8.703260490645958,25.61543127217942,11.0,25.0,25.179356624028344,25.179356624028344,170.5,8.703260490645958,1.2695987626821097,0.7876504210569921,58.76701261337636,0.34467456078226605,169.0
"training_set_primary_roi_006.tif","f8d2bff6-aace-4443-9f1b-7ecda6417ec6","Annotation","nuclei_histiocyte",840.67041015625,463.2456970214844,446.0,,,64.0,115.0,3772255.0,1.6479526036804812,29.0,2.196252263753562,137.0,90.0067264573991,15.849956765669932,89.0,51.0,86.0,12.238784567081286,91.9672270540867,0.035459147681597886,18.888092662862224,3772255.0,0.3417522974521908,356.76004444086976,4.960120845921449,9.234994839517633,0.07826218974263377,2.083148565639233,0.42477341389728096,0.661254682272227,0.3788519637462236,1.0620438943260935,0.2812446034629111,0.8182275931520645,0.8151661631419939,0.9758237071263551,0.9257603222557903,-0.24944236353738242,0.7508402908628633,0.3386706948640484,2.13202416918429,0.16630753644088675,2.9108967952870928,0.2682779456193353,4.26404833836858,2.430659604544494,0.6269804948841284,4.451258412058491,65.5695067264574,0.1470168312252408,3.7185344567556156,152.42152466367713,0.6097045989261799,5.165919282511211,37.130044843049326,190.7354260089686,13.94006913303438,0.3715277777777779,0.053466483379599965,0.303509194929425,0.018259821090014002,245.3899721448468,0.3417687634329343,0.6283393207687711,5.264623955431754,9.824512534818941,52.21727019498607,3.4553737233054775,0.36221371092541005,4.023596008561233,178.93036211699163,0.24920663247491873,0.4024663677130045,3.6508794934862405,0.4798168132995121,2.707695725224903,0.152020435245938,5.117647058823529,0.30103806228373703,1.1903114186851211,7.294117647058823,3088.0,15743.64705882353,779.6785130718954,0.3803104575163399,2.0588235294117645,0.12110726643598616,0.2413148306825612,1.6261237119446352,0.08609847312232802,3.8521687236032816,0.03811659192825112,2399.7093425605535,6.584280266068176,0.02313425282890403,1.8686636109612418,0.031507534294048706,0.11531235273696012,0.4959663004767691,34.523504400915954,34.713109915419565,447.0,17.12249475721574,86.33011202489422,0.19313224166643003,446.0,1.1518703805861563,0.8681532374251403,0.31440477272017076,35.12210252590268,0.4959663004767691,17.12249475721574,34.523504400915954,18.0,34.0,34.713109915419565,34.713109915419565,447.0,17.12249475721574,1.1518703805861563,0.8681532374251403,86.33011202489422,0.19313224166643003,446.0
"training_set_primary_roi_006.tif","f2e78e57-8114-4209-a62b-5f9dac37e902","Annotation","nuclei_endothelium",701.0509643554688,460.6617736816406,441.0,,,75.0,128.0,4806364.0,1.764978341389023,28.0,2.405133094342785,150.0,102.49886621315193,16.447889511057635,104.0,56.0,94.0,12.383070987654355,104.39724412310349,-0.05979622449013263,19.81835022188397,4806364.0,0.33173934728842414,392.7670055172485,7.273722627737226,13.759798114796164,-0.3328347545731476,2.3442330290490814,0.34124087591240876,0.7458617078483197,0.3217761557177615,0.9580273515168758,0.2377009815239076,0.8423560421735603,0.841058394160584,0.9870302425990822,0.9468340864326263,-0.33542223915994873,0.8308551768097943,0.3047445255474453,2.602493917274939,0.1846168105208944,2.9086414440966073,0.3126520681265207,5.204987834549878,2.5258756660449886,0.6713684762403728,4.58716901001913,61.7437641723356,0.14000853553817597,4.212318941181914,146.297052154195,0.6878615391734926,7.476190476190476,41.78004535147392,304.35147392290247,9.094336734693877,0.2320918367346939,0.056138310997532456,0.4823516771704063,0.012471690820637626,187.9257503949447,0.2968811222668953,0.8317772636633399,7.717219589257504,13.061611374407583,93.27014218009478,2.776384939441811,0.24829998244690188,4.41483191382208,142.26698262243286,0.22475036749199503,0.358843537414966,5.295748073942633,0.4572820435348566,3.5566646782134455,0.11639178900282461,5.631578947368421,0.296398891966759,1.3573407202216068,9.736842105263158,2761.2105263157896,20784.78947368421,473.3789327485381,0.23419590643274854,3.526315789473684,0.18559556786703602,0.4093235273972073,4.4994386760154095,0.06476918492623579,3.7871439606981414,0.04308390022675737,2222.4819944598335,2.788654207202594,0.028340644695348017,2.740744559125565,0.018932718533130687,0.23426553830633856,0.596053802944901,30.87545874608852,31.240998703626616,441.5,18.403434603274466,80.13504723556079,0.18150633575438457,441.0,1.075851206643055,0.9294965640464994,0.34723382603569564,42.839687831560454,0.596053802944901,18.403434603274466,30.87545874608852,25.0,25.0,31.240998703626616,31.240998703626616,441.5,18.403434603274466,1.075851206643055,0.9294965640464994,80.13504723556079,0.18150633575438457,441.0
"training_set_primary_roi_006.tif","d7409ec4-cab2-4dd5-a61e-5212a8bd42ee","Annotation","nuclei_histiocyte",749.6001586914062,460.54302978515625,476.0,,,56.0,116.0,3665358.0,1.9904414681304874,36.0,3.1471538177799254,165.0,84.1470588235294,20.330449826989568,81.5,44.0,121.0,15.03585135899767,87.75153521604685,0.7231740037513436,24.8918545737876,3665358.0,0.29441776710684275,619.6044241225907,8.740179573512908,35.996738382361315,4.367766225627573,3.5389601842089675,0.39113355780022446,0.8009545911745791,0.3552188552188551,1.020816884126828,0.2649531226972304,0.8280957725402172,0.8259820426487094,0.9895956562623228,0.9498824221046447,-0.3698880581585373,0.8722288811676393,0.32644344681381715,2.8201459034792373,0.17633766899573108,3.151883122138,0.34062850729517397,5.640291806958474,2.7188846280963537,0.9825234355022983,4.534309214514631,64.89915966386555,0.13634277240307888,4.81719158251536,140.14285714285714,1.0653334863357107,9.409663865546218,40.26470588235294,294.9432773109244,7.85466736694678,0.1797385620915033,0.06065795034945195,0.897366199455973,0.008142674495025818,178.57241379310344,0.24630677764565992,1.3307129607609989,11.944827586206896,13.489655172413793,96.6951724137931,2.7013862068965517,0.1614436781609196,4.401954581261533,200.4758620689655,0.27651843043995245,0.3807773109243697,6.592692508917953,0.5322061664092033,7.628445928209584,0.07469017966316549,4.6,0.184,2.4,16.84,2353.6,15766.6,449.3145333333333,0.18966666666666665,3.4,0.136,0.30283521885274106,6.269966744852987,0.029057866272841036,4.373660689688184,0.052521008403361345,1991.0784000000003,2.3551196140067674,0.03004949102472117,3.9480659767252995,0.020374485143132805,0.38277551221353384,0.6444845527263983,30.69835238688564,31.144823004794873,478.5,19.784613907499352,81.59554968396627,0.1705236148045272,476.0,1.0522539614092643,0.9503409221294055,0.36627501689220066,47.666892493344676,0.6444845527263983,19.784613907499352,30.69835238688564,25.0,27.0,31.144823004794873,31.144823004794873,478.5,19.784613907499352,1.0522539614092643,0.9503409221294055,81.59554968396627,0.1705236148045272,476.0
"training_set_primary_roi_006.tif","c532fd96-7d65-46df-9b55-3ec944a5f1b9","Annotation","nuclei_tumor",416.01422119140625,466.3678283691406,1101.0,,,64.0,126.0,1.0098248E7,1.9574262385652896,39.0,2.126902355024864,154.0,92.90826521344232,19.647401709782475,92.0,43.0,111.0,15.498166190037686,95.76997115543855,0.26491823832091255,23.236644123930546,1.0098248E7,0.27352312034060355,539.9416301421959,10.952494628789688,29.129225697103227,2.0607087345701776,3.7646044178614417,0.24635951301026499,0.8771569541605311,0.2449271902602053,0.8090304235400698,0.18637018448150622,0.8777751253282409,0.8776796371449034,0.9933474414973581,0.9650359785833648,-0.510124807709667,0.9293070800217723,0.24367390785390308,3.1737884936739076,0.1749030258687153,2.9092902640133387,0.27047027930293627,6.347576987347816,2.65757942272054,1.0027409827179263,4.383657775747965,194.58038147138964,0.17673059170880076,3.643788447625435,301.14895549500454,1.0006277836761397,11.315168029064488,49.22161671207993,485.2515894641235,7.418992582500755,0.13284917751539002,0.03525064138078281,0.5079708984125154,0.003781703110535019,364.93376413570275,0.2947768692533948,0.8830256732809442,13.780290791599354,24.707592891760903,211.36995153473345,4.242664692155808,0.10435110393107162,4.7132165151447,222.70113085621972,0.17988782783216456,0.2811080835603996,12.052849846409215,0.3755960829529062,5.915927177830968,0.03463039251338527,5.095238095238095,0.24263038548752835,1.619047619047619,17.61904761904762,12619.952380952382,117129.71428571429,1901.8221296296297,0.11915343915343916,2.0476190476190474,0.09750566893424037,0.24364146276132248,5.033452410488905,0.01913042408358872,4.201841232302569,0.01907356948228883,9871.197278911564,3.641907611584779,0.01622553102148581,3.161406146761984,0.014547353278646046,0.19994038990235047,0.8677991657959867,41.49130831941042,43.56604182158393,1102.0,36.006122747368444,144.78758245081002,0.13138619097169693,1101.0,1.2303695868673696,0.8127639131149924,0.35686970607747526,45.250315593962824,0.8677991657959867,36.006122747368444,41.49130831941042,43.0,41.0,43.56604182158393,43.56604182158393,1102.0,36.006122747368444,1.2303695868673696,0.8127639131149924,144.78758245081002,0.13138619097169693,1101.0
"training_set_primary_roi_006.tif","3e797065-4f7b-4fe3-bb6f-6958c45b4102","Annotation","nuclei_stroma",512.1134643554688,463.6082763671875,346.0,,,79.0,120.0,3482588.0,1.6078715651762907,18.0,6.093111547924507,188.0,98.55491329479769,13.413545390758099,96.0,62.0,126.0,8.309693877551004,100.32588517922092,1.4223224244106951,18.76732006571875,3482588.0,0.40626148551572056,352.2123024491296,6.2101105845181666,12.570290283011227,2.0375763430744946,1.6401579529260848,0.48262243285939976,0.5452921686189249,0.3925750394944708,1.1198542565357366,0.3285072712253144,0.8173380726698259,0.8127172195892579,0.9874258144400321,0.9454600165500644,-0.17896683544626807,0.6427074400897869,0.32683868702826047,2.4332543443917847,0.2458356106606371,2.7109655734554257,0.42812006319115326,4.866508688783569,2.2076158008085844,0.5306950964463713,4.30006695435477,42.982658959537574,0.12422733803334558,5.3512646596946105,140.5664739884393,0.6487687527147582,6.855491329479769,38.23121387283237,210.67052023121389,8.503118978805396,0.2200714515093127,0.10390886350793796,1.3784140423724616,0.0172911797043861,168.33805309734512,0.29794345680946044,1.0226767953637717,8.587610619469027,10.456637168141594,58.998230088495575,2.343471976401179,0.2149041297935103,4.089507496954577,162.5787610619469,0.2877500195786671,0.4082369942196532,4.456305113947843,0.5450336618617231,5.811773296925039,0.11072689898123779,8.277777777777779,0.22993827160493827,1.6913580246913578,13.555555555555555,969.6666666666666,4371.611111111111,231.09767746913582,0.19253086419753085,12.555555555555555,0.3487654320987654,0.602465351421903,10.226429546971234,0.0770790569788519,3.7386531282386875,0.10404624277456648,877.2932098765432,2.273035213384091,0.02668642622806317,5.306436028663061,0.014748789395473923,0.46610443560797243,0.4027954315165526,33.379588761362555,33.24154027718932,351.0,13.445145858978101,79.13005164605372,0.2254417425813496,346.0,1.1914695808215645,0.8392996481794032,0.28133256533767265,28.121744546127854,0.4027954315165526,13.445145858978101,33.379588761362555,19.0,31.0,33.24154027718932,33.24154027718932,351.0,13.445145858978101,1.1914695808215645,0.8392996481794032,79.13005164605372,0.2254417425813496,346.0
"training_set_primary_roi_006.tif","d741d6e0-9abb-4887-9dd1-4f562b8df796","Annotation","nuclei_lymphocyte",543.0974731445312,465.93780517578125,179.0,,,69.8,109.20000000000002,1452918.0,1.4017700072030657,19.5,2.871759822601636,133.0,88.83798882681565,11.814737367747567,88.0,57.0,76.0,8.039610738911446,90.0936198362322,0.1848562545470945,14.989065227762199,1452918.0,0.4497050653849755,224.67207640210987,4.375975039001561,4.938232559991014,0.12059863558431849,1.28783759774728,0.2870514820592824,0.6354645089106342,0.2839313572542902,0.8726064736487659,0.20643446642701904,0.858554342173687,0.8583463338533541,0.9831696797283657,0.9433177327093083,-0.2717554495461083,0.7245787117271072,0.281201248049922,2.0312012480499217,0.286441816487012,2.367251991960306,0.49297971918876754,4.062402496099844,2.0696720291986397,0.3937222699516405,3.982908281231029,26.687150837988828,0.14909022814518896,4.220717206079711,80.49720670391062,0.41197216066914266,4.754189944134078,41.91620111731844,172.68715083798884,14.922175667287402,0.3349627560521415,0.051054588036331845,0.39388588023663845,0.013921024505912441,94.84375,0.3704833984375,0.546875,5.609375,13.0625,55.53125,4.304036458333333,0.30881076388888895,3.9456110515116896,58.875,0.22998046875,0.3575418994413408,5.239990234375,0.464331459613553,3.1202069690965732,0.12149039136702638,2.25,0.28125,1.234375,8.125,1688.125,6952.375,473.1822916666667,0.3385416666666667,1.5,0.1875,0.2867472826374425,4.079194600903592,0.04765160953349016,2.5,0.0446927374301676,1187.484375,1.7394573070607557,0.07096941980752919,1.4152037703637153,0.01613575894677368,0.3490169510819428,0.7108284582388441,18.092324916170675,19.313207915827967,179.5,12.860539426117825,50.908261948856804,0.28361148718026075,179.0,1.0718922024774997,0.9329296338649233,0.2788092071381757,27.619541766696287,0.7108284582388441,12.860539426117825,18.092324916170675,18.0,13.0,19.313207915827967,19.313207915827967,179.5,12.860539426117825,1.0718922024774997,0.9329296338649233,50.908261948856804,0.28361148718026075,179.0
"training_set_primary_roi_006.tif","fc76ddb0-db2f-4759-a3aa-9b064b613de1","Annotation","nuclei_lymphocyte",723.8248901367188,473.0069580078125,334.0,,,39.0,92.69999999999999,1409805.0,1.816276857151876,25.0,8.722896830034374,190.0,59.51796407185629,18.478539926135706,51.0,35.0,155.0,11.00654545454547,64.96901610685062,2.1852888962160892,26.04966423264293,1409805.0,0.350640037290688,678.5850066334363,3.8609756097560983,103.4481216392668,13.333121156966074,3.66300746909908,0.4634146341463416,0.7753915510573354,0.351219512195122,1.0844896626871454,0.340059488399762,0.8410569105691059,0.8356097560975607,0.9910771379151657,0.9575880758807589,-0.3629198833983952,0.8395570822215678,0.27224480578139115,1.7495934959349595,0.252149183686959,2.7522825704683584,0.432520325203252,3.499186991869919,2.3576214936465436,1.0316055258113557,3.9984988034652518,50.74251497005988,0.15192369751514934,6.305998780881351,117.11377245508982,1.282046685072968,4.772455089820359,43.90419161676647,97.7185628742515,33.23878262183117,0.5689632469754369,0.08887025080602212,1.2723289965797808,0.020626557259630397,119.1294363256785,0.24870445997010124,1.884841854768764,8.651356993736952,16.734864300626306,37.94989561586639,13.417149484706897,0.3224960352965125,4.20996719334332,149.43423799582465,0.31197126930234786,0.35853293413173654,8.955539768393619,0.5770909407760951,6.9547419545566935,0.11333287888358895,6.214285714285714,0.22193877551020408,2.137755102040816,17.571428571428573,1344.7857142857142,2905.714285714286,977.6271661402656,0.14134859896339486,8.928571428571429,0.31887755102040816,0.5650041870598493,11.150488479075333,0.06861992028640732,3.7534343861887853,0.08383233532934131,1202.4948979591838,2.1691052618804916,0.039240708514657496,7.212943040919739,0.017979413512849627,1.3985651527530951,0.6523497511090047,25.68337974022418,26.92582403567252,335.0,16.754546381173295,69.96868732426393,0.20886175320675798,334.0,1.0783913377414847,0.9273071518678343,0.32293437875584213,37.053634120776415,0.6523497511090047,16.754546381173295,25.68337974022418,20.0,25.0,26.92582403567252,26.92582403567252,335.0,16.754546381173295,1.0783913377414847,0.9273071518678343,69.96868732426393,0.20886175320675798,334.0
"training_set_primary_roi_006.tif","8cc3ba5e-751a-48a1-8d5e-7e6e1ec0d743","Annotation","nuclei_tumor",199.95407104492188,479.9444580078125,769.0,,,97.0,153.0,1.2333591E7,1.8927286261484466,32.0,2.505485136318109,182.0,124.83094928478543,17.307972625858003,124.0,73.0,109.0,12.592913631633719,126.64312000244303,-0.027605319046712533,21.34745756788178,1.2333591E7,0.3006674434059736,455.71394461251305,13.046719340432837,20.53524267962416,-0.05202003221666786,2.876175267624043,0.29714874613534875,0.812720828477064,0.29302645139127453,0.88764716122256,0.21128424492038575,0.8541738234283751,0.85389900377877,0.991985664812872,0.9582126907788191,-0.4133844216411902,0.886751747719103,0.2894194434902096,3.5216420474063894,0.17198431517121768,2.9617100624016666,0.28340776365510134,7.043284094812779,2.650787922914972,0.7933310034398481,4.615696775917135,118.67750325097529,0.15432705234197047,3.4341392144561453,231.21326397919375,0.8241936820317874,13.243172951885565,43.98569570871261,566.1300390117035,4.491649328131773,0.10353778355728938,0.04426036749044367,0.6489560038362984,0.005194820871213599,284.4861660079051,0.28111281226077584,0.9480649205580468,13.722332015810277,14.57312252964427,183.57114624505928,1.5225801493192797,0.10731746815985944,4.687904917824571,191.86561264822134,0.18959052633223453,0.328998699609883,5.334406099142307,0.384854793585017,5.380049751243941,0.046443007609337256,4.5,0.225,1.9875,16.05,7469.65,94958.7,694.2437777777777,0.1418611111111111,3.9,0.195,0.433600058551621,8.25212146078307,0.04753180086107716,3.821928094887362,0.02600780234070221,5991.2474999999995,2.760055313029929,0.016759961780769547,3.9210080488639734,0.014566845429075244,0.22022473510714413,0.4987112689039183,44.654826175072245,44.721359549995796,762.0,22.269865024454184,109.91104646959921,0.14424021846404098,769.0,1.123204733812899,0.8903096380348571,0.37309379026433925,49.458197860247246,0.4987112689039183,22.269865024454184,44.654826175072245,40.0,30.0,44.721359549995796,44.721359549995796,762.0,22.269865024454184,1.123204733812899,0.8903096380348571,109.91104646959921,0.14424021846404098,769.0
"training_set_primary_roi_006.tif","cef5ad7e-c52b-4fe2-a157-fc6dcceb3ff9","Annotation","nuclei_endothelium",599.2982788085938,480.8203125,367.0,,,75.0,117.0,3354215.0,1.5018271763610502,21.5,3.418976056310728,147.0,94.07356948228883,13.234859565369103,92.0,50.0,97.0,8.981711613964048,95.60099585631599,0.5945452008952432,17.020985094298226,3354215.0,0.42857991372717896,289.71393358032236,5.566469719350074,8.429268995689814,1.065239571557375,1.5955612671247072,0.3648449039881831,0.6277864155252412,0.35007385524372225,0.978794112061854,0.24229319986298054,0.827424913835549,0.8264401772525849,0.9787992006255973,0.9304775972427376,-0.2318832811582255,0.7070200708217587,0.337149187592319,2.2932053175775478,0.24586214269662185,2.64169877748322,0.44534711964549484,4.586410635155096,2.2487918511540843,0.49010154277822265,4.147545510518077,54.66212534059945,0.14894312081907207,3.5442983465613387,157.28882833787466,0.4965067674420332,5.760217983651226,37.76839237057221,198.2724795640327,9.735638056312444,0.26757871631849833,0.05699664824048502,0.40671078369282926,0.01723403753755738,197.95501730103805,0.3424827288945295,0.6513840830449827,6.326989619377162,10.480968858131488,54.30103806228374,2.6770232602845057,0.2805171088043061,4.012385281769666,141.34602076124568,0.24454328851426588,0.39373297002724794,4.030423486308834,0.4708271524553798,3.2693988155116385,0.1397403843001408,6.3,0.315,1.3399999999999999,8.1,2508.15,10867.3,614.9753472222222,0.37256944444444434,2.7,0.135,0.31757858189999616,2.8775151412274194,0.09712883512663102,3.7464393446710154,0.05449591280653951,2171.4275000000002,4.858767308341776,0.026784950937699184,1.6497550835859924,0.024617037871610504,0.131078274856258,0.6852948731656268,27.180114360679614,26.627053911388696,371.0,18.626393023429163,77.08846062549799,0.2077856081549811,367.0,1.1290092146862167,0.8857323633783875,0.30925370631844956,33.98068056068836,0.6852948731656268,18.626393023429163,27.180114360679614,25.0,22.0,26.627053911388696,26.627053911388696,371.0,18.626393023429163,1.1290092146862167,0.8857323633783875,77.08846062549799,0.2077856081549811,367.0
"training_set_primary_roi_006.tif","3f6735ee-734b-451a-9f51-62818bb68ef2","Annotation","nuclei_histiocyte",761.876953125,477.5364685058594,116.0,,,85.0,118.5,1172409.0,1.3025087817358223,17.25,4.857925284404706,155.0,99.4396551724138,11.199613555291332,96.5,75.0,80.0,7.2824604000462525,100.53344785657674,1.2190234470584689,14.789493470787747,1172409.0,0.4551129607609987,218.72911712247338,2.375308641975308,6.413479260991794,1.6222746231472542,1.2248498704465784,0.3135802469135802,0.5923373530262622,0.3037037037037037,0.9160707008016786,0.2213443072702332,0.8497942386831275,0.8491358024691359,0.9817283950617283,0.9395884773662552,-0.22247185166378047,0.6500769048746856,0.29506172839506173,1.4654320987654321,0.299109891784789,2.194106734359978,0.4765432098765432,2.9308641975308642,1.8615040049995721,0.38460752934003967,3.742752006226722,17.137931034482758,0.14774078478002378,4.368608799048752,52.793103448275865,0.42211652794292503,2.7241379310344827,39.13793103448276,73.1896551724138,31.34847940613027,0.6602610153256706,0.058955684844180324,0.3650355842368876,0.022829228514522026,70.5,0.39166666666666666,0.53320987654321,3.7333333333333334,10.78888888888889,21.022222222222222,8.589351851851852,0.5087962962962963,3.63795876962388,47.3,0.2627777777777778,0.3879310344827586,4.143950617283951,0.5117168848506481,2.454194894109907,0.19713647718603902,1.4,0.28,1.0400000000000003,7.8,1222.4,2394.0,938.2847222222223,0.30694444444444446,1.4,0.28,0.4057110594101899,5.050480003584218,0.03541388509507798,2.321928094887362,0.04310344827586207,684.1600000000001,2.5547413793103444,0.07828581069681122,2.065816933704865,0.01893979330283529,0.6757737325298925,0.7113651535756217,14.4802637080196,14.866068747318506,116.5,10.300755016470864,40.384776310850235,0.3466504404364827,116.0,1.0554794619309074,0.9474367205313379,0.2561087794926461,23.30511117922802,0.7113651535756217,10.300755016470864,14.4802637080196,10.0,14.0,14.866068747318506,14.866068747318506,116.5,10.300755016470864,1.0554794619309074,0.9474367205313379,40.384776310850235,0.3466504404364827,116.0
"training_set_primary_roi_006.tif","31554bfd-5cda-4318-b07c-1d7c32e755dc","Annotation","nuclei_endothelium",680.6304321289062,485.3742980957031,422.0,,,70.0,118.0,3916917.0,1.7763874073430688,28.75,3.002193689387102,133.0,94.31990521327015,15.979245749197045,95.0,33.0,100.0,11.727987488206466,96.34206681851163,-0.4461059901147849,19.63540983586274,3916917.0,0.34090653848745534,385.5493194222951,11.162333544705136,18.604284973359547,-2.0676134773308723,2.3973575441840125,0.4153455928979075,0.7046644649966055,0.3963221306277743,1.0271102894864899,0.2582743616725689,0.8050095117311351,0.8037412809131262,0.9841765498402938,0.934399251139898,-0.2736391560308913,0.7859932052398904,0.3796766011414077,3.266011414077362,0.16987778903217582,3.03386216298012,0.26759670259987317,6.532022828154724,2.579284496238425,0.7031757842704799,4.4016599376586525,63.21327014218009,0.14979447900990545,3.314211271085555,143.86255924170615,0.7174872532063521,11.613744075829384,34.48341232227488,403.3483412322275,4.263868483412322,0.1312934439178515,0.052036685527291494,0.6751762246718943,0.006535455503870604,214.61997226074897,0.2976698644393189,0.8688156570951503,11.692094313453536,8.432732316227462,100.91816920943134,0.9910109415934659,0.1360533210047773,4.105223678274883,193.85159500693482,0.2688649029222397,0.42713270142180093,2.951548646605405,0.5060126456566774,6.264739808698521,0.0642830225756085,4.411764705882353,0.25951557093425603,1.8892733564013844,13.529411764705882,2546.705882352941,33544.882352941175,223.26596405228761,0.17343137254901964,1.588235294117647,0.09342560553633218,0.17977090901275314,2.988080798578716,0.021534282073482427,3.969815782426811,0.04028436018957346,1930.4982698961937,2.5139970773567692,0.024355800817535356,3.0533901740499125,0.02313515869124894,0.20636457883236795,0.9824408622638229,23.486761812841046,24.596747752497688,423.0,23.074354527192583,74.75009620829618,0.17671417543332432,422.0,1.0252662001438997,0.9753564487541347,0.3692732061294937,48.450452818183564,0.9824408622638229,23.074354527192583,23.486761812841046,23.0,23.0,24.596747752497688,24.596747752497688,423.0,23.074354527192583,1.0252662001438997,0.9753564487541347,74.75009620829618,0.17671417543332432,422.0
"training_set_primary_roi_006.tif","63d7518c-5d23-4d40-83de-91e8003997f6","Annotation","nuclei_tumor",360.8470153808594,489.2374267578125,424.0,,,90.30000000000001,127.0,5099363.0,1.36699388018608,19.0,2.2552268107597597,138.0,108.85141509433963,10.991011035955847,109.0,78.0,60.0,8.190212373037859,109.66676583314512,0.05793818773796237,13.347994615733812,5099363.0,0.43673237807048776,178.16896026165884,3.8235294117647056,4.7726321336241355,0.11991123882972898,1.3556268480745217,0.17267552182163187,0.7740296354662265,0.17267552182163187,0.6637887951650681,0.14285868598525903,0.913662239089184,0.913662239089184,0.9827324478178366,0.9568311195445921,-0.4470937088859987,0.8354014659512892,0.17267552182163187,1.8782416192283367,0.32865551190789094,2.0787609634984783,0.5167615433270082,3.7564832384566733,1.9060854416768462,0.38207559247403844,3.7740743152687,97.62264150943396,0.23024207903168387,3.740032039871841,185.1745283018868,0.39938033997864014,3.9504716981132075,55.14622641509434,211.80424528301887,23.017885220125784,0.4274764150943397,0.03602337930280428,0.1782322076279848,0.013043123730002907,139.80927835051546,0.36033319162503985,0.5338173557232437,4.260309278350515,34.08762886597938,131.70103092783506,12.857245131729668,0.4455183276059564,4.704019031789708,52.891752577319586,0.13631894994154534,0.22877358490566038,14.980816239770435,0.32338281835164967,1.6194489779979806,0.12884420527538884,4.166666666666667,0.3472222222222222,0.7430555555555555,5.083333333333333,6067.5,22982.25,2069.6458333333335,0.4421296296296296,2.0,0.16666666666666666,0.3539088620404454,2.2698284819640606,0.0715838906939231,3.2516291673878226,0.02830188679245283,4819.055555555556,7.8580488218603515,0.03494651219266895,0.47849520847919386,0.023008999319577412,0.08837644263439226,0.865702508503567,25.13468593814545,27.459060435491963,420.5,21.759160667101845,78.54919379573023,0.18679950962123718,424.0,1.080572224019403,0.9254355958552233,0.34078342692853714,41.26284589457457,0.865702508503567,21.759160667101845,25.13468593814545,27.0,22.0,27.459060435491963,27.459060435491963,420.5,21.759160667101845,1.080572224019403,0.9254355958552233,78.54919379573023,0.18679950962123718,424.0
"training_set_primary_roi_006.tif","14b3a7a7-1311-4b82-8e24-93cdf60cb8df","Annotation","nuclei_stroma",493.0495910644531,496.8898620605469,290.0,,,94.0,127.0,3533525.0,1.3149293628761818,17.0,3.014479662933866,145.0,109.58275862068966,10.498858501783591,110.0,73.0,72.0,7.382792301062912,110.38373505873608,-0.09640666913967491,13.273581980645185,3533525.0,0.48318668252080854,176.18797859690852,8.479620853080569,3.736711696174721,-0.21557543907870147,1.04337279036859,0.3374407582938389,0.5112435583780126,0.3222748815165877,0.9500810475279347,0.23357965903730826,0.841390205371248,0.8403791469194313,0.9804181767493728,0.9360505529225909,-0.1731135134362777,0.5981152148648838,0.3090047393364929,2.8815165876777256,0.30578917814065276,2.3362739881202748,0.5165876777251185,5.763033175355451,1.9643813275299853,0.3452033871656072,3.840075618736878,42.02758620689655,0.14492271105826396,3.8825683709869194,140.12413793103448,0.36309155766944107,8.793103448275861,39.717241379310344,346.48275862068965,5.08117816091954,0.14056513409961685,0.049160907051198514,0.4927508063570255,0.007719601124471358,156.30892448512586,0.35768632605291956,0.562803386937147,8.929061784897025,12.521739130434783,110.01372997711671,1.5891812865497077,0.1554633867276888,3.893861632530551,107.46224256292906,0.24590902188313288,0.3767241379310345,5.475569333242567,0.4736469453903659,4.366289963382351,0.08024023483544679,5.428571428571429,0.3877551020408163,1.1428571428571428,10.142857142857142,2670.8571428571427,23617.428571428572,312.4186507936508,0.19990079365079366,1.5714285714285714,0.11224489795918367,0.20382481141064906,2.82038120163451,0.032182478060738866,3.52164063634332,0.04827586206896552,2241.7755102040815,2.701116158248597,0.03131943535532259,1.9031159717744928,0.017976211881203134,0.164917955604437,0.47559611144389463,28.48740988762309,27.892651361962706,289.0,13.548501367661897,70.55578423482434,0.24413766171219498,290.0,1.1707893683626736,0.8541245991996672,0.2751211456113606,26.89367724985449,0.47559611144389463,13.548501367661897,28.48740988762309,18.0,27.0,27.892651361962706,27.892651361962706,289.0,13.548501367661897,1.1707893683626736,0.8541245991996672,70.55578423482434,0.24413766171219498,290.0
"training_set_primary_roi_006.tif","86825eb8-9ca4-42d1-b777-afcf9f836337","Annotation","nuclei_lymphocyte",1012.8580322265625,494.68695068359375,325.0,,,52.0,84.60000000000002,1536623.0,1.2709820747785059,18.0,2.757951080980169,104.0,67.57846153846154,10.322385798816565,66.0,39.0,65.0,7.331777278665911,68.76096835582501,0.3415539843532407,12.697334575628219,1536623.0,0.4905372781065088,161.22230532544384,5.020815986677769,3.1560202413545624,0.2194628681272584,0.978629382536479,0.29641965029142386,0.5350458803392036,0.29308909242298087,0.8853573421918025,0.21051843419409721,0.8540105467665833,0.8537885095753539,0.9826223245334771,0.9414932001110187,-0.19621359764874238,0.617226884587787,0.2901748542880933,2.20233139050791,0.32034503581181656,2.204474908206558,0.5220649458784347,4.404662781015821,1.899785066583295,0.31876225820697573,3.812295000991007,47.60923076923077,0.14648994082840236,3.8546366863905326,159.42461538461538,0.3424,5.36,42.753846153846155,206.19692307692307,10.83517094017094,0.2591452991452992,0.050457784851832464,0.34514241089598235,0.014950907379412667,171.98886414253897,0.3830486951949643,0.5124676960927774,6.106904231625835,14.547884187082404,69.25167037861915,3.642755506062855,0.268776292996783,3.979436594567917,98.22048997772829,0.2187538752287935,0.3453846153846154,6.164989260965968,0.4435953778109562,3.1198379867070614,0.12042474826266689,5.266666666666667,0.3511111111111111,1.1733333333333331,6.933333333333334,3081.6666666666665,13353.2,750.6212962962964,0.41018518518518504,2.2,0.14666666666666667,0.319482989392697,2.5573684919231874,0.12484074207477953,3.640223928941851,0.046153846153846156,2612.2222222222217,3.8770044067350695,0.028945996736842512,1.6707553852221735,0.015424095720326091,0.15118110236220472,0.8663586212593588,21.943174285313233,22.847319317591726,320.5,19.010658219877786,66.5515744415748,0.20764921822644244,325.0,1.048671306978124,0.9535876430924992,0.33305472257567753,39.412450513556564,0.8663586212593588,19.010658219877786,21.943174285313233,21.0,20.0,22.847319317591726,22.847319317591726,320.5,19.010658219877786,1.048671306978124,0.9535876430924992,66.5515744415748,0.20764921822644244,325.0
"training_set_primary_roi_006.tif","b9354910-0dbd-46f6-99e6-908e59e2a7a8","Annotation","nuclei_tumor",45.805728912353516,501.7823181152344,953.0,,,81.0,127.0,1.0228862E7,1.6255834136650933,25.0,3.0278848915732426,160.0,101.95173137460651,14.897775732238072,98.0,56.0,104.0,10.479488822670577,103.601778153255,0.5143637335284628,18.416647529785113,1.0228862E7,0.3779867849801092,339.1729062363401,6.866703387496559,12.856144342227887,1.7700754452586975,2.052988127192925,0.2459377581933352,0.786041159694008,0.24208207105480586,0.8114861473721106,0.18733402906715113,0.8796015789956853,0.87934453318645,0.9905715373146213,0.9597447902322593,-0.40731311630006506,0.8519843368658707,0.2387083448085927,2.5327733406774993,0.2592289338699671,2.5302680326372857,0.4332139906361884,5.065546681354999,2.2733428950676386,0.5747314713465649,4.079547963603315,165.66736621196222,0.17383773999156582,3.534131460930247,360.22140608604406,0.6035483022079722,7.223504721930745,49.640083945435464,312.3420776495278,10.86159350588784,0.20405473941937743,0.03618517160274393,0.3520664421961704,0.006678419942032533,342.95061728395063,0.3256890952364203,0.7308454386643686,8.934472934472934,24.376068376068375,140.56600189933522,5.440887411628152,0.17845995568217793,4.622950762516834,176.30864197530863,0.16743460776382588,0.2762329485834208,11.270705775295836,0.3433221069068841,3.7542911713641334,0.05038034228778258,7.333333333333333,0.3055555555555556,1.326388888888889,13.0,11451.041666666666,57652.583333333336,2574.311099537037,0.1968402777777778,3.0,0.125,0.2995169994605567,4.003846116168218,0.06326129109282856,4.251629167387823,0.025183630640083946,9874.289930555557,6.073241197511401,0.013965633501944881,2.2760353457754587,0.013770358780351879,0.12812842892346865,0.6401797224220563,44.108413730475675,45.5411901469428,954.0,28.237312058453135,121.38082500694304,0.12723356918966774,953.0,1.1085900227178842,0.9020467255770004,0.402483713058281,57.55709521282837,0.6401797224220563,28.237312058453135,44.108413730475675,43.0,28.0,45.5411901469428,45.5411901469428,954.0,28.237312058453135,1.1085900227178842,0.9020467255770004,121.38082500694304,0.12723356918966774,953.0
"training_set_primary_roi_006.tif","de016ad7-2a58-4651-b792-dfe5070ddd02","Annotation","nuclei_tumor",92.35487365722656,507.600830078125,1513.0,,,111.0,140.0,2.4191459E7,1.106014326230355,15.0,2.9183622714474313,168.0,125.9477858559154,8.950344863135893,126.0,90.0,78.0,6.332335978956402,126.44788418842893,-0.04343253478968559,11.234885567855779,2.4191459E7,0.4902237449484944,126.22265372281404,6.6730703259005155,1.4111142814041566,-0.09307950986944828,0.9062500992971234,0.19073756432247,0.6522521252552339,0.18970840480274442,0.7049087056909936,0.154748285469668,0.9053173241852486,0.9052487135506002,0.9887983049137321,0.9620926243567751,-0.32291924287267115,0.7121586098194708,0.18880789022298455,2.548370497427101,0.3431404223143437,1.8374359430047837,0.4425385934819897,5.096740994854202,1.6424830821085163,0.2742469159048984,3.529103734686743,329.95307336417716,0.21807870017460484,3.223105851948895,741.7085261070721,0.277400226894563,6.860541969596827,55.764044943820224,375.02313284864505,9.776244767569949,0.17491921862377913,0.03039992495125391,0.22599835720805175,0.005768906839681357,609.3652830188679,0.4598983268066928,0.34454966180135266,7.203018867924528,37.32679245283019,242.79698113207547,6.769098532494758,0.1752410901467505,4.612894946063295,164.5788679245283,0.12421046635813457,0.2189358889623265,16.464305304378783,0.2861431339793986,2.2425157343224558,0.051578102057677565,7.095238095238095,0.3378684807256236,0.9977324263038552,7.857142857142857,47903.57142857143,347947.90476190473,7635.034391534391,0.248015873015873,4.333333333333333,0.20634920634920634,0.4324503759140943,3.6466915693035276,0.11224446838482241,3.6897037321995465,0.013879709187045605,42712.71201814059,11.276796699071783,0.007737560966046896,1.2371331032774007,0.008503692471193444,0.04403316364268062,0.62101238480786,55.78403519917814,56.824290580701486,1516.5,34.642576733247225,146.82653647038308,0.09681934485353319,1513.0,1.0636002111836684,0.9402028971836245,0.480906499847759,82.17193994534661,0.62101238480786,34.642576733247225,55.78403519917814,53.0,41.0,56.824290580701486,56.824290580701486,1516.5,34.642576733247225,1.0636002111836684,0.9402028971836245,146.82653647038308,0.09681934485353319,1513.0
"training_set_primary_roi_006.tif","dba94ba8-2c23-48e6-b1ae-b854a0962fd2","Annotation","nuclei_endothelium",697.6097412109375,497.5920104980469,225.0,,,72.0,113.0,1991461.0,1.4853657566287866,24.0,2.062168861557874,125.0,92.90222222222222,12.559565432098724,92.0,62.0,63.0,9.836065573770492,94.0794227117587,-0.015338230931308408,14.836269205922935,1991461.0,0.391920987654321,220.11488395061718,5.502469135802468,5.978119761066122,-0.568445024000783,1.6511873190062487,0.21481481481481485,0.7697593042137283,0.20740740740740743,0.755980827500604,0.17179698216735254,0.897530864197531,0.8970370370370371,0.9874945533769065,0.9587654320987654,-0.42840505896268793,0.8461239268371067,0.20092592592592595,2.2679012345679013,0.27069730224051214,2.3084260624348834,0.38765432098765434,4.5358024691358025,2.075485698356206,0.46650053345526593,4.074202223425657,39.20444444444445,0.17424197530864197,4.417777777777778,88.18222222222222,0.47577283950617266,5.573333333333333,49.75555555555555,288.9422222222222,13.124629629629629,0.29648148148148146,0.055619436046023346,0.39947766649869826,0.01521837049634669,90.48235294117647,0.3548327566320646,0.589834678969627,5.258823529411765,20.109803921568627,117.72549019607843,5.083877995642702,0.35032679738562095,4.342260950835219,45.36862745098039,0.17791618608227605,0.2833333333333333,7.6530565167243365,0.3890632186350717,2.10212326494724,0.14375465869753218,3.0,0.2727272727272727,0.9752066115702479,7.454545454545454,1634.4545454545455,9250.545454545454,378.01388888888886,0.3017676767676768,2.8181818181818183,0.256198347107438,0.4932028689858996,5.146750811428072,0.06846802984000276,3.0957952550009344,0.04888888888888889,1216.0661157024792,2.092954192546584,0.05842584091478172,1.312519393075901,0.016961259766333708,0.29662024554546873,0.558684239357803,22.791692426955017,23.323807579381203,225.5,12.73335934723036,60.70488422509799,0.2692012604217206,225.0,1.1403690714135422,0.8769090858983505,0.2689900137394646,25.70837110323323,0.558684239357803,12.73335934723036,22.791692426955017,22.0,15.0,23.323807579381203,23.323807579381203,225.5,12.73335934723036,1.1403690714135422,0.8769090858983505,60.70488422509799,0.2692012604217206,225.0
"training_set_primary_roi_006.tif","91802cd0-9ac9-4618-874e-c5c33c625b27","Annotation","nuclei_tumor",295.1921081542969,506.2783203125,1205.0,,,82.0,127.60000000000014,1.3799914E7,1.672432084515478,25.0,3.166007005983235,169.0,105.44066390041493,14.628975396429185,106.0,61.0,108.0,10.41625342614449,107.01500263225593,0.3160987683572414,18.28871741324352,1.3799914E7,0.36939653242884934,334.47718462147685,7.886131069018069,15.351823696875252,1.139280358712006,2.139926484366516,0.29588504245591113,0.7570542390511631,0.2858698018724145,0.8928748515704311,0.2141634988333376,0.8587343058277088,0.8580666231221423,0.9886995029340578,0.952593491130395,-0.36025969588959533,0.8362897254520865,0.277106466361855,2.7249074678859135,0.2241351285281624,2.7352770918852527,0.36642717178314826,5.449814935771825,2.4155659732484023,0.6089528817056067,4.34654027633581,188.31120331950208,0.15627485752655773,3.846362149412029,445.1228215767635,0.6085528830426474,8.15850622406639,45.86473029045643,345.7966804979253,8.229205624711849,0.18068372521899492,0.04197982915311507,0.3964982318884215,0.0076105866063362684,472.3843111404087,0.3113937449837895,0.796417138395047,9.090969017798287,18.419248516809493,137.13249835201054,3.271961473668791,0.18349080788105174,4.588843158428763,300.4357284113382,0.19804596467458022,0.3147302904564315,8.323862843823616,0.41514241743248853,4.205858994847111,0.07613890674994103,9.0,0.28125,1.55859375,10.1875,13691.59375,109534.46875,1938.4524479166666,0.26486979166666663,3.9375,0.123046875,0.3087463471498849,3.144521831592124,0.05562405618513261,4.351409765557392,0.026556016597510373,12273.6005859375,7.084208425395295,0.010276500296705767,2.4421873893400607,0.015387994937375662,0.08769969184653713,0.38245817757196554,65.3834918571398,61.35144660071187,1202.5,25.006451138973137,150.83545620207394,0.1254348908125355,1205.0,1.227032219525638,0.8149745247819108,0.36623090229828476,47.655411071591,0.38245817757196554,25.006451138973137,65.3834918571398,58.0,32.0,61.35144660071187,61.35144660071187,1202.5,25.006451138973137,1.227032219525638,0.8149745247819108,150.83545620207394,0.1254348908125355,1205.0
"training_set_primary_roi_006.tif","91fee6cb-3247-4754-a86a-0e1cd6b6f8c4","Annotation","nuclei_endothelium",671.552490234375,511.99359130859375,596.0,,,66.0,121.0,5213979.0,1.7719447684015017,26.25,3.3591267096700577,165.0,91.11241610738254,16.573853655240793,88.0,47.0,118.0,11.305067962912954,93.53227738461028,0.698125151383538,21.13798816885975,5213979.0,0.35164519616233497,446.8145438268548,10.305183199285075,17.233163629173564,1.976797237511314,2.2950012019221178,0.35210008936550485,0.733973089337859,0.3145665773011617,0.9761198332281694,0.2531479578105371,0.8487488829311888,0.8464700625558533,0.9906528512426638,0.9557215200646838,-0.33091624396339375,0.8223589753681599,0.2838347731109125,3.133601429848078,0.21987208513921125,2.844361123980714,0.41242180518319926,6.267202859696155,2.4462521640481887,0.6617753228219055,4.496915790868237,84.46308724832215,0.14171658934282239,4.873564253862439,209.58053691275168,0.7388039953155262,10.890939597315436,44.33557046979866,434.68624161073825,5.583859526472781,0.12303551454138707,0.05807237873088585,0.8902309253150676,0.00731741878222154,216.92592592592592,0.2678097850937357,1.0819753086419757,12.641975308641975,15.446913580246914,154.6567901234568,1.870384087791495,0.11842661179698219,4.559491510344059,189.41234567901233,0.23384240207285475,0.33976510067114096,6.784429202865417,0.48496421692687103,7.2768644357829535,0.05265978381155397,6.428571428571429,0.22959183673469388,2.2091836734693877,17.642857142857142,3817.714285714286,36403.67857142857,422.912867063492,0.1332043650793651,4.357142857142857,0.1556122448979592,0.37370987125862937,7.758623719734466,0.05967905087478289,4.423251796980336,0.04697986577181208,3364.6326530612246,2.3105608789030234,0.021307287914727947,4.076441609012693,0.013526244221578299,0.27522011438997085,0.49602354177621183,39.48468883978834,39.698866482558415,598.5,19.585335204243478,98.23751376947253,0.1641395384619424,596.0,1.1327663862632678,0.882794556871313,0.34679527717552944,42.731544955579494,0.49602354177621183,19.585335204243478,39.48468883978834,32.0,31.0,39.698866482558415,39.698866482558415,598.5,19.585335204243478,1.1327663862632678,0.882794556871313,98.23751376947253,0.1641395384619424,596.0
"training_set_primary_roi_006.tif","09c96ca8-69b1-4bf1-a90b-2078448a0190","Annotation","nuclei_stroma",526.763916015625,517.4566040039062,288.0,,,88.0,158.3,4321153.0,2.076489553832545,42.25,2.1739099635871515,183.0,119.55902777777777,22.45283564814814,115.5,66.0,117.0,17.28238001314925,122.49083015565786,0.3824860483022437,26.639113143173216,4321153.0,0.25588348765432095,709.642349054784,11.505758157389637,36.84990753558856,3.3043430801507254,4.225024959383436,0.3896353166986564,0.8311315271816879,0.37044145873320533,1.0072591263569213,0.2524084423502713,0.8179782469609724,0.8166986564299423,0.9895471287025989,0.9474225390732111,-0.38670812562391943,0.8909418665996299,0.3536468330134357,3.2476007677543186,0.12985234360321396,3.2932639424563495,0.21017274472168906,6.495201535508637,2.866814521018744,1.1536650690205235,4.647063576765578,50.50694444444444,0.17537133487654322,3.3177083333333335,73.69444444444444,1.209442515432099,12.090277777777779,34.958333333333336,379.0625,4.98258101851852,0.1317631172839506,0.06057513328119314,0.9437970344387754,0.0074609752105753435,120.03292181069959,0.2469813205981473,1.2653770597300544,13.286008230452675,9.633744855967079,107.83539094650206,1.3448856881572933,0.12374085505258346,4.242840866443608,130.3744855967078,0.26826025842943996,0.421875,4.015089163237311,0.47605794030083104,7.011104035433917,0.056412035604995726,3.142857142857143,0.22448979591836735,2.2653061224489797,17.142857142857142,1356.142857142857,13995.285714285714,189.61400793650793,0.14956349206349207,2.4285714285714284,0.17346938775510204,0.35809430855658614,7.602476596399151,0.04131629244687312,3.521640636343319,0.04861111111111111,932.9591836734695,1.4436720849301794,0.04613581994824977,4.302331975919959,0.024529139307552034,0.5706754351400194,0.3692629484136348,31.63670384990961,31.78049716414141,288.0,11.682262541706613,73.04733706510757,0.2536365870316235,288.0,1.214236301083588,0.8235629251963535,0.26026212345290767,24.06712334865429,0.3692629484136348,11.682262541706613,31.63670384990961,12.0,31.0,31.78049716414141,31.78049716414141,288.0,11.682262541706613,1.214236301083588,0.8235629251963535,73.04733706510757,0.2536365870316235,288.0
"training_set_primary_roi_006.tif","b5e6383e-c9d0-4e01-ada4-6f2ab095a150","Annotation","nuclei_tumor",5.312925338745117,515.1751708984375,392.0,,,107.0,162.0,7381182.0,1.7728622604042537,38.0,1.7830685382852105,178.0,135.54591836734693,18.923443356934722,139.0,95.0,83.0,15.69933644535319,137.22079258759348,-0.07021244101663449,21.37404810324584,7381182.0,0.3133069554352353,456.84993231986715,9.659873506676037,14.139115177147364,-0.14776680090686647,2.8446627017539874,0.27266338721011946,0.8250658548841606,0.27266338721011946,0.8452605213762174,0.19831806448522393,0.8636683063949402,0.8636683063949402,0.9895129466457646,0.9545561021316467,-0.4423934582333228,0.8893181880546932,0.27266338721011946,3.0028109627547437,0.19029506713568722,2.7548631980073797,0.2768798313422347,6.0056219255094865,2.4821998107972605,0.7793315222410268,4.418534801891995,58.214285714285715,0.14850583090379008,3.655950645564348,122.81632653061224,0.7949812578092462,9.612244897959183,43.10204081632653,403.8520408163265,6.530359268707483,0.15673398526077095,0.043342265359469556,0.4465429294828286,0.010256275377706672,152.61350844277675,0.28632928413278935,0.9024355043665889,9.913696060037523,13.861163227016885,124.99812382739212,2.226996039191161,0.1694220346049615,4.4288189631118335,106.18574108818011,0.1992227787770734,0.3399234693877551,5.2067485893505205,0.41221461696099687,4.129665073675538,0.08464343836950007,2.4545454545454546,0.2231404958677686,2.5454545454545454,11.545454545454545,3198.7272727272725,28349.81818181818,479.5315404040404,0.35055555555555556,1.3636363636363635,0.12396694214876033,0.2432509740918835,3.1082903926991565,0.12854580306942023,3.459431618637298,0.02806122448979592,1928.7768595041323,2.136378523588725,0.03544978420934321,2.4079664050762832,0.01999065935612955,0.283640466730043,0.3375755497038783,41.08656379472936,42.2965719651132,392.0,13.869819358449227,97.4508241597357,0.24859904122381557,392.0,1.3884733577601425,0.7202154758037129,0.2298967628735207,18.778805265308844,0.3375755497038783,13.869819358449227,41.08656379472936,14.0,42.0,42.2965719651132,42.2965719651132,392.0,13.869819358449227,1.3884733577601425,0.7202154758037129,97.4508241597357,0.24859904122381557,392.0
"training_set_primary_roi_006.tif","c847f4e4-01c7-41db-a64c-16fbcd4337f2","Annotation","nuclei_tumor",368.51885986328125,530.3661499023438,650.0,,,97.0,131.0,8498746.0,1.243027477126992,15.0,3.4091700833885343,161.0,113.61846153846155,9.840284023668646,113.0,81.0,80.0,6.766330638868939,114.34593935139912,0.2779440334411922,12.877850899392426,8498746.0,0.5232568047337278,165.8390437869823,4.24613506916192,3.6272444445622027,0.16591251259205408,0.9602104617128374,0.24694873881204235,0.5908596998562119,0.22660699755899108,0.81279758304493,0.19559800746934178,0.8900867914293463,0.8887306753458096,0.9858325755037575,0.95535665852997,-0.2676225616722827,0.6850996096850736,0.2088079739625712,2.016883645240033,0.39665087878308386,2.050953662143243,0.6094385679414158,4.033767290480065,1.758819802859331,0.30178980013122,3.66851879119105,127.83692307692307,0.19667218934911243,4.496085207100593,340.11692307692306,0.3298840236686391,4.529230769230769,52.46769230769231,220.3846153846154,16.099198717948717,0.3256517094017094,0.044126618795666414,0.2276838653410082,0.016889161379968258,231.5341246290801,0.3435224401024928,0.6092617703774794,5.256676557863502,33.10682492581602,138.30563798219583,9.482484338938345,0.36120384108143755,4.480120850957742,130.32640949554897,0.19336262536431598,0.2592307692307692,18.226003574919208,0.42839002165892026,2.6488918859447828,0.15517066711422958,7.083333333333333,0.2951388888888889,0.9375,6.0,8416.416666666666,34475.166666666664,2175.058159722222,0.4010416666666667,4.0,0.16666666666666666,0.3597922663882862,1.584961134915407,0.17953614461591882,3.938721875540868,0.036923076923076927,7682.909722222223,6.190238012393545,0.018267926239065587,1.4354491093104285,0.012433687329125698,0.09704134344388321,0.6704845240089531,35.37990116502626,36.05551275463989,649.5,23.72167619211644,95.5804202497402,0.14716000038451146,650.0,1.057972614026445,0.9452040504093843,0.39214873239382403,54.639142777815806,0.6704845240089531,23.72167619211644,35.37990116502626,31.0,29.0,36.05551275463989,36.05551275463989,649.5,23.72167619211644,1.057972614026445,0.9452040504093843,95.5804202497402,0.14716000038451146,650.0
"training_set_primary_roi_006.tif","233a7192-e352-4260-b957-26a93f600a82","Annotation","nuclei_histiocyte",478.4532775878906,536.947998046875,647.0,,,61.0,109.0,5145552.0,1.6554153324589913,27.0,2.408505618207832,140.0,87.25811437403401,15.27441598245618,89.0,46.0,94.0,11.442720881515307,89.1792561181853,-0.038572802202148905,18.41089888302282,5145552.0,0.34668867606764303,338.9611976808909,9.420836751435601,8.79195388023517,0.1772915671332149,1.9934130168961364,0.3691550451189499,0.6874967954962623,0.3461853978671041,0.9918130026671136,0.2493107154225447,0.8307355756084221,0.8292042657916323,0.9859845113727608,0.9428493300519553,-0.27825775945226594,0.773844789270891,0.3260869565217391,3.0024610336341264,0.1804983441691942,2.825819534301147,0.3088597210828548,6.004922067268252,2.4130206640723064,0.5906420155037716,4.524356135488524,88.04173106646058,0.13607686409035638,4.3413830089654075,224.30757341576506,0.6001829869878573,9.795981452859351,40.508500772797525,377.242658423493,5.660910183754079,0.13663060278207115,0.061602362279848104,0.7204071016179099,0.009083010126901396,322.6542443064182,0.3340106048720686,0.6716658307935651,10.41304347826087,12.343685300207039,113.4265010351967,1.7607154359328272,0.13447550034506556,4.205202155195186,237.45341614906832,0.24581098980234817,0.3732612055641422,5.166167286070067,0.48620741240921195,5.348765275513238,0.06666796167117509,8.93939393939394,0.27089072543618,1.423324150596878,12.333333333333334,3177.787878787879,28746.121212121212,393.3668518518519,0.17293771043771042,5.7272727272727275,0.17355371900826447,0.40957183042530565,5.806793030383585,0.07292320811282653,4.366681150370567,0.05100463678516229,2793.390266299357,4.091548432753383,0.016376433544352524,3.0221558157743895,0.0179223333225227,0.13463708029874435,0.5322670792475611,39.46972995158438,39.395431207184416,647.5,21.008437880019798,99.36238145050402,0.15345541536757376,647.0,1.1015321403286629,0.9078264386381237,0.3688347644506875,48.33546972875842,0.5322670792475611,21.008437880019798,39.46972995158438,25.0,37.0,39.395431207184416,39.395431207184416,647.5,21.008437880019798,1.1015321403286629,0.9078264386381237,99.36238145050402,0.15345541536757376,647.0
"training_set_primary_roi_006.tif","4dba5c65-ea3f-423c-97bc-8d217c8a68b3","Annotation","nuclei_tumor",382.4498596191406,547.4899291992188,678.0,,,66.0,119.0,5352365.0,1.7360103557341686,24.0,3.652324642329894,156.0,86.547197640118,15.670873904682368,82.0,56.0,100.0,10.685024793388429,88.85011906473233,1.067812666916441,20.09791627158061,5352365.0,0.3489484080368253,403.92623845946457,4.2300118156754625,22.089786762847172,3.485522267087068,2.5271869896956822,0.30208743599842447,0.7864558960735573,0.27766837337534456,0.9045152019854025,0.22498771042551474,0.8650387291584615,0.8636077195746359,0.9886021165465485,0.9542892777433933,-0.38920928937978294,0.8528921908939748,0.2581615684215132,1.9166994879873964,0.22924923381153953,2.689777910493154,0.37849547065773925,3.8333989759747937,2.362067075212157,0.7073186064235267,4.299874995423338,104.5575221238938,0.15421463440102331,4.645260657321116,236.58702064896755,0.788822321420802,4.724188790560472,46.8377581120944,167.9867256637168,24.332673713536554,0.45031383153064564,0.0451687917737837,0.38346860226118196,0.014425676051349985,234.82567726737338,0.2765909037307107,1.0553509220991648,6.593639575971731,20.021201413427562,66.73498233215548,11.359652532391047,0.3487632508833921,4.557262210473335,188.80447585394583,0.22238454164186786,0.31305309734513276,9.81735319457104,0.46548889952252714,3.937524699216796,0.13498857972782086,5.095238095238095,0.24263038548752835,1.854875283446712,11.142857142857142,6849.714285714285,24101.095238095237,2871.119894179895,0.30531746031746027,2.3333333333333335,0.1111111111111111,0.2487005204286352,4.296030422060647,0.025244633965238805,4.106603137064473,0.030973451327433628,5807.346938775512,6.4566748489426,0.01982772108420786,2.678269241983639,0.019396868302910063,0.22922163161137793,0.3463935283457123,50.9778683473068,49.64876634922564,678.0,17.65840368436681,115.81962043657519,0.17082539887400472,678.0,1.2547648909604008,0.7969620501850327,0.30688916215885576,33.463036659626724,0.3463935283457123,17.65840368436681,50.9778683473068,35.0,41.0,49.64876634922564,49.64876634922564,678.0,17.65840368436681,1.2547648909604008,0.7969620501850327,115.81962043657519,0.17082539887400472,678.0
"training_set_primary_roi_006.tif","f4be9eb8-620e-4cd6-8b7c-e89c39448ccd","Annotation","nuclei_lymphocyte",634.5330810546875,540.5344848632812,237.0,,,63.0,119.80000000000001,1916600.0,1.8133662247573064,24.0,3.9379019413446867,168.0,87.09704641350211,17.201374423614443,82.0,51.0,117.0,11.255180055401658,89.9273030354165,1.0792511741743673,22.38357293346814,1916600.0,0.3258202923320694,501.02433726788763,4.2613240418118465,24.496697478841476,3.945700817494578,2.594651979371959,0.4448315911730546,0.7072979137088796,0.41231126596980255,1.0664626403800315,0.27483101112743336,0.7992644212156408,0.797096399535424,0.9831498750758632,0.9320557491289202,-0.27080985330940305,0.7794138749810487,0.383855981416957,1.929732868757259,0.17355572012663867,2.9856914101617296,0.2938443670150987,3.8594657375145176,2.4993731356528612,0.7598708926362533,4.438866302511369,30.940928270042193,0.13055243995798393,4.465345653296303,77.21940928270043,0.864818672221332,4.915611814345992,33.49789029535865,114.40928270042194,17.88478199718706,0.452920768870136,0.07337079467667673,0.702758406261395,0.01889013636006051,116.42056074766356,0.2720106559524849,1.0984092497161324,6.394859813084112,7.9766355140186915,31.96728971962617,3.8238032191069573,0.37434060228452765,3.945647609855049,135.38317757009347,0.3163158354441436,0.45147679324894513,3.07061752118089,0.5741278391765152,4.733434713730594,0.14723113254474515,3.4285714285714284,0.24489795918367346,1.836734693877551,11.714285714285714,1027.357142857143,4030.785714285714,376.09761904761905,0.2839880952380952,2.0,0.14285714285714285,0.3201614936818098,5.392406007981613,0.022440766892573454,3.6644977792004623,0.05907172995780591,740.7806122448977,3.059874672346002,0.04441178478354275,3.599278006087886,0.0278359709054644,0.5033422478379792,0.6361202097498211,21.891318754479656,23.769728648009426,237.0,13.925510277799791,59.567712189475564,0.25134055776150027,237.0,1.0915202960077393,0.9161533721887931,0.2908419373432851,30.054970354303805,0.6361202097498211,13.925510277799791,21.891318754479656,16.0,23.0,23.769728648009426,23.769728648009426,237.0,13.925510277799791,1.0915202960077393,0.9161533721887931,59.567712189475564,0.25134055776150027,237.0
"training_set_primary_roi_006.tif","b57a7aea-8b0b-4222-b4dc-8b851905bfab","Annotation","nuclei_stroma",314.28057861328125,542.5335083007812,200.0,,,100.9,138.1,2925695.0,1.4895154224689855,17.25,2.9452640601266524,161.0,120.105,11.1671,120.0,86.0,75.0,7.590937500000004,120.94823272789066,0.013656451816832749,14.257067545606985,2925695.0,0.40985000000000005,203.26397499999996,5.353868194842408,4.557184131564496,0.01570699343325125,1.2805252009425208,0.39971346704871064,0.5242182260612079,0.38825214899713467,1.0027405562221499,0.24897373584781735,0.8077841451766954,0.8070200573065902,0.9766897016686331,0.9227316141356254,-0.16797557480434225,0.6157968886546276,0.3782234957020058,2.2657593123209168,0.22318474396761934,2.599866158783042,0.38968481375358166,4.5315186246418335,2.1741407542697617,0.42005966699780795,4.089242200628501,29.14,0.1457,3.9838999999999993,81.97,0.46389999999999987,5.8,32.18,166.06,8.273194444444444,0.26770833333333344,0.07690330845301083,0.6755848222159234,0.018204105931209934,129.1409214092141,0.34997539677293793,0.6141993669259187,6.37940379403794,7.837398373983739,41.300813008130085,2.000338753387534,0.2761028304727492,3.666565647143221,117.51490514905149,0.31846857763970593,0.46125,3.137080368093655,0.5726994445326227,3.9768123523028627,0.1615402974071491,3.6666666666666665,0.3055555555555556,1.4722222222222223,9.5,1186.5,5888.833333333333,274.3657407407407,0.3246527777777778,2.6666666666666665,0.2222222222222222,0.4528442479127203,6.434357444325779,0.04647510804585268,2.9182958340544896,0.06,908.7222222222222,3.108317710286213,0.04222013578799864,1.9531202736549158,0.02623658242998155,0.20628321843919384,0.3036111640702997,29.61672662936465,29.5296461204668,199.0,8.991968847893245,68.48646579701521,0.34415309445736286,200.0,1.3695354712944319,0.730174589092489,0.1980938565914584,13.942615807576125,0.3036111640702997,8.991968847893245,29.61672662936465,26.0,16.0,29.5296461204668,29.5296461204668,199.0,8.991968847893245,1.3695354712944319,0.730174589092489,68.48646579701521,0.34415309445736286,200.0
"training_set_primary_roi_006.tif","e654acb2-c97c-473f-8c4c-400c442dc5e5","Annotation","nuclei_tumor",180.256591796875,550.88134765625,494.0,,,98.0,154.7,8258791.0,1.8937672537972152,34.0,2.1405238857451505,176.0,127.58097165991903,17.641044763887336,128.0,82.0,94.0,13.71228195481778,129.2988801376806,-0.035154998319682274,21.00704822599401,8258791.0,0.292637151895622,441.29607516923807,7.35057158410452,18.88740864687794,-0.1876610264004775,2.896321871030049,0.356559608056614,0.780773071291409,0.34893848666303745,0.9598808628728619,0.23480154058192318,0.8268009435674107,0.826292868807839,0.9863468144492304,0.9420250408274361,-0.3563518515649374,0.8579178314457222,0.34227000544365804,2.5914534567229177,0.1502277772361448,3.071632689087857,0.2487751769188895,5.182906913445835,2.6948493520399364,0.8132203697716658,4.6992156957705875,72.18218623481782,0.14611778590044092,3.667426117458079,144.56275303643724,0.8453383926961596,7.653846153846154,38.12955465587044,282.2813765182186,9.475990778227619,0.2536763382816014,0.05184417724204691,0.4226078726399842,0.01403218167814663,214.1746442432083,0.27706939746857473,0.9366373849637425,7.908150064683053,10.323415265200518,75.66882276843467,2.484149058502228,0.2590674859853385,4.358761097379933,187.0672703751617,0.24200164343487932,0.39119433198380565,3.7888771925714066,0.4766967891305344,3.835052013751345,0.12185483942344413,4.6,0.23,1.5275,8.55,2491.6,17471.35,493.858,0.34540277777777784,2.6,0.13,0.2538343367855903,2.4147086698286375,0.08658408128760295,4.021928094887362,0.04048582995951417,1881.5099999999998,3.8919347879684403,0.023470628061020467,2.996498575183253,0.026025487039836415,0.1971209977880693,0.4818002117900067,37.11445050797253,35.84689665786984,493.0,17.881750115210885,91.43311952315965,0.18546271708551654,494.0,1.161649595862711,0.8608447879305116,0.31813882808934707,35.961317967151636,0.4818002117900067,17.881750115210885,37.11445050797253,35.0,21.0,35.84689665786984,35.84689665786984,493.0,17.881750115210885,1.161649595862711,0.8608447879305116,91.43311952315965,0.18546271708551654,494.0
"training_set_primary_roi_006.tif","aa40e7f9-6768-49f8-a96e-4d224d60a3cb","Annotation","nuclei_lymphocyte",573.1196899414062,549.6470336914062,163.0,,,50.0,101.0,964492.0,1.8133439120001726,23.0,4.175829465657346,152.0,73.91411042944786,16.433813843200742,70.0,40.0,112.0,11.264740799366837,76.92287588458863,1.068309290566424,21.30335921349533,964492.0,0.3433700929654861,453.8331137792164,6.193436960276339,20.91243021957305,2.682753812367054,2.266912459991469,0.4801381692573403,0.6504336948542984,0.4352331606217618,1.0984214301718025,0.290710265152532,0.7894358088658607,0.7868739205526769,0.9872380152172899,0.9386051484497083,-0.22701875822386555,0.7355839230889627,0.40001919017463067,2.3972366148531954,0.18288634146777988,3.0414950272209778,0.35233160621761656,4.794473229706392,2.5304744935664654,0.6867626573122022,4.1826432090095995,23.613496932515336,0.1448680793405849,3.741427979976665,55.969325153374236,0.7897926154541006,7.085889570552148,30.36196319018405,168.01840490797545,7.570928766189501,0.24592194955691893,0.07521760959553102,1.004067666091658,0.012993525234893877,88.34185303514377,0.28224234196531556,1.0633159468811564,8.472843450479234,6.73482428115016,40.37699680511182,1.62412673056443,0.23864838480653186,3.880845600766526,103.52396166134186,0.3307474813461401,0.48006134969325154,2.395655768661516,0.5848232679061449,5.927646151141796,0.12438529154562077,2.4545454545454546,0.2231404958677686,2.4297520661157024,15.0,809.0,4635.0,171.7763888888889,0.24717171717171718,1.9090909090909092,0.17355371900826447,0.33192191506563873,8.052388994593521,0.021215179706711204,3.459431618637298,0.06748466257668712,589.4214876033058,1.0800006725854185,0.06090630828680768,5.5836801920773125,0.018483869810329453,0.9831573610824991,0.6163612605432579,18.48345821472703,18.788294228055936,161.5,11.392487604427785,48.70955893360867,0.3016071760594964,163.0,1.0812422353035707,0.9248621329698974,0.26802561102527345,25.524358490383026,0.6163612605432579,11.392487604427785,18.48345821472703,14.0,17.0,18.788294228055936,18.788294228055936,161.5,11.392487604427785,1.0812422353035707,0.9248621329698974,48.70955893360867,0.3016071760594964,163.0
"training_set_primary_roi_006.tif","c4afe3d5-2aab-4a25-9851-a957244e0ad9","Annotation","nuclei_tumor",95.06639099121094,557.7455444335938,733.0,,,103.0,134.0,1.0360976E7,1.2686389111263117,18.0,3.036333048149752,157.0,118.22100954979535,10.144250114928905,118.0,90.0,67.0,7.289924214755272,118.89082659896887,0.40667252913143864,12.602442240029447,1.0360976E7,0.4988283772792668,158.82155041327843,5.205966930265995,4.054741143108257,0.4502753777543751,1.0984563133339982,0.20237239396117904,0.6888561993961936,0.20237239396117904,0.726647583037445,0.16141780812360038,0.8988138030194105,0.8988138030194105,0.9880957415316952,0.9595255212077641,-0.34627552566620945,0.7572565085348812,0.20237239396117904,2.2320273184759163,0.3701064173972455,2.034459342212011,0.5675772825305535,4.464054636951833,1.8320869482508324,0.3252071768237943,3.6917341837214717,146.57708049113234,0.19996873191150386,3.833311309183697,365.6412005457026,0.34688594034123166,5.44474761255116,53.60027285129604,268.89904502046386,13.292756177050174,0.2510516143701683,0.03537436320089149,0.2293784647783625,0.01033408864938303,260.5539971949509,0.36543337615000127,0.5716871012984662,6.424964936886395,32.625525946704066,156.1570827489481,7.969748324762349,0.25770414523920837,4.628793696807137,108.80084151472651,0.15259585065179032,0.2431787175989086,15.71532095780821,0.3543953677586749,2.7240113516982007,0.08849365581967333,4.375,0.2734375,1.375,7.625,16057.9375,74524.4375,3762.4474826388887,0.3940972222222222,2.125,0.1328125,0.2952370834128293,1.6357175181298422,0.1581997162513493,3.625,0.021828103683492497,13959.15234375,6.4404659874356875,0.01741837168041853,1.188197107400818,0.011353661931159926,0.09200709256314812,0.7744435976357303,34.78743166259292,35.73513677041127,735.5,26.940903729285584,99.40511471998387,0.13515311314749676,733.0,1.0339807664166316,0.9671359782306247,0.4186919822491893,62.286156844244935,0.7744435976357303,26.940903729285584,34.78743166259292,35.0,27.0,35.73513677041127,35.73513677041127,735.5,26.940903729285584,1.0339807664166316,0.9671359782306247,99.40511471998387,0.13515311314749676,733.0
"training_set_primary_roi_006.tif","cadd365b-4a76-4bce-8ff4-de62aae5f7bb","Annotation","nuclei_lymphocyte",728.032470703125,558.3284301757812,378.0,,,26.0,60.0,789984.0,1.3312671960887634,18.0,11.09368842857822,150.0,42.21164021164021,12.118865653257185,39.0,20.0,130.0,7.527679189750682,45.7154761749756,2.298167241190145,17.552270296112724,789984.0,0.5441756949693457,308.08219254780107,5.039942938659059,25.53655934557707,3.8071416544122423,1.4758196462766666,0.3273894436519257,0.6368813295357882,0.2817403708987161,0.9344381683747008,0.2480118070577797,0.866203043271517,0.8636947218259631,0.9935796246091417,0.9653986368679659,-0.24003575433990285,0.6680312577684203,0.24684973846885402,2.1800998573466472,0.4170132946412399,2.1668913667461656,0.6312410841654779,4.360199714693295,1.8470963986056474,0.45080227248214805,3.625170663375489,59.317460317460316,0.15692449819433946,5.45071526553008,205.6984126984127,0.5531550068587107,5.574074074074074,47.46031746031746,201.64814814814815,12.930449345523039,0.2636224789739528,0.06544511840107393,0.8502136169233517,0.012999768543513816,146.03361344537817,0.3067933055575171,1.1305124991172937,8.081932773109244,20.26890756302521,88.76050420168067,5.300421263743593,0.2431535233140876,4.240639965583026,114.24369747899159,0.24000776781300756,0.3148148148148148,10.178942165101333,0.4978466909303812,5.59210863580369,0.09741466386621807,5.75,0.23958333333333334,2.0833333333333335,14.333333333333334,3102.5833333333335,12633.875,780.4810818216175,0.19971608087679515,5.0,0.20833333333333334,0.4217478909687477,8.605858040629238,0.06601838334779138,4.220175521464345,0.06349206349206349,2854.5208333333335,1.6559321022998383,0.028590960530931755,6.383063051242451,0.006696424865742464,1.1142357282766844,0.7509482943051169,25.55282673832776,27.586228448267445,374.5,19.188851653821413,73.23738434393208,0.19556043883559968,378.0,1.0675838176193122,0.9366946027994105,0.3371146669528631,40.37918434443818,0.7509482943051169,19.188851653821413,25.55282673832776,22.0,22.0,27.586228448267445,27.586228448267445,374.5,19.188851653821413,1.0675838176193122,0.9366946027994105,73.23738434393208,0.19556043883559968,378.0
"training_set_primary_roi_006.tif","4a066973-6049-4e91-b774-25be7c5b72bf","Annotation","nuclei_tumor",23.107980728149414,562.7467651367188,635.0,,,77.0,132.0,7645659.0,1.8099218622420337,29.5,2.275077073078588,155.0,107.86929133858268,16.64611073222142,111.0,66.0,89.0,12.597740045616456,109.72879236561272,-0.2296401864882974,20.11526435639662,7645659.0,0.3246599293198587,404.62386012772026,8.609348914858098,19.27757541575219,-1.4983110192500748,2.7633275478607913,0.31260434056761266,0.7967417017628875,0.3075959933222036,0.9083750503765979,0.2179890454597395,0.8470367278797998,0.846702838063439,0.9880166103541269,0.9488532474759519,-0.39049608216868575,0.8717405893899122,0.30321368948247074,2.827838063439065,0.1792211246624173,2.940479043476644,0.33597662771285475,5.65567612687813,2.6126089359418785,0.7689829721071012,4.520362151230378,100.05511811023622,0.15756711513423027,3.2238824477648955,206.15905511811025,0.7500874201748403,8.776377952755906,42.21259842519685,368.59055118110234,8.022561242344707,0.2000223097112861,0.041128759698688455,0.36055701345863506,0.008248587922458766,263.71085714285715,0.3013838367346939,0.8437106938775509,8.825142857142858,12.932571428571428,110.30171428571428,2.4142520634920634,0.21139968253968255,4.505972085720039,173.76114285714286,0.19858416326530612,0.34448818897637795,4.505991836734694,0.39398669821605836,3.4147461847987155,0.08438433356550468,5.666666666666667,0.2698412698412698,1.2290249433106577,9.666666666666666,5250.047619047619,44990.80952380953,746.8932407407408,0.222473544973545,2.142857142857143,0.10204081632653061,0.2293316617945453,1.9816722692584579,0.03747492131366657,4.201841232302569,0.03307086614173228,4335.705215419502,3.608013966750435,0.019846312743732643,2.6076348737345922,0.020287797545673832,0.16174397414297018,0.9557019295288305,29.706220625729877,32.202484376209235,639.0,28.390292371019186,95.64043656580515,0.14967204470392043,635.0,1.0672992119556257,0.9369443814801357,0.38544604786385295,52.787298934239786,0.9557019295288305,28.390292371019186,29.706220625729877,29.0,28.0,32.202484376209235,32.202484376209235,639.0,28.390292371019186,1.0672992119556257,0.9369443814801357,95.64043656580515,0.14967204470392043,635.0
"training_set_primary_roi_006.tif","9c374100-aca8-4c05-8008-c4e5f3dab245","Annotation","nuclei_histiocyte",412.9205322265625,567.4275512695312,476.0,,,72.0,127.0,4964574.0,1.9113967006387291,31.0,2.9170448960941404,172.0,99.69327731092437,17.934732716616047,99.0,51.0,121.0,13.004081632653055,102.12628119599954,0.30441607388897646,22.15914641703292,4964574.0,0.3021590989336911,491.0277699315029,6.596837944664031,19.157204526733107,0.7105036484264451,2.685409991770927,0.5471485036702429,0.6614765026267099,0.47035573122529645,1.1742297101194457,0.32591398977375946,0.7774797666102011,0.7725014116318463,0.9795859401203788,0.9234256943884274,-0.22427516182997126,0.7538365789128649,0.40449526319091533,2.462168266516092,0.13308300714089633,3.325216770100866,0.2224731789949181,4.924336533032185,2.6999306105237166,0.8081396238602925,4.745367191781916,64.46218487394958,0.13542475813854954,4.105871760468893,143.82773109243698,0.8592260433585198,7.088235294117647,31.38235294117647,202.3613445378151,9.08516514939309,0.27950805322128847,0.07348745152823034,0.7468250716291808,0.01637368544658457,250.5817575083426,0.2787338793196247,1.0022185075247372,7.725250278086763,7.00111234705228,46.99888765294772,1.9028012606599924,0.26909405512297613,4.044448820490475,286.55061179087875,0.3187437283547038,0.4721638655462185,2.515574714705871,0.5717784973227679,4.909591643208485,0.14070712296481971,7.0,0.23333333333333334,1.756666666666667,11.366666666666667,1548.8666666666666,10473.6,294.28160185185186,0.27709259259259256,3.533333333333333,0.11777777777777777,0.25897134395863386,4.576573761496055,0.0204874860758724,4.256564762130954,0.06302521008403361,1297.1155555555554,4.325964363017935,0.022328179565382293,3.3447703632569565,0.030839218057818422,0.1822377616644874,0.4635983482945305,36.286504008025055,36.05551275463989,474.0,16.822363323503275,87.49859641605954,0.18459619497058974,476.0,1.1337230686511872,0.8820496183337964,0.32673960194621954,37.93200484950816,0.4635983482945305,16.822363323503275,36.286504008025055,22.0,34.0,36.05551275463989,36.05551275463989,474.0,16.822363323503275,1.1337230686511872,0.8820496183337964,87.49859641605954,0.18459619497058974,476.0
"training_set_primary_roi_006.tif","f06841cf-08d8-433c-a1f0-bf1b4bc7073b","Annotation","nuclei_tumor",5.154562473297119,566.7765502929688,269.0,,,78.0,124.20000000000002,2943957.0,1.6185297862859376,26.0,2.3061884673541084,142.0,103.14126394052045,14.496648747253316,106.0,65.0,77.0,10.755315500685883,104.6139477646958,-0.290403883254535,17.491647711590662,2943957.0,0.3827061538674148,305.95773966639484,7.494845360824741,11.436574949108646,-1.3760510588129566,2.022132001275375,0.2969072164948453,0.7439394606009944,0.2948453608247422,0.8834894898939399,0.20997342969497287,0.8529209621993128,0.8527835051546393,0.9825712553062462,0.9410996563573881,-0.34934203565340455,0.822477120433366,0.293041237113402,2.6577319587628865,0.23373631629291106,2.666011946540992,0.4216494845360825,5.315463917525772,2.362949915323438,0.579759804442555,4.234924254688798,43.15613382899628,0.16043172427136165,3.3333701855972135,102.94795539033457,0.5756415748814968,7.620817843866171,40.45724907063197,308.2304832713755,8.083462412226352,0.21362556794712925,0.04367123084949248,0.3414267262736018,0.010066146920210786,124.74936061381074,0.3190520731811016,0.7223265153943265,7.675191815856778,11.728900255754477,90.11253196930946,2.2677962489343564,0.22900682011935214,4.207769624356075,85.83375959079284,0.2195236818178845,0.36338289962825276,4.155846704299422,0.4061504690176732,3.1968304166198758,0.0989360329249641,3.909090909090909,0.35537190082644626,1.1735537190082643,9.636363636363637,2186.818181818182,18031.636363636364,315.8188131313131,0.22032828282828285,1.5454545454545454,0.14049586776859505,0.16734571032708154,1.3084211613439887,0.0320109810144971,3.2776134368191165,0.040892193308550186,1588.7933884297524,2.4038245219347583,0.04405708937763219,1.4211314879200792,0.02502318714379451,0.21088067851198933,0.4072198751210758,29.444497831181483,28.460498941515414,268.5,11.99038472981651,70.89633502105833,0.264045940488113,269.0,1.2205250799025074,0.8193195014721677,0.253766141471923,22.880715371972915,0.4072198751210758,11.99038472981651,29.444497831181483,11.0,27.0,28.460498941515414,28.460498941515414,268.5,11.99038472981651,1.2205250799025074,0.8193195014721677,70.89633502105833,0.264045940488113,269.0
"training_set_primary_roi_006.tif","47ff5599-883a-4c92-9cba-ebab541360be","Annotation","nuclei_lymphocyte",662.4334106445312,570.6675415039062,378.0,,,34.0,102.30000000000001,1809751.0,1.9922589578590848,36.75,3.5718510854387406,160.0,63.74867724867725,21.58972313205118,58.0,25.0,135.0,15.258650900295615,69.19321540585506,0.9518617149283698,26.903665312463236,1809751.0,0.28637216203353766,723.8072072450375,4.786476868327403,52.12948927784586,7.155873965799862,3.7273408391484404,0.5188612099644128,0.7556116247116326,0.42633451957295376,1.1559687441795052,0.33710008738491154,0.8010083036773431,0.7960854092526691,0.9864460902183322,0.9406880189798335,-0.29932494417808825,0.8241173883828266,0.35713720838276,1.9960854092526692,0.15806816023100007,3.229599262144748,0.29679715302491105,3.9921708185053384,2.6763911659988517,1.0615505122782134,4.655653823479214,49.91005291005291,0.13203717701072198,5.4988662131519295,108.24867724867725,1.2184429327286475,5.608465608465608,36.53968253968254,128.36507936507937,22.757773368606703,0.4732569077013521,0.0832037289489576,0.8652724391980974,0.019452068034357686,159.4506172839506,0.24606576741350403,1.4158950617283956,7.805555555555555,9.919753086419753,37.00925925925926,6.245234910836762,0.3280954218106996,4.17398971947691,211.34567901234567,0.32615073921658283,0.42857142857142855,4.4753086419753085,0.587643400523771,5.807389478052862,0.12821282118969954,6.533333333333333,0.21777777777777776,1.5955555555555556,12.266666666666667,781.4666666666667,2145.0,557.531574074074,0.1979259259259259,4.666666666666667,0.15555555555555556,0.37687296010101906,5.293587421110276,0.03669623934149843,4.2817276788697365,0.07936507936507936,622.7066666666667,3.3030873578745905,0.033817491200550776,5.226755359712145,0.025753383100123695,0.6116475278473134,0.7660107326911723,25.083471410608578,25.80697580112788,383.0,19.21420831367835,71.76497802885802,0.1873759217463656,378.0,1.0344469828103382,0.9667000983300718,0.3554307543461886,44.88613927880767,0.7660107326911723,19.21420831367835,25.083471410608578,21.0,24.0,25.80697580112788,25.80697580112788,383.0,19.21420831367835,1.0344469828103382,0.9667000983300718,71.76497802885802,0.1873759217463656,378.0
"training_set_primary_roi_006.tif","1b1cb2d1-9a10-4c3e-8e9b-749c8d10cdeb","Annotation","nuclei_histiocyte",685.1080322265625,578.8784790039062,595.0,,,53.0,106.0,3959233.0,1.8537329745854978,27.0,4.73259870762383,170.0,78.4890756302521,16.742614222159446,76.0,32.0,138.0,11.041927083333324,81.57311511303033,0.9054329796497428,22.217968312882793,3959233.0,0.3333747616693737,493.63811595226383,7.226720647773282,30.843630296887262,2.7480296877671115,2.567803697855548,0.45074224021592446,0.7013514125917854,0.3868645973909132,1.0880188545073952,0.3010780235014911,0.8164267506372772,0.8129554655870449,0.9881363144521037,0.9458368142578667,-0.2852576526442673,0.798125390045269,0.3384065577048034,2.587944219523167,0.1807393727984679,3.045769117821464,0.28250112460638777,5.175888439046335,2.568141052916711,0.7546364845178679,4.526983181815777,79.5546218487395,0.1337052468046042,4.289736600522563,198.3579831932773,0.8539679401172235,7.968067226890756,37.890756302521005,241.6386554621849,9.465547619047618,0.21653081232493,0.06783799975016462,0.8711261411972195,0.010964536299528628,273.61699895068205,0.2871112266009256,1.1061374639537815,9.843651626442812,10.12591815320042,69.55508919202518,2.4152897283432435,0.18213244724262564,4.2483790027380754,250.5781741867786,0.26293617438276873,0.4004201680672269,3.889027745816216,0.5110164991004221,6.353401978810599,0.07396214468496351,7.838709677419355,0.25286160249739853,1.5733610822060358,15.096774193548388,2591.3870967741937,16888.74193548387,502.3723028673835,0.16853046594982077,6.741935483870968,0.21748178980228927,0.4617431480825061,7.873899341760871,0.06510034486495032,3.997696811857738,0.052100840336134456,2222.9947970863677,3.4176900862699227,0.01781926240874714,4.827397625171175,0.01839989370855161,0.27857210746593025,0.3838533761683936,44.65917515483639,44.10215414239989,594.0,17.14257516007959,104.40748438667605,0.17577017573514486,595.0,1.2084633323449352,0.8274971802905866,0.3141333608454763,35.06148995257341,0.3838533761683936,17.14257516007959,44.65917515483639,40.0,29.0,44.10215414239989,44.10215414239989,594.0,17.14257516007959,1.2084633323449352,0.8274971802905866,104.40748438667605,0.17577017573514486,595.0
"training_set_primary_roi_006.tif","0cc8dada-a356-4ee0-ab63-30dc37c4ca90","Annotation","nuclei_histiocyte",165.11944580078125,581.9068603515625,633.0,,,77.0,116.0,5668788.0,1.396443885953842,20.0,3.3855872797936333,153.0,93.41548183254345,11.824587148636443,91.0,61.0,92.0,8.21991951939627,94.6331404932799,0.7076897039066152,15.132053185691602,5668788.0,0.47104612305304105,228.97903361459933,5.125836120401339,6.46920899219171,0.8499047729195812,1.2923860960727511,0.25292642140468224,0.6726533713483932,0.24456521739130432,0.8260955446336389,0.1931142758470263,0.8791109253065778,0.8785535117056855,0.990338595495152,0.9594382067208157,-0.3083110972500881,0.7480864805608736,0.23724916387959868,2.2058946488294313,0.3448142882909587,2.2500564145801483,0.5556020066889632,4.411789297658863,1.9774595678972764,0.38632812936935823,3.813177889539101,107.64454976303317,0.17005458098425463,4.312022541172829,298.172195892575,0.42900104569878383,5.503949447077409,49.7519747235387,235.73775671406003,13.351366508688786,0.26594874495348436,0.04064251205133624,0.3154476701745001,0.011849176748531146,231.3832167832168,0.3236128906058976,0.7255239865030078,6.972027972027972,24.85034965034965,114.26293706293707,6.481983682983683,0.26221872571872573,4.465939053749058,135.24615384615385,0.18915545992469068,0.2823854660347551,12.30983617780821,0.41691735870260227,3.648405300576037,0.10357112087970027,5.5,0.275,1.6875,9.25,8486.65,35755.9,2110.954083333333,0.3665833333333332,1.9,0.095,0.2442104536086552,2.3658625198902805,0.11879337819224174,4.021928094887362,0.0315955766192733,7484.927500000001,3.961294193259276,0.019786560277002912,2.4065533155139067,0.009593141754049331,0.2110481733758272,0.8873739796664255,30.409883787627564,31.144823004794873,633.5,26.984939597820585,93.41335059048413,0.14745595989026697,633.0,1.0469614917415717,0.9551449674968909,0.3958751656810958,55.68250470528245,0.8873739796664255,26.984939597820585,30.409883787627564,31.0,29.0,31.144823004794873,31.144823004794873,633.5,26.984939597820585,1.0469614917415717,0.9551449674968909,93.41335059048413,0.14745595989026697,633.0
"training_set_primary_roi_006.tif","d401a1e2-af21-463f-a727-751dd3b19139","Annotation","nuclei_tumor",221.30813598632812,589.3657836914062,1187.0,,,80.0,125.0,1.3100975E7,1.6490152377018963,25.0,2.8763256724601276,151.0,103.48694187026116,14.554252080776811,105.0,55.0,96.0,10.27158854166666,105.05735185011592,-0.3402777515924397,18.09696217878136,1.3100975E7,0.3731089896229086,327.500040100243,7.283926218708828,11.57959658329439,-1.11254327554963,2.013654570952503,0.2896354852876592,0.7485028127456484,0.2733860342555995,0.8865449832825103,0.2148955615616554,0.8659603279168495,0.8649319279754062,0.9889968802791804,0.9548186314490661,-0.3663154471044193,0.8348992629292235,0.2596862343239156,2.6178085199824332,0.23051187921297334,2.662953816656936,0.39415898111550285,5.2356170399648665,2.3363131751556674,0.5758225140600406,4.333981544183342,191.34877843302442,0.161203688654612,4.275296333702162,442.8803706823926,0.5899405877631089,7.5787700084246,48.312552653748945,342.13984835720305,10.990981699897032,0.21494734625105308,0.04355933412867158,0.4296075975711512,0.008208625020782317,455.44903777619385,0.3246251160200954,0.7124383194752718,8.491090520313614,21.294369208838205,153.68781183178902,4.60720123544785,0.19587530688207802,4.593355042615034,270.984319315752,0.19314634306183318,0.29549283909014323,9.84171683831968,0.42531147937373565,4.1321235535614536,0.07491956050455556,13.055555555555555,0.3626543209876543,1.367283950617284,12.11111111111111,13174.25,98898.88888888889,2124.6540354938275,0.21904320987654322,5.0,0.1388888888888889,0.3034785495098201,4.537093071861944,0.042796501600323944,4.347434988263511,0.030328559393428812,12087.082561728394,6.449464649090441,0.01080337424392064,2.404705717947886,0.014445698879080772,0.09347554369227032,0.704193648410421,46.91117532040567,48.02082881417188,1197.5,33.03455170009737,130.61613559534922,0.10907401719862148,1187.0,1.064765908545405,0.9391735704293135,0.45259040214170915,72.78014656855264,0.704193648410421,33.03455170009737,46.91117532040567,40.0,43.0,48.02082881417188,48.02082881417188,1197.5,33.03455170009737,1.064765908545405,0.9391735704293135,130.61613559534922,0.10907401719862148,1187.0
"training_set_primary_roi_006.tif","242f6b64-8412-41b8-8e07-6cf53315b348","Annotation","nuclei_histiocyte",575.2817993164062,582.9629516601562,307.0,,,93.6,129.0,3938865.0,1.340586536761717,17.0,4.685666057558156,176.0,112.32247557003258,10.950609555539051,112.0,73.0,103.0,7.17976066597294,113.27038074048512,0.5705884262038731,14.623290837355944,3938865.0,0.505161858481257,213.84063491389827,9.253584229390686,6.461503371938,0.5427819985404484,1.173719505145103,0.2885304659498208,0.6053609551672333,0.2831541218637993,0.8779688354102085,0.2083542092213615,0.8593189964157706,0.8589605734767025,0.9922236752881914,0.9596454173067076,-0.24375217892175194,0.6849081886808027,0.2784498207885304,3.0053763440860215,0.33478380609190517,2.2810488337259502,0.5510752688172043,6.010752688172043,1.985834682388022,0.365562492773731,3.9193657475309416,44.928338762214985,0.14634638033294783,3.8585661386327703,155.08469055374593,0.3970121698903968,9.514657980456025,42.68729641693811,388.9804560260586,5.19898389431777,0.12739866087585958,0.053309516833636585,0.6695613803188063,0.00892242696280265,152.07764705882352,0.3578297577854671,0.683770242214533,10.228235294117647,14.197647058823529,130.09411764705882,1.7059673202614383,0.13478169934640527,4.16324756495534,90.57176470588236,0.21311003460207611,0.34609120521172637,5.8489467128027695,0.43113159837014076,5.017729973566562,0.060321443936551616,3.4285714285714284,0.24489795918367346,1.9591836734693882,13.714285714285714,3196.9285714285716,28817.64285714286,361.1411706349207,0.18081349206349207,2.4285714285714284,0.17346938775510204,0.38578329661056726,6.372241988829641,0.10043038292155362,3.8073549220576055,0.04560260586319218,2716.066326530613,1.2003255934746646,0.03444168293057212,4.014637534898742,0.006665005241386406,0.5501890950229261,0.5731327159616323,26.54931358513224,29.832867780352597,310.5,15.2162802019639,76.23107282796961,0.24551070153935464,307.0,1.2203834166289222,0.8194146088630985,0.2632016578437025,24.61384645587725,0.5731327159616323,15.2162802019639,26.54931358513224,23.0,23.0,29.832867780352597,29.832867780352597,310.5,15.2162802019639,1.2203834166289222,0.8194146088630985,76.23107282796961,0.24551070153935464,307.0
"training_set_primary_roi_006.tif","41b1335c-667e-428d-976e-9c9da8b40d10","Annotation","nuclei_histiocyte",785.6727294921875,590.346435546875,496.0,,,59.0,96.0,3092536.0,1.5260418869125683,19.0,3.760310702876451,133.0,77.40322580645162,11.927679500520293,76.0,39.0,94.0,7.937773817479721,78.96170978963934,0.47210856201396406,15.610645331269584,3092536.0,0.40230716701352764,243.69224765868887,6.901621621621621,8.977958933718249,0.3133095709237347,1.6194021913805696,0.30486486486486486,0.683136637531272,0.3027027027027027,0.8936038393502576,0.21323593864134407,0.8490090090090091,0.8488648648648648,0.9882916338088753,0.9496010296010297,-0.3022540224330549,0.773429333001386,0.3008108108108109,2.563783783783784,0.23525025566106647,2.5607208029405997,0.34,5.127567567567567,2.2497082451388373,0.4810667640613587,4.223789275784952,69.92338709677419,0.14097457075962538,4.250390218522372,199.54435483870967,0.49063475546305924,7.233870967741935,42.810483870967744,281.1290322580645,8.808461021505376,0.19796258960573473,0.04638714115798649,0.4468186259158682,0.0073074794511716465,244.83815028901734,0.3538123559089846,0.6296631193825388,8.223988439306359,14.742774566473988,99.7514450867052,2.8760806037251125,0.18460822093770068,4.193317406902306,160.58670520231215,0.23206171272010426,0.3487903225806452,6.52278726318955,0.4737843337000854,4.5669853156734,0.07197066317531213,5.375,0.3359375,0.984375,12.375,5477.25,37336.75,958.3306597222222,0.15527777777777776,1.875,0.1171875,0.2274619198021695,3.642153404417662,0.014752274456936427,3.577819531114783,0.03225806451612903,4516.25,3.4981243156264177,0.019880857054662287,2.8482570857344216,0.013537793328242313,0.19386658757486055,0.5550200289858502,34.34828494090849,35.84689665786984,496.5,19.063986103517273,89.94044695061606,0.18114893645642713,496.0,1.1386506096164246,0.8782325250208828,0.32840650758065265,38.320022451308816,0.5550200289858502,19.063986103517273,34.34828494090849,22.0,32.0,35.84689665786984,35.84689665786984,496.5,19.063986103517273,1.1386506096164246,0.8782325250208828,89.94044695061606,0.18114893645642713,496.0
"training_set_primary_roi_006.tif","ab961b1e-1bd8-46eb-8947-a8e85f692d47","Annotation","nuclei_lymphocyte",613.7965698242188,595.035888671875,284.0,,,67.0,104.0,2060082.0,1.5294913383506152,20.0,6.361845659030507,166.0,83.55633802816901,12.386679230311483,80.0,60.0,106.0,8.27769376181473,85.16930115455293,1.5188529715210157,16.4969159080504,2060082.0,0.40852509422733585,272.14823447728634,3.5324298160697,14.003403341235671,2.1444763908852793,1.7071040934729906,0.3097773475314617,0.6928155108837875,0.2981606969990319,0.9128734799379271,0.2208775462965132,0.8528557599225556,0.852081316553727,0.9881779268233187,0.9505831374176001,-0.30183677739349574,0.7649362925415149,0.28799612778315586,1.7841239109390123,0.25433305000801243,2.4748757164311015,0.40658276863504356,3.568247821878025,2.155388546867493,0.504220360251113,4.137769944417474,39.816901408450704,0.14020035707200953,4.94291807181115,116.02112676056338,0.5671865701249752,4.01056338028169,42.73943661971831,131.74295774647888,22.861186424100158,0.4695451877934273,0.06625123148503011,0.4608139151265619,0.02085217072940287,136.29382716049383,0.33652796829751563,0.7988416399939035,5.360493827160494,13.674074074074074,44.30123456790123,7.169677640603565,0.38296159122085044,4.140667518991705,99.17777777777778,0.24488340192043895,0.35651408450704225,5.8063953665599755,0.49739981379995635,3.527078634356623,0.142194305725075,7.0,0.4375,1.0625,8.625,1880.25,6549.9375,746.45140625,0.2789756944444445,4.375,0.2734375,0.5018007449784504,4.272484513971202,0.11043150988431749,2.7334585933443494,0.056338028169014086,1565.1875,2.701040537611098,0.039887960577532744,3.1402709012476167,0.014840145596101906,0.521721117824896,0.5923654611489713,25.47695901647218,26.92582403567252,283.5,15.091670576465985,68.6596563841145,0.24218573680463668,284.0,1.1503239499875664,0.8693203336423698,0.2811419731028765,28.08365460366993,0.5923654611489713,15.091670576465985,25.47695901647218,17.0,26.0,26.92582403567252,26.92582403567252,283.5,15.091670576465985,1.1503239499875664,0.8693203336423698,68.6596563841145,0.24218573680463668,284.0
"training_set_primary_roi_006.tif","b5caa808-770f-4cfd-95da-a6eaec2eb399","Annotation","nuclei_tumor",8.817998886108398,599.3826293945312,330.0,,,88.0,121.0,3695074.0,1.3229110630085414,14.75,3.38573999678107,138.0,105.01212121212122,9.981450872359964,106.0,62.0,76.0,6.842090930134395,105.8167942218717,-0.1543361671960158,13.024912204107244,3695074.0,0.47726354453627184,169.6483379247018,7.768595041322314,4.946387302505556,-0.4677336044313446,1.2299904378116249,0.26033057851239666,0.6506382508722586,0.2553719008264463,0.8359331614860914,0.19511577078068437,0.8731404958677687,0.872809917355372,0.9847739426349053,0.949090909090909,-0.2867355510557082,0.7299839740899818,0.25103305785123964,2.743388429752066,0.3106406666211324,2.27399686578617,0.5049586776859504,5.486776859504132,1.998481228854624,0.3725802540810054,3.994875349839125,51.096969696969694,0.1548393021120294,3.704095500459138,157.4969696969697,0.36996326905417815,7.990909090909091,45.67878787878788,363.4878787878788,6.938952020202021,0.16231060606060607,0.03807713520312727,0.34357527180344644,0.006027650545542136,162.125,0.3897235576923077,0.5119961168639053,8.100961538461538,16.485576923076923,132.83653846153845,2.432391826923077,0.17619858440170943,4.271679279307051,76.74038461538461,0.18447207840236687,0.3151515151515151,6.4171597633136095,0.39180006577452653,3.3426058231651856,0.06998178760210108,2.7777777777777777,0.30864197530864196,1.1111111111111112,10.11111111111111,4600.222222222223,38001.0,612.2770061728395,0.2191358024691358,1.2222222222222223,0.13580246913580246,0.14471993644480627,2.2594897951853437,0.012076444239336558,2.9477027792200903,0.02727272727272727,3255.777777777778,2.6312276284282508,0.032508227912230604,1.4550246920415495,0.014635036887412906,0.1723974504057492,0.6920274355745525,25.396332136525675,28.42534080710379,331.5,17.574958601439462,73.41251367049948,0.22145554651734384,330.0,1.1374266414904082,0.8791775781598246,0.2973400802529411,31.412981227390258,0.6920274355745525,17.574958601439462,25.396332136525675,21.0,23.0,28.42534080710379,28.42534080710379,331.5,17.574958601439462,1.1374266414904082,0.8791775781598246,73.41251367049948,0.22145554651734384,330.0
"training_set_primary_roi_006.tif","93dc90e2-55ff-4bcb-9730-6c1f9f4ad662","Annotation","nuclei_histiocyte",509.31109619140625,600.414794921875,274.0,,,67.0,109.0,2183879.0,1.6888607188425806,21.0,6.596836046263612,176.0,86.89416058394161,14.572060312216973,83.0,56.0,120.0,8.537933884297523,89.27688006347788,1.6949372657333541,20.488195876669618,2183879.0,0.38603548404283655,419.766170280782,4.032355915065722,26.484199831919216,4.038335153426469,2.1332330049145245,0.5500505561172903,0.5900168255748738,0.4246713852376138,1.1803375963067073,0.3697047706776564,0.8062858105830805,0.8002022244691608,0.9858142267646816,0.9414632384804275,-0.1883381902706416,0.6694110857112027,0.33645096056622853,1.9069767441860468,0.2200448615253122,2.8588666728326793,0.3953488372093023,3.8139534883720927,2.3133125655788054,0.6708208902579538,4.279798394690757,35.058394160583944,0.12795034365176622,4.846928445841548,105.77372262773723,0.7992567531568011,4.813868613138686,35.54014598540146,121.12043795620438,16.66089922952149,0.4260391321978914,0.08762780274315729,0.9746980292522526,0.019433910450838886,137.44725738396625,0.28997311684381066,1.1828054620876285,6.451476793248945,9.278481012658228,35.80590717299578,3.9887740271917487,0.36964779653070795,4.027308401466194,145.46413502109704,0.3068863608040022,0.4324817518248175,3.9320443661094204,0.5650396889538936,4.860072429149418,0.15251631598502502,5.095238095238095,0.24263038548752835,1.5691609977324266,13.0,1257.142857142857,4530.333333333333,462.81625661375654,0.18329365079365081,5.476190476190476,0.26077097505668934,0.5127268995046614,8.60482306861698,0.04353903935767492,3.7256507561120924,0.07664233576642336,1086.902494331066,2.2411024783357325,0.03623629350705007,6.16164561241375,0.018476851078208772,0.7521053159622455,0.40457076802955944,29.482468188754773,31.240998703626616,270.0,11.927744798531572,70.70638482306082,0.2618754993446697,274.0,1.2138689944654393,0.8238121284582095,0.2562128332125669,23.324052163102575,0.40457076802955944,11.927744798531572,29.482468188754773,26.0,20.0,31.240998703626616,31.240998703626616,270.0,11.927744798531572,1.2138689944654393,0.8238121284582095,70.70638482306082,0.2618754993446697,274.0
"training_set_primary_roi_006.tif","0bca20d2-9200-499d-b6f6-ae9b021d75e4","Annotation","nuclei_endothelium",682.9247436523438,616.518310546875,606.0,,,82.5,134.5,7574861.0,1.7843352098513545,30.0,2.402115774842903,156.0,110.0016501650165,16.589065342177815,111.0,55.0,101.0,12.228860733556447,111.80237308332372,-0.2282736862951904,19.985184213212328,7574861.0,0.31539936171835004,399.4075880360312,8.843326039387309,15.264662431074292,-1.1097071976022566,2.5408041216381205,0.412691466083151,0.7205403198847795,0.38905908096280095,1.031890270552706,0.26132449760353177,0.8094091903719913,0.8078336980306344,0.9843153074195101,0.9357194956757321,-0.28931588682204806,0.8027955033841795,0.36838074398249465,2.882932166301969,0.1482590771322822,3.057467128567843,0.24638949671772428,5.765864332603939,2.601016362046664,0.7383738969303182,4.608385314150409,87.996699669967,0.14520907536298183,3.5810759293751167,191.13201320132012,0.7347455042533957,9.16006600660066,36.02970297029703,330.13366336633663,6.510823707370737,0.17854464613127977,0.052216207944490584,0.5327501053440566,0.009142676947670304,319.2897102897103,0.31897073955016014,0.7308136419025532,9.187812187812188,9.3006993006993,87.9000999000999,1.5750782550782552,0.1775591075591076,4.116039090500927,261.90909090909093,0.2616474434656253,0.41295379537953797,3.4366572488450604,0.5029888963122591,4.712159621877146,0.08582238540518171,4.8,0.24,1.6,10.6,4111.6,36955.05,544.5869861111112,0.2550416666666667,2.0,0.1,0.252894671894594,4.263635458790164,0.03111490766747586,4.1219280948873624,0.033003300330033,3193.5099999999998,3.973845243810438,0.01830258417214784,2.9973200855269,0.022305640272926048,0.1491657940448494,0.6098066018733177,35.72264467909652,36.76955262170047,600.0,21.7839045616878,93.42696615512294,0.15571161025853825,606.0,1.075949006981715,0.9294120757685632,0.37485900201161876,49.927306296246954,0.6098066018733177,21.7839045616878,35.72264467909652,35.0,24.0,36.76955262170047,36.76955262170047,600.0,21.7839045616878,1.075949006981715,0.9294120757685632,93.42696615512294,0.15571161025853825,606.0
"training_set_primary_roi_006.tif","553dfdc5-0ade-4e6c-a85d-eb25113ab355","Annotation","nuclei_lymphocyte",449.2801513671875,623.8201904296875,554.0,,,58.0,115.0,3900449.0,1.804492898934492,26.0,4.514265968860691,177.0,80.81768953068593,17.54354285863236,74.0,42.0,135.0,11.948078585935795,83.90781644548868,1.1725971232833472,22.56153185338884,3900449.0,0.3487077897535482,509.02271957147923,7.642339294345096,32.581981543800836,4.976271708239678,2.7510912195284893,0.4528757854035767,0.7173030903836173,0.3552440792653456,1.0677697048045591,0.3266774295504935,0.8356291284034154,0.8317999601967415,0.9913252413378988,0.9568410055118611,-0.307834114654206,0.8080548943797047,0.29594610923151293,2.658530691155147,0.22256720242031727,2.9087247186751544,0.4084098598356694,5.317061382310295,2.4519038821127537,0.8009917512330168,4.460521087163285,73.54151624548736,0.13274641921568117,5.243897353021674,193.1841155234657,0.9169577343637999,8.395306859205776,42.37906137184115,274.8862815884477,8.70316273320399,0.18509072341331237,0.0641185034650309,0.9302404047091493,0.00820265530127719,216.1776397515528,0.26854365186528295,1.2398040199066396,11.047204968944099,14.822360248447206,96.01490683229814,3.04981804481627,0.15759257616089914,4.392540936799027,218.8832298136646,0.27190463330890013,0.36326714801444043,7.244479765441149,0.5320771421864411,7.36943411626518,0.06662860483928768,6.3125,0.197265625,2.02734375,16.5625,2547.5625,13847.46875,549.2263704648526,0.14605442176870748,5.0,0.15625,0.33798836071414345,7.170667693427455,0.02767029265828865,4.3871987351738495,0.05776173285198556,2247.83984375,2.2358190325656087,0.02175833492069681,6.501676644172171,0.012915020565803785,0.5568919187189397,0.40000572293412484,42.37299367917725,41.617304093369626,551.5,16.9494399695224,99.22220034477336,0.17991332791436693,554.0,1.1918762429437715,0.8390132834010825,0.31481636487253656,35.21412049321148,0.40000572293412484,16.9494399695224,42.37299367917725,31.0,34.0,41.617304093369626,41.617304093369626,551.5,16.9494399695224,1.1918762429437715,0.8390132834010825,99.22220034477336,0.17991332791436693,554.0
"training_set_primary_roi_006.tif","ca2174b8-93eb-4108-9e7f-473797bb884b","Annotation","nuclei_lymphocyte",759.6857299804688,616.567626953125,266.0,,,68.0,99.5,1902431.0,1.2989131092982467,16.0,4.479486256687049,138.0,83.59774436090225,9.993046526089657,82.0,63.0,75.0,7.024348422496569,84.56947582078007,0.9293801116161996,12.783324230056078,1902431.0,0.4868845044943186,163.41337837073883,3.423589743589744,4.179676316067155,0.23443047333906467,1.0408036817882969,0.276923076923077,0.5796957524124587,0.27282051282051284,0.8599644451680335,0.20249204470742935,0.8642735042735045,0.8640000000000001,0.9837828054298642,0.9455726495726493,-0.2325313956625537,0.6576223798401715,0.2692307692307693,1.797948717948718,0.32689546351084814,2.1528156937027156,0.521025641025641,3.5958974358974363,1.8657185992683316,0.3294316896778435,3.7544921284619366,40.34586466165413,0.15167618293854937,4.782633274916615,129.51127819548873,0.3705692803437165,3.819548872180451,45.05263157894737,149.28571428571428,19.77561090225564,0.4270833333333333,0.05826196076453417,0.36472925392657757,0.01873873953473063,127.60623229461757,0.3614907430442424,0.5850460239629561,4.73371104815864,16.628895184135978,58.46458923512748,6.779233553666981,0.3980563424614416,4.0128133336939085,81.58356940509915,0.23111492749319873,0.3317669172932331,7.543708720878909,0.47969864964206554,2.989367512892947,0.15322921825210598,5.833333333333333,0.4861111111111111,0.7222222222222222,7.833333333333333,2824.8333333333335,10251.666666666666,984.8640046296296,0.26678240740740744,2.8333333333333335,0.2361111111111111,0.471636044936754,3.642709792004793,0.12604487324473662,2.7516291673878226,0.045112781954887216,2333.472222222222,3.4398749640701354,0.03889758153973423,1.7226421912146408,0.01594318050512859,0.23695571041544816,0.8244952409631454,20.293082653376388,21.02379604162864,262.5,16.73155007218059,59.13392358171032,0.22527208983508692,266.0,1.0295966239570826,0.9712541559787435,0.32568617810381867,37.687809997985305,0.8244952409631454,16.73155007218059,20.293082653376388,19.0,18.0,21.02379604162864,21.02379604162864,262.5,16.73155007218059,1.0295966239570826,0.9712541559787435,59.13392358171032,0.22527208983508692,266.0
"training_set_primary_roi_006.tif","f4456903-f87e-4e75-8bf5-9f70e83ed806","Annotation","nuclei_lymphocyte",559.610107421875,621.4440307617188,137.0,,,79.0,142.4,1709326.0,2.051111152164054,35.0,2.1818594069001334,159.0,109.32846715328468,19.162555277318987,107.0,65.0,94.0,14.350413223140485,111.69974089848338,0.21603317778770087,22.89363201201321,1709326.0,0.26708934945921464,524.118386701476,8.77432712215321,24.575165084768763,0.23070818238074464,3.170642422060192,0.679089026915114,0.6472018706157443,0.5921325051759834,1.2123539977900837,0.32846812322912783,0.7184265010351969,0.7126293995859214,0.9745731529839479,0.9033816425120773,-0.19841137625517477,0.7406000519156364,0.5160455486542442,2.8550724637681157,0.1000368641470451,3.610027209379476,0.17391304347826086,5.7101449275362315,2.855290512998228,0.9624328622438263,4.30586331391764,27.51094890510949,0.200809846022697,1.9156055197399966,36.59124087591241,1.0373488198625391,9.562043795620438,19.40875912408759,175.43065693430657,3.7723844282238446,0.20002433090024324,0.09288644959200226,1.195294122515186,0.015124201685438978,83.84848484848484,0.25408631772268137,1.135252525252525,9.936363636363636,3.6606060606060606,33.806060606060605,0.7068383838383838,0.1999318181818182,3.6430072183350735,136.7030303030303,0.4142516069788797,0.6021897810218978,0.902993572084481,0.6579591493162923,6.875592781557066,0.12570343779346757,4.066666666666666,0.27111111111111114,1.848888888888889,14.333333333333334,230.6,1918.8,35.358666666666664,0.20974074074074076,1.6666666666666667,0.1111111111111111,0.20582335203410748,4.584831675818585,0.015122752694948973,3.640223928941851,0.10948905109489052,147.1822222222222,1.2344552568218297,0.0779354817737433,3.401121160162574,0.04187795574658832,0.5503440357242849,0.838897770690096,14.49867798761647,15.231546211727817,135.5,12.162908641765023,43.020011863727824,0.31749086246293595,137.0,1.0425477280733566,0.9591887000204916,0.27093091900383615,26.080708578470226,0.838897770690096,12.162908641765023,14.49867798761647,13.0,14.0,15.231546211727817,15.231546211727817,135.5,12.162908641765023,1.0425477280733566,0.9591887000204916,43.020011863727824,0.31749086246293595,137.0
"training_set_primary_roi_006.tif","17989801-6ef0-489c-b1e1-ef65981cbd5a","Annotation","nuclei_histiocyte",728.0174560546875,626.65087890625,412.0,,,54.0,113.90000000000003,3041181.0,2.030007660215782,38.0,3.2021740598384083,176.0,82.26456310679612,20.456016118390092,80.0,44.0,132.0,15.151430603930116,85.91569869094587,0.7097719400601823,24.78001086362469,3041181.0,0.28699688943349977,614.0489384013576,8.303921568627452,35.015566537868104,3.7756093452688564,3.4735225767867055,0.4790849673202614,0.757585360057039,0.3875816993464052,1.1193023091774585,0.3288653936520141,0.8203159041394332,0.8153594771241829,0.9906769149646414,0.9527850399419024,-0.3367240206191392,0.8559554133214882,0.31831880900508347,2.7486928104575163,0.17084369259686455,3.258229396625053,0.33464052287581697,5.497385620915033,2.724357341350474,0.9881518860267419,4.601202220997608,55.96601941747573,0.13583985295503817,5.396267320199832,118.24271844660194,1.0956970496748046,9.160194174757281,39.66990291262136,277.36893203883494,8.181746540849351,0.19709308885366442,0.0906319447502122,1.500376087080823,0.011158823067856077,150.01543209876544,0.2315052964487121,1.4643251790885536,11.82716049382716,12.580246913580247,91.60185185185185,2.5670849955208412,0.18332727947145938,4.3620574094852795,189.28703703703704,0.29210962505715593,0.3932038834951456,6.112330437433318,0.5517786100503681,8.057276690293897,0.0874277679543743,7.3428571428571425,0.20979591836734693,2.078367346938775,17.4,1021.7142857142857,5977.6,218.90911483641077,0.15243229672821507,11.685714285714285,0.33387755102040817,0.5895882268290545,12.392795483041304,0.03946327975798487,3.797020431713803,0.08495145631067962,883.147755102041,1.6258635905194145,0.031947023770291606,6.941966789372444,0.017282864261535774,0.6608303801276273,0.6578040426298319,28.741425781270937,28.160255680657446,411.0,18.906226069865298,78.05315913797013,0.18991036286610735,412.0,1.0860870678066457,0.9207364949289945,0.3362646059042047,40.17580253493811,0.6578040426298319,18.906226069865298,28.741425781270937,18.0,28.0,28.160255680657446,28.160255680657446,411.0,18.906226069865298,1.0860870678066457,0.9207364949289945,78.05315913797013,0.18991036286610735,412.0
"training_set_primary_roi_006.tif","aabbf7f6-3f17-4eb7-ba73-7dc5804eceeb","Annotation","nuclei_lymphocyte",540.8291625976562,625.7443237304688,278.0,,,61.0,104.0,1772236.0,1.4892483094757312,18.75,4.535936591503636,151.0,77.92805755395683,13.280937839656366,73.5,53.0,98.0,8.633878925522753,79.84328174798284,1.288526647378766,17.382965401649994,1772236.0,0.4102530924900367,302.1674861549608,2.743639921722112,11.189702753075734,2.512635237425189,1.680316788002497,0.38747553816046965,0.6252278014016267,0.344422700587084,1.0207442701408187,0.26884854148076937,0.8347195042400523,0.8320939334637966,0.9854726673198982,0.9436038113875689,-0.2249849602179391,0.6831973710282394,0.3090617525549031,1.5557729941291583,0.2622476744497759,2.4803790821577665,0.4481409001956947,3.111545988258317,2.05956599646274,0.5169480815407417,4.060024999304023,37.21582733812949,0.13386988251125717,4.653848144505978,114.05035971223022,0.6028155892552144,3.223021582733813,40.30935251798561,87.35251798561151,31.13388689048761,0.634736211031175,0.06646746038543315,0.5006631089686074,0.02114047976471431,139.24703087885985,0.3307530424676006,0.7608397605520167,4.600950118764845,11.790973871733966,26.57007125890736,9.024429928741093,0.466911454209554,3.946679860132565,106.69121140142518,0.2534233049915087,0.37859712230215825,4.814348824481919,0.4990021387623952,3.111251616080375,0.1420201812976552,4.2,0.28,0.9955555555555555,9.6,1767.7333333333333,2695.4666666666667,1563.5572962962965,0.19294444444444447,3.2666666666666666,0.21777777777777776,0.44216954529837654,5.759721824428578,0.046445927098928544,3.640223928941851,0.0539568345323741,1424.248888888889,4.069943550767414,0.03528182627870558,3.7537076858247267,0.017767468044389303,0.5505121096358225,0.9390037832612489,19.43917996419919,20.248456731316587,279.0,18.25346352987931,60.548722544261324,0.2170205109113309,278.0,1.0225815465135775,0.977917119088871,0.3340963951317778,39.65937131988532,0.9390037832612489,18.25346352987931,19.43917996419919,19.0,19.0,20.248456731316587,20.248456731316587,279.0,18.25346352987931,1.0225815465135775,0.977917119088871,60.548722544261324,0.2170205109113309,278.0
"training_set_primary_roi_006.tif","e070fe33-ffa2-4c36-be54-5a35077fbdec","Annotation","nuclei_histiocyte",322.9150695800781,626.21875,364.0,,,70.30000000000001,116.0,3373326.0,1.7377233846287092,28.0,3.2326883062917924,166.0,94.4010989010989,15.342893370365946,93.0,61.0,105.0,11.091106623681826,96.26722765759446,0.5296261596846288,18.862970263032928,3373326.0,0.34043291872962206,355.81164714406447,5.5025945144551525,11.985941598760775,0.36254252515229846,2.1299109078410217,0.36619718309859156,0.7065854764640876,0.3276501111934766,0.9923527920761329,0.2588425877334939,0.8422288114652826,0.8400296515937732,0.9862722003816677,0.9462829609234356,-0.3165574000580146,0.8105488550674204,0.29742195865249976,2.2498146775389176,0.1902477248886005,2.845097900992001,0.32616753150481836,4.499629355077835,2.437582618351605,0.6240270227349035,4.429645693100222,55.39010989010989,0.15217063156623598,4.030642434488588,123.91758241758242,0.6679975244535684,5.980769230769231,41.42857142857143,225.3489010989011,13.68207264957265,0.3094383394383394,0.05480619590632346,0.4950293708244388,0.015137550186238066,163.82666666666665,0.31205079365079363,0.8061678004535151,6.75047619047619,12.952380952380953,71.92,4.10063597883598,0.28686613756613755,4.3304797542425275,117.19809523809523,0.2232344671201814,0.3605769230769231,5.261003174603175,0.43783239134335267,3.460457945737902,0.1148841637187855,5.5,0.275,1.6275000000000002,9.75,1791.6,8688.35,478.79844444444444,0.32344444444444437,3.0,0.15,0.31836558538007514,4.344940606736634,0.08641015829794496,3.821928094887362,0.054945054945054944,1460.3600000000004,3.064971360613563,0.030265368365246452,3.044068834472967,0.019656727258367805,0.2941875516174758,0.7850055830050706,24.497776575798422,26.40075756488817,365.0,19.230891383212604,71.37062437961805,0.195535957204433,364.0,1.0538241137112632,0.9489249553023509,0.3415377270695033,41.44571286542068,0.7850055830050706,19.230891383212604,24.497776575798422,21.0,21.0,26.40075756488817,26.40075756488817,365.0,19.230891383212604,1.0538241137112632,0.9489249553023509,71.37062437961805,0.195535957204433,364.0
"training_set_primary_roi_006.tif","26ba6b0c-17f9-45a8-bb88-3731568a6fcb","Annotation","nuclei_histiocyte",498.7742004394531,624.9140014648438,93.0,,,74.0,123.0,932826.0,1.722980228279899,27.0,2.683919250581841,145.0,98.19354838709677,15.739160596600778,96.0,61.0,84.0,11.27786666666666,100.15182023694923,0.4000880507326469,19.70822548899515,932826.0,0.34003931090299455,388.4141519250782,5.67936507936508,9.089694140625372,0.21232545881374576,1.9064147140337617,0.49523809523809526,0.5875856049415873,0.4380952380952381,1.1257485410790349,0.3033106575963719,0.7904761904761906,0.7866666666666666,0.9718767507002801,0.9142857142857144,-0.18821939601624613,0.6825717730471584,0.38809523809523805,2.3079365079365077,0.16664651045603426,3.018585676059244,0.3047619047619048,4.6158730158730155,2.4503367349216787,0.6004132023179642,4.261323839989699,13.193548387096774,0.14186611168921262,3.806451612903226,31.623655913978496,0.6520985084980923,6.505376344086022,28.806451612903224,156.247311827957,8.217144563918758,0.27180406212664276,0.08469816819599206,0.7865243676124372,0.01617570021835895,57.193548387096776,0.30749219562955254,0.7727193895248007,7.349462365591398,6.021505376344086,35.53763440860215,1.6017025089605736,0.25698178016726403,3.5991399587000323,64.13978494623656,0.3448375534743901,0.5,2.021505376344086,0.5978322049648216,5.039880193813887,0.13028843920084962,2.25,0.28125,1.109375,9.375,335.625,2017.375,75.71701388888889,0.2387152777777778,1.25,0.15625,0.3041857960427748,3.5996345983125133,0.03193767862055493,3.0,0.08602150537634409,200.484375,1.4859757454383622,0.09748464167655616,1.9697713781260882,0.0411470931038253,0.4336558848935929,0.5641132765724758,14.598459455013062,15.297058540778355,93.0,8.235184796077858,38.009596977760104,0.40870534384688284,93.0,1.111851684656636,0.8994005349812658,0.22390722890189113,17.813057770168943,0.5641132765724758,8.235184796077858,14.598459455013062,9.0,15.0,15.297058540778355,15.297058540778355,93.0,8.235184796077858,1.111851684656636,0.8994005349812658,38.009596977760104,0.40870534384688284,93.0
"training_set_primary_roi_006.tif","60cd7736-94a3-428e-bf47-38abd0b1dc9b","Annotation","nuclei_lymphocyte",513.4293212890625,636.1089477539062,462.0,,,72.0,98.0,3329762.0,1.0012854380773462,13.0,3.371293313092665,119.0,84.25974025974025,8.165514139540116,83.0,61.0,58.0,5.812534626038777,84.89568337835003,0.5489104660983174,10.37175142577967,3329762.0,0.6171454807818444,107.57322763816265,3.7315084449621434,2.0663857267354158,-0.25213859369926794,0.6979768928278627,0.16948165404775772,0.6092455261218178,0.16948165404775772,0.6565176479769187,0.14075762298899389,0.9152591729761211,0.9152591729761211,0.9830518345952242,0.9576295864880607,-0.2980030265297914,0.6616432582663531,0.16948165404775772,1.8972044263249856,0.4942220197558487,1.6444306825298054,0.6878276062900408,3.7944088526499713,1.4749490284820475,0.21686463671890502,3.291438914991987,101.74891774891775,0.22023575270328516,3.7578943423099274,285.1212121212121,0.22835029328535822,3.9393939393939394,55.21212121212121,206.67965367965368,18.853174603174605,0.3541366041366042,0.03346397649969079,0.16390710637309275,0.012498562656584201,172.30805687203792,0.40831293097639315,0.4430774241369241,4.471563981042654,34.507109004739334,132.46919431279622,10.885466034755133,0.3822406529752502,4.433993976588563,59.12322274881517,0.14010242357539138,0.22835497835497837,15.33018126277487,0.34029775511480775,1.927396176099686,0.12238078648124617,5.166666666666667,0.4305555555555556,0.9097222222222222,5.25,10730.833333333334,42353.833333333336,2865.9166666666665,0.4930555555555555,1.6666666666666667,0.1388888888888889,0.27562659376930515,1.71999072864375,0.11514141281704053,3.2516291673878226,0.025974025974025976,9248.583333333334,6.17125570008223,0.029381164892627168,0.49543633189380765,0.013107429226556342,0.06790838897141643,0.42083804070728964,37.83141101067339,36.124783736376884,462.0,15.920896886923972,89.64780500887571,0.19404286798457945,462.0,1.17655908241312,0.8499360677655068,0.3070842541810241,33.50559565072447,0.42083804070728964,15.920896886923972,37.83141101067339,30.0,29.0,36.124783736376884,36.124783736376884,462.0,15.920896886923972,1.17655908241312,0.8499360677655068,89.64780500887571,0.19404286798457945,462.0
"training_set_primary_roi_006.tif","125f9e4f-0e7e-4132-b1fb-f8b631da165b","Annotation","nuclei_endothelium",696.7379760742188,635.2745361328125,456.0,,,72.0,125.5,4441440.0,1.8246250894132752,30.25,2.391433747825508,153.0,96.64035087719299,16.588450292397617,94.5,59.0,94.0,12.404461166353107,98.69143833180262,0.4286228153930768,20.01605811175181,4441440.0,0.3201658202523853,400.6425823330255,6.007742703990472,17.432978845966947,1.5531359190679597,2.6068269315699912,0.3907087552114352,0.73931335868034,0.3716497915425848,1.008004803501734,0.25258518765778853,0.8173515981735159,0.8160810005955925,0.9851244030250416,0.9385121529254941,-0.30978354261813656,0.8201056847619079,0.35497319833234053,2.3353186420488385,0.16735372064471563,3.045855396866941,0.3287671232876712,4.670637284097677,2.6156337146969713,0.7493839216953566,4.630545680052374,62.98245614035088,0.1381194213604186,4.2329755309325945,145.99561403508773,0.770539973838104,6.432017543859649,36.69298245614035,211.13377192982455,11.157704678362572,0.29656310916179335,0.0686542887338496,0.6388942570408604,0.01673846815256791,215.332005312085,0.2859654785021049,0.8979469461684032,7.204515272244356,9.99734395750332,56.94289508632138,2.9832344695292914,0.2850272982145492,4.198166715620229,212.96812749003985,0.2828261985259493,0.4128289473684211,4.129754554160516,0.5344591466682624,4.3105383850895285,0.13738323782121503,6.6923076923076925,0.257396449704142,1.344674556213018,10.576923076923077,1966.0,9376.961538461539,534.3177136752137,0.24346153846153845,4.6923076923076925,0.1804733727810651,0.4094436893151885,5.433417669269326,0.07890292299056213,3.9500637564362098,0.05701754385964912,1658.4023668639054,4.078258836632624,0.024671761357905296,3.161492779738647,0.024199670471171747,0.22035191555006825,0.334304457421042,42.125372281315606,40.24922359499622,453.5,14.082699724164614,95.34987277024568,0.21025330269072917,456.0,1.2630674410374136,0.7917233613263401,0.27480344840796217,26.83160195646076,0.334304457421042,14.082699724164614,42.125372281315606,39.0,20.0,40.24922359499622,40.24922359499622,453.5,14.082699724164614,1.2630674410374136,0.7917233613263401,95.34987277024568,0.21025330269072917,456.0
"training_set_primary_roi_006.tif","58dbdf08-7757-4831-9d43-53ab977b0dce","Annotation","nuclei_lymphocyte",555.9734497070312,642.1726684570312,251.0,,,62.0,123.0,2130081.0,1.8842705944060554,32.0,3.148937967710532,159.0,89.14342629482071,18.66316407676067,84.0,55.0,104.0,13.361886966439359,92.12154192183161,0.8268542165486944,23.23419967366303,2130081.0,0.3064554530880463,539.8280344756433,4.568627450980392,26.102958169443404,3.503645388816361,2.865584699142305,0.42592592592592593,0.7411972954411492,0.3562091503267974,1.0650085807582212,0.29904096714938694,0.833514887436456,0.828867102396514,0.9841730090208791,0.9422917315074179,-0.3390269616385708,0.838991072323739,0.2952069716775599,1.9896514161220042,0.1794116460430698,2.9813769878565703,0.2875816993464052,3.9793028322440085,2.5319384085770213,0.8228776562670579,4.420185365914435,35.21513944223108,0.14029936032761384,5.3333756607037985,76.9203187250996,0.9405247535753402,5.298804780876494,40.90438247011952,152.9800796812749,21.92321049136786,0.43309539619300574,0.06964084265106366,0.6901362219301177,0.01811412830383904,102.50656167979002,0.26904609364774285,1.152747638828611,7.343832020997375,12.194225721784777,48.971128608923884,6.487247010790319,0.31031131525226013,4.155546441332514,109.06299212598425,0.28625457250914504,0.3794820717131474,5.250101611314334,0.5469360745316842,5.308158470095335,0.10692888196287349,3.5714285714285716,0.25510204081632654,1.4540816326530612,11.785714285714286,1285.9285714285713,4572.571428571428,606.9032341269841,0.22396825396825398,3.2857142857142856,0.23469387755102042,0.4450752236593374,5.6664161302574945,0.10049068582580159,3.521640636343319,0.055776892430278883,964.4948979591835,2.740426029962547,0.05145595407914856,2.8815942731918143,0.028326817670644884,0.4990855306039979,0.8551833620004249,19.36942247821513,21.095023109728988,251.0,16.56440783492662,58.19480607853649,0.2318518170459621,251.0,1.0361972433688014,0.9650672267269117,0.31898660554365393,36.15323302495263,0.8551833620004249,16.56440783492662,19.36942247821513,18.0,17.0,21.095023109728988,21.095023109728988,251.0,16.56440783492662,1.0361972433688014,0.9650672267269117,58.19480607853649,0.2318518170459621,251.0
"training_set_primary_roi_006.tif","ef070246-a365-4f1e-9bb0-81bc78bd3e59","Annotation","nuclei_melanophage",625.575439453125,642.7691040039062,91.0,,,38.0,74.0,298800.0,1.4359853180282598,19.5,4.846957264760994,111.0,54.989010989010985,12.010143702451401,53.0,31.0,80.0,7.934258582907236,57.301976261874984,1.2315427200875038,16.11599062940011,298800.0,0.4162540755947349,259.7251539669121,2.990384615384615,6.040486363170701,0.9921062391476572,1.4002301117685731,0.2948717948717948,0.6520895956559684,0.2628205128205128,0.89173002969219,0.2257971729125575,0.8739316239316237,0.8717948717948716,0.9832202111613875,0.9485042735042735,-0.31207168861463186,0.754264866790087,0.234775641025641,1.6474358974358976,0.2857546433267587,2.275613637218716,0.3782051282051282,3.2948717948717943,1.9573108690401109,0.42377547666009197,3.9468184763744962,13.593406593406593,0.14937809443303948,5.895906291510687,37.879120879120876,0.4897959183673469,3.4285714285714284,43.9010989010989,113.71428571428571,27.03464590964591,0.5401404151404151,0.07807601459387173,0.6176040446703712,0.021287210167949964,44.44186046511628,0.34451054624121147,0.704885523706508,4.7984496124031,11.984496124031008,33.224806201550386,7.176141257536606,0.42291128337639966,3.7723248598471275,32.457364341085274,0.2516074755122889,0.3543956043956044,4.022474610900788,0.490743575207861,3.302944209337482,0.1279173615505634,1.8571428571428572,0.2653061224489796,1.0612244897959184,8.428571428571429,476.14285714285717,1339.142857142857,265.16468253968253,0.2638888888888889,1.8571428571428572,0.2653061224489796,0.4535511571752358,5.366470939413199,0.056449959411159246,2.5216406363433186,0.07692307692307693,307.14285714285717,1.2665008178844057,0.1371212080443007,1.488872515601845,0.019411783543960528,0.8714309291962369,0.7487055830582692,12.446540779119385,13.038404810405298,89.5,9.318794571089104,35.242032282614616,0.39376572382809627,91.0,1.0508591135955503,0.9516023480811484,0.2413552121235536,20.697391282893765,0.7487055830582692,9.318794571089104,12.446540779119385,11.0,11.0,13.038404810405298,13.038404810405298,89.5,9.318794571089104,1.0508591135955503,0.9516023480811484,35.242032282614616,0.39376572382809627,91.0
"training_set_primary_roi_006.tif","87025c29-7958-4209-9f2b-047ec6b18545","Annotation","nuclei_lymphocyte",532.3306884765625,647.7794189453125,438.0,,,83.0,121.0,4585391.0,1.5035272030733176,19.0,3.587014421625336,154.0,101.14383561643835,11.94101457434168,101.0,49.0,105.0,8.214682489584654,102.31778547126737,0.02160258689475615,15.454893740792519,4585391.0,0.4065699213944664,238.8537405391878,12.693341478313988,7.461662922306763,-0.0122088660422838,1.4850377028766282,0.31215638362858894,0.6526180605951123,0.3097128894318877,0.9029328828590828,0.21623430974834032,0.8455508043168396,0.8453879047037263,0.9915732470405653,0.9557989353346715,-0.2779450955645151,0.7463107966772182,0.30757483200977404,3.521380574221136,0.23627801500801002,2.5220694135485635,0.3268173488087966,7.042761148442272,2.203177593426977,0.4492985216263043,4.177397226089254,66.17351598173516,0.1510810867162903,3.788807572819582,178.07762557077626,0.47422384854360844,13.17579908675799,41.84474885844749,520.6232876712329,3.8127708016235418,0.09046867072552002,0.047794409240103954,0.754566808648878,0.005757640004004587,223.94516129032257,0.3612018730489074,0.6255437044745056,14.137096774193548,13.57741935483871,166.11612903225807,1.2539077060931898,0.09075672043010755,4.197280750551241,133.53548387096774,0.21537981269510925,0.3538812785388128,5.592237252861603,0.4360613174345276,6.720741002606522,0.040478612962430535,3.8,0.25333333333333335,1.7600000000000002,16.2,4317.466666666666,57983.666666666664,349.38216666666665,0.1438888888888889,1.9333333333333333,0.1288888888888889,0.3077689074269954,6.377718943713673,0.07723808972985786,3.7735572622751845,0.03424657534246575,3464.8266666666664,1.7675962876180722,0.02116813077845179,4.482462646442138,0.008992706452853029,0.3269984602736061,0.7487657973404035,27.35538197984427,27.892651361962706,439.0,20.4827743996894,78.06555426625496,0.17782586393224364,438.0,1.051047286722596,0.9514319789723514,0.3590876034918978,45.81451266619703,0.7487657973404035,20.4827743996894,27.35538197984427,27.0,21.0,27.892651361962706,27.892651361962706,439.0,20.4827743996894,1.051047286722596,0.9514319789723514,78.06555426625496,0.17782586393224364,438.0
"training_set_primary_roi_006.tif","c6f5dea7-09d3-444a-ae70-eec6f52cbf98","Annotation","nuclei_lymphocyte",326.2691650390625,647.4089965820312,176.0,,,60.0,104.5,1202598.0,1.5119630077945982,26.25,2.893507762382586,134.0,80.76136363636364,14.436079545454533,78.0,54.0,80.0,10.462712113061773,82.66161855309986,0.7067199639156291,17.622296258241235,1202598.0,0.38771952479338845,310.545325413223,2.993640699523053,6.435253185209282,1.3003182226002616,1.466465811177305,0.5007949125596184,0.49087082711809527,0.43720190779014306,1.1331572801324687,0.3096494043842776,0.7916004239533652,0.787758346581876,0.971764705882353,0.9146339616927851,-0.13405881157391725,0.5666039558557293,0.38531178237060576,1.6589825119236885,0.19884693446836904,2.6946367562169535,0.3163751987281399,3.3179650238473766,2.1486556204372937,0.4918151809342307,4.128725796601609,26.181818181818183,0.1487603305785124,3.9430526859504123,68.23863636363636,0.5467135847107437,3.471590909090909,31.386363636363637,83.89204545454545,20.63229955808081,0.5626183712121212,0.09267109247950019,0.569374211753304,0.02858298529791172,116.73413897280967,0.3526711147214794,0.6359744799700623,4.235649546827794,6.882175226586103,20.060422960725077,4.290659617321249,0.47589375629405833,3.555658231844278,103.82779456193353,0.313679137649346,0.47017045454545453,2.3585217367493905,0.5647486710640393,2.9523611805693517,0.20403882722804909,4.714285714285714,0.336734693877551,0.6581632653061226,7.642857142857143,775.2857142857143,1847.7857142857142,518.4032738095237,0.21726190476190474,4.142857142857143,0.29591836734693877,0.5366233076812218,4.343327498071975,0.08616131309156798,3.128085278891395,0.07954545454545454,617.2448979591837,4.728719182708544,0.043994539963343834,2.5419324971316275,0.03455419192027728,0.29012297633872974,0.8763295469696563,16.06193689798726,16.55294535724685,174.0,14.07554988526838,50.11826013991776,0.2880359778156193,176.0,1.071806606988369,0.9330041385076587,0.2766816346950292,27.199624719335763,0.8763295469696563,14.07554988526838,16.06193689798726,15.0,15.0,16.55294535724685,16.55294535724685,174.0,14.07554988526838,1.071806606988369,0.9330041385076587,50.11826013991776,0.2880359778156193,176.0
"training_set_primary_roi_006.tif","4b8c5c04-8adb-4d91-b76e-d1822176ebf5","Annotation","nuclei_lymphocyte",461.218994140625,653.9418334960938,501.0,,,56.0,101.0,3218518.0,1.6599079695661096,24.0,4.701128271030145,157.0,77.9441117764471,14.205019103509562,76.0,39.0,118.0,9.584423305588574,80.151030091637,0.9452712671834451,18.678947083045617,3218518.0,0.37800247807777665,348.90306413121834,7.088829787234042,16.31531842572011,1.8213433731567168,1.9223491964689898,0.3696808510638298,0.6774205892616806,0.3271276595744681,0.9972213937213834,0.2626683454051607,0.8431294326241134,0.8406914893617022,0.9902113283496266,0.9540083586626141,-0.2817934219724397,0.7692476201295116,0.29366134751773043,2.588563829787234,0.22855194658216385,2.7311942942068725,0.33670212765957447,5.177127659574467,2.324630941250209,0.5730075118832051,4.300739075686085,71.25149700598803,0.1422185568981797,4.881112027442121,189.37924151696606,0.6430571989753029,7.658682634730539,43.29141716566866,281.0439121756487,8.73361332889776,0.1939471057884232,0.058557155341622126,0.6942134067717425,0.008668809901961986,212.45584045584044,0.3026436473729921,0.9511387894578779,9.437321937321938,14.868945868945868,96.65811965811966,2.9593937955049068,0.1806311332700222,4.380918611449712,172.2051282051282,0.24530645043465557,0.3502994011976048,6.719628899116079,0.49881272983398817,5.807118106080409,0.07584380026629711,7.3076923076923075,0.28106508875739644,1.4807692307692308,13.73076923076923,2412.269230769231,14579.26923076923,473.4493482905983,0.167008547008547,4.0,0.15384615384615385,0.3253882689220481,5.284092322814227,0.029051043688416038,3.917188642118004,0.05189620758483034,2040.9659763313607,2.476700306578356,0.022224266528968164,4.4091287794460685,0.012195023664408984,0.36075502132820547,0.7455373243560482,29.36982236783414,30.083217912982647,498.5,21.89629878492748,82.52692280166127,0.16555049709460637,501.0,1.0426970346646116,0.9590513512121522,0.3751429149188753,50.002963407751636,0.7455373243560482,21.89629878492748,29.36982236783414,29.0,23.0,30.083217912982647,30.083217912982647,498.5,21.89629878492748,1.0426970346646116,0.9590513512121522,82.52692280166127,0.16555049709460637,501.0
"training_set_primary_roi_006.tif","c6260a36-8ff9-4381-820d-3038965dfc08","Annotation","nuclei_melanophage",651.2984008789062,657.5977783203125,352.0,,,41.0,87.90000000000003,1370101.0,1.6850697600858666,20.25,5.843746325203816,146.0,58.85511363636363,15.453609245867774,51.0,36.0,110.0,9.756348702721448,62.38855973945573,1.710234372935657,20.698018871726823,1370101.0,0.3616186725206612,428.40798521435977,3.3499999999999996,27.022020504671392,4.760515160673642,2.3844639053254433,0.35692307692307695,0.7396040185247219,0.32,0.9833605799877867,0.2545230769230769,0.846153846153846,0.8436923076923077,0.9865660069373597,0.9475457875457874,-0.31772353757970895,0.7939319028838305,0.28769230769230764,1.6861538461538463,0.24337751479289946,2.6345208459575016,0.40692307692307694,3.372307692307692,2.2528047785844345,0.6853467455621302,4.122762488291349,50.47727272727273,0.14340134297520662,5.201962809917356,127.28977272727273,0.8170196280991738,4.0,43.13636363636363,104.03977272727273,30.930269886363643,0.5660274621212124,0.061426794518312386,0.5324488400158043,0.01700319219780715,143.688,0.287376,1.047344,6.264,15.06,37.668,11.128893333333336,0.3662627777777777,4.125148700928242,135.6,0.2712,0.35511363636363635,7.130143999999999,0.5335137548399371,4.626990689836158,0.10680037371433881,3.6666666666666665,0.24444444444444444,1.2266666666666663,11.466666666666667,2852.5333333333333,6526.666666666667,2002.049962962963,0.17570370370370372,3.1333333333333333,0.2088888888888889,0.42840702649844264,5.542080329773431,0.047406013631110556,3.6402239289418516,0.04261363636363636,2301.8488888888887,4.307141821946169,0.0355324910549886,2.9771780341678213,0.021718110365712542,0.45906789208145493,0.5836692228816036,27.753582160705903,28.442925306655784,348.5,16.198911731919953,73.35238696970002,0.21048030694318515,352.0,1.108429122105929,0.9021776675265242,0.31297270957493495,34.80288013847166,0.5836692228816036,16.198911731919953,27.753582160705903,28.0,18.0,28.442925306655784,28.442925306655784,348.5,16.198911731919953,1.108429122105929,0.9021776675265242,73.35238696970002,0.21048030694318515,352.0
"training_set_primary_roi_006.tif","0e3f1301-faa6-44a6-8524-3f6d2515be3b","Annotation","nuclei_lymphocyte",289.0269470214844,659.9843139648438,297.0,,,51.0,103.0,1665811.0,1.6402946682245583,26.0,3.5386596160320307,137.0,72.13804713804714,15.978777675747368,67.0,43.0,94.0,11.308485622144591,74.89186368218677,1.0603376638896271,20.121963147271067,1665811.0,0.406568490743575,404.89340090013496,5.961573650503203,14.253771306188733,2.76892060086138,1.9018774552190643,0.40347666971637697,0.6499655602996125,0.35041171088746564,1.0412263401467703,0.2806883025892961,0.8334095760902712,0.830100640439158,0.9849347690811623,0.9428451618524812,-0.24580181378740423,0.7253339558192279,0.30614008335874765,2.363677950594693,0.2849301342904903,2.664743958902739,0.5022872827081427,4.727355901189387,2.215322425437013,0.5763385312338603,4.0484972698514134,39.72053872053872,0.13373918761124148,6.009182736455464,120.75084175084174,0.6929451643256358,6.750841750841751,41.64646464646464,212.62962962962962,9.75448840254396,0.23254115226337446,0.0823315363681325,1.0202011755880804,0.017109328261101727,117.91555555555556,0.2620345679012346,1.091995061728395,8.944444444444445,14.382222222222222,73.5111111111111,3.401301234567901,0.23024320987654318,4.101647483603493,142.2577777777778,0.3161283950617284,0.3787878787878788,7.412622222222222,0.5800108366289328,6.196574424873,0.13022640862673293,6.28,0.2512,1.8976000000000004,12.92,1280.68,5728.92,306.88107777777776,0.2627222222222222,4.92,0.1968,0.42758178565663113,7.3154383014931,0.0827728197411822,3.7336606896881848,0.08417508417508418,1139.5456000000001,2.1598569016402744,0.04097410902088993,2.6696760739784424,0.020407273975201663,0.34106306972160627,0.8356169721694401,21.313551201531695,22.360679774997898,297.0,17.809965121202243,63.22856545290841,0.2128907927707354,297.0,1.0349757444893501,0.9662062181886137,0.33328174014886996,39.46619764643973,0.8356169721694401,17.809965121202243,21.313551201531695,19.0,21.0,22.360679774997898,22.360679774997898,297.0,17.809965121202243,1.0349757444893501,0.9662062181886137,63.22856545290841,0.2128907927707354,297.0
"training_set_primary_roi_006.tif","25608a79-fbfa-42e5-a5de-a9881b295bae","Annotation","nuclei_histiocyte",599.900634765625,661.669677734375,598.0,,,65.0,108.0,4716998.0,1.4560435699858816,18.0,3.1003325895366003,133.0,87.37123745819397,12.192738336260238,88.0,49.0,84.0,8.230860319806503,88.81416847406234,-0.01885158079400084,15.944384176349102,4716998.0,0.43674008120714536,254.2233867630116,9.151515151515149,5.846098569410114,0.18022219841000053,1.3526335627428736,0.26158645276292336,0.6758973990531787,0.25445632798573975,0.8396730310130744,0.19683842991093703,0.8739601901366609,0.8734848484848485,0.9899957209794936,0.9577603768780238,-0.31301979138544633,0.7619436189138142,0.2482174688057041,2.979723707664884,0.3048464949908014,2.3412247535535142,0.5124777183600713,5.959447415329768,2.058922027852859,0.40355500387644927,3.9566192862434724,98.30434782608695,0.16438854151519558,4.412355566492544,261.1705685618729,0.4452550866321407,9.657190635451505,48.264214046822744,422.6304347826087,6.392914344109997,0.12787811222593828,0.048342228040727,0.635093558744568,0.006463726015945039,236.817158931083,0.3330761728988509,0.6706941947020995,11.29957805907173,21.834036568213783,193.61462728551336,2.8020253164556963,0.12009024847632448,4.353397326519641,143.66666666666666,0.20206282231598688,0.2972408026755853,10.515685797424833,0.43991378044864987,5.967185705780935,0.04673579509197711,6.909090909090909,0.3140495867768595,1.4235537190082643,14.318181818181818,6360.272727272727,56522.681818181816,744.6600505050505,0.14482323232323233,3.8181818181818183,0.17355371900826447,0.4060739129336914,6.7795493679970145,0.07461989045031531,3.91397707318275,0.03678929765886288,5621.421487603306,2.7248468696421666,0.021240986630128376,2.3972206445928523,0.010390083112310804,0.17532014701144713,0.558008665393379,37.579539944739324,39.05124837953327,604.0,20.96970893066117,100.058835254238,0.16566032326860597,598.0,1.1485027563113166,0.8706988246260133,0.3404699896948708,41.186977389770156,0.558008665393379,20.96970893066117,37.579539944739324,38.0,25.0,39.05124837953327,39.05124837953327,604.0,20.96970893066117,1.1485027563113166,0.8706988246260133,100.058835254238,0.16566032326860597,598.0
"training_set_primary_roi_006.tif","b81cc4c3-6b6f-4ea4-a639-8bfba7ed8da3","Annotation","nuclei_lymphocyte",547.4393310546875,666.0693969726562,441.0,,,48.0,101.0,2434912.0,1.8074216827094065,28.0,3.7023921690719725,146.0,71.20181405895691,16.68232886503055,68.0,31.0,115.0,11.59924361901623,74.30573600757964,0.875802537663958,21.25191940371135,2434912.0,0.3495302883057985,451.644078341843,5.811929397443701,21.59936830459037,2.8500306252732983,2.432155599161163,0.4576993304930007,0.6832371578266216,0.39805234327449796,1.0991677474654238,0.2992536625066819,0.8107628322174882,0.8069385270846015,0.9828913369028853,0.9350672405298092,-0.2546132132813637,0.7660321408522722,0.3472983025630622,2.3061472915398658,0.1996040673485589,3.0293715895496187,0.3950091296409008,4.612294583079732,2.5224091641761275,0.7224637324135407,4.544181299753842,55.82539682539682,0.1265882014181334,4.821057069842297,154.14285714285714,0.807256235827664,6.476190476190476,37.34467120181406,191.24716553287982,11.114197530864198,0.2849130763416478,0.07460217514821497,0.8475679943599175,0.01629267599764657,194.29573590096285,0.26725685818564354,1.0985887245543764,8.037138927097661,10.486932599724897,55.16643741403026,2.9792648632125944,0.2670949870090173,4.200350139336168,209.9738651994498,0.28882237303913316,0.4121315192743764,4.599467578884035,0.5438720765585351,5.289369288029782,0.1265662956881268,6.931034482758621,0.2390011890606421,1.6147443519619502,13.03448275862069,1923.0,8347.310344827587,504.19756704980847,0.21349616858237544,5.275862068965517,0.18192627824019025,0.4094011803482252,6.915534161712654,0.0670497972354539,4.060759771721926,0.06575963718820861,1691.7502972651607,4.166276769087523,0.02463917712970348,3.069353792409473,0.026388806251363528,0.2213138445022503,0.6207303680699662,30.184958241416503,31.400636936215164,437.0,18.736720239371024,80.18221900738607,0.18348333868967062,441.0,1.0820128549910855,0.9242034374981976,0.34339138401605973,41.89681744320762,0.6207303680699662,18.736720239371024,30.184958241416503,27.0,24.0,31.400636936215164,31.400636936215164,437.0,18.736720239371024,1.0820128549910855,0.9242034374981976,80.18221900738607,0.18348333868967062,441.0
"training_set_primary_roi_006.tif","ecdc3bce-a679-4611-a2c1-4095fe83343b","Annotation","nuclei_lymphocyte",498.8616638183594,672.0779418945312,447.0,,,65.6,104.0,3172807.0,1.4119004448167685,20.0,2.4364885295322134,116.0,83.04474272930649,11.623590528955157,82.0,50.0,66.0,8.495697581489898,84.24964235613386,0.15600498477631256,14.197638612098933,3172807.0,0.41385022696675333,201.5729421597625,3.635272945410918,4.826794981184145,0.35298733554136874,1.4026065812632313,0.2561487702459508,0.6911554557905125,0.2513497300539892,0.8291245496026075,0.19297208344773756,0.875124975004999,0.8748050389922017,0.9746066171381107,0.9374025194961007,-0.3248363738545372,0.7704897024832454,0.2471505698860228,1.8299340131973607,0.26336298427177185,2.322046949004273,0.4331133773245351,3.659868026394721,2.051638936783291,0.4146888378772956,4.103480199726446,72.8165548098434,0.1629005700443924,3.8816970206547254,184.9910514541387,0.43059121460995253,3.9284116331096195,47.46532438478747,174.29977628635348,21.839236887894607,0.4443823017648521,0.03863129867490951,0.1859103553800342,0.015804575395306667,200.25,0.3736007462686567,0.5028402762307864,4.384328358208955,18.66044776119403,67.55970149253731,8.508602819237149,0.4171849087893864,4.359198715543173,95.02611940298507,0.17728753619959903,0.29977628635346754,7.5327467141902416,0.3820190322505787,1.9028721232093038,0.1451204185005298,5.166666666666667,0.4305555555555556,0.7222222222222223,6.166666666666667,6250.916666666667,21814.5,2519.928240740741,0.35648148148148157,1.3333333333333333,0.1111111111111111,0.22708019279100525,1.2944276925547997,0.10777680655418033,3.418295834054489,0.026845637583892617,4863.354166666667,12.488698630136989,0.024515315216497104,0.6716882122931357,0.03474958716235309,0.06176746922147031,0.681735312346786,29.178833062571954,31.016124838541646,447.0,19.892240871827216,80.62348232371365,0.18036573226781577,447.0,1.0757289558667298,0.9296021963025863,0.34836960660403543,43.1203981629227,0.681735312346786,19.892240871827216,29.178833062571954,21.0,31.0,31.016124838541646,31.016124838541646,447.0,19.892240871827216,1.0757289558667298,0.9296021963025863,80.62348232371365,0.18036573226781577,447.0
"training_set_primary_roi_006.tif","13aa0b6e-581e-4c40-9267-27c6a3cc0351","Annotation","nuclei_histiocyte",373.38525390625,673.908203125,359.0,,,70.80000000000001,118.19999999999999,3215663.0,1.6792417917546127,29.0,2.4980262980642447,149.0,92.83286908077994,15.354210473227235,91.0,56.0,93.0,11.454139299979362,94.64290016441822,0.30249359644160734,18.42110120928726,3215663.0,0.35279831782807397,339.33696976280464,5.132018209408194,9.951675263339839,0.7897699809958132,1.9809155823073084,0.35356600910470404,0.6970924847680212,0.33232169954476476,0.9735557910900507,0.24312829711638317,0.8373798684876077,0.8359635811836117,0.9795768990448985,0.9342438037430448,-0.3046721423999053,0.7950423666469913,0.3137329286798179,2.1737481031866466,0.19892937982550465,2.78200350102822,0.3528072837632777,4.347496206373292,2.384020975145212,0.5836203978530031,4.402531346758484,51.76323119777159,0.14418727353139718,3.9132688293852476,126.65459610027855,0.6173136459214315,5.545961002785515,39.67966573816156,218.8217270194986,11.732977406375735,0.32950324976787365,0.061938847007904585,0.47713145874258084,0.01737717471197588,167.08856088560884,0.3082814776487248,0.7896440680273962,5.732472324723247,11.129151291512915,62.7970479704797,3.1865518655186547,0.36116236162361637,4.200064928285819,126.50922509225093,0.2334118544137471,0.3774373259052925,4.109584564480332,0.4600641311260051,2.886041996715319,0.16762052570371377,7.333333333333333,0.3055555555555556,1.2222222222222223,8.333333333333334,1543.625,7339.041666666667,383.5960648148148,0.3327546296296296,4.083333333333333,0.1701388888888889,0.36432229768945606,3.892689225457526,0.057340747243612857,3.90726822961739,0.06685236768802229,1319.8732638888887,5.230984818995719,0.03116690479025281,1.6665298265734423,0.030419080412241492,0.1466479668056326,0.46233476933492124,32.01058056338032,32.2490309931942,359.5,14.799604381047354,77.92599441632517,0.21676215414833147,359.0,1.1593857913860568,0.8625256643903584,0.294849522525491,30.88894702073527,0.46233476933492124,14.799604381047354,32.01058056338032,29.0,20.0,32.2490309931942,32.2490309931942,359.5,14.799604381047354,1.1593857913860568,0.8625256643903584,77.92599441632517,0.21676215414833147,359.0
"training_set_primary_roi_006.tif","2085c0f4-4fb8-4d49-a187-383c4857092f","Annotation","nuclei_lymphocyte",519.3538818359375,675.08642578125,349.0,,,55.0,101.0,2234696.0,1.6081308462605532,23.0,2.6937770495305746,126.0,78.16045845272207,13.750363297509885,79.0,40.0,86.0,9.965954175758782,80.01962510000989,0.10072003907558055,17.14885231163999,2234696.0,0.3798901486851503,294.0831356064401,7.261776061776062,8.723892348507642,-0.3525494414376818,1.7729228842742355,0.27413127413127414,0.7321699838710666,0.27104247104247103,0.8544664659532797,0.20066725302246538,0.8649935649935652,0.8647876447876448,0.9894810687914135,0.9548997977569404,-0.35340176826267533,0.8174426109371505,0.26833976833976836,2.6243243243243244,0.2402149639987478,2.570200108260849,0.38687258687258685,5.248648648648649,2.290933283535665,0.5117635396013775,4.1735617100578075,55.20630372492837,0.15818425136082626,3.8139916749451976,132.58166189111748,0.545594863753171,7.707736389684814,45.04584527220631,322.7507163323782,8.665149633874561,0.1945192613817256,0.04779715205088722,0.5025623194730507,0.00798181231282029,142.26222222222222,0.3161382716049383,0.7456987654320986,8.635555555555555,16.04,119.12,2.905077777777778,0.19501604938271608,4.4121421576360405,88.16444444444444,0.19592098765432098,0.3223495702005731,6.416217283950616,0.40966204167692954,4.306620458592568,0.07132009631852151,3.3333333333333335,0.2777777777777778,1.3055555555555556,11.333333333333334,3381.75,26441.833333333332,508.84476851851855,0.19372685185185187,2.8333333333333335,0.2361111111111111,0.42195016314218975,5.910796507591744,0.04451203381731635,3.2516291673878226,0.034383954154727794,2535.909722222222,2.054746240601503,0.03386177382746852,2.5552467772642036,0.013930758744888833,0.29743110249671023,0.9161840367431282,22.11774523288527,23.259406699226016,349.0,20.263925111120905,68.50216611252607,0.19628127825938702,349.0,1.034395587039219,0.9667481305313083,0.34729140381892526,42.85389623281477,0.9161840367431282,20.263925111120905,22.11774523288527,21.0,21.0,23.259406699226016,23.259406699226016,349.0,20.263925111120905,1.034395587039219,0.9667481305313083,68.50216611252607,0.19628127825938702,349.0
"training_set_primary_roi_006.tif","975cfba5-a5b7-474f-9ef6-ce6bc049870f","Annotation","nuclei_stroma",907.4586181640625,675.6687622070312,157.0,,,93.0,124.0,1879906.0,1.2292725933282789,19.0,2.6955409784118833,147.0,108.6624203821656,10.560428414945843,108.0,83.0,64.0,7.8421630859375,109.42542468219614,0.2631555981292592,12.899688506646266,1879906.0,0.49336687086697223,166.40196356850177,3.4394213381555154,2.4725368130263234,-0.10773937616641682,0.9335500263236203,0.2820976491862568,0.5358891315809294,0.2820976491862568,0.8582932843246438,0.20251856550984437,0.8589511754068717,0.8589511754068717,0.9717902350813743,0.9294755877034359,-0.20232397671411417,0.6169116407802945,0.2820976491862568,1.810126582278481,0.3213574486035401,2.1278642203086506,0.5189873417721519,3.6202531645569622,1.8457665711223936,0.30391191887746927,3.708087380239585,24.61783439490446,0.1568014929611749,3.5572234167714707,77.45859872611464,0.3248813339283541,3.643312101910828,40.2484076433121,140.80254777070064,16.312986553432413,0.43825194621372976,0.0446609883042625,0.22217183570762583,0.01735098110074414,89.89177489177489,0.3891418826483762,0.4718427315829913,3.9047619047619047,11.497835497835498,41.81818181818182,4.398749398749398,0.4662097162097162,3.7993674950639464,51.41558441558441,0.22257828751335246,0.3678343949044586,4.1069695095669125,0.42826914835331015,1.9939387867754346,0.18666334689272068,2.7142857142857144,0.3877551020408163,0.8571428571428571,4.857142857142857,1582.142857142857,6052.285714285715,478.2579365079365,0.5119047619047619,1.0,0.14285714285714285,0.15966030322506602,1.3576291056764223,0.026546823412716494,2.8073549220576046,0.044585987261146494,1079.1020408163263,3.8493861607142854,0.06372769313289167,0.7409389719483876,0.027755823400840558,0.1525903673373399,0.49524494995580054,20.231727834736255,20.223748416156685,157.0,10.019661039033332,50.2986018017954,0.32037325988404713,157.0,1.1324033735649655,0.883077552879288,0.24830807722710974,21.90705204964244,0.49524494995580054,10.019661039033332,20.231727834736255,20.0,10.0,20.223748416156685,20.223748416156685,157.0,10.019661039033332,1.1324033735649655,0.883077552879288,50.2986018017954,0.32037325988404713,157.0
"training_set_primary_roi_006.tif","b79da21d-9d0b-4b0e-b83a-5ebfd2313801","Annotation","nuclei_endothelium",692.073974609375,687.4862670898438,203.0,,,76.2,118.80000000000001,2029628.0,1.657318868129767,19.0,4.969665605617022,169.0,98.35467980295566,13.23104176272173,98.0,61.0,108.0,8.286408703367913,99.9908370186225,0.9834896600062687,18.014562124647767,2029628.0,0.3769322235434007,324.5244485427939,6.187150837988828,10.280552401260257,0.9024374147718228,1.7502886926125902,0.4078212290502793,0.6220570370798867,0.37709497206703907,1.0358137590484837,0.26562061109203833,0.8165735567970205,0.8145251396648046,0.98455907413719,0.9378824155360467,-0.23232931287220643,0.7210137372590285,0.3502094972067039,2.418994413407821,0.20780113760494365,2.7910883567097886,0.35335195530726254,4.837988826815642,2.352007933412626,0.5395274804157174,4.39394195977968,26.80295566502463,0.13203426435972723,4.5554126525758925,76.51724137931035,0.6127787619209396,6.655172413793103,34.83251231527094,205.3152709359606,7.9846839080459775,0.24036261631089206,0.08434502244612495,0.9080960463915544,0.01775604136853306,109.47887323943662,0.3083911922237651,0.8754136084110298,7.504225352112676,8.969014084507043,52.816901408450704,2.056712050078247,0.2493176838810642,3.9908098707890267,109.17464788732394,0.3075342194009125,0.437192118226601,3.737163261257687,0.5640650949988415,4.707498642906164,0.14283281652487984,3.5,0.21875,1.80859375,11.1875,781.0625,4009.9375,176.17980902777776,0.27269097222222216,3.625,0.2265625,0.46759004720616987,7.181902018274359,0.06464430632493101,3.577819531114783,0.07881773399014778,620.08984375,1.8159732293932802,0.04728671271658171,3.16549470453428,0.019524327301153277,0.44935291276524053,0.4391063533875132,25.827010718334144,26.076809620810597,200.5,11.340804495427923,63.8347279902663,0.3183776957120514,203.0,1.27172992755168,0.7863304765699654,0.2217961087083271,17.478738744556146,0.4391063533875132,11.340804495427923,25.827010718334144,12.0,26.0,26.076809620810597,26.076809620810597,200.5,11.340804495427923,1.27172992755168,0.7863304765699654,63.8347279902663,0.3183776957120514,203.0
"training_set_primary_roi_006.tif","1e9d0600-abb0-4864-9e87-4c9ae0d5106b","Annotation","nuclei_lymphocyte",571.452880859375,689.725830078125,391.0,,,65.0,121.0,3331557.0,1.791577808907471,27.0,2.7045515200373793,147.0,89.98721227621483,16.52308658368269,87.0,48.0,99.0,11.575232981861609,92.30712940021164,0.48698168232047234,20.564721366040125,3331557.0,0.3271237105984393,422.90776486286717,10.044642857142858,18.748589900584108,2.318760996599862,2.6233980648472404,0.3653846153846154,0.7554960300049177,0.35439560439560447,0.973851822694168,0.23978837096968966,0.8246336996336996,0.8239010989010989,0.9860341912729182,0.941195709052852,-0.32858362700348964,0.8296578816217816,0.34478021978021983,3.078983516483516,0.1738750603791813,2.965099500369404,0.33104395604395603,6.157967032967034,2.5738194748881873,0.7471956700579642,4.571523720228496,56.31969309462916,0.14404013579189043,3.954212753710402,127.90537084398977,0.7624230610736453,10.514066496163682,38.16624040920716,365.5780051150895,5.251486217675475,0.13094202898550725,0.057999163433489334,0.7313277440605872,0.008566478485404717,181.78896103896105,0.29511194973857313,0.8544442570416598,11.522727272727273,10.262987012987013,100.17857142857143,1.367953643578644,0.12463519119769122,4.221406552213275,153.82792207792207,0.24972065272389948,0.3938618925831202,3.8166638556248955,0.493141045431959,6.2555677353249886,0.05702277621055098,4.5,0.28125,1.58984375,12.5625,2694.1875,25117.3125,328.560625,0.17850694444444445,3.0,0.1875,0.3963221044330682,5.737345049732025,0.09292424394234157,3.75,0.04092071611253197,2096.99609375,2.454654020788773,0.031380861076152185,2.809722177633905,0.021941367596115268,0.24683608010537555,0.8189037017104988,24.73371572260283,25.632011235952593,394.5,20.254531362294625,73.64458326065315,0.18667828456439328,391.0,1.0459534894888836,0.9560654561118781,0.3521768931035132,44.06806301295336,0.8189037017104988,20.254531362294625,24.73371572260283,25.0,21.0,25.632011235952593,25.632011235952593,394.5,20.254531362294625,1.0459534894888836,0.9560654561118781,73.64458326065315,0.18667828456439328,391.0
"training_set_primary_roi_006.tif","e9fd978e-c5a8-41a1-bdd7-8dbf766d9a07","Annotation","nuclei_histiocyte",283.324951171875,689.0921020507812,199.0,,,77.0,116.20000000000002,1838272.0,1.3471483005861273,20.5,3.1872564770027716,149.0,94.88442211055276,12.514279942425706,92.0,63.0,86.0,9.075807260522355,96.1121622828946,0.674635520036712,15.313202781910556,1838272.0,0.4615287492740082,234.49417943991318,5.5133239831697045,3.8224009924529745,0.6459460677612927,1.1049454235014329,0.29172510518934075,0.5822563744324136,0.2805049088359046,0.8879106040437715,0.21304210130830165,0.8616175783076204,0.8608695652173914,0.9830377031598054,0.9442730247779336,-0.22923072820763288,0.6639290371300764,0.27068723702664793,2.304347826086956,0.32109156931284155,2.2450346317288767,0.517531556802244,4.608695652173913,1.9229076154688192,0.3491676321726935,3.805928469767593,27.733668341708544,0.1393651675462741,4.519380823716571,91.84422110552764,0.3930708820484331,5.994974874371859,42.90954773869347,219.0603015075377,9.833263539921832,0.22724734785036296,0.05572261186253768,0.540183877152201,0.010101824679196491,100.2258064516129,0.3592322811885767,0.5947508382471962,7.254480286738351,14.372759856630825,73.24014336917563,3.3135702907208286,0.22441258462763844,3.9268253143306966,65.40860215053763,0.2344394342313177,0.35050251256281406,6.23288498349199,0.4739316662162613,4.126210701204923,0.10220476497380253,3.3636363636363638,0.30578512396694213,1.1735537190082646,9.636363636363637,1497.909090909091,7145.181818181818,344.8661616161616,0.2676767676767677,2.090909090909091,0.19008264462809918,0.3013188714497506,4.536483662947412,0.032257436847372374,3.027169118440619,0.05527638190954774,1170.628099173554,2.1715480407038847,0.0540966321966223,1.4860788643204255,0.01682865086185724,0.2599115746407866,0.540549557018623,21.762207980769087,23.40939982143925,199.0,11.763551883751871,56.10634352309178,0.2819414247391547,199.0,1.1219680666140261,0.8912909642944543,0.26715308299746593,25.358445478209088,0.540549557018623,11.763551883751871,21.762207980769087,22.0,12.0,23.40939982143925,23.40939982143925,199.0,11.763551883751871,1.1219680666140261,0.8912909642944543,56.10634352309178,0.2819414247391547,199.0
"training_set_primary_roi_006.tif","a4f3c7e2-25a5-425b-bdc3-e488cff1fc34","Annotation","nuclei_endothelium",660.8928833007812,689.0737915039062,69.0,,,95.8,121.2,813150.0,0.9711226922229992,12.0,2.512616403602523,131.0,108.1159420289855,7.808863684099978,108.0,87.0,44.0,5.5001652892561985,108.55773859424141,0.04219003024524758,9.783950525258062,813150.0,0.61100609115732,95.72568788069749,3.3086956521739133,1.1418729178354856,-0.31135103147859,0.5981852551984878,0.2608695652173913,0.3926590969104833,0.2608695652173913,0.828055725379504,0.19281663516068048,0.8695652173913044,0.8695652173913044,0.9739130434782608,0.9347826086956521,-0.12019526828098782,0.4503954541594616,0.2608695652173913,1.7956521739130435,0.41523629489603026,1.7729040990163198,0.6130434782608696,3.591304347826087,1.512034533798929,0.21476370510396978,3.5654609730861986,9.81159420289855,0.14219701743331234,4.53098088636841,42.15942028985507,0.2209619827767276,3.608695652173913,39.666666666666664,142.1014492753623,14.202898550724637,0.3961352657004831,0.06172923262165842,0.3122007469117545,0.02326594342111509,50.886792452830186,0.48006407974368104,0.3422036311854752,3.7264150943396226,10.18867924528302,37.45283018867924,3.5193920335429767,0.43370020964360595,3.507825541071633,24.867924528301888,0.23460306158775365,0.38405797101449274,3.409042363830545,0.47271849463055676,1.978334670346126,0.2037567987100501,1.8,0.36,0.8,4.8,571.4,2201.8,164.9111111111111,0.49444444444444446,1.4,0.28,0.3014628533859303,2.3016847468770547,0.07918515779092702,2.321928094887362,0.07246376811594203,380.9600000000001,1.4530325814536342,0.12496550296674484,0.8299534745826306,0.01918994077857553,0.3047307549456845,0.7593824240753426,10.78713586826055,11.661903789690601,70.0,8.191561384469772,31.456336458851258,0.44937623512644653,69.0,1.0606062680069117,0.9428569584820549,0.22385195495715995,17.804264160010582,0.7593824240753426,8.191561384469772,10.78713586826055,10.0,10.0,11.661903789690601,11.661903789690601,70.0,8.191561384469772,1.0606062680069117,0.9428569584820549,31.456336458851258,0.44937623512644653,69.0
"training_set_primary_roi_006.tif","83aab832-f659-4de4-ae8a-4d33a7ffdb9b","Annotation","nuclei_histiocyte",264.5748291015625,707.7711181640625,451.0,,,87.0,128.0,5362214.0,1.4743671297970005,20.0,2.845127395882367,150.0,107.90243902439025,12.326537234330216,108.0,67.0,83.0,8.627459762907215,109.03948714157437,-0.04746186141659192,15.705839954784548,5362214.0,0.42750527283543344,246.6734086853067,8.313281715306733,7.299427246346061,-0.3054245863075664,1.5787219838235773,0.23228111971411555,0.7434779440627489,0.23228111971411555,0.7819666619289798,0.17832660113847226,0.8838594401429424,0.8838594401429424,0.9910661107802264,0.9612864800476474,-0.3842783813478437,0.8233852144392966,0.23228111971411555,2.824300178677785,0.28746442495870056,2.382071530623784,0.4782608695652174,5.648600357355569,2.1497904109096675,0.4527507758844231,4.03004391253221,76.88026607538802,0.1704662218966475,4.061356630498374,192.8048780487805,0.45308528473311355,8.596452328159645,49.168514412416854,404.50776053215077,7.399648312392214,0.1553455284552846,0.038302170954609985,0.39940465122157914,0.007190574561949094,180.526213592233,0.3505363370722971,0.6407239136582148,9.374757281553398,20.93592233009709,171.11067961165048,3.1202944983818774,0.16302642934196335,4.505059489487411,89.00776699029126,0.17283061551512865,0.28547671840354766,8.665525497219342,0.38567025133964355,4.149599020569018,0.06314873235383792,3.8333333333333335,0.3194444444444444,1.5208333333333333,12.083333333333334,6825.416666666667,56774.75,908.9749768518519,0.24060185185185187,1.5,0.125,0.19444778496243229,2.5622367116625786,0.09016065321534515,3.418295834054489,0.026607538802660754,5412.909722222223,2.329645018073236,0.026621524476497464,2.3755389004151826,0.010519008037200803,0.2363285995092672,0.5323658037348964,33.02013698050151,33.54101966249684,450.0,17.578791763061066,83.08939052911859,0.18464309006470797,451.0,1.104929031161726,0.9050355016453834,0.33521173768346313,39.9246098544124,0.5323658037348964,17.578791763061066,33.02013698050151,31.0,23.0,33.54101966249684,33.54101966249684,450.0,17.578791763061066,1.104929031161726,0.9050355016453834,83.08939052911859,0.18464309006470797,451.0
"training_set_primary_roi_006.tif","ea93d520-4cdd-422f-892a-2c49515f3bdf","Annotation","nuclei_endothelium",619.7279663085938,708.6004638671875,407.0,,,69.0,122.0,3723746.0,1.7874546666435416,28.0,2.829018407954916,158.0,93.62162162162163,15.929344577993229,91.0,58.0,100.0,11.529195093627521,95.65172800975982,0.5739334607681631,19.602169170553093,3723746.0,0.3304517383141462,384.2450361909821,5.675049636002647,14.98073838422369,1.154791063343949,2.4027574535033405,0.48312375909993366,0.6651811190356507,0.42356055592322955,1.1194266917841222,0.30372021456593845,0.7981469225678357,0.7941760423560554,0.9818922947018065,0.9308247455170021,-0.2398963625106967,0.7572239414355157,0.3714427531436134,2.279285241561879,0.15559293616063272,3.125095517465562,0.30774321641297153,4.558570483123758,2.5797507301621194,0.7214703031508186,4.665573052150034,56.2972972972973,0.13832259778205724,3.8519640927503342,134.4938574938575,0.7365815670483974,5.980343980343981,34.11547911547912,189.8034398034398,11.133305350805353,0.32054941304941303,0.06270333954857765,0.510830493449541,0.016937465790599057,217.09550561797752,0.30490941800277743,0.8273260951900012,6.421348314606742,8.264044943820224,46.014044943820224,2.6319740948813983,0.312851513732834,4.070765098707389,200.7443820224719,0.28194435677313473,0.43734643734643736,3.035885620502462,0.5262451518138467,3.6651890193239183,0.15464245453420766,5.3,0.265,1.3900000000000001,9.8,2010.55,9147.4,526.698875,0.2846388888888889,2.1,0.105,0.2285212102001623,3.5471581782256374,0.022126799468982508,4.1219280948873624,0.04914004914004914,1596.4275,3.653656295359837,0.027383299391220584,3.303295348665907,0.023904859777910625,0.24535257651982756,0.7036228429294428,27.350627139825153,28.653097563788805,408.0,19.24452602402695,77.95081140977025,0.19105591031806435,407.0,1.0886433566520048,0.9185744751847684,0.3344677636730086,39.74758794693377,0.7036228429294428,19.24452602402695,27.350627139825153,27.0,19.0,28.653097563788805,28.653097563788805,408.0,19.24452602402695,1.0886433566520048,0.9185744751847684,77.95081140977025,0.19105591031806435,407.0
"training_set_primary_roi_006.tif","4b9e6125-0938-47fa-972d-83aa125a5198","Annotation","nuclei_lymphocyte",56.33552169799805,709.107177734375,378.0,,,56.0,101.30000000000001,2400923.0,1.6706646594146792,25.0,3.7689487913284845,153.0,77.45238095238095,14.86142605190222,74.0,42.0,111.0,10.352270894920723,79.69722798283607,0.7817646206059164,18.78235429746239,2400923.0,0.3736597519666302,352.77683295540396,6.815845824411134,12.330309893552158,1.6699657703149948,1.860243600854086,0.48251249107780153,0.5880813263151853,0.42112776588151307,1.1190202384617227,0.30516389588144693,0.7993100166547703,0.7955745895788721,0.9872349865925887,0.9409180517317562,-0.1910233671109331,0.6781854988073293,0.3707867396304227,2.54389721627409,0.19461957681904582,2.917052825528475,0.3426124197002141,5.08779443254818,2.385576246804047,0.5856890229829719,4.4318894636442545,48.57142857142857,0.12849584278155707,4.562106324011085,141.24338624338625,0.6483371126228271,7.383597883597884,34.8994708994709,221.05555555555554,7.069143151087595,0.2032686654908877,0.07504159884608361,0.8489060577444774,0.013276204044704412,206.52121212121213,0.312910927456382,0.8745638200183655,8.478787878787879,9.184848484848485,58.448484848484846,1.9052601010101011,0.2039377104377104,4.01399837259894,208.5909090909091,0.31604683195592287,0.4365079365079365,3.9365840220385673,0.5756874571306029,5.542679167738457,0.11805938404067866,6.428571428571429,0.22959183673469388,1.5612244897959187,12.357142857142858,1169.4285714285713,7122.607142857143,228.41095238095235,0.19997023809523803,4.357142857142857,0.1556122448979592,0.3288937608967587,5.527114112436836,0.0338403686258143,4.253434386188784,0.07407407407407407,987.1785714285714,2.384883344373299,0.024497421721973087,5.514544938693047,0.015167614505048613,0.3965632778096879,0.6087184936546858,28.243421677066774,28.160255680657446,381.0,17.192293098918185,74.25492270224483,0.19489481024211242,378.0,1.0731435767997963,0.9318417606170494,0.335940344955931,40.098356604573674,0.6087184936546858,17.192293098918185,28.243421677066774,27.0,18.0,28.160255680657446,28.160255680657446,381.0,17.192293098918185,1.0731435767997963,0.9318417606170494,74.25492270224483,0.19489481024211242,378.0
"training_set_primary_roi_006.tif","ba479a06-1bbe-437b-9670-760efe197447","Annotation","nuclei_endothelium",638.9149169921875,706.0209350585938,119.0,,,70.0,120.0,1160497.0,1.6436305020677486,25.5,2.1138527785143806,135.0,97.2016806722689,14.566344184732724,98.0,65.0,70.0,11.432111620158274,98.75259809368106,-0.12396598736251115,17.432983242645705,1160497.0,0.3572487818656875,303.90890473836595,6.1807228915662655,9.8211087274495,-1.2573621435954283,2.028427928581797,0.3686746987951808,0.6923997374291797,0.35903614457831334,0.9745609693792304,0.2397677456815213,0.8220883534136547,0.8214457831325302,0.9784833451452872,0.9285140562248995,-0.2826887502071572,0.7755482149241733,0.35060240963855427,2.4012048192771083,0.1887385687327624,2.794417562759898,0.327710843373494,4.8024096385542165,2.400533340424458,0.5992756568442444,4.228048702160889,18.529411764705884,0.15570934256055363,3.493679824871125,42.51260504201681,0.6068780453357814,6.302521008403361,33.78991596638655,213.07563025210084,9.568685807656395,0.28740662931839406,0.05525772081319301,0.3992268322672985,0.013755562630696017,69.3173076923077,0.3332562869822485,0.6715051775147927,6.403846153846154,8.057692307692308,52.31730769230769,2.1684027777777777,0.28488915598290604,3.8251592706702136,57.94230769230769,0.2785687869822485,0.4369747899159664,2.8206360946745566,0.5071528330438302,3.5173384353741497,0.1259397919218831,1.6666666666666667,0.2777777777777778,1.2222222222222223,8.333333333333334,685.1666666666666,4963.0,141.9872685185185,0.28935185185185186,1.0,0.16666666666666666,0.0615821711655814,0.9671174685583241,0.004535105812952311,2.584962500721156,0.05042016806722689,291.8055555555556,1.3019266917293233,0.09251315369344607,1.5438956527534544,0.028540753201103785,0.4454621669982608,0.8514003852699964,13.419893282747205,14.422205101855956,119.5,11.425702311213207,40.973850775085914,0.3428774123438152,119.0,1.057347874921618,0.9457625287932137,0.2570589899769514,23.478364447500528,0.8514003852699964,11.425702311213207,13.419893282747205,12.0,12.0,14.422205101855956,14.422205101855956,119.5,11.425702311213207,1.057347874921618,0.9457625287932137,40.973850775085914,0.3428774123438152,119.0
"training_set_primary_roi_006.tif","3f014c5e-00cc-47ea-b0fc-130a1d24ff14","Annotation","nuclei_endothelium",664.0220336914062,707.629638671875,312.0,,,59.0,110.0,2256795.0,1.770091031681883,29.25,2.352211552923453,130.0,82.8301282051282,15.878266765286027,83.0,40.0,90.0,11.645504000000019,85.04891126694278,0.08072278235871237,19.299926663444424,2256795.0,0.32517669296515456,372.487169214333,8.055652173913042,12.751466482670944,-0.3439318629078674,2.293466162570889,0.3591304347826087,0.7292234822732456,0.3452173913043478,0.9720587196220387,0.23995538752362947,0.8297101449275365,0.8287826086956526,0.9862980048437321,0.9427950310559007,-0.3201599462796753,0.8192678217572841,0.33304347826086955,2.7517391304347827,0.1734264650283554,2.9180638305890643,0.28608695652173916,5.503478260869565,2.529497661085947,0.6631491493383743,4.517323400871608,44.27564102564103,0.14190910585141353,3.9402942143326753,101.4551282051282,0.6964887409598949,8.669871794871796,38.493589743589745,298.3814102564103,7.509382122507122,0.18343839031339032,0.06419684596891938,0.820538344344148,0.007889299736329054,153.0328542094456,0.31423584026580204,0.767899683348161,9.817248459958932,10.291581108829568,79.75770020533881,1.9534861966689485,0.16748060689025784,4.125395471053997,118.10061601642711,0.24250639839102076,0.390224358974359,3.7245171164865556,0.47898264056856066,5.453024734622499,0.06424194964648697,6.764705882352941,0.39792387543252594,0.9342560553633217,14.235294117647058,1178.8235294117646,8274.64705882353,214.45977124183008,0.13460784313725488,3.588235294117647,0.21107266435986158,0.44988658541429744,7.840446297804901,0.028614399858927254,3.381580488309164,0.05448717948717949,841.993079584775,2.061841358625162,0.03679986632527191,2.855850581786586,0.02058399550940501,0.2958045118008968,0.7171422873441733,23.56412687327235,24.020824298928627,310.5,16.898831845166836,65.08691433434899,0.20961969189806437,312.0,1.0419765582000717,0.9597144889011872,0.33361544152224076,39.54526899072475,0.7171422873441733,16.898831845166836,23.56412687327235,24.0,17.0,24.020824298928627,24.020824298928627,310.5,16.898831845166836,1.0419765582000717,0.9597144889011872,65.08691433434899,0.20961969189806437,312.0
"training_set_primary_roi_006.tif","cb4c5d8d-6416-4e6e-928c-c5597ae251fc","Annotation","nuclei_lymphocyte",540.4932250976562,713.0646362304688,290.0,,,37.0,82.0,917360.0,1.4898122167511354,23.0,3.5221088689334534,113.0,53.275862068965516,14.62711058263974,46.0,28.0,85.0,10.568498638038744,56.243313778862515,1.1388423722584158,18.027558504582576,917360.0,0.4199286563614745,324.9928656361476,2.7161778618732266,14.165532347136349,3.3849731285968896,1.937279872257661,0.2838221381267739,0.7444312446706135,0.2630085146641438,0.8779604808472642,0.21464865934093474,0.8719646799116997,0.8705771050141909,0.9836718793477658,0.9480920845159254,-0.34470977334151526,0.7820883220807623,0.2447965941343425,1.5175023651844846,0.335529053953058,2.271048433635713,0.5449385052034059,3.035004730368969,1.960699546878441,0.5552755025961089,3.7071363545661398,53.37241379310345,0.18404280618311533,5.902497027348395,121.77931034482759,0.6523662306777646,3.2344827586206897,47.48275862068966,90.08275862068966,39.563362068965525,0.656896551724138,0.05886299369684018,0.3941684059000356,0.01837150524322117,116.51351351351352,0.31490138787436084,0.7539006574141713,5.440540540540541,20.572972972972973,37.8,17.665615615615614,0.3787912912912913,3.8709476707811197,104.02162162162162,0.28113951789627467,0.31896551724137934,10.743900657414173,0.546581451579242,3.9493949398123727,0.10707114758902724,5.666666666666667,0.37777777777777777,0.5955555555555555,8.066666666666666,2038.0,2819.4666666666667,1882.8231481481482,0.20092592592592592,2.2,0.14666666666666667,0.3256041925279504,3.0704927371440913,0.04221007462338167,3.4565647621309536,0.05172413793103448,1664.222222222222,6.356935703796936,0.050241700528940336,1.342581294621609,0.024091934879042546,0.33614317209181693,0.4897051147014221,27.52374514983764,29.068883707497267,294.0,13.478518775613951,68.9868123374759,0.23464902155604048,290.0,1.1349780977749937,0.8810742709135937,0.2894831415171896,29.774796380835074,0.4897051147014221,13.478518775613951,27.52374514983764,16.0,26.0,29.068883707497267,29.068883707497267,294.0,13.478518775613951,1.1349780977749937,0.8810742709135937,68.9868123374759,0.23464902155604048,290.0
"training_set_primary_roi_006.tif","4621211f-129f-4a7b-86a6-dc065da9c314","Annotation","nuclei_lymphocyte",720.8303833007812,712.0442504882812,313.0,,,48.2,112.0,2162617.0,2.0443395175276415,26.0,5.475160152089971,186.0,78.39936102236422,19.6158784921761,75.0,30.0,156.0,11.413343999999986,83.12231643077503,1.3202769153550447,27.61991455640096,2162617.0,0.3022894997397136,762.8596801028897,7.414718614718614,86.7891543526832,9.365446721266588,3.9617203575645146,0.5385281385281386,0.7606673769256445,0.4484848484848485,1.1775999000987196,0.33738947920766105,0.7903318903318901,0.7847619047619048,0.9894527766746373,0.9451755651755652,-0.30305620299329916,0.8333307460466932,0.37378547378547383,2.5610389610389612,0.1539393939393941,3.3193723759550946,0.2597402597402597,5.1220779220779225,2.782593078616421,1.1250621240231629,4.686232009590857,38.12460063897763,0.1218038359072768,5.2474354132429655,94.61661341853035,1.311251518337433,8.37699680511182,34.29712460063898,204.1405750798722,10.270173418675245,0.2520122543159969,0.10099893533913389,1.682976400772118,0.01812998663240129,138.84070796460176,0.24573576630902969,1.813629884877437,10.95221238938053,8.08141592920354,53.63185840707965,2.268774647322055,0.20751850179599865,4.237248084432634,184.8053097345133,0.3270890437778996,0.4512779552715655,3.171073694102906,0.5876564493866814,8.148132447318948,0.09466597007754754,5.838709677419355,0.18834547346514047,2.7055150884495323,18.193548387096776,604.9354838709677,3540.6451612903224,144.08870437422283,0.16926889035183965,7.774193548387097,0.25078043704474506,0.48601923670568004,10.906131068214753,0.08691409438060221,3.9779168746936358,0.09904153354632587,502.9906347554631,1.5537387738346575,0.035441513885910186,7.577143542683712,0.02193066334878569,0.9056897684142,0.7878312468021944,22.49096795077761,22.847319317591726,312.5,17.71908732244932,64.41124467640735,0.2061159829645035,313.0,1.0278547533880236,0.9729001074361835,0.34106138244922546,41.33018434048907,0.7878312468021944,17.71908732244932,22.49096795077761,18.0,22.0,22.847319317591726,22.847319317591726,312.5,17.71908732244932,1.0278547533880236,0.9729001074361835,64.41124467640735,0.2061159829645035,313.0
"training_set_primary_roi_006.tif","2e82e380-b223-4797-b6e7-f7a395eb79a1","Annotation","nuclei_histiocyte",126.38580322265625,712.2044677734375,430.0,,,69.0,117.0,3753205.0,1.700736673773905,25.0,2.798209749557193,145.0,91.5,15.044186046511628,90.0,52.0,93.0,10.703608163265306,93.42581934845545,0.4437431710535538,18.87150552897761,3753205.0,0.3556841535965387,356.1337209302326,5.306733167082293,14.719492294189845,1.6591242136797408,2.3022256546912025,0.3771820448877805,0.7184586392380322,0.35847880299251866,0.9954331845159399,0.2486749926928315,0.8238778054862843,0.822630922693267,0.9781428780988707,0.928927680798005,-0.2955868093239296,0.7976467036070798,0.3421134663341645,2.1966957605985034,0.18693447180054848,2.9155694996093655,0.3653366583541147,4.3933915211970085,2.5002843115106956,0.6698519248947457,4.4769477485299225,64.68837209302326,0.1504380746349378,3.560605732828555,152.94418604651162,0.6602758247701458,5.388372093023256,37.85116279069767,199.02093023255813,12.286191860465118,0.3484011627906976,0.05024583142904018,0.28804227897015827,0.01813734392679816,213.5887573964497,0.31595970029060605,0.7522408178985329,5.5325443786982245,10.49112426035503,54.582840236686394,3.3210264628533857,0.36910338593030895,4.158874457109034,167.65976331360946,0.2480174013514933,0.3930232558139535,4.017261300374636,0.4803900045414784,2.744627512353486,0.1738115855067755,5.0,0.29411764705882354,1.1211072664359865,6.117647058823529,3297.8823529411766,15309.117647058823,860.9906045751634,0.44362745098039214,1.8235294117647058,0.10726643598615918,0.22025381828622417,1.3531426498528631,0.0873541957176286,3.734521664779752,0.03953488372093023,2658.089965397924,6.308330013280214,0.027156908512269814,1.5699667201032979,0.031158669641960495,0.1324852142722493,0.6684278186913244,28.68543714560123,29.206163733020468,432.0,19.17414417944132,78.76566652869388,0.182327931779384,430.0,1.0690306254896549,0.9354268962518858,0.3486610083388781,43.19256642263622,0.6684278186913244,19.17414417944132,28.68543714560123,26.0,23.0,29.206163733020468,29.206163733020468,432.0,19.17414417944132,1.0690306254896549,0.9354268962518858,78.76566652869388,0.182327931779384,430.0
"training_set_primary_roi_006.tif","6a1ba497-afb3-45e5-ba28-ab77e5e1ce68","Annotation","nuclei_lymphocyte",189.3273468017578,716.2686767578125,419.0,,,51.0,105.19999999999999,2507148.0,1.8214366661709693,30.0,3.217840473705755,149.0,74.33890214797135,17.284077898849997,69.0,38.0,111.0,12.266989951332247,77.35403530548977,0.8185258918541274,21.386313508346845,2507148.0,0.34110650998798137,457.37440547729875,6.341229193341871,17.87791505702797,2.144080358396418,2.3981992291310426,0.4583866837387965,0.6790667617076618,0.40973111395646605,1.09269782902037,0.29050709799478985,0.8032437046521553,0.7999999999999999,0.9827569225335132,0.9328699469544542,-0.25965118549194766,0.771713737186962,0.367157490396927,2.4199743918053778,0.19396035156346061,3.033641043934399,0.38412291933418696,4.839948783610756,2.532809877206787,0.7141464782174598,4.407138111389821,54.42243436754177,0.12988647820415697,4.930571140515262,142.9236276849642,0.8084711296928134,7.052505966587113,36.09307875894988,190.40334128878283,9.841326571201273,0.25023800053036327,0.06665833201043168,0.7398305806455879,0.01320731029982831,191.1703910614525,0.26699775287912364,1.0553568084641554,8.881284916201118,10.094972067039107,56.74301675977654,2.5917139975170698,0.2263722067039106,4.062133040554993,235.2513966480447,0.3285634031397272,0.42720763723150357,4.6157111201273375,0.5901692307225042,6.2479706421700945,0.11370026425504148,5.583333333333333,0.2326388888888889,1.8055555555555556,12.916666666666666,1949.5416666666667,9414.875,464.07119212962965,0.2398148148148148,2.5833333333333335,0.1076388888888889,0.2127495593226274,3.6972665697608655,0.02850556322105854,4.136842188131013,0.057279236276849645,1644.7482638888887,3.613103189749182,0.027663834888500504,2.8826034019236366,0.025928686264764578,0.22769001326584842,0.7791213887180783,26.276802021310054,26.832815729997478,417.5,20.472818481913095,75.57173572805237,0.18101014545641286,419.0,1.0433408826442174,0.9584595184898962,0.3585439904461988,45.67590295233388,0.7791213887180783,20.472818481913095,26.276802021310054,23.0,24.0,26.832815729997478,26.832815729997478,417.5,20.472818481913095,1.0433408826442174,0.9584595184898962,75.57173572805237,0.18101014545641286,419.0
"training_set_primary_roi_006.tif","0d0806f5-6612-4191-9367-8d56cb01d4d5","Annotation","nuclei_endothelium",682.6380004882812,722.0945434570312,199.0,,,96.0,137.20000000000002,2725671.0,1.590823389240045,24.5,2.4860625334805553,154.0,115.89447236180905,13.361278755586962,115.0,73.0,81.0,9.921839435206973,117.03349604271376,0.030226300896209864,16.288353875016924,2725671.0,0.3755208201813085,265.3104719577788,9.77574047954866,6.497502992038958,-0.10600712716075247,1.6262202072487324,0.461212976022567,0.55810516023341,0.4330042313117066,1.0699439524944077,0.27372031168872507,0.7881993417959567,0.7863187588152328,0.9824855121533299,0.9285042648935454,-0.17444511259019382,0.6497171519102397,0.40832157968970384,3.0796897038081807,0.17746741969559224,2.869536975784676,0.32863187588152326,6.159379407616361,2.3547823536903,0.5218582958178247,4.326288054523793,27.87437185929648,0.14007222039847478,3.7992979975253163,74.7286432160804,0.5356935430923461,10.336683417085426,30.22613065326633,302.52763819095475,3.6592434394193187,0.12546342825237297,0.08715816896272748,1.0577738647571442,0.014621037722609155,130.22395833333334,0.3391248914930556,0.6510348849826388,10.6953125,6.708333333333333,66.91666666666667,0.8162094907407408,0.12934244791666666,3.703836558813761,124.53125,0.3243001302083333,0.4824120603015075,2.4113498263888893,0.5738460544808202,6.398816351627457,0.07646218110604582,5.555555555555555,0.30864197530864196,1.4598765432098764,12.944444444444445,647.3888888888889,5938.5,75.14246913580246,0.16561728395061728,3.111111111111111,0.1728395061728395,0.3906429892687187,5.402244263498485,0.09641553660375396,3.5724312513221195,0.09045226130653267,525.1635802469135,1.3722257264659814,0.0441595227094229,3.6392495365499187,0.019224206905374287,0.3574584263586386,0.45521543427720834,24.169821010459955,24.166091947189145,197.5,11.002475567678921,58.63312536610268,0.2968765841321655,199.0,1.1769406480047102,0.8496605174571198,0.24818618145041896,21.885548748556708,0.45521543427720834,11.002475567678921,24.169821010459955,16.0,22.0,24.166091947189145,24.166091947189145,197.5,11.002475567678921,1.1769406480047102,0.8496605174571198,58.63312536610268,0.2968765841321655,199.0
"training_set_primary_roi_006.tif","c6f84579-2442-4ca4-88c0-33999c8eb4cd","Annotation","nuclei_endothelium",617.878662109375,732.7332763671875,423.0,,,75.0,119.0,4114242.0,1.6202705142793663,24.0,3.1148973114877525,155.0,97.08274231678487,13.843759256464853,97.0,47.0,108.0,9.924418604651157,98.62221060963861,0.07849754109189598,17.35746438235329,4114242.0,0.3826042732033376,301.281569784663,11.84879288437103,9.176752256732485,0.24858589377606574,1.6939211520111603,0.41613722998729347,0.6055680415883408,0.39199491740787795,1.0351904883330434,0.2624772147136844,0.8080262600592968,0.8064167725540027,0.9888509220783682,0.9444318388092213,-0.21057711444312913,0.6972382254811983,0.3708703939008894,3.3954891994917404,0.19917650059980396,2.8289153301517005,0.3284625158831004,6.790978398983481,2.366881534602896,0.5275145954996134,4.37385876488062,57.2033096926714,0.13523241062097258,4.194300532613493,161.84160756501183,0.558064930782601,12.163120567375886,35.71867612293144,423.87470449172577,3.4332840819542954,0.10408786446020488,0.0697082393722746,1.056994228542481,0.008030826726856672,227.5391061452514,0.31779204768889857,0.7954027652070785,12.561452513966481,9.541899441340782,112.95530726256983,0.9320515207945375,0.11242628801986346,4.048928155816234,209.44692737430168,0.29252364158422023,0.4231678486997636,3.957523173434039,0.5418545664567295,7.118553537207351,0.06502243598956713,6.185185185185185,0.22908093278463648,2.0850480109739373,15.25925925925926,1595.3703703703704,18132.62962962963,152.1113477366255,0.148940329218107,4.925925925925926,0.18244170096021947,0.3941877709665534,8.151042466860986,0.042890145411986325,4.014146761422729,0.06382978723404255,1349.925925925926,1.7109025334271644,0.02435841670291431,4.558666584418178,0.011302547730325255,0.32528779924370466,0.5781704613015163,30.737771059275012,32.01562118716424,423.0,17.77167127272143,79.59756863447242,0.1881739211216842,423.0,1.0917537351008975,0.9159574800150165,0.33605915254773044,40.126723733818274,0.5781704613015163,17.77167127272143,30.737771059275012,26.0,24.0,32.01562118716424,32.01562118716424,423.0,17.77167127272143,1.0917537351008975,0.9159574800150165,79.59756863447242,0.1881739211216842,423.0
"training_set_primary_roi_006.tif","9e479f67-93da-46cd-93a6-7e828859d647","Annotation","nuclei_histiocyte",495.5612487792969,732.91162109375,556.0,,,52.0,112.0,3801890.0,1.9612302113621538,32.0,2.7629735890873457,153.0,79.48920863309353,18.586848506805993,76.0,39.0,114.0,13.454978475765262,82.69178710534837,0.5441608469081431,22.790291037211187,3801890.0,0.2944335179338543,519.3973655607886,7.967048710601718,31.529550977614697,2.606801016443563,3.408531584761665,0.4450811843361986,0.7690057558946729,0.4183381088825215,1.0585463442756102,0.2700744109927942,0.7952881248010188,0.7935052531041069,0.988079196675185,0.9407149679355981,-0.31904419858625177,0.8470710531651968,0.394937917860554,2.6881566380133712,0.13477379769733688,3.3303095356956707,0.2636103151862464,5.376313276026744,2.840262299703682,0.9634031922744658,4.7141344209903675,83.90287769784173,0.15090445629108223,3.4223383882821796,163.70503597122303,0.9351062315615134,8.14568345323741,33.47482014388489,254.54496402877697,7.810021482813747,0.22700189848121502,0.05960093404867942,0.6096492533864064,0.011248873798967248,275.5153374233129,0.2817130239502177,0.9902977990222527,8.69120654396728,8.464212678936605,65.47239263803681,1.9139411497386958,0.21884514882981146,4.188224960610321,285.56850715746424,0.2919923386068141,0.4397482014388489,3.2930064695279793,0.5388049922014091,5.073358543462191,0.10601253116755768,6.583333333333333,0.2743055555555556,1.6388888888888886,11.666666666666666,3227.4166666666665,20894.708333333332,665.6552662037037,0.2434953703703703,3.4166666666666665,0.1423611111111111,0.3197099023498959,4.7486655404641835,0.040825015650448555,4.136842188131013,0.04316546762589928,2690.722222222222,3.304718301289851,0.020472656943995683,5.016277213315348,0.02008297335579498,0.30252578678398667,0.711825914976175,31.54768691699384,32.01562118716424,556.5,22.456461105071043,86.66106199784754,0.15572517879217887,556.0,1.0363023678965835,0.9649693284304005,0.38918332312180975,53.81591023560068,0.711825914976175,22.456461105071043,31.54768691699384,31.0,23.0,32.01562118716424,32.01562118716424,556.5,22.456461105071043,1.0363023678965835,0.9649693284304005,86.66106199784754,0.15572517879217887,556.0
"training_set_primary_roi_006.tif","34fdec7e-2a6b-44ee-a3a8-c60345c42d5e","Annotation","nuclei_endothelium",573.968505859375,734.5742797851562,390.0,,,62.0,118.0,3200322.0,1.8508711195739627,28.0,5.129829824013857,185.0,87.41538461538461,18.230059171597638,81.0,54.0,131.0,12.308198104074616,90.58672003198839,1.3611716160225338,23.75930088824637,3200322.0,0.3223405654174885,564.5043786982247,4.248962655601658,35.76091608376138,5.134340716474017,2.788324351623882,0.5878284923928077,0.6517761371884725,0.4453665283540802,1.2097711941080869,0.389477147814642,0.797913785154449,0.7914652998128712,0.9849391683416578,0.9387670420865438,-0.23847025940386923,0.7519319999981144,0.34974354541263236,1.9232365145228212,0.16878798574404716,3.077828689298939,0.2627939142461964,3.846473029045643,2.5293000182661403,0.8440382110041722,4.5576809462601915,49.68205128205128,0.12738987508218277,4.852754766600919,125.71282051282051,1.015147928994083,5.076923076923077,35.64102564102564,124.8,19.80043874643875,0.4658717948717947,0.09772739774922315,1.2119851311607264,0.019971542396503818,184.48291233283803,0.2741202263489421,1.3943730695097905,6.947994056463596,8.87072808320951,33.539375928677565,4.880737989103517,0.36965907214792804,4.114025030326094,196.037147102526,0.2912884800929064,0.43141025641025643,3.4977005225984645,0.5419453036820063,5.139105684012059,0.1364509353817583,7.8,0.22285714285714286,1.5477551020408165,14.714285714285714,1088.857142857143,3264.7428571428572,606.0253968253969,0.1449047619047619,11.342857142857143,0.3240816326530612,0.5867783645430764,10.218285386133871,0.044474083916570095,3.690296503327814,0.08974358974358974,964.6938775510205,3.5282175262655193,0.026393840083783527,6.138447753015602,0.02442469878323269,0.5231227261134562,0.9296421488659333,23.54895810721415,25.709920264364882,386.0,21.89210401834441,75.84567528245302,0.19649138674210626,390.0,1.0890109284855474,0.9182644304503611,0.3296978649547397,38.62197831619613,0.9296421488659333,21.89210401834441,23.54895810721415,23.0,25.0,25.709920264364882,25.709920264364882,386.0,21.89210401834441,1.0890109284855474,0.9182644304503611,75.84567528245302,0.19649138674210626,390.0
"training_set_primary_roi_006.tif","b7c92e7b-3d13-4c68-acdb-be702fc51bd6","Annotation","nuclei_stroma",942.7680053710938,733.4287719726562,341.0,,,59.0,122.0,2722866.0,1.880667597669521,33.0,3.3234150337775765,166.0,85.99413489736071,19.436004162330907,81.0,51.0,115.0,13.812018011490078,89.35851543935209,0.9079764665923902,24.288949025831844,2722866.0,0.30738469741402297,589.9530447794577,4.242937853107344,32.20159953900312,5.024972517578867,3.080596252673242,0.4802259887005649,0.7302724167914163,0.40112994350282477,1.1240663522597785,0.3193207571259855,0.8126177024482113,0.8073446327683617,0.9821591811656104,0.9350282485875706,-0.30363241862776413,0.8133054535189066,0.3319209039548021,1.8954802259887007,0.18414704769200607,3.0256760749125866,0.32606941081517354,3.790960451977401,2.52171540111004,0.8902055603434518,4.367328942609502,42.14956011730205,0.1236057481445808,5.415347305234732,104.81818181818181,1.0087976539589443,5.008797653958944,37.21700879765396,105.92961876832844,24.749459107201048,0.4881948517432389,0.08175751046046745,0.8861814458867071,0.017837590898746813,150.02966841186736,0.26183188204514374,1.1539766514684966,7.37347294938918,10.167539267015707,30.963350785340314,6.874179755671903,0.31383023075431454,4.0296748034300105,177.52705061082025,0.30982033265413655,0.42008797653958946,4.50097920074072,0.5704725374984603,5.473860306945973,0.10937037636705661,6.6,0.264,1.1296,13.24,981.0,2193.84,724.3159333333334,0.1355,4.36,0.1744,0.4077570840865052,6.759727316399167,0.030494557187477803,3.913269689515107,0.07331378299120235,794.9504,4.723342589988753,0.035528856404701506,3.1289197359749203,0.03237738958295198,0.36628740814783745,0.3387002540013621,36.51197214722519,35.4682957019364,340.5,12.36661424035583,82.68388884225494,0.24283080423569733,341.0,1.2640300665741475,0.7911204222461747,0.25551172750234824,23.19657804611692,0.3387002540013621,12.36661424035583,36.51197214722519,33.0,18.0,35.4682957019364,35.4682957019364,340.5,12.36661424035583,1.2640300665741475,0.7911204222461747,82.68388884225494,0.24283080423569733,341.0
"training_set_primary_roi_006.tif","4f3e950e-8993-4e1e-97d9-17c03f2f2f63","Annotation","nuclei_lymphocyte",443.3843688964844,742.7853393554688,546.0,,,50.0,94.0,2903285.0,1.6113390338215203,20.75,5.048947481566007,151.0,70.70879120879121,13.538984824699094,67.0,40.0,111.0,8.953420282139994,72.9203112642273,1.1067474232048384,17.822419607431698,2903285.0,0.4063653074642087,317.6386406633658,5.546341463414634,14.395659232140975,1.7521396409222123,1.8503119571683526,0.2809756097560976,0.7363325211326982,0.2604878048780488,0.8701108605394627,0.21312171326591314,0.8729268292682927,0.8718048780487806,0.9925075807514832,0.9631416957026713,-0.3593865874053796,0.8177955556816966,0.24486449864498644,2.2702439024390246,0.2857866745984532,2.5221865937670884,0.48878048780487804,4.5404878048780475,2.221815864592319,0.5328218917311125,4.08424065969134,94.60805860805861,0.17327483261549195,4.623220491352359,221.87545787545787,0.6019401843577666,6.029304029304029,48.48351648351648,242.65567765567766,13.652203398453402,0.2689707977207977,0.047662931099722486,0.5176097326394946,0.008616817810687485,193.2804314329738,0.2978126832557378,0.9414412596361356,7.98151001540832,21.47919876733436,105.95993836671803,5.724809964047253,0.24043614107173433,4.546692071180411,131.10169491525423,0.2020056932438432,0.29716117216117216,10.15478120897149,0.4407489780015541,4.674812749381468,0.07311410678879914,5.5,0.275,1.45,13.7,5206.2,22714.2,1296.1202083333333,0.17622222222222222,2.7,0.135,0.3392041337612298,6.193427539020949,0.021853859860474428,3.9219280948873623,0.03663003663003663,4460.91,2.6164449459071952,0.023800194193892187,3.955527643995239,0.009597566820216345,0.44920591619956185,0.6234280277956759,33.784291324756516,34.17601498127012,542.0,21.062074111067517,90.35303169193793,0.1667030105017305,546.0,1.0948084837046739,0.9134017637643292,0.3560493982384138,45.04252812130313,0.6234280277956759,21.062074111067517,33.784291324756516,32.0,24.0,34.17601498127012,34.17601498127012,542.0,21.062074111067517,1.0948084837046739,0.9134017637643292,90.35303169193793,0.1667030105017305,546.0
"training_set_primary_roi_006.tif","40bc77a4-4941-4974-affb-92c367ce40a0","Annotation","nuclei_lymphocyte",405.81976318359375,746.545654296875,268.0,,,63.0,111.30000000000001,2029298.0,1.6480816352953178,21.25,2.8466077201832154,137.0,84.99253731343283,14.850077968367124,83.0,51.0,86.0,10.419624485596708,87.01728255172398,0.6210638325848451,18.662155923453597,2029298.0,0.3560091334372912,348.27606371129417,3.800821355236139,10.723905847287375,1.6624930499701813,1.921951224654149,0.3418891170431211,0.6979565115561142,0.31930184804928136,0.9566258423023539,0.23993544687543483,0.8438569472963724,0.8426078028747432,0.980352699601401,0.9368632052410285,-0.30255411147602795,0.7833920057274365,0.30196212639744463,1.8454825462012319,0.2109808828303868,2.668156982525415,0.34394250513347024,3.6909650924024637,2.2946048791125198,0.5659600854243176,4.318558333032054,39.014925373134325,0.14557807975050122,4.52934952105146,95.41044776119404,0.6350523501893518,4.313432835820896,40.798507462686565,145.7537313432836,20.682213930348265,0.46315298507462693,0.06434809900328291,0.4970927128106632,0.01985108402698651,122.86466165413533,0.3079314828424445,0.8137637326398702,5.3734335839598995,12.020050125313283,46.335839598997495,5.710839598997495,0.39971456418824847,4.120806618742621,98.21303258145363,0.246147951331964,0.37220149253731344,4.801603005006249,0.4948602436331399,3.4881658292559794,0.13921908745988096,3.769230769230769,0.28994082840236685,1.0532544378698225,9.153846153846153,1585.8461538461538,5273.2307692307695,806.1047008547009,0.2542735042735043,3.4615384615384617,0.26627218934911245,0.5018299871789147,5.526379921446529,0.11287759980527862,3.0269868333592873,0.048507462686567165,1160.8520710059172,4.512486946532998,0.04341429350816303,1.6844731291104016,0.02966840532306412,0.23682673742833615,0.5435747374014592,25.264319368111295,25.942243542145693,270.0,13.733045766147699,65.16750493513615,0.24136112938939316,268.0,1.118778931851644,0.8938316333370186,0.28956241332958915,29.791105622417152,0.5435747374014592,13.733045766147699,25.264319368111295,17.0,24.0,25.942243542145693,25.942243542145693,270.0,13.733045766147699,1.118778931851644,0.8938316333370186,65.16750493513615,0.24136112938939316,268.0
"training_set_primary_roi_006.tif","30de246f-1bfc-4ecf-8184-632593430427","Annotation","nuclei_lymphocyte",546.1609497070312,746.0182495117188,416.0,,,71.0,128.0,4158270.0,1.9401604976080054,32.0,2.557744734352149,156.0,97.5048076923077,18.105815458579883,97.0,51.0,105.0,13.538461538461508,99.97920456851938,0.29142379171571525,22.105515670075217,4158270.0,0.29093472633136097,488.65382303994096,6.219053791315619,20.867927953398468,1.0558806137244587,2.8895574645851116,0.43292287751134156,0.739397779408277,0.39533376539209336,1.059496041467575,0.2766340914522508,0.8082739252538345,0.8060920285158782,0.9836919222168842,0.9349828719563003,-0.31311774878123794,0.8321800175907665,0.3655037085043566,2.3674659753726504,0.14469355259405361,3.1768179888024863,0.25858716785482827,4.734931950745301,2.7073517416101462,0.8306200855241135,4.621037291671411,55.38942307692308,0.13314765162721892,4.318417159763314,121.02884615384616,0.9007893398668639,6.877403846153846,35.85096153846154,203.5408653846154,12.628653846153846,0.3005528846153846,0.07126592343668237,0.8481883549582583,0.014841923005359005,190.1931818181818,0.27016076962809915,1.0309735763171486,8.200284090909092,9.869318181818182,59.78125,3.1406526199494946,0.25151436237373737,4.167641802308095,210.08238636363637,0.2984124806301653,0.4230769230769231,4.282541322314049,0.5509255995412772,5.379448665060669,0.10797361337639293,6.111111111111111,0.22633744855967078,1.8518518518518519,12.962962962962964,1237.111111111111,7586.481481481482,293.72989711934156,0.23136831275720163,4.333333333333333,0.16049382716049382,0.38467021043214317,7.173092156222281,0.05734561308687467,4.074719799326423,0.06490384615384616,999.7229080932784,3.6359956873768686,0.02886265813484818,2.9487937696171596,0.028882279995811354,0.24059487307644256,0.5464569023970095,31.503199902292813,31.0,420.5,17.215141034200705,80.79946193456507,0.1921509201773248,416.0,1.1115283310132464,0.8996621787304517,0.32664676447097396,37.910452449666884,0.5464569023970095,17.215141034200705,31.503199902292813,31.0,20.0,31.0,31.0,420.5,17.215141034200705,1.1115283310132464,0.8996621787304517,80.79946193456507,0.1921509201773248,416.0
"training_set_primary_roi_006.tif","940ec1ad-5481-4270-92a0-fc65312fdd77","Annotation","nuclei_stroma",976.9844360351562,751.0149536132812,266.0,,,91.5,121.0,3004611.0,1.320348822077951,17.0,4.593875474577058,160.0,105.4624060150376,10.23927299451638,104.0,81.0,79.0,6.996451321386849,106.28043128999792,1.021999280593946,13.160964733154334,3004611.0,0.4504776980044096,173.2109927073321,2.8879023307436182,3.2935180446003516,0.4019057058812027,1.0489344063384995,0.3851276359600443,0.46288567077229925,0.3451720310765815,1.0165825523635255,0.2659839049225117,0.8337957824639292,0.8314095449500558,0.9781210419794998,0.9322657364832728,-0.14639068878807693,0.5552940686988665,0.3128314218769268,1.6498335183129857,0.2580521581027863,2.334109755125442,0.38401775804661487,3.299667036625971,1.9165746261548333,0.3585155105746359,4.002431045440645,36.721804511278194,0.13805189665894058,4.576742608400702,119.82706766917293,0.3952173667250834,3.308270676691729,35.53383458646616,100.33082706766918,19.75060045948204,0.5214860066833751,0.09155972473227664,0.6065643334053198,0.02652399538031587,183.01312910284463,0.4004663656517388,0.5264377612533457,3.9452954048140043,8.730853391684901,25.286652078774615,4.869985412107951,0.4712496960855823,3.6102376777090512,127.53391684901531,0.2790676517483924,0.42951127819548873,3.3102097687803145,0.5212016080007359,2.5827527092921323,0.1984618052310381,6.809523809523809,0.3242630385487528,0.7120181405895691,7.571428571428571,790.0952380952381,1978.0,495.84887566137564,0.23511904761904762,7.380952380952381,0.35147392290249435,0.5966494540663377,5.623176685000159,0.08048648819061317,3.2009102795095274,0.07894736842105263,629.6507936507936,4.614377850249231,0.03209683061035549,2.2016952908256875,0.020434185897002872,0.2205004692468664,0.1366735482509159,51.38158665598317,51.62363799656123,267.5,7.022503763035133,108.81853642016198,0.4067982669912597,266.0,1.876878049944948,0.5327996669945241,0.1329518942286979,6.280457842757168,0.1366735482509159,7.022503763035133,51.38158665598317,48.0,19.0,51.62363799656123,51.62363799656123,267.5,7.022503763035133,1.876878049944948,0.5327996669945241,108.81853642016198,0.4067982669912597,266.0
"training_set_primary_roi_006.tif","2c34f7d6-0e8b-4a11-936a-23f6f563a70e","Annotation","nuclei_histiocyte",300.1687316894531,761.2225952148438,801.0,,,81.0,144.0,1.0245917E7,2.033665206913425,39.0,2.536846524597638,186.0,110.27840199750312,20.72044152050871,110.0,51.0,135.0,15.585974392273494,113.09910252190741,0.28699666440528415,25.101415181977718,1.0245917E7,0.274798511847706,630.0810441380214,9.37241379310345,34.87760559970222,2.286631038669762,3.7733597569031585,0.2712643678160919,0.8658642388259399,0.26535303776683083,0.8537119905980761,0.20085213316400674,0.8683087027914619,0.8679146141215112,0.9926924954511162,0.9621979826413327,-0.47960910900062087,0.9249111803049253,0.26018062397372743,2.9149425287356316,0.16549939198826577,3.06577351079646,0.26699507389162563,5.829885057471264,2.7787566694735624,1.0111560311798122,4.67940829566474,132.81273408239701,0.16580865678201873,3.9037563844196006,220.1136079900125,1.029839417332579,9.725343320848939,47.56928838951311,435.1810237203496,8.849399361908725,0.18146622277708419,0.04284454797778916,0.5504541444242189,0.006965734013845286,253.0438413361169,0.2641376214364477,1.1359913877641745,10.68267223382046,19.006263048016702,161.95198329853864,3.6180555555555554,0.17498173277661805,4.935678684668858,170.8079331941545,0.17829638120475416,0.2990012484394507,7.820799246865209,0.3902759953864948,4.454234883817381,0.06733464970139527,3.8,0.19,2.3099999999999996,16.0,7369.25,60319.4,1259.9341666666667,0.18308333333333335,3.9,0.195,0.4296115829677408,9.025006989424803,0.04465134064186122,3.8841837197791893,0.024968789013732832,5765.2474999999995,2.9833284574671506,0.02156216342167601,3.2405791045949086,0.015397081909873128,0.28392875838281,0.7301472716045876,37.531262336769615,40.311288741492746,805.0,27.403348795068357,105.95319696684162,0.13161887821967902,801.0,1.0534433675753656,0.9492679253386231,0.4164375147077734,61.61719698867392,0.7301472716045876,27.403348795068357,37.531262336769615,35.0,31.0,40.311288741492746,40.311288741492746,805.0,27.403348795068357,1.0534433675753656,0.9492679253386231,105.95319696684162,0.13161887821967902,801.0
"training_set_primary_roi_006.tif","357dd384-4369-4cf9-b4e5-049c84911354","Annotation","nuclei_lymphocyte",422.7669372558594,753.4921875,257.0,,,33.0,78.4,809476.0,1.5320757153973115,25.0,5.091289828162664,127.0,52.33463035019455,15.877000408787385,46.0,27.0,100.0,11.052299936988017,56.12229558969242,1.381028215283644,20.26816539219336,809476.0,0.4128904298323972,410.7985283653046,2.7985074626865667,22.653106097608706,4.445592443607156,2.0815280890703356,0.35394456289978676,0.7093421988430286,0.2622601279317698,0.9144077854398074,0.2851641881969986,0.8817519545131489,0.8780383795309172,0.9874397044933816,0.9583016042237793,-0.359143270699565,0.7971237389771039,0.20469083155650328,1.5383795309168442,0.3290912934565673,2.304898811761902,0.5277185501066098,3.0767590618336884,1.988408686489359,0.6088681629925305,3.599709037611556,51.1011673151751,0.1988372269072961,5.029114748141532,106.11284046692607,0.7300337628124575,3.4007782101167314,49.249027237354085,101.7431906614786,39.340055123216594,0.6410516645049721,0.040922046149487315,0.2734436189809546,0.015356730493033072,98.89403973509934,0.327463707732117,0.9803955966843557,5.814569536423841,22.721854304635762,44.52317880794702,18.964893303899927,0.3757100809418691,4.114706280406449,71.66887417218543,0.23731415288803123,0.29377431906614787,11.134818648304897,0.4973720233742616,3.99988627235936,0.100927297282022,2.0,0.25,1.359375,9.625,2960.125,4632.75,2598.1989236111112,0.24197916666666666,1.0,0.125,0.02946540224769596,0.4243040917151623,0.0025040843151957247,3.0,0.0311284046692607,1928.109375,2.806677145185703,0.05597026534282176,2.572448057275432,0.017232624846748208,0.7574869642284333,0.6651471390776581,22.274813149831868,21.93171219946131,256.0,14.816028240100065,60.34102398444981,0.23570712493925708,257.0,1.0638680372697475,0.939966203483606,0.30813853622717835,33.736053482777336,0.6651471390776581,14.816028240100065,22.274813149831868,21.0,15.0,21.93171219946131,21.93171219946131,256.0,14.816028240100065,1.0638680372697475,0.939966203483606,60.34102398444981,0.23570712493925708,257.0
"training_set_primary_roi_006.tif","faae6d6f-9197-42fe-a8c9-769aca78a54b","Annotation","nuclei_stroma",702.8206176757812,758.9465942382812,132.0,,,77.1,106.0,1109504.0,1.1311746400687919,15.25,5.051898365935345,140.0,90.68181818181819,10.117768595041323,88.5,69.0,71.0,6.513015873015875,91.68060500091245,1.2894407780522184,13.495969197245628,1109504.0,0.5924012855831038,182.1411845730028,4.624444444444445,3.402520401572933,0.692586096021949,0.8102172839506173,0.3088888888888888,0.44797214708387206,0.29111111111111104,0.9154248162773388,0.22414320987654313,0.8574074074074073,0.8562222222222224,0.9821437908496733,0.9423703703703705,-0.13737718851689168,0.5070963552785589,0.2755555555555555,2.121111111111111,0.4244271604938271,2.0151713097165196,0.6355555555555555,4.242222222222221,1.680338079838783,0.27977654320987655,3.6250800594952093,17.21212121212121,0.13039485766758493,5.246326905417815,78.1969696969697,0.31559917355371897,4.9772727272727275,39.984848484848484,169.82575757575756,10.237689393939394,0.26767676767676774,0.07595188348908587,0.5962128369866466,0.022799874632091897,78.55121951219512,0.38317668054729326,0.585461035098156,5.931707317073171,12.107317073170732,52.57560975609756,3.0935636856368562,0.2818089430894309,3.707561311212673,58.25853658536585,0.2841879833432481,0.38825757575757575,5.473551457465794,0.5438766773628456,3.7828915332996207,0.15628966768458377,3.1818181818181817,0.2892561983471074,1.322314049586777,8.272727272727273,912.0,3735.0,227.48106060606062,0.35290404040404044,2.272727272727273,0.2066115702479339,0.4290573001163169,4.35510568722637,0.14197356403319003,3.2776134368191165,0.08333333333333333,768.0,1.5254080805742072,0.07012497652065518,1.5579570741121491,0.014083556187943432,0.380686411405894,0.42831113848546415,21.129735752738576,20.591260281974,131.0,9.050101176152474,51.495148501063724,0.3930927366493414,132.0,1.2691873506539129,0.7879057410119777,0.2000077788825677,14.2133359117768,0.42831113848546415,9.050101176152474,21.129735752738576,13.0,19.0,20.591260281974,20.591260281974,131.0,9.050101176152474,1.2691873506539129,0.7879057410119777,51.495148501063724,0.3930927366493414,132.0
"training_set_primary_roi_006.tif","88404803-43b8-4715-9b05-432690d6b951","Annotation","nuclei_endothelium",640.651123046875,759.9176025390625,310.0,,,65.0,112.0,2494542.0,1.6657447292532785,29.0,2.263102157530765,136.0,87.87096774193549,15.112174817898032,88.0,55.0,81.0,11.640337616528086,89.70456887706085,0.22421539896868736,18.04446467798612,2494542.0,0.3371279916753382,325.6027055150887,4.063548102383054,8.678372723108813,0.6781371021876567,1.9881980760137388,0.33274492497793473,0.7132674737503142,0.32391879964695497,0.9374292241812247,0.22782153621321047,0.839511621065019,0.8389232127096204,0.9805825242718443,0.9355104442483082,-0.3210189564920112,0.8014387960073984,0.3161959399823477,1.910414827890556,0.19508775100511103,2.688491955272267,0.30450132391879964,3.8208296557811123,2.3373680609515777,0.5802357502479183,4.1564055964211875,44.883870967741935,0.14478668054110302,4.250946930280957,104.50967741935484,0.6354734651404785,4.622580645161291,39.94193548387097,137.79032258064515,21.929099462365592,0.433848566308244,0.05464991384845457,0.43608397794601705,0.013888467768462757,158.66737739872067,0.3383099731316006,0.6462418337796245,6.0575692963752665,11.893390191897655,40.49040511727079,6.77697820421701,0.3072287372660507,3.9035282233801154,113.49466950959489,0.24199289874114047,0.3782258064516129,4.9030600879246755,0.48082613879164976,3.7031528493982258,0.09726555606222007,5.153846153846154,0.39644970414201186,0.6863905325443788,10.153846153846153,2139.6923076923076,7150.538461538462,1008.2601495726497,0.1752136752136752,2.076923076923077,0.15976331360946747,0.2982292260333132,3.955336429664408,0.024316313004440863,3.238901256602631,0.041935483870967745,1571.0532544378702,5.179840900271633,0.03483550524592743,1.6879247007676212,0.031263635017888834,0.18697641391848233,0.48131048524676445,28.83746107206647,29.120439557122072,311.5,13.879772381880993,71.16068273132632,0.22844520941035737,310.0,1.1373814702850913,0.879212494774813,0.2927675614896739,30.45426742224312,0.48131048524676445,13.879772381880993,28.83746107206647,28.0,16.0,29.120439557122072,29.120439557122072,311.5,13.879772381880993,1.1373814702850913,0.879212494774813,71.16068273132632,0.22844520941035737,310.0
"training_set_primary_roi_006.tif","ca9f1405-7539-4dc6-904b-80d99de1626d","Annotation","nuclei_histiocyte",143.9127197265625,766.2745361328125,265.0,,,70.80000000000001,134.0,3021799.0,2.0379799527369666,34.0,3.0157409563688855,188.0,103.93584905660377,19.877166251334998,106.0,49.0,139.0,14.14951940192239,106.78490105974544,0.0646988475331267,24.5021300139906,3021799.0,0.2847846208615166,600.3543752224991,13.806217616580307,31.033256166362477,-0.2514084859808469,3.245396118016591,0.5492227979274611,0.7105254519130965,0.4601036269430051,1.1780227326712873,0.33752745040135307,0.7837651122625219,0.7788601036269432,0.9892639250811588,0.9436902705814626,-0.27907506207004573,0.8177160974510688,0.3919113413932066,3.623834196891192,0.14162688931246475,3.405802906838357,0.29740932642487045,7.247668393782384,2.7940340377985855,0.948654728986013,4.6510573013369445,35.8,0.1350943396226415,4.3110003559985755,75.4679245283019,1.0266429334282665,14.369811320754717,31.626415094339624,425.90188679245284,3.065852992769435,0.10022949557181364,0.09935941696734599,1.9059385853572735,0.010975113232273657,120.08,0.24016,1.346496,15.424,7.196,99.644,0.6888881632653059,0.1021507142857143,4.155009668035492,165.292,0.330584,0.4716981132075472,2.7016,0.5880744734189973,9.918903717561097,0.06005183954947719,5.538461538461538,0.21301775147928995,2.0902366863905324,21.653846153846153,655.6538461538462,8840.153846153846,56.94444313622884,0.10437467294610153,6.923076923076923,0.26627218934911245,0.5000626866794086,11.477866112302726,0.06297428316939438,3.8542858719872464,0.09811320754716982,551.7707100591716,0.8489654195011337,0.04175289377002184,7.498512495702771,0.018340596272686548,0.7248319600183462,0.6064233435538933,23.69581742042148,25.059928172283335,263.5,14.369696828334586,62.52387527796857,0.23728225911942533,265.0,1.0865523271598185,0.9203422375560494,0.3007023700296965,32.12742720992998,0.6064233435538933,14.369696828334586,23.69581742042148,22.0,19.0,25.059928172283335,25.059928172283335,263.5,14.369696828334586,1.0865523271598185,0.9203422375560494,62.52387527796857,0.23728225911942533,265.0
"training_set_primary_roi_006.tif","a24842c2-5fb3-4b73-9fac-2a4ce852ca23","Annotation","nuclei_lymphocyte",85.81983947753906,769.0,441.0,,,62.0,115.0,3745291.0,1.9579359371301281,27.0,6.648663460634395,200.0,88.85034013605443,17.727119872892413,87.0,39.0,161.0,11.254524561907502,92.15597298064337,1.3659405880620605,24.460997807050024,3745291.0,0.3276464024763344,598.3404137165061,9.780473013947844,53.04459975722742,5.039216289386908,3.058810290228639,0.602183141297756,0.6710274669645143,0.469981807155852,1.2176483113420913,0.38130024224027576,0.7839498686072366,0.7780580030678128,0.9910110006207119,0.9491702960471908,-0.23806692821283254,0.7691689861409408,0.3823108281113132,3.0275924802910854,0.16645477844410914,3.3140172147335227,0.3389933292904791,6.05518496058217,2.7108092550027143,0.9152483578815985,4.6280619093033595,58.0702947845805,0.13167867298090816,4.268684344486093,144.4920634920635,1.0681660419269747,10.564625850340136,33.07709750566893,291.33560090702946,4.942263746201429,0.15203552339303067,0.086326153897353,1.5617471433227694,0.010449273614437463,202.30087390761548,0.252560391894651,1.578504397592897,12.392009987515605,8.297128589263421,77.00124843945069,1.19607852004722,0.15245282965454182,4.281008373501894,256.1136079900125,0.3197423320724251,0.45408163265306123,3.4472358989465417,0.5766391935108913,8.437554953827066,0.08306034150904866,7.157894736842105,0.1883656509695291,2.831024930747922,19.68421052631579,1284.4473684210527,11461.078947368422,157.86502360812744,0.15318120449934358,7.421052631578948,0.19529085872576177,0.43301850135866427,10.936941437171809,0.03405106595974318,4.395128251428674,0.08616780045351474,1149.7652354570641,1.3893801156826378,0.024248108341207875,10.755054479019172,0.014171403252343534,0.8135621373031444,0.7996594126977506,26.52435297282193,27.294688127912362,438.5,21.21044852043462,76.25607256353022,0.1739021039077086,441.0,1.0272702311911954,0.973453692744923,0.37152069497315615,49.04201062337175,0.7996594126977506,21.21044852043462,26.52435297282193,27.0,21.0,27.294688127912362,27.294688127912362,438.5,21.21044852043462,1.0272702311911954,0.973453692744923,76.25607256353022,0.1739021039077086,441.0
"training_set_primary_roi_006.tif","912f7063-bb7c-47a4-b8a0-bba7a270c0ac","Annotation","nuclei_lymphocyte",178.83485412597656,768.3211669921875,332.0,,,74.0,122.0,3368371.0,1.7403943985068338,21.0,3.6483381080273283,161.0,98.85843373493977,14.48062128030192,99.0,55.0,106.0,9.244700096104912,100.72584466328655,0.30003971741585916,19.30559148555295,3368371.0,0.34859921614167516,372.70586260705454,6.400654129190515,14.138408436240104,0.11681392625635306,2.1163365823621794,0.3581357318070318,0.7105356727927074,0.3401471790678659,0.9756894590775312,0.24243562837920507,0.8329245025892614,0.8317252657399837,0.9863686937586618,0.9437371023634312,-0.30979798307347056,0.803897154785115,0.3244071954210956,2.44153720359771,0.19492735649305457,2.8347530065561135,0.29599345870809485,4.883074407195421,2.4538488045083207,0.6186180785423029,4.434523274954349,46.83132530120482,0.14105820873856872,4.271882711569168,115.73493975903614,0.6773842357381332,6.837349397590361,39.40963855421687,239.48192771084337,10.713322456492637,0.2563127510040161,0.06116352978049765,0.6514120171160833,0.013025731740369558,153.50196078431372,0.3009842368319877,0.8838485198000768,7.8803921568627455,10.949019607843137,67.94509803921568,2.8114422657952067,0.2368453159041395,4.2336273554693085,124.28627450980392,0.24369857747020376,0.38403614457831325,4.168612072279893,0.48581917394546836,4.621686127833442,0.09609605063889255,5.125,0.3203125,1.8125,12.375,2183.125,14623.75,415.76515625,0.2619444444444444,3.0,0.1875,0.40455886513641487,6.106407720988437,0.08375850082458257,3.5,0.04819277108433735,1752.5625,2.3071980154797305,0.03565349071939177,2.6650750851092626,0.018748542164427357,0.3205754562011324,0.6956847827030483,24.944334971990664,27.202941017470888,329.0,17.353394254661374,70.9819639973503,0.21575065044787328,332.0,1.1039391379833785,0.9058470395630239,0.3103837272928673,34.22946682401832,0.6956847827030483,17.353394254661374,24.944334971990664,26.0,18.0,27.202941017470888,27.202941017470888,329.0,17.353394254661374,1.1039391379833785,0.9058470395630239,70.9819639973503,0.21575065044787328,332.0
"training_set_primary_roi_006.tif","39a652ca-7182-40d5-9a14-c76384608897","Annotation","nuclei_lymphocyte",222.3522491455078,771.4939575195312,414.0,,,52.0,90.0,2168730.0,1.4374386417054563,16.75,12.025304116532089,196.0,69.47826086956522,13.186935517748307,66.0,42.0,154.0,7.213014816618413,72.37733250728135,2.5388583656969366,20.279288138645498,2168730.0,0.508529954024598,411.2495274102079,5.374999999999998,38.01680744798098,5.722173337583193,1.8769259982638895,0.3932291666666667,0.6535662647723065,0.32552083333333337,1.0134380392928084,0.2872653537326389,0.8470269097222224,0.8439185049019609,0.9923630235181754,0.9601980087331653,-0.23181142137041438,0.6816770909130662,0.27977159288194436,2.2369791666666665,0.36249817742241747,2.383265796210984,0.58203125,4.473958333333334,2.0125930014851607,0.5675387912326391,3.8105326045688517,57.68115942028985,0.13932647202968565,5.384769772923522,210.53140096618358,0.7015858013022473,5.978260869565218,43.98067632850242,198.83333333333334,11.202241995026677,0.2600935784941996,0.06243362889081199,0.7796569994297594,0.014385589112809594,167.68284228769497,0.2906115117637694,1.3966040807499494,8.336221837088388,17.2790294627383,79.32409012131716,4.3655641621177645,0.2632321767528502,4.3050575425930315,160.8058925476603,0.2786930546753212,0.34842995169082125,9.042029982368609,0.539212286710384,5.8470356223560636,0.13422634037929326,4.68,0.1872,2.9663999999999993,15.64,3315.04,13796.12,819.5974385487528,0.26061632653061223,4.6,0.184,0.3299804518883087,6.966165737069486,0.05935455450331929,4.023465189601646,0.06038647342995169,3040.8064,1.8431948367859388,0.026437147384968072,6.70360850152114,0.009142569030341647,0.9393281649969093,0.5707521088658225,30.5843704260054,30.805843601498726,414.0,17.456093918976073,80.15384427197694,0.19360831949752882,414.0,1.1112691393683436,0.8998720153143188,0.3254909141763782,37.64263237461602,0.5707521088658225,17.456093918976073,30.5843704260054,25.0,27.0,30.805843601498726,30.805843601498726,414.0,17.456093918976073,1.1112691393683436,0.8998720153143188,80.15384427197694,0.19360831949752882,414.0
"training_set_primary_roi_006.tif","80f5a8c5-1997-47a6-8fd4-814c026c2155","Annotation","nuclei_lymphocyte",201.71133422851562,772.0346069335938,296.0,,,57.0,96.0,1777760.0,1.4560731169760008,19.0,3.913559624131947,134.0,75.97972972972973,11.654583637691752,75.0,48.0,86.0,8.045216684448512,77.49803833611497,0.713545638431864,15.265209338334348,1777760.0,0.41738951789627465,233.02661614317017,6.527138914443424,5.457510316218496,0.5107435278102412,1.2802502435321168,0.35602575896964117,0.5648341008175868,0.33578656853725847,0.975488916743621,0.24327313935961417,0.8354799141367679,0.834130634774609,0.9864677561438657,0.9445174573969422,-0.20171536745964422,0.6541571937570972,0.31807727690892357,2.50919963201472,0.24258337854158324,2.489410559483205,0.35418583256669733,5.018399264029438,2.103246706825892,0.4090690006254395,4.013972740997082,43.182432432432435,0.14588659605551496,4.018033235938641,123.54729729729729,0.4553392074506939,7.030405405405405,39.4527027027027,246.03716216216216,7.773181306306307,0.1929786036036036,0.04938101739069001,0.4605160677258892,0.008517773918216214,161.2128603104213,0.3574564530164552,0.6260637853304555,8.03991130820399,11.53880266075388,72.57206208425721,2.289627987188963,0.1874587336782459,3.9487580982062194,107.12860310421286,0.23753570533084892,0.38091216216216217,4.6467224841569115,0.46246339211787757,4.388735441253589,0.08285582300536345,4.0,0.2857142857142857,1.0255102040816326,11.357142857142858,1779.0,9881.785714285714,371.11261904761903,0.17200396825396827,1.5714285714285714,0.11224489795918367,0.1344833365427388,1.7505721719012042,0.013327221089673854,3.521640636343319,0.0472972972972973,1331.9795918367347,2.463735890229412,0.028825035489317842,3.283572836676048,0.014374207582051329,0.283093224322155,0.7568452118079512,22.45822931645337,23.345235059857504,298.5,16.99740332384269,65.0553338424973,0.2179408168927883,296.0,1.0621988089891101,0.941443345197963,0.3209556566891533,36.60094636555313,0.7568452118079512,16.99740332384269,22.45822931645337,20.0,19.0,23.345235059857504,23.345235059857504,298.5,16.99740332384269,1.0621988089891101,0.941443345197963,65.0553338424973,0.2179408168927883,296.0
"training_set_primary_roi_006.tif","cbe5079c-7b75-47c7-a7c8-c1475a939fdd","Annotation","nuclei_lymphocyte",237.04574584960938,773.7320556640625,124.0,,,61.0,104.4,787962.0,1.3591652083231405,22.75,2.985192173395799,121.0,77.93548387096774,13.758584807492197,72.5,55.0,66.0,9.540800000000011,79.71532009635611,0.9593566006119484,16.750898837454756,787962.0,0.43223204994797093,280.59261186264314,2.571428571428571,7.396221735423984,2.0752852256531993,1.5782082864363225,0.22350230414746544,0.7518998830161213,0.22350230414746544,0.7665112394711208,0.1735490241882393,0.8882488479262671,0.8882488479262671,0.9776497695852533,0.9441244239631337,-0.37246876209792085,0.7857432007120209,0.22350230414746544,1.4942396313364052,0.32884272335364934,2.099025670351463,0.5253456221198156,2.988479262672811,1.8755233662039976,0.450427647645947,3.7009654174448525,21.677419354838708,0.17481789802289283,4.52003121748179,53.596774193548384,0.4887486992715922,2.911290322580645,45.935483870967744,100.28225806451613,36.103270609319,0.6565860215053764,0.0443752235063679,0.17784985350173524,0.019502931997171635,59.9559748427673,0.3770816027847,0.49657845813061197,3.9622641509433962,15.924528301886792,33.83647798742138,12.592592592592592,0.46907756813417195,3.840737070026128,32.58490566037736,0.204936513587279,0.32056451612903225,6.193267671373759,0.44065664822641604,2.123922560461331,0.1315413892064325,1.5,0.375,0.5,4.5,1642.5,3176.25,1321.5625,0.4027777777777778,1.0,0.25,0.25133526171318016,1.0107435411837864,0.06271775974676318,2.0,0.03225806451612903,681.5,8.709866522366523,0.10785399948226766,0.584337938588674,0.03246593942911363,0.3283152049755466,0.8099632973134024,14.101622914965612,15.132745950421556,127.5,11.42179699367578,42.47565566953139,0.3331423974080894,124.0,1.0611580356463055,0.9423667035522595,0.2598514299961841,23.99122746867011,0.8099632973134024,11.42179699367578,14.101622914965612,12.0,15.0,15.132745950421556,15.132745950421556,127.5,11.42179699367578,1.0611580356463055,0.9423667035522595,42.47565566953139,0.3331423974080894,124.0
"training_set_primary_roi_006.tif","f4ecf236-f90f-4480-97ee-7437bfa40f9b","Annotation","nuclei_melanophage",472.76336669921875,780.4998168945312,502.0,,,37.0,98.0,2648207.0,1.936881327550239,30.0,3.641064183644385,156.0,68.31274900398407,19.075967048142097,66.0,25.0,131.0,12.884888736398343,72.6313482526931,0.6863242653595727,24.67146271550711,2648207.0,0.29922540912049017,608.6810725226575,5.641711229946525,34.092493250243855,3.444183884794528,3.244865166290143,0.2882352941176471,0.8368371930842979,0.2668449197860962,0.8849885464632666,0.21702908290199888,0.8701426024955435,0.8687165775401067,0.9922965746495158,0.9622612681436212,-0.4629005095552442,0.9083226904726476,0.24812834224598926,2.214171122994652,0.19529054305241778,2.89431246680769,0.33636363636363636,4.428342245989305,2.5817067174531605,0.8832751151019477,4.355355677632043,89.89641434262948,0.17907652259487944,4.985301820606024,150.21115537848607,0.9673536927985268,6.133466135458168,47.78087649402391,218.28486055776892,20.651132138114207,0.35859893758300143,0.04623393331436161,0.503128126822516,0.01056134422201733,160.4878444084279,0.26010995852257357,1.2189004673105874,8.774716369529983,20.80064829821718,92.53484602917342,8.969809112191607,0.24379794705564556,4.645525620046288,137.94651539708266,0.22357619999527173,0.30727091633466136,10.209157606340085,0.47357529386626074,5.370127276037591,0.07783391657695983,3.888888888888889,0.21604938271604937,2.015432098765432,13.5,3474.1111111111113,17169.5,1215.9625308641976,0.20805555555555555,2.3333333333333335,0.12962962962962962,0.23785739072470313,4.768622188634497,0.02708191987021565,4.058813890331201,0.035856573705179286,2696.320987654321,2.5908543964995583,0.03156703750898883,3.717529969961064,0.015414312787891625,0.5390362470387527,0.4426918685869834,38.48098852260772,37.73592452822641,501.5,17.035220714147474,93.47790545018192,0.18639662103725207,502.0,1.17752075824853,0.8492419288534852,0.31306357624963477,34.82309200341063,0.4426918685869834,17.035220714147474,38.48098852260772,33.0,28.0,37.73592452822641,37.73592452822641,501.5,17.035220714147474,1.17752075824853,0.8492419288534852,93.47790545018192,0.18639662103725207,502.0
"training_set_primary_roi_006.tif","d130eaad-911f-441c-a654-855f45afbbb2","Annotation","nuclei_lymphocyte",102.46366119384766,783.2421264648438,333.0,,,44.0,105.80000000000001,1612693.0,1.9101854322298684,25.0,5.3534682908659015,166.0,64.993993993994,18.988952916880883,55.0,37.0,129.0,11.539359861591675,69.5911051925598,1.639326797679219,24.873734472945394,1612693.0,0.3238463688914139,618.7026666305921,4.635322976287818,45.76497416421601,6.828095187642559,3.126734856381069,0.5723630417007358,0.6905391219856393,0.44644317252657395,1.2057859504594057,0.3730515354051436,0.7959253202507495,0.7893704006541288,0.98518043800137,0.9383833664291551,-0.2533424468601549,0.7713850884786219,0.35363859362224037,1.999182338511856,0.18272494549480553,3.1161359177163455,0.3336058871627146,3.9983646770237113,2.550192073523742,0.924774474520451,4.449517943985231,42.171171171171174,0.1266401536671807,4.970069168267368,107.84084084084084,1.120706291877463,5.615615615615615,34.93993993993994,119.87987987987988,18.059263430096763,0.4254796463129795,0.08336993077733817,1.0977967087457827,0.018248335968243375,142.62862010221465,0.2429789098845224,1.5300970197551147,7.9386712095400345,8.439522998296422,33.40374787052811,4.2372761688434615,0.33519212568616313,4.135842510424618,179.3884156729131,0.30560207099303766,0.44069069069069067,3.290412080018807,0.5628959529877323,6.033563065937211,0.13251949077976521,6.428571428571429,0.22959183673469388,1.860969387755102,15.392857142857142,1084.3214285714287,3929.4285714285716,417.5879662698413,0.17716269841269838,4.928571428571429,0.1760204081632653,0.3697656465073808,8.010826917925602,0.021476754670717878,4.080050351464736,0.08408408408408409,942.8813775510205,3.109366123642441,0.0313145564661167,5.874708988067222,0.0266081603681316,0.601193857834224,0.6308762426075896,26.51414951970924,26.40075756488817,332.5,16.72714702492999,72.25284942845124,0.21730180279233458,333.0,1.1177745628332711,0.8946347799016442,0.3054458611961678,33.1490232116062,0.6308762426075896,16.72714702492999,26.51414951970924,22.0,23.0,26.40075756488817,26.40075756488817,332.5,16.72714702492999,1.1177745628332711,0.8946347799016442,72.25284942845124,0.21730180279233458,333.0
"training_set_primary_roi_006.tif","ca582445-33cd-4967-8afd-faa5c8256654","Annotation","nuclei_lymphocyte",528.5677490234375,778.3089599609375,233.0,,,42.0,99.0,1091070.0,1.9202905387099125,31.0,4.0466664621154615,143.0,64.29184549356223,18.553150730350513,57.0,37.0,106.0,12.992243767313008,68.43028468931679,1.2308033680653558,23.436349239863834,1091070.0,0.29801617270533626,549.2624656928662,4.71021377672209,42.647696637053144,6.185797667416377,3.4810794342166873,0.3752969121140141,0.8053629218677764,0.35154394299287406,0.9987889320284882,0.2517137682590371,0.8281868566904196,0.826603325415677,0.9857545190496292,0.9419748897183573,-0.3680362284814864,0.8630456074575454,0.33076009501187636,1.9833729216152018,0.17312867790183986,3.0283577474429273,0.2921615201900237,3.9667458432304046,2.6206152672397907,0.9640940865826755,4.446350138320601,33.257510729613735,0.14273609755199027,4.690747665272893,69.43776824034335,1.037595092928586,5.334763948497854,38.012875536480685,136.45064377682402,22.821128993800667,0.45635312350977597,0.05615373016954356,0.4810562559946885,0.015006215520216104,102.38829787234043,0.2723093028519692,1.1051875848800365,7.183510638297872,10.840425531914894,39.765957446808514,6.569203605200946,0.31287677304964534,4.066350855147157,107.81382978723404,0.28673890900860116,0.4034334763948498,4.696355817111814,0.5417183906294066,4.8235241283648085,0.10959189679655038,2.8,0.28,1.1600000000000001,11.4,1525.5,5062.3,819.3433055555555,0.19219444444444445,1.4,0.14,0.1339531637544923,1.9836134264196197,0.009606787667079824,3.121928094887362,0.04291845493562232,982.6100000000002,2.869482793117246,0.0568622563264054,2.8481153321470525,0.029292499113364033,0.5924415236634064,0.4866121636867334,24.889315267680068,23.769728648009426,232.5,12.111443555087044,61.08153743461713,0.262716290041364,233.0,1.1300393045088655,0.8849249720872472,0.274778710538988,26.826771400063826,0.4866121636867334,12.111443555087044,24.889315267680068,23.0,11.0,23.769728648009426,23.769728648009426,232.5,12.111443555087044,1.1300393045088655,0.8849249720872472,61.08153743461713,0.262716290041364,233.0
"training_set_primary_roi_006.tif","fe986cea-f6d0-4f58-9a2a-d43da166f00b","Annotation","nuclei_lymphocyte",554.28759765625,784.2178344726562,379.0,,,46.0,114.0,2357945.0,2.170648911627332,39.5,3.911661443006151,183.0,73.60686015831135,22.735430691794075,65.0,40.0,143.0,16.37818787645779,78.87642718310397,1.1615002618158756,28.346444270954006,2357945.0,0.25759358400456694,803.5209028063013,6.35285714285714,79.69824642478969,9.445162075801756,4.711110204081634,0.4071428571428571,0.8409055385606695,0.3785714285714285,1.033132604676005,0.2638265306122448,0.8154761904761904,0.8135714285714285,0.9919218328840969,0.953075396825397,-0.4126006609434718,0.9054856227868453,0.3535714285714285,2.2971428571428567,0.14868571428571442,3.297650294500278,0.28285714285714286,4.594285714285715,2.881379331120165,1.2795632653061226,4.587756507528571,51.0,0.1345646437994723,4.628246809754875,97.62796833773088,1.4616439595937094,7.2902374670184695,37.07915567282322,163.1688654353562,17.970961205942363,0.36208404381981457,0.06836147981620089,1.103600918746273,0.011859496358154323,136.19488817891374,0.21756371913564496,1.7345614429054093,10.477635782747603,10.351437699680512,50.34185303514377,4.940049643925728,0.24239256192359804,4.347885243845211,176.3258785942492,0.28167073257867287,0.4129287598944591,4.486684563484367,0.533774809957749,7.533333407277364,0.07474260595168687,3.6315789473684212,0.19113573407202217,2.337950138504155,21.42105263157895,1827.5263157894738,8151.0,720.4498168039145,0.1164980904642559,3.4210526315789473,0.18005540166204986,0.4132324695354347,11.397751175634562,0.020006223327514144,4.0374011976541135,0.05013192612137203,1429.628808864266,1.8790639466035093,0.037998524746306495,6.823374858921152,0.020759945879128078,0.9878337207367589,0.5466855912258114,30.10815720522744,29.5296461204668,382.5,16.459695722459436,76.46271835407745,0.19990253164464694,379.0,1.1028820844374279,0.9067152455469369,0.32276163186078294,37.01400261262433,0.5466855912258114,16.459695722459436,30.10815720522744,28.0,21.0,29.5296461204668,29.5296461204668,382.5,16.459695722459436,1.1028820844374279,0.9067152455469369,76.46271835407745,0.19990253164464694,379.0
"training_set_primary_roi_006.tif","59978ebb-b1f4-4c16-aebd-5f0cd2e41fa5","Annotation","nuclei_histiocyte",23.531024932861328,788.5100708007812,459.0,,,82.0,135.2,5586402.0,1.9173082783989421,25.0,3.716552147254552,182.0,108.21786492374727,16.414854685519867,106.0,59.0,123.0,10.915178055266514,110.32139619093088,0.6352945838507902,21.440712881383607,5586402.0,0.3187805260085153,459.70416886192896,8.449766355140188,26.31452271043983,1.663772564386513,2.7331194318281073,0.469626168224299,0.7067352660063824,0.4275700934579439,1.093249981116625,0.2868099834046641,0.7930782710280374,0.7904205607476635,0.9874889492296035,0.9396626056964842,-0.26617176233212053,0.7935666479424793,0.39215018172377986,2.8078271028037385,0.15544701638789413,3.2360350548268952,0.3008177570093458,5.615654205607478,2.7076844203701413,0.8006864000131018,4.706504887040306,61.56209150326797,0.13412220371082348,4.135085745748311,146.3202614379085,0.8725703789140927,9.030501089324618,33.54030501089325,273.1437908496732,6.103545146453643,0.18781287823771478,0.0695818433683487,0.8482915717727421,0.010786866239217836,221.9768574908648,0.27037376064660756,1.1450816790076568,9.94884287454324,8.43605359317905,70.37028014616321,1.504805792394099,0.18964271213966707,4.202713252919601,252.67113276492083,0.30776021043230306,0.4471677559912854,3.4350284329884984,0.5610418234888859,6.2172722150843835,0.10084559434191849,6.066666666666666,0.20222222222222222,1.7788888888888887,14.5,1458.7,11786.3,214.31799999999996,0.16077777777777774,3.933333333333333,0.13111111111111112,0.2899912075225096,4.869998474934054,0.02367978414943914,4.2817276788697365,0.06535947712418301,1224.61,2.5873449506867554,0.022541541893849656,5.110916006082511,0.020235201876500148,0.31593833337061367,0.6274928751917204,30.745050454585666,32.0624390837628,462.0,19.29230010766247,83.01385060053346,0.179683659308514,459.0,1.0894934893327666,0.917857710753669,0.34462057329464385,42.1972984292981,0.6274928751917204,19.29230010766247,30.745050454585666,32.0,20.0,32.0624390837628,32.0624390837628,462.0,19.29230010766247,1.0894934893327666,0.917857710753669,83.01385060053346,0.179683659308514,459.0
"training_set_primary_roi_006.tif","baa0f811-857f-4524-bf53-ae37379e5cee","Annotation","nuclei_histiocyte",437.22674560546875,787.66064453125,217.0,,,102.0,141.0,3251488.0,1.529258098099396,22.0,2.826812127506202,160.0,121.39170506912443,12.625921128076616,122.0,82.0,78.0,8.966899677614997,122.40839704939675,-0.1753071241748801,15.74387527305385,3251488.0,0.39344645246235854,247.8696086134765,6.23341836734694,5.756107217069157,-0.21117532590985327,1.4738373984797999,0.34311224489795916,0.6223205787254465,0.3303571428571428,0.9539064604823172,0.23397640306122447,0.8369472789115647,0.8360969387755104,0.9800420168067226,0.9343537414965987,-0.23856298948888138,0.7106498972018692,0.31919642857142855,2.439413265306122,0.22539274000416493,2.5962136117439614,0.3239795918367347,4.878826530612245,2.2209194871356908,0.45423741084443986,4.11579561845886,31.442396313364057,0.1448958355454565,3.797787168977893,85.3778801843318,0.4907727919471638,6.299539170506913,38.42857142857143,246.3179723502304,7.926235279057859,0.24747183819764468,0.04424242444033425,0.28498460563607586,0.013722074362922996,113.71005917159763,0.33642029340709356,0.6677024613984105,6.227810650887574,10.278106508875739,67.9171597633136,2.1269723865877714,0.29246794871794873,4.021526822403855,80.47928994082841,0.23810440810895978,0.38940092165898615,3.683239382374567,0.46750264498516253,2.9943771522211833,0.15830623517538164,2.25,0.28125,1.4375,6.5,1655.125,11595.875,285.8967013888889,0.4670138888888889,1.25,0.15625,0.02943160503580345,0.29027928265531244,0.013065344892874049,2.75,0.03686635944700461,919.359375,2.4895125958378967,0.04773584698131263,1.601132954048856,0.023155188745461068,0.2277525254261764,0.7015213452949252,20.015471139568607,21.633307652783937,220.5,14.041280240541917,57.382089998284336,0.2602362358198836,217.0,1.0901019922912283,0.9173453558213872,0.2861996603581946,29.10318193299402,0.7015213452949252,14.041280240541917,20.015471139568607,19.0,15.0,21.633307652783937,21.633307652783937,220.5,14.041280240541917,1.0901019922912283,0.9173453558213872,57.382089998284336,0.2602362358198836,217.0
"training_set_primary_roi_006.tif","28e59c81-cb5f-40bf-84f8-936fed37a8e0","Annotation","nuclei_histiocyte",503.8270263671875,792.0481567382812,213.0,,,77.0,139.8,2534485.0,2.015883259071424,30.0,2.964998487910854,173.0,106.38028169014085,19.14210143490049,103.0,64.0,109.0,13.119031141868517,109.08249451827108,0.5791751213081522,24.129365467308155,2534485.0,0.2819766801119707,582.2262778549233,7.734720416124836,27.322888253670435,2.156721174776813,3.083321355314266,0.5149544863459037,0.713777092693197,0.4785435630689206,1.10603691334173,0.2859505445912057,0.7667967056783702,0.7643693107932381,0.9804838003125074,0.9211096662332032,-0.2758373853347922,0.8094658821506009,0.4466840052015604,2.6631989596879064,0.1344660875505825,3.328133859894923,0.24317295188556567,5.326397919375813,2.7847791648491533,0.8995689604150429,4.18091815328701,31.666666666666668,0.1486697965571205,3.6231347395798883,60.06103286384977,1.0210936983402765,8.7981220657277,27.600938967136152,179.2112676056338,6.824709181011999,0.2139293166405842,0.07605999459425572,1.0130830692562192,0.01073415799355543,109.04118993135012,0.24952217375594993,1.1746723290167513,10.549199084668192,6.109839816933638,48.09153318077803,1.3103826595474188,0.18766209000762785,3.750443932475697,162.33638443935928,0.37147914059349946,0.5129107981220657,2.3086783718823476,0.6263507569101039,8.068272444179808,0.08940904672957808,4.466666666666667,0.29777777777777775,1.5822222222222222,14.066666666666666,751.1333333333333,5040.266666666666,142.5599074074074,0.20198148148148148,1.6666666666666667,0.1111111111111111,0.13187550754627483,2.621853161254556,0.011362032625037152,3.7735572622751845,0.07042253521126761,549.4933333333333,2.100729225953329,0.050494702458865115,3.1925186858773262,0.038083279445531526,0.3859092876782356,0.5725398525161438,21.77908558154514,22.090722034374522,211.0,12.469394446794327,55.87269761487139,0.26479951476242364,213.0,1.085059317347309,0.9216086014953936,0.28504147625606896,28.868110789443996,0.5725398525161438,12.469394446794327,21.77908558154514,12.0,22.0,22.090722034374522,22.090722034374522,211.0,12.469394446794327,1.085059317347309,0.9216086014953936,55.87269761487139,0.26479951476242364,213.0
"training_set_primary_roi_006.tif","8be71429-6093-420e-8b9a-3ce4f39ff7e9","Annotation","nuclei_lymphocyte",262.2784118652344,794.5917358398438,267.0,,,51.6,109.0,1556218.0,1.6715960499777045,28.0,4.438531644477565,167.0,72.95131086142322,17.79037439156111,65.0,44.0,123.0,12.462791495198887,76.34482192792116,1.3120904409527956,22.50862232136803,1556218.0,0.41003520879799127,506.63807880598716,6.348453608247422,28.392833941051688,4.9910647427939745,2.428407907322777,0.32268041237113404,0.7654161736203104,0.30412371134020616,0.9343697770842216,0.23018918057179294,0.8510309278350515,0.8497938144329897,0.9913541376427977,0.9568851251840942,-0.34472922540469636,0.8138624755159126,0.2878865979381443,2.412886597938144,0.3027250504835796,2.6068447671953954,0.522680412371134,4.825773195876288,2.2683690650770045,0.6877720799234776,4.023804796914974,38.61797752808989,0.14463661995539284,5.32180280267643,109.47940074906367,0.78923817138689,6.992509363295881,42.82022471910113,216.61048689138576,10.466172492717439,0.22837598834789846,0.06343936222012733,0.8330366319783566,0.01026945004797899,100.23958333333333,0.2610405815972222,1.1900770399305556,9.666666666666666,15.515625,79.22916666666667,3.7318460648148144,0.20546802662037042,4.288413817670779,106.27604166666667,0.2767605251736111,0.3595505617977528,7.7802734375,0.5363930674105454,6.5359964210735875,0.09273085637209577,2.857142857142857,0.20408163265306123,2.1020408163265305,14.857142857142858,2035.5,9777.785714285714,472.4910912698413,0.21293650793650795,2.5714285714285716,0.1836734693877551,0.40281928061613775,7.985009487917376,0.030008067588047267,3.6644977792004623,0.052434456928838954,1671.780612244898,1.3137587775745672,0.048182469512686364,3.9713004194287516,0.013523463035521557,0.8261803892675139,0.7607322770989531,21.800739190548523,22.47220505424423,267.0,16.584525966866366,65.4386835242948,0.24508870233818278,267.0,1.1297282556899515,0.8851686190581085,0.2845669731200917,28.77207839534328,0.7607322770989531,16.584525966866366,21.800739190548523,19.0,21.0,22.47220505424423,22.47220505424423,267.0,16.584525966866366,1.1297282556899515,0.8851686190581085,65.4386835242948,0.24508870233818278,267.0
"training_set_primary_roi_006.tif","19dc24be-3eca-42a8-8d16-b3ed31fc346e","Annotation","nuclei_lymphocyte",192.29879760742188,798.1364135742188,193.0,,,66.2,117.0,1667353.0,1.7811349135531156,29.0,2.9373082910493693,149.0,90.5958549222798,16.720663641976984,87.0,48.0,101.0,11.837578006409165,92.94694570036127,0.6057331184704561,20.773198740856905,1667353.0,0.33012966791054793,431.52578592713894,9.555236728837874,12.312416407329463,1.1625854588872537,2.1807088794155725,0.42611190817790534,0.673079246409358,0.3859397417503587,1.0597031813185809,0.2771624239155718,0.8137254901960784,0.8110473457675751,0.9839307528665863,0.9366331898613103,-0.2709412174256342,0.7775544982113891,0.3507890961262554,3.0193687230989954,0.17590143451438742,2.9605694192718253,0.3285509325681492,6.038737446197992,2.493198550064167,0.6517051968983695,4.428652064695268,27.186528497409327,0.14086284195548873,3.7668662245966336,63.715025906735754,0.7250127520201886,10.357512953367875,34.90673575129534,330.1088082901554,4.6651842256764535,0.13331606217616582,0.06075078539379674,0.7930419502765605,0.010875268597172125,93.5878787878788,0.2835996326905418,0.9408999081726355,11.375757575757575,8.466666666666667,83.98181818181818,1.0904023569023569,0.13311531986531988,4.003397152398491,88.84242424242424,0.2692194674012856,0.4274611398963731,2.9939026629935714,0.505334489705903,6.727121151033314,0.0640607059220937,2.6363636363636362,0.2396694214876033,1.8677685950413225,13.181818181818182,907.5454545454545,8444.636363636364,107.90363636363637,0.19714646464646465,1.3636363636363635,0.12396694214876033,0.2319449418218074,3.34274976107265,0.09772797308606879,3.459431618637298,0.05699481865284974,599.702479338843,1.2758164045434686,0.05782709655327392,2.9962065136103098,0.022465467306769165,0.45745617360065727,0.7646386725984339,17.994381892651838,17.88854381999832,193.0,13.759200284626596,51.64545643260381,0.26759303851090055,193.0,1.04869339689159,0.9535675565080117,0.29338249167076536,30.58233431243981,0.7646386725984339,13.759200284626596,17.994381892651838,16.0,17.0,17.88854381999832,17.88854381999832,193.0,13.759200284626596,1.04869339689159,0.9535675565080117,51.64545643260381,0.26759303851090055,193.0
"training_set_primary_roi_006.tif","c46d1d10-4feb-4521-bf0a-8d5840b995b1","Annotation","nuclei_stroma",915.9478759765625,805.6881713867188,408.0,,,102.0,143.3,6324428.0,1.5425080413686785,20.0,3.35743850559789,163.0,123.40196078431373,12.76946366782006,125.0,72.0,91.0,8.657770557041268,124.50320887273486,-0.43076591174058615,16.522865798478797,6324428.0,0.39441560938100734,273.0050941945404,12.45217391304348,8.94308241596376,-0.8783780663718023,1.6949179539378756,0.36321070234113717,0.6470476214078831,0.34849498327759204,0.9771277155089553,0.24176194897148806,0.8282051282051281,0.8272240802675586,0.9861474588149711,0.9422678770504859,-0.2536032744121316,0.7384808418608023,0.33561872909699,3.4812709030100333,0.2087207078220602,2.7140282748278555,0.3331103678929766,6.962541806020067,2.3165075111803834,0.5145321640697531,4.316268395850809,58.1078431372549,0.14242118415993849,3.730368127643214,160.92156862745097,0.5043012302960399,12.583333333333334,37.700980392156865,477.6813725490196,3.545060593681917,0.09794866557734203,0.048966527583255516,0.5742832321971997,0.007221724184036613,240.04791344667697,0.37101686776920706,0.575443910666039,12.497681607418857,10.219474497681608,131.29211746522412,0.9397767473810751,0.10284303623561741,4.011990075792882,160.79289026275117,0.24852069592388124,0.39644607843137253,3.8569165975886803,0.48097755965377204,6.044940535187044,0.05167469053538137,4.466666666666667,0.29777777777777775,1.128888888888889,10.533333333333333,1803.8666666666666,25000.933333333334,144.32342592592596,0.1821851851851852,1.2666666666666666,0.08444444444444445,0.1755412497654694,0.9767137552774496,0.08702511118953354,3.906890595608518,0.03676470588235294,1064.0266666666664,2.1921428571428563,0.023679294794783593,3.0401689365879307,0.01446275657193545,0.23334785647939785,0.31614175598017313,41.10644263946194,39.96248240537617,403.0,12.99546295813776,92.10550320557664,0.22854963574584775,408.0,1.2942796551299767,0.7726305486116724,0.2572182270392281,23.50746114426644,0.31614175598017313,12.99546295813776,41.10644263946194,34.0,27.0,39.96248240537617,39.96248240537617,403.0,12.99546295813776,1.2942796551299767,0.7726305486116724,92.10550320557664,0.22854963574584775,408.0
"training_set_primary_roi_006.tif","3ade539f-f1a2-4a38-8dad-ca27b7b75fd5","Annotation","nuclei_lymphocyte",420.1998596191406,808.40576171875,524.0,,,59.0,103.69999999999999,3484599.0,1.6019701179692936,25.0,2.8706702441509426,132.0,79.66603053435115,14.117621350737144,77.0,42.0,90.0,10.102677598377015,81.54752045036719,0.5163198677478779,17.41613247833411,3484599.0,0.3736597517627178,303.3216705028842,7.5353689567430004,10.606482003649191,1.447497293448497,1.8780526905321504,0.3114503816793893,0.7155058737918971,0.30025445292620867,0.9146686561353592,0.2212976451773725,0.8517387616624257,0.8509923664122139,0.9881102314374229,0.9502241609111839,-0.31782566431144804,0.7940744800969902,0.2904580152671756,2.6727735368956744,0.22716896839733505,2.6351357406744502,0.3435114503816794,5.345547073791349,2.2999117544080208,0.5473757680528848,4.212465536329207,78.94656488549619,0.15066138336926752,4.106695414020162,195.79770992366412,0.5761610628751239,7.919847328244275,43.67175572519084,299.42748091603056,8.080766539440202,0.1740892705682782,0.043218980976614564,0.4729471483073014,0.006098910721995621,229.11830985915492,0.32270184487204917,0.7316425312438006,9.454929577464789,15.492957746478874,107.56338028169014,2.816784037558685,0.15815962441314554,4.257377822325627,151.1661971830986,0.21291013687760366,0.3387404580152672,6.777988494346361,0.4371119183461803,5.018607833101512,0.05860635869196031,4.5,0.28125,1.24609375,13.9375,4564.625,33905.25,718.4877430555555,0.14942708333333332,1.5,0.09375,0.17932182338037497,3.3520503707054043,0.011852189530975225,4.0,0.030534351145038167,3492.0625,3.5466742279858576,0.021424600626334687,2.694263221098133,0.015480008927574552,0.18896131308554184,0.626532263263958,32.73917666087012,34.17601498127012,524.5,20.512150450733508,86.54304915812038,0.16500104701262228,524.0,1.0659933962775567,0.9380921152907652,0.3675549427262288,48.000612689023995,0.626532263263958,20.512150450733508,32.73917666087012,32.0,25.0,34.17601498127012,34.17601498127012,524.5,20.512150450733508,1.0659933962775567,0.9380921152907652,86.54304915812038,0.16500104701262228,524.0
"training_set_primary_roi_006.tif","192e3a29-e77b-4fb8-863a-21082fd6e9cc","Annotation","nuclei_histiocyte",210.6651611328125,826.466064453125,216.0,,,83.0,120.0,2223830.0,1.2442451874878862,21.0,2.488359483006841,144.0,100.47222222222223,11.957561728395055,99.0,74.0,70.0,9.370870439528868,101.46678894721789,0.35339475952926525,14.17186723715877,2223830.0,0.45760459533607684,200.84182098765416,6.331193838254173,2.089190441117398,0.4014223079233558,0.9855794186615605,0.26444159178433885,0.5769005647512933,0.2618741976893453,0.8393235227514837,0.19586349636890055,0.8694908001711597,0.8693196405648268,0.9844899192025979,0.9477107402652977,-0.23266174864141423,0.6505089374087764,0.2596277278562259,2.4801026957637995,0.2984579156648941,2.089682134622271,0.4249037227214377,4.9602053915276,1.8170857455524678,0.3125052526114748,3.7075382303878204,32.851851851851855,0.15209190672153636,3.8333333333333335,98.8425925925926,0.34154235253772286,6.75462962962963,43.94444444444444,262.412037037037,8.611721965020577,0.18264531893004118,0.04684027923583698,0.40401357846808134,0.010616285726825023,119.03472222222223,0.4133150077160494,0.4405381944444444,7.888888888888889,14.5625,86.14583333333333,2.8993055555555554,0.16693190586419754,3.918103580579085,58.361111111111114,0.20264274691358025,0.3333333333333333,5.5625,0.42470547107843626,3.935701478293827,0.06740799491728167,2.7142857142857144,0.3877551020408163,1.2653061224489794,11.142857142857142,3042.0,19070.428571428572,569.3819444444445,0.23015873015873017,1.5714285714285714,0.22448979591836735,0.366098551023428,3.7144685778665445,0.15681275038915135,2.5216406363433186,0.032407407407407406,2089.836734693877,2.2412878276900936,0.04550196613433914,1.6107724650128943,0.014091320140813933,0.23827723972441775,0.5384227338599902,22.68991504873907,23.600847442411894,221.0,12.216766091593021,58.17285510880383,0.26322558872761914,216.0,1.1038735073635408,0.905900896551427,0.2810197015825356,28.059232178209356,0.5384227338599902,12.216766091593021,22.68991504873907,20.0,16.0,23.600847442411894,23.600847442411894,221.0,12.216766091593021,1.1038735073635408,0.905900896551427,58.17285510880383,0.26322558872761914,216.0
"training_set_primary_roi_006.tif","282860e2-fe50-43e6-b1df-3ab63edf1447","Annotation","nuclei_lymphocyte",253.00912475585938,832.8943481445312,347.0,,,42.0,89.40000000000003,1412303.0,1.708712488416675,19.5,7.098726186694256,158.0,60.34870317002882,14.98675348188257,54.0,32.0,126.0,8.869087270931242,63.796845250975736,1.8414856003295927,20.689888585313817,1412303.0,0.366243387122225,428.071489672699,3.813427010148322,31.391070289988733,4.490696471185533,2.2934597470628493,0.4270101483216238,0.686076181878663,0.3458235753317721,1.0627631135385593,0.3074162030663739,0.8400338277387457,0.8352068696330991,0.9888326265375446,0.9520185123229621,-0.29253881306717056,0.7761834399549747,0.2803148581837107,1.8294301327088212,0.2357380827454156,2.692065540988455,0.3731459797033568,3.6588602654176423,2.2892521053678703,0.6801174738461183,4.198924192040486,48.28530259365994,0.13915072793561942,5.730883904027106,127.0864553314121,0.8457507329186357,4.585014409221902,43.09221902017291,127.91066282420749,24.360120877361513,0.47251280819724634,0.0723792855545463,0.7387091407434999,0.017054426624422848,137.22355289421156,0.273899307174075,1.2418356898976497,6.998003992015968,13.90818363273453,45.34530938123753,7.692504990019962,0.34271845198491907,4.186438419991838,144.34930139720558,0.28812235807825465,0.36095100864553314,6.232740108605147,0.5484634562093957,5.3479126202614315,0.1133960468836296,6.636363636363637,0.30165289256198347,1.322314049586777,12.636363636363637,1922.7727272727273,6049.681818181818,921.1106439393939,0.17472222222222222,4.454545454545454,0.2024793388429752,0.42743523943862877,6.109056634877374,0.04541873580558515,3.6412498004554785,0.06340057636887608,1673.9938016528924,2.516328593084532,0.03484065670836834,5.031543700941323,0.01652929876392389,0.7332221515860259,0.648734304318465,26.31591729427642,26.248809496813376,347.0,17.072038298404674,71.32833782253913,0.20555716951740383,347.0,1.080170803389669,0.9257795127047628,0.3249835533394235,37.52537249566343,0.648734304318465,17.072038298404674,26.31591729427642,21.0,24.0,26.248809496813376,26.248809496813376,347.0,17.072038298404674,1.080170803389669,0.9257795127047628,71.32833782253913,0.20555716951740383,347.0
"training_set_primary_roi_006.tif","9b59c3f6-63b5-4c73-aef6-c48f7b0c83c5","Annotation","nuclei_histiocyte",316.0653381347656,847.697021484375,253.0,,,66.0,119.0,2161790.0,1.708311803898594,30.0,2.140264379156241,135.0,90.31620553359684,16.70027652361387,86.0,50.0,85.0,13.25665680473372,92.43713813142882,0.23347304059341187,19.687750606454397,2161790.0,0.33674951959880645,387.6075239419455,5.103638368246968,11.241128866713089,0.43332950747863674,2.2628776063667493,0.3373759647188534,0.7405053349639286,0.32194046306504964,0.9502547474824663,0.23373030296031477,0.8416023520764424,0.8405733186328554,0.9804267462221933,0.9361264241087834,-0.3393607197698986,0.8280203705226358,0.3084343991179713,2.1499448732083795,0.18463706878632322,2.8312078672099363,0.3219404630650496,4.299889746416758,2.459725094184507,0.6500633927714006,4.516367814317065,34.54940711462451,0.13655892140167789,4.495086628442874,85.19762845849803,0.6521270446343483,5.292490118577075,39.50592885375494,191.02371541501975,15.236083662714098,0.3653656126482215,0.06526872727571485,0.4606278817704801,0.023372035400230126,121.35897435897436,0.3111768573307035,0.775042735042735,5.912820512820513,10.748717948717948,55.0,3.7827635327635334,0.34195156695156687,4.117118582738166,98.2974358974359,0.25204470742932283,0.38537549407114624,4.015358316896778,0.5019040048258575,3.5179652583580263,0.14423054513585945,4.2,0.28,1.5822222222222222,8.0,1207.2666666666667,6021.933333333333,325.1162037037037,0.40972222222222227,2.7333333333333334,0.18222222222222223,0.37847619452942255,3.372599852630073,0.1605215829056164,3.6402239289418516,0.05928853754940711,922.7822222222221,3.6230942446519614,0.04856037188488826,1.491968191222063,0.029448308662769266,0.23594739508729864,0.4654619885809372,27.52077456199874,29.410882339705484,252.5,12.809874454915605,71.01045696927038,0.28122953255156585,253.0,1.2606272311634206,0.7932559088677703,0.2380690752230941,20.13762346080875,0.4654619885809372,12.809874454915605,27.52077456199874,24.0,21.0,29.410882339705484,29.410882339705484,252.5,12.809874454915605,1.2606272311634206,0.7932559088677703,71.01045696927038,0.28122953255156585,253.0
"training_set_primary_roi_006.tif","cb562fbf-2b68-42b5-b5a2-b855067e2be0","Annotation","nuclei_lymphocyte",730.4824829101562,861.2318725585938,357.0,,,43.0,94.40000000000003,1666023.0,1.7823683180843413,25.0,3.8004012735144914,145.0,64.96078431372548,16.433899049816013,60.0,34.0,111.0,11.00935094167934,68.31347665312441,1.0924905928295494,21.13829685151126,1666023.0,0.34273317170005263,446.82759378261085,4.464638783269962,20.655376431141892,2.945327988477217,2.4198239095548577,0.3490494296577945,0.7478762031367971,0.3247148288973383,0.9702791944201259,0.24360970955196692,0.84169835234474,0.8400760456273764,0.9867686659741203,0.9464602571066449,-0.3481408698354087,0.8301599999143888,0.30342205323193905,1.9866920152091256,0.22156312799086297,2.7721382509686596,0.39391634980988594,3.973384030418251,2.4050435155587455,0.6922183348031633,4.206384477200672,51.246498599439775,0.14354761512448116,5.113496378943733,122.35574229691876,0.8085273325016281,5.140056022408964,41.890756302521005,147.90196078431373,20.339861500155617,0.40680516651104887,0.0655428216260049,0.7130160503354781,0.013368126240796141,139.88167938931298,0.26694976982693314,1.0551104248004195,7.3816793893129775,13.664122137404581,52.3206106870229,6.335979643765903,0.30041878710771847,4.167541995971683,139.50763358778627,0.26623594196142414,0.36694677871148457,6.237457024648912,0.5234658950438829,5.273075509665674,0.09029838435785105,5.555555555555555,0.30864197530864196,1.0154320987654322,14.055555555555555,2276.3888888888887,8116.722222222223,918.529537037037,0.1347530864197531,3.4444444444444446,0.19135802469135801,0.4306726503874146,7.590237326329854,0.027065115541133472,3.614369445886757,0.05042016806722689,1883.0277777777774,3.5665404282518374,0.03358959757448786,2.8944582400970433,0.023061686469763493,0.35871108834017035,0.5338000616834199,29.50812466825576,29.206163733020468,356.5,15.75143876807697,74.54336841251545,0.20909780760873897,357.0,1.1137156292514174,0.8978952739238729,0.31251515136667973,34.70119265903862,0.5338000616834199,15.75143876807697,29.50812466825576,21.0,26.0,29.206163733020468,29.206163733020468,356.5,15.75143876807697,1.1137156292514174,0.8978952739238729,74.54336841251545,0.20909780760873897,357.0
"training_set_primary_roi_006.tif","f9469d56-5827-4861-a2f7-f175168f04f1","Annotation","nuclei_histiocyte",445.76239013671875,863.955322265625,550.0,,,70.9,118.0,4741709.0,1.6634822681948802,24.75,3.346892990522414,149.0,90.86,15.118109090909003,87.0,51.0,98.0,10.269373357808751,92.85089709264575,0.7741846215091298,19.124578189050098,4741709.0,0.3742743801652893,365.7494909090907,4.956521739130434,15.564517998732207,2.029956364688358,2.1769366846367477,0.3497584541062802,0.7231494621228609,0.32657004830917874,0.9704812228374687,0.24311045765362088,0.8405797101449274,0.8390338164251206,0.979835180448991,0.9354589371980675,-0.3080164502688107,0.79746091045032,0.30628019323671496,2.121256038647343,0.22372447431678683,2.7752742249951265,0.42318840579710143,4.242512077294687,2.3845761255428792,0.631673784685757,4.341453829264459,78.46909090909091,0.1426710743801653,4.571914049586777,205.85090909090908,0.6398545454545455,5.305454545454546,42.472727272727276,198.42545454545456,15.673813131313132,0.34623737373737373,0.05700774210357544,0.42981687824961634,0.016020858739352457,248.0843989769821,0.31724347695266253,0.7274612280139453,6.1918158567774935,15.29923273657289,69.45012787723785,5.351573600454674,0.3144359192952544,4.209542717905958,189.66240409207163,0.2425350435959995,0.35545454545454547,7.384580163656702,0.4864712243173328,3.4764163608769056,0.13034792407872953,8.583333333333334,0.3576388888888889,1.0815972222222223,8.875,4134.416666666667,16892.75,1204.6192129629628,0.28993055555555547,4.583333333333333,0.1909722222222222,0.4283523454567801,4.375326017879506,0.09616794017052323,3.6531071683628116,0.04363636363636364,3609.2430555555543,7.440229479949875,0.022105996146188002,1.475706186708246,0.02932297341080788,0.1060869888805717,0.756031007555033,30.504544067080438,31.78049716414141,548.5,23.06238118604173,86.10902352046563,0.15699001553412148,550.0,1.0371830633991712,0.9641499512368523,0.38728323652743374,53.29170856991112,0.756031007555033,23.06238118604173,30.504544067080438,26.0,29.0,31.78049716414141,31.78049716414141,548.5,23.06238118604173,1.0371830633991712,0.9641499512368523,86.10902352046563,0.15699001553412148,550.0
"training_set_primary_roi_006.tif","f0bcfe52-268f-4f17-a374-38840669e85b","Annotation","nuclei_histiocyte",226.53155517578125,860.1517333984375,153.0,,,72.0,118.0,1424110.0,1.592788430769006,23.0,2.2072000759915933,129.0,95.09803921568627,13.373061642957841,94.0,63.0,66.0,9.940775993125785,96.4775025419503,0.09278290227751786,16.256427469275707,1424110.0,0.37870049980776627,264.27143406382174,5.337037037037037,8.043218061271146,0.09414540466392227,1.7887654320987654,0.29259259259259257,0.7188445340767542,0.29259259259259257,0.8720467627515007,0.20698216735253772,0.8537037037037037,0.8537037037037037,0.9827886710239652,0.9414814814814816,-0.33868296822866467,0.8087861241166112,0.29259259259259257,2.227777777777778,0.22643347050754462,2.6039565783332908,0.39444444444444443,4.455555555555556,2.311363985740698,0.5203395061728394,4.067367191005182,24.764705882352942,0.16186082276047675,3.1960357127600494,57.94117647058823,0.5390234525182623,5.712418300653595,39.11764705882353,196.05228758169935,12.286401597676107,0.2952977487291214,0.04650860138294,0.4060399715441732,0.010368882749716257,76.72173913043478,0.3335727788279773,0.6718336483931948,6.6,10.104347826086956,51.62608695652174,3.052415458937198,0.27225241545893725,3.9895997397940515,50.2,0.2182608695652174,0.3758169934640523,3.0241209829867666,0.39776623040520553,3.2629614758947056,0.08887830790528771,2.142857142857143,0.30612244897959184,1.1428571428571428,10.142857142857142,1125.857142857143,5454.571428571428,293.43055555555554,0.23710317460317462,1.0,0.14285714285714285,0.19577534193866702,3.120111572483168,0.012621462072896258,2.8073549220576046,0.0457516339869281,648.1224489795917,1.9146340638528137,0.07567313586012836,1.4457926450321132,0.023310709211781393,0.3707545150721918,0.625444177192523,17.962425082223714,18.24828759089466,150.5,11.234494175933747,48.716558932477405,0.3236980659965276,153.0,1.1202202590783923,0.8926815881929346,0.24971616505170127,22.156214430903876,0.625444177192523,11.234494175933747,17.962425082223714,18.0,11.0,18.24828759089466,18.24828759089466,150.5,11.234494175933747,1.1202202590783923,0.8926815881929346,48.716558932477405,0.3236980659965276,153.0
"training_set_primary_roi_006.tif","7d14d24b-1e3d-4c05-8b54-17e636a99003","Annotation","nuclei_lymphocyte",267.72027587890625,864.1873168945312,325.0,,,41.0,78.60000000000002,1209067.0,1.4755374850572625,18.0,3.509712335202226,114.0,59.02461538461539,12.112662721893459,58.0,31.0,83.0,8.338461538461528,60.9934927172248,0.7278475740621201,15.372082895443242,1209067.0,0.4132260355029586,236.30093254437867,3.532663316582913,5.251737949259059,0.4811561819001223,1.3508300856600142,0.33500837520938026,0.6025617127792717,0.3132328308207706,0.9517714597901881,0.2368935689053868,0.8470128419877164,0.8455611390284757,0.9806778993004235,0.938079285315466,-0.23732097262585752,0.6955180999317773,0.29417922948073705,1.8107202680067003,0.25445239878903164,2.455334073940233,0.42546063651591287,3.6214405360134005,2.0927847170306597,0.4214596152173486,4.140404691637795,45.29538461538461,0.13937041420118343,4.787162130177516,134.29846153846154,0.4748307692307692,4.009230769230769,42.316923076923075,139.0553846153846,20.59673076923077,0.4448076923076924,0.059567946295327245,0.4496775631335155,0.016583902164854544,158.46038543897217,0.3393156005117177,0.6480656979490026,5.08779443254818,14.0,46.903640256959314,6.734564596716631,0.38274744230311686,4.05671229009724,113.1541755888651,0.24230016186052483,0.35923076923076924,6.2508700576370195,0.4891085820003276,3.1753747512089103,0.14320038228416546,6.375,0.3984375,0.80859375,9.4375,2547.5625,8884.3125,990.6471354166667,0.21875,3.0,0.1875,0.36904702673665213,4.733018561291788,0.03227248494323143,3.1556390622295662,0.04923076923076923,2134.96484375,4.734364819029768,0.032168234445863274,1.7760462009744946,0.022432999934672904,0.1831601422638561,0.6008527811268032,26.42461374757221,26.92582403567252,326.5,15.877302660430317,70.25716480309146,0.21518274059139803,325.0,1.096842058681591,0.9117082920780814,0.31280401527156787,34.765372297216835,0.6008527811268032,15.877302660430317,26.42461374757221,26.0,17.0,26.92582403567252,26.92582403567252,326.5,15.877302660430317,1.096842058681591,0.9117082920780814,70.25716480309146,0.21518274059139803,325.0
"training_set_primary_roi_006.tif","f23dc03b-4d72-4e36-a8bc-3f2c579a7e68","Annotation","nuclei_histiocyte",486.9141845703125,878.6447143554688,793.0,,,55.0,104.80000000000007,4869204.0,1.6064600939213811,23.0,4.456611462103277,160.0,75.62168978562421,15.828108178592988,70.0,42.0,118.0,10.206896551724178,78.35963265779655,1.2427769615385424,20.53270718224063,4869204.0,0.41862672915119525,421.5920642316361,6.577154308617234,22.426833733702484,4.061957060112347,2.2778187191573083,0.21676686706746826,0.826210118214051,0.20808283233132932,0.7596517657402083,0.17346840195644017,0.8974059229570254,0.8968269873079494,0.9941766415714315,0.9704289531443842,-0.4621579582784084,0.8704646782999453,0.20048430193720776,2.4620908483633936,0.33550657315521715,2.358574144670834,0.541750167000668,4.924181696726786,2.1298192231956463,0.6236463965561942,3.7666354945592424,167.0075662042875,0.21060222724374214,4.186474018405056,331.97099621689784,0.7087265782405632,7.044136191677175,53.36317780580076,297.1500630517024,12.323886086591004,0.21210522628555412,0.039267971164926675,0.5335398308358886,0.006666176121672858,211.997461928934,0.26903231209255585,1.1386582364915354,10.42258883248731,34.9492385786802,179.96446700507613,8.170667653694302,0.17114530456852797,4.761741082434826,133.73604060913706,0.16971578757504702,0.2484237074401009,18.745548712927413,0.3871332752407039,5.685429077878338,0.04684221181719878,3.8421052631578947,0.20221606648199447,2.515235457063712,17.68421052631579,12858.473684210527,61896.94736842105,2986.183596491228,0.17856725146198832,3.526315789473684,0.18559556786703602,0.41619569988906285,9.911862359573021,0.07023961904794827,3.8924071185928786,0.02395964691046658,11116.509695290857,2.737951818234968,0.022224720848070683,2.863667156917642,0.008936006694551116,0.3673832945930366,0.4105854252675691,50.2115618409373,49.040799340956916,790.5,20.616135471810086,118.84133955992046,0.15033692543949456,793.0,1.1923717259810624,0.838664636380251,0.34425133271806413,42.10692304852986,0.4105854252675691,20.616135471810086,50.2115618409373,40.0,38.0,49.040799340956916,49.040799340956916,790.5,20.616135471810086,1.1923717259810624,0.838664636380251,118.84133955992046,0.15033692543949456,793.0
"training_set_primary_roi_006.tif","afe38216-b1b7-4f3c-bf8b-ab3d3e58eb97","Annotation","nuclei_lymphocyte",166.18724060058594,881.5082397460938,326.0,,,64.5,109.0,2529100.0,1.670559582525227,24.75,2.994383854574192,145.0,86.22085889570552,14.445782679062065,86.0,45.0,100.0,10.22847580041397,88.07937023005273,0.31209624672580955,17.99830412593189,2529100.0,0.3611916142873273,323.93895140953697,8.81063122923588,9.846047624290895,0.33915271079602166,1.873169170318208,0.35548172757475094,0.6809893124931905,0.3488372093023256,0.9570291028966534,0.2337943289809164,0.8266888150609083,0.8262458471760801,0.9863805000132185,0.9420186679322892,-0.27793282359088745,0.7705129793630786,0.3430232558139536,2.903654485049834,0.19831113894990118,2.7901736662751464,0.3596345514950166,5.807308970099668,2.417180741323442,0.5571627244732397,4.334744470874661,46.84049079754601,0.14368248710903686,3.8130528059016147,117.74846625766871,0.5993827392826225,9.343558282208589,37.852760736196316,322.0674846625767,5.642365371506475,0.14728868438991136,0.05396151462175417,0.6819660579807928,0.006411110523146495,162.46124031007753,0.3148473649420107,0.756489994591671,10.395348837209303,10.248062015503876,91.04263565891473,1.4565428509905256,0.14317506459948323,4.0770523156146465,130.64341085271317,0.2531849047533201,0.39570552147239263,3.861666967129379,0.4983191423498892,6.077169421132618,0.061918772451556234,3.923076923076923,0.30177514792899407,1.467455621301775,12.923076923076923,2378.6153846153848,21452.76923076923,285.1320085470086,0.17816239316239318,1.9230769230769231,0.14792899408284024,0.24791447230805658,4.602532412995377,0.018277878679980195,3.3927474104487847,0.03987730061349693,1749.7633136094678,2.16221404742047,0.03143690199111859,3.0711369828720008,0.018710354703241727,0.2556129565109176,0.9308988933082416,21.287551776234498,22.360679774997898,324.0,19.81655838973859,66.57081615163833,0.205465481949501,326.0,1.043293362250752,0.9585031748334399,0.3365458594539781,40.243037161464855,0.9308988933082416,19.81655838973859,21.287551776234498,20.0,20.0,22.360679774997898,22.360679774997898,324.0,19.81655838973859,1.043293362250752,0.9585031748334399,66.57081615163833,0.205465481949501,326.0
"training_set_primary_roi_006.tif","77ead67b-2dd9-4c7c-b575-abec080446c9","Annotation","nuclei_histiocyte",209.37083435058594,885.72021484375,279.0,,,61.0,124.20000000000002,2250605.0,1.9178164504516242,31.5,4.671004308497865,194.0,85.40143369175627,21.54589483691112,76.0,48.0,146.0,14.05476721938776,89.81472366941637,1.4258292840832916,27.807907350359496,2250605.0,0.3286314410143754,773.2797112061777,8.721456692913383,69.38497704380819,10.610416261494416,3.9104166020832034,0.5324803149606299,0.7603003963842013,0.4084645669291339,1.168721258644316,0.3656370125240251,0.814714566929134,0.8081692913385827,0.9897086434869032,0.9506069553805777,-0.31419325573844087,0.8236224773650301,0.3162182852143483,2.806594488188977,0.21952742342984694,3.0430582832533246,0.4153543307086614,5.613188976377954,2.514700555914454,1.1107242292609585,4.262290087528937,36.10394265232975,0.12940481237394175,6.062666204185455,91.68817204301075,1.33729011703344,9.849462365591398,38.66308243727599,235.87813620071685,7.970446260941653,0.1652343769048838,0.08084458484708101,1.437097811014755,0.010618727131360235,106.49455337690632,0.23201427750959983,1.7135289845785806,14.124183006535947,11.886710239651416,77.38997821350763,2.453037140782238,0.12277303513998196,4.174305528770816,155.50980392156862,0.338801315733265,0.4112903225806452,5.975137767525311,0.6019019020379601,10.668665679605093,0.05767622386226106,4.0476190476190474,0.1927437641723356,2.249433106575964,22.285714285714285,1067.7619047619048,5762.761904761905,230.9423590864917,0.107618237771299,3.857142857142857,0.1836734693877551,0.36310531155709663,8.41037689187462,0.06332435176910739,3.9754180179138325,0.07526881720430108,891.2517006802719,1.1682905576679343,0.04540122724344849,6.688279371660724,0.020450520980751712,1.0170386025548546,0.5156661449821324,26.4100273298852,26.832815729997478,280.0,13.618756982074661,65.95494933603051,0.23555339048582324,279.0,1.111894145133181,0.8993661891080662,0.29492528542482765,30.90482316549386,0.5156661449821324,13.618756982074661,26.4100273298852,24.0,17.0,26.832815729997478,26.832815729997478,280.0,13.618756982074661,1.111894145133181,0.8993661891080662,65.95494933603051,0.23555339048582324,279.0
"training_set_primary_roi_006.tif","c0b45521-7408-48c9-a267-24b7d5e19fdb","Annotation","nuclei_endothelium",694.2666015625,892.9276123046875,384.0,,,75.0,132.0,4249687.0,1.8780033767585356,28.5,3.1309088269768,185.0,103.04427083333333,16.80293782552082,102.5,57.0,128.0,12.312101910828025,105.19930241768083,0.46067354932847554,21.184227094546475,4249687.0,0.3144666883680555,448.771477593317,7.599859845830411,21.591356758478263,1.2528498534068166,2.6918145348811526,0.41135248773651006,0.7348821479873063,0.38192011212333565,1.037600095428287,0.26548951569220886,0.8139453398738612,0.8119831814996495,0.9890016856379855,0.9459655621183302,-0.307343434476807,0.8240848873137461,0.3561667834618079,2.651366503153469,0.15975561905762764,3.1300504062298065,0.26559215136650316,5.302733006306939,2.675954989126331,0.7757917556544155,4.623054114821384,56.166666666666664,0.1462673611111111,3.6566569010416665,120.75520833333333,0.8157280815972222,7.84375,36.182291666666664,270.8072916666667,7.438294270833333,0.2276258680555556,0.05904805414160263,0.5615923078336272,0.016113476348005824,174.02053712480253,0.27491396070268964,1.0692082887226753,8.273301737756714,9.415481832543444,71.40284360189574,1.9176786027733896,0.25025978585220293,4.2965102280002965,162.91785150078988,0.25737417298702986,0.412109375,3.527384080920616,0.48325783965972663,4.329206379595157,0.13252202499237117,3.6315789473684212,0.19113573407202217,2.470914127423822,11.157894736842104,1781.578947368421,13936.842105263158,282.5152923976608,0.34366959064327485,3.3157894736842106,0.1745152354570637,0.2999272041174185,4.124141688057895,0.08141617941014066,3.9321380397593764,0.049479166666666664,1373.113573407202,2.071951905365824,0.029380546482172337,5.026341177057965,0.01726374917655907,0.43836305396589764,0.7183375656235828,26.159340192524564,26.92582403567252,384.5,18.791236752217237,73.32654789907322,0.19070623640851292,384.0,1.0548923320558596,0.9479640429759489,0.3454852801700187,42.4093233304285,0.7183375656235828,18.791236752217237,26.159340192524564,25.0,20.0,26.92582403567252,26.92582403567252,384.5,18.791236752217237,1.0548923320558596,0.9479640429759489,73.32654789907322,0.19070623640851292,384.0
"training_set_primary_roi_006.tif","4363890e-4d69-4f4d-b872-998899943c74","Annotation","nuclei_lymphocyte",896.5346069335938,892.2127075195312,266.0,,,53.5,102.0,1731005.0,1.7910104029343055,21.5,6.570054419526712,186.0,76.4624060150376,17.864633387981243,69.0,40.0,146.0,9.462353150587404,80.66931011224133,1.8518720606367982,25.710660442246624,1731005.0,0.38464582508903844,661.0380603765053,6.537037037037033,54.727863080067834,7.947066871974975,2.9273601161747025,0.6100823045267489,0.6550715279737194,0.43930041152263377,1.2281116750476375,0.41709745296279366,0.8051611796982165,0.7972827402565965,0.9883602828036427,0.9473339360685042,-0.24053242918161732,0.7428294487325157,0.32333819158664845,2.4408436213991775,0.24587524767565927,2.9351199601219258,0.455761316872428,4.881687242798354,2.4412512298731066,0.8843606051753627,4.193729404970667,35.0,0.13157894736842105,5.890553451297417,102.3157894736842,1.111481711798293,7.646616541353383,37.43609022556391,186.5187969924812,9.676406087497659,0.2330581342812815,0.10196848709547866,1.681979622502022,0.015421452247240676,117.14666666666666,0.2603259259259259,1.6930172839506172,10.8,10.28,56.46222222222222,2.5244752330561853,0.20160362811791385,4.097623374320842,151.07555555555555,0.33572345679012344,0.42293233082706766,4.689402469135802,0.5992899972464939,8.361466513159431,0.09523042768397838,5.689655172413793,0.1961950059453032,2.340071343638526,17.79310344827586,785.5862068965517,3394.6206896551726,193.91962135428884,0.16756196731566184,7.482758620689655,0.25802615933412604,0.5042527440918289,10.667615267361858,0.06383515547255103,4.185230132909402,0.10902255639097744,701.4530321046371,1.2773220801221186,0.04070527388706764,7.343125973551347,0.018586756850263283,1.078415458522431,0.850506205320503,20.373658400274966,21.587033144922902,262.5,17.327922894514053,61.30342387453417,0.23353685285536827,266.0,1.0673703761769708,0.9368819130822488,0.3085512248388755,33.82647909723384,0.850506205320503,17.327922894514053,20.373658400274966,21.0,18.0,21.587033144922902,21.587033144922902,262.5,17.327922894514053,1.0673703761769708,0.9368819130822488,61.30342387453417,0.23353685285536827,266.0
"training_set_primary_roi_006.tif","8996d5a7-ea7c-4a50-bb12-39bcdc0145df","Annotation","nuclei_lymphocyte",760.2857055664062,895.4733276367188,233.0,,,66.2,118.0,1890390.0,1.7645528721812977,28.0,2.9610576385135245,144.0,87.78540772532189,16.331337840078096,83.0,56.0,88.0,11.557116429645047,90.07364654867209,0.8649855957596477,20.173844281001656,1890390.0,0.32384092541767207,406.9839930741033,4.223404255319149,15.632413190458493,2.1598721613458283,2.4627533826266292,0.29078014184397166,0.7887949144182819,0.2860520094562648,0.8801520781177053,0.20895438973000463,0.8577620173364853,0.8574468085106381,0.9829787234042554,0.9429472025216706,-0.4034677000920905,0.8626345930200793,0.28191489361702127,1.9184397163120566,0.20929949868383552,2.696948403054261,0.32505910165484636,3.836879432624113,2.3972685317449662,0.6883833811176501,4.1560650289732814,35.0,0.15021459227467812,4.4528725892906476,75.45493562231759,0.7768056143970234,4.793991416309013,42.91416309012875,143.83261802575106,24.014127324749644,0.4496900333810206,0.05418122287859666,0.4533611184101681,0.013754967826778182,92.37423312883436,0.28335654333998267,0.9080225074334756,6.825153374233129,13.742331288343559,48.987730061349694,7.6086400817995905,0.3093047034764827,4.05835744347178,72.79141104294479,0.22328653694154843,0.3497854077253219,5.569046633294441,0.4522412316380906,4.391735786291508,0.07766621836498801,2.7777777777777777,0.30864197530864196,1.1111111111111112,10.11111111111111,1902.7777777777778,6875.666666666667,903.0817901234568,0.2191358024691358,1.8888888888888888,0.20987654320987653,0.34958441134909807,3.4813581544143273,0.04810780356912934,2.94770277922009,0.03862660944206009,1232.5432098765432,4.404715622750178,0.05712511134901892,1.3737904714629414,0.03356552768407852,0.30096204936764176,0.6307640733642956,21.768907716387286,22.135943621178654,234.5,13.731044903879893,57.47521419841604,0.2450968622533733,233.0,1.058776377010255,0.9444865050954139,0.30363163137682725,32.756408021521494,0.6307640733642956,13.731044903879893,21.768907716387286,21.0,15.0,22.135943621178654,22.135943621178654,234.5,13.731044903879893,1.058776377010255,0.9444865050954139,57.47521419841604,0.2450968622533733,233.0
"training_set_primary_roi_006.tif","90ea4045-a8a9-471e-9187-f23448d7f4a8","Annotation","nuclei_melanophage",169.67379760742188,903.82421875,577.0,,,27.0,63.0,1120346.0,1.0317177180036854,17.0,6.884876201581184,123.0,41.393414211438476,11.3782638340307,37.0,19.0,104.0,7.570126203061244,44.064432105457,1.6954213521966761,15.108257235588521,1120346.0,0.6226823136464531,228.25943669671292,5.039297272306981,5.953962431825456,1.6604259670661445,0.8933654713652828,0.16458622283865001,0.6888587187102249,0.15256588072122054,0.6364532667783758,0.14130987487840835,0.925604869779627,0.9249190938511326,0.9937809946671877,0.9748502961054973,-0.34893460112728536,0.694695392595491,0.14313967226588584,2.203883495145631,0.5557562579498131,1.5589694784079322,0.7350901525658807,4.407766990291262,1.3837265351149868,0.2644879235509832,2.983833215230029,168.62911611785094,0.2922515010707989,4.4400457755257134,359.28769497400344,0.31290154957964006,5.350086655112651,59.128249566724435,271.6100519930676,13.952422973233197,0.22963941844791064,0.03577427402053959,0.284245979619783,0.009215652900279009,156.69330453563714,0.33843046335990745,0.7161576533920485,7.647948164146868,57.52051835853132,248.3974082073434,14.000715142788575,0.21630669546436287,4.5577577543339345,85.1987041036717,0.18401447970555443,0.20060658578856153,32.67147768567284,0.43278410722768224,4.045354449632337,0.10055579890950614,4.375,0.2734375,1.68359375,10.3125,12538.5625,51558.3125,3097.6731076388887,0.3193402777777777,2.75,0.171875,0.2587636050375862,2.771036651584585,0.10263697859802878,3.75,0.02772963604852686,11238.05859375,2.2824866885230652,0.030858699271572223,1.5495415343383792,0.004704110817791131,0.33245423176780764,0.5671540574283507,36.42185892102449,38.8329756778952,584.0,20.65680506614201,97.37675066460028,0.16674101141198677,577.0,1.1366949303336715,0.879743520723238,0.3428901367938106,41.774593432686366,0.5671540574283507,20.65680506614201,36.42185892102449,32.0,27.0,38.8329756778952,38.8329756778952,584.0,20.65680506614201,1.1366949303336715,0.879743520723238,97.37675066460028,0.16674101141198677,577.0
"training_set_primary_roi_006.tif","71be220a-68e3-4f07-adac-f91cd018fadd","Annotation","nuclei_histiocyte",203.18113708496094,908.4024658203125,981.0,,,64.0,93.0,6044537.0,1.2863163753868172,14.0,12.413421373276297,179.0,77.36289500509685,9.428700872125974,76.0,50.0,129.0,6.123251453660851,78.49590781259326,1.9118175669157218,13.28871776182723,6044537.0,0.45298697682054867,176.5900197535025,2.799570123589467,7.157586339716758,1.0452911478461733,1.23149052600091,0.24502955400322404,0.6680985821709411,0.2181622783449758,0.7979237225362165,0.19743477431055334,0.8948459609528927,0.8935676581218195,0.9935323597064596,0.9692862260433457,-0.33292629728421086,0.7517903181902253,0.19958840826317986,1.5977968833960237,0.31321930597827913,2.08516244189444,0.400322407307899,3.1955937667920473,1.8269499286962745,0.3691300200010338,3.798848224609354,199.48318042813455,0.20334676903989252,4.13625863890993,444.3802242609582,0.4025848927793208,3.0295616717635068,53.39347604485219,143.26197757390418,32.23525823989127,0.5755855702797601,0.04641408591790249,0.3124888944043657,0.017606241061338974,383.4485596707819,0.3944944029534793,0.6626869210316855,3.97119341563786,29.58230452674897,76.24897119341564,18.55254115226337,0.5040872199359854,4.627481021449656,147.42592592592592,0.1516727632982777,0.24770642201834864,13.284636488340187,0.36124759221269837,2.096245783143585,0.13572629030124378,8.885714285714286,0.25387755102040815,1.4040816326530612,8.771428571428572,6972.542857142857,14985.828571428572,4985.519349206349,0.2697460317460317,9.514285714285714,0.27183673469387754,0.5325816545096359,6.070113744141314,0.09594510476485583,4.05352631824773,0.03567787971457696,6186.942040816329,6.294810545839959,0.01238812852757011,4.512389265528244,0.005513940209611145,0.40789556040687885,0.3889583982491884,57.03455883616462,56.824290580701486,979.0,22.184070649763687,133.39219463450317,0.1362535185234966,981.0,1.2026358336973915,0.8315069050666763,0.358518960624368,45.66952593953737,0.3889583982491884,22.184070649763687,57.03455883616462,51.0,36.0,56.824290580701486,56.824290580701486,979.0,22.184070649763687,1.2026358336973915,0.8315069050666763,133.39219463450317,0.1362535185234966,981.0
"training_set_primary_roi_006.tif","a1b09b7e-be70-4f06-8a68-5e260fb3b105","Annotation","nuclei_lymphocyte",32.27410125732422,920.8873291015625,287.0,,,52.0,99.0,1734899.0,1.8258870629720643,27.0,6.3384766378696025,184.0,74.602787456446,16.47134237395138,71.0,41.0,143.0,11.081351548884014,77.74923955172217,1.4171539045057027,21.894482286627028,1734899.0,0.3494397163981595,479.36835459942466,6.457224334600759,37.05555743389424,4.173257944722605,2.5823517399413034,0.4496197718631179,0.703414250356505,0.3545627376425855,1.0805013296855575,0.3239050369385129,0.8371356147021544,0.8322243346007606,0.9912869497886109,0.956952365863963,-0.3135869837104522,0.8137255920449482,0.28485424588086183,2.4339353612167294,0.21819068151917773,2.9178719045150623,0.3773764258555133,4.86787072243346,2.4794398746605033,0.7579928779511056,4.382199171551473,39.13240418118467,0.13634984035255981,5.597834136629071,100.28919860627178,0.8975706880015542,7.2613240418118465,42.059233449477354,237.77700348432055,10.684227128714438,0.24654033041788137,0.0793517097444217,1.2242043586049725,0.014217258512107039,108.51058823529412,0.2553190311418685,1.4820761245674743,9.72235294117647,13.745882352941177,80.32941176470588,3.2957711617980525,0.22970253434707216,4.420485477310782,118.72235294117647,0.2793467128027682,0.3702090592334495,6.4495280276816604,0.5397156075751064,6.84503962253169,0.10062874734989315,4.68,0.1872,2.4223999999999997,16.56,907.64,4760.72,205.25114965986396,0.19076077097505667,5.72,0.2288,0.41685350481994987,9.364031646190162,0.061125888174459624,3.6994705707972515,0.08710801393728224,775.8495999999998,1.14422248065893,0.04391200040946647,6.715395921612341,0.012779711116905708,1.1550912007600995,0.6873935784368319,23.205293959382363,22.847319317591726,287.0,15.95117005341844,63.66329746306481,0.22182333610823976,287.0,1.060091247732398,0.9433150232482939,0.31876693484669544,36.103456193019895,0.6873935784368319,15.95117005341844,23.205293959382363,22.0,17.0,22.847319317591726,22.847319317591726,287.0,15.95117005341844,1.060091247732398,0.9433150232482939,63.66329746306481,0.22182333610823976,287.0
"training_set_primary_roi_006.tif","942607d3-0290-4917-91ab-6986db1228fd","Annotation","nuclei_lymphocyte",459.85357666015625,923.6976928710938,250.0,,,44.0,89.0,1030597.0,1.617077219946886,21.0,3.6516548211859168,116.0,61.932,13.288575999999956,58.5,39.0,77.0,9.658006656804742,64.20582528088865,1.0698030483768324,16.935624464424098,1030597.0,0.374112,286.815376,4.009879253567508,13.085821496769451,1.8032134414296057,2.007914006272886,0.2436882546652031,0.7835423610174606,0.2436882546652031,0.8011201073333569,0.18430428920343023,0.8781558726673985,0.8781558726673985,0.9856653967843997,0.9512623490669595,-0.40838659155771373,0.8496076790057057,0.2436882546652031,1.8891328210757408,0.25027201384228137,2.4933777327388484,0.411635565312843,3.778265642151482,2.2496894780736456,0.5629005652345224,3.9389733304915033,43.176,0.172704,3.233856,93.528,0.6020639999999999,4.428,45.64,160.836,22.990444444444442,0.43327777777777776,0.03402284706475183,0.21991842529604438,0.01100231135046611,101.28295819935691,0.3256686758821766,0.7199470642363085,5.829581993569132,15.845659163987138,55.337620578778136,8.20002679528403,0.3330877098963915,4.113067332700805,56.067524115755624,0.1802814280249377,0.311,5.506642818002296,0.32695598973977685,2.7371160900428495,0.06571469301714587,1.6666666666666667,0.2777777777777778,1.1388888888888888,9.166666666666666,3853.0,14155.833333333334,1559.664351851852,0.2662037037037037,1.3333333333333333,0.2222222222222222,0.040603218593097797,0.5185535458734396,0.003476698729741386,2.584962500721156,0.024,2116.888888888889,3.441040100250626,0.05167315205735425,1.3590500193032116,0.02311352364789744,0.2984073430910444,0.7286592342118685,21.099910492097873,21.18962010041709,247.0,15.374644621111008,59.15623305355122,0.23949891924514663,250.0,1.0618107125268446,0.9417874468607023,0.3062818418295338,33.330723916163834,0.7286592342118685,15.374644621111008,21.099910492097873,20.0,16.0,21.18962010041709,21.18962010041709,247.0,15.374644621111008,1.0618107125268446,0.9417874468607023,59.15623305355122,0.23949891924514663,250.0
"training_set_primary_roi_006.tif","045dd1f4-c555-4f1a-b9e2-9e122232df4a","Annotation","nuclei_endothelium",663.8502807617188,930.3163452148438,213.0,,,69.2,135.0,2165697.0,2.02522299929592,39.0,2.676951094663439,167.0,97.3943661971831,21.653640150763742,93.0,53.0,114.0,15.994602076124567,100.83447599554319,0.6580646759770927,26.113769975719176,2165697.0,0.2816680993630012,681.9289823447723,6.443548387096776,34.458834746758185,3.6352240438636043,3.547599433460515,0.43817204301075263,0.7801318788107336,0.4032258064516129,1.0646406399674986,0.2755809920221991,0.8042114695340501,0.8018817204301076,0.9834253158780413,0.9336277521761395,-0.3405144017380143,0.8591317033662144,0.3726478494623656,2.3803763440860215,0.1478720444560065,3.2647849039832813,0.3077956989247312,4.760752688172043,2.7961495024837335,0.9964428691178171,4.533314078395564,30.830985915492956,0.14474641274879324,3.5678547025502,59.99530516431925,1.1010161123233926,7.061032863849765,31.56338028169014,164.45070422535213,11.781701877934273,0.3150378195096505,0.06518226348094444,0.5922206963119102,0.019317532526302892,95.99746835443038,0.24303156545425414,1.2848581958019547,8.622784810126582,8.141772151898735,48.617721518987345,2.7543389592123773,0.2693572433192687,4.01158654034069,127.6379746835443,0.32313411312289697,0.4636150234741784,3.4892869732414677,0.571529905077537,6.056853697063212,0.12258962428916406,2.2,0.22,2.21,9.5,1183.7,6358.6,340.8293611111111,0.3864722222222222,1.4,0.14,0.2551065510670325,1.2288170754410168,0.15149424858431956,3.321928094887362,0.046948356807511735,730.01,2.3589711971745224,0.05773248036056664,2.8430646685994825,0.03526365320628886,0.500312756918441,0.2763554972464709,31.817701371388665,33.97057550292606,216.0,8.792996683729832,74.1868237403376,0.3434575173163778,213.0,1.4239507538971012,0.7022714776218046,0.19071666713857005,12.923482034144312,0.2763554972464709,8.792996683729832,31.817701371388665,25.0,23.0,33.97057550292606,33.97057550292606,216.0,8.792996683729832,1.4239507538971012,0.7022714776218046,74.1868237403376,0.3434575173163778,213.0
"training_set_primary_roi_006.tif","6620d7c6-1a53-4f92-a33c-cd0ea1bec7b5","Annotation","nuclei_lymphocyte",142.75433349609375,943.7960815429688,440.0,,,47.900000000000006,104.10000000000002,2555655.0,1.9124574426203171,30.0,3.5818373818850118,149.0,72.62954545454545,18.53862603305779,68.0,36.0,113.0,13.061773631198339,76.21224847871777,0.9262665861877525,23.09233520560305,2555655.0,0.3136570247933884,533.255945247934,6.159658744667886,29.73009628883632,3.271530452412053,2.961533762539079,0.3059110298598416,0.8127521355087717,0.2925045703839123,0.9090834015537586,0.2203521061643645,0.8559821247206987,0.8550883607556367,0.9883408738606367,0.9515684396854412,-0.416752588290343,0.8850195145279571,0.28077391834247417,2.34430225472273,0.20612180783332051,2.904447311827814,0.38452163315051796,4.688604509445459,2.5777040338354937,0.8168611980997303,4.336472141096439,68.05909090909091,0.1546797520661157,4.69289256198347,138.0090909090909,0.9180785123966941,6.831818181818182,44.72727272727273,231.18636363636364,14.760787247474745,0.2902645202020202,0.04532353402219473,0.5093649247577818,0.008660223523261719,146.7278911564626,0.24953722985792956,1.1916880697857373,9.345238095238095,16.472789115646258,87.20068027210884,5.009579554043839,0.23029100529100532,4.490665571674954,131.10204081632654,0.22296265444953492,0.3340909090909091,7.513559165162666,0.46464814982390895,5.701487048083051,0.06709958597619468,3.3076923076923075,0.25443786982248523,1.78698224852071,13.76923076923077,4365.2307692307695,23038.76923076923,1065.6655341880344,0.22344017094017096,1.3076923076923077,0.10059171597633136,0.17325134168045134,3.4926278414466903,0.009434054647339275,3.7004397181410926,0.029545454545454545,3219.6686390532554,3.2048586539879116,0.03542093555546035,2.1709205097493034,0.022061456460636477,0.3065207044264637,0.6366364903550035,29.801162045990704,30.0,443.0,18.972507213460258,79.52700433018452,0.17951919713359937,440.0,1.0658788099823553,0.9381929639979936,0.3524170038519085,44.12817384294877,0.6366364903550035,18.972507213460258,29.801162045990704,26.0,25.0,30.0,30.0,443.0,18.972507213460258,1.0658788099823553,0.9381929639979936,79.52700433018452,0.17951919713359937,440.0
"training_set_primary_roi_006.tif","5b2ea68a-5db0-49c3-9fed-0fa44c278adc","Annotation","nuclei_histiocyte",337.90234375,954.61279296875,152.0,,,67.1,115.9,1254354.0,1.7766547857638781,31.25,2.335633312162645,138.0,88.76315789473684,16.451869806094187,84.5,61.0,77.0,12.561111111111119,90.84233015157868,0.5797344764026767,19.324356339149762,1254354.0,0.311547783933518,373.43074792243755,4.199999999999999,13.202440218258007,1.6174570060458282,2.4326303155006865,0.39814814814814814,0.7187005954291877,0.3685185185185185,1.0260653815820375,0.26234224965706454,0.8206790123456792,0.8187037037037035,0.9771023965141612,0.9272839506172837,-0.3008770996511621,0.8009280491120186,0.34259259259259256,1.9212962962962963,0.1727143347050755,2.89642833727466,0.2814814814814815,3.8425925925925926,2.4604137967644375,0.7076946159122085,4.184667555997164,21.842105263157894,0.14369806094182824,4.0046745152354575,47.35526315789474,0.775623268698061,4.881578947368421,35.276315789473685,118.26315789473684,21.315972222222225,0.4480994152046784,0.05745946898496242,0.47876300995544413,0.0151252954123901,79.29343629343629,0.3061522636812212,0.7794755593983392,6.362934362934363,8.702702702702704,31.853281853281853,5.114489489489489,0.3128217503217503,3.7836668915422824,73.08494208494209,0.28218124357120494,0.42598684210526316,3.19199177114235,0.5331874251559625,4.2592283585821,0.11060769968826942,2.142857142857143,0.30612244897959184,1.1428571428571428,10.142857142857142,934.2857142857143,3291.714285714286,475.23611111111114,0.23710317460317462,1.0,0.14285714285714285,0.1854810041661159,2.958640713091397,0.011709453264069403,2.8073549220576046,0.046052631578947366,462.7755102040816,3.230658553230209,0.0749191573707178,1.6660128261398148,0.04017430462827428,0.3810483870967743,0.8044565014660506,15.610977263552355,16.401219466856727,148.5,12.558352153903387,45.70993053323187,0.30781098002176344,152.0,1.0581382225217981,0.9450561171646926,0.27110384391995596,26.114011854760072,0.8044565014660506,12.558352153903387,15.610977263552355,15.0,14.0,16.401219466856727,16.401219466856727,148.5,12.558352153903387,1.0581382225217981,0.9450561171646926,45.70993053323187,0.30781098002176344,152.0
"training_set_primary_roi_006.tif","fcf88c7d-939d-4f2c-950c-d609483689db","Annotation","nuclei_lymphocyte",30.17045021057129,957.1345825195312,418.0,,,41.0,95.0,1858966.0,1.7784421462704565,26.0,4.737236633847544,163.0,63.21052631578947,16.384286074036712,58.0,31.0,132.0,11.128200692041533,66.68798303547433,1.2783195617085934,21.253621908291272,1858966.0,0.3432842654701129,451.71644422059876,4.283966516419833,23.927958454038254,3.369239023221194,2.4260934427228684,0.3464262717321314,0.7501000480350206,0.3168061815840309,0.9679312268816087,0.24606011504227743,0.8463726121485298,0.8445589182227947,0.9907693914133066,0.9552632385858398,-0.3541626859131778,0.833208850977643,0.292408957573156,1.9401159047005794,0.22117464525590533,2.7532920531242024,0.37797810688989053,3.8802318094011587,2.398494242012027,0.6931299286137502,4.177690486583276,57.95693779904306,0.13865296124172982,4.971726837755545,143.4928229665072,0.8148222339232161,4.940191387559809,43.186602870813395,144.29904306220095,22.34892278043594,0.4293560606060606,0.061067207008623045,0.7274400994670418,0.013457641330056742,156.72156196943973,0.2660807503725632,1.1429518535920282,7.34634974533107,14.529711375212225,50.82512733446519,7.593387096774192,0.311526598754952,4.313822007897073,145.5874363327674,0.2471773112610652,0.3522727272727273,6.471438742537926,0.5015350519473526,5.168244718173713,0.1009607524062916,5.285714285714286,0.25170068027210885,1.5555555555555554,15.0,2612.4761904761904,9435.666666666666,1057.020939153439,0.16634920634920636,3.9523809523809526,0.18820861678004536,0.40402311010503833,8.375174066747874,0.023411861799125463,3.8442328987631913,0.050239234449760764,2216.2766439909296,2.7574794180933675,0.029781476128805055,4.803824261585705,0.015124832151472617,0.6072100838337338,0.5638690297631886,30.868122611971252,30.675723300355934,418.5,17.405578347823372,79.45979666752297,0.18986809239551486,418.0,1.0957078831250904,0.9126520082596101,0.3333491498723222,39.48216416482931,0.5638690297631886,17.405578347823372,30.868122611971252,30.0,18.0,30.675723300355934,30.675723300355934,418.5,17.405578347823372,1.0957078831250904,0.9126520082596101,79.45979666752297,0.18986809239551486,418.0
"training_set_primary_roi_006.tif","56ac8b3c-c5da-4d08-b677-758ed7bd381d","Annotation","nuclei_stroma",389.0660095214844,962.940185546875,348.0,,,44.0,86.30000000000001,1459853.0,1.5267569035061779,21.25,3.1009335113822836,116.0,62.75,13.008620689655173,60.0,36.0,80.0,9.36932662413066,64.7686643760505,0.7397065398113616,16.04423214296874,1459853.0,0.4090038314176246,257.4173850574713,4.057798891528108,6.566234392402779,0.5268463792090252,1.4483443447057955,0.3365003958828187,0.6229359470540324,0.3285827395091054,0.9401839614070353,0.22853377917951015,0.8370282396410663,0.8365003958828187,0.9803455824134879,0.9345473739773027,-0.24725883671225082,0.7138252245661156,0.32165479018210613,1.9441805225653208,0.25186923767951863,2.5250788303247442,0.44655581947743467,3.8883610451306416,2.1734882970312466,0.4462111851471537,3.9604477403305482,48.57471264367816,0.13958250759677632,4.243328048619368,142.33333333333334,0.505218655040296,4.597701149425287,39.08045977011494,141.23563218390805,16.656190134099617,0.3808469029374202,0.06057404791950838,0.5136112608889873,0.015891577017141466,177.1669758812616,0.32869568809139443,0.681871534243652,5.821892393320964,11.777365491651206,45.46938775510204,4.8268655947227375,0.3295325706039992,3.915690504868892,142.63636363636363,0.26463147242368024,0.38721264367816094,5.107747804805849,0.5137764467160211,3.7593833863962587,0.14043351815096045,5.625,0.3515625,0.93359375,10.3125,2885.625,10938.0,960.59765625,0.21267361111111113,3.25,0.203125,0.4056512954793268,5.7406036918652585,0.04359104001576211,3.1493974703476995,0.04597701149425287,2412.5625,4.9759032219853125,0.028995460829643927,1.7378136407729579,0.02493601105639598,0.1539152796764911,0.2905625352130741,40.08290491297489,38.2099463490856,351.0,11.646590470218568,87.67131921509271,0.24977583821963734,348.0,1.3200763525659782,0.7575319397671123,0.2412380824985645,20.677307279675325,0.2905625352130741,11.646590470218568,40.08290491297489,28.0,30.0,38.2099463490856,38.2099463490856,351.0,11.646590470218568,1.3200763525659782,0.7575319397671123,87.67131921509271,0.24977583821963734,348.0
"training_set_primary_roi_006.tif","52aa82f7-478f-4b5a-9ac1-a7581814090f","Annotation","nuclei_endothelium",645.7890625,961.354248046875,398.0,,,67.7,119.0,3321001.0,1.8135896852558422,25.0,4.126946158383457,178.0,88.85175879396985,16.8405722077725,81.0,59.0,119.0,11.637483908373502,91.34672198875258,1.177982201989717,21.203503892249834,3321001.0,0.33359006085704906,449.58857730865384,4.544277929155312,28.669404272503378,4.121683663503912,2.695767657343954,0.35558583106267044,0.7669323908792017,0.3365122615803815,0.9739955599798868,0.24234532886872723,0.8349227974568574,0.8336512261580383,0.9904668974151263,0.952267419229272,-0.3432695722900086,0.8347612736453934,0.31982288828337885,1.9897820163487738,0.19693469771102312,2.8799877769430053,0.3508174386920981,3.9795640326975477,2.5018820591158537,0.7628383721016563,4.472115571480181,54.005025125628144,0.13569101790358828,4.732430999217192,132.76884422110552,0.8600540390394181,5.125628140703518,40.311557788944725,151.37688442211055,19.695993160245674,0.422390424343942,0.05430991408288608,0.49590130198738713,0.01499278443127566,164.158940397351,0.2717863251611771,1.1324585544493664,6.855960264900662,12.168874172185431,48.086092715231786,5.769898822663725,0.34088576158940403,4.337362521061365,161.15562913907286,0.2668139555282663,0.3793969849246231,5.221635016008072,0.5229756221981887,4.592527231469443,0.13078636024604443,2.6666666666666665,0.2222222222222222,1.722222222222222,12.833333333333334,4139.166666666667,14590.5,1792.0145601851852,0.1833101851851852,1.5,0.125,0.2807041789141104,5.033906293508987,0.03135091054977593,3.584962500721156,0.03015075376884422,3039.138888888889,2.970149437412096,0.028270040445809542,5.35046855179615,0.016945369554580852,0.5952824697344319,0.48846681347836846,32.85491560290608,34.132096331752024,399.0,16.04853593165226,82.3890775380722,0.2064889161355193,398.0,1.1635318085351534,0.8594522235356554,0.3010187159277199,32.19506037069993,0.48846681347836846,16.04853593165226,32.85491560290608,29.0,23.0,34.132096331752024,34.132096331752024,399.0,16.04853593165226,1.1635318085351534,0.8594522235356554,82.3890775380722,0.2064889161355193,398.0
"training_set_primary_roi_006.tif","41117184-b527-48dc-9559-3b7bb4b0f268","Annotation","nuclei_lymphocyte",47.971588134765625,967.6729125976562,241.0,,,40.0,90.0,1058943.0,1.7802874293458044,28.0,3.3550475384834244,131.0,62.95020746887967,16.842960692825553,59.0,35.0,96.0,12.523602892833669,66.28690939277885,0.8798087598002943,20.76597545196179,1058943.0,0.3296603019920456,431.22573647147965,4.010332950631458,18.60755107917361,2.7281626111442088,2.3925440359801273,0.36854190585533864,0.7330456830254651,0.3249138920780712,0.9981736726536787,0.2629728685900182,0.8448143895905089,0.8419058553386911,0.9861724838366829,0.9468864468864471,-0.3444438562522558,0.8265627525634484,0.28673938002296206,1.8719862227324915,0.2164132969349139,2.7625221936393056,0.32721010332950634,3.743972445464983,2.362755770827962,0.6902714854588665,3.986613930660705,37.821576763485474,0.15693600316798953,5.596115769356588,79.44813278008299,0.8047037757614366,4.738589211618257,42.045643153526974,123.20331950207469,25.185267404333793,0.459587367450438,0.06129795071555593,0.6335055909177871,0.01366149069317292,102.07002801120449,0.2859104426084159,0.9390736686831594,7.182072829131653,13.344537815126051,42.01120448179272,7.922854030501091,0.2877388733271086,3.970226996341541,100.54621848739495,0.28164206859214275,0.3703319502074689,6.053025131621275,0.5409463911757901,5.172261172379277,0.08411628666926081,4.466666666666667,0.29777777777777775,1.04,12.6,1189.9333333333334,3729.4666666666667,603.9766296296295,0.15394444444444444,2.466666666666667,0.16444444444444445,0.22876049308434226,4.612580598904446,0.013026418590347155,3.1898980954642866,0.06224066390041494,931.7955555555557,2.167844396859386,0.05951303030801904,2.602471711048973,0.021191248265964212,0.6047656937670451,0.5194581951550366,24.682476436686578,24.351591323771842,240.5,12.821514661757929,61.690220737867854,0.2565081943362489,241.0,1.1221575915188806,0.8911404312173873,0.2800371557609942,27.863364879422807,0.5194581951550366,12.821514661757929,24.682476436686578,23.0,13.0,24.351591323771842,24.351591323771842,240.5,12.821514661757929,1.1221575915188806,0.8911404312173873,61.690220737867854,0.2565081943362489,241.0
"training_set_primary_roi_006.tif","79693d6e-7ce1-4e27-b187-238c51646d25","Annotation","nuclei_lymphocyte",751.1041870117188,984.4291381835938,160.0,,,67.0,91.19999999999999,1016344.0,1.3190423695276356,13.25,6.0378456769121,128.0,78.75,8.990625,76.0,64.0,64.0,5.6532544378698155,79.70037641065441,1.637194642178334,12.27140986195148,1016344.0,0.4399218750000001,150.5875,2.657293497363795,3.181462277430301,0.5512331507919972,1.0665954206961303,0.3339191564147627,0.5231479031034422,0.3093145869947276,0.9514945772246798,0.23824364268704384,0.8494434680726423,0.8478031634446399,0.9807918949653673,0.9389572349150557,-0.185258275042529,0.6069287672676958,0.2877855887521969,1.5729349736379612,0.26735616704915055,2.250275568001481,0.35500878734622143,3.145869947275923,1.882151801084269,0.3501286442777234,3.897855512113303,23.425,0.14640625,4.325,70.3875,0.39183593749999995,3.09375,40.325,99.28125,26.034071180555554,0.5635850694444444,0.056885670587679515,0.3483088890069917,0.019354904563098387,96.75833333333334,0.40315972222222224,0.4935937500000001,3.9625,11.033333333333333,28.841666666666665,6.9244212962962965,0.4590277777777778,3.7225183048504986,55.49166666666667,0.23121527777777778,0.375,3.922222222222222,0.4677039123519779,2.5137767128842277,0.14326775954401821,2.5,0.3125,0.75,7.0,977.75,2155.875,689.9592013888889,0.2682291666666667,1.5,0.1875,0.281451990586667,3.33753475293688,0.027172812344792727,3.0,0.05,577.75,2.79208814689584,0.05651359080375865,2.097890264603777,0.018705987202261527,0.41457775930591995,0.761066404769728,16.605021457610704,17.26267650163207,160.0,12.637523981867968,48.50325608302646,0.30314535051891534,160.0,1.0816978611207637,0.9244725684895824,0.26723214943264495,25.373457834140794,0.761066404769728,12.637523981867968,16.605021457610704,17.0,14.0,17.26267650163207,17.26267650163207,160.0,12.637523981867968,1.0816978611207637,0.9244725684895824,48.50325608302646,0.30314535051891534,160.0
"training_set_primary_roi_006.tif","0560517c-7bec-4f89-bb6a-99db532e2bfc","Annotation","nuclei_histiocyte",238.0625,983.5,66.0,,,67.5,107.0,539137.0,1.3019762161101502,20.5,2.408985691110555,123.0,89.16666666666667,12.106060606060595,89.5,59.0,64.0,8.777500889996437,90.38109550255753,-0.12334163835628492,14.766447771823115,539137.0,0.47291092745638197,218.04797979797982,4.247706422018349,3.6809813213704308,0.06482171441720808,1.1556266307549872,0.3119266055045872,0.574902500573526,0.3119266055045872,0.8953848900090127,0.2146283982829728,0.8440366972477065,0.8440366972477065,0.9688073394495413,0.9220183486238532,-0.22054220584028528,0.6634360035396634,0.3119266055045872,2.0091743119266052,0.2744297618045619,2.3402113827525275,0.47706422018348627,4.018348623853211,2.0282847772479404,0.36688830906489356,3.635701122745539,12.606060606060606,0.19100091827364554,3.035812672176308,31.21212121212121,0.35996326905417814,4.606060606060606,33.78787878787879,146.96969696969697,10.946969696969697,0.3341750841750841,0.04639233653618574,0.2396360548989517,0.0143049853218504,47.526315789473685,0.4168975069252078,0.42751615881809785,4.859649122807017,7.719298245614035,33.526315789473685,2.476120857699805,0.3372319688109162,3.431597929932731,30.789473684210527,0.27008310249307477,0.4318181818181818,2.356417359187442,0.466057294912767,2.426999647487325,0.14374730780876355,1.5,0.375,0.6875,5.75,492.5,2027.5,138.19444444444446,0.3680555555555556,1.0,0.25,0.01572814310909549,0.12084467120181405,0.003989477478234092,2.0,0.06060606060606061,220.25,1.8490830115830117,0.12058570198105083,0.8520632145632144,0.03657635430635093,0.3072619688004304,0.5792351362043126,12.056767059271966,13.038404810405298,64.0,6.983703109761066,31.87030033301906,0.4979734427034228,66.0,1.1238057170267464,0.8898335226890469,0.20069003258270057,14.31046853467434,0.5792351362043126,6.983703109761066,12.056767059271966,13.0,7.0,13.038404810405298,13.038404810405298,64.0,6.983703109761066,1.1238057170267464,0.8898335226890469,31.87030033301906,0.4979734427034228,66.0
"training_set_primary_roi_006.tif","b69d3ab2-4d7d-4eb5-ba02-b72feb023bae","Annotation","nuclei_histiocyte",222.66281127929688,986.5238037109375,130.0,,,73.9,136.20000000000002,1471655.0,2.0376748680910204,35.75,2.896521267679348,176.0,103.43846153846154,20.40497041420118,99.0,62.0,114.0,14.63905325443787,106.39747683532292,0.6612772870787111,24.91802061720172,1471655.0,0.2871005917159763,620.9077514792899,7.144124168514413,37.848323671142275,3.9165684650042767,3.4556565601939018,0.45898004434589795,0.765505669765812,0.4235033259423502,1.07934759750518,0.2796249772616653,0.794161123429416,0.7917960088691796,0.9877389584706661,0.9401330376940131,-0.3239537729048557,0.8493730661098047,0.39246119733924606,2.528824833702882,0.14734195013790494,3.3062722939947884,0.29711751662971175,5.057649667405765,2.8173262232974996,0.9786591511349502,4.411371014160023,18.753846153846155,0.14426035502958579,3.7233136094674566,37.323076923076925,1.0810059171597635,7.961538461538462,29.96923076923077,175.26923076923077,8.667651709401708,0.25318162393162386,0.0712480340426769,0.973328839370506,0.012178769444229097,61.37301587301587,0.24354371378180903,1.3226883345930964,9.714285714285714,6.658730158730159,43.57142857142857,1.7667107583774249,0.2224272486772487,4.0031988736211135,82.94444444444444,0.3291446208112875,0.4846153846153846,2.400730662635424,0.579948852518619,6.939497071162191,0.09990814361972264,1.8888888888888888,0.20987654320987653,2.0246913580246915,14.666666666666666,462.6666666666667,2605.8888888888887,113.05891975308643,0.19194444444444445,1.0,0.1111111111111111,0.15193967445594267,4.661590332848288,0.006180323019715887,3.169925001442312,0.06923076923076923,254.02469135802474,0.8567688640473452,0.08730314818989873,5.131076370555219,0.025098739923315773,1.2633903920485916,0.48943371994408086,18.529195092734152,18.110770276274835,129.5,9.068812881806485,45.734054539573755,0.35315872231331086,130.0,1.133704548662064,0.8820640273342338,0.23623012189913692,19.82772077378157,0.48943371994408086,9.068812881806485,18.529195092734152,18.0,10.0,18.110770276274835,18.110770276274835,129.5,9.068812881806485,1.133704548662064,0.8820640273342338,45.734054539573755,0.35315872231331086,130.0
"training_set_primary_roi_006.tif","a230162e-6e6c-4eaa-86a3-229dbbaf6236","Annotation","nuclei_histiocyte",9.993803977966309,1007.655517578125,266.0,,,65.0,108.0,2123478.0,1.7338207185064263,24.0,5.558587479972103,173.0,86.96992481203007,15.319690202950984,84.0,56.0,117.0,10.126561271726814,89.34763567101258,1.3535275665500945,20.47516002843044,2123478.0,0.3523376109446548,419.2321781898356,4.14477766287487,22.86776025906438,3.1938275980240256,2.308362091736722,0.4012409513960704,0.7038378352777733,0.3495346432264737,1.0382929626762722,0.2790664845806122,0.8335918648741812,0.830403309203723,0.9850139644950552,0.9429568621657555,-0.29665966204836847,0.7903563228001805,0.3067333103527519,1.9152016546018613,0.21140126768681902,2.81325156057326,0.3578076525336091,3.830403309203723,2.3791416223050406,0.6774007607831982,4.252148866785711,35.96992481203007,0.13522528124823335,4.894114986714908,93.7218045112782,0.7780682910283229,4.7330827067669174,39.81954887218045,128.52255639097746,21.433101503759403,0.4426378446115289,0.06594659539532884,0.6175736541135529,0.016782172681798976,118.84428223844282,0.2891588375631212,1.034021820851167,6.615571776155718,11.644768856447689,40.23357664233577,6.0863368477967015,0.3346161124628278,4.138270417347411,108.63503649635037,0.26431882359209335,0.38627819548872183,4.942843104172957,0.5120935049247237,4.467096817550126,0.12015776943606135,4.0588235294117645,0.23875432525951557,1.5294117647058822,10.529411764705882,1254.9411764705883,4408.882352941177,506.4182679738564,0.26450980392156864,2.411764705882353,0.14186851211072665,0.3316052726046346,4.603479058693084,0.036806798234223406,3.734521664779752,0.06390977443609022,1010.1107266435985,3.06721553657695,0.03927699669492439,3.327631714302959,0.024600872966468814,0.4519132558986747,0.5171728016461178,25.71221347034175,26.832815729997478,269.0,13.297657476979692,65.16259546713414,0.2422401318480823,266.0,1.1207720765454494,0.8922420721635886,0.28852256359536116,29.5775236885287,0.5171728016461178,13.297657476979692,25.71221347034175,16.0,24.0,26.832815729997478,26.832815729997478,269.0,13.297657476979692,1.1207720765454494,0.8922420721635886,65.16259546713414,0.2422401318480823,266.0
"training_set_primary_roi_006.tif","030a175d-ffb4-4300-a362-d46a8d671a7f","Annotation","nuclei_histiocyte",42.13320541381836,1012.1741333007812,524.0,,,85.0,122.69999999999999,5741976.0,1.3792066748027747,18.0,3.5239642460609386,158.0,103.66412213740458,11.46678515238037,103.0,77.0,81.0,8.140438029522231,104.68032033600612,0.6155250563061434,14.550575491372166,5741976.0,0.4258056057339316,211.71924713012035,2.971472236372899,5.02879518627891,0.8051774218249164,1.3397626855875986,0.26031584309730005,0.6746211658608369,0.2521650534895568,0.8382252699711251,0.19672862889590903,0.8752759381898455,0.874732552215996,0.9848311408108839,0.9498386822890135,-0.3110926905505209,0.7509552517659331,0.24503311258278146,1.6436576668364749,0.2769357152144007,2.2529097636393587,0.36882322975038206,3.28731533367295,1.9797734465260706,0.4000196321712247,3.920756151718071,85.61068702290076,0.1633791737078259,3.881009265194336,223.12213740458014,0.43017598042072136,3.263358778625954,47.88549618320611,128.5114503816794,29.418667832909243,0.5479352205258694,0.04158312922285114,0.25705358044405213,0.015192955477709885,234.20322580645163,0.3777471383975026,0.5718496357960458,4.324193548387097,19.351612903225806,52.71290322580645,11.838687275985663,0.43793682795698924,4.286665730504624,110.77741935483871,0.1786732570239334,0.2958015267175573,7.922851196670135,0.3807641173901731,2.31323916552917,0.10994751059459379,4.294117647058823,0.25259515570934254,1.1903114186851211,7.588235294117647,5068.705882352941,16652.352941176472,2212.4489379084966,0.34150326797385616,1.9411764705882353,0.11418685121107267,0.28415139886286694,3.5296159080221003,0.03417837985708227,3.8077635764171953,0.03244274809160305,4118.615916955017,7.9594929315476195,0.020572918577636195,1.6885777939455822,0.017337120141814214,0.14820077418122193,0.780856201654623,29.635816259586647,33.28663395418648,525.5,23.141310917395145,89.40734957003345,0.1701376775833177,524.0,1.1002260625654685,0.9089041189119217,0.3507017661626974,43.699669479351826,0.780856201654623,23.141310917395145,29.635816259586647,29.0,24.0,33.28663395418648,33.28663395418648,525.5,23.141310917395145,1.1002260625654685,0.9089041189119217,89.40734957003345,0.1701376775833177,524.0
"training_set_primary_roi_006.tif","bb0d4924-924f-444c-a665-2dc2f4f1fbea","Annotation","nuclei_melanophage",362.26336669921875,1017.5061645507812,244.0,,,54.3,106.0,1774586.0,1.5785010512526014,24.5,2.1943937415490296,117.0,83.29508196721312,14.863477559795717,86.0,43.0,74.0,11.030768429820915,85.28126079405106,-0.3028602796100088,18.29816282303225,1774586.0,0.3716742811072292,334.82276269819954,8.994272623138603,8.023543751401649,-0.4554696334423074,1.801579522626747,0.2073310423825888,0.7935885788109983,0.2073310423825888,0.7363500554431014,0.16434488124713795,0.8963344788087056,0.8963344788087056,0.987804056330436,0.9585337915234824,-0.4519550281006228,0.8661843832702416,0.2073310423825888,2.9318442153493702,0.2637092933086131,2.3760684804870813,0.436426116838488,5.8636884306987405,2.168737438104493,0.502227641252334,4.12824994423152,43.30327868852459,0.17747245364149422,4.359715130341306,90.68852459016394,0.5385649019080893,9.245901639344263,48.877049180327866,429.4754098360656,7.030623861566484,0.14867941712204005,0.04087463123531137,0.4044725935683928,0.0066225771116249395,93.22535211267606,0.3282582820868875,0.7088375322356674,10.007042253521126,20.408450704225352,181.48591549295776,2.8505966353677628,0.15876858372456967,4.377501514241946,50.063380281690144,0.1762795080341202,0.29098360655737704,8.598095615949216,0.3880567580154846,4.138063344002138,0.06707806511158187,3.6,0.36,1.2,10.2,2051.2,18256.8,263.4319444444444,0.21736111111111112,1.8,0.18,0.17092337762303692,1.3072625300797558,0.037381714538120586,3.121928094887362,0.040983606557377046,1455.8399999999997,1.5533487070324816,0.0650165523209412,1.2386658288447823,0.017300066119865076,0.3388329502262331,0.37595558709037513,29.1625623862819,28.160255680657446,243.0,10.963828262994303,69.39095222534502,0.2855594741783746,244.0,1.2557256874310774,0.7963522686597002,0.23717945482577396,19.987403459882472,0.37595558709037513,10.963828262994303,29.1625623862819,27.0,11.0,28.160255680657446,28.160255680657446,243.0,10.963828262994303,1.2557256874310774,0.7963522686597002,69.39095222534502,0.2855594741783746,244.0
"training_set_primary_roi_006.tif","d66be934-678e-4def-9fc6-aecfdb56e669","Annotation","nuclei_stroma",426.43243408203125,1018.7777709960938,111.0,,,54.0,114.0,733501.0,1.4914862835611329,25.5,5.932422293239224,174.0,77.03603603603604,19.003652300949568,68.0,51.0,123.0,11.007607776838533,81.29032609798732,1.7951780494701097,25.953155279689486,733501.0,0.4774774774774775,673.5662689716743,2.7214854111405837,52.49113951991152,9.54762969561425,2.766951150011609,0.5968169761273209,0.6451497524519494,0.3952254641909814,1.1860997238560116,0.4406138085823442,0.8326702033598588,0.8225464190981431,0.9790966615663568,0.9386920550713653,-0.21841191515429947,0.6585437917075626,0.2501473622163277,1.476127320954907,0.40828402366863903,2.3190209316911283,0.6259946949602122,2.9522546419098146,1.8529306842468298,0.8409420315347326,3.331202918735564,17.846846846846848,0.16078240402564728,7.830533235938642,53.0,1.0500771041311583,3.6216216216216215,40.351351351351354,52.52252252252252,38.729584584584586,0.7176576576576579,0.1136271404624579,1.1505390523743697,0.027044168601708277,48.83606557377049,0.2668637463047568,1.4284690495386545,6.546448087431694,11.66120218579235,19.97814207650273,10.676578627808135,0.42378718882817246,3.5523391569805147,70.1584699453552,0.3833796171877333,0.41216216216216217,5.774612559347847,0.6414158251803734,5.642185406236839,0.13056958960053136,4.0,0.25,1.25,10.25,341.9375,392.125,334.91475694444443,0.19206597222222221,3.75,0.234375,0.4108011273721973,5.6049748802066635,0.039092662157407775,3.375,0.14414414414414414,293.80859375,1.949761467086835,0.1046508104152473,3.0655746768741055,0.0315507401032115,1.4991968588256295,0.5545900896284482,16.524495672548177,18.867962264113206,111.0,9.164321536103397,45.205250082048025,0.4072545052436759,111.0,1.2103819950924757,0.8261854555458733,0.2060462563236842,15.084527202281395,0.5545900896284482,9.164321536103397,16.524495672548177,16.0,10.0,18.867962264113206,18.867962264113206,111.0,9.164321536103397,1.2103819950924757,0.8261854555458733,45.205250082048025,0.4072545052436759,111.0
"training_set_primary_roi_006.tif","abc24762-ef5b-4546-8d27-7af1821ec699","Annotation","nuclei_melanophage",1008.2745971679688,433.4251708984375,580.0,,,27.0,90.0,1874354.0,1.6855252117638388,36.0,2.854198646657743,136.0,50.97241379310345,21.08309155766975,41.0,21.0,115.0,15.902083760095163,56.8475577979055,0.9800049927188371,25.168588750481106,1874354.0,0.40479191438763373,633.4578596908441,7.668353265869365,35.09117443202494,6.671610709712439,3.4705618123021167,0.22217111315547378,0.8796711716550996,0.21297148114075434,0.7702266348387456,0.17681426137618708,0.8950475314320762,0.8944342226310945,0.9940326711255876,0.9697397818372981,-0.4997125374204173,0.898524044639276,0.2049218031278749,2.6184452621895122,0.3271875150752938,2.47217968177394,0.545998160073597,5.236890524379025,2.2358651538187018,0.9231832313643978,3.9230057546198758,124.13448275862069,0.21402497027348394,4.602604042806183,234.7793103448276,0.9590487514863257,7.972413793103448,52.689655172413794,353.2413793103448,11.136371168582379,0.20059626436781608,0.044654033468432074,0.4831260010230145,0.010017222488896227,150.1719532554257,0.25070442947483423,1.2383689008670546,10.51085141903172,31.893155258764608,188.7813021702838,7.10776943053237,0.1826001669449082,4.870550538218285,114.63272120200334,0.19137349115526434,0.25818965517241377,16.89208224057347,0.4308823993815733,5.168756878751332,0.08126149436750876,3.7777777777777777,0.20987654320987653,2.0617283950617282,12.444444444444445,6974.555555555556,35817.555555555555,1607.9306944444443,0.25010802469135807,3.4444444444444446,0.19135802469135801,0.42549534543350975,5.482391310522283,0.13473930000129009,3.836591668108979,0.03103448275862069,5936.283950617283,1.7790401656763224,0.035313961924271706,2.7291940765519342,0.012077347634239913,0.5039616017265733,0.5563060411976393,36.99234308961453,37.20215047547655,579.0,20.579063938808307,98.17569750083106,0.16956079015687575,580.0,1.1509588100110582,0.8688408232353616,0.33581310025878913,40.06798611163001,0.5563060411976393,20.579063938808307,36.99234308961453,30.0,29.0,37.20215047547655,37.20215047547655,579.0,20.579063938808307,1.1509588100110582,0.8688408232353616,98.17569750083106,0.16956079015687575,580.0
"training_set_primary_roi_006.tif","a2d30511-3492-4d88-ab9c-6ecb85e5f37d","Annotation","nuclei_melanophage",929.1204223632812,64.77401733398438,454.0,,,59.0,134.0,4131590.0,2.20676693422838,41.75,2.4925293775590247,162.0,91.10132158590308,23.476333714995395,86.0,31.0,131.0,17.40018017485823,95.39611366404107,0.35217826483502823,28.30137289080711,4131590.0,0.2427079896757166,800.9677075045115,10.423578199052132,51.65594801958727,3.4576121020815105,4.509205978639293,0.417654028436019,0.830458333365982,0.3904028436018957,1.040289163608096,0.2652396481435727,0.8093404423380729,0.8075236966824643,0.9888225310618678,0.9447147935003383,-0.38606847963323104,0.9003585288305395,0.36655805687203785,3.0660545023696684,0.12032699456436291,3.478396802276198,0.21208530805687204,6.132109004739337,3.008328222487601,1.2317150017688279,4.882368518919662,67.18061674008811,0.14797492674028218,3.668070406955307,110.18942731277534,1.3328465524267892,11.240088105726873,35.414096916299556,338.87444933920705,6.907311551639745,0.16911037689672054,0.05699717344108471,0.872886413620759,0.007027066803855523,176.98429319371726,0.23165483402319015,1.43568569940517,12.892670157068062,8.75392670157068,87.34816753926701,1.5923720186154737,0.1451934264107039,4.4541257163341905,201.99214659685865,0.26438762643567887,0.42070484581497797,3.103971930594008,0.5032265527405454,7.542391056662628,0.057981250681661774,4.2,0.21,2.0,18.0,1777.4,15438.25,276.46552777777777,0.13152777777777777,2.2,0.11,0.2735948104766679,6.002838132283548,0.01576391737142462,4.1219280948873624,0.04405286343612335,1262.11,2.339972270663462,0.032005838530981025,3.9635292774233744,0.02644397008423463,0.3884526799491584,0.5201851480406299,33.65296096369327,34.0147027033899,458.0,17.50577048090432,86.86197422229809,0.1896549655508692,454.0,1.1449645090833211,0.8733895173751872,0.31918759011083114,36.19880566589415,0.5201851480406299,17.50577048090432,33.65296096369327,32.0,23.0,34.0147027033899,34.0147027033899,458.0,17.50577048090432,1.1449645090833211,0.8733895173751872,86.86197422229809,0.1896549655508692,454.0
"training_set_primary_roi_006.tif","88dd31ab-ddf0-4c70-b040-06eee94e493f","Annotation","nuclei_histiocyte",828.1015625,160.4965057373047,239.0,,,82.8,143.0,2981496.0,1.9955705735460876,34.5,2.5514854332754937,167.0,109.1297071129707,19.421753820836503,106.0,50.0,117.0,14.393997154286007,111.69099632955141,0.05338756576654171,23.78204546554176,2981496.0,0.27714850930480905,565.5856865250954,8.940628637951107,25.389666301251374,0.08172009664921598,3.338833768588702,0.3282887077997672,0.8209556894194167,0.32363213038416766,0.9256912135632903,0.2235509519827723,0.8389600310438494,0.8386495925494762,0.9874105662311677,0.9461721824934864,-0.4118539055409046,0.8953554786281822,0.31955762514551805,2.861466821885914,0.15197436985096516,3.1191529282949224,0.25145518044237486,5.722933643771828,2.7773871043309217,0.9167806190971173,4.68227339053829,35.11715481171548,0.14693370214106896,3.6128919311636696,66.23849372384937,0.9601722658917037,9.246861924686192,38.17154811715481,346.69456066945605,7.00489539748954,0.20112273361227337,0.054919363297775324,0.5101991717188967,0.011277753617309483,93.99731903485255,0.25200353628646793,1.1636538751805876,9.485254691689008,10.369973190348526,93.69973190348526,1.8661111111111113,0.21770330652368186,4.412965377194842,89.32171581769437,0.23946840701794736,0.3901673640167364,3.8009904477139926,0.4665719581346542,4.62094744545711,0.10181745148380102,2.6363636363636362,0.2396694214876033,1.8347107438016528,9.272727272727273,1296.6363636363637,12043.272727272728,190.3341414141414,0.3058838383838384,1.5454545454545454,0.14049586776859505,0.30306261607094137,2.170616925366458,0.06117091147009774,3.277613436819116,0.04602510460251046,824.5619834710743,1.6079423968978765,0.056559043150357854,2.5095187331886106,0.027358405123432527,0.4368498389754406,0.4615888467459195,25.784031521035025,25.709920264364882,238.0,11.901621374254994,66.92584102428088,0.28120101270706255,239.0,1.223771759463192,0.8171458380757621,0.24525126973358455,21.370996598867947,0.4615888467459195,11.901621374254994,25.784031521035025,12.0,25.0,25.709920264364882,25.709920264364882,238.0,11.901621374254994,1.223771759463192,0.8171458380757621,66.92584102428088,0.28120101270706255,239.0
"training_set_primary_roi_006.tif","5098ff4b-b4ff-4a03-b853-914996f44629","Annotation","nuclei_tumor",443.3060607910156,257.8955078125,359.0,,,91.80000000000001,143.0,4918704.0,1.7252087020921172,30.5,2.0643809989944373,156.0,115.53203342618384,15.76578394022392,115.0,83.0,73.0,12.188431651919878,117.05180625769691,0.24905737748603046,18.800920206217402,4918704.0,0.32576562875831194,353.47460060055374,4.770566037735849,12.696287174498831,0.7492650419339415,2.374062798148807,0.24754716981132074,0.8111487423097213,0.24452830188679245,0.8132610227168121,0.18775307938768243,0.8782389937106916,0.8780377358490566,0.9854916759156492,0.9511949685534592,-0.4353681488595102,0.8782884217401585,0.24188679245283018,2.058867924528302,0.2041107867568529,2.651767387242886,0.3230188679245283,4.117735849056603,2.395962711759555,0.655402491990032,4.364869394486646,58.080779944289695,0.1617849023517819,3.729766218449578,116.94986072423399,0.6817917303559098,5.128133704735376,47.128133704735376,210.73259052924791,21.167246982358403,0.39333797585886726,0.03827868277198427,0.2403146526071483,0.011841738619086687,139.72517321016167,0.32269093120129716,0.7077215196624871,6.159353348729792,17.963048498845264,76.72979214780601,8.450827559661278,0.3107839363613036,4.494640047878859,75.16628175519631,0.17359418419213926,0.30153203342618384,6.964557920731349,0.35793193794873035,2.545855037781354,0.09166607381868541,3.5454545454545454,0.32231404958677684,0.8099173553719008,9.272727272727273,3261.3636363636365,13014.818181818182,1319.1047979797981,0.20391414141414144,1.1818181818181819,0.10743801652892562,0.21268371686336182,1.6570327051638307,0.0348963454861158,3.459431618637298,0.03064066852367688,2196.231404958678,5.050730603767986,0.03690489390026574,1.3358384501534215,0.02692145850233991,0.1961077642949921,0.5341354797544667,29.462495210093348,28.792360097775937,360.5,15.736964013806888,74.5181276547643,0.206707705006281,359.0,1.107144654983682,0.9032243397451427,0.31618221045258615,35.52033955845689,0.5341354797544667,15.736964013806888,29.462495210093348,15.0,27.0,28.792360097775937,28.792360097775937,360.5,15.736964013806888,1.107144654983682,0.9032243397451427,74.5181276547643,0.206707705006281,359.0
"training_set_primary_roi_006.tif","7ab8816d-bf1e-4142-9293-9bf55b4ca9b0","Annotation","nuclei_histiocyte",581.4888916015625,607.0552978515625,418.0,,,74.0,127.30000000000001,4592917.0,1.8261753454994794,29.0,2.866805845288006,142.0,102.71052631578948,16.848904558045813,105.0,41.0,101.0,12.087585034013594,104.82289689241878,-0.5338768777098902,20.937705147703717,4592917.0,0.32928504384057145,438.3874968521787,13.71943371943372,22.629487998706015,-2.156335402500483,2.7130334968172813,0.29987129987129985,0.8009420674686556,0.29987129987129985,0.8811335202679006,0.20994850338479681,0.8500643500643501,0.8500643500643501,0.9884664884664885,0.9500214500214501,-0.3982284197971939,0.8739001657870521,0.29987129987129985,3.6216216216216215,0.19020992862691705,2.901363612812426,0.34684684684684686,7.243243243243243,2.6014923129411263,0.7532261991721452,4.443848549391333,66.29665071770334,0.15860442755431423,3.2543211007074007,137.64114832535884,0.7751940202834184,13.911483253588516,41.76555023923445,592.5622009569378,3.854530834662414,0.10373604465709728,0.03829806260179067,0.5502852173121597,0.004318105487421356,167.15068493150685,0.2862169262525802,0.9683688309251267,13.678082191780822,13.157534246575343,190.92465753424656,1.1672070015220701,0.11719606164383563,4.498739643376398,122.52397260273973,0.20980132294989678,0.3492822966507177,4.960686808031525,0.39971720445178704,5.624237854025194,0.0495694373424691,3.0,0.25,1.888888888888889,13.0,4020.6666666666665,60633.25,294.7924074074074,0.19215277777777776,1.5,0.125,0.07929059881293193,1.083138559404142,0.011973258141574251,3.584962500721156,0.028708133971291867,2807.3055555555547,1.8525627676138574,0.030740242586319702,2.6599370196750685,0.02028305133215366,0.28939058974881515,0.7685530203796533,26.886237479865866,28.653097563788805,419.0,20.663499021795552,81.10437407973365,0.19356652524996096,418.0,1.1177182278355133,0.8946798710946342,0.32364780886118066,37.217533539821886,0.7685530203796533,20.663499021795552,26.886237479865866,26.0,23.0,28.653097563788805,28.653097563788805,419.0,20.663499021795552,1.1177182278355133,0.8946798710946342,81.10437407973365,0.19356652524996096,418.0
"training_set_primary_roi_006.tif","409630a9-d4a4-4686-b8e6-a94badc72885","Annotation","nuclei_melanophage",928.5968017578125,559.2654418945312,417.0,,,43.0,76.40000000000003,1556197.0,1.3741996422014988,16.0,5.916746243595463,128.0,59.04796163069545,11.294687990614685,57.0,25.0,103.0,6.893080864335041,61.08917490167849,1.3544465681244606,15.659678075483681,1556197.0,0.4730661513954304,245.2255174277843,3.6660206718346253,10.404902829994144,1.4956564067967,1.3438607956252628,0.2810077519379845,0.6541163254598027,0.27454780361757103,0.8686283289044201,0.20563125546675215,0.8638027562446167,0.8633720930232558,0.9892434149651472,0.9543958410237481,-0.270739435021962,0.7121481154442848,0.2688953488372093,1.8439922480620154,0.3177505859022895,2.2596566886152774,0.5167958656330749,3.687984496124031,1.964969166508471,0.40621713689081196,4.012160390451826,62.1031175059952,0.14892833934291416,4.299466901299104,197.2685851318945,0.45266808136224845,3.9784172661870505,45.388489208633096,165.3117505995204,18.554835464961364,0.42960231814548366,0.05365560839310412,0.37936616126599854,0.018641215523424043,186.97407407407408,0.3462482853223594,0.7302434842249658,4.590740740740741,16.74074074074074,63.31481481481482,6.194226337448559,0.45298405349794235,4.2570214939029105,110.46296296296296,0.20456104252400548,0.3237410071942446,7.1995061728395084,0.4312628552356997,2.4345454370677673,0.18033528891005587,6.2,0.31,1.55,7.8,3607.35,14168.95,995.9294305555555,0.4183194444444444,3.3,0.165,0.3898173460595083,4.849195867394046,0.05303064537500416,3.821928094887362,0.047961630695443645,3172.6275,3.962950058072008,0.023763469222277588,3.384574840960367,0.011883506363408387,0.3391049394596289,0.6305397894489478,29.27410394390989,30.066592756745816,417.5,18.458487337099555,80.58775002836433,0.1930245509661421,417.0,1.112591810084552,0.8988022300146219,0.32559520278071236,37.66675794204351,0.6305397894489478,18.458487337099555,29.27410394390989,20.0,30.0,30.066592756745816,30.066592756745816,417.5,18.458487337099555,1.112591810084552,0.8988022300146219,80.58775002836433,0.1930245509661421,417.0
"training_set_primary_roi_006.tif","fb40aec3-2445-40bc-95e4-f030d66522b1","Annotation","nuclei_melanophage",803.9729614257812,678.5465698242188,220.0,,,84.9,153.1,3078026.0,2.168658374782727,35.0,4.475224907316615,227.0,114.58181818181818,22.565619834710745,109.0,73.0,154.0,14.915030991735508,118.28367289160103,1.2301843574801656,29.36041918767567,3078026.0,0.2698760330578513,862.0342148760336,9.799746514575409,88.24158602519785,10.684566181426213,4.58833999174325,0.6780735107731305,0.7424913518662611,0.505703422053232,1.2888887684603174,0.42233755969678133,0.7730249260667512,0.7643852978453742,0.9898822658954163,0.9456568217024491,-0.272836844525837,0.8236517152982448,0.38181242078580513,2.9702154626109,0.13884029615065197,3.590765305233174,0.28390367553865653,5.940430925221799,2.895138656873737,1.316603375629095,4.6699156583139665,28.363636363636363,0.12892561983471074,4.6933057851239655,59.372727272727275,1.515268595041322,11.040909090909091,30.51818181818182,229.49545454545455,5.668829783807462,0.16327422825190685,0.09696898692136786,2.158132953686525,0.011195003465144003,94.34106728538283,0.21888878720506458,1.9475347354934565,13.995359628770302,6.844547563805104,57.02088167053364,1.2482990172093587,0.14742830310778604,4.196099581754892,152.1461716937355,0.3530073589181798,0.48977272727272725,2.6757500228788595,0.608241904048721,10.316891741916324,0.08221505165613552,3.6956521739130435,0.16068052930056712,3.206049149338375,23.652173913043477,485.6521739130435,3268.478260869565,90.62078730405206,0.14188633786848073,4.130434782608695,0.17958412098298676,0.3769756800232616,13.185878247825338,0.02836679402632632,4.262692390839622,0.10454545454545454,394.1587901701324,0.7132832080200497,0.05839320111022918,9.971588850655184,0.019182450053416865,1.7980806461685788,0.4970551327872421,24.189648490023906,24.515301344262525,222.0,12.023588942285544,63.39209262228913,0.2855499667670681,220.0,1.2002001291712507,0.8331943779163806,0.2481563573042728,21.88028916010975,0.4970551327872421,12.023588942285544,24.189648490023906,12.0,24.0,24.515301344262525,24.515301344262525,222.0,12.023588942285544,1.2002001291712507,0.8331943779163806,63.39209262228913,0.2855499667670681,220.0
"training_set_primary_roi_006.tif","3b3acac7-aab6-4aae-9827-ea5643179d05","Annotation","nuclei_tumor",26.151260375976562,134.6638641357422,178.0,,,105.7,147.0,2866328.0,1.546269784551615,24.0,2.497643269956937,169.0,125.88764044943821,13.16475192526193,125.0,94.0,75.0,9.6545552349748,126.89746369464928,0.20652578713862843,15.977117205797859,2866328.0,0.3883979295543492,255.26827420780197,6.498422712933754,6.862892624160986,0.37473850662060854,1.6326364079650504,0.26182965299684546,0.7235847520394174,0.26182965299684546,0.829494811892368,0.193274885808397,0.8690851735015773,0.8690851735015773,0.9845982557060678,0.9476340694006309,-0.35144134842165486,0.8073515607126077,0.26182965299684546,2.481072555205047,0.2531918916498323,2.474483800491069,0.3801261829652997,4.962145110410095,2.2126541474942236,0.47361651524047416,3.948052906352198,30.471910112359552,0.17119050624921095,3.539957076126752,69.13483146067416,0.5058704709001389,7.01123595505618,42.70786516853933,267.53932584269666,8.796933520599252,0.20860642946317104,0.04601978270500877,0.4301038225319258,0.008295594845303915,80.86065573770492,0.33139613007256113,0.6881886589626444,8.049180327868852,13.557377049180328,85.82786885245902,2.7771516393442623,0.21120787795992715,4.0350501767609455,50.07377049180328,0.20522037086804623,0.34269662921348315,5.0424617038430535,0.3746038423167723,3.6165447488951314,0.07968688457404254,2.75,0.34375,1.109375,10.875,1500.75,9607.75,281.7560763888889,0.2152777777777778,1.25,0.15625,0.27624778536080613,3.515271789118962,0.025177765816140067,3.0,0.0449438202247191,1005.6875,1.7344492084432717,0.06769540869201443,1.3962536136159767,0.020883396738778176,0.3190665374236032,0.5060886276141741,21.333418990838005,21.213203435596427,178.5,10.796600739391366,53.28444172520498,0.2985122785725769,178.0,1.1250617965070022,0.8888400647010825,0.25891824475975994,23.81922103693867,0.5060886276141741,10.796600739391366,21.333418990838005,21.0,10.0,21.213203435596427,21.213203435596427,178.5,10.796600739391366,1.1250617965070022,0.8888400647010825,53.28444172520498,0.2985122785725769,178.0
"training_set_primary_roi_006.tif","8b32c67c-780a-4f57-b5a7-20856b78de8a","Annotation","nuclei_tumor",172.23814392089844,68.01567077636719,437.0,,,118.0,148.0,7866667.0,1.074548438963822,16.0,2.2357215185470265,159.0,133.71853546910756,9.093905293529282,134.0,108.0,51.0,6.945461431637408,134.16976677250904,-0.14917669231603353,10.994525355216531,7866667.0,0.5645994899695762,120.8795877864992,3.4695384615384617,2.293108327008356,-0.3974458979044169,0.8853941775147929,0.14953846153846154,0.7110179814692912,0.14953846153846154,0.6086840983645464,0.1271767100591716,0.9252307692307693,0.9252307692307693,0.9850461538461539,0.9626153846153847,-0.41389766383965604,0.7674814614804657,0.14953846153846154,1.812615384615385,0.444238201183432,1.7038140271276268,0.6313846153846154,3.625230769230769,1.5542755655891651,0.2587331597633136,3.3469405370971197,104.20823798627002,0.23846278715393598,3.6472725939812234,246.72997711670482,0.2581361372788254,3.6178489702517163,57.30205949656751,192.89016018306637,24.36104754640224,0.4116450546656497,0.030305159969742628,0.14590452112279778,0.010691748889995863,162.98907103825135,0.4453253307056048,0.3934127623995939,4.371584699453552,39.77049180327869,138.50273224043715,15.78567091681846,0.37264723740133576,4.522033981918146,45.666666666666664,0.12477231329690346,0.20938215102974828,16.96073337513811,0.320465446726428,1.9287498178529607,0.08528554499923725,3.75,0.46875,0.734375,6.375,13371.375,50089.375,4221.597222222223,0.3506944444444445,1.5,0.1875,0.20390345814725383,1.5850184215759193,0.0504457049444085,2.75,0.018306636155606407,10387.484375,5.742190497994068,0.034845861550826904,0.4365891974033415,0.013075344045285292,0.08608034271981509,0.5549048210842292,32.021002913724054,31.622776601683793,436.0,17.76860889277763,81.50184076708771,0.18693082744744888,437.0,1.101080929987875,0.9081984555040945,0.33431851299151744,39.712122460417184,0.5549048210842292,17.76860889277763,32.021002913724054,31.0,21.0,31.622776601683793,31.622776601683793,436.0,17.76860889277763,1.101080929987875,0.9081984555040945,81.50184076708771,0.18693082744744888,437.0
"training_set_primary_roi_006.tif","15e02e23-ab9f-4e44-9d0c-54d64bdb1228","Annotation","nuclei_tumor",237.70594787597656,30.32984733581543,715.0,,,129.0,148.0,1.3638435E7,0.5554515330958509,10.0,3.388192558723293,166.0,137.9062937062937,5.894363538559326,137.0,118.0,48.0,4.252756161288043,138.1113111433465,0.4435563216126966,7.522527628910545,1.3638435E7,0.8169025380214191,56.58842192772251,4.158806190125276,0.8667641056593596,0.13397566186356863,0.28303091750029463,0.08106116433308769,0.554721630171659,0.08106116433308769,0.40590727621818273,0.07449025197005185,0.9594694178334561,0.9594694178334561,0.9918938835666912,0.9797347089167281,-0.30244988691996966,0.5229857398910642,0.08106116433308769,2.02689756816507,0.7561526276318269,0.8967248891221844,0.8677229182019159,4.053795136330139,0.8156637247890968,0.09102302045834557,2.1935077903142344,302.83216783216784,0.4235414934715634,2.7337004254486765,584.0853146853146,0.09787471269988753,4.2503496503496505,66.35384615384615,273.06433566433566,16.88135198135198,0.26355866355866364,0.025081313307503784,0.12111505910315434,0.008356894526206695,165.72131147540983,0.45279046851204874,0.3767580399534175,4.953551912568306,119.98360655737704,485.344262295082,30.228142076502728,0.30912264723740135,4.853226106375863,33.86338797814208,0.09252291797306578,0.12797202797202797,58.921765355788466,0.26133156377232086,1.5621644457389494,0.0969123198710975,5.5,0.4583333333333333,0.8541666666666666,5.916666666666667,34632.583333333336,138730.58333333334,8665.583333333334,0.41898148148148145,2.1666666666666665,0.18055555555555555,0.3461742608327725,1.7603141304437129,0.18904752493251498,3.084962500721156,0.016783216783216783,31082.409722222215,3.934394747235386,0.0358867734653699,0.25281543992171385,0.0027298234060405525,0.07681926860499712,0.8491115509824093,32.9417680130829,34.132096331752024,717.0,27.97123572969154,98.17110278744697,0.13691925074957736,715.0,1.0342348307086153,0.9668983970640798,0.41588065081755604,61.452517057626046,0.8491115509824093,27.97123572969154,32.9417680130829,31.0,30.0,34.132096331752024,34.132096331752024,717.0,27.97123572969154,1.0342348307086153,0.9668983970640798,98.17110278744697,0.13691925074957736,715.0
"training_set_primary_roi_006.tif","cd49811b-d93c-41ec-941f-4a66f0f9376d","Annotation","nuclei_tumor",37.92170333862305,291.81866455078125,289.0,,,140.0,166.0,6692707.0,1.1360181316649443,14.0,2.86633955371279,181.0,151.85121107266437,8.041833790304228,150.0,130.0,51.0,5.907704258173855,152.17803951077357,0.42183634897467825,9.968219756190045,6692707.0,0.479556039798374,99.36540510769751,2.5570469798657713,1.2701074975327336,0.05056568275643214,0.8621545821157165,0.25407478427612656,0.5447624082899541,0.25407478427612656,0.8176728557473246,0.18952078827116628,0.8729626078619368,0.8729626078619368,0.9745925215723874,0.9364813039309685,-0.21703403377838648,0.6160074334307573,0.25407478427612656,1.5508149568552252,0.3035738415901471,1.9600247466667182,0.39213806327900286,3.101629913710451,1.7059499623905916,0.2790573415979608,3.9154321759374935,42.72318339100346,0.14783108439793585,4.520300283760969,138.5916955017301,0.2929083703499719,2.7716262975778547,45.27681660899654,115.92733564013841,27.694925028835062,0.5840061514802,0.058235925088989844,0.25215926893633267,0.027483313314432524,168.4814814814815,0.4457182049774642,0.36066319531927993,3.1296296296296298,16.17989417989418,39.91534391534392,10.345972957084069,0.5440182245737801,3.905561584869342,80.95238095238095,0.21415973796926177,0.32698961937716264,6.827300467512107,0.4571008494555549,1.6162288491973886,0.24113163938226911,4.714285714285714,0.336734693877551,0.6377551020408163,4.928571428571429,1903.2142857142858,4615.357142857143,1226.2103174603176,0.41468253968253965,3.142857142857143,0.22448979591836735,0.4601213711656319,3.0382214177474984,0.14187501913215825,3.2359263506290334,0.04844290657439446,1477.0867346938776,8.191494194851089,0.03116651825467497,0.8772095674624826,0.02416409595556147,0.09569088650736729,0.47875186595268004,29.369037407834696,29.966648127543394,289.5,14.060481460234922,77.04820882347246,0.2661423448133764,289.0,1.2774188806505653,0.7828285734204264,0.2415070490387104,20.723440992220244,0.47875186595268004,14.060481460234922,29.369037407834696,27.0,18.0,29.966648127543394,29.966648127543394,289.5,14.060481460234922,1.2774188806505653,0.7828285734204264,77.04820882347246,0.2661423448133764,289.0
"training_set_primary_roi_006.tif","1093ea57-2a9a-400f-bc66-460f3f2c0c90","Annotation","nuclei_tumor",312.1011657714844,414.2173767089844,664.0,,,130.0,155.0,1.3373122E7,0.8891447645939309,14.0,3.9569071274839756,182.0,141.539156626506,8.131015023951212,140.0,120.0,62.0,5.735700197238664,141.9163273760409,0.8788092679573772,10.339783235687802,1.3373122E7,0.6472818986790536,106.91111736101051,4.803024273776363,1.9736316609528857,0.658290609807806,0.6141941727925254,0.12932749701551932,0.6521217813358208,0.12932749701551932,0.5555909543117122,0.11260189553122014,0.9353362514922402,0.9353362514922402,0.9923925001755577,0.9741345005968963,-0.3446832681298729,0.6630619033137355,0.12932749701551932,2.1637485077596494,0.5698043076915282,1.39077278828668,0.7417429367290092,4.3274970155193,1.261445291271161,0.1858804174520112,2.8059204867360017,204.2289156626506,0.3075736681666425,3.3653287850195963,429.7951807228916,0.20194331543039626,4.996987951807229,60.9789156626506,279.0451807228916,14.467704149933066,0.2352325970548862,0.026232702446217223,0.1507330794739806,0.007300023262983486,196.39316239316238,0.41964350938709916,0.4259076630871502,6.380341880341881,66.21794871794872,286.46153846153845,16.083155270655272,0.23257953466286804,4.536117594671012,59.06837606837607,0.12621447877858133,0.17620481927710843,34.00989845861641,0.3167059845532439,2.402286521370515,0.07958080789137395,5.0,0.4166666666666667,0.9166666666666666,7.166666666666667,22921.666666666668,94461.33333333333,5656.981481481482,0.34085648148148145,1.3333333333333333,0.1111111111111111,0.11199860478804909,0.33259237172488,0.09128579989098091,3.584962500721156,0.018072289156626505,19859.88888888889,3.737380123262305,0.025778375115659752,0.8661431053464534,0.004502172025877236,0.13944504579456563,0.8140959103710702,32.366044615345885,33.28663395418648,665.5,26.349064556240684,96.01654891960031,0.14427730866957222,664.0,1.049946403717706,0.9524295682704821,0.39907450632709984,56.58615909824539,0.8140959103710702,26.349064556240684,32.366044615345885,29.0,30.0,33.28663395418648,33.28663395418648,665.5,26.349064556240684,1.049946403717706,0.9524295682704821,96.01654891960031,0.14427730866957222,664.0
"training_set_primary_roi_006.tif","d443f741-daac-4681-8dfe-6950e7631e3e","Annotation","nuclei_tumor",592.6046142578125,27.67641258239746,516.0,,,96.0,143.0,7429733.0,1.668273417269188,29.0,2.1166948641477568,160.0,118.65697674418605,15.079344690823868,118.0,81.0,79.0,11.613866405409004,119.99461389721243,0.13712676723274672,17.86698727460164,7429733.0,0.3536070548644914,319.22923427077694,5.652376033057851,12.030999689575722,0.498095299586782,2.2581353305785123,0.20661157024793392,0.8323466233562109,0.20661157024793392,0.7349557594762548,0.16392322928761702,0.8966942148760331,0.8966942148760331,0.9878463782207099,0.9586776859504134,-0.5010162520884663,0.9025130154106206,0.20661157024793392,2.267045454545454,0.24359834966873847,2.520456043311801,0.3894628099173554,4.534090909090908,2.313844473063867,0.6161867252066116,4.209223094060941,95.27131782945736,0.18463433687879335,3.3970614746709935,182.46124031007753,0.6037910882759451,5.753875968992248,51.748062015503876,291.0251937984496,15.34642818690784,0.31170596468561584,0.03015774352735639,0.1866270823933938,0.00964396436293378,160.4431818181818,0.30386966253443526,0.791318727043159,6.017045454545454,25.386363636363637,140.83333333333334,7.080702861952862,0.3413431186868686,4.877874943430434,75.0340909090909,0.14211002066115702,0.2558139534883721,10.105371900826443,0.31227703644396126,2.030017751809606,0.10775826042967575,3.6666666666666665,0.3055555555555556,1.0,5.0,7223.5,40090.416666666664,1675.0144675925924,0.5121527777777778,1.1666666666666667,0.09722222222222222,0.129876407955092,0.9507711246457333,0.027911788232147672,3.584962500721156,0.023255813953488372,5374.5,4.986076076076076,0.031077535238271146,1.116743419229451,0.020247330271161906,0.14694450940763262,0.6436074177191105,32.14792105716264,32.64965543462902,513.0,20.690640456638263,86.34305267380223,0.1683100441984449,516.0,1.075384529906527,0.9298999308525673,0.3607458386580644,46.2386244959966,0.6436074177191105,20.690640456638263,32.14792105716264,24.0,30.0,32.64965543462902,32.64965543462902,513.0,20.690640456638263,1.075384529906527,0.9298999308525673,86.34305267380223,0.1683100441984449,516.0
"training_set_primary_roi_006.tif","e5bb6fc7-b6c7-4893-87bd-77da8cf2eb9c","Annotation","nuclei_stroma",129.65377807617188,695.9390258789062,497.0,,,49.0,97.0,3094778.0,1.8696724662613926,23.0,9.521258614212218,210.0,75.21529175050301,16.3644806464541,72.0,37.0,173.0,9.832651210665654,78.91081994904235,1.9168944785963156,23.865820579164954,3094778.0,0.3414895813512868,569.5773919168935,6.55418304323414,63.61588008944763,6.183790381216066,2.8960482174906947,0.5524985962942166,0.6795759917854626,0.390791690061763,1.152733137181673,0.39978045127288775,0.8260995695302268,0.8200400913615565,0.9919144409411118,0.9582275482331629,-0.30205724250369426,0.8108892348672122,0.2956818890760496,2.443009545199326,0.19796885901182287,3.0118841885619108,0.3368893879842785,4.886019090398652,2.5214777394438634,0.8621367034462277,4.575638388682187,63.7887323943662,0.12834755008926801,6.145824646065529,169.72032193158952,1.0426340740620785,7.3480885311871225,39.74849094567404,224.33400402414486,11.2936472862116,0.2593398771312683,0.09800881346278731,1.6839520776080013,0.013513637552337344,216.79899497487438,0.2723605464508472,1.6756316128380595,9.81532663316583,11.306532663316583,69.10301507537689,3.0512997527319135,0.22257578282569315,4.31765882585266,244.33165829145727,0.30694931946162973,0.40040241448692154,5.069089164415039,0.5703350264907531,7.334994109745146,0.09491339849557386,9.538461538461538,0.1834319526627219,2.5754437869822486,18.26923076923077,855.4423076923077,4865.423076923077,202.82036243022853,0.1259638823478109,15.884615384615385,0.30547337278106507,0.5154203591701909,12.52298115906596,0.03533611530583686,4.118426977631661,0.10462776659959759,764.092825443787,1.9831777050442823,0.021109155997815664,10.720376717500802,0.01262191757471943,0.9733567826292074,0.15837665843164098,69.02018866709989,61.40032573203501,494.810001373291,10.931186845416695,137.7454827432137,0.2783805548815024,497.0,1.7468402844516195,0.5724621815176005,0.17268216492547112,10.594908630261493,0.15837665843164098,10.931186845416695,69.02018866709989,59.0,22.0,61.40032573203501,61.40032573203501,494.810001373291,10.931186845416695,1.7468402844516195,0.5724621815176005,137.7454827432137,0.2783805548815024,497.0
