{"type": "FeatureCollection", "features": [{"type": "Feature", "geometry": {"type": "Polygon", "coordinates": [[[290.5, 301.0], [289.5, 301.0], [288.5, 301.0], [287.5, 301.0], [286.5, 301.0], [285.5, 301.0], [284.5, 301.0], [283.5, 301.0], [282.5, 301.0], [281.5, 301.0], [280.5, 301.0], [279.5, 301.0], [278.5, 301.0], [277.5, 301.0], [276.5, 301.0], [275.5, 301.0], [274.5, 301.0], [273.5, 301.0], [272.5, 301.0], [271.5, 301.0], [270.5, 301.0], [270.0, 300.5], [269.5, 300.0], [268.5, 300.0], [268.0, 299.5], [267.5, 299.0], [266.5, 299.0], [266.0, 298.5], [265.5, 298.0], [265.0, 297.5], [264.5, 297.0], [264.0, 296.5], [263.5, 296.0], [263.0, 295.5], [263.0, 294.5], [262.5, 294.0], [262.0, 293.5], [262.0, 292.5], [262.0, 291.5], [262.0, 290.5], [261.5, 290.0], [261.0, 289.5], [261.0, 288.5], [261.5, 288.0], [262.0, 287.5], [262.0, 286.5], [262.0, 285.5], [262.0, 284.5], [262.5, 284.0], [263.0, 283.5], [263.5, 283.0], [264.0, 282.5], [264.5, 282.0], [265.0, 281.5], [265.5, 281.0], [266.5, 281.0], [267.0, 280.5], [267.5, 280.0], [268.5, 280.0], [269.5, 280.0], [270.5, 280.0], [271.0, 279.5], [271.5, 279.0], [272.5, 279.0], [273.5, 279.0], [274.0, 278.5], [274.5, 278.0], [275.5, 278.0], [276.5, 278.0], [277.5, 278.0], [278.5, 278.0], [279.5, 278.0], [280.5, 278.0], [281.5, 278.0], [282.5, 278.0], [283.0, 278.5], [283.5, 279.0], [284.5, 279.0], [285.0, 279.5], [285.5, 280.0], [286.0, 280.5], [286.0, 281.5], [286.5, 282.0], [287.0, 282.5], [287.5, 283.0], [288.0, 283.5], [288.0, 284.5], [288.5, 285.0], [289.0, 285.5], [289.0, 286.5], [289.5, 287.0], [290.0, 287.5], [290.0, 288.5], [290.5, 289.0], [291.0, 289.5], [291.0, 290.5], [291.5, 291.0], [292.0, 291.5], [292.5, 292.0], [293.0, 292.5], [293.5, 293.0], [294.0, 293.5], [294.0, 294.5], [294.5, 295.0], [295.0, 295.5], [295.0, 296.5], [295.0, 297.5], [294.5, 298.0], [294.0, 298.5], [293.5, 299.0], [293.0, 299.5], [292.5, 300.0], [291.5, 300.0], [291.0, 300.5], [290.5, 301.0]]]}, "properties": {"objectType": "detection", "name": "label_1", "label_id": 1}}, {"type": "Feature", "geometry": {"type": "Polygon", "coordinates": [[[604.5, 411.0], [603.5, 411.0], [602.5, 411.0], [601.5, 411.0], [600.5, 411.0], [600.0, 410.5], [599.5, 410.0], [599.0, 409.5], [598.5, 409.0], [598.0, 408.5], [597.5, 408.0], [597.0, 407.5], [597.0, 406.5], [596.5, 406.0], [596.0, 405.5], [596.0, 404.5], [596.0, 403.5], [596.0, 402.5], [596.5, 402.0], [597.0, 401.5], [597.0, 400.5], [597.5, 400.0], [598.0, 399.5], [598.5, 399.0], [599.0, 398.5], [599.5, 398.0], [600.0, 397.5], [600.5, 397.0], [601.0, 396.5], [601.5, 396.0], [602.5, 396.0], [603.0, 395.5], [603.5, 395.0], [604.0, 394.5], [604.5, 394.0], [605.5, 394.0], [606.0, 393.5], [606.5, 393.0], [607.0, 392.5], [607.5, 392.0], [608.0, 391.5], [608.5, 391.0], [609.0, 390.5], [609.5, 390.0], [610.0, 389.5], [610.5, 389.0], [611.5, 389.0], [612.0, 388.5], [612.5, 388.0], [613.5, 388.0], [614.0, 387.5], [614.5, 387.0], [615.5, 387.0], [616.0, 386.5], [616.5, 386.0], [617.5, 386.0], [618.5, 386.0], [619.5, 386.0], [620.5, 386.0], [621.5, 386.0], [622.0, 386.5], [622.5, 387.0], [623.5, 387.0], [624.0, 387.5], [624.5, 388.0], [625.0, 388.5], [625.0, 389.5], [625.5, 390.0], [626.0, 390.5], [626.0, 391.5], [626.0, 392.5], [626.0, 393.5], [626.0, 394.5], [626.0, 395.5], [626.0, 396.5], [626.0, 397.5], [626.0, 398.5], [626.0, 399.5], [625.5, 400.0], [625.0, 400.5], [625.0, 401.5], [625.0, 402.5], [624.5, 403.0], [624.0, 403.5], [623.5, 404.0], [623.0, 404.5], [622.5, 405.0], [622.0, 405.5], [621.5, 406.0], [621.0, 406.5], [620.5, 407.0], [619.5, 407.0], [619.0, 407.5], [618.5, 408.0], [618.0, 408.5], [617.5, 409.0], [616.5, 409.0], [615.5, 409.0], [614.5, 409.0], [613.5, 409.0], [612.5, 409.0], [612.0, 409.5], [611.5, 410.0], [610.5, 410.0], [609.5, 410.0], [608.5, 410.0], [607.5, 410.0], [606.5, 410.0], [605.5, 410.0], [605.0, 410.5], [604.5, 411.0]]]}, "properties": {"objectType": "detection", "name": "label_2", "label_id": 2}}, {"type": "Feature", "geometry": {"type": "Polygon", "coordinates": [[[561.5, 415.0], [560.5, 415.0], [559.5, 415.0], [558.5, 415.0], [557.5, 415.0], [556.5, 415.0], [555.5, 415.0], [554.5, 415.0], [553.5, 415.0], [552.5, 415.0], [551.5, 415.0], [550.5, 415.0], [550.0, 414.5], [549.5, 414.0], [548.5, 414.0], [547.5, 414.0], [547.0, 413.5], [546.5, 413.0], [545.5, 413.0], [545.0, 412.5], [544.5, 412.0], [543.5, 412.0], [543.0, 411.5], [542.5, 411.0], [542.0, 410.5], [541.5, 410.0], [541.0, 409.5], [540.5, 409.0], [540.0, 408.5], [539.5, 408.0], [539.0, 407.5], [538.5, 407.0], [538.0, 406.5], [538.0, 405.5], [538.0, 404.5], [538.0, 403.5], [538.0, 402.5], [538.0, 401.5], [538.5, 401.0], [539.0, 400.5], [539.0, 399.5], [539.5, 399.0], [540.0, 398.5], [540.5, 398.0], [541.5, 398.0], [542.0, 397.5], [542.5, 397.0], [543.0, 396.5], [543.5, 396.0], [544.5, 396.0], [545.0, 395.5], [545.5, 395.0], [546.5, 395.0], [547.5, 395.0], [548.5, 395.0], [549.0, 394.5], [549.5, 394.0], [550.5, 394.0], [551.5, 394.0], [552.5, 394.0], [553.5, 394.0], [554.5, 394.0], [555.5, 394.0], [556.0, 394.5], [556.5, 395.0], [557.5, 395.0], [558.5, 395.0], [559.5, 395.0], [560.5, 395.0], [561.0, 395.5], [561.5, 396.0], [562.5, 396.0], [563.0, 396.5], [563.5, 397.0], [564.5, 397.0], [565.0, 397.5], [565.5, 398.0], [566.0, 398.5], [566.5, 399.0], [567.0, 399.5], [567.5, 400.0], [568.0, 400.5], [568.0, 401.5], [568.0, 402.5], [568.0, 403.5], [568.0, 404.5], [568.0, 405.5], [568.0, 406.5], [567.5, 407.0], [567.0, 407.5], [567.0, 408.5], [566.5, 409.0], [566.0, 409.5], [565.5, 410.0], [565.0, 410.5], [565.0, 411.5], [564.5, 412.0], [564.0, 412.5], [563.5, 413.0], [563.0, 413.5], [562.5, 414.0], [562.0, 414.5], [561.5, 415.0]]]}, "properties": {"objectType": "detection", "name": "label_3", "label_id": 3}}, {"type": "Feature", "geometry": {"type": "Polygon", "coordinates": [[[75.5, 427.0], [74.5, 427.0], [73.5, 427.0], [72.5, 427.0], [71.5, 427.0], [70.5, 427.0], [69.5, 427.0], [68.5, 427.0], [68.0, 426.5], [67.5, 426.0], [66.5, 426.0], [66.0, 425.5], [65.5, 425.0], [65.0, 424.5], [64.5, 424.0], [63.5, 424.0], [63.0, 423.5], [63.0, 422.5], [63.0, 421.5], [63.0, 420.5], [63.0, 419.5], [62.5, 419.0], [62.0, 418.5], [62.0, 417.5], [62.0, 416.5], [62.5, 416.0], [63.0, 415.5], [63.0, 414.5], [63.0, 413.5], [63.0, 412.5], [63.5, 412.0], [64.0, 411.5], [64.0, 410.5], [64.5, 410.0], [65.0, 409.5], [65.0, 408.5], [65.5, 408.0], [66.0, 407.5], [66.5, 407.0], [67.0, 406.5], [67.0, 405.5], [67.5, 405.0], [68.0, 404.5], [68.5, 404.0], [69.0, 403.5], [69.5, 403.0], [70.5, 403.0], [71.0, 402.5], [71.5, 402.0], [72.5, 402.0], [73.5, 402.0], [74.5, 402.0], [75.5, 402.0], [76.5, 402.0], [77.5, 402.0], [78.0, 402.5], [78.5, 403.0], [79.5, 403.0], [80.0, 403.5], [80.5, 404.0], [81.5, 404.0], [82.0, 404.5], [82.5, 405.0], [83.5, 405.0], [84.0, 405.5], [84.5, 406.0], [85.0, 406.5], [85.0, 407.5], [85.5, 408.0], [86.0, 408.5], [86.0, 409.5], [86.5, 410.0], [87.0, 410.5], [87.0, 411.5], [87.0, 412.5], [87.0, 413.5], [87.0, 414.5], [87.0, 415.5], [86.5, 416.0], [86.0, 416.5], [86.0, 417.5], [86.0, 418.5], [85.5, 419.0], [85.0, 419.5], [84.5, 420.0], [84.0, 420.5], [83.5, 421.0], [83.0, 421.5], [82.5, 422.0], [82.0, 422.5], [81.5, 423.0], [81.0, 423.5], [80.5, 424.0], [80.0, 424.5], [79.5, 425.0], [78.5, 425.0], [78.0, 425.5], [77.5, 426.0], [76.5, 426.0], [76.0, 426.5], [75.5, 427.0]]]}, "properties": {"objectType": "detection", "name": "label_4", "label_id": 4}}, {"type": "Feature", "geometry": {"type": "Polygon", "coordinates": [[[158.5, 654.0], [157.5, 654.0], [156.5, 654.0], [155.5, 654.0], [154.5, 654.0], [153.5, 654.0], [153.0, 653.5], [152.5, 653.0], [152.0, 652.5], [151.5, 652.0], [150.5, 652.0], [150.0, 651.5], [149.5, 651.0], [149.0, 650.5], [149.0, 649.5], [149.0, 648.5], [148.5, 648.0], [148.0, 647.5], [148.0, 646.5], [148.5, 646.0], [149.0, 645.5], [149.0, 644.5], [149.0, 643.5], [149.5, 643.0], [150.0, 642.5], [150.0, 641.5], [150.5, 641.0], [151.0, 640.5], [151.5, 640.0], [152.0, 639.5], [152.0, 638.5], [152.5, 638.0], [153.0, 637.5], [153.5, 637.0], [154.0, 636.5], [154.5, 636.0], [155.0, 635.5], [155.0, 634.5], [155.0, 633.5], [155.5, 633.0], [156.0, 632.5], [156.0, 631.5], [156.5, 631.0], [157.0, 630.5], [157.5, 630.0], [158.0, 629.5], [158.0, 628.5], [158.5, 628.0], [159.0, 627.5], [159.5, 627.0], [160.0, 626.5], [160.0, 625.5], [160.5, 625.0], [161.0, 624.5], [161.5, 624.0], [162.5, 624.0], [163.0, 623.5], [163.5, 623.0], [164.5, 623.0], [165.5, 623.0], [166.0, 623.5], [166.5, 624.0], [167.5, 624.0], [168.0, 624.5], [168.5, 625.0], [169.0, 625.5], [169.5, 626.0], [170.0, 626.5], [170.0, 627.5], [170.0, 628.5], [170.5, 629.0], [171.0, 629.5], [171.0, 630.5], [171.0, 631.5], [171.0, 632.5], [171.0, 633.5], [171.5, 634.0], [172.0, 634.5], [172.0, 635.5], [171.5, 636.0], [171.0, 636.5], [171.0, 637.5], [171.0, 638.5], [171.0, 639.5], [170.5, 640.0], [170.0, 640.5], [170.0, 641.5], [169.5, 642.0], [169.0, 642.5], [169.0, 643.5], [168.5, 644.0], [168.0, 644.5], [167.5, 645.0], [167.0, 645.5], [167.0, 646.5], [166.5, 647.0], [166.0, 647.5], [165.5, 648.0], [165.0, 648.5], [164.5, 649.0], [164.0, 649.5], [163.5, 650.0], [163.0, 650.5], [162.5, 651.0], [162.0, 651.5], [161.5, 652.0], [161.0, 652.5], [160.5, 653.0], [159.5, 653.0], [159.0, 653.5], [158.5, 654.0]]]}, "properties": {"objectType": "detection", "name": "label_5", "label_id": 5}}, {"type": "Feature", "geometry": {"type": "Polygon", "coordinates": [[[828.5, 322.0], [827.5, 322.0], [826.5, 322.0], [825.5, 322.0], [824.5, 322.0], [823.5, 322.0], [823.0, 321.5], [822.5, 321.0], [821.5, 321.0], [821.0, 320.5], [820.5, 320.0], [820.0, 319.5], [819.5, 319.0], [819.0, 318.5], [818.5, 318.0], [818.0, 317.5], [818.0, 316.5], [817.5, 316.0], [817.0, 315.5], [817.0, 314.5], [817.0, 313.5], [816.5, 313.0], [816.0, 312.5], [816.0, 311.5], [816.0, 310.5], [816.0, 309.5], [816.0, 308.5], [816.0, 307.5], [816.0, 306.5], [816.0, 305.5], [816.0, 304.5], [816.5, 304.0], [817.0, 303.5], [817.0, 302.5], [817.5, 302.0], [818.0, 301.5], [818.0, 300.5], [818.5, 300.0], [819.0, 299.5], [819.5, 299.0], [820.0, 298.5], [820.5, 298.0], [821.0, 297.5], [821.5, 297.0], [822.5, 297.0], [823.0, 296.5], [823.5, 296.0], [824.0, 295.5], [824.5, 295.0], [825.5, 295.0], [826.5, 295.0], [827.5, 295.0], [828.5, 295.0], [829.5, 295.0], [830.0, 295.5], [830.5, 296.0], [831.5, 296.0], [832.0, 296.5], [832.5, 297.0], [833.5, 297.0], [834.0, 297.5], [834.5, 298.0], [835.0, 298.5], [835.5, 299.0], [836.0, 299.5], [836.0, 300.5], [836.5, 301.0], [837.0, 301.5], [837.5, 302.0], [838.0, 302.5], [838.0, 303.5], [838.0, 304.5], [838.0, 305.5], [838.0, 306.5], [838.0, 307.5], [838.0, 308.5], [837.5, 309.0], [837.0, 309.5], [837.0, 310.5], [836.5, 311.0], [836.0, 311.5], [835.5, 312.0], [835.0, 312.5], [835.0, 313.5], [834.5, 314.0], [834.0, 314.5], [833.5, 315.0], [833.0, 315.5], [833.0, 316.5], [833.0, 317.5], [832.5, 318.0], [832.0, 318.5], [832.0, 319.5], [831.5, 320.0], [831.0, 320.5], [830.5, 321.0], [829.5, 321.0], [829.0, 321.5], [828.5, 322.0]]]}, "properties": {"objectType": "detection", "name": "label_6", "label_id": 6}}, {"type": "Feature", "geometry": {"type": "Polygon", "coordinates": [[[786.5, 412.0], [785.5, 412.0], [784.5, 412.0], [783.5, 412.0], [782.5, 412.0], [782.0, 411.5], [781.5, 411.0], [780.5, 411.0], [780.0, 410.5], [779.5, 410.0], [779.0, 409.5], [779.0, 408.5], [778.5, 408.0], [778.0, 407.5], [778.0, 406.5], [777.5, 406.0], [777.0, 405.5], [777.0, 404.5], [777.0, 403.5], [777.0, 402.5], [777.0, 401.5], [777.5, 401.0], [778.0, 400.5], [778.0, 399.5], [778.0, 398.5], [778.0, 397.5], [778.5, 397.0], [779.0, 396.5], [779.0, 395.5], [779.5, 395.0], [780.0, 394.5], [780.5, 394.0], [781.0, 393.5], [781.0, 392.5], [781.5, 392.0], [782.0, 391.5], [782.5, 391.0], [783.0, 390.5], [783.5, 390.0], [784.0, 389.5], [784.5, 389.0], [785.5, 389.0], [786.0, 388.5], [786.5, 388.0], [787.5, 388.0], [788.0, 387.5], [788.5, 387.0], [789.0, 386.5], [789.5, 386.0], [790.5, 386.0], [791.5, 386.0], [792.0, 385.5], [792.5, 385.0], [793.5, 385.0], [794.5, 385.0], [795.5, 385.0], [796.5, 385.0], [797.0, 385.5], [797.5, 386.0], [798.0, 386.5], [798.5, 387.0], [799.0, 387.5], [799.0, 388.5], [799.5, 389.0], [800.0, 389.5], [800.0, 390.5], [800.0, 391.5], [800.0, 392.5], [800.0, 393.5], [800.0, 394.5], [800.0, 395.5], [800.0, 396.5], [799.5, 397.0], [799.0, 397.5], [799.0, 398.5], [798.5, 399.0], [798.0, 399.5], [798.0, 400.5], [797.5, 401.0], [797.0, 401.5], [796.5, 402.0], [796.0, 402.5], [796.0, 403.5], [795.5, 404.0], [795.0, 404.5], [794.5, 405.0], [794.0, 405.5], [793.5, 406.0], [793.0, 406.5], [792.5, 407.0], [792.0, 407.5], [791.5, 408.0], [791.0, 408.5], [790.5, 409.0], [790.0, 409.5], [789.5, 410.0], [789.0, 410.5], [788.5, 411.0], [787.5, 411.0], [787.0, 411.5], [786.5, 412.0]]]}, "properties": {"objectType": "detection", "name": "label_7", "label_id": 7}}, {"type": "Feature", "geometry": {"type": "Polygon", "coordinates": [[[820.5, 585.0], [819.5, 585.0], [818.5, 585.0], [818.0, 584.5], [817.5, 584.0], [816.5, 584.0], [815.5, 584.0], [815.0, 583.5], [814.5, 583.0], [814.0, 582.5], [813.5, 582.0], [812.5, 582.0], [812.0, 581.5], [812.0, 580.5], [811.5, 580.0], [811.0, 579.5], [810.5, 579.0], [810.0, 578.5], [810.0, 577.5], [810.0, 576.5], [809.5, 576.0], [809.0, 575.5], [809.0, 574.5], [809.0, 573.5], [808.5, 573.0], [808.0, 572.5], [808.0, 571.5], [808.0, 570.5], [808.0, 569.5], [808.0, 568.5], [808.5, 568.0], [809.0, 567.5], [809.0, 566.5], [809.5, 566.0], [810.0, 565.5], [810.0, 564.5], [810.5, 564.0], [811.0, 563.5], [811.5, 563.0], [812.0, 562.5], [812.5, 562.0], [813.0, 561.5], [813.5, 561.0], [814.0, 560.5], [814.5, 560.0], [815.5, 560.0], [816.0, 559.5], [816.5, 559.0], [817.5, 559.0], [818.0, 559.5], [818.5, 560.0], [819.5, 560.0], [820.0, 560.5], [820.5, 561.0], [821.5, 561.0], [822.5, 561.0], [823.5, 561.0], [824.0, 561.5], [824.5, 562.0], [825.0, 562.5], [825.5, 563.0], [826.0, 563.5], [826.5, 564.0], [827.0, 564.5], [827.5, 565.0], [828.0, 565.5], [828.5, 566.0], [829.0, 566.5], [829.0, 567.5], [829.5, 568.0], [830.0, 568.5], [830.0, 569.5], [830.0, 570.5], [830.0, 571.5], [830.0, 572.5], [830.5, 573.0], [831.0, 573.5], [831.0, 574.5], [830.5, 575.0], [830.0, 575.5], [830.0, 576.5], [830.0, 577.5], [829.5, 578.0], [829.0, 578.5], [829.0, 579.5], [828.5, 580.0], [828.0, 580.5], [827.5, 581.0], [827.0, 581.5], [826.5, 582.0], [826.0, 582.5], [825.5, 583.0], [824.5, 583.0], [824.0, 583.5], [823.5, 584.0], [822.5, 584.0], [821.5, 584.0], [821.0, 584.5], [820.5, 585.0]]]}, "properties": {"objectType": "detection", "name": "label_8", "label_id": 8}}, {"type": "Feature", "geometry": {"type": "Polygon", "coordinates": [[[842.5, 506.0], [841.5, 506.0], [840.5, 506.0], [839.5, 506.0], [838.5, 506.0], [838.0, 505.5], [837.5, 505.0], [836.5, 505.0], [835.5, 505.0], [835.0, 504.5], [834.5, 504.0], [834.0, 503.5], [833.5, 503.0], [833.0, 502.5], [832.5, 502.0], [832.0, 501.5], [832.0, 500.5], [831.5, 500.0], [831.0, 499.5], [831.0, 498.5], [831.0, 497.5], [831.0, 496.5], [831.0, 495.5], [831.5, 495.0], [832.0, 494.5], [832.0, 493.5], [832.0, 492.5], [832.0, 491.5], [832.0, 490.5], [832.5, 490.0], [833.0, 489.5], [833.0, 488.5], [833.5, 488.0], [834.0, 487.5], [834.5, 487.0], [835.0, 486.5], [835.5, 486.0], [836.0, 485.5], [836.0, 484.5], [836.5, 484.0], [837.5, 484.0], [838.0, 483.5], [838.5, 483.0], [839.5, 483.0], [840.0, 482.5], [840.5, 482.0], [841.5, 482.0], [842.0, 481.5], [842.5, 481.0], [843.5, 481.0], [844.5, 481.0], [845.5, 481.0], [846.5, 481.0], [847.5, 481.0], [848.0, 481.5], [848.5, 482.0], [849.5, 482.0], [850.0, 482.5], [850.5, 483.0], [851.0, 483.5], [851.0, 484.5], [851.0, 485.5], [851.5, 486.0], [852.0, 486.5], [852.0, 487.5], [852.0, 488.5], [852.0, 489.5], [852.0, 490.5], [852.0, 491.5], [852.0, 492.5], [852.0, 493.5], [852.5, 494.0], [853.0, 494.5], [853.0, 495.5], [853.0, 496.5], [852.5, 497.0], [852.0, 497.5], [852.0, 498.5], [851.5, 499.0], [851.0, 499.5], [851.0, 500.5], [850.5, 501.0], [850.0, 501.5], [849.5, 502.0], [849.0, 502.5], [848.5, 503.0], [848.0, 503.5], [847.5, 504.0], [846.5, 504.0], [846.0, 504.5], [845.5, 505.0], [844.5, 505.0], [843.5, 505.0], [843.0, 505.5], [842.5, 506.0]]]}, "properties": {"objectType": "detection", "name": "label_9", "label_id": 9}}, {"type": "Feature", "geometry": {"type": "Polygon", "coordinates": [[[792.5, 597.0], [791.5, 597.0], [790.5, 597.0], [789.5, 597.0], [788.5, 597.0], [787.5, 597.0], [786.5, 597.0], [786.0, 596.5], [785.5, 596.0], [784.5, 596.0], [784.0, 595.5], [783.5, 595.0], [783.0, 594.5], [783.0, 593.5], [782.5, 593.0], [782.0, 592.5], [782.0, 591.5], [781.5, 591.0], [781.0, 590.5], [781.0, 589.5], [780.5, 589.0], [780.0, 588.5], [780.0, 587.5], [780.0, 586.5], [779.5, 586.0], [779.0, 585.5], [779.0, 584.5], [779.0, 583.5], [779.0, 582.5], [779.0, 581.5], [779.5, 581.0], [780.0, 580.5], [780.0, 579.5], [780.0, 578.5], [780.5, 578.0], [781.0, 577.5], [781.0, 576.5], [781.5, 576.0], [782.0, 575.5], [782.5, 575.0], [783.5, 575.0], [784.0, 574.5], [784.5, 574.0], [785.5, 574.0], [786.0, 573.5], [786.5, 573.0], [787.5, 573.0], [788.5, 573.0], [789.0, 573.5], [789.5, 574.0], [790.5, 574.0], [791.5, 574.0], [792.5, 574.0], [793.5, 574.0], [794.5, 574.0], [795.0, 574.5], [795.5, 575.0], [796.5, 575.0], [797.0, 575.5], [797.5, 576.0], [798.0, 576.5], [798.5, 577.0], [799.0, 577.5], [799.5, 578.0], [800.0, 578.5], [800.0, 579.5], [800.5, 580.0], [801.0, 580.5], [801.0, 581.5], [801.0, 582.5], [801.5, 583.0], [802.0, 583.5], [802.0, 584.5], [802.0, 585.5], [802.0, 586.5], [801.5, 587.0], [801.0, 587.5], [801.0, 588.5], [800.5, 589.0], [800.0, 589.5], [800.0, 590.5], [799.5, 591.0], [799.0, 591.5], [798.5, 592.0], [798.0, 592.5], [797.5, 593.0], [797.0, 593.5], [796.5, 594.0], [796.0, 594.5], [795.5, 595.0], [795.0, 595.5], [794.5, 596.0], [793.5, 596.0], [793.0, 596.5], [792.5, 597.0]]]}, "properties": {"objectType": "detection", "name": "label_10", "label_id": 10}}, {"type": "Feature", "geometry": {"type": "Polygon", "coordinates": [[[833.5, 567.0], [832.5, 567.0], [831.5, 567.0], [830.5, 567.0], [829.5, 567.0], [829.0, 566.5], [828.5, 566.0], [828.0, 565.5], [827.5, 565.0], [827.0, 564.5], [826.5, 564.0], [826.0, 563.5], [825.5, 563.0], [825.0, 562.5], [824.5, 562.0], [824.0, 561.5], [824.0, 560.5], [824.0, 559.5], [824.0, 558.5], [824.0, 557.5], [824.0, 556.5], [824.5, 556.0], [825.0, 555.5], [825.0, 554.5], [825.0, 553.5], [825.5, 553.0], [826.0, 552.5], [826.5, 552.0], [827.0, 551.5], [827.5, 551.0], [828.0, 550.5], [828.5, 550.0], [829.0, 549.5], [829.5, 549.0], [830.0, 548.5], [830.5, 548.0], [831.5, 548.0], [832.0, 547.5], [832.5, 547.0], [833.0, 546.5], [833.5, 546.0], [834.5, 546.0], [835.0, 545.5], [835.5, 545.0], [836.5, 545.0], [837.0, 544.5], [837.5, 544.0], [838.5, 544.0], [839.5, 544.0], [840.0, 543.5], [840.5, 543.0], [841.5, 543.0], [842.5, 543.0], [843.0, 543.5], [843.5, 544.0], [844.5, 544.0], [845.5, 544.0], [846.0, 544.5], [846.5, 545.0], [847.0, 545.5], [847.5, 546.0], [848.0, 546.5], [848.0, 547.5], [848.5, 548.0], [849.0, 548.5], [849.0, 549.5], [849.0, 550.5], [849.0, 551.5], [849.0, 552.5], [848.5, 553.0], [848.0, 553.5], [848.0, 554.5], [848.0, 555.5], [847.5, 556.0], [847.0, 556.5], [846.5, 557.0], [846.0, 557.5], [846.0, 558.5], [845.5, 559.0], [845.0, 559.5], [844.5, 560.0], [844.0, 560.5], [843.5, 561.0], [843.0, 561.5], [842.5, 562.0], [842.0, 562.5], [841.5, 563.0], [841.0, 563.5], [840.5, 564.0], [839.5, 564.0], [839.0, 564.5], [838.5, 565.0], [837.5, 565.0], [837.0, 565.5], [836.5, 566.0], [835.5, 566.0], [834.5, 566.0], [834.0, 566.5], [833.5, 567.0]]]}, "properties": {"objectType": "detection", "name": "label_11", "label_id": 11}}, {"type": "Feature", "geometry": {"type": "Polygon", "coordinates": [[[796.5, 570.0], [795.5, 570.0], [794.5, 570.0], [793.5, 570.0], [792.5, 570.0], [791.5, 570.0], [790.5, 570.0], [789.5, 570.0], [788.5, 570.0], [787.5, 570.0], [786.5, 570.0], [785.5, 570.0], [784.5, 570.0], [783.5, 570.0], [783.0, 569.5], [782.5, 569.0], [781.5, 569.0], [781.0, 568.5], [780.5, 568.0], [780.0, 567.5], [779.5, 567.0], [779.0, 566.5], [779.0, 565.5], [778.5, 565.0], [778.0, 564.5], [778.0, 563.5], [778.0, 562.5], [778.5, 562.0], [779.0, 561.5], [779.0, 560.5], [779.0, 559.5], [779.5, 559.0], [780.0, 558.5], [780.0, 557.5], [780.5, 557.0], [781.0, 556.5], [781.5, 556.0], [782.0, 555.5], [782.5, 555.0], [783.5, 555.0], [784.0, 554.5], [784.5, 554.0], [785.0, 553.5], [785.5, 553.0], [786.5, 553.0], [787.0, 552.5], [787.5, 552.0], [788.5, 552.0], [789.0, 551.5], [789.5, 551.0], [790.5, 551.0], [791.5, 551.0], [792.5, 551.0], [793.5, 551.0], [794.0, 550.5], [794.5, 550.0], [795.5, 550.0], [796.5, 550.0], [797.0, 550.5], [797.5, 551.0], [798.5, 551.0], [799.5, 551.0], [800.0, 551.5], [800.5, 552.0], [801.5, 552.0], [802.0, 552.5], [802.5, 553.0], [803.0, 553.5], [803.0, 554.5], [803.5, 555.0], [804.0, 555.5], [804.0, 556.5], [804.5, 557.0], [805.0, 557.5], [805.0, 558.5], [805.0, 559.5], [805.0, 560.5], [804.5, 561.0], [804.0, 561.5], [804.0, 562.5], [804.0, 563.5], [803.5, 564.0], [803.0, 564.5], [803.0, 565.5], [802.5, 566.0], [802.0, 566.5], [801.5, 567.0], [800.5, 567.0], [800.0, 567.5], [799.5, 568.0], [799.0, 568.5], [798.5, 569.0], [797.5, 569.0], [797.0, 569.5], [796.5, 570.0]]]}, "properties": {"objectType": "detection", "name": "label_12", "label_id": 12}}, {"type": "Feature", "geometry": {"type": "Polygon", "coordinates": [[[297.5, 61.0], [296.5, 61.0], [295.5, 61.0], [294.5, 61.0], [294.0, 60.5], [293.5, 60.0], [293.0, 59.5], [292.5, 59.0], [292.0, 58.5], [291.5, 58.0], [291.0, 57.5], [291.0, 56.5], [290.5, 56.0], [290.0, 55.5], [289.5, 55.0], [289.0, 54.5], [289.0, 53.5], [288.5, 53.0], [288.0, 52.5], [288.0, 51.5], [287.5, 51.0], [287.0, 50.5], [286.5, 50.0], [286.0, 49.5], [286.0, 48.5], [285.5, 48.0], [285.0, 47.5], [285.0, 46.5], [285.0, 45.5], [285.0, 44.5], [284.5, 44.0], [284.0, 43.5], [284.0, 42.5], [284.0, 41.5], [284.0, 40.5], [284.5, 40.0], [285.0, 39.5], [285.0, 38.5], [285.0, 37.5], [285.0, 36.5], [285.0, 35.5], [285.0, 34.5], [285.0, 33.5], [285.5, 33.0], [286.0, 32.5], [286.0, 31.5], [286.0, 30.5], [286.0, 29.5], [286.5, 29.0], [287.0, 28.5], [287.5, 28.0], [288.0, 27.5], [288.5, 27.0], [289.5, 27.0], [290.5, 27.0], [291.0, 27.5], [291.5, 28.0], [292.0, 28.5], [292.5, 29.0], [293.0, 29.5], [293.5, 30.0], [294.0, 30.5], [294.5, 31.0], [295.0, 31.5], [295.0, 32.5], [295.5, 33.0], [296.0, 33.5], [296.0, 34.5], [296.5, 35.0], [297.0, 35.5], [297.5, 36.0], [298.0, 36.5], [298.0, 37.5], [298.5, 38.0], [299.0, 38.5], [299.0, 39.5], [299.0, 40.5], [299.5, 41.0], [300.0, 41.5], [300.0, 42.5], [300.0, 43.5], [300.5, 44.0], [301.0, 44.5], [301.0, 45.5], [301.0, 46.5], [301.0, 47.5], [301.5, 48.0], [302.0, 48.5], [302.0, 49.5], [302.0, 50.5], [302.0, 51.5], [302.0, 52.5], [302.0, 53.5], [302.0, 54.5], [302.0, 55.5], [302.0, 56.5], [301.5, 57.0], [301.0, 57.5], [301.0, 58.5], [300.5, 59.0], [300.0, 59.5], [299.5, 60.0], [298.5, 60.0], [298.0, 60.5], [297.5, 61.0]]]}, "properties": {"objectType": "detection", "name": "label_13", "label_id": 13}}, {"type": "Feature", "geometry": {"type": "Polygon", "coordinates": [[[410.5, 473.0], [409.5, 473.0], [408.5, 473.0], [407.5, 473.0], [406.5, 473.0], [405.5, 473.0], [404.5, 473.0], [404.0, 472.5], [403.5, 472.0], [402.5, 472.0], [402.0, 471.5], [401.5, 471.0], [401.0, 470.5], [400.5, 470.0], [400.0, 469.5], [400.0, 468.5], [399.5, 468.0], [399.0, 467.5], [398.5, 467.0], [398.0, 466.5], [398.0, 465.5], [398.0, 464.5], [398.0, 463.5], [398.0, 462.5], [398.0, 461.5], [398.0, 460.5], [398.0, 459.5], [398.0, 458.5], [398.5, 458.0], [399.0, 457.5], [399.0, 456.5], [399.0, 455.5], [399.5, 455.0], [400.0, 454.5], [400.5, 454.0], [401.5, 454.0], [402.0, 453.5], [402.5, 453.0], [403.5, 453.0], [404.5, 453.0], [405.0, 452.5], [405.5, 452.0], [406.5, 452.0], [407.5, 452.0], [408.5, 452.0], [409.0, 451.5], [409.5, 451.0], [410.5, 451.0], [411.5, 451.0], [412.5, 451.0], [413.0, 450.5], [413.5, 450.0], [414.0, 450.5], [414.5, 451.0], [415.5, 451.0], [416.5, 451.0], [417.5, 451.0], [418.0, 451.5], [418.5, 452.0], [419.0, 452.5], [419.5, 453.0], [420.0, 453.5], [420.5, 454.0], [421.0, 454.5], [421.0, 455.5], [421.0, 456.5], [421.0, 457.5], [421.0, 458.5], [421.0, 459.5], [421.0, 460.5], [421.0, 461.5], [421.0, 462.5], [420.5, 463.0], [420.0, 463.5], [420.0, 464.5], [419.5, 465.0], [419.0, 465.5], [418.5, 466.0], [418.0, 466.5], [417.5, 467.0], [417.0, 467.5], [416.5, 468.0], [416.0, 468.5], [415.5, 469.0], [415.0, 469.5], [414.5, 470.0], [414.0, 470.5], [413.5, 471.0], [413.0, 471.5], [412.5, 472.0], [411.5, 472.0], [411.0, 472.5], [410.5, 473.0]]]}, "properties": {"objectType": "detection", "name": "label_14", "label_id": 14}}, {"type": "Feature", "geometry": {"type": "Polygon", "coordinates": [[[852.5, 538.0], [851.5, 538.0], [850.5, 538.0], [849.5, 538.0], [848.5, 538.0], [847.5, 538.0], [847.0, 537.5], [846.5, 537.0], [845.5, 537.0], [845.0, 536.5], [845.0, 535.5], [844.5, 535.0], [844.0, 534.5], [843.5, 534.0], [843.0, 533.5], [843.0, 532.5], [843.0, 531.5], [843.0, 530.5], [842.5, 530.0], [842.0, 529.5], [842.0, 528.5], [842.5, 528.0], [843.0, 527.5], [843.0, 526.5], [843.0, 525.5], [843.0, 524.5], [843.5, 524.0], [844.0, 523.5], [844.0, 522.5], [844.0, 521.5], [844.5, 521.0], [845.0, 520.5], [845.5, 520.0], [846.0, 519.5], [846.0, 518.5], [846.5, 518.0], [847.0, 517.5], [847.5, 517.0], [848.0, 516.5], [848.5, 516.0], [849.0, 515.5], [849.5, 515.0], [850.0, 514.5], [850.5, 514.0], [851.0, 513.5], [851.5, 513.0], [852.5, 513.0], [853.5, 513.0], [854.5, 513.0], [855.5, 513.0], [856.5, 513.0], [857.5, 513.0], [858.0, 513.5], [858.5, 514.0], [859.5, 514.0], [860.0, 514.5], [860.5, 515.0], [861.0, 515.5], [861.5, 516.0], [862.0, 516.5], [862.5, 517.0], [863.0, 517.5], [863.0, 518.5], [863.5, 519.0], [864.0, 519.5], [864.0, 520.5], [864.0, 521.5], [864.0, 522.5], [864.0, 523.5], [864.0, 524.5], [864.0, 525.5], [864.0, 526.5], [863.5, 527.0], [863.0, 527.5], [863.0, 528.5], [862.5, 529.0], [862.0, 529.5], [862.0, 530.5], [861.5, 531.0], [861.0, 531.5], [860.5, 532.0], [860.0, 532.5], [859.5, 533.0], [859.0, 533.5], [858.5, 534.0], [858.0, 534.5], [857.5, 535.0], [856.5, 535.0], [856.0, 535.5], [855.5, 536.0], [855.0, 536.5], [854.5, 537.0], [853.5, 537.0], [853.0, 537.5], [852.5, 538.0]]]}, "properties": {"objectType": "detection", "name": "label_15", "label_id": 15}}, {"type": "Feature", "geometry": {"type": "Polygon", "coordinates": [[[97.5, 477.0], [96.5, 477.0], [95.5, 477.0], [94.5, 477.0], [93.5, 477.0], [92.5, 477.0], [91.5, 477.0], [90.5, 477.0], [89.5, 477.0], [88.5, 477.0], [87.5, 477.0], [86.5, 477.0], [86.0, 476.5], [85.5, 476.0], [84.5, 476.0], [83.5, 476.0], [83.0, 475.5], [82.5, 475.0], [81.5, 475.0], [81.0, 474.5], [80.5, 474.0], [80.0, 473.5], [79.5, 473.0], [78.5, 473.0], [78.0, 472.5], [78.0, 471.5], [77.5, 471.0], [77.0, 470.5], [77.0, 469.5], [77.0, 468.5], [77.0, 467.5], [77.5, 467.0], [78.0, 466.5], [78.0, 465.5], [78.5, 465.0], [79.5, 465.0], [80.0, 464.5], [80.5, 464.0], [81.5, 464.0], [82.5, 464.0], [83.5, 464.0], [84.0, 463.5], [84.5, 463.0], [85.5, 463.0], [86.5, 463.0], [87.5, 463.0], [88.0, 462.5], [88.5, 462.0], [89.0, 461.5], [89.5, 461.0], [90.5, 461.0], [91.0, 460.5], [91.5, 460.0], [92.5, 460.0], [93.0, 459.5], [93.5, 459.0], [94.5, 459.0], [95.5, 459.0], [96.5, 459.0], [97.5, 459.0], [98.5, 459.0], [99.5, 459.0], [100.5, 459.0], [101.0, 459.5], [101.5, 460.0], [102.0, 460.5], [102.5, 461.0], [103.0, 461.5], [103.5, 462.0], [104.0, 462.5], [104.5, 463.0], [105.0, 463.5], [105.5, 464.0], [106.0, 464.5], [106.0, 465.5], [106.5, 466.0], [107.0, 466.5], [107.0, 467.5], [107.0, 468.5], [106.5, 469.0], [106.0, 469.5], [106.0, 470.5], [105.5, 471.0], [105.0, 471.5], [105.0, 472.5], [104.5, 473.0], [103.5, 473.0], [103.0, 473.5], [102.5, 474.0], [102.0, 474.5], [101.5, 475.0], [100.5, 475.0], [100.0, 475.5], [99.5, 476.0], [98.5, 476.0], [98.0, 476.5], [97.5, 477.0]]]}, "properties": {"objectType": "detection", "name": "label_16", "label_id": 16}}, {"type": "Feature", "geometry": {"type": "Polygon", "coordinates": [[[356.5, 45.0], [355.5, 45.0], [354.5, 45.0], [353.5, 45.0], [352.5, 45.0], [351.5, 45.0], [350.5, 45.0], [349.5, 45.0], [348.5, 45.0], [348.0, 44.5], [347.5, 44.0], [346.5, 44.0], [345.5, 44.0], [345.0, 43.5], [344.5, 43.0], [343.5, 43.0], [343.0, 42.5], [342.5, 42.0], [342.0, 41.5], [342.0, 40.5], [341.5, 40.0], [341.0, 39.5], [341.0, 38.5], [341.0, 37.5], [340.5, 37.0], [340.0, 36.5], [340.5, 36.0], [341.0, 35.5], [341.0, 34.5], [341.0, 33.5], [341.5, 33.0], [342.0, 32.5], [342.0, 31.5], [342.5, 31.0], [343.0, 30.5], [343.5, 30.0], [344.0, 29.5], [344.5, 29.0], [345.0, 28.5], [345.5, 28.0], [346.5, 28.0], [347.0, 27.5], [347.5, 27.0], [348.5, 27.0], [349.5, 27.0], [350.0, 26.5], [350.5, 26.0], [351.5, 26.0], [352.5, 26.0], [353.0, 25.5], [353.5, 25.0], [354.5, 25.0], [355.5, 25.0], [356.5, 25.0], [357.0, 25.5], [357.5, 26.0], [358.5, 26.0], [359.5, 26.0], [360.0, 26.5], [360.5, 27.0], [361.5, 27.0], [362.0, 27.5], [362.5, 28.0], [363.5, 28.0], [364.0, 28.5], [364.5, 29.0], [365.0, 29.5], [365.5, 30.0], [366.0, 30.5], [366.0, 31.5], [366.0, 32.5], [366.0, 33.5], [366.0, 34.5], [366.0, 35.5], [365.5, 36.0], [365.0, 36.5], [365.0, 37.5], [364.5, 38.0], [364.0, 38.5], [364.0, 39.5], [363.5, 40.0], [363.0, 40.5], [362.5, 41.0], [362.0, 41.5], [361.5, 42.0], [360.5, 42.0], [360.0, 42.5], [359.5, 43.0], [359.0, 43.5], [358.5, 44.0], [357.5, 44.0], [357.0, 44.5], [356.5, 45.0]]]}, "properties": {"objectType": "detection", "name": "label_17", "label_id": 17}}, {"type": "Feature", "geometry": {"type": "Polygon", "coordinates": [[[260.5, 326.0], [259.5, 326.0], [258.5, 326.0], [257.5, 326.0], [257.0, 325.5], [256.5, 325.0], [255.5, 325.0], [254.5, 325.0], [254.0, 324.5], [253.5, 324.0], [253.0, 323.5], [252.5, 323.0], [252.0, 322.5], [251.5, 322.0], [251.0, 321.5], [251.0, 320.5], [251.0, 319.5], [250.5, 319.0], [250.0, 318.5], [250.5, 318.0], [251.0, 317.5], [251.0, 316.5], [251.0, 315.5], [251.0, 314.5], [251.5, 314.0], [252.0, 313.5], [252.5, 313.0], [253.0, 312.5], [253.0, 311.5], [253.5, 311.0], [254.0, 310.5], [254.5, 310.0], [255.0, 309.5], [255.5, 309.0], [256.0, 308.5], [256.5, 308.0], [257.5, 308.0], [258.0, 307.5], [258.5, 307.0], [259.5, 307.0], [260.5, 307.0], [261.0, 306.5], [261.5, 306.0], [262.5, 306.0], [263.5, 306.0], [264.0, 305.5], [264.5, 305.0], [265.5, 305.0], [266.5, 305.0], [267.5, 305.0], [268.5, 305.0], [269.5, 305.0], [270.5, 305.0], [271.5, 305.0], [272.0, 305.5], [272.5, 306.0], [273.5, 306.0], [274.0, 306.5], [274.0, 307.5], [274.5, 308.0], [275.0, 308.5], [275.5, 309.0], [276.0, 309.5], [276.0, 310.5], [276.0, 311.5], [276.0, 312.5], [276.0, 313.5], [275.5, 314.0], [275.0, 314.5], [275.0, 315.5], [274.5, 316.0], [274.0, 316.5], [274.0, 317.5], [273.5, 318.0], [273.0, 318.5], [272.5, 319.0], [272.0, 319.5], [271.5, 320.0], [271.0, 320.5], [270.5, 321.0], [269.5, 321.0], [269.0, 321.5], [268.5, 322.0], [268.0, 322.5], [267.5, 323.0], [266.5, 323.0], [266.0, 323.5], [265.5, 324.0], [264.5, 324.0], [264.0, 324.5], [263.5, 325.0], [262.5, 325.0], [261.5, 325.0], [261.0, 325.5], [260.5, 326.0]]]}, "properties": {"objectType": "detection", "name": "label_18", "label_id": 18}}, {"type": "Feature", "geometry": {"type": "Polygon", "coordinates": [[[294.5, 188.0], [293.5, 188.0], [292.5, 188.0], [291.5, 188.0], [290.5, 188.0], [290.0, 187.5], [290.0, 186.5], [289.5, 186.0], [289.0, 185.5], [289.0, 184.5], [289.0, 183.5], [289.0, 182.5], [289.5, 182.0], [290.0, 181.5], [290.0, 180.5], [290.0, 179.5], [290.5, 179.0], [291.0, 178.5], [291.0, 177.5], [291.5, 177.0], [292.0, 176.5], [292.0, 175.5], [292.5, 175.0], [293.0, 174.5], [293.5, 174.0], [294.0, 173.5], [294.0, 172.5], [294.5, 172.0], [295.0, 171.5], [295.0, 170.5], [295.5, 170.0], [296.0, 169.5], [296.0, 168.5], [296.5, 168.0], [297.0, 167.5], [297.0, 166.5], [297.0, 165.5], [297.5, 165.0], [298.0, 164.5], [298.0, 163.5], [298.0, 162.5], [298.5, 162.0], [299.0, 161.5], [299.0, 160.5], [299.5, 160.0], [300.0, 159.5], [300.0, 158.5], [300.5, 158.0], [301.0, 157.5], [301.0, 156.5], [301.5, 156.0], [302.0, 155.5], [302.5, 155.0], [303.0, 154.5], [303.5, 154.0], [304.5, 154.0], [305.5, 154.0], [306.5, 154.0], [307.5, 154.0], [308.0, 154.5], [308.5, 155.0], [309.0, 155.5], [309.0, 156.5], [309.5, 157.0], [310.0, 157.5], [310.0, 158.5], [310.0, 159.5], [310.0, 160.5], [310.0, 161.5], [310.0, 162.5], [310.0, 163.5], [310.0, 164.5], [310.0, 165.5], [310.0, 166.5], [309.5, 167.0], [309.0, 167.5], [309.0, 168.5], [309.0, 169.5], [309.0, 170.5], [308.5, 171.0], [308.0, 171.5], [307.5, 172.0], [307.0, 172.5], [307.0, 173.5], [306.5, 174.0], [306.0, 174.5], [306.0, 175.5], [305.5, 176.0], [305.0, 176.5], [304.5, 177.0], [304.0, 177.5], [304.0, 178.5], [303.5, 179.0], [303.0, 179.5], [302.5, 180.0], [302.0, 180.5], [301.5, 181.0], [301.0, 181.5], [301.0, 182.5], [300.5, 183.0], [300.0, 183.5], [299.5, 184.0], [299.0, 184.5], [298.5, 185.0], [298.0, 185.5], [297.5, 186.0], [297.0, 186.5], [296.5, 187.0], [295.5, 187.0], [295.0, 187.5], [294.5, 188.0]]]}, "properties": {"objectType": "detection", "name": "label_19", "label_id": 19}}, {"type": "Feature", "geometry": {"type": "Polygon", "coordinates": [[[879.5, 665.0], [878.5, 665.0], [877.5, 665.0], [876.5, 665.0], [875.5, 665.0], [875.0, 664.5], [874.5, 664.0], [873.5, 664.0], [873.0, 663.5], [872.5, 663.0], [872.0, 662.5], [871.5, 662.0], [871.0, 661.5], [871.0, 660.5], [870.5, 660.0], [870.0, 659.5], [869.5, 659.0], [869.0, 658.5], [869.0, 657.5], [869.0, 656.5], [869.0, 655.5], [869.0, 654.5], [869.0, 653.5], [869.5, 653.0], [870.0, 652.5], [870.0, 651.5], [870.5, 651.0], [871.0, 650.5], [871.0, 649.5], [871.5, 649.0], [872.0, 648.5], [872.5, 648.0], [873.0, 647.5], [873.5, 647.0], [874.0, 646.5], [874.5, 646.0], [875.0, 645.5], [875.5, 645.0], [876.5, 645.0], [877.5, 645.0], [878.0, 644.5], [878.5, 644.0], [879.5, 644.0], [880.5, 644.0], [881.5, 644.0], [882.5, 644.0], [883.5, 644.0], [884.5, 644.0], [885.0, 644.5], [885.5, 645.0], [886.5, 645.0], [887.5, 645.0], [888.0, 645.5], [888.5, 646.0], [889.5, 646.0], [890.5, 646.0], [891.0, 646.5], [891.5, 647.0], [892.0, 647.5], [892.0, 648.5], [892.5, 649.0], [893.0, 649.5], [893.0, 650.5], [893.0, 651.5], [892.5, 652.0], [892.0, 652.5], [892.0, 653.5], [892.0, 654.5], [891.5, 655.0], [891.0, 655.5], [891.0, 656.5], [891.0, 657.5], [890.5, 658.0], [890.0, 658.5], [889.5, 659.0], [889.0, 659.5], [888.5, 660.0], [888.0, 660.5], [887.5, 661.0], [887.0, 661.5], [886.5, 662.0], [885.5, 662.0], [885.0, 662.5], [884.5, 663.0], [883.5, 663.0], [883.0, 663.5], [882.5, 664.0], [881.5, 664.0], [880.5, 664.0], [880.0, 664.5], [879.5, 665.0]]]}, "properties": {"objectType": "detection", "name": "label_20", "label_id": 20}}, {"type": "Feature", "geometry": {"type": "Polygon", "coordinates": [[[403.5, 330.0], [402.5, 330.0], [401.5, 330.0], [401.0, 329.5], [400.5, 329.0], [399.5, 329.0], [399.0, 328.5], [398.5, 328.0], [398.0, 327.5], [397.5, 327.0], [397.0, 326.5], [396.5, 326.0], [396.0, 325.5], [396.0, 324.5], [395.5, 324.0], [395.0, 323.5], [395.0, 322.5], [395.5, 322.0], [396.0, 321.5], [396.0, 320.5], [396.0, 319.5], [396.5, 319.0], [397.0, 318.5], [397.0, 317.5], [397.5, 317.0], [398.0, 316.5], [398.0, 315.5], [398.5, 315.0], [399.0, 314.5], [399.5, 314.0], [400.0, 313.5], [400.5, 313.0], [401.0, 312.5], [401.5, 312.0], [402.0, 311.5], [402.5, 311.0], [403.0, 310.5], [403.5, 310.0], [404.0, 309.5], [404.5, 309.0], [405.5, 309.0], [406.0, 308.5], [406.5, 308.0], [407.5, 308.0], [408.5, 308.0], [409.0, 307.5], [409.5, 307.0], [410.5, 307.0], [411.5, 307.0], [412.5, 307.0], [413.0, 307.5], [413.5, 308.0], [414.5, 308.0], [415.0, 308.5], [415.5, 309.0], [416.5, 309.0], [417.0, 309.5], [417.5, 310.0], [418.0, 310.5], [418.0, 311.5], [418.5, 312.0], [419.0, 312.5], [419.0, 313.5], [419.0, 314.5], [419.0, 315.5], [419.0, 316.5], [418.5, 317.0], [418.0, 317.5], [418.0, 318.5], [417.5, 319.0], [417.0, 319.5], [417.0, 320.5], [416.5, 321.0], [416.0, 321.5], [416.0, 322.5], [415.5, 323.0], [415.0, 323.5], [414.5, 324.0], [414.0, 324.5], [413.5, 325.0], [413.0, 325.5], [412.5, 326.0], [411.5, 326.0], [411.0, 326.5], [410.5, 327.0], [410.0, 327.5], [409.5, 328.0], [408.5, 328.0], [408.0, 328.5], [407.5, 329.0], [406.5, 329.0], [405.5, 329.0], [404.5, 329.0], [404.0, 329.5], [403.5, 330.0]]]}, "properties": {"objectType": "detection", "name": "label_21", "label_id": 21}}, {"type": "Feature", "geometry": {"type": "Polygon", "coordinates": [[[182.5, 59.0], [181.5, 59.0], [180.5, 59.0], [179.5, 59.0], [178.5, 59.0], [177.5, 59.0], [176.5, 59.0], [175.5, 59.0], [175.0, 58.5], [174.5, 58.0], [173.5, 58.0], [173.0, 57.5], [173.0, 56.5], [172.5, 56.0], [172.0, 55.5], [172.0, 54.5], [172.0, 53.5], [172.0, 52.5], [172.0, 51.5], [172.5, 51.0], [173.0, 50.5], [173.0, 49.5], [173.5, 49.0], [174.0, 48.5], [174.5, 48.0], [175.0, 47.5], [175.5, 47.0], [176.0, 46.5], [176.5, 46.0], [177.5, 46.0], [178.0, 45.5], [178.5, 45.0], [179.5, 45.0], [180.0, 44.5], [180.5, 44.0], [181.5, 44.0], [182.0, 43.5], [182.5, 43.0], [183.5, 43.0], [184.5, 43.0], [185.5, 43.0], [186.0, 42.5], [186.5, 42.0], [187.5, 42.0], [188.5, 42.0], [189.0, 41.5], [189.5, 41.0], [190.5, 41.0], [191.5, 41.0], [192.5, 41.0], [193.5, 41.0], [194.5, 41.0], [195.5, 41.0], [196.5, 41.0], [197.0, 41.5], [197.5, 42.0], [198.5, 42.0], [199.0, 42.5], [199.5, 43.0], [200.0, 43.5], [200.5, 44.0], [201.0, 44.5], [201.0, 45.5], [201.0, 46.5], [201.0, 47.5], [201.0, 48.5], [200.5, 49.0], [200.0, 49.5], [200.0, 50.5], [199.5, 51.0], [199.0, 51.5], [198.5, 52.0], [198.0, 52.5], [197.5, 53.0], [196.5, 53.0], [196.0, 53.5], [195.5, 54.0], [195.0, 54.5], [194.5, 55.0], [193.5, 55.0], [192.5, 55.0], [192.0, 55.5], [191.5, 56.0], [190.5, 56.0], [190.0, 56.5], [189.5, 57.0], [188.5, 57.0], [187.5, 57.0], [186.5, 57.0], [186.0, 57.5], [185.5, 58.0], [184.5, 58.0], [183.5, 58.0], [183.0, 58.5], [182.5, 59.0]]]}, "properties": {"objectType": "detection", "name": "label_22", "label_id": 22}}, {"type": "Feature", "geometry": {"type": "Polygon", "coordinates": [[[820.5, 758.0], [819.5, 758.0], [818.5, 758.0], [818.0, 757.5], [817.5, 757.0], [817.0, 756.5], [816.5, 756.0], [816.0, 755.5], [815.5, 755.0], [815.0, 754.5], [814.5, 754.0], [814.0, 753.5], [813.5, 753.0], [813.0, 752.5], [812.5, 752.0], [812.0, 751.5], [812.0, 750.5], [811.5, 750.0], [811.0, 749.5], [810.5, 749.0], [810.0, 748.5], [810.0, 747.5], [809.5, 747.0], [809.0, 746.5], [809.0, 745.5], [808.5, 745.0], [808.0, 744.5], [808.0, 743.5], [807.5, 743.0], [807.0, 742.5], [807.0, 741.5], [807.0, 740.5], [806.5, 740.0], [806.0, 739.5], [806.0, 738.5], [806.0, 737.5], [806.0, 736.5], [806.0, 735.5], [805.5, 735.0], [805.0, 734.5], [805.0, 733.5], [805.0, 732.5], [805.5, 732.0], [806.0, 731.5], [806.0, 730.5], [806.0, 729.5], [806.5, 729.0], [807.0, 728.5], [807.5, 728.0], [808.0, 727.5], [808.5, 727.0], [809.5, 727.0], [810.5, 727.0], [811.0, 726.5], [811.5, 726.0], [812.0, 726.5], [812.5, 727.0], [813.5, 727.0], [814.5, 727.0], [815.0, 727.5], [815.5, 728.0], [816.0, 728.5], [816.5, 729.0], [817.0, 729.5], [817.5, 730.0], [818.0, 730.5], [818.5, 731.0], [819.0, 731.5], [819.0, 732.5], [819.0, 733.5], [819.5, 734.0], [820.0, 734.5], [820.0, 735.5], [820.5, 736.0], [821.0, 736.5], [821.0, 737.5], [821.0, 738.5], [821.5, 739.0], [822.0, 739.5], [822.0, 740.5], [822.0, 741.5], [822.0, 742.5], [822.0, 743.5], [822.5, 744.0], [823.0, 744.5], [823.0, 745.5], [823.0, 746.5], [823.0, 747.5], [823.0, 748.5], [823.0, 749.5], [823.0, 750.5], [822.5, 751.0], [822.0, 751.5], [822.0, 752.5], [822.0, 753.5], [822.0, 754.5], [822.0, 755.5], [822.0, 756.5], [821.5, 757.0], [821.0, 757.5], [820.5, 758.0]]]}, "properties": {"objectType": "detection", "name": "label_23", "label_id": 23}}, {"type": "Feature", "geometry": {"type": "Polygon", "coordinates": [[[142.5, 394.0], [141.5, 394.0], [140.5, 394.0], [139.5, 394.0], [138.5, 394.0], [138.0, 393.5], [137.5, 393.0], [136.5, 393.0], [135.5, 393.0], [135.0, 392.5], [134.5, 392.0], [134.0, 391.5], [133.5, 391.0], [133.0, 390.5], [132.5, 390.0], [132.0, 389.5], [131.5, 389.0], [131.0, 388.5], [130.5, 388.0], [130.0, 387.5], [130.0, 386.5], [129.5, 386.0], [129.0, 385.5], [129.0, 384.5], [128.5, 384.0], [128.0, 383.5], [128.0, 382.5], [128.0, 381.5], [128.0, 380.5], [128.0, 379.5], [128.0, 378.5], [128.5, 378.0], [129.0, 377.5], [129.5, 377.0], [130.0, 376.5], [130.5, 376.0], [131.0, 375.5], [131.5, 375.0], [132.5, 375.0], [133.5, 375.0], [134.0, 374.5], [134.5, 374.0], [135.5, 374.0], [136.5, 374.0], [137.0, 373.5], [137.5, 373.0], [138.5, 373.0], [139.5, 373.0], [140.5, 373.0], [141.5, 373.0], [142.5, 373.0], [143.0, 373.5], [143.5, 374.0], [144.5, 374.0], [145.5, 374.0], [146.0, 374.5], [146.5, 375.0], [147.0, 375.5], [147.5, 376.0], [148.0, 376.5], [148.0, 377.5], [148.5, 378.0], [149.0, 378.5], [149.0, 379.5], [149.5, 380.0], [150.0, 380.5], [150.0, 381.5], [150.5, 382.0], [151.0, 382.5], [151.0, 383.5], [151.0, 384.5], [151.0, 385.5], [151.0, 386.5], [151.0, 387.5], [150.5, 388.0], [149.5, 388.0], [149.0, 388.5], [148.5, 389.0], [148.0, 389.5], [147.5, 390.0], [147.0, 390.5], [147.0, 391.5], [146.5, 392.0], [145.5, 392.0], [145.0, 392.5], [144.5, 393.0], [143.5, 393.0], [143.0, 393.5], [142.5, 394.0]]]}, "properties": {"objectType": "detection", "name": "label_24", "label_id": 24}}, {"type": "Feature", "geometry": {"type": "Polygon", "coordinates": [[[479.5, 619.0], [478.5, 619.0], [477.5, 619.0], [476.5, 619.0], [475.5, 619.0], [475.0, 618.5], [474.5, 618.0], [474.0, 617.5], [473.5, 617.0], [473.0, 616.5], [472.5, 616.0], [472.0, 615.5], [472.0, 614.5], [472.0, 613.5], [471.5, 613.0], [471.0, 612.5], [471.0, 611.5], [471.0, 610.5], [471.0, 609.5], [470.5, 609.0], [470.0, 608.5], [470.0, 607.5], [470.0, 606.5], [470.0, 605.5], [470.0, 604.5], [470.0, 603.5], [470.0, 602.5], [470.0, 601.5], [470.0, 600.5], [470.0, 599.5], [470.0, 598.5], [470.0, 597.5], [470.5, 597.0], [471.0, 596.5], [471.0, 595.5], [471.0, 594.5], [471.5, 594.0], [472.0, 593.5], [472.0, 592.5], [472.5, 592.0], [473.5, 592.0], [474.0, 591.5], [474.5, 591.0], [475.0, 590.5], [475.5, 590.0], [476.5, 590.0], [477.5, 590.0], [478.0, 590.5], [478.5, 591.0], [479.5, 591.0], [480.0, 591.5], [480.5, 592.0], [481.0, 592.5], [481.5, 593.0], [482.0, 593.5], [482.5, 594.0], [483.0, 594.5], [483.5, 595.0], [484.0, 595.5], [484.0, 596.5], [484.5, 597.0], [485.0, 597.5], [485.0, 598.5], [485.0, 599.5], [485.5, 600.0], [486.0, 600.5], [486.0, 601.5], [486.0, 602.5], [486.0, 603.5], [486.0, 604.5], [486.0, 605.5], [486.0, 606.5], [486.0, 607.5], [485.5, 608.0], [485.0, 608.5], [485.0, 609.5], [485.0, 610.5], [484.5, 611.0], [484.0, 611.5], [484.0, 612.5], [484.0, 613.5], [484.0, 614.5], [483.5, 615.0], [483.0, 615.5], [482.5, 616.0], [482.0, 616.5], [481.5, 617.0], [481.0, 617.5], [480.5, 618.0], [480.0, 618.5], [479.5, 619.0]]]}, "properties": {"objectType": "detection", "name": "label_25", "label_id": 25}}, {"type": "Feature", "geometry": {"type": "Polygon", "coordinates": [[[243.5, 665.0], [242.5, 665.0], [241.5, 665.0], [241.0, 664.5], [240.5, 664.0], [239.5, 664.0], [239.0, 663.5], [238.5, 663.0], [238.0, 662.5], [237.5, 662.0], [237.0, 661.5], [236.5, 661.0], [236.0, 660.5], [236.0, 659.5], [235.5, 659.0], [235.0, 658.5], [235.0, 657.5], [234.5, 657.0], [234.0, 656.5], [234.0, 655.5], [234.0, 654.5], [233.5, 654.0], [233.0, 653.5], [233.0, 652.5], [233.0, 651.5], [233.0, 650.5], [233.0, 649.5], [233.0, 648.5], [233.0, 647.5], [233.0, 646.5], [232.5, 646.0], [232.0, 645.5], [232.0, 644.5], [232.0, 643.5], [232.0, 642.5], [232.0, 641.5], [232.5, 641.0], [233.0, 640.5], [233.0, 639.5], [233.0, 638.5], [233.0, 637.5], [233.5, 637.0], [234.0, 636.5], [234.0, 635.5], [234.5, 635.0], [235.0, 634.5], [235.5, 634.0], [236.0, 633.5], [236.5, 633.0], [237.5, 633.0], [238.5, 633.0], [239.0, 633.5], [239.5, 634.0], [240.5, 634.0], [241.0, 634.5], [241.5, 635.0], [242.0, 635.5], [242.5, 636.0], [243.0, 636.5], [243.0, 637.5], [243.5, 638.0], [244.0, 638.5], [244.5, 639.0], [245.0, 639.5], [245.0, 640.5], [245.0, 641.5], [245.5, 642.0], [246.0, 642.5], [246.0, 643.5], [246.0, 644.5], [246.0, 645.5], [246.0, 646.5], [246.0, 647.5], [246.5, 648.0], [247.0, 648.5], [247.0, 649.5], [247.0, 650.5], [247.0, 651.5], [247.0, 652.5], [247.0, 653.5], [247.0, 654.5], [247.0, 655.5], [247.0, 656.5], [247.0, 657.5], [247.0, 658.5], [247.0, 659.5], [247.0, 660.5], [247.0, 661.5], [247.0, 662.5], [246.5, 663.0], [246.0, 663.5], [245.5, 664.0], [244.5, 664.0], [244.0, 664.5], [243.5, 665.0]]]}, "properties": {"objectType": "detection", "name": "label_26", "label_id": 26}}, {"type": "Feature", "geometry": {"type": "Polygon", "coordinates": [[[457.5, 559.0], [456.5, 559.0], [455.5, 559.0], [455.0, 558.5], [454.5, 558.0], [453.5, 558.0], [452.5, 558.0], [452.0, 557.5], [451.5, 557.0], [450.5, 557.0], [450.0, 556.5], [449.5, 556.0], [448.5, 556.0], [447.5, 556.0], [447.0, 555.5], [446.5, 555.0], [445.5, 555.0], [444.5, 555.0], [443.5, 555.0], [443.0, 554.5], [442.5, 554.0], [441.5, 554.0], [440.5, 554.0], [440.0, 553.5], [439.5, 553.0], [438.5, 553.0], [437.5, 553.0], [437.0, 552.5], [436.5, 552.0], [435.5, 552.0], [435.0, 551.5], [434.5, 551.0], [433.5, 551.0], [433.0, 550.5], [432.5, 550.0], [431.5, 550.0], [431.0, 549.5], [430.5, 549.0], [430.0, 548.5], [430.0, 547.5], [430.0, 546.5], [430.0, 545.5], [430.5, 545.0], [431.0, 544.5], [431.5, 544.0], [432.0, 543.5], [432.5, 543.0], [433.5, 543.0], [434.0, 542.5], [434.5, 542.0], [435.5, 542.0], [436.5, 542.0], [437.5, 542.0], [438.5, 542.0], [439.5, 542.0], [440.5, 542.0], [441.5, 542.0], [442.5, 542.0], [443.5, 542.0], [444.5, 542.0], [445.5, 542.0], [446.5, 542.0], [447.5, 542.0], [448.5, 542.0], [449.0, 542.5], [449.5, 543.0], [450.5, 543.0], [451.5, 543.0], [452.5, 543.0], [453.5, 543.0], [454.0, 543.5], [454.5, 544.0], [455.5, 544.0], [456.0, 544.5], [456.5, 545.0], [457.0, 545.5], [457.5, 546.0], [458.0, 546.5], [458.5, 547.0], [459.0, 547.5], [459.5, 548.0], [460.0, 548.5], [460.5, 549.0], [461.0, 549.5], [461.0, 550.5], [461.5, 551.0], [462.0, 551.5], [462.0, 552.5], [462.0, 553.5], [462.0, 554.5], [461.5, 555.0], [461.0, 555.5], [461.0, 556.5], [460.5, 557.0], [460.0, 557.5], [459.5, 558.0], [458.5, 558.0], [458.0, 558.5], [457.5, 559.0]]]}, "properties": {"objectType": "detection", "name": "label_27", "label_id": 27}}, {"type": "Feature", "geometry": {"type": "Polygon", "coordinates": [[[57.5, 480.0], [56.5, 480.0], [55.5, 480.0], [54.5, 480.0], [53.5, 480.0], [52.5, 480.0], [51.5, 480.0], [50.5, 480.0], [49.5, 480.0], [48.5, 480.0], [48.0, 479.5], [47.5, 479.0], [47.0, 478.5], [46.5, 478.0], [46.0, 477.5], [46.0, 476.5], [46.0, 475.5], [46.0, 474.5], [46.0, 473.5], [46.0, 472.5], [46.5, 472.0], [47.0, 471.5], [47.0, 470.5], [47.5, 470.0], [48.0, 469.5], [48.0, 468.5], [48.5, 468.0], [49.0, 467.5], [49.5, 467.0], [50.0, 466.5], [50.5, 466.0], [51.0, 465.5], [51.5, 465.0], [52.0, 464.5], [52.5, 464.0], [53.0, 463.5], [53.5, 463.0], [54.0, 462.5], [54.5, 462.0], [55.0, 461.5], [55.5, 461.0], [56.5, 461.0], [57.5, 461.0], [58.0, 460.5], [58.5, 460.0], [59.5, 460.0], [60.5, 460.0], [61.5, 460.0], [62.5, 460.0], [63.5, 460.0], [64.5, 460.0], [65.5, 460.0], [66.0, 460.5], [66.5, 461.0], [67.0, 461.5], [67.5, 462.0], [68.5, 462.0], [69.0, 462.5], [69.0, 463.5], [69.5, 464.0], [70.0, 464.5], [70.0, 465.5], [70.5, 466.0], [71.0, 466.5], [71.0, 467.5], [71.0, 468.5], [70.5, 469.0], [70.0, 469.5], [70.0, 470.5], [69.5, 471.0], [69.0, 471.5], [68.5, 472.0], [68.0, 472.5], [67.5, 473.0], [67.0, 473.5], [66.5, 474.0], [66.0, 474.5], [65.5, 475.0], [65.0, 475.5], [64.5, 476.0], [63.5, 476.0], [63.0, 476.5], [62.5, 477.0], [62.0, 477.5], [61.5, 478.0], [60.5, 478.0], [60.0, 478.5], [59.5, 479.0], [58.5, 479.0], [58.0, 479.5], [57.5, 480.0]]]}, "properties": {"objectType": "detection", "name": "label_28", "label_id": 28}}, {"type": "Feature", "geometry": {"type": "Polygon", "coordinates": [[[60.5, 68.0], [59.5, 68.0], [59.0, 67.5], [58.5, 67.0], [57.5, 67.0], [56.5, 67.0], [55.5, 67.0], [55.0, 66.5], [54.5, 66.0], [53.5, 66.0], [53.0, 65.5], [52.5, 65.0], [52.0, 64.5], [51.5, 64.0], [51.0, 63.5], [51.0, 62.5], [50.5, 62.0], [50.0, 61.5], [50.0, 60.5], [49.5, 60.0], [49.0, 59.5], [49.0, 58.5], [49.0, 57.5], [49.0, 56.5], [49.0, 55.5], [49.0, 54.5], [49.0, 53.5], [49.0, 52.5], [49.5, 52.0], [50.0, 51.5], [50.0, 50.5], [50.0, 49.5], [50.0, 48.5], [50.5, 48.0], [51.0, 47.5], [51.0, 46.5], [51.0, 45.5], [51.5, 45.0], [52.0, 44.5], [52.0, 43.5], [52.5, 43.0], [53.0, 42.5], [53.0, 41.5], [53.5, 41.0], [54.0, 40.5], [54.5, 40.0], [55.5, 40.0], [56.5, 40.0], [57.0, 40.5], [57.5, 41.0], [58.5, 41.0], [59.0, 41.5], [59.5, 42.0], [60.0, 42.5], [60.5, 43.0], [61.0, 43.5], [61.5, 44.0], [62.0, 44.5], [62.5, 45.0], [63.0, 45.5], [63.0, 46.5], [63.5, 47.0], [64.0, 47.5], [64.5, 48.0], [65.0, 48.5], [65.0, 49.5], [65.0, 50.5], [65.0, 51.5], [65.0, 52.5], [65.0, 53.5], [65.0, 54.5], [65.0, 55.5], [65.5, 56.0], [66.0, 56.5], [66.0, 57.5], [66.0, 58.5], [66.0, 59.5], [66.0, 60.5], [66.0, 61.5], [65.5, 62.0], [65.0, 62.5], [65.0, 63.5], [64.5, 64.0], [64.0, 64.5], [64.0, 65.5], [63.5, 66.0], [63.0, 66.5], [62.5, 67.0], [61.5, 67.0], [61.0, 67.5], [60.5, 68.0]]]}, "properties": {"objectType": "detection", "name": "label_29", "label_id": 29}}, {"type": "Feature", "geometry": {"type": "Polygon", "coordinates": [[[195.5, 316.0], [195.0, 315.5], [194.5, 315.0], [193.5, 315.0], [192.5, 315.0], [192.0, 314.5], [191.5, 314.0], [190.5, 314.0], [190.0, 313.5], [189.5, 313.0], [188.5, 313.0], [188.0, 312.5], [188.0, 311.5], [187.5, 311.0], [187.0, 310.5], [187.0, 309.5], [187.0, 308.5], [187.0, 307.5], [187.0, 306.5], [187.0, 305.5], [187.5, 305.0], [188.0, 304.5], [188.5, 304.0], [189.0, 303.5], [189.0, 302.5], [189.5, 302.0], [190.0, 301.5], [190.5, 301.0], [191.0, 300.5], [191.5, 300.0], [192.0, 299.5], [192.5, 299.0], [193.0, 298.5], [193.5, 298.0], [194.0, 297.5], [194.5, 297.0], [195.0, 296.5], [195.5, 296.0], [196.5, 296.0], [197.0, 295.5], [197.5, 295.0], [198.5, 295.0], [199.5, 295.0], [200.5, 295.0], [201.5, 295.0], [202.5, 295.0], [203.5, 295.0], [204.5, 295.0], [205.0, 295.5], [205.5, 296.0], [206.0, 296.5], [206.5, 297.0], [207.5, 297.0], [208.0, 297.5], [208.0, 298.5], [208.5, 299.0], [209.0, 299.5], [209.5, 300.0], [210.0, 300.5], [210.0, 301.5], [210.0, 302.5], [210.0, 303.5], [210.0, 304.5], [210.0, 305.5], [210.0, 306.5], [209.5, 307.0], [209.0, 307.5], [209.0, 308.5], [208.5, 309.0], [208.0, 309.5], [207.5, 310.0], [207.0, 310.5], [206.5, 311.0], [206.0, 311.5], [205.5, 312.0], [204.5, 312.0], [204.0, 312.5], [203.5, 313.0], [202.5, 313.0], [202.0, 313.5], [201.5, 314.0], [200.5, 314.0], [200.0, 314.5], [199.5, 315.0], [198.5, 315.0], [197.5, 315.0], [196.5, 315.0], [196.0, 315.5], [195.5, 316.0]]]}, "properties": {"objectType": "detection", "name": "label_30", "label_id": 30}}, {"type": "Feature", "geometry": {"type": "Polygon", "coordinates": [[[436.5, 157.0], [435.5, 157.0], [434.5, 157.0], [433.5, 157.0], [432.5, 157.0], [431.5, 157.0], [430.5, 157.0], [430.0, 156.5], [429.5, 156.0], [429.0, 155.5], [428.5, 155.0], [428.0, 154.5], [428.0, 153.5], [427.5, 153.0], [427.0, 152.5], [427.0, 151.5], [427.0, 150.5], [427.0, 149.5], [427.0, 148.5], [427.0, 147.5], [427.0, 146.5], [427.0, 145.5], [427.5, 145.0], [428.0, 144.5], [428.0, 143.5], [428.5, 143.0], [429.0, 142.5], [429.0, 141.5], [429.5, 141.0], [430.0, 140.5], [430.5, 140.0], [431.0, 139.5], [431.0, 138.5], [431.5, 138.0], [432.0, 137.5], [432.5, 137.0], [433.0, 136.5], [433.5, 136.0], [434.0, 135.5], [434.5, 135.0], [435.0, 134.5], [435.5, 134.0], [436.5, 134.0], [437.5, 134.0], [438.0, 133.5], [438.5, 133.0], [439.5, 133.0], [440.5, 133.0], [441.0, 133.5], [441.5, 134.0], [442.5, 134.0], [443.0, 134.5], [443.5, 135.0], [444.5, 135.0], [445.0, 135.5], [445.0, 136.5], [445.5, 137.0], [446.0, 137.5], [446.0, 138.5], [446.0, 139.5], [446.0, 140.5], [446.5, 141.0], [447.0, 141.5], [447.0, 142.5], [447.0, 143.5], [447.0, 144.5], [446.5, 145.0], [446.0, 145.5], [446.0, 146.5], [446.0, 147.5], [445.5, 148.0], [445.0, 148.5], [444.5, 149.0], [444.0, 149.5], [444.0, 150.5], [443.5, 151.0], [443.0, 151.5], [442.5, 152.0], [442.0, 152.5], [441.5, 153.0], [441.0, 153.5], [440.5, 154.0], [440.0, 154.5], [439.5, 155.0], [439.0, 155.5], [438.5, 156.0], [437.5, 156.0], [437.0, 156.5], [436.5, 157.0]]]}, "properties": {"objectType": "detection", "name": "label_31", "label_id": 31}}, {"type": "Feature", "geometry": {"type": "Polygon", "coordinates": [[[183.5, 307.0], [182.5, 307.0], [181.5, 307.0], [180.5, 307.0], [179.5, 307.0], [178.5, 307.0], [178.0, 306.5], [177.5, 306.0], [177.0, 305.5], [177.0, 304.5], [177.0, 303.5], [176.5, 303.0], [176.0, 302.5], [176.0, 301.5], [176.0, 300.5], [175.5, 300.0], [175.0, 299.5], [175.5, 299.0], [176.0, 298.5], [176.0, 297.5], [176.0, 296.5], [176.5, 296.0], [177.0, 295.5], [177.5, 295.0], [178.0, 294.5], [178.0, 293.5], [178.0, 292.5], [178.5, 292.0], [179.0, 291.5], [179.5, 291.0], [180.0, 290.5], [180.0, 289.5], [180.5, 289.0], [181.0, 288.5], [181.5, 288.0], [182.0, 287.5], [182.5, 287.0], [183.0, 286.5], [183.5, 286.0], [184.0, 285.5], [184.5, 285.0], [185.0, 284.5], [185.5, 284.0], [186.0, 283.5], [186.5, 283.0], [187.5, 283.0], [188.5, 283.0], [189.0, 282.5], [189.5, 282.0], [190.5, 282.0], [191.5, 282.0], [192.5, 282.0], [193.5, 282.0], [194.0, 282.5], [194.5, 283.0], [195.5, 283.0], [196.0, 283.5], [196.0, 284.5], [196.0, 285.5], [196.5, 286.0], [197.0, 286.5], [197.0, 287.5], [197.0, 288.5], [196.5, 289.0], [196.0, 289.5], [196.0, 290.5], [196.0, 291.5], [195.5, 292.0], [195.0, 292.5], [195.0, 293.5], [194.5, 294.0], [194.0, 294.5], [194.0, 295.5], [194.5, 296.0], [195.0, 296.5], [194.5, 297.0], [194.0, 297.5], [193.5, 298.0], [193.0, 298.5], [192.5, 299.0], [192.0, 299.5], [191.5, 300.0], [191.0, 300.5], [190.5, 301.0], [190.0, 301.5], [189.5, 302.0], [189.0, 302.5], [189.0, 303.5], [188.5, 304.0], [188.0, 304.5], [187.5, 305.0], [186.5, 305.0], [186.0, 305.5], [185.5, 306.0], [184.5, 306.0], [184.0, 306.5], [183.5, 307.0]]]}, "properties": {"objectType": "detection", "name": "label_32", "label_id": 32}}, {"type": "Feature", "geometry": {"type": "Polygon", "coordinates": [[[446.5, 627.0], [445.5, 627.0], [444.5, 627.0], [443.5, 627.0], [442.5, 627.0], [441.5, 627.0], [440.5, 627.0], [439.5, 627.0], [438.5, 627.0], [438.0, 626.5], [437.5, 626.0], [436.5, 626.0], [436.0, 625.5], [435.5, 625.0], [435.0, 624.5], [434.5, 624.0], [434.0, 623.5], [433.5, 623.0], [433.0, 622.5], [432.5, 622.0], [432.0, 621.5], [432.0, 620.5], [431.5, 620.0], [431.0, 619.5], [431.0, 618.5], [431.0, 617.5], [431.0, 616.5], [431.0, 615.5], [431.0, 614.5], [431.0, 613.5], [431.5, 613.0], [432.0, 612.5], [432.0, 611.5], [432.5, 611.0], [433.0, 610.5], [433.5, 610.0], [434.0, 609.5], [434.5, 609.0], [435.0, 608.5], [435.5, 608.0], [436.5, 608.0], [437.0, 607.5], [437.5, 607.0], [438.5, 607.0], [439.5, 607.0], [440.5, 607.0], [441.5, 607.0], [442.5, 607.0], [443.5, 607.0], [444.5, 607.0], [445.5, 607.0], [446.0, 607.5], [446.5, 608.0], [447.5, 608.0], [448.0, 608.5], [448.5, 609.0], [449.0, 609.5], [449.5, 610.0], [450.0, 610.5], [450.5, 611.0], [451.0, 611.5], [451.0, 612.5], [451.5, 613.0], [452.0, 613.5], [452.0, 614.5], [452.0, 615.5], [452.0, 616.5], [452.0, 617.5], [452.0, 618.5], [452.0, 619.5], [451.5, 620.0], [451.0, 620.5], [451.0, 621.5], [451.0, 622.5], [450.5, 623.0], [450.0, 623.5], [450.0, 624.5], [449.5, 625.0], [449.0, 625.5], [448.5, 626.0], [447.5, 626.0], [447.0, 626.5], [446.5, 627.0]]]}, "properties": {"objectType": "detection", "name": "label_33", "label_id": 33}}, {"type": "Feature", "geometry": {"type": "Polygon", "coordinates": [[[327.5, 90.0], [326.5, 90.0], [326.0, 89.5], [325.5, 89.0], [324.5, 89.0], [323.5, 89.0], [323.0, 88.5], [322.5, 88.0], [322.0, 87.5], [321.5, 87.0], [321.0, 86.5], [321.0, 85.5], [321.0, 84.5], [320.5, 84.0], [320.0, 83.5], [320.0, 82.5], [320.0, 81.5], [320.0, 80.5], [320.0, 79.5], [320.0, 78.5], [320.0, 77.5], [320.0, 76.5], [320.0, 75.5], [320.0, 74.5], [320.0, 73.5], [320.5, 73.0], [321.0, 72.5], [321.0, 71.5], [321.5, 71.0], [322.0, 70.5], [322.0, 69.5], [322.0, 68.5], [322.5, 68.0], [323.0, 67.5], [323.0, 66.5], [323.0, 65.5], [323.0, 64.5], [323.0, 63.5], [323.5, 63.0], [324.5, 63.0], [325.5, 63.0], [326.5, 63.0], [327.0, 63.5], [327.5, 64.0], [328.5, 64.0], [329.0, 64.5], [329.5, 65.0], [330.5, 65.0], [331.0, 65.5], [331.5, 66.0], [332.0, 66.5], [332.5, 67.0], [333.5, 67.0], [334.0, 67.5], [334.0, 68.5], [334.5, 69.0], [335.0, 69.5], [335.5, 70.0], [336.0, 70.5], [336.0, 71.5], [336.0, 72.5], [336.5, 73.0], [337.0, 73.5], [337.0, 74.5], [337.0, 75.5], [337.0, 76.5], [337.0, 77.5], [337.0, 78.5], [337.0, 79.5], [337.0, 80.5], [336.5, 81.0], [336.0, 81.5], [336.0, 82.5], [335.5, 83.0], [335.0, 83.5], [334.5, 84.0], [334.0, 84.5], [334.0, 85.5], [333.5, 86.0], [333.0, 86.5], [332.5, 87.0], [332.0, 87.5], [331.5, 88.0], [330.5, 88.0], [330.0, 88.5], [329.5, 89.0], [328.5, 89.0], [328.0, 89.5], [327.5, 90.0]]]}, "properties": {"objectType": "detection", "name": "label_34", "label_id": 34}}, {"type": "Feature", "geometry": {"type": "Polygon", "coordinates": [[[191.5, 257.0], [190.5, 257.0], [189.5, 257.0], [188.5, 257.0], [187.5, 257.0], [186.5, 257.0], [186.0, 256.5], [185.5, 256.0], [184.5, 256.0], [184.0, 255.5], [183.5, 255.0], [182.5, 255.0], [182.0, 254.5], [182.0, 253.5], [181.5, 253.0], [181.0, 252.5], [181.0, 251.5], [181.0, 250.5], [181.0, 249.5], [181.0, 248.5], [180.5, 248.0], [180.0, 247.5], [180.0, 246.5], [180.5, 246.0], [181.0, 245.5], [181.0, 244.5], [181.0, 243.5], [181.0, 242.5], [181.0, 241.5], [181.5, 241.0], [182.0, 240.5], [182.0, 239.5], [182.0, 238.5], [182.0, 237.5], [182.5, 237.0], [183.0, 236.5], [183.0, 235.5], [183.5, 235.0], [184.0, 234.5], [184.0, 233.5], [184.5, 233.0], [185.0, 232.5], [185.5, 232.0], [186.5, 232.0], [187.5, 232.0], [188.5, 232.0], [189.5, 232.0], [190.5, 232.0], [191.0, 232.5], [191.5, 233.0], [192.5, 233.0], [193.0, 233.5], [193.5, 234.0], [194.0, 234.5], [194.5, 235.0], [195.0, 235.5], [195.0, 236.5], [195.5, 237.0], [196.0, 237.5], [196.0, 238.5], [196.5, 239.0], [197.0, 239.5], [197.0, 240.5], [197.0, 241.5], [197.5, 242.0], [198.0, 242.5], [198.0, 243.5], [198.0, 244.5], [198.0, 245.5], [198.0, 246.5], [197.5, 247.0], [197.0, 247.5], [197.0, 248.5], [197.0, 249.5], [197.0, 250.5], [196.5, 251.0], [196.0, 251.5], [196.0, 252.5], [195.5, 253.0], [195.0, 253.5], [194.5, 254.0], [194.0, 254.5], [194.0, 255.5], [193.5, 256.0], [192.5, 256.0], [192.0, 256.5], [191.5, 257.0]]]}, "properties": {"objectType": "detection", "name": "label_35", "label_id": 35}}, {"type": "Feature", "geometry": {"type": "Polygon", "coordinates": [[[134.5, 186.0], [133.5, 186.0], [132.5, 186.0], [131.5, 186.0], [130.5, 186.0], [129.5, 186.0], [128.5, 186.0], [127.5, 186.0], [127.0, 185.5], [126.5, 185.0], [125.5, 185.0], [124.5, 185.0], [123.5, 185.0], [123.0, 184.5], [122.5, 184.0], [121.5, 184.0], [120.5, 184.0], [120.0, 183.5], [119.5, 183.0], [118.5, 183.0], [118.0, 182.5], [117.5, 182.0], [117.0, 181.5], [117.0, 180.5], [117.0, 179.5], [116.5, 179.0], [116.0, 178.5], [116.0, 177.5], [116.0, 176.5], [116.5, 176.0], [117.0, 175.5], [117.0, 174.5], [117.5, 174.0], [118.0, 173.5], [118.5, 173.0], [119.0, 172.5], [119.5, 172.0], [120.5, 172.0], [121.0, 171.5], [121.5, 171.0], [122.5, 171.0], [123.5, 171.0], [124.5, 171.0], [125.0, 170.5], [125.5, 170.0], [126.5, 170.0], [127.5, 170.0], [128.5, 170.0], [129.0, 169.5], [129.5, 169.0], [130.5, 169.0], [131.5, 169.0], [132.5, 169.0], [133.5, 169.0], [134.5, 169.0], [135.5, 169.0], [136.5, 169.0], [137.5, 169.0], [138.0, 169.5], [138.5, 170.0], [139.0, 170.5], [139.5, 171.0], [140.0, 171.5], [140.0, 172.5], [140.5, 173.0], [141.0, 173.5], [141.0, 174.5], [141.0, 175.5], [141.0, 176.5], [141.0, 177.5], [141.0, 178.5], [141.0, 179.5], [141.0, 180.5], [141.0, 181.5], [140.5, 182.0], [140.0, 182.5], [139.5, 183.0], [139.0, 183.5], [138.5, 184.0], [137.5, 184.0], [137.0, 184.5], [136.5, 185.0], [135.5, 185.0], [135.0, 185.5], [134.5, 186.0]]]}, "properties": {"objectType": "detection", "name": "label_36", "label_id": 36}}, {"type": "Feature", "geometry": {"type": "Polygon", "coordinates": [[[229.5, 494.0], [228.5, 494.0], [228.0, 493.5], [227.5, 493.0], [226.5, 493.0], [225.5, 493.0], [225.0, 492.5], [224.5, 492.0], [224.0, 491.5], [223.5, 491.0], [222.5, 491.0], [222.0, 490.5], [221.5, 490.0], [221.0, 489.5], [220.5, 489.0], [220.0, 488.5], [219.5, 488.0], [219.0, 487.5], [218.5, 487.0], [218.0, 486.5], [218.0, 485.5], [217.5, 485.0], [217.0, 484.5], [217.0, 483.5], [216.5, 483.0], [216.0, 482.5], [216.0, 481.5], [216.0, 480.5], [216.0, 479.5], [216.0, 478.5], [216.0, 477.5], [216.0, 476.5], [216.0, 475.5], [216.5, 475.0], [217.0, 474.5], [217.5, 474.0], [218.0, 473.5], [218.5, 473.0], [219.0, 472.5], [219.5, 472.0], [220.5, 472.0], [221.0, 471.5], [221.5, 471.0], [222.5, 471.0], [223.5, 471.0], [224.5, 471.0], [225.5, 471.0], [226.5, 471.0], [227.5, 471.0], [228.0, 471.5], [228.5, 472.0], [229.5, 472.0], [230.0, 472.5], [230.5, 473.0], [231.0, 473.5], [231.5, 474.0], [232.0, 474.5], [232.5, 475.0], [233.0, 475.5], [233.5, 476.0], [234.0, 476.5], [234.0, 477.5], [234.5, 478.0], [235.0, 478.5], [235.0, 479.5], [235.0, 480.5], [235.5, 481.0], [236.0, 481.5], [236.0, 482.5], [236.0, 483.5], [236.0, 484.5], [236.0, 485.5], [236.0, 486.5], [235.5, 487.0], [235.0, 487.5], [235.0, 488.5], [234.5, 489.0], [234.0, 489.5], [234.0, 490.5], [233.5, 491.0], [233.0, 491.5], [232.5, 492.0], [232.0, 492.5], [231.5, 493.0], [230.5, 493.0], [230.0, 493.5], [229.5, 494.0]]]}, "properties": {"objectType": "detection", "name": "label_37", "label_id": 37}}, {"type": "Feature", "geometry": {"type": "Polygon", "coordinates": [[[823.5, 369.0], [822.5, 369.0], [821.5, 369.0], [820.5, 369.0], [820.0, 368.5], [819.5, 368.0], [818.5, 368.0], [817.5, 368.0], [817.0, 367.5], [816.5, 367.0], [815.5, 367.0], [815.0, 366.5], [814.5, 366.0], [813.5, 366.0], [812.5, 366.0], [812.0, 365.5], [811.5, 365.0], [810.5, 365.0], [809.5, 365.0], [809.0, 364.5], [808.5, 364.0], [807.5, 364.0], [807.0, 363.5], [806.5, 363.0], [805.5, 363.0], [805.0, 362.5], [804.5, 362.0], [804.0, 361.5], [803.5, 361.0], [802.5, 361.0], [802.0, 360.5], [801.5, 360.0], [801.0, 359.5], [800.5, 359.0], [799.5, 359.0], [799.0, 358.5], [798.5, 358.0], [798.0, 357.5], [797.5, 357.0], [797.0, 356.5], [796.5, 356.0], [796.0, 355.5], [795.5, 355.0], [795.0, 354.5], [795.0, 353.5], [795.0, 352.5], [795.0, 351.5], [795.0, 350.5], [795.0, 349.5], [795.5, 349.0], [796.0, 348.5], [796.5, 348.0], [797.5, 348.0], [798.0, 347.5], [798.5, 347.0], [799.5, 347.0], [800.0, 346.5], [800.5, 346.0], [801.5, 346.0], [802.5, 346.0], [803.5, 346.0], [804.5, 346.0], [805.0, 346.5], [805.5, 347.0], [806.5, 347.0], [807.0, 347.5], [807.5, 348.0], [808.5, 348.0], [809.0, 348.5], [809.5, 349.0], [810.0, 349.5], [810.5, 350.0], [811.0, 350.5], [811.5, 351.0], [812.0, 351.5], [812.0, 352.5], [812.5, 353.0], [813.0, 353.5], [813.5, 354.0], [814.0, 354.5], [814.5, 355.0], [815.0, 355.5], [815.5, 356.0], [816.5, 356.0], [817.0, 356.5], [817.5, 357.0], [818.0, 357.5], [818.5, 358.0], [819.0, 358.5], [819.5, 359.0], [820.5, 359.0], [821.0, 359.5], [821.0, 360.5], [821.5, 361.0], [822.0, 361.5], [822.5, 362.0], [823.0, 362.5], [823.0, 363.5], [823.0, 364.5], [823.0, 365.5], [823.0, 366.5], [823.5, 367.0], [824.0, 367.5], [824.0, 368.5], [823.5, 369.0]]]}, "properties": {"objectType": "detection", "name": "label_38", "label_id": 38}}, {"type": "Feature", "geometry": {"type": "Polygon", "coordinates": [[[104.5, 152.0], [103.5, 152.0], [102.5, 152.0], [101.5, 152.0], [100.5, 152.0], [100.0, 151.5], [99.5, 151.0], [98.5, 151.0], [97.5, 151.0], [97.0, 150.5], [96.5, 150.0], [95.5, 150.0], [95.0, 149.5], [95.0, 148.5], [94.5, 148.0], [94.0, 147.5], [94.0, 146.5], [93.5, 146.0], [93.0, 145.5], [93.0, 144.5], [92.5, 144.0], [92.0, 143.5], [92.0, 142.5], [92.0, 141.5], [92.0, 140.5], [92.0, 139.5], [92.0, 138.5], [92.0, 137.5], [92.0, 136.5], [92.5, 136.0], [93.0, 135.5], [93.5, 135.0], [94.0, 134.5], [94.5, 134.0], [95.0, 133.5], [95.5, 133.0], [96.5, 133.0], [97.0, 132.5], [97.5, 132.0], [98.5, 132.0], [99.5, 132.0], [100.0, 131.5], [100.5, 131.0], [101.5, 131.0], [102.5, 131.0], [103.5, 131.0], [104.5, 131.0], [105.5, 131.0], [106.0, 131.5], [106.5, 132.0], [107.5, 132.0], [108.0, 132.5], [108.5, 133.0], [109.0, 133.5], [109.0, 134.5], [109.5, 135.0], [110.0, 135.5], [110.5, 136.0], [111.0, 136.5], [111.0, 137.5], [111.5, 138.0], [112.0, 138.5], [112.0, 139.5], [112.0, 140.5], [112.0, 141.5], [112.0, 142.5], [112.0, 143.5], [112.0, 144.5], [112.0, 145.5], [112.5, 146.0], [113.0, 146.5], [112.5, 147.0], [112.0, 147.5], [111.5, 148.0], [111.0, 148.5], [110.5, 149.0], [109.5, 149.0], [109.0, 149.5], [108.5, 150.0], [108.0, 150.5], [107.5, 151.0], [106.5, 151.0], [105.5, 151.0], [105.0, 151.5], [104.5, 152.0]]]}, "properties": {"objectType": "detection", "name": "label_39", "label_id": 39}}, {"type": "Feature", "geometry": {"type": "Polygon", "coordinates": [[[580.5, 385.0], [579.5, 385.0], [578.5, 385.0], [577.5, 385.0], [576.5, 385.0], [575.5, 385.0], [575.0, 384.5], [574.5, 384.0], [574.0, 383.5], [574.0, 382.5], [574.0, 381.5], [574.0, 380.5], [574.0, 379.5], [574.0, 378.5], [574.0, 377.5], [574.0, 376.5], [574.5, 376.0], [575.0, 375.5], [575.0, 374.5], [575.0, 373.5], [575.5, 373.0], [576.0, 372.5], [576.0, 371.5], [576.5, 371.0], [577.0, 370.5], [577.5, 370.0], [578.0, 369.5], [578.5, 369.0], [579.0, 368.5], [579.0, 367.5], [579.5, 367.0], [580.0, 366.5], [580.5, 366.0], [581.0, 365.5], [581.5, 365.0], [582.0, 364.5], [582.5, 364.0], [583.0, 363.5], [583.5, 363.0], [584.5, 363.0], [585.0, 362.5], [585.5, 362.0], [586.5, 362.0], [587.0, 361.5], [587.5, 361.0], [588.0, 360.5], [588.5, 360.0], [589.5, 360.0], [590.5, 360.0], [591.5, 360.0], [592.5, 360.0], [593.0, 360.5], [593.5, 361.0], [594.0, 361.5], [594.5, 362.0], [595.0, 362.5], [595.5, 363.0], [596.0, 363.5], [596.0, 364.5], [596.0, 365.5], [596.0, 366.5], [596.0, 367.5], [596.0, 368.5], [596.0, 369.5], [596.0, 370.5], [596.0, 371.5], [595.5, 372.0], [594.5, 372.0], [594.0, 372.5], [593.5, 373.0], [593.0, 373.5], [592.5, 374.0], [592.0, 374.5], [591.5, 375.0], [590.5, 375.0], [589.5, 375.0], [588.5, 375.0], [588.0, 375.5], [588.0, 376.5], [588.0, 377.5], [588.0, 378.5], [587.5, 379.0], [587.0, 379.5], [586.5, 380.0], [586.0, 380.5], [585.5, 381.0], [585.0, 381.5], [584.5, 382.0], [584.0, 382.5], [583.5, 383.0], [583.0, 383.5], [582.5, 384.0], [581.5, 384.0], [581.0, 384.5], [580.5, 385.0]]]}, "properties": {"objectType": "detection", "name": "label_40", "label_id": 40}}, {"type": "Feature", "geometry": {"type": "Polygon", "coordinates": [[[177.5, 290.0], [176.5, 290.0], [175.5, 290.0], [174.5, 290.0], [173.5, 290.0], [172.5, 290.0], [172.0, 289.5], [171.5, 289.0], [171.0, 288.5], [170.5, 288.0], [170.0, 287.5], [170.0, 286.5], [169.5, 286.0], [169.0, 285.5], [169.5, 285.0], [170.0, 284.5], [170.0, 283.5], [170.0, 282.5], [170.5, 282.0], [171.0, 281.5], [171.0, 280.5], [171.5, 280.0], [172.0, 279.5], [172.0, 278.5], [172.5, 278.0], [173.0, 277.5], [173.0, 276.5], [173.5, 276.0], [174.0, 275.5], [174.0, 274.5], [174.5, 274.0], [175.0, 273.5], [175.5, 273.0], [176.0, 272.5], [176.0, 271.5], [176.5, 271.0], [177.0, 270.5], [177.0, 269.5], [177.5, 269.0], [178.5, 269.0], [179.0, 268.5], [179.5, 268.0], [180.5, 268.0], [181.0, 267.5], [181.5, 267.0], [182.0, 266.5], [182.5, 266.0], [183.5, 266.0], [184.5, 266.0], [185.5, 266.0], [186.5, 266.0], [187.5, 266.0], [188.0, 266.5], [188.5, 267.0], [189.5, 267.0], [190.0, 267.5], [190.0, 268.5], [190.5, 269.0], [191.0, 269.5], [191.0, 270.5], [191.0, 271.5], [191.0, 272.5], [191.0, 273.5], [191.0, 274.5], [191.0, 275.5], [190.5, 276.0], [190.0, 276.5], [190.0, 277.5], [189.5, 278.0], [189.0, 278.5], [188.5, 279.0], [188.0, 279.5], [188.0, 280.5], [187.5, 281.0], [187.0, 281.5], [187.0, 282.5], [186.5, 283.0], [186.0, 283.5], [185.5, 284.0], [185.0, 284.5], [184.5, 285.0], [184.0, 285.5], [183.5, 286.0], [183.0, 286.5], [182.5, 287.0], [182.0, 287.5], [181.5, 288.0], [180.5, 288.0], [180.0, 288.5], [179.5, 289.0], [178.5, 289.0], [178.0, 289.5], [177.5, 290.0]]]}, "properties": {"objectType": "detection", "name": "label_41", "label_id": 41}}, {"type": "Feature", "geometry": {"type": "Polygon", "coordinates": [[[36.5, 696.0], [35.5, 696.0], [34.5, 696.0], [33.5, 696.0], [32.5, 696.0], [32.0, 695.5], [31.5, 695.0], [30.5, 695.0], [29.5, 695.0], [29.0, 694.5], [28.5, 694.0], [27.5, 694.0], [27.0, 693.5], [26.5, 693.0], [25.5, 693.0], [25.0, 692.5], [24.5, 692.0], [24.0, 691.5], [24.0, 690.5], [23.5, 690.0], [23.0, 689.5], [22.5, 689.0], [22.0, 688.5], [22.0, 687.5], [22.0, 686.5], [21.5, 686.0], [21.0, 685.5], [21.0, 684.5], [21.0, 683.5], [21.0, 682.5], [21.0, 681.5], [21.0, 680.5], [21.0, 679.5], [21.0, 678.5], [21.0, 677.5], [20.5, 677.0], [20.0, 676.5], [20.5, 676.0], [21.0, 675.5], [21.0, 674.5], [21.0, 673.5], [21.5, 673.0], [22.0, 672.5], [22.5, 672.0], [23.0, 671.5], [23.5, 671.0], [24.5, 671.0], [25.0, 671.5], [25.5, 672.0], [26.5, 672.0], [27.5, 672.0], [28.5, 672.0], [29.0, 672.5], [29.5, 673.0], [30.0, 673.5], [30.5, 674.0], [31.0, 674.5], [31.5, 675.0], [32.0, 675.5], [32.5, 676.0], [33.0, 676.5], [33.0, 677.5], [33.5, 678.0], [34.0, 678.5], [34.0, 679.5], [34.5, 680.0], [35.0, 680.5], [35.5, 681.0], [36.0, 681.5], [36.5, 682.0], [37.0, 682.5], [37.5, 683.0], [38.0, 683.5], [38.0, 684.5], [38.5, 685.0], [39.0, 685.5], [39.0, 686.5], [39.5, 687.0], [40.0, 687.5], [40.5, 688.0], [41.0, 688.5], [41.0, 689.5], [41.0, 690.5], [41.0, 691.5], [41.0, 692.5], [40.5, 693.0], [40.0, 693.5], [39.5, 694.0], [39.0, 694.5], [38.5, 695.0], [37.5, 695.0], [37.0, 695.5], [36.5, 696.0]]]}, "properties": {"objectType": "detection", "name": "label_42", "label_id": 42}}, {"type": "Feature", "geometry": {"type": "Polygon", "coordinates": [[[116.5, 205.0], [115.5, 205.0], [114.5, 205.0], [114.0, 204.5], [113.5, 204.0], [112.5, 204.0], [111.5, 204.0], [111.0, 203.5], [110.5, 203.0], [110.0, 202.5], [109.5, 202.0], [108.5, 202.0], [108.0, 201.5], [107.5, 201.0], [107.0, 200.5], [106.5, 200.0], [105.5, 200.0], [105.0, 199.5], [105.0, 198.5], [104.5, 198.0], [104.0, 197.5], [104.0, 196.5], [103.5, 196.0], [103.0, 195.5], [103.0, 194.5], [103.5, 194.0], [104.0, 193.5], [104.0, 192.5], [104.0, 191.5], [104.5, 191.0], [105.0, 190.5], [105.0, 189.5], [105.5, 189.0], [106.0, 188.5], [106.5, 188.0], [107.5, 188.0], [108.0, 187.5], [108.5, 187.0], [109.5, 187.0], [110.5, 187.0], [111.0, 186.5], [111.5, 186.0], [112.5, 186.0], [113.5, 186.0], [114.5, 186.0], [115.5, 186.0], [116.5, 186.0], [117.5, 186.0], [118.0, 186.5], [118.5, 187.0], [119.5, 187.0], [120.0, 187.5], [120.5, 188.0], [121.5, 188.0], [122.0, 188.5], [122.5, 189.0], [123.5, 189.0], [124.0, 189.5], [124.5, 190.0], [125.0, 190.5], [125.5, 191.0], [126.0, 191.5], [126.0, 192.5], [126.5, 193.0], [127.0, 193.5], [127.0, 194.5], [127.0, 195.5], [127.0, 196.5], [126.5, 197.0], [126.0, 197.5], [126.0, 198.5], [126.0, 199.5], [125.5, 200.0], [125.0, 200.5], [124.5, 201.0], [124.0, 201.5], [123.5, 202.0], [123.0, 202.5], [122.5, 203.0], [121.5, 203.0], [121.0, 203.5], [120.5, 204.0], [119.5, 204.0], [118.5, 204.0], [117.5, 204.0], [117.0, 204.5], [116.5, 205.0]]]}, "properties": {"objectType": "detection", "name": "label_43", "label_id": 43}}, {"type": "Feature", "geometry": {"type": "Polygon", "coordinates": [[[239.5, 324.0], [238.5, 324.0], [237.5, 324.0], [236.5, 324.0], [235.5, 324.0], [234.5, 324.0], [233.5, 324.0], [233.0, 323.5], [232.5, 323.0], [231.5, 323.0], [231.0, 322.5], [230.5, 322.0], [229.5, 322.0], [229.0, 321.5], [228.5, 321.0], [228.0, 320.5], [228.0, 319.5], [227.5, 319.0], [227.0, 318.5], [227.0, 317.5], [226.5, 317.0], [226.0, 316.5], [226.0, 315.5], [226.0, 314.5], [226.0, 313.5], [226.0, 312.5], [226.0, 311.5], [226.0, 310.5], [226.0, 309.5], [226.5, 309.0], [227.0, 308.5], [227.5, 308.0], [228.0, 307.5], [228.0, 306.5], [228.5, 306.0], [229.0, 305.5], [229.5, 305.0], [230.0, 304.5], [230.5, 304.0], [231.5, 304.0], [232.0, 303.5], [232.5, 303.0], [233.5, 303.0], [234.5, 303.0], [235.5, 303.0], [236.5, 303.0], [237.5, 303.0], [238.5, 303.0], [239.5, 303.0], [240.5, 303.0], [241.0, 303.5], [241.5, 304.0], [242.0, 304.5], [242.5, 305.0], [243.0, 305.5], [243.5, 306.0], [244.0, 306.5], [244.0, 307.5], [244.5, 308.0], [245.0, 308.5], [245.0, 309.5], [245.0, 310.5], [245.0, 311.5], [245.0, 312.5], [245.0, 313.5], [245.0, 314.5], [245.0, 315.5], [245.0, 316.5], [245.0, 317.5], [244.5, 318.0], [244.0, 318.5], [244.0, 319.5], [244.0, 320.5], [243.5, 321.0], [243.0, 321.5], [242.5, 322.0], [242.0, 322.5], [241.5, 323.0], [240.5, 323.0], [240.0, 323.5], [239.5, 324.0]]]}, "properties": {"objectType": "detection", "name": "label_44", "label_id": 44}}, {"type": "Feature", "geometry": {"type": "Polygon", "coordinates": [[[593.5, 397.0], [592.5, 397.0], [591.5, 397.0], [590.5, 397.0], [589.5, 397.0], [588.5, 397.0], [587.5, 397.0], [587.0, 396.5], [586.5, 396.0], [585.5, 396.0], [585.0, 395.5], [585.0, 394.5], [584.5, 394.0], [584.0, 393.5], [584.0, 392.5], [584.0, 391.5], [584.0, 390.5], [584.0, 389.5], [584.0, 388.5], [584.0, 387.5], [584.5, 387.0], [585.0, 386.5], [585.0, 385.5], [585.5, 385.0], [586.0, 384.5], [586.0, 383.5], [586.5, 383.0], [587.0, 382.5], [587.0, 381.5], [587.5, 381.0], [588.0, 380.5], [588.0, 379.5], [588.5, 379.0], [589.0, 378.5], [589.0, 377.5], [589.5, 377.0], [590.0, 376.5], [590.5, 376.0], [591.0, 375.5], [591.5, 375.0], [592.0, 374.5], [592.5, 374.0], [593.0, 373.5], [593.5, 373.0], [594.0, 372.5], [594.5, 372.0], [595.5, 372.0], [596.5, 372.0], [597.0, 372.5], [597.5, 373.0], [598.5, 373.0], [599.0, 373.5], [599.5, 374.0], [600.0, 374.5], [600.5, 375.0], [601.0, 375.5], [601.5, 376.0], [602.0, 376.5], [602.0, 377.5], [602.0, 378.5], [602.5, 379.0], [603.0, 379.5], [603.0, 380.5], [603.0, 381.5], [603.0, 382.5], [603.0, 383.5], [602.5, 384.0], [602.0, 384.5], [602.0, 385.5], [602.0, 386.5], [602.0, 387.5], [601.5, 388.0], [601.0, 388.5], [601.0, 389.5], [600.5, 390.0], [600.0, 390.5], [599.5, 391.0], [599.0, 391.5], [599.0, 392.5], [598.5, 393.0], [598.0, 393.5], [597.5, 394.0], [597.0, 394.5], [596.5, 395.0], [595.5, 395.0], [595.0, 395.5], [594.5, 396.0], [594.0, 396.5], [593.5, 397.0]]]}, "properties": {"objectType": "detection", "name": "label_45", "label_id": 45}}, {"type": "Feature", "geometry": {"type": "Polygon", "coordinates": [[[609.5, 694.0], [608.5, 694.0], [607.5, 694.0], [607.0, 693.5], [606.5, 693.0], [606.0, 692.5], [605.5, 692.0], [605.0, 691.5], [604.5, 691.0], [604.0, 690.5], [604.0, 689.5], [604.0, 688.5], [604.0, 687.5], [604.0, 686.5], [604.0, 685.5], [604.5, 685.0], [605.0, 684.5], [605.5, 684.0], [606.0, 683.5], [606.0, 682.5], [606.5, 682.0], [607.0, 681.5], [607.5, 681.0], [608.0, 680.5], [608.5, 680.0], [609.0, 679.5], [609.5, 679.0], [610.0, 678.5], [610.5, 678.0], [611.5, 678.0], [612.0, 677.5], [612.5, 677.0], [613.5, 677.0], [614.0, 676.5], [614.5, 676.0], [615.5, 676.0], [616.0, 675.5], [616.5, 675.0], [617.5, 675.0], [618.0, 674.5], [618.5, 674.0], [619.5, 674.0], [620.5, 674.0], [621.0, 673.5], [621.5, 673.0], [622.5, 673.0], [623.0, 672.5], [623.5, 672.0], [624.5, 672.0], [625.5, 672.0], [626.5, 672.0], [627.0, 672.5], [627.5, 673.0], [628.0, 673.5], [628.5, 674.0], [629.0, 674.5], [629.5, 675.0], [630.0, 675.5], [630.0, 676.5], [629.5, 677.0], [629.0, 677.5], [629.0, 678.5], [629.0, 679.5], [628.5, 680.0], [628.0, 680.5], [628.0, 681.5], [627.5, 682.0], [627.0, 682.5], [626.5, 683.0], [626.0, 683.5], [625.5, 684.0], [625.0, 684.5], [624.5, 685.0], [624.0, 685.5], [623.5, 686.0], [623.0, 686.5], [622.5, 687.0], [621.5, 687.0], [621.0, 687.5], [620.5, 688.0], [620.0, 688.5], [619.5, 689.0], [619.0, 689.5], [618.5, 690.0], [617.5, 690.0], [617.0, 690.5], [616.5, 691.0], [616.0, 691.5], [615.5, 692.0], [614.5, 692.0], [614.0, 692.5], [613.5, 693.0], [612.5, 693.0], [611.5, 693.0], [610.5, 693.0], [610.0, 693.5], [609.5, 694.0]]]}, "properties": {"objectType": "detection", "name": "label_46", "label_id": 46}}, {"type": "Feature", "geometry": {"type": "Polygon", "coordinates": [[[130.5, 477.0], [129.5, 477.0], [128.5, 477.0], [127.5, 477.0], [126.5, 477.0], [125.5, 477.0], [124.5, 477.0], [123.5, 477.0], [123.0, 476.5], [122.5, 476.0], [121.5, 476.0], [120.5, 476.0], [120.0, 475.5], [119.5, 475.0], [119.0, 474.5], [118.5, 474.0], [118.0, 473.5], [118.0, 472.5], [117.5, 472.0], [117.0, 471.5], [116.5, 471.0], [116.0, 470.5], [115.5, 470.0], [115.0, 469.5], [115.0, 468.5], [115.0, 467.5], [114.5, 467.0], [114.0, 466.5], [114.0, 465.5], [114.0, 464.5], [114.0, 463.5], [114.0, 462.5], [114.5, 462.0], [115.0, 461.5], [115.5, 461.0], [116.0, 460.5], [116.5, 460.0], [117.0, 459.5], [117.5, 459.0], [118.0, 458.5], [118.5, 458.0], [119.5, 458.0], [120.5, 458.0], [121.5, 458.0], [122.5, 458.0], [123.5, 458.0], [124.5, 458.0], [125.0, 458.5], [125.5, 459.0], [126.5, 459.0], [127.0, 459.5], [127.5, 460.0], [128.5, 460.0], [129.0, 460.5], [129.5, 461.0], [130.5, 461.0], [131.0, 461.5], [131.5, 462.0], [132.0, 462.5], [132.5, 463.0], [133.5, 463.0], [134.0, 463.5], [134.5, 464.0], [135.0, 464.5], [135.0, 465.5], [135.5, 466.0], [136.0, 466.5], [136.0, 467.5], [136.5, 468.0], [137.0, 468.5], [137.0, 469.5], [137.0, 470.5], [137.0, 471.5], [137.0, 472.5], [136.5, 473.0], [136.0, 473.5], [135.5, 474.0], [135.0, 474.5], [134.5, 475.0], [134.0, 475.5], [133.5, 476.0], [132.5, 476.0], [131.5, 476.0], [131.0, 476.5], [130.5, 477.0]]]}, "properties": {"objectType": "detection", "name": "label_47", "label_id": 47}}, {"type": "Feature", "geometry": {"type": "Polygon", "coordinates": [[[113.5, 679.0], [112.5, 679.0], [111.5, 679.0], [110.5, 679.0], [109.5, 679.0], [108.5, 679.0], [107.5, 679.0], [106.5, 679.0], [106.0, 678.5], [105.5, 678.0], [105.0, 677.5], [105.0, 676.5], [104.5, 676.0], [104.0, 675.5], [104.0, 674.5], [104.0, 673.5], [104.0, 672.5], [104.0, 671.5], [104.0, 670.5], [104.5, 670.0], [105.0, 669.5], [105.0, 668.5], [105.0, 667.5], [105.5, 667.0], [106.0, 666.5], [106.0, 665.5], [106.5, 665.0], [107.0, 664.5], [107.0, 663.5], [107.5, 663.0], [108.0, 662.5], [108.5, 662.0], [109.0, 661.5], [109.5, 661.0], [110.5, 661.0], [111.0, 660.5], [111.5, 660.0], [112.0, 659.5], [112.5, 659.0], [113.5, 659.0], [114.5, 659.0], [115.0, 658.5], [115.5, 658.0], [116.5, 658.0], [117.5, 658.0], [118.5, 658.0], [119.5, 658.0], [120.5, 658.0], [121.5, 658.0], [122.0, 658.5], [122.5, 659.0], [123.0, 659.5], [123.5, 660.0], [124.0, 660.5], [124.0, 661.5], [124.5, 662.0], [125.0, 662.5], [125.0, 663.5], [125.0, 664.5], [124.5, 665.0], [124.0, 665.5], [124.0, 666.5], [124.0, 667.5], [124.0, 668.5], [124.0, 669.5], [123.5, 670.0], [123.0, 670.5], [123.0, 671.5], [122.5, 672.0], [122.0, 672.5], [121.5, 673.0], [121.0, 673.5], [120.5, 674.0], [120.0, 674.5], [119.5, 675.0], [119.0, 675.5], [118.5, 676.0], [118.0, 676.5], [117.5, 677.0], [116.5, 677.0], [116.0, 677.5], [115.5, 678.0], [114.5, 678.0], [114.0, 678.5], [113.5, 679.0]]]}, "properties": {"objectType": "detection", "name": "label_48", "label_id": 48}}, {"type": "Feature", "geometry": {"type": "Polygon", "coordinates": [[[762.5, 220.0], [761.5, 220.0], [760.5, 220.0], [760.0, 219.5], [759.5, 219.0], [758.5, 219.0], [757.5, 219.0], [757.0, 218.5], [756.5, 218.0], [755.5, 218.0], [755.0, 217.5], [754.5, 217.0], [754.0, 216.5], [753.5, 216.0], [753.0, 215.5], [753.0, 214.5], [752.5, 214.0], [752.0, 213.5], [752.0, 212.5], [751.5, 212.0], [751.0, 211.5], [751.0, 210.5], [751.0, 209.5], [751.0, 208.5], [751.0, 207.5], [751.5, 207.0], [752.0, 206.5], [752.0, 205.5], [752.5, 205.0], [753.0, 204.5], [753.5, 204.0], [754.5, 204.0], [755.0, 203.5], [755.5, 203.0], [756.5, 203.0], [757.5, 203.0], [758.5, 203.0], [759.5, 203.0], [760.5, 203.0], [761.5, 203.0], [762.5, 203.0], [763.5, 203.0], [764.5, 203.0], [765.5, 203.0], [766.5, 203.0], [767.0, 203.5], [767.5, 204.0], [768.5, 204.0], [769.0, 204.5], [769.5, 205.0], [770.5, 205.0], [771.0, 205.5], [771.5, 206.0], [772.0, 206.5], [772.5, 207.0], [773.0, 207.5], [773.5, 208.0], [774.0, 208.5], [774.0, 209.5], [774.5, 210.0], [775.0, 210.5], [775.0, 211.5], [775.0, 212.5], [775.0, 213.5], [775.0, 214.5], [774.5, 215.0], [774.0, 215.5], [773.5, 216.0], [773.0, 216.5], [772.5, 217.0], [772.0, 217.5], [771.5, 218.0], [770.5, 218.0], [770.0, 218.5], [769.5, 219.0], [768.5, 219.0], [767.5, 219.0], [766.5, 219.0], [765.5, 219.0], [764.5, 219.0], [763.5, 219.0], [763.0, 219.5], [762.5, 220.0]]]}, "properties": {"objectType": "detection", "name": "label_49", "label_id": 49}}, {"type": "Feature", "geometry": {"type": "Polygon", "coordinates": [[[875.5, 392.0], [874.5, 392.0], [873.5, 392.0], [872.5, 392.0], [871.5, 392.0], [870.5, 392.0], [869.5, 392.0], [869.0, 391.5], [868.5, 391.0], [867.5, 391.0], [867.0, 390.5], [866.5, 390.0], [865.5, 390.0], [865.0, 389.5], [864.5, 389.0], [864.0, 388.5], [863.5, 388.0], [862.5, 388.0], [862.0, 387.5], [861.5, 387.0], [861.0, 386.5], [860.5, 386.0], [860.0, 385.5], [860.0, 384.5], [859.5, 384.0], [859.0, 383.5], [858.5, 383.0], [858.0, 382.5], [857.5, 382.0], [857.0, 381.5], [857.0, 380.5], [856.5, 380.0], [856.0, 379.5], [856.0, 378.5], [856.0, 377.5], [855.5, 377.0], [855.0, 376.5], [855.0, 375.5], [855.0, 374.5], [855.5, 374.0], [856.0, 373.5], [856.0, 372.5], [856.0, 371.5], [856.5, 371.0], [857.0, 370.5], [857.5, 370.0], [858.5, 370.0], [859.5, 370.0], [860.5, 370.0], [861.5, 370.0], [862.0, 370.5], [862.5, 371.0], [863.5, 371.0], [864.0, 371.5], [864.5, 372.0], [865.5, 372.0], [866.0, 372.5], [866.5, 373.0], [867.0, 373.5], [867.5, 374.0], [868.5, 374.0], [869.0, 374.5], [869.5, 375.0], [870.0, 375.5], [870.5, 376.0], [871.5, 376.0], [872.0, 376.5], [872.5, 377.0], [873.0, 377.5], [873.5, 378.0], [874.0, 378.5], [874.5, 379.0], [875.0, 379.5], [875.5, 380.0], [876.0, 380.5], [876.5, 381.0], [877.0, 381.5], [877.5, 382.0], [878.0, 382.5], [878.0, 383.5], [878.0, 384.5], [878.0, 385.5], [878.0, 386.5], [878.0, 387.5], [878.0, 388.5], [877.5, 389.0], [877.0, 389.5], [877.0, 390.5], [876.5, 391.0], [876.0, 391.5], [875.5, 392.0]]]}, "properties": {"objectType": "detection", "name": "label_50", "label_id": 50}}, {"type": "Feature", "geometry": {"type": "Polygon", "coordinates": [[[51.5, 205.0], [50.5, 205.0], [49.5, 205.0], [48.5, 205.0], [48.0, 204.5], [47.5, 204.0], [47.0, 203.5], [46.5, 203.0], [46.0, 202.5], [45.5, 202.0], [44.5, 202.0], [44.0, 201.5], [44.0, 200.5], [43.5, 200.0], [43.0, 199.5], [42.5, 199.0], [42.0, 198.5], [42.0, 197.5], [42.0, 196.5], [42.0, 195.5], [42.0, 194.5], [42.0, 193.5], [42.0, 192.5], [42.0, 191.5], [42.5, 191.0], [43.0, 190.5], [43.5, 190.0], [44.0, 189.5], [44.5, 189.0], [45.0, 188.5], [45.5, 188.0], [46.5, 188.0], [47.0, 187.5], [47.5, 187.0], [48.5, 187.0], [49.5, 187.0], [50.5, 187.0], [51.5, 187.0], [52.0, 186.5], [52.5, 186.0], [53.5, 186.0], [54.5, 186.0], [55.0, 186.5], [55.5, 187.0], [56.5, 187.0], [57.5, 187.0], [58.0, 187.5], [58.5, 188.0], [59.5, 188.0], [60.0, 188.5], [60.5, 189.0], [61.0, 189.5], [61.5, 190.0], [62.0, 190.5], [62.5, 191.0], [63.0, 191.5], [63.5, 192.0], [64.0, 192.5], [64.0, 193.5], [64.0, 194.5], [64.0, 195.5], [64.0, 196.5], [64.0, 197.5], [64.0, 198.5], [63.5, 199.0], [63.0, 199.5], [62.5, 200.0], [62.0, 200.5], [61.5, 201.0], [61.0, 201.5], [61.0, 202.5], [60.5, 203.0], [59.5, 203.0], [58.5, 203.0], [57.5, 203.0], [56.5, 203.0], [56.0, 203.5], [55.5, 204.0], [54.5, 204.0], [53.5, 204.0], [52.5, 204.0], [52.0, 204.5], [51.5, 205.0]]]}, "properties": {"objectType": "detection", "name": "label_51", "label_id": 51}}, {"type": "Feature", "geometry": {"type": "Polygon", "coordinates": [[[528.5, 562.0], [527.5, 562.0], [526.5, 562.0], [525.5, 562.0], [524.5, 562.0], [523.5, 562.0], [523.0, 561.5], [522.5, 561.0], [521.5, 561.0], [521.0, 560.5], [520.5, 560.0], [520.0, 559.5], [520.0, 558.5], [520.0, 557.5], [520.0, 556.5], [520.0, 555.5], [520.5, 555.0], [521.0, 554.5], [521.5, 554.0], [522.0, 553.5], [522.5, 553.0], [523.0, 552.5], [523.5, 552.0], [524.5, 552.0], [525.0, 551.5], [525.5, 551.0], [526.5, 551.0], [527.5, 551.0], [528.0, 550.5], [528.5, 550.0], [529.5, 550.0], [530.0, 549.5], [530.5, 549.0], [531.5, 549.0], [532.0, 548.5], [532.5, 548.0], [533.5, 548.0], [534.0, 547.5], [534.5, 547.0], [535.5, 547.0], [536.0, 546.5], [536.5, 546.0], [537.5, 546.0], [538.0, 545.5], [538.5, 545.0], [539.5, 545.0], [540.5, 545.0], [541.0, 544.5], [541.5, 544.0], [542.5, 544.0], [543.0, 543.5], [543.5, 543.0], [544.5, 543.0], [545.0, 542.5], [545.5, 542.0], [546.0, 541.5], [546.5, 541.0], [547.5, 541.0], [548.0, 540.5], [548.5, 540.0], [549.0, 539.5], [549.5, 539.0], [550.5, 539.0], [551.5, 539.0], [552.5, 539.0], [553.0, 539.5], [552.5, 540.0], [552.0, 540.5], [552.0, 541.5], [551.5, 542.0], [551.0, 542.5], [551.0, 543.5], [551.0, 544.5], [550.5, 545.0], [550.0, 545.5], [550.0, 546.5], [549.5, 547.0], [549.0, 547.5], [548.5, 548.0], [548.0, 548.5], [547.5, 549.0], [547.0, 549.5], [547.0, 550.5], [546.5, 551.0], [546.0, 551.5], [545.5, 552.0], [545.0, 552.5], [544.5, 553.0], [544.0, 553.5], [543.5, 554.0], [543.0, 554.5], [542.5, 555.0], [541.5, 555.0], [541.0, 555.5], [540.5, 556.0], [539.5, 556.0], [539.0, 556.5], [538.5, 557.0], [538.0, 557.5], [537.5, 558.0], [536.5, 558.0], [536.0, 558.5], [535.5, 559.0], [534.5, 559.0], [534.0, 559.5], [533.5, 560.0], [532.5, 560.0], [531.5, 560.0], [531.0, 560.5], [530.5, 561.0], [529.5, 561.0], [529.0, 561.5], [528.5, 562.0]]]}, "properties": {"objectType": "detection", "name": "label_52", "label_id": 52}}, {"type": "Feature", "geometry": {"type": "Polygon", "coordinates": [[[90.5, 400.0], [89.5, 400.0], [88.5, 400.0], [87.5, 400.0], [86.5, 400.0], [85.5, 400.0], [84.5, 400.0], [84.0, 399.5], [83.5, 399.0], [82.5, 399.0], [82.0, 398.5], [81.5, 398.0], [80.5, 398.0], [80.0, 397.5], [79.5, 397.0], [79.0, 396.5], [78.5, 396.0], [78.0, 395.5], [77.5, 395.0], [77.0, 394.5], [76.5, 394.0], [76.0, 393.5], [75.5, 393.0], [74.5, 393.0], [74.0, 392.5], [73.5, 392.0], [73.0, 391.5], [73.0, 390.5], [73.0, 389.5], [72.5, 389.0], [72.0, 388.5], [72.0, 387.5], [72.0, 386.5], [72.0, 385.5], [72.0, 384.5], [72.5, 384.0], [73.0, 383.5], [73.0, 382.5], [73.5, 382.0], [74.0, 381.5], [74.5, 381.0], [75.0, 380.5], [75.5, 380.0], [76.5, 380.0], [77.0, 379.5], [77.5, 379.0], [78.5, 379.0], [79.5, 379.0], [80.0, 379.5], [80.5, 380.0], [81.5, 380.0], [82.5, 380.0], [83.5, 380.0], [84.0, 380.5], [84.5, 381.0], [85.5, 381.0], [86.0, 381.5], [86.5, 382.0], [87.5, 382.0], [88.0, 382.5], [88.5, 383.0], [89.5, 383.0], [90.0, 383.5], [90.5, 384.0], [91.0, 384.5], [91.5, 385.0], [92.0, 385.5], [92.0, 386.5], [92.0, 387.5], [92.5, 388.0], [93.0, 388.5], [93.0, 389.5], [92.5, 390.0], [92.0, 390.5], [92.0, 391.5], [92.0, 392.5], [92.0, 393.5], [92.0, 394.5], [92.0, 395.5], [92.0, 396.5], [92.0, 397.5], [92.0, 398.5], [91.5, 399.0], [91.0, 399.5], [90.5, 400.0]]]}, "properties": {"objectType": "detection", "name": "label_53", "label_id": 53}}, {"type": "Feature", "geometry": {"type": "Polygon", "coordinates": [[[785.5, 334.0], [784.5, 334.0], [783.5, 334.0], [782.5, 334.0], [782.0, 333.5], [781.5, 333.0], [780.5, 333.0], [780.0, 332.5], [779.5, 332.0], [779.0, 331.5], [778.5, 331.0], [778.0, 330.5], [777.5, 330.0], [777.0, 329.5], [776.5, 329.0], [776.0, 328.5], [776.0, 327.5], [775.5, 327.0], [775.0, 326.5], [775.0, 325.5], [774.5, 325.0], [774.0, 324.5], [774.0, 323.5], [774.0, 322.5], [774.0, 321.5], [774.0, 320.5], [774.0, 319.5], [774.0, 318.5], [774.0, 317.5], [774.0, 316.5], [774.0, 315.5], [774.5, 315.0], [775.0, 314.5], [775.0, 313.5], [775.0, 312.5], [775.5, 312.0], [776.0, 311.5], [776.0, 310.5], [776.0, 309.5], [776.5, 309.0], [777.0, 308.5], [777.5, 308.0], [778.0, 307.5], [778.5, 307.0], [779.5, 307.0], [780.0, 306.5], [780.5, 306.0], [781.5, 306.0], [782.5, 306.0], [783.0, 306.5], [783.5, 307.0], [784.0, 307.5], [784.5, 308.0], [785.0, 308.5], [785.5, 309.0], [786.0, 309.5], [786.0, 310.5], [786.5, 311.0], [787.0, 311.5], [787.0, 312.5], [787.0, 313.5], [787.0, 314.5], [787.5, 315.0], [788.0, 315.5], [788.0, 316.5], [788.0, 317.5], [788.0, 318.5], [788.0, 319.5], [788.0, 320.5], [788.0, 321.5], [788.0, 322.5], [788.0, 323.5], [788.0, 324.5], [788.0, 325.5], [788.0, 326.5], [788.0, 327.5], [788.0, 328.5], [788.0, 329.5], [788.0, 330.5], [788.0, 331.5], [787.5, 332.0], [787.0, 332.5], [786.5, 333.0], [786.0, 333.5], [785.5, 334.0]]]}, "properties": {"objectType": "detection", "name": "label_54", "label_id": 54}}, {"type": "Feature", "geometry": {"type": "Polygon", "coordinates": [[[805.5, 82.0], [804.5, 82.0], [803.5, 82.0], [802.5, 82.0], [801.5, 82.0], [800.5, 82.0], [799.5, 82.0], [798.5, 82.0], [797.5, 82.0], [796.5, 82.0], [795.5, 82.0], [795.0, 81.5], [794.5, 81.0], [793.5, 81.0], [792.5, 81.0], [791.5, 81.0], [791.0, 80.5], [790.5, 80.0], [789.5, 80.0], [789.0, 79.5], [788.5, 79.0], [788.0, 78.5], [787.5, 78.0], [787.0, 77.5], [787.0, 76.5], [787.0, 75.5], [786.5, 75.0], [786.0, 74.5], [786.0, 73.5], [785.5, 73.0], [785.0, 72.5], [784.5, 72.0], [784.0, 71.5], [784.0, 70.5], [783.5, 70.0], [783.0, 69.5], [783.0, 68.5], [783.5, 68.0], [784.0, 67.5], [784.0, 66.5], [784.5, 66.0], [785.0, 65.5], [785.5, 65.0], [786.0, 64.5], [786.5, 64.0], [787.5, 64.0], [788.0, 63.5], [788.5, 63.0], [789.5, 63.0], [790.0, 63.5], [790.5, 64.0], [791.0, 64.5], [791.5, 65.0], [792.0, 65.5], [792.5, 66.0], [793.0, 66.5], [793.5, 67.0], [794.0, 67.5], [794.5, 68.0], [795.0, 68.5], [795.5, 69.0], [796.5, 69.0], [797.0, 69.5], [797.5, 70.0], [798.5, 70.0], [799.0, 70.5], [799.5, 71.0], [800.5, 71.0], [801.5, 71.0], [802.5, 71.0], [803.5, 71.0], [804.0, 71.5], [804.5, 72.0], [805.5, 72.0], [806.0, 72.5], [806.5, 73.0], [807.5, 73.0], [808.0, 73.5], [808.5, 74.0], [809.5, 74.0], [810.0, 74.5], [810.5, 75.0], [811.5, 75.0], [812.0, 75.5], [812.5, 76.0], [813.0, 76.5], [813.0, 77.5], [812.5, 78.0], [812.0, 78.5], [811.5, 79.0], [811.0, 79.5], [810.5, 80.0], [810.0, 80.5], [809.5, 81.0], [808.5, 81.0], [807.5, 81.0], [806.5, 81.0], [806.0, 81.5], [805.5, 82.0]]]}, "properties": {"objectType": "detection", "name": "label_55", "label_id": 55}}, {"type": "Feature", "geometry": {"type": "Polygon", "coordinates": [[[425.5, 189.0], [424.5, 189.0], [423.5, 189.0], [422.5, 189.0], [421.5, 189.0], [421.0, 188.5], [420.5, 188.0], [420.0, 187.5], [419.5, 187.0], [419.0, 186.5], [418.5, 186.0], [418.0, 185.5], [418.0, 184.5], [418.0, 183.5], [418.0, 182.5], [418.0, 181.5], [418.0, 180.5], [418.0, 179.5], [418.0, 178.5], [418.5, 178.0], [419.0, 177.5], [419.0, 176.5], [419.0, 175.5], [419.5, 175.0], [420.0, 174.5], [420.0, 173.5], [420.5, 173.0], [421.0, 172.5], [421.0, 171.5], [421.5, 171.0], [422.0, 170.5], [422.0, 169.5], [422.5, 169.0], [423.0, 168.5], [423.5, 168.0], [424.0, 167.5], [424.0, 166.5], [424.5, 166.0], [425.0, 165.5], [425.5, 165.0], [426.5, 165.0], [427.0, 164.5], [427.5, 164.0], [428.5, 164.0], [429.5, 164.0], [430.5, 164.0], [431.5, 164.0], [432.5, 164.0], [433.0, 164.5], [433.5, 165.0], [434.0, 165.5], [434.5, 166.0], [435.0, 166.5], [435.5, 167.0], [436.0, 167.5], [436.0, 168.5], [436.0, 169.5], [436.0, 170.5], [436.0, 171.5], [436.0, 172.5], [435.5, 173.0], [435.0, 173.5], [435.0, 174.5], [435.0, 175.5], [434.5, 176.0], [434.0, 176.5], [434.0, 177.5], [433.5, 178.0], [433.0, 178.5], [432.5, 179.0], [432.0, 179.5], [432.0, 180.5], [431.5, 181.0], [431.0, 181.5], [431.0, 182.5], [431.0, 183.5], [430.5, 184.0], [430.0, 184.5], [430.0, 185.5], [429.5, 186.0], [429.0, 186.5], [428.5, 187.0], [428.0, 187.5], [427.5, 188.0], [426.5, 188.0], [426.0, 188.5], [425.5, 189.0]]]}, "properties": {"objectType": "detection", "name": "label_56", "label_id": 56}}, {"type": "Feature", "geometry": {"type": "Polygon", "coordinates": [[[510.5, 737.0], [509.5, 737.0], [508.5, 737.0], [508.0, 736.5], [507.5, 736.0], [507.0, 735.5], [506.5, 735.0], [506.0, 734.5], [505.5, 734.0], [505.0, 733.5], [505.0, 732.5], [505.0, 731.5], [504.5, 731.0], [504.0, 730.5], [504.0, 729.5], [504.0, 728.5], [504.0, 727.5], [504.0, 726.5], [504.0, 725.5], [504.0, 724.5], [504.5, 724.0], [505.0, 723.5], [505.0, 722.5], [505.0, 721.5], [505.5, 721.0], [506.0, 720.5], [506.5, 720.0], [507.0, 719.5], [507.0, 718.5], [507.5, 718.0], [508.0, 717.5], [508.5, 717.0], [509.5, 717.0], [510.0, 716.5], [510.5, 716.0], [511.5, 716.0], [512.0, 715.5], [512.5, 715.0], [513.5, 715.0], [514.5, 715.0], [515.5, 715.0], [516.5, 715.0], [517.5, 715.0], [518.5, 715.0], [519.5, 715.0], [520.0, 715.5], [520.5, 716.0], [521.5, 716.0], [522.0, 716.5], [522.5, 717.0], [523.0, 717.5], [523.0, 718.5], [523.0, 719.5], [523.5, 720.0], [524.0, 720.5], [524.0, 721.5], [523.5, 722.0], [523.0, 722.5], [523.0, 723.5], [523.0, 724.5], [522.5, 725.0], [522.0, 725.5], [522.0, 726.5], [521.5, 727.0], [521.0, 727.5], [520.5, 728.0], [520.0, 728.5], [520.0, 729.5], [519.5, 730.0], [519.0, 730.5], [518.5, 731.0], [518.0, 731.5], [517.5, 732.0], [517.0, 732.5], [516.5, 733.0], [516.0, 733.5], [515.5, 734.0], [515.0, 734.5], [514.5, 735.0], [513.5, 735.0], [513.0, 735.5], [512.5, 736.0], [511.5, 736.0], [511.0, 736.5], [510.5, 737.0]]]}, "properties": {"objectType": "detection", "name": "label_57", "label_id": 57}}, {"type": "Feature", "geometry": {"type": "Polygon", "coordinates": [[[204.5, 147.0], [203.5, 147.0], [202.5, 147.0], [201.5, 147.0], [200.5, 147.0], [199.5, 147.0], [199.0, 146.5], [198.5, 146.0], [197.5, 146.0], [196.5, 146.0], [196.0, 145.5], [195.5, 145.0], [195.0, 144.5], [194.5, 144.0], [194.0, 143.5], [193.5, 143.0], [193.0, 142.5], [193.0, 141.5], [193.0, 140.5], [192.5, 140.0], [192.0, 139.5], [192.0, 138.5], [191.5, 138.0], [191.0, 137.5], [191.0, 136.5], [191.0, 135.5], [190.5, 135.0], [190.0, 134.5], [190.0, 133.5], [189.5, 133.0], [189.0, 132.5], [189.0, 131.5], [189.0, 130.5], [189.0, 129.5], [189.5, 129.0], [190.0, 128.5], [190.5, 128.0], [191.0, 127.5], [191.5, 127.0], [192.5, 127.0], [193.5, 127.0], [194.5, 127.0], [195.5, 127.0], [196.0, 127.5], [196.5, 128.0], [197.5, 128.0], [198.5, 128.0], [199.0, 128.5], [199.5, 129.0], [200.5, 129.0], [201.0, 129.5], [201.5, 130.0], [202.5, 130.0], [203.0, 130.5], [203.5, 131.0], [204.5, 131.0], [205.0, 131.5], [205.5, 132.0], [206.5, 132.0], [207.0, 132.5], [207.5, 133.0], [208.0, 133.5], [208.5, 134.0], [209.0, 134.5], [209.5, 135.0], [210.0, 135.5], [210.5, 136.0], [211.0, 136.5], [211.0, 137.5], [211.0, 138.5], [211.5, 139.0], [212.0, 139.5], [212.0, 140.5], [211.5, 141.0], [211.0, 141.5], [211.0, 142.5], [210.5, 143.0], [210.0, 143.5], [209.5, 144.0], [209.0, 144.5], [208.5, 145.0], [208.0, 145.5], [207.5, 146.0], [206.5, 146.0], [205.5, 146.0], [205.0, 146.5], [204.5, 147.0]]]}, "properties": {"objectType": "detection", "name": "label_58", "label_id": 58}}, {"type": "Feature", "geometry": {"type": "Polygon", "coordinates": [[[612.5, 665.0], [611.5, 665.0], [610.5, 665.0], [609.5, 665.0], [608.5, 665.0], [608.0, 664.5], [607.5, 664.0], [606.5, 664.0], [606.0, 663.5], [606.0, 662.5], [605.5, 662.0], [605.0, 661.5], [604.5, 661.0], [604.0, 660.5], [604.0, 659.5], [603.5, 659.0], [603.0, 658.5], [603.0, 657.5], [603.0, 656.5], [603.0, 655.5], [603.0, 654.5], [603.0, 653.5], [603.0, 652.5], [603.0, 651.5], [603.0, 650.5], [603.0, 649.5], [603.0, 648.5], [603.0, 647.5], [603.5, 647.0], [604.0, 646.5], [604.0, 645.5], [604.5, 645.0], [605.0, 644.5], [605.0, 643.5], [605.5, 643.0], [606.0, 642.5], [606.0, 641.5], [606.5, 641.0], [607.5, 641.0], [608.5, 641.0], [609.5, 641.0], [610.5, 641.0], [611.5, 641.0], [612.0, 641.5], [612.5, 642.0], [613.5, 642.0], [614.0, 642.5], [614.5, 643.0], [615.0, 643.5], [615.5, 644.0], [616.0, 644.5], [616.5, 645.0], [617.0, 645.5], [617.5, 646.0], [618.0, 646.5], [618.0, 647.5], [618.0, 648.5], [618.5, 649.0], [619.0, 649.5], [619.0, 650.5], [619.0, 651.5], [619.0, 652.5], [619.0, 653.5], [619.0, 654.5], [619.0, 655.5], [619.0, 656.5], [618.5, 657.0], [618.0, 657.5], [618.0, 658.5], [618.0, 659.5], [617.5, 660.0], [617.0, 660.5], [616.5, 661.0], [616.0, 661.5], [616.0, 662.5], [615.5, 663.0], [615.0, 663.5], [614.5, 664.0], [613.5, 664.0], [613.0, 664.5], [612.5, 665.0]]]}, "properties": {"objectType": "detection", "name": "label_59", "label_id": 59}}, {"type": "Feature", "geometry": {"type": "Polygon", "coordinates": [[[890.5, 641.0], [889.5, 641.0], [888.5, 641.0], [887.5, 641.0], [886.5, 641.0], [885.5, 641.0], [884.5, 641.0], [883.5, 641.0], [882.5, 641.0], [881.5, 641.0], [880.5, 641.0], [879.5, 641.0], [878.5, 641.0], [877.5, 641.0], [876.5, 641.0], [875.5, 641.0], [875.0, 640.5], [874.5, 640.0], [873.5, 640.0], [872.5, 640.0], [871.5, 640.0], [871.0, 639.5], [870.5, 639.0], [869.5, 639.0], [869.0, 638.5], [868.5, 638.0], [868.0, 637.5], [867.5, 637.0], [867.0, 636.5], [866.5, 636.0], [866.0, 635.5], [866.0, 634.5], [866.0, 633.5], [866.0, 632.5], [866.0, 631.5], [866.0, 630.5], [866.5, 630.0], [867.0, 629.5], [867.5, 629.0], [868.0, 628.5], [868.5, 628.0], [869.0, 627.5], [869.5, 627.0], [870.5, 627.0], [871.0, 626.5], [871.5, 626.0], [872.5, 626.0], [873.5, 626.0], [874.0, 625.5], [874.5, 625.0], [875.0, 625.5], [875.5, 626.0], [876.5, 626.0], [877.5, 626.0], [878.5, 626.0], [879.0, 626.5], [879.5, 627.0], [880.5, 627.0], [881.0, 627.5], [881.5, 628.0], [882.5, 628.0], [883.5, 628.0], [884.0, 628.5], [884.5, 629.0], [885.5, 629.0], [886.0, 629.5], [886.5, 630.0], [887.5, 630.0], [888.0, 630.5], [888.5, 631.0], [889.0, 631.5], [889.5, 632.0], [890.0, 632.5], [890.5, 633.0], [891.0, 633.5], [891.5, 634.0], [892.0, 634.5], [892.0, 635.5], [892.0, 636.5], [892.0, 637.5], [892.0, 638.5], [892.0, 639.5], [891.5, 640.0], [891.0, 640.5], [890.5, 641.0]]]}, "properties": {"objectType": "detection", "name": "label_60", "label_id": 60}}, {"type": "Feature", "geometry": {"type": "Polygon", "coordinates": [[[118.5, 630.0], [117.5, 630.0], [116.5, 630.0], [116.0, 629.5], [115.5, 629.0], [114.5, 629.0], [114.0, 628.5], [113.5, 628.0], [112.5, 628.0], [111.5, 628.0], [111.0, 627.5], [110.5, 627.0], [110.0, 626.5], [110.0, 625.5], [109.5, 625.0], [109.0, 624.5], [109.0, 623.5], [109.0, 622.5], [108.5, 622.0], [108.0, 621.5], [108.0, 620.5], [107.5, 620.0], [107.0, 619.5], [107.0, 618.5], [106.5, 618.0], [106.0, 617.5], [106.0, 616.5], [106.0, 615.5], [106.0, 614.5], [106.0, 613.5], [106.0, 612.5], [106.0, 611.5], [106.5, 611.0], [107.0, 610.5], [107.0, 609.5], [107.5, 609.0], [108.0, 608.5], [108.5, 608.0], [109.0, 607.5], [109.5, 607.0], [110.5, 607.0], [111.0, 606.5], [111.5, 606.0], [112.5, 606.0], [113.0, 606.5], [113.5, 607.0], [114.5, 607.0], [115.5, 607.0], [116.0, 607.5], [116.5, 608.0], [117.0, 608.5], [117.5, 609.0], [118.5, 609.0], [119.0, 609.5], [119.5, 610.0], [120.0, 610.5], [120.5, 611.0], [121.0, 611.5], [121.0, 612.5], [121.0, 613.5], [121.5, 614.0], [122.0, 614.5], [122.0, 615.5], [122.0, 616.5], [122.5, 617.0], [123.0, 617.5], [123.0, 618.5], [123.0, 619.5], [123.5, 620.0], [124.0, 620.5], [124.0, 621.5], [124.0, 622.5], [124.0, 623.5], [124.0, 624.5], [124.0, 625.5], [123.5, 626.0], [123.0, 626.5], [122.5, 627.0], [122.0, 627.5], [121.5, 628.0], [121.0, 628.5], [120.5, 629.0], [119.5, 629.0], [119.0, 629.5], [118.5, 630.0]]]}, "properties": {"objectType": "detection", "name": "label_61", "label_id": 61}}, {"type": "Feature", "geometry": {"type": "Polygon", "coordinates": [[[859.5, 345.0], [858.5, 345.0], [857.5, 345.0], [856.5, 345.0], [855.5, 345.0], [854.5, 345.0], [853.5, 345.0], [852.5, 345.0], [851.5, 345.0], [850.5, 345.0], [850.0, 344.5], [849.5, 344.0], [848.5, 344.0], [847.5, 344.0], [847.0, 343.5], [846.5, 343.0], [845.5, 343.0], [845.0, 342.5], [844.5, 342.0], [844.0, 341.5], [843.5, 341.0], [842.5, 341.0], [842.0, 340.5], [841.5, 340.0], [841.0, 339.5], [840.5, 339.0], [840.0, 338.5], [840.0, 337.5], [839.5, 337.0], [839.0, 336.5], [838.5, 336.0], [838.0, 335.5], [838.0, 334.5], [838.0, 333.5], [837.5, 333.0], [837.0, 332.5], [837.0, 331.5], [837.5, 331.0], [838.0, 330.5], [838.0, 329.5], [838.0, 328.5], [838.5, 328.0], [839.0, 327.5], [839.5, 327.0], [840.5, 327.0], [841.0, 326.5], [841.5, 326.0], [842.5, 326.0], [843.5, 326.0], [844.5, 326.0], [845.0, 326.5], [845.5, 327.0], [846.5, 327.0], [847.5, 327.0], [848.0, 327.5], [848.5, 328.0], [849.5, 328.0], [850.5, 328.0], [851.0, 328.5], [851.5, 329.0], [852.0, 329.5], [852.5, 330.0], [853.5, 330.0], [854.0, 330.5], [854.5, 331.0], [855.0, 331.5], [855.5, 332.0], [856.0, 332.5], [856.5, 333.0], [857.0, 333.5], [857.5, 334.0], [858.0, 334.5], [858.5, 335.0], [859.0, 335.5], [859.0, 336.5], [859.5, 337.0], [860.0, 337.5], [860.0, 338.5], [860.0, 339.5], [860.5, 340.0], [861.0, 340.5], [861.0, 341.5], [861.0, 342.5], [861.0, 343.5], [860.5, 344.0], [860.0, 344.5], [859.5, 345.0]]]}, "properties": {"objectType": "detection", "name": "label_62", "label_id": 62}}, {"type": "Feature", "geometry": {"type": "Polygon", "coordinates": [[[822.5, 292.0], [821.5, 292.0], [820.5, 292.0], [819.5, 292.0], [818.5, 292.0], [817.5, 292.0], [816.5, 292.0], [816.0, 291.5], [815.5, 291.0], [814.5, 291.0], [814.0, 290.5], [813.5, 290.0], [813.0, 289.5], [812.5, 289.0], [812.0, 288.5], [811.5, 288.0], [811.0, 287.5], [811.0, 286.5], [810.5, 286.0], [810.0, 285.5], [810.0, 284.5], [810.0, 283.5], [810.0, 282.5], [809.5, 282.0], [809.0, 281.5], [809.5, 281.0], [810.0, 280.5], [810.0, 279.5], [810.0, 278.5], [810.0, 277.5], [810.5, 277.0], [811.0, 276.5], [811.5, 276.0], [812.0, 275.5], [812.5, 275.0], [813.0, 274.5], [813.5, 274.0], [814.0, 273.5], [814.5, 273.0], [815.0, 272.5], [815.5, 272.0], [816.5, 272.0], [817.0, 271.5], [817.5, 271.0], [818.5, 271.0], [819.5, 271.0], [820.5, 271.0], [821.5, 271.0], [822.5, 271.0], [823.5, 271.0], [824.0, 271.5], [824.5, 272.0], [825.5, 272.0], [826.0, 272.5], [826.0, 273.5], [826.5, 274.0], [827.0, 274.5], [827.0, 275.5], [827.0, 276.5], [827.0, 277.5], [827.0, 278.5], [827.5, 279.0], [828.0, 279.5], [828.0, 280.5], [828.0, 281.5], [828.0, 282.5], [827.5, 283.0], [827.0, 283.5], [827.0, 284.5], [827.0, 285.5], [827.0, 286.5], [826.5, 287.0], [826.0, 287.5], [826.0, 288.5], [825.5, 289.0], [825.0, 289.5], [824.5, 290.0], [824.0, 290.5], [823.5, 291.0], [823.0, 291.5], [822.5, 292.0]]]}, "properties": {"objectType": "detection", "name": "label_63", "label_id": 63}}, {"type": "Feature", "geometry": {"type": "Polygon", "coordinates": [[[802.5, 546.0], [801.5, 546.0], [800.5, 546.0], [799.5, 546.0], [798.5, 546.0], [797.5, 546.0], [797.0, 545.5], [796.5, 545.0], [795.5, 545.0], [794.5, 545.0], [794.0, 544.5], [793.5, 544.0], [793.0, 543.5], [792.5, 543.0], [791.5, 543.0], [791.0, 542.5], [791.0, 541.5], [790.5, 541.0], [790.0, 540.5], [790.0, 539.5], [789.5, 539.0], [789.0, 538.5], [789.0, 537.5], [789.0, 536.5], [789.0, 535.5], [789.0, 534.5], [789.5, 534.0], [790.0, 533.5], [790.0, 532.5], [790.0, 531.5], [790.5, 531.0], [791.0, 530.5], [791.0, 529.5], [791.5, 529.0], [792.0, 528.5], [792.5, 528.0], [793.0, 527.5], [793.0, 526.5], [793.5, 526.0], [794.5, 526.0], [795.0, 525.5], [795.5, 525.0], [796.5, 525.0], [797.5, 525.0], [798.5, 525.0], [799.0, 525.5], [799.5, 526.0], [800.5, 526.0], [801.5, 526.0], [802.0, 526.5], [802.5, 527.0], [803.0, 527.5], [803.5, 528.0], [804.0, 528.5], [804.5, 529.0], [805.0, 529.5], [805.0, 530.5], [805.5, 531.0], [806.0, 531.5], [806.5, 532.0], [807.0, 532.5], [807.0, 533.5], [807.5, 534.0], [808.0, 534.5], [808.0, 535.5], [808.0, 536.5], [808.0, 537.5], [808.0, 538.5], [808.0, 539.5], [808.0, 540.5], [808.0, 541.5], [807.5, 542.0], [807.0, 542.5], [806.5, 543.0], [806.0, 543.5], [805.5, 544.0], [805.0, 544.5], [804.5, 545.0], [803.5, 545.0], [803.0, 545.5], [802.5, 546.0]]]}, "properties": {"objectType": "detection", "name": "label_64", "label_id": 64}}, {"type": "Feature", "geometry": {"type": "Polygon", "coordinates": [[[704.5, 200.0], [703.5, 200.0], [702.5, 200.0], [701.5, 200.0], [700.5, 200.0], [700.0, 199.5], [699.5, 199.0], [699.0, 198.5], [698.5, 198.0], [698.0, 197.5], [697.5, 197.0], [697.0, 196.5], [696.5, 196.0], [696.0, 195.5], [695.5, 195.0], [694.5, 195.0], [694.0, 194.5], [693.5, 194.0], [693.0, 193.5], [692.5, 193.0], [692.0, 192.5], [691.5, 192.0], [691.0, 191.5], [690.5, 191.0], [690.0, 190.5], [689.5, 190.0], [689.0, 189.5], [689.5, 189.0], [690.0, 188.5], [690.0, 187.5], [690.5, 187.0], [691.0, 186.5], [691.5, 186.0], [692.0, 185.5], [692.5, 185.0], [693.0, 184.5], [693.0, 183.5], [693.5, 183.0], [694.0, 182.5], [694.5, 182.0], [695.0, 181.5], [695.5, 181.0], [696.0, 180.5], [696.5, 180.0], [697.0, 179.5], [697.5, 179.0], [698.5, 179.0], [699.5, 179.0], [700.5, 179.0], [701.5, 179.0], [702.5, 179.0], [703.5, 179.0], [704.0, 179.5], [704.5, 180.0], [705.0, 180.5], [705.5, 181.0], [706.0, 181.5], [706.5, 182.0], [707.0, 182.5], [707.5, 183.0], [708.0, 183.5], [708.0, 184.5], [708.5, 185.0], [709.0, 185.5], [709.0, 186.5], [709.5, 187.0], [710.0, 187.5], [710.0, 188.5], [710.0, 189.5], [710.0, 190.5], [710.0, 191.5], [710.0, 192.5], [710.0, 193.5], [710.0, 194.5], [710.0, 195.5], [709.5, 196.0], [709.0, 196.5], [708.5, 197.0], [708.0, 197.5], [707.5, 198.0], [707.0, 198.5], [706.5, 199.0], [705.5, 199.0], [705.0, 199.5], [704.5, 200.0]]]}, "properties": {"objectType": "detection", "name": "label_65", "label_id": 65}}, {"type": "Feature", "geometry": {"type": "Polygon", "coordinates": [[[77.5, 221.0], [76.5, 221.0], [75.5, 221.0], [75.0, 220.5], [74.5, 220.0], [73.5, 220.0], [73.0, 219.5], [72.5, 219.0], [72.0, 218.5], [71.5, 218.0], [70.5, 218.0], [70.0, 217.5], [69.5, 217.0], [69.0, 216.5], [68.5, 216.0], [68.0, 215.5], [68.0, 214.5], [68.0, 213.5], [68.0, 212.5], [68.0, 211.5], [68.0, 210.5], [68.0, 209.5], [68.0, 208.5], [68.0, 207.5], [67.5, 207.0], [67.0, 206.5], [67.0, 205.5], [67.0, 204.5], [67.5, 204.0], [68.0, 203.5], [68.5, 203.0], [69.0, 202.5], [69.0, 201.5], [69.5, 201.0], [70.0, 200.5], [70.5, 200.0], [71.0, 199.5], [71.5, 199.0], [72.0, 198.5], [72.5, 198.0], [73.5, 198.0], [74.0, 197.5], [74.5, 197.0], [75.5, 197.0], [76.5, 197.0], [77.5, 197.0], [78.5, 197.0], [79.0, 197.5], [79.5, 198.0], [80.5, 198.0], [81.0, 198.5], [81.5, 199.0], [82.0, 199.5], [82.0, 200.5], [82.0, 201.5], [82.5, 202.0], [83.0, 202.5], [83.0, 203.5], [83.0, 204.5], [83.0, 205.5], [83.0, 206.5], [83.0, 207.5], [83.0, 208.5], [83.5, 209.0], [84.0, 209.5], [83.5, 210.0], [83.0, 210.5], [83.0, 211.5], [83.0, 212.5], [83.0, 213.5], [83.0, 214.5], [82.5, 215.0], [82.0, 215.5], [82.0, 216.5], [81.5, 217.0], [81.0, 217.5], [81.0, 218.5], [80.5, 219.0], [80.0, 219.5], [79.5, 220.0], [78.5, 220.0], [78.0, 220.5], [77.5, 221.0]]]}, "properties": {"objectType": "detection", "name": "label_66", "label_id": 66}}, {"type": "Feature", "geometry": {"type": "Polygon", "coordinates": [[[164.5, 287.0], [163.5, 287.0], [162.5, 287.0], [161.5, 287.0], [160.5, 287.0], [160.0, 286.5], [159.5, 286.0], [158.5, 286.0], [158.0, 285.5], [157.5, 285.0], [157.0, 284.5], [157.0, 283.5], [157.0, 282.5], [156.5, 282.0], [156.0, 281.5], [156.0, 280.5], [156.0, 279.5], [156.0, 278.5], [156.0, 277.5], [156.5, 277.0], [157.0, 276.5], [157.0, 275.5], [157.0, 274.5], [157.5, 274.0], [158.0, 273.5], [158.5, 273.0], [159.0, 272.5], [159.0, 271.5], [159.5, 271.0], [160.0, 270.5], [160.5, 270.0], [161.0, 269.5], [161.5, 269.0], [162.0, 268.5], [162.5, 268.0], [163.5, 268.0], [164.0, 267.5], [164.5, 267.0], [165.5, 267.0], [166.0, 266.5], [166.5, 266.0], [167.5, 266.0], [168.5, 266.0], [169.5, 266.0], [170.5, 266.0], [171.0, 265.5], [171.5, 265.0], [172.5, 265.0], [173.5, 265.0], [174.0, 265.5], [174.5, 266.0], [175.0, 266.5], [175.5, 267.0], [176.0, 267.5], [176.5, 268.0], [177.0, 268.5], [177.0, 269.5], [177.0, 270.5], [176.5, 271.0], [176.0, 271.5], [176.0, 272.5], [175.5, 273.0], [175.0, 273.5], [174.5, 274.0], [174.0, 274.5], [174.0, 275.5], [173.5, 276.0], [173.0, 276.5], [173.0, 277.5], [172.5, 278.0], [172.0, 278.5], [172.0, 279.5], [171.5, 280.0], [171.0, 280.5], [171.0, 281.5], [170.5, 282.0], [170.0, 282.5], [170.0, 283.5], [170.0, 284.5], [169.5, 285.0], [168.5, 285.0], [167.5, 285.0], [167.0, 285.5], [166.5, 286.0], [165.5, 286.0], [165.0, 286.5], [164.5, 287.0]]]}, "properties": {"objectType": "detection", "name": "label_67", "label_id": 67}}, {"type": "Feature", "geometry": {"type": "Polygon", "coordinates": [[[444.5, 194.0], [443.5, 194.0], [442.5, 194.0], [441.5, 194.0], [440.5, 194.0], [439.5, 194.0], [439.0, 193.5], [438.5, 193.0], [437.5, 193.0], [437.0, 192.5], [436.5, 192.0], [436.0, 191.5], [435.5, 191.0], [435.0, 190.5], [434.5, 190.0], [434.0, 189.5], [434.0, 188.5], [433.5, 188.0], [433.0, 187.5], [433.0, 186.5], [433.0, 185.5], [433.0, 184.5], [433.0, 183.5], [433.5, 183.0], [434.0, 182.5], [434.0, 181.5], [434.0, 180.5], [434.5, 180.0], [435.0, 179.5], [435.0, 178.5], [435.0, 177.5], [435.5, 177.0], [436.0, 176.5], [436.5, 176.0], [437.0, 175.5], [437.5, 175.0], [438.5, 175.0], [439.0, 174.5], [439.5, 174.0], [440.5, 174.0], [441.5, 174.0], [442.5, 174.0], [443.5, 174.0], [444.0, 174.5], [444.5, 175.0], [445.5, 175.0], [446.0, 175.5], [446.5, 176.0], [447.5, 176.0], [448.0, 176.5], [448.5, 177.0], [449.0, 177.5], [449.5, 178.0], [450.0, 178.5], [450.5, 179.0], [451.0, 179.5], [451.5, 180.0], [452.0, 180.5], [452.0, 181.5], [452.5, 182.0], [453.0, 182.5], [453.0, 183.5], [453.0, 184.5], [453.0, 185.5], [453.0, 186.5], [452.5, 187.0], [452.0, 187.5], [452.0, 188.5], [451.5, 189.0], [451.0, 189.5], [450.5, 190.0], [450.0, 190.5], [449.5, 191.0], [449.0, 191.5], [448.5, 192.0], [447.5, 192.0], [447.0, 192.5], [446.5, 193.0], [445.5, 193.0], [445.0, 193.5], [444.5, 194.0]]]}, "properties": {"objectType": "detection", "name": "label_68", "label_id": 68}}, {"type": "Feature", "geometry": {"type": "Polygon", "coordinates": [[[15.5, 718.0], [14.5, 718.0], [14.0, 717.5], [13.5, 717.0], [12.5, 717.0], [12.0, 716.5], [11.5, 716.0], [10.5, 716.0], [10.0, 715.5], [10.0, 714.5], [9.5, 714.0], [9.0, 713.5], [9.0, 712.5], [9.0, 711.5], [9.0, 710.5], [9.0, 709.5], [9.0, 708.5], [9.5, 708.0], [10.0, 707.5], [10.0, 706.5], [10.5, 706.0], [11.0, 705.5], [11.0, 704.5], [11.5, 704.0], [12.0, 703.5], [12.5, 703.0], [13.0, 702.5], [13.0, 701.5], [13.5, 701.0], [14.0, 700.5], [14.5, 700.0], [15.0, 699.5], [15.5, 699.0], [16.0, 698.5], [16.5, 698.0], [17.0, 697.5], [17.5, 697.0], [18.0, 696.5], [18.5, 696.0], [19.0, 695.5], [19.5, 695.0], [20.5, 695.0], [21.5, 695.0], [22.5, 695.0], [23.5, 695.0], [24.0, 695.5], [24.5, 696.0], [25.5, 696.0], [26.0, 696.5], [26.5, 697.0], [27.0, 697.5], [27.5, 698.0], [28.0, 698.5], [28.0, 699.5], [28.0, 700.5], [28.0, 701.5], [28.0, 702.5], [28.0, 703.5], [28.0, 704.5], [28.0, 705.5], [28.0, 706.5], [27.5, 707.0], [27.0, 707.5], [27.0, 708.5], [26.5, 709.0], [26.0, 709.5], [25.5, 710.0], [25.0, 710.5], [24.5, 711.0], [24.0, 711.5], [24.0, 712.5], [23.5, 713.0], [23.0, 713.5], [22.5, 714.0], [22.0, 714.5], [21.5, 715.0], [21.0, 715.5], [20.5, 716.0], [19.5, 716.0], [19.0, 716.5], [18.5, 717.0], [17.5, 717.0], [16.5, 717.0], [16.0, 717.5], [15.5, 718.0]]]}, "properties": {"objectType": "detection", "name": "label_69", "label_id": 69}}, {"type": "Feature", "geometry": {"type": "Polygon", "coordinates": [[[64.5, 145.0], [63.5, 145.0], [62.5, 145.0], [61.5, 145.0], [60.5, 145.0], [59.5, 145.0], [58.5, 145.0], [58.0, 144.5], [57.5, 144.0], [56.5, 144.0], [56.0, 143.5], [55.5, 143.0], [55.0, 142.5], [55.0, 141.5], [54.5, 141.0], [54.0, 140.5], [54.0, 139.5], [53.5, 139.0], [53.0, 138.5], [53.0, 137.5], [53.0, 136.5], [53.0, 135.5], [53.0, 134.5], [53.0, 133.5], [52.5, 133.0], [52.0, 132.5], [52.0, 131.5], [52.0, 130.5], [52.0, 129.5], [52.0, 128.5], [52.5, 128.0], [53.0, 127.5], [53.0, 126.5], [53.5, 126.0], [54.0, 125.5], [54.5, 125.0], [55.0, 124.5], [55.5, 124.0], [56.5, 124.0], [57.0, 123.5], [57.5, 123.0], [58.5, 123.0], [59.5, 123.0], [60.5, 123.0], [61.5, 123.0], [62.0, 123.5], [62.5, 124.0], [63.5, 124.0], [64.0, 124.5], [64.5, 125.0], [65.5, 125.0], [66.0, 125.5], [66.0, 126.5], [66.5, 127.0], [67.0, 127.5], [67.5, 128.0], [68.0, 128.5], [68.0, 129.5], [68.0, 130.5], [68.0, 131.5], [68.5, 132.0], [69.0, 132.5], [69.0, 133.5], [69.0, 134.5], [69.0, 135.5], [69.0, 136.5], [69.0, 137.5], [69.0, 138.5], [69.0, 139.5], [69.0, 140.5], [68.5, 141.0], [68.0, 141.5], [67.5, 142.0], [67.0, 142.5], [66.5, 143.0], [66.0, 143.5], [65.5, 144.0], [65.0, 144.5], [64.5, 145.0]]]}, "properties": {"objectType": "detection", "name": "label_70", "label_id": 70}}, {"type": "Feature", "geometry": {"type": "Polygon", "coordinates": [[[577.5, 526.0], [576.5, 526.0], [575.5, 526.0], [574.5, 526.0], [573.5, 526.0], [572.5, 526.0], [571.5, 526.0], [570.5, 526.0], [570.0, 525.5], [569.5, 525.0], [569.0, 524.5], [569.0, 523.5], [568.5, 523.0], [568.0, 522.5], [568.0, 521.5], [568.0, 520.5], [567.5, 520.0], [567.0, 519.5], [567.0, 518.5], [567.5, 518.0], [568.0, 517.5], [568.0, 516.5], [568.5, 516.0], [569.0, 515.5], [569.0, 514.5], [569.0, 513.5], [569.0, 512.5], [569.0, 511.5], [569.0, 510.5], [568.5, 510.0], [568.0, 509.5], [568.0, 508.5], [568.0, 507.5], [568.0, 506.5], [568.0, 505.5], [568.0, 504.5], [568.0, 503.5], [568.5, 503.0], [569.0, 502.5], [569.0, 501.5], [569.5, 501.0], [570.0, 500.5], [570.5, 500.0], [571.5, 500.0], [572.5, 500.0], [573.5, 500.0], [574.5, 500.0], [575.5, 500.0], [576.0, 500.5], [576.5, 501.0], [577.0, 501.5], [577.5, 502.0], [578.0, 502.5], [578.5, 503.0], [579.0, 503.5], [579.0, 504.5], [579.5, 505.0], [580.0, 505.5], [580.5, 506.0], [581.0, 506.5], [581.0, 507.5], [581.0, 508.5], [581.0, 509.5], [581.0, 510.5], [581.0, 511.5], [581.0, 512.5], [581.0, 513.5], [581.0, 514.5], [581.0, 515.5], [581.0, 516.5], [581.0, 517.5], [581.0, 518.5], [581.0, 519.5], [581.0, 520.5], [580.5, 521.0], [580.0, 521.5], [580.0, 522.5], [580.0, 523.5], [579.5, 524.0], [579.0, 524.5], [578.5, 525.0], [578.0, 525.5], [577.5, 526.0]]]}, "properties": {"objectType": "detection", "name": "label_71", "label_id": 71}}, {"type": "Feature", "geometry": {"type": "Polygon", "coordinates": [[[154.5, 708.0], [153.5, 708.0], [152.5, 708.0], [151.5, 708.0], [150.5, 708.0], [149.5, 708.0], [148.5, 708.0], [148.0, 707.5], [147.5, 707.0], [147.0, 706.5], [146.5, 706.0], [145.5, 706.0], [145.0, 705.5], [145.0, 704.5], [144.5, 704.0], [144.0, 703.5], [143.5, 703.0], [143.0, 702.5], [143.0, 701.5], [143.0, 700.5], [142.5, 700.0], [142.0, 699.5], [142.0, 698.5], [142.5, 698.0], [143.0, 697.5], [143.0, 696.5], [143.0, 695.5], [143.5, 695.0], [144.0, 694.5], [144.0, 693.5], [144.5, 693.0], [145.0, 692.5], [145.5, 692.0], [146.0, 691.5], [146.5, 691.0], [147.0, 690.5], [147.5, 690.0], [148.5, 690.0], [149.0, 689.5], [149.5, 689.0], [150.5, 689.0], [151.5, 689.0], [152.5, 689.0], [153.5, 689.0], [154.5, 689.0], [155.5, 689.0], [156.5, 689.0], [157.5, 689.0], [158.0, 689.5], [158.5, 690.0], [159.0, 690.5], [159.5, 691.0], [160.0, 691.5], [160.0, 692.5], [160.5, 693.0], [161.0, 693.5], [161.0, 694.5], [161.5, 695.0], [162.0, 695.5], [162.0, 696.5], [162.0, 697.5], [162.0, 698.5], [162.0, 699.5], [162.0, 700.5], [162.0, 701.5], [162.0, 702.5], [161.5, 703.0], [161.0, 703.5], [160.5, 704.0], [160.0, 704.5], [159.5, 705.0], [159.0, 705.5], [158.5, 706.0], [157.5, 706.0], [157.0, 706.5], [156.5, 707.0], [155.5, 707.0], [155.0, 707.5], [154.5, 708.0]]]}, "properties": {"objectType": "detection", "name": "label_72", "label_id": 72}}, {"type": "Feature", "geometry": {"type": "Polygon", "coordinates": [[[372.5, 208.0], [371.5, 208.0], [370.5, 208.0], [369.5, 208.0], [368.5, 208.0], [368.0, 207.5], [367.5, 207.0], [366.5, 207.0], [366.0, 206.5], [365.5, 206.0], [364.5, 206.0], [364.0, 205.5], [363.5, 205.0], [363.0, 204.5], [362.5, 204.0], [362.0, 203.5], [362.0, 202.5], [362.0, 201.5], [362.0, 200.5], [362.0, 199.5], [362.5, 199.0], [363.0, 198.5], [363.5, 198.0], [364.0, 197.5], [364.5, 197.0], [365.0, 196.5], [365.5, 196.0], [366.0, 195.5], [366.5, 195.0], [367.0, 194.5], [367.5, 194.0], [368.0, 193.5], [368.0, 192.5], [368.5, 192.0], [369.0, 191.5], [369.0, 190.5], [369.5, 190.0], [370.0, 189.5], [370.0, 188.5], [370.5, 188.0], [371.0, 187.5], [371.5, 187.0], [372.0, 186.5], [372.5, 186.0], [373.5, 186.0], [374.0, 185.5], [374.5, 185.0], [375.5, 185.0], [376.5, 185.0], [377.5, 185.0], [378.0, 185.5], [378.5, 186.0], [379.0, 186.5], [379.5, 187.0], [380.0, 187.5], [380.0, 188.5], [380.5, 189.0], [381.0, 189.5], [381.0, 190.5], [381.5, 191.0], [382.0, 191.5], [382.0, 192.5], [382.0, 193.5], [381.5, 194.0], [381.0, 194.5], [381.0, 195.5], [381.0, 196.5], [381.0, 197.5], [380.5, 198.0], [380.0, 198.5], [380.0, 199.5], [380.0, 200.5], [379.5, 201.0], [379.0, 201.5], [379.0, 202.5], [378.5, 203.0], [378.0, 203.5], [377.5, 204.0], [377.0, 204.5], [376.5, 205.0], [376.0, 205.5], [375.5, 206.0], [375.0, 206.5], [374.5, 207.0], [373.5, 207.0], [373.0, 207.5], [372.5, 208.0]]]}, "properties": {"objectType": "detection", "name": "label_73", "label_id": 73}}, {"type": "Feature", "geometry": {"type": "Polygon", "coordinates": [[[800.5, 691.0], [799.5, 691.0], [798.5, 691.0], [798.0, 690.5], [797.5, 690.0], [797.0, 689.5], [796.5, 689.0], [796.0, 688.5], [795.5, 688.0], [795.0, 687.5], [794.5, 687.0], [794.0, 686.5], [794.0, 685.5], [794.0, 684.5], [794.0, 683.5], [794.0, 682.5], [794.0, 681.5], [794.0, 680.5], [793.5, 680.0], [793.0, 679.5], [793.0, 678.5], [793.0, 677.5], [793.0, 676.5], [793.0, 675.5], [792.5, 675.0], [792.0, 674.5], [792.0, 673.5], [792.0, 672.5], [792.0, 671.5], [792.0, 670.5], [792.0, 669.5], [791.5, 669.0], [791.0, 668.5], [791.0, 667.5], [791.0, 666.5], [791.0, 665.5], [791.0, 664.5], [791.0, 663.5], [791.5, 663.0], [792.0, 662.5], [792.0, 661.5], [792.5, 661.0], [793.0, 660.5], [793.0, 659.5], [793.5, 659.0], [794.5, 659.0], [795.5, 659.0], [796.5, 659.0], [797.5, 659.0], [798.0, 659.5], [798.5, 660.0], [799.5, 660.0], [800.0, 660.5], [800.0, 661.5], [800.5, 662.0], [801.0, 662.5], [801.5, 663.0], [802.0, 663.5], [802.0, 664.5], [802.0, 665.5], [802.0, 666.5], [802.5, 667.0], [803.0, 667.5], [803.0, 668.5], [803.0, 669.5], [803.0, 670.5], [803.0, 671.5], [803.0, 672.5], [803.0, 673.5], [803.0, 674.5], [803.0, 675.5], [803.0, 676.5], [803.0, 677.5], [803.0, 678.5], [803.0, 679.5], [803.0, 680.5], [803.0, 681.5], [803.0, 682.5], [803.0, 683.5], [803.0, 684.5], [803.0, 685.5], [803.0, 686.5], [803.0, 687.5], [802.5, 688.0], [802.0, 688.5], [802.0, 689.5], [801.5, 690.0], [801.0, 690.5], [800.5, 691.0]]]}, "properties": {"objectType": "detection", "name": "label_74", "label_id": 74}}, {"type": "Feature", "geometry": {"type": "Polygon", "coordinates": [[[174.5, 313.0], [173.5, 313.0], [172.5, 313.0], [171.5, 313.0], [170.5, 313.0], [170.0, 312.5], [169.5, 312.0], [168.5, 312.0], [167.5, 312.0], [166.5, 312.0], [166.0, 311.5], [165.5, 311.0], [164.5, 311.0], [164.0, 310.5], [163.5, 310.0], [162.5, 310.0], [162.0, 309.5], [161.5, 309.0], [161.0, 308.5], [161.0, 307.5], [160.5, 307.0], [160.0, 306.5], [159.5, 306.0], [159.0, 305.5], [159.0, 304.5], [159.0, 303.5], [159.0, 302.5], [159.0, 301.5], [159.0, 300.5], [159.0, 299.5], [159.0, 298.5], [159.0, 297.5], [159.0, 296.5], [159.5, 296.0], [160.0, 295.5], [160.0, 294.5], [160.5, 294.0], [161.0, 293.5], [161.5, 293.0], [162.5, 293.0], [163.0, 292.5], [163.5, 292.0], [164.5, 292.0], [165.5, 292.0], [166.5, 292.0], [167.5, 292.0], [168.0, 292.5], [168.5, 293.0], [169.5, 293.0], [170.0, 293.5], [170.5, 294.0], [171.5, 294.0], [172.0, 294.5], [172.5, 295.0], [173.0, 295.5], [173.0, 296.5], [173.0, 297.5], [173.5, 298.0], [174.0, 298.5], [174.0, 299.5], [174.5, 300.0], [175.5, 300.0], [176.0, 300.5], [176.0, 301.5], [176.0, 302.5], [176.5, 303.0], [177.0, 303.5], [177.0, 304.5], [177.0, 305.5], [177.5, 306.0], [178.0, 306.5], [178.0, 307.5], [178.0, 308.5], [177.5, 309.0], [177.0, 309.5], [177.0, 310.5], [176.5, 311.0], [176.0, 311.5], [175.5, 312.0], [175.0, 312.5], [174.5, 313.0]]]}, "properties": {"objectType": "detection", "name": "label_75", "label_id": 75}}, {"type": "Feature", "geometry": {"type": "Polygon", "coordinates": [[[146.5, 644.0], [145.5, 644.0], [144.5, 644.0], [143.5, 644.0], [143.0, 643.5], [142.5, 643.0], [141.5, 643.0], [141.0, 642.5], [140.5, 642.0], [140.0, 641.5], [139.5, 641.0], [139.0, 640.5], [139.0, 639.5], [139.0, 638.5], [139.0, 637.5], [139.0, 636.5], [139.0, 635.5], [139.5, 635.0], [140.0, 634.5], [140.0, 633.5], [140.5, 633.0], [141.0, 632.5], [141.5, 632.0], [142.0, 631.5], [142.0, 630.5], [142.5, 630.0], [143.0, 629.5], [143.5, 629.0], [144.0, 628.5], [144.5, 628.0], [145.0, 627.5], [145.0, 626.5], [145.5, 626.0], [146.0, 625.5], [146.0, 624.5], [146.5, 624.0], [147.0, 623.5], [147.0, 622.5], [147.5, 622.0], [148.0, 621.5], [148.5, 621.0], [149.0, 620.5], [149.0, 619.5], [149.5, 619.0], [150.0, 618.5], [150.5, 618.0], [151.5, 618.0], [152.0, 617.5], [152.5, 617.0], [153.0, 616.5], [153.5, 616.0], [154.5, 616.0], [155.0, 616.5], [155.5, 617.0], [156.0, 617.5], [156.5, 618.0], [157.0, 618.5], [157.0, 619.5], [157.0, 620.5], [157.0, 621.5], [157.0, 622.5], [157.0, 623.5], [157.0, 624.5], [157.0, 625.5], [156.5, 626.0], [156.0, 626.5], [156.0, 627.5], [156.0, 628.5], [155.5, 629.0], [155.0, 629.5], [155.0, 630.5], [155.0, 631.5], [155.0, 632.5], [154.5, 633.0], [154.0, 633.5], [154.0, 634.5], [153.5, 635.0], [153.0, 635.5], [153.0, 636.5], [153.0, 637.5], [152.5, 638.0], [152.0, 638.5], [152.0, 639.5], [151.5, 640.0], [151.0, 640.5], [150.5, 641.0], [150.0, 641.5], [150.0, 642.5], [149.5, 643.0], [148.5, 643.0], [147.5, 643.0], [147.0, 643.5], [146.5, 644.0]]]}, "properties": {"objectType": "detection", "name": "label_76", "label_id": 76}}, {"type": "Feature", "geometry": {"type": "Polygon", "coordinates": [[[502.5, 415.0], [501.5, 415.0], [500.5, 415.0], [499.5, 415.0], [498.5, 415.0], [497.5, 415.0], [496.5, 415.0], [495.5, 415.0], [495.0, 414.5], [494.5, 414.0], [493.5, 414.0], [492.5, 414.0], [491.5, 414.0], [490.5, 414.0], [489.5, 414.0], [488.5, 414.0], [487.5, 414.0], [487.0, 413.5], [486.5, 413.0], [485.5, 413.0], [484.5, 413.0], [484.0, 412.5], [483.5, 412.0], [483.0, 411.5], [482.5, 411.0], [482.0, 410.5], [481.5, 410.0], [481.0, 409.5], [481.0, 408.5], [481.0, 407.5], [481.0, 406.5], [481.0, 405.5], [481.0, 404.5], [481.0, 403.5], [481.5, 403.0], [482.0, 402.5], [482.5, 402.0], [483.5, 402.0], [484.0, 401.5], [484.5, 401.0], [485.5, 401.0], [486.5, 401.0], [487.5, 401.0], [488.5, 401.0], [489.5, 401.0], [490.5, 401.0], [491.5, 401.0], [492.5, 401.0], [493.5, 401.0], [494.5, 401.0], [495.5, 401.0], [496.0, 401.5], [496.5, 402.0], [497.5, 402.0], [498.5, 402.0], [499.5, 402.0], [500.0, 402.5], [500.5, 403.0], [501.5, 403.0], [502.5, 403.0], [503.0, 403.5], [503.5, 404.0], [504.0, 404.5], [504.5, 405.0], [505.0, 405.5], [505.5, 406.0], [506.0, 406.5], [506.5, 407.0], [507.0, 407.5], [507.0, 408.5], [507.0, 409.5], [507.0, 410.5], [506.5, 411.0], [506.0, 411.5], [505.5, 412.0], [505.0, 412.5], [504.5, 413.0], [504.0, 413.5], [503.5, 414.0], [503.0, 414.5], [502.5, 415.0]]]}, "properties": {"objectType": "detection", "name": "label_77", "label_id": 77}}, {"type": "Feature", "geometry": {"type": "Polygon", "coordinates": [[[680.5, 331.0], [679.5, 331.0], [678.5, 331.0], [677.5, 331.0], [677.0, 330.5], [676.5, 330.0], [675.5, 330.0], [674.5, 330.0], [673.5, 330.0], [673.0, 329.5], [672.5, 329.0], [671.5, 329.0], [670.5, 329.0], [670.0, 329.5], [669.5, 330.0], [669.0, 329.5], [668.5, 329.0], [667.5, 329.0], [666.5, 329.0], [665.5, 329.0], [665.0, 328.5], [664.5, 328.0], [664.0, 327.5], [663.5, 327.0], [663.0, 326.5], [663.0, 325.5], [662.5, 325.0], [662.0, 324.5], [662.0, 323.5], [662.5, 323.0], [663.0, 322.5], [663.0, 321.5], [663.5, 321.0], [664.0, 320.5], [664.0, 319.5], [664.5, 319.0], [665.0, 318.5], [665.5, 318.0], [666.5, 318.0], [667.0, 317.5], [667.5, 317.0], [668.5, 317.0], [669.5, 317.0], [670.0, 317.5], [670.5, 318.0], [671.5, 318.0], [672.5, 318.0], [673.5, 318.0], [674.5, 318.0], [675.5, 318.0], [676.5, 318.0], [677.5, 318.0], [678.5, 318.0], [679.5, 318.0], [680.5, 318.0], [681.5, 318.0], [682.0, 318.5], [682.5, 319.0], [683.5, 319.0], [684.5, 319.0], [685.5, 319.0], [686.5, 319.0], [687.0, 319.5], [687.5, 320.0], [688.5, 320.0], [689.0, 320.5], [689.0, 321.5], [689.5, 322.0], [690.0, 322.5], [690.0, 323.5], [690.0, 324.5], [690.0, 325.5], [689.5, 326.0], [689.0, 326.5], [688.5, 327.0], [688.0, 327.5], [687.5, 328.0], [687.0, 328.5], [686.5, 329.0], [686.0, 329.5], [685.5, 330.0], [684.5, 330.0], [683.5, 330.0], [682.5, 330.0], [681.5, 330.0], [681.0, 330.5], [680.5, 331.0]]]}, "properties": {"objectType": "detection", "name": "label_78", "label_id": 78}}, {"type": "Feature", "geometry": {"type": "Polygon", "coordinates": [[[54.5, 431.0], [53.5, 431.0], [52.5, 431.0], [51.5, 431.0], [50.5, 431.0], [49.5, 431.0], [48.5, 431.0], [47.5, 431.0], [47.0, 430.5], [46.5, 430.0], [46.0, 429.5], [45.5, 429.0], [45.0, 428.5], [45.0, 427.5], [45.0, 426.5], [45.0, 425.5], [44.5, 425.0], [44.0, 424.5], [44.0, 423.5], [44.0, 422.5], [44.0, 421.5], [44.5, 421.0], [45.0, 420.5], [45.0, 419.5], [45.0, 418.5], [45.5, 418.0], [46.0, 417.5], [46.5, 417.0], [47.0, 416.5], [47.0, 415.5], [47.5, 415.0], [48.0, 414.5], [48.5, 414.0], [49.0, 413.5], [49.5, 413.0], [50.0, 412.5], [50.0, 411.5], [50.5, 411.0], [51.5, 411.0], [52.0, 410.5], [52.5, 410.0], [53.5, 410.0], [54.5, 410.0], [55.5, 410.0], [56.5, 410.0], [57.0, 410.5], [57.5, 411.0], [58.0, 411.5], [58.5, 412.0], [59.0, 412.5], [59.0, 413.5], [59.5, 414.0], [60.0, 414.5], [60.0, 415.5], [60.5, 416.0], [61.0, 416.5], [61.5, 417.0], [62.0, 417.5], [62.0, 418.5], [62.5, 419.0], [63.0, 419.5], [63.0, 420.5], [63.0, 421.5], [63.0, 422.5], [62.5, 423.0], [61.5, 423.0], [61.0, 423.5], [61.0, 424.5], [61.0, 425.5], [60.5, 426.0], [60.0, 426.5], [60.0, 427.5], [59.5, 428.0], [59.0, 428.5], [58.5, 429.0], [58.0, 429.5], [57.5, 430.0], [56.5, 430.0], [55.5, 430.0], [55.0, 430.5], [54.5, 431.0]]]}, "properties": {"objectType": "detection", "name": "label_79", "label_id": 79}}, {"type": "Feature", "geometry": {"type": "Polygon", "coordinates": [[[208.5, 129.0], [207.5, 129.0], [206.5, 129.0], [205.5, 129.0], [204.5, 129.0], [203.5, 129.0], [202.5, 129.0], [202.0, 128.5], [201.5, 128.0], [200.5, 128.0], [199.5, 128.0], [199.0, 127.5], [198.5, 127.0], [197.5, 127.0], [197.0, 126.5], [196.5, 126.0], [196.0, 125.5], [196.0, 124.5], [195.5, 124.0], [195.0, 123.5], [195.0, 122.5], [194.5, 122.0], [194.0, 121.5], [194.0, 120.5], [194.0, 119.5], [194.0, 118.5], [194.0, 117.5], [194.5, 117.0], [195.0, 116.5], [195.0, 115.5], [195.5, 115.0], [196.0, 114.5], [196.5, 114.0], [197.0, 113.5], [197.5, 113.0], [198.5, 113.0], [199.0, 112.5], [199.5, 112.0], [200.5, 112.0], [201.5, 112.0], [202.0, 111.5], [202.5, 111.0], [203.5, 111.0], [204.5, 111.0], [205.5, 111.0], [206.0, 111.5], [206.5, 112.0], [207.5, 112.0], [208.5, 112.0], [209.5, 112.0], [210.0, 112.5], [210.5, 113.0], [211.0, 113.5], [211.5, 114.0], [212.0, 114.5], [212.5, 115.0], [213.0, 115.5], [213.0, 116.5], [213.5, 117.0], [214.0, 117.5], [214.0, 118.5], [214.5, 119.0], [215.0, 119.5], [215.0, 120.5], [215.0, 121.5], [214.5, 122.0], [214.0, 122.5], [214.0, 123.5], [213.5, 124.0], [213.0, 124.5], [212.5, 125.0], [212.0, 125.5], [212.0, 126.5], [211.5, 127.0], [210.5, 127.0], [210.0, 127.5], [209.5, 128.0], [209.0, 128.5], [208.5, 129.0]]]}, "properties": {"objectType": "detection", "name": "label_80", "label_id": 80}}, {"type": "Feature", "geometry": {"type": "Polygon", "coordinates": [[[215.5, 248.0], [214.5, 248.0], [213.5, 248.0], [212.5, 248.0], [212.0, 247.5], [211.5, 247.0], [210.5, 247.0], [209.5, 247.0], [209.0, 246.5], [208.5, 246.0], [208.0, 245.5], [207.5, 245.0], [207.0, 244.5], [206.5, 244.0], [206.0, 243.5], [205.5, 243.0], [205.0, 242.5], [204.5, 242.0], [204.0, 241.5], [204.0, 240.5], [204.0, 239.5], [204.0, 238.5], [203.5, 238.0], [203.0, 237.5], [203.0, 236.5], [203.5, 236.0], [204.0, 235.5], [204.0, 234.5], [204.0, 233.5], [204.5, 233.0], [205.0, 232.5], [205.5, 232.0], [206.0, 231.5], [206.5, 231.0], [207.0, 230.5], [207.5, 230.0], [208.5, 230.0], [209.5, 230.0], [210.0, 229.5], [210.5, 229.0], [211.5, 229.0], [212.5, 229.0], [213.5, 229.0], [214.0, 229.5], [214.5, 230.0], [215.5, 230.0], [216.5, 230.0], [217.5, 230.0], [218.0, 230.5], [218.5, 231.0], [219.0, 231.5], [219.5, 232.0], [220.0, 232.5], [220.5, 233.0], [221.0, 233.5], [221.5, 234.0], [222.0, 234.5], [222.5, 235.0], [223.0, 235.5], [223.0, 236.5], [223.0, 237.5], [223.0, 238.5], [223.0, 239.5], [223.0, 240.5], [223.0, 241.5], [223.0, 242.5], [222.5, 243.0], [222.0, 243.5], [221.5, 244.0], [221.0, 244.5], [220.5, 245.0], [220.0, 245.5], [219.5, 246.0], [219.0, 246.5], [218.5, 247.0], [217.5, 247.0], [216.5, 247.0], [216.0, 247.5], [215.5, 248.0]]]}, "properties": {"objectType": "detection", "name": "label_81", "label_id": 81}}, {"type": "Feature", "geometry": {"type": "Polygon", "coordinates": [[[237.5, 430.0], [236.5, 430.0], [235.5, 430.0], [235.0, 429.5], [234.5, 429.0], [233.5, 429.0], [233.0, 428.5], [233.0, 427.5], [232.5, 427.0], [232.0, 426.5], [232.0, 425.5], [231.5, 425.0], [231.0, 424.5], [231.0, 423.5], [230.5, 423.0], [230.0, 422.5], [230.0, 421.5], [229.5, 421.0], [229.0, 420.5], [229.0, 419.5], [229.0, 418.5], [228.5, 418.0], [228.0, 417.5], [228.0, 416.5], [228.0, 415.5], [228.0, 414.5], [228.0, 413.5], [228.0, 412.5], [228.0, 411.5], [228.0, 410.5], [228.0, 409.5], [228.0, 408.5], [228.5, 408.0], [229.0, 407.5], [229.0, 406.5], [229.5, 406.0], [230.0, 405.5], [230.5, 405.0], [231.5, 405.0], [232.5, 405.0], [233.5, 405.0], [234.5, 405.0], [235.0, 405.5], [235.5, 406.0], [236.5, 406.0], [237.0, 406.5], [237.5, 407.0], [238.0, 407.5], [238.5, 408.0], [239.0, 408.5], [239.5, 409.0], [240.0, 409.5], [240.5, 410.0], [241.0, 410.5], [241.0, 411.5], [241.5, 412.0], [242.0, 412.5], [242.0, 413.5], [242.0, 414.5], [242.0, 415.5], [242.5, 416.0], [243.0, 416.5], [243.0, 417.5], [243.0, 418.5], [243.0, 419.5], [243.0, 420.5], [243.0, 421.5], [243.0, 422.5], [243.0, 423.5], [242.5, 424.0], [242.0, 424.5], [242.0, 425.5], [242.0, 426.5], [241.5, 427.0], [241.0, 427.5], [240.5, 428.0], [240.0, 428.5], [239.5, 429.0], [238.5, 429.0], [238.0, 429.5], [237.5, 430.0]]]}, "properties": {"objectType": "detection", "name": "label_82", "label_id": 82}}, {"type": "Feature", "geometry": {"type": "Polygon", "coordinates": [[[481.5, 308.0], [480.5, 308.0], [479.5, 308.0], [478.5, 308.0], [477.5, 308.0], [476.5, 308.0], [476.0, 307.5], [475.5, 307.0], [474.5, 307.0], [474.0, 306.5], [473.5, 306.0], [473.0, 305.5], [473.0, 304.5], [472.5, 304.0], [472.0, 303.5], [472.0, 302.5], [472.0, 301.5], [472.0, 300.5], [472.0, 299.5], [472.0, 298.5], [472.0, 297.5], [472.0, 296.5], [472.0, 295.5], [472.0, 294.5], [472.5, 294.0], [473.0, 293.5], [473.0, 292.5], [473.5, 292.0], [474.0, 291.5], [474.0, 290.5], [474.5, 290.0], [475.0, 289.5], [475.5, 289.0], [476.0, 288.5], [476.5, 288.0], [477.0, 287.5], [477.5, 287.0], [478.0, 286.5], [478.5, 286.0], [479.5, 286.0], [480.5, 286.0], [481.5, 286.0], [482.5, 286.0], [483.0, 286.5], [483.5, 287.0], [484.0, 287.5], [484.5, 288.0], [485.0, 288.5], [485.5, 289.0], [486.0, 289.5], [486.0, 290.5], [486.0, 291.5], [486.5, 292.0], [487.0, 292.5], [487.0, 293.5], [487.5, 294.0], [488.0, 294.5], [488.0, 295.5], [488.0, 296.5], [488.0, 297.5], [488.0, 298.5], [488.0, 299.5], [488.0, 300.5], [488.0, 301.5], [488.0, 302.5], [487.5, 303.0], [487.0, 303.5], [486.5, 304.0], [486.0, 304.5], [485.5, 305.0], [485.0, 305.5], [484.5, 306.0], [484.0, 306.5], [483.5, 307.0], [482.5, 307.0], [482.0, 307.5], [481.5, 308.0]]]}, "properties": {"objectType": "detection", "name": "label_83", "label_id": 83}}, {"type": "Feature", "geometry": {"type": "Polygon", "coordinates": [[[157.5, 447.0], [156.5, 447.0], [155.5, 447.0], [154.5, 447.0], [153.5, 447.0], [152.5, 447.0], [151.5, 447.0], [150.5, 447.0], [149.5, 447.0], [149.0, 446.5], [148.5, 446.0], [147.5, 446.0], [146.5, 446.0], [146.0, 445.5], [145.5, 445.0], [145.0, 444.5], [144.5, 444.0], [144.0, 443.5], [144.0, 442.5], [143.5, 442.0], [143.0, 441.5], [143.0, 440.5], [143.0, 439.5], [143.0, 438.5], [143.0, 437.5], [143.0, 436.5], [143.0, 435.5], [143.5, 435.0], [144.0, 434.5], [144.0, 433.5], [144.5, 433.0], [145.0, 432.5], [145.5, 432.0], [146.0, 431.5], [146.0, 430.5], [146.5, 430.0], [147.0, 429.5], [147.5, 429.0], [148.5, 429.0], [149.0, 428.5], [149.5, 428.0], [150.0, 427.5], [150.5, 427.0], [151.5, 427.0], [152.0, 426.5], [152.5, 426.0], [153.5, 426.0], [154.5, 426.0], [155.5, 426.0], [156.5, 426.0], [157.0, 426.5], [157.0, 427.5], [157.0, 428.5], [157.5, 429.0], [158.0, 429.5], [158.0, 430.5], [158.0, 431.5], [158.0, 432.5], [158.0, 433.5], [158.0, 434.5], [158.0, 435.5], [158.0, 436.5], [158.5, 437.0], [159.0, 437.5], [159.5, 438.0], [160.0, 438.5], [160.0, 439.5], [160.0, 440.5], [160.5, 441.0], [161.0, 441.5], [161.0, 442.5], [161.0, 443.5], [161.0, 444.5], [160.5, 445.0], [160.0, 445.5], [159.5, 446.0], [158.5, 446.0], [158.0, 446.5], [157.5, 447.0]]]}, "properties": {"objectType": "detection", "name": "label_84", "label_id": 84}}, {"type": "Feature", "geometry": {"type": "Polygon", "coordinates": [[[487.5, 719.0], [486.5, 719.0], [485.5, 719.0], [484.5, 719.0], [484.0, 718.5], [483.5, 718.0], [482.5, 718.0], [481.5, 718.0], [481.0, 717.5], [480.5, 717.0], [479.5, 717.0], [479.0, 716.5], [478.5, 716.0], [478.0, 715.5], [477.5, 715.0], [477.0, 714.5], [476.5, 714.0], [476.0, 713.5], [476.0, 712.5], [475.5, 712.0], [475.0, 711.5], [475.0, 710.5], [475.0, 709.5], [475.0, 708.5], [475.0, 707.5], [475.0, 706.5], [474.5, 706.0], [474.0, 705.5], [474.0, 704.5], [474.0, 703.5], [474.0, 702.5], [474.5, 702.0], [475.0, 701.5], [475.0, 700.5], [475.0, 699.5], [475.5, 699.0], [476.0, 698.5], [476.5, 698.0], [477.0, 697.5], [477.5, 697.0], [478.5, 697.0], [479.5, 697.0], [480.0, 696.5], [480.5, 696.0], [481.5, 696.0], [482.0, 696.5], [482.5, 697.0], [483.5, 697.0], [484.5, 697.0], [485.0, 697.5], [485.5, 698.0], [486.0, 698.5], [486.5, 699.0], [487.0, 699.5], [487.5, 700.0], [488.0, 700.5], [488.0, 701.5], [488.5, 702.0], [489.0, 702.5], [489.0, 703.5], [489.0, 704.5], [489.0, 705.5], [489.5, 706.0], [490.0, 706.5], [490.0, 707.5], [490.0, 708.5], [490.0, 709.5], [490.0, 710.5], [490.0, 711.5], [490.0, 712.5], [490.0, 713.5], [490.0, 714.5], [490.0, 715.5], [490.0, 716.5], [489.5, 717.0], [489.0, 717.5], [488.5, 718.0], [488.0, 718.5], [487.5, 719.0]]]}, "properties": {"objectType": "detection", "name": "label_85", "label_id": 85}}, {"type": "Feature", "geometry": {"type": "Polygon", "coordinates": [[[836.5, 694.0], [835.5, 694.0], [834.5, 694.0], [834.0, 693.5], [833.5, 693.0], [832.5, 693.0], [832.0, 692.5], [831.5, 692.0], [831.0, 691.5], [830.5, 691.0], [830.0, 690.5], [830.0, 689.5], [829.5, 689.0], [829.0, 688.5], [829.0, 687.5], [829.0, 686.5], [829.0, 685.5], [829.0, 684.5], [829.0, 683.5], [829.0, 682.5], [829.0, 681.5], [829.5, 681.0], [830.0, 680.5], [830.0, 679.5], [830.0, 678.5], [830.5, 678.0], [831.0, 677.5], [831.5, 677.0], [832.0, 676.5], [832.5, 676.0], [833.0, 675.5], [833.5, 675.0], [834.5, 675.0], [835.0, 674.5], [835.5, 674.0], [836.5, 674.0], [837.0, 673.5], [837.5, 673.0], [838.5, 673.0], [839.5, 673.0], [840.5, 673.0], [841.5, 673.0], [842.5, 673.0], [843.0, 673.5], [843.5, 674.0], [844.5, 674.0], [845.0, 674.5], [845.5, 675.0], [846.0, 675.5], [846.5, 676.0], [847.0, 676.5], [847.0, 677.5], [847.5, 678.0], [848.0, 678.5], [848.0, 679.5], [847.5, 680.0], [847.0, 680.5], [847.0, 681.5], [847.0, 682.5], [846.5, 683.0], [846.0, 683.5], [845.5, 684.0], [845.0, 684.5], [845.0, 685.5], [844.5, 686.0], [844.0, 686.5], [843.5, 687.0], [843.0, 687.5], [842.5, 688.0], [842.0, 688.5], [842.0, 689.5], [841.5, 690.0], [841.0, 690.5], [840.5, 691.0], [840.0, 691.5], [839.5, 692.0], [839.0, 692.5], [838.5, 693.0], [837.5, 693.0], [837.0, 693.5], [836.5, 694.0]]]}, "properties": {"objectType": "detection", "name": "label_86", "label_id": 86}}, {"type": "Feature", "geometry": {"type": "Polygon", "coordinates": [[[183.5, 635.0], [182.5, 635.0], [181.5, 635.0], [180.5, 635.0], [180.0, 634.5], [179.5, 634.0], [179.0, 633.5], [178.5, 633.0], [178.0, 632.5], [178.0, 631.5], [177.5, 631.0], [177.0, 630.5], [177.0, 629.5], [177.0, 628.5], [176.5, 628.0], [176.0, 627.5], [176.0, 626.5], [175.5, 626.0], [175.0, 625.5], [175.0, 624.5], [175.0, 623.5], [174.5, 623.0], [174.0, 622.5], [174.0, 621.5], [174.0, 620.5], [174.0, 619.5], [174.0, 618.5], [174.5, 618.0], [175.0, 617.5], [175.5, 617.0], [176.0, 616.5], [176.5, 616.0], [177.0, 615.5], [177.5, 615.0], [178.0, 614.5], [178.5, 614.0], [179.5, 614.0], [180.0, 613.5], [180.5, 613.0], [181.5, 613.0], [182.5, 613.0], [183.5, 613.0], [184.5, 613.0], [185.0, 613.5], [185.5, 614.0], [186.5, 614.0], [187.0, 614.5], [187.5, 615.0], [188.5, 615.0], [189.0, 615.5], [189.0, 616.5], [189.5, 617.0], [190.0, 617.5], [190.5, 618.0], [191.0, 618.5], [191.0, 619.5], [191.0, 620.5], [191.0, 621.5], [191.0, 622.5], [191.0, 623.5], [191.0, 624.5], [191.0, 625.5], [190.5, 626.0], [190.0, 626.5], [190.0, 627.5], [190.0, 628.5], [189.5, 629.0], [189.0, 629.5], [188.5, 630.0], [188.0, 630.5], [188.0, 631.5], [187.5, 632.0], [187.0, 632.5], [186.5, 633.0], [185.5, 633.0], [185.0, 633.5], [184.5, 634.0], [184.0, 634.5], [183.5, 635.0]]]}, "properties": {"objectType": "detection", "name": "label_87", "label_id": 87}}, {"type": "Feature", "geometry": {"type": "Polygon", "coordinates": [[[674.5, 583.0], [673.5, 583.0], [672.5, 583.0], [671.5, 583.0], [670.5, 583.0], [669.5, 583.0], [669.0, 582.5], [668.5, 582.0], [667.5, 582.0], [667.0, 581.5], [666.5, 581.0], [666.0, 580.5], [665.5, 580.0], [665.0, 579.5], [665.0, 578.5], [664.5, 578.0], [664.0, 577.5], [664.0, 576.5], [664.0, 575.5], [664.0, 574.5], [664.0, 573.5], [664.0, 572.5], [664.0, 571.5], [664.0, 570.5], [664.5, 570.0], [665.0, 569.5], [665.0, 568.5], [665.0, 567.5], [665.5, 567.0], [666.0, 566.5], [666.0, 565.5], [666.5, 565.0], [667.0, 564.5], [667.0, 563.5], [667.5, 563.0], [668.0, 562.5], [668.5, 562.0], [669.0, 561.5], [669.0, 560.5], [669.5, 560.0], [670.5, 560.0], [671.0, 559.5], [671.5, 559.0], [672.0, 559.5], [672.5, 560.0], [673.0, 560.5], [673.5, 561.0], [674.0, 561.5], [674.5, 562.0], [675.5, 562.0], [676.0, 562.5], [676.5, 563.0], [677.0, 563.5], [677.5, 564.0], [678.0, 564.5], [678.0, 565.5], [678.0, 566.5], [678.0, 567.5], [678.0, 568.5], [678.5, 569.0], [679.0, 569.5], [679.0, 570.5], [679.0, 571.5], [679.0, 572.5], [679.5, 573.0], [680.0, 573.5], [680.0, 574.5], [680.0, 575.5], [679.5, 576.0], [679.0, 576.5], [679.0, 577.5], [679.0, 578.5], [678.5, 579.0], [678.0, 579.5], [677.5, 580.0], [677.0, 580.5], [676.5, 581.0], [676.0, 581.5], [675.5, 582.0], [675.0, 582.5], [674.5, 583.0]]]}, "properties": {"objectType": "detection", "name": "label_88", "label_id": 88}}, {"type": "Feature", "geometry": {"type": "Polygon", "coordinates": [[[693.5, 747.0], [692.5, 747.0], [691.5, 747.0], [690.5, 747.0], [689.5, 747.0], [689.0, 746.5], [688.5, 746.0], [688.0, 745.5], [687.5, 745.0], [687.0, 744.5], [687.0, 743.5], [687.0, 742.5], [687.0, 741.5], [687.5, 741.0], [688.0, 740.5], [688.0, 739.5], [688.5, 739.0], [689.0, 738.5], [689.5, 738.0], [690.0, 737.5], [690.0, 736.5], [690.5, 736.0], [691.0, 735.5], [691.0, 734.5], [691.5, 734.0], [692.0, 733.5], [692.0, 732.5], [692.5, 732.0], [693.0, 731.5], [693.0, 730.5], [693.0, 729.5], [693.5, 729.0], [694.0, 728.5], [694.5, 728.0], [695.0, 727.5], [695.5, 727.0], [696.5, 727.0], [697.0, 726.5], [697.5, 726.0], [698.5, 726.0], [699.5, 726.0], [700.5, 726.0], [701.5, 726.0], [702.0, 726.5], [702.5, 727.0], [703.5, 727.0], [704.0, 727.5], [704.5, 728.0], [705.0, 728.5], [705.5, 729.0], [706.0, 729.5], [706.5, 730.0], [707.0, 730.5], [707.0, 731.5], [707.0, 732.5], [707.0, 733.5], [707.0, 734.5], [707.0, 735.5], [707.0, 736.5], [706.5, 737.0], [706.0, 737.5], [706.0, 738.5], [705.5, 739.0], [705.0, 739.5], [704.5, 740.0], [704.0, 740.5], [703.5, 741.0], [703.0, 741.5], [702.5, 742.0], [702.0, 742.5], [701.5, 743.0], [700.5, 743.0], [700.0, 743.5], [699.5, 744.0], [698.5, 744.0], [698.0, 744.5], [697.5, 745.0], [696.5, 745.0], [696.0, 745.5], [695.5, 746.0], [694.5, 746.0], [694.0, 746.5], [693.5, 747.0]]]}, "properties": {"objectType": "detection", "name": "label_89", "label_id": 89}}, {"type": "Feature", "geometry": {"type": "Polygon", "coordinates": [[[113.5, 165.0], [112.5, 165.0], [111.5, 165.0], [111.0, 164.5], [110.5, 164.0], [109.5, 164.0], [109.0, 163.5], [108.5, 163.0], [108.0, 162.5], [107.5, 162.0], [107.0, 161.5], [106.5, 161.0], [106.0, 160.5], [106.0, 159.5], [105.5, 159.0], [105.0, 158.5], [105.0, 157.5], [105.0, 156.5], [105.0, 155.5], [105.5, 155.0], [106.0, 154.5], [106.0, 153.5], [106.5, 153.0], [107.0, 152.5], [107.0, 151.5], [107.5, 151.0], [108.0, 150.5], [108.5, 150.0], [109.0, 149.5], [109.5, 149.0], [110.5, 149.0], [111.0, 148.5], [111.5, 148.0], [112.0, 147.5], [112.5, 147.0], [113.0, 146.5], [113.5, 146.0], [114.5, 146.0], [115.5, 146.0], [116.5, 146.0], [117.0, 145.5], [117.5, 145.0], [118.5, 145.0], [119.5, 145.0], [120.5, 145.0], [121.5, 145.0], [122.0, 145.5], [122.5, 146.0], [123.5, 146.0], [124.0, 146.5], [124.5, 147.0], [125.0, 147.5], [125.5, 148.0], [126.0, 148.5], [126.0, 149.5], [126.5, 150.0], [127.0, 150.5], [127.0, 151.5], [126.5, 152.0], [125.5, 152.0], [125.0, 152.5], [124.5, 153.0], [124.0, 153.5], [123.5, 154.0], [123.0, 154.5], [122.5, 155.0], [122.0, 155.5], [122.0, 156.5], [121.5, 157.0], [121.0, 157.5], [120.5, 158.0], [120.0, 158.5], [120.0, 159.5], [119.5, 160.0], [119.0, 160.5], [118.5, 161.0], [118.0, 161.5], [118.0, 162.5], [118.0, 163.5], [117.5, 164.0], [116.5, 164.0], [115.5, 164.0], [114.5, 164.0], [114.0, 164.5], [113.5, 165.0]]]}, "properties": {"objectType": "detection", "name": "label_90", "label_id": 90}}, {"type": "Feature", "geometry": {"type": "Polygon", "coordinates": [[[256.5, 260.0], [255.5, 260.0], [254.5, 260.0], [253.5, 260.0], [252.5, 260.0], [251.5, 260.0], [250.5, 260.0], [250.0, 259.5], [249.5, 259.0], [248.5, 259.0], [247.5, 259.0], [247.0, 258.5], [246.5, 258.0], [245.5, 258.0], [245.0, 257.5], [244.5, 257.0], [244.0, 256.5], [243.5, 256.0], [243.0, 255.5], [243.0, 254.5], [242.5, 254.0], [242.0, 253.5], [242.0, 252.5], [242.0, 251.5], [242.0, 250.5], [242.5, 250.0], [243.0, 249.5], [243.0, 248.5], [243.5, 248.0], [244.0, 247.5], [244.0, 246.5], [244.5, 246.0], [245.5, 246.0], [246.0, 245.5], [246.5, 245.0], [247.5, 245.0], [248.5, 245.0], [249.5, 245.0], [250.5, 245.0], [251.5, 245.0], [252.5, 245.0], [253.5, 245.0], [254.5, 245.0], [255.0, 245.5], [255.5, 246.0], [256.5, 246.0], [257.5, 246.0], [258.5, 246.0], [259.5, 246.0], [260.0, 246.5], [260.5, 247.0], [261.5, 247.0], [262.5, 247.0], [263.5, 247.0], [264.5, 247.0], [265.0, 247.5], [265.5, 248.0], [266.0, 248.5], [266.0, 249.5], [266.0, 250.5], [265.5, 251.0], [265.0, 251.5], [265.0, 252.5], [264.5, 253.0], [264.0, 253.5], [264.0, 254.5], [263.5, 255.0], [263.0, 255.5], [262.5, 256.0], [262.0, 256.5], [261.5, 257.0], [261.0, 257.5], [260.5, 258.0], [259.5, 258.0], [259.0, 258.5], [258.5, 259.0], [257.5, 259.0], [257.0, 259.5], [256.5, 260.0]]]}, "properties": {"objectType": "detection", "name": "label_91", "label_id": 91}}, {"type": "Feature", "geometry": {"type": "Polygon", "coordinates": [[[133.5, 722.0], [133.0, 721.5], [132.5, 721.0], [131.5, 721.0], [130.5, 721.0], [130.0, 720.5], [129.5, 720.0], [128.5, 720.0], [128.0, 719.5], [128.0, 718.5], [127.5, 718.0], [127.0, 717.5], [126.5, 717.0], [126.0, 716.5], [126.0, 715.5], [126.0, 714.5], [125.5, 714.0], [125.0, 713.5], [125.0, 712.5], [125.0, 711.5], [125.0, 710.5], [125.0, 709.5], [125.0, 708.5], [125.0, 707.5], [125.5, 707.0], [126.0, 706.5], [126.5, 706.0], [127.0, 705.5], [127.5, 705.0], [128.0, 704.5], [128.5, 704.0], [129.5, 704.0], [130.0, 703.5], [130.5, 703.0], [131.5, 703.0], [132.0, 702.5], [132.5, 702.0], [133.5, 702.0], [134.5, 702.0], [135.5, 702.0], [136.0, 702.5], [136.5, 703.0], [137.5, 703.0], [138.0, 703.5], [138.5, 704.0], [139.5, 704.0], [140.0, 704.5], [140.5, 705.0], [141.0, 705.5], [141.5, 706.0], [142.0, 706.5], [142.0, 707.5], [142.5, 708.0], [143.0, 708.5], [143.0, 709.5], [143.5, 710.0], [144.0, 710.5], [144.0, 711.5], [144.0, 712.5], [144.0, 713.5], [143.5, 714.0], [143.0, 714.5], [143.0, 715.5], [142.5, 716.0], [142.0, 716.5], [141.5, 717.0], [141.0, 717.5], [140.5, 718.0], [140.0, 718.5], [139.5, 719.0], [139.0, 719.5], [138.5, 720.0], [137.5, 720.0], [137.0, 720.5], [136.5, 721.0], [135.5, 721.0], [134.5, 721.0], [134.0, 721.5], [133.5, 722.0]]]}, "properties": {"objectType": "detection", "name": "label_92", "label_id": 92}}, {"type": "Feature", "geometry": {"type": "Polygon", "coordinates": [[[772.5, 309.0], [771.5, 309.0], [771.0, 308.5], [770.5, 308.0], [770.0, 307.5], [770.0, 306.5], [769.5, 306.0], [769.0, 305.5], [769.0, 304.5], [768.5, 304.0], [768.0, 303.5], [768.0, 302.5], [768.0, 301.5], [768.0, 300.5], [768.0, 299.5], [768.5, 299.0], [769.0, 298.5], [769.0, 297.5], [769.5, 297.0], [770.0, 296.5], [770.0, 295.5], [770.5, 295.0], [771.0, 294.5], [771.0, 293.5], [771.5, 293.0], [772.0, 292.5], [772.0, 291.5], [772.5, 291.0], [773.0, 290.5], [773.0, 289.5], [773.5, 289.0], [774.0, 288.5], [774.5, 288.0], [775.0, 287.5], [775.0, 286.5], [775.5, 286.0], [776.0, 285.5], [776.5, 285.0], [777.0, 284.5], [777.5, 284.0], [778.0, 283.5], [778.5, 283.0], [779.0, 282.5], [779.5, 282.0], [780.5, 282.0], [781.5, 282.0], [782.5, 282.0], [783.5, 282.0], [784.0, 282.5], [784.5, 283.0], [785.0, 283.5], [785.0, 284.5], [785.0, 285.5], [785.0, 286.5], [785.0, 287.5], [785.5, 288.0], [786.0, 288.5], [785.5, 289.0], [785.0, 289.5], [785.0, 290.5], [785.0, 291.5], [785.0, 292.5], [785.0, 293.5], [784.5, 294.0], [784.0, 294.5], [784.0, 295.5], [783.5, 296.0], [783.0, 296.5], [783.0, 297.5], [782.5, 298.0], [782.0, 298.5], [781.5, 299.0], [781.0, 299.5], [781.0, 300.5], [780.5, 301.0], [780.0, 301.5], [779.5, 302.0], [779.0, 302.5], [778.5, 303.0], [778.0, 303.5], [777.5, 304.0], [777.0, 304.5], [776.5, 305.0], [776.0, 305.5], [775.5, 306.0], [775.0, 306.5], [774.5, 307.0], [774.0, 307.5], [773.5, 308.0], [773.0, 308.5], [772.5, 309.0]]]}, "properties": {"objectType": "detection", "name": "label_93", "label_id": 93}}, {"type": "Feature", "geometry": {"type": "Polygon", "coordinates": [[[279.5, 266.0], [278.5, 266.0], [277.5, 266.0], [276.5, 266.0], [276.0, 265.5], [275.5, 265.0], [274.5, 265.0], [273.5, 265.0], [272.5, 265.0], [271.5, 265.0], [271.0, 264.5], [270.5, 264.0], [269.5, 264.0], [269.0, 263.5], [268.5, 263.0], [268.0, 262.5], [267.5, 262.0], [267.0, 261.5], [266.5, 261.0], [266.0, 260.5], [266.0, 259.5], [266.0, 258.5], [266.0, 257.5], [266.0, 256.5], [266.0, 255.5], [266.5, 255.0], [267.0, 254.5], [267.0, 253.5], [267.5, 253.0], [268.0, 252.5], [268.0, 251.5], [268.5, 251.0], [269.0, 250.5], [269.5, 250.0], [270.0, 249.5], [270.5, 249.0], [271.5, 249.0], [272.0, 248.5], [272.5, 248.0], [273.5, 248.0], [274.5, 248.0], [275.5, 248.0], [276.5, 248.0], [277.5, 248.0], [278.0, 248.5], [278.5, 249.0], [279.5, 249.0], [280.0, 249.5], [280.5, 250.0], [281.0, 250.5], [281.5, 251.0], [282.0, 251.5], [282.0, 252.5], [282.5, 253.0], [283.0, 253.5], [283.5, 254.0], [284.0, 254.5], [284.0, 255.5], [284.5, 256.0], [285.0, 256.5], [285.0, 257.5], [285.5, 258.0], [286.0, 258.5], [286.0, 259.5], [286.0, 260.5], [286.5, 261.0], [287.0, 261.5], [287.0, 262.5], [286.5, 263.0], [285.5, 263.0], [285.0, 263.5], [284.5, 264.0], [283.5, 264.0], [283.0, 264.5], [282.5, 265.0], [281.5, 265.0], [280.5, 265.0], [280.0, 265.5], [279.5, 266.0]]]}, "properties": {"objectType": "detection", "name": "label_94", "label_id": 94}}, {"type": "Feature", "geometry": {"type": "Polygon", "coordinates": [[[543.5, 537.0], [543.0, 536.5], [542.5, 536.0], [541.5, 536.0], [540.5, 536.0], [539.5, 536.0], [539.0, 535.5], [538.5, 535.0], [538.0, 534.5], [537.5, 534.0], [537.0, 533.5], [537.0, 532.5], [536.5, 532.0], [536.0, 531.5], [536.0, 530.5], [536.0, 529.5], [536.0, 528.5], [536.0, 527.5], [536.0, 526.5], [536.0, 525.5], [536.0, 524.5], [536.5, 524.0], [537.0, 523.5], [537.0, 522.5], [537.0, 521.5], [537.5, 521.0], [538.0, 520.5], [538.0, 519.5], [538.0, 518.5], [538.5, 518.0], [539.0, 517.5], [539.5, 517.0], [540.0, 516.5], [540.5, 516.0], [541.0, 515.5], [541.5, 515.0], [542.0, 514.5], [542.5, 514.0], [543.5, 514.0], [544.0, 513.5], [544.5, 513.0], [545.5, 513.0], [546.5, 513.0], [547.5, 513.0], [548.0, 513.5], [548.5, 514.0], [549.0, 514.5], [549.5, 515.0], [550.0, 515.5], [550.5, 516.0], [551.0, 516.5], [551.0, 517.5], [551.0, 518.5], [551.0, 519.5], [551.0, 520.5], [551.0, 521.5], [551.0, 522.5], [551.0, 523.5], [550.5, 524.0], [550.0, 524.5], [550.0, 525.5], [550.0, 526.5], [550.0, 527.5], [550.0, 528.5], [550.0, 529.5], [549.5, 530.0], [549.0, 530.5], [549.0, 531.5], [549.0, 532.5], [548.5, 533.0], [548.0, 533.5], [548.0, 534.5], [547.5, 535.0], [547.0, 535.5], [546.5, 536.0], [545.5, 536.0], [544.5, 536.0], [544.0, 536.5], [543.5, 537.0]]]}, "properties": {"objectType": "detection", "name": "label_95", "label_id": 95}}, {"type": "Feature", "geometry": {"type": "Polygon", "coordinates": [[[42.5, 148.0], [42.0, 147.5], [41.5, 147.0], [40.5, 147.0], [39.5, 147.0], [39.0, 146.5], [38.5, 146.0], [37.5, 146.0], [37.0, 145.5], [36.5, 145.0], [35.5, 145.0], [35.0, 144.5], [34.5, 144.0], [34.0, 143.5], [33.5, 143.0], [33.0, 142.5], [33.0, 141.5], [33.0, 140.5], [33.0, 139.5], [33.0, 138.5], [33.5, 138.0], [34.0, 137.5], [34.0, 136.5], [34.5, 136.0], [35.0, 135.5], [35.5, 135.0], [36.0, 134.5], [36.5, 134.0], [37.0, 133.5], [37.5, 133.0], [38.0, 132.5], [38.5, 132.0], [39.0, 131.5], [39.5, 131.0], [40.0, 130.5], [40.5, 130.0], [41.0, 129.5], [41.5, 129.0], [42.5, 129.0], [43.0, 128.5], [43.5, 128.0], [44.5, 128.0], [45.0, 127.5], [45.5, 127.0], [46.5, 127.0], [47.0, 127.5], [47.5, 128.0], [48.5, 128.0], [49.5, 128.0], [50.0, 128.5], [50.5, 129.0], [51.5, 129.0], [52.0, 129.5], [52.0, 130.5], [52.0, 131.5], [52.0, 132.5], [52.5, 133.0], [53.0, 133.5], [53.0, 134.5], [53.0, 135.5], [53.0, 136.5], [53.0, 137.5], [52.5, 138.0], [52.0, 138.5], [51.5, 139.0], [51.0, 139.5], [50.5, 140.0], [50.0, 140.5], [49.5, 141.0], [49.0, 141.5], [49.0, 142.5], [49.0, 143.5], [48.5, 144.0], [47.5, 144.0], [47.0, 144.5], [46.5, 145.0], [45.5, 145.0], [45.0, 145.5], [44.5, 146.0], [44.0, 146.5], [43.5, 147.0], [43.0, 147.5], [42.5, 148.0]]]}, "properties": {"objectType": "detection", "name": "label_96", "label_id": 96}}, {"type": "Feature", "geometry": {"type": "Polygon", "coordinates": [[[561.5, 177.0], [560.5, 177.0], [560.0, 176.5], [559.5, 176.0], [559.0, 175.5], [559.0, 174.5], [559.0, 173.5], [559.0, 172.5], [559.0, 171.5], [559.0, 170.5], [559.0, 169.5], [559.0, 168.5], [559.0, 167.5], [558.5, 167.0], [558.0, 166.5], [558.0, 165.5], [558.0, 164.5], [557.5, 164.0], [557.0, 163.5], [557.0, 162.5], [556.5, 162.0], [556.0, 161.5], [555.5, 161.0], [555.0, 160.5], [555.0, 159.5], [555.0, 158.5], [554.5, 158.0], [554.0, 157.5], [554.0, 156.5], [554.0, 155.5], [553.5, 155.0], [553.0, 154.5], [553.0, 153.5], [553.0, 152.5], [553.0, 151.5], [553.0, 150.5], [553.0, 149.5], [553.5, 149.0], [554.0, 148.5], [554.0, 147.5], [554.5, 147.0], [555.5, 147.0], [556.0, 146.5], [556.5, 146.0], [557.5, 146.0], [558.5, 146.0], [559.0, 146.5], [559.5, 147.0], [560.5, 147.0], [561.0, 147.5], [561.5, 148.0], [562.5, 148.0], [563.0, 148.5], [563.5, 149.0], [564.0, 149.5], [564.5, 150.0], [565.0, 150.5], [565.0, 151.5], [565.5, 152.0], [566.0, 152.5], [566.0, 153.5], [566.0, 154.5], [566.5, 155.0], [567.0, 155.5], [567.0, 156.5], [567.0, 157.5], [567.0, 158.5], [567.0, 159.5], [567.0, 160.5], [567.0, 161.5], [567.0, 162.5], [567.0, 163.5], [567.0, 164.5], [566.5, 165.0], [566.0, 165.5], [566.0, 166.5], [566.0, 167.5], [566.0, 168.5], [565.5, 169.0], [565.0, 169.5], [565.0, 170.5], [565.0, 171.5], [564.5, 172.0], [564.0, 172.5], [564.0, 173.5], [563.5, 174.0], [563.0, 174.5], [562.5, 175.0], [562.0, 175.5], [562.0, 176.5], [561.5, 177.0]]]}, "properties": {"objectType": "detection", "name": "label_97", "label_id": 97}}, {"type": "Feature", "geometry": {"type": "Polygon", "coordinates": [[[449.5, 172.0], [448.5, 172.0], [447.5, 172.0], [446.5, 172.0], [446.0, 171.5], [445.5, 171.0], [444.5, 171.0], [444.0, 170.5], [443.5, 170.0], [443.0, 169.5], [442.5, 169.0], [442.0, 168.5], [441.5, 168.0], [441.0, 167.5], [441.0, 166.5], [440.5, 166.0], [440.0, 165.5], [440.0, 164.5], [440.0, 163.5], [440.0, 162.5], [440.0, 161.5], [440.0, 160.5], [440.0, 159.5], [440.5, 159.0], [441.0, 158.5], [441.0, 157.5], [441.5, 157.0], [442.0, 156.5], [442.0, 155.5], [442.5, 155.0], [443.0, 154.5], [443.5, 154.0], [444.0, 153.5], [444.5, 153.0], [445.0, 152.5], [445.5, 152.0], [446.5, 152.0], [447.5, 152.0], [448.0, 151.5], [448.5, 151.0], [449.0, 151.5], [449.5, 152.0], [450.5, 152.0], [451.5, 152.0], [452.0, 152.5], [452.5, 153.0], [453.5, 153.0], [454.0, 153.5], [454.5, 154.0], [455.0, 154.5], [455.5, 155.0], [456.0, 155.5], [456.0, 156.5], [456.5, 157.0], [457.0, 157.5], [457.0, 158.5], [457.0, 159.5], [457.5, 160.0], [458.0, 160.5], [458.0, 161.5], [458.0, 162.5], [457.5, 163.0], [457.0, 163.5], [457.0, 164.5], [456.5, 165.0], [456.0, 165.5], [456.0, 166.5], [455.5, 167.0], [455.0, 167.5], [454.5, 168.0], [454.0, 168.5], [454.0, 169.5], [453.5, 170.0], [452.5, 170.0], [452.0, 170.5], [451.5, 171.0], [450.5, 171.0], [450.0, 171.5], [449.5, 172.0]]]}, "properties": {"objectType": "detection", "name": "label_98", "label_id": 98}}, {"type": "Feature", "geometry": {"type": "Polygon", "coordinates": [[[173.5, 484.0], [173.0, 483.5], [172.5, 483.0], [171.5, 483.0], [171.0, 482.5], [171.0, 481.5], [170.5, 481.0], [170.0, 480.5], [169.5, 480.0], [169.0, 479.5], [168.5, 479.0], [168.0, 478.5], [168.0, 477.5], [167.5, 477.0], [167.0, 476.5], [167.0, 475.5], [166.5, 475.0], [166.0, 474.5], [166.0, 473.5], [166.0, 472.5], [166.0, 471.5], [166.0, 470.5], [166.5, 470.0], [167.0, 469.5], [167.0, 468.5], [167.0, 467.5], [167.5, 467.0], [168.0, 466.5], [168.5, 466.0], [169.0, 465.5], [169.5, 465.0], [170.0, 464.5], [170.5, 464.0], [171.0, 463.5], [171.5, 463.0], [172.5, 463.0], [173.5, 463.0], [174.5, 463.0], [175.5, 463.0], [176.5, 463.0], [177.5, 463.0], [178.5, 463.0], [179.5, 463.0], [180.0, 463.5], [180.5, 464.0], [181.5, 464.0], [182.0, 464.5], [182.5, 465.0], [183.0, 465.5], [183.0, 466.5], [183.0, 467.5], [183.0, 468.5], [183.0, 469.5], [183.0, 470.5], [183.0, 471.5], [183.0, 472.5], [183.0, 473.5], [183.0, 474.5], [182.5, 475.0], [182.0, 475.5], [182.0, 476.5], [182.0, 477.5], [181.5, 478.0], [181.0, 478.5], [181.0, 479.5], [180.5, 480.0], [179.5, 480.0], [179.0, 480.5], [178.5, 481.0], [178.0, 481.5], [177.5, 482.0], [177.0, 482.5], [176.5, 483.0], [175.5, 483.0], [174.5, 483.0], [174.0, 483.5], [173.5, 484.0]]]}, "properties": {"objectType": "detection", "name": "label_99", "label_id": 99}}, {"type": "Feature", "geometry": {"type": "Polygon", "coordinates": [[[415.5, 594.0], [414.5, 594.0], [413.5, 594.0], [412.5, 594.0], [411.5, 594.0], [411.0, 593.5], [410.5, 593.0], [410.0, 592.5], [409.5, 592.0], [409.0, 591.5], [408.5, 591.0], [408.0, 590.5], [408.0, 589.5], [408.0, 588.5], [408.0, 587.5], [408.0, 586.5], [408.5, 586.0], [409.0, 585.5], [409.0, 584.5], [409.5, 584.0], [410.0, 583.5], [410.0, 582.5], [410.5, 582.0], [411.0, 581.5], [411.5, 581.0], [412.0, 580.5], [412.5, 580.0], [413.0, 579.5], [413.5, 579.0], [414.0, 578.5], [414.5, 578.0], [415.0, 577.5], [415.5, 577.0], [416.0, 576.5], [416.5, 576.0], [417.0, 575.5], [417.5, 575.0], [418.0, 574.5], [418.5, 574.0], [419.0, 573.5], [419.5, 573.0], [420.0, 572.5], [420.5, 572.0], [421.0, 571.5], [421.5, 571.0], [422.0, 570.5], [422.5, 570.0], [423.5, 570.0], [424.0, 569.5], [424.5, 569.0], [425.5, 569.0], [426.5, 569.0], [427.5, 569.0], [428.5, 569.0], [429.5, 569.0], [430.0, 569.5], [430.0, 570.5], [430.0, 571.5], [430.0, 572.5], [430.0, 573.5], [430.0, 574.5], [430.0, 575.5], [429.5, 576.0], [429.0, 576.5], [428.5, 577.0], [428.0, 577.5], [427.5, 578.0], [427.0, 578.5], [426.5, 579.0], [426.0, 579.5], [425.5, 580.0], [425.0, 580.5], [424.5, 581.0], [424.0, 581.5], [423.5, 582.0], [423.0, 582.5], [422.5, 583.0], [422.0, 583.5], [421.5, 584.0], [421.0, 584.5], [421.0, 585.5], [420.5, 586.0], [420.0, 586.5], [419.5, 587.0], [419.0, 587.5], [419.0, 588.5], [419.0, 589.5], [418.5, 590.0], [418.0, 590.5], [418.0, 591.5], [417.5, 592.0], [417.0, 592.5], [416.5, 593.0], [416.0, 593.5], [415.5, 594.0]]]}, "properties": {"objectType": "detection", "name": "label_100", "label_id": 100}}, {"type": "Feature", "geometry": {"type": "Polygon", "coordinates": [[[877.5, 490.0], [876.5, 490.0], [875.5, 490.0], [875.0, 489.5], [874.5, 489.0], [873.5, 489.0], [873.0, 488.5], [872.5, 488.0], [872.0, 487.5], [872.0, 486.5], [871.5, 486.0], [871.0, 485.5], [870.5, 485.0], [870.0, 484.5], [869.5, 484.0], [869.0, 483.5], [869.0, 482.5], [869.0, 481.5], [868.5, 481.0], [868.0, 480.5], [868.0, 479.5], [868.0, 478.5], [868.0, 477.5], [868.0, 476.5], [868.0, 475.5], [868.0, 474.5], [868.0, 473.5], [868.0, 472.5], [868.5, 472.0], [869.0, 471.5], [869.0, 470.5], [869.5, 470.0], [870.0, 469.5], [870.0, 468.5], [870.5, 468.0], [871.5, 468.0], [872.0, 467.5], [872.5, 467.0], [873.5, 467.0], [874.5, 467.0], [875.5, 467.0], [876.0, 467.5], [876.5, 468.0], [877.5, 468.0], [878.0, 468.5], [878.5, 469.0], [879.0, 469.5], [879.5, 470.0], [880.0, 470.5], [880.5, 471.0], [881.0, 471.5], [881.0, 472.5], [881.5, 473.0], [882.0, 473.5], [882.0, 474.5], [882.0, 475.5], [882.5, 476.0], [883.0, 476.5], [883.0, 477.5], [883.0, 478.5], [883.0, 479.5], [883.0, 480.5], [883.0, 481.5], [883.0, 482.5], [883.0, 483.5], [883.0, 484.5], [883.0, 485.5], [882.5, 486.0], [882.0, 486.5], [881.5, 487.0], [881.0, 487.5], [880.5, 488.0], [880.0, 488.5], [879.5, 489.0], [878.5, 489.0], [878.0, 489.5], [877.5, 490.0]]]}, "properties": {"objectType": "detection", "name": "label_101", "label_id": 101}}, {"type": "Feature", "geometry": {"type": "Polygon", "coordinates": [[[695.5, 595.0], [695.0, 594.5], [694.5, 594.0], [693.5, 594.0], [693.0, 593.5], [692.5, 593.0], [692.0, 592.5], [692.0, 591.5], [691.5, 591.0], [691.0, 590.5], [690.5, 590.0], [690.0, 589.5], [690.0, 588.5], [689.5, 588.0], [689.0, 587.5], [688.5, 587.0], [688.0, 586.5], [688.0, 585.5], [687.5, 585.0], [687.0, 584.5], [687.0, 583.5], [686.5, 583.0], [686.0, 582.5], [686.0, 581.5], [686.0, 580.5], [685.5, 580.0], [685.0, 579.5], [685.0, 578.5], [684.5, 578.0], [684.0, 577.5], [684.0, 576.5], [684.0, 575.5], [684.0, 574.5], [684.0, 573.5], [684.0, 572.5], [684.0, 571.5], [684.0, 570.5], [684.0, 569.5], [684.0, 568.5], [684.0, 567.5], [684.5, 567.0], [685.5, 567.0], [686.0, 566.5], [686.5, 566.0], [687.0, 566.5], [687.5, 567.0], [688.5, 567.0], [689.0, 567.5], [689.5, 568.0], [690.5, 568.0], [691.0, 568.5], [691.5, 569.0], [692.0, 569.5], [692.5, 570.0], [693.0, 570.5], [693.5, 571.0], [694.0, 571.5], [694.5, 572.0], [695.0, 572.5], [695.5, 573.0], [696.0, 573.5], [696.5, 574.0], [697.0, 574.5], [697.0, 575.5], [697.5, 576.0], [698.0, 576.5], [698.0, 577.5], [698.0, 578.5], [698.0, 579.5], [698.0, 580.5], [698.0, 581.5], [698.0, 582.5], [698.0, 583.5], [698.0, 584.5], [698.0, 585.5], [698.0, 586.5], [698.0, 587.5], [698.0, 588.5], [698.0, 589.5], [698.0, 590.5], [698.0, 591.5], [698.0, 592.5], [697.5, 593.0], [697.0, 593.5], [696.5, 594.0], [696.0, 594.5], [695.5, 595.0]]]}, "properties": {"objectType": "detection", "name": "label_102", "label_id": 102}}, {"type": "Feature", "geometry": {"type": "Polygon", "coordinates": [[[34.5, 725.0], [33.5, 725.0], [32.5, 725.0], [31.5, 725.0], [30.5, 725.0], [30.0, 724.5], [29.5, 724.0], [29.0, 723.5], [28.5, 723.0], [28.0, 722.5], [28.0, 721.5], [28.0, 720.5], [28.0, 719.5], [28.0, 718.5], [28.5, 718.0], [29.0, 717.5], [29.0, 716.5], [29.5, 716.0], [30.0, 715.5], [30.0, 714.5], [30.5, 714.0], [31.0, 713.5], [31.5, 713.0], [32.0, 712.5], [32.0, 711.5], [32.5, 711.0], [33.0, 710.5], [33.5, 710.0], [34.0, 709.5], [34.0, 708.5], [34.5, 708.0], [35.0, 707.5], [35.5, 707.0], [36.0, 706.5], [36.5, 706.0], [37.0, 705.5], [37.5, 705.0], [38.0, 704.5], [38.5, 704.0], [39.5, 704.0], [40.0, 703.5], [40.5, 703.0], [41.5, 703.0], [42.0, 702.5], [42.5, 702.0], [43.5, 702.0], [44.5, 702.0], [45.5, 702.0], [46.5, 702.0], [47.0, 702.5], [47.5, 703.0], [48.0, 703.5], [48.5, 704.0], [49.0, 704.5], [49.0, 705.5], [49.0, 706.5], [49.0, 707.5], [48.5, 708.0], [48.0, 708.5], [48.0, 709.5], [47.5, 710.0], [47.0, 710.5], [46.5, 711.0], [46.0, 711.5], [45.5, 712.0], [45.0, 712.5], [44.5, 713.0], [44.0, 713.5], [44.0, 714.5], [43.5, 715.0], [43.0, 715.5], [43.0, 716.5], [42.5, 717.0], [42.0, 717.5], [41.5, 718.0], [41.0, 718.5], [40.5, 719.0], [40.0, 719.5], [40.0, 720.5], [39.5, 721.0], [39.0, 721.5], [38.5, 722.0], [38.0, 722.5], [37.5, 723.0], [37.0, 723.5], [36.5, 724.0], [35.5, 724.0], [35.0, 724.5], [34.5, 725.0]]]}, "properties": {"objectType": "detection", "name": "label_103", "label_id": 103}}, {"type": "Feature", "geometry": {"type": "Polygon", "coordinates": [[[818.5, 502.0], [817.5, 502.0], [816.5, 502.0], [815.5, 502.0], [815.0, 501.5], [814.5, 501.0], [813.5, 501.0], [813.0, 500.5], [812.5, 500.0], [812.0, 499.5], [811.5, 499.0], [811.0, 498.5], [811.0, 497.5], [810.5, 497.0], [810.0, 496.5], [810.0, 495.5], [810.0, 494.5], [810.0, 493.5], [810.0, 492.5], [810.5, 492.0], [811.0, 491.5], [811.0, 490.5], [811.5, 490.0], [812.0, 489.5], [812.5, 489.0], [813.5, 489.0], [814.0, 488.5], [814.5, 488.0], [815.0, 487.5], [815.5, 487.0], [816.5, 487.0], [817.5, 487.0], [818.0, 486.5], [818.5, 486.0], [819.5, 486.0], [820.0, 485.5], [820.5, 485.0], [821.5, 485.0], [822.0, 484.5], [822.5, 484.0], [823.5, 484.0], [824.5, 484.0], [825.5, 484.0], [826.5, 484.0], [827.5, 484.0], [828.5, 484.0], [829.0, 484.5], [829.5, 485.0], [830.0, 485.5], [830.0, 486.5], [830.0, 487.5], [830.5, 488.0], [831.0, 488.5], [831.0, 489.5], [831.0, 490.5], [831.0, 491.5], [830.5, 492.0], [830.0, 492.5], [830.0, 493.5], [829.5, 494.0], [829.0, 494.5], [828.5, 495.0], [828.0, 495.5], [827.5, 496.0], [827.0, 496.5], [826.5, 497.0], [826.0, 497.5], [826.0, 498.5], [825.5, 499.0], [824.5, 499.0], [824.0, 499.5], [823.5, 500.0], [822.5, 500.0], [822.0, 500.5], [821.5, 501.0], [820.5, 501.0], [819.5, 501.0], [819.0, 501.5], [818.5, 502.0]]]}, "properties": {"objectType": "detection", "name": "label_104", "label_id": 104}}, {"type": "Feature", "geometry": {"type": "Polygon", "coordinates": [[[499.5, 536.0], [498.5, 536.0], [497.5, 536.0], [497.0, 535.5], [496.5, 535.0], [495.5, 535.0], [494.5, 535.0], [494.0, 534.5], [493.5, 534.0], [492.5, 534.0], [492.0, 533.5], [491.5, 533.0], [491.0, 532.5], [490.5, 532.0], [490.0, 531.5], [489.5, 531.0], [489.0, 530.5], [489.0, 529.5], [488.5, 529.0], [488.0, 528.5], [488.0, 527.5], [488.0, 526.5], [488.0, 525.5], [488.5, 525.0], [489.0, 524.5], [489.0, 523.5], [489.0, 522.5], [489.5, 522.0], [490.0, 521.5], [490.0, 520.5], [490.5, 520.0], [491.0, 519.5], [491.5, 519.0], [492.0, 518.5], [492.5, 518.0], [493.0, 517.5], [493.5, 517.0], [494.5, 517.0], [495.0, 516.5], [495.5, 516.0], [496.5, 516.0], [497.5, 516.0], [498.5, 516.0], [499.5, 516.0], [500.0, 516.5], [500.5, 517.0], [501.5, 517.0], [502.0, 517.5], [502.5, 518.0], [503.0, 518.5], [503.5, 519.0], [504.0, 519.5], [504.0, 520.5], [504.5, 521.0], [505.0, 521.5], [505.0, 522.5], [505.0, 523.5], [505.5, 524.0], [506.0, 524.5], [506.0, 525.5], [506.0, 526.5], [506.0, 527.5], [505.5, 528.0], [505.0, 528.5], [505.0, 529.5], [505.0, 530.5], [505.0, 531.5], [504.5, 532.0], [504.0, 532.5], [503.5, 533.0], [503.0, 533.5], [502.5, 534.0], [502.0, 534.5], [501.5, 535.0], [500.5, 535.0], [500.0, 535.5], [499.5, 536.0]]]}, "properties": {"objectType": "detection", "name": "label_105", "label_id": 105}}, {"type": "Feature", "geometry": {"type": "Polygon", "coordinates": [[[291.5, 682.0], [290.5, 682.0], [290.0, 681.5], [289.5, 681.0], [288.5, 681.0], [287.5, 681.0], [287.0, 680.5], [286.5, 680.0], [286.0, 679.5], [285.5, 679.0], [285.0, 678.5], [284.5, 678.0], [284.0, 677.5], [283.5, 677.0], [283.0, 676.5], [283.0, 675.5], [283.0, 674.5], [282.5, 674.0], [282.0, 673.5], [282.0, 672.5], [282.0, 671.5], [282.0, 670.5], [282.5, 670.0], [283.0, 669.5], [283.0, 668.5], [283.0, 667.5], [283.5, 667.0], [284.0, 666.5], [284.0, 665.5], [284.5, 665.0], [285.0, 664.5], [285.0, 663.5], [285.5, 663.0], [286.0, 662.5], [286.5, 662.0], [287.0, 661.5], [287.0, 660.5], [287.5, 660.0], [288.0, 659.5], [288.5, 659.0], [289.0, 658.5], [289.5, 658.0], [290.5, 658.0], [291.0, 657.5], [291.5, 657.0], [292.0, 657.5], [292.5, 658.0], [293.0, 658.5], [293.5, 659.0], [294.0, 659.5], [294.0, 660.5], [294.0, 661.5], [294.5, 662.0], [295.0, 662.5], [295.0, 663.5], [295.0, 664.5], [295.0, 665.5], [295.5, 666.0], [296.0, 666.5], [296.0, 667.5], [296.0, 668.5], [296.0, 669.5], [296.5, 670.0], [297.0, 670.5], [297.0, 671.5], [297.0, 672.5], [297.0, 673.5], [297.0, 674.5], [297.5, 675.0], [298.0, 675.5], [298.0, 676.5], [298.0, 677.5], [297.5, 678.0], [297.0, 678.5], [297.0, 679.5], [296.5, 680.0], [295.5, 680.0], [295.0, 680.5], [294.5, 681.0], [293.5, 681.0], [292.5, 681.0], [292.0, 681.5], [291.5, 682.0]]]}, "properties": {"objectType": "detection", "name": "label_106", "label_id": 106}}, {"type": "Feature", "geometry": {"type": "Polygon", "coordinates": [[[468.5, 327.0], [467.5, 327.0], [466.5, 327.0], [465.5, 327.0], [464.5, 327.0], [464.0, 326.5], [463.5, 326.0], [462.5, 326.0], [462.0, 325.5], [462.0, 324.5], [461.5, 324.0], [461.0, 323.5], [461.0, 322.5], [461.0, 321.5], [460.5, 321.0], [460.0, 320.5], [460.0, 319.5], [460.0, 318.5], [459.5, 318.0], [459.0, 317.5], [459.0, 316.5], [459.0, 315.5], [459.0, 314.5], [459.0, 313.5], [459.0, 312.5], [459.0, 311.5], [459.5, 311.0], [460.0, 310.5], [460.5, 310.0], [461.0, 309.5], [461.5, 309.0], [462.0, 308.5], [462.5, 308.0], [463.0, 307.5], [463.5, 307.0], [464.5, 307.0], [465.5, 307.0], [466.0, 306.5], [466.5, 306.0], [467.5, 306.0], [468.5, 306.0], [469.0, 306.5], [469.5, 307.0], [470.5, 307.0], [471.0, 307.5], [471.5, 308.0], [472.0, 308.5], [472.5, 309.0], [473.0, 309.5], [473.5, 310.0], [474.0, 310.5], [474.5, 311.0], [475.0, 311.5], [475.0, 312.5], [475.0, 313.5], [475.5, 314.0], [476.0, 314.5], [476.0, 315.5], [476.0, 316.5], [475.5, 317.0], [475.0, 317.5], [475.0, 318.5], [475.0, 319.5], [474.5, 320.0], [474.0, 320.5], [474.0, 321.5], [473.5, 322.0], [473.0, 322.5], [473.0, 323.5], [472.5, 324.0], [472.0, 324.5], [471.5, 325.0], [470.5, 325.0], [470.0, 325.5], [469.5, 326.0], [469.0, 326.5], [468.5, 327.0]]]}, "properties": {"objectType": "detection", "name": "label_107", "label_id": 107}}, {"type": "Feature", "geometry": {"type": "Polygon", "coordinates": [[[219.5, 329.0], [218.5, 329.0], [217.5, 329.0], [216.5, 329.0], [215.5, 329.0], [214.5, 329.0], [213.5, 329.0], [212.5, 329.0], [212.0, 328.5], [211.5, 328.0], [210.5, 328.0], [209.5, 328.0], [209.0, 327.5], [208.5, 327.0], [208.0, 326.5], [207.5, 326.0], [207.0, 325.5], [206.5, 325.0], [206.0, 324.5], [206.0, 323.5], [206.0, 322.5], [206.0, 321.5], [206.0, 320.5], [206.0, 319.5], [206.0, 318.5], [206.5, 318.0], [207.0, 317.5], [207.0, 316.5], [207.5, 316.0], [208.0, 315.5], [208.5, 315.0], [209.0, 314.5], [209.5, 314.0], [210.0, 313.5], [210.5, 313.0], [211.5, 313.0], [212.0, 312.5], [212.5, 312.0], [213.5, 312.0], [214.0, 311.5], [214.5, 311.0], [215.5, 311.0], [216.5, 311.0], [217.0, 311.5], [217.5, 312.0], [218.5, 312.0], [219.5, 312.0], [220.5, 312.0], [221.0, 312.5], [221.5, 313.0], [222.5, 313.0], [223.0, 313.5], [223.0, 314.5], [223.0, 315.5], [223.0, 316.5], [223.5, 317.0], [224.0, 317.5], [224.0, 318.5], [224.0, 319.5], [224.0, 320.5], [224.0, 321.5], [224.0, 322.5], [224.0, 323.5], [224.0, 324.5], [224.0, 325.5], [223.5, 326.0], [223.0, 326.5], [222.5, 327.0], [222.0, 327.5], [221.5, 328.0], [220.5, 328.0], [220.0, 328.5], [219.5, 329.0]]]}, "properties": {"objectType": "detection", "name": "label_108", "label_id": 108}}, {"type": "Feature", "geometry": {"type": "Polygon", "coordinates": [[[593.5, 653.0], [592.5, 653.0], [592.0, 652.5], [591.5, 652.0], [590.5, 652.0], [589.5, 652.0], [589.0, 651.5], [588.5, 651.0], [587.5, 651.0], [587.0, 650.5], [586.5, 650.0], [586.0, 649.5], [586.0, 648.5], [586.0, 647.5], [585.5, 647.0], [585.0, 646.5], [585.0, 645.5], [585.5, 645.0], [586.0, 644.5], [586.0, 643.5], [586.0, 642.5], [586.5, 642.0], [587.0, 641.5], [587.5, 641.0], [588.0, 640.5], [588.5, 640.0], [589.0, 639.5], [589.5, 639.0], [590.0, 638.5], [590.5, 638.0], [591.5, 638.0], [592.0, 637.5], [592.5, 637.0], [593.5, 637.0], [594.0, 636.5], [594.5, 636.0], [595.5, 636.0], [596.0, 635.5], [596.5, 635.0], [597.5, 635.0], [598.5, 635.0], [599.5, 635.0], [600.5, 635.0], [601.5, 635.0], [602.0, 635.5], [602.5, 636.0], [603.0, 636.5], [603.5, 637.0], [604.0, 637.5], [604.5, 638.0], [605.0, 638.5], [605.5, 639.0], [606.0, 639.5], [606.5, 640.0], [607.0, 640.5], [606.5, 641.0], [606.0, 641.5], [606.0, 642.5], [605.5, 643.0], [605.0, 643.5], [605.0, 644.5], [604.5, 645.0], [604.0, 645.5], [604.0, 646.5], [603.5, 647.0], [603.0, 647.5], [603.0, 648.5], [602.5, 649.0], [601.5, 649.0], [601.0, 649.5], [600.5, 650.0], [600.0, 650.5], [599.5, 651.0], [598.5, 651.0], [598.0, 651.5], [597.5, 652.0], [596.5, 652.0], [595.5, 652.0], [594.5, 652.0], [594.0, 652.5], [593.5, 653.0]]]}, "properties": {"objectType": "detection", "name": "label_109", "label_id": 109}}, {"type": "Feature", "geometry": {"type": "Polygon", "coordinates": [[[414.5, 176.0], [413.5, 176.0], [412.5, 176.0], [411.5, 176.0], [410.5, 176.0], [409.5, 176.0], [409.0, 175.5], [408.5, 175.0], [407.5, 175.0], [407.0, 174.5], [406.5, 174.0], [406.0, 173.5], [405.5, 173.0], [404.5, 173.0], [404.0, 172.5], [403.5, 172.0], [403.0, 171.5], [402.5, 171.0], [402.0, 170.5], [401.5, 170.0], [401.0, 169.5], [400.5, 169.0], [400.0, 168.5], [399.5, 168.0], [399.0, 167.5], [398.5, 167.0], [398.0, 166.5], [398.0, 165.5], [397.5, 165.0], [397.0, 164.5], [397.0, 163.5], [397.5, 163.0], [398.0, 162.5], [398.0, 161.5], [398.5, 161.0], [399.5, 161.0], [400.0, 160.5], [400.5, 160.0], [401.5, 160.0], [402.5, 160.0], [403.5, 160.0], [404.5, 160.0], [405.5, 160.0], [406.5, 160.0], [407.5, 160.0], [408.5, 160.0], [409.5, 160.0], [410.5, 160.0], [411.5, 160.0], [412.5, 160.0], [413.0, 160.5], [413.5, 161.0], [414.5, 161.0], [415.0, 161.5], [415.5, 162.0], [416.5, 162.0], [417.0, 162.5], [417.5, 163.0], [418.0, 163.5], [418.5, 164.0], [419.0, 164.5], [419.0, 165.5], [419.5, 166.0], [420.0, 166.5], [420.0, 167.5], [419.5, 168.0], [419.0, 168.5], [419.0, 169.5], [419.0, 170.5], [418.5, 171.0], [418.0, 171.5], [418.0, 172.5], [417.5, 173.0], [417.0, 173.5], [416.5, 174.0], [416.0, 174.5], [415.5, 175.0], [415.0, 175.5], [414.5, 176.0]]]}, "properties": {"objectType": "detection", "name": "label_110", "label_id": 110}}, {"type": "Feature", "geometry": {"type": "Polygon", "coordinates": [[[808.5, 304.0], [807.5, 304.0], [806.5, 304.0], [805.5, 304.0], [804.5, 304.0], [803.5, 304.0], [802.5, 304.0], [801.5, 304.0], [801.0, 303.5], [800.5, 303.0], [799.5, 303.0], [799.0, 302.5], [798.5, 302.0], [798.0, 301.5], [798.0, 300.5], [797.5, 300.0], [797.0, 299.5], [796.5, 299.0], [796.0, 298.5], [796.0, 297.5], [796.0, 296.5], [796.0, 295.5], [795.5, 295.0], [795.0, 294.5], [795.0, 293.5], [795.5, 293.0], [796.0, 292.5], [796.0, 291.5], [796.0, 290.5], [796.0, 289.5], [796.0, 288.5], [796.0, 287.5], [796.5, 287.0], [797.0, 286.5], [797.5, 286.0], [798.0, 285.5], [798.5, 285.0], [799.0, 284.5], [799.5, 284.0], [800.0, 283.5], [800.5, 283.0], [801.5, 283.0], [802.5, 283.0], [803.5, 283.0], [804.5, 283.0], [805.0, 283.5], [805.5, 284.0], [806.0, 284.5], [806.5, 285.0], [807.0, 285.5], [807.0, 286.5], [807.5, 287.0], [808.0, 287.5], [808.0, 288.5], [808.5, 289.0], [809.0, 289.5], [809.0, 290.5], [809.5, 291.0], [810.0, 291.5], [810.0, 292.5], [810.5, 293.0], [811.0, 293.5], [811.0, 294.5], [811.5, 295.0], [812.0, 295.5], [812.0, 296.5], [812.0, 297.5], [812.0, 298.5], [811.5, 299.0], [811.0, 299.5], [811.0, 300.5], [810.5, 301.0], [810.0, 301.5], [810.0, 302.5], [809.5, 303.0], [809.0, 303.5], [808.5, 304.0]]]}, "properties": {"objectType": "detection", "name": "label_111", "label_id": 111}}, {"type": "Feature", "geometry": {"type": "Polygon", "coordinates": [[[554.5, 75.0], [553.5, 75.0], [552.5, 75.0], [551.5, 75.0], [550.5, 75.0], [549.5, 75.0], [548.5, 75.0], [547.5, 75.0], [547.0, 74.5], [546.5, 74.0], [545.5, 74.0], [545.0, 73.5], [544.5, 73.0], [543.5, 73.0], [543.0, 72.5], [542.5, 72.0], [541.5, 72.0], [541.0, 71.5], [540.5, 71.0], [540.0, 70.5], [539.5, 70.0], [538.5, 70.0], [538.0, 69.5], [537.5, 69.0], [537.0, 68.5], [536.5, 68.0], [536.0, 67.5], [536.0, 66.5], [535.5, 66.0], [535.0, 65.5], [535.0, 64.5], [534.5, 64.0], [534.0, 63.5], [534.0, 62.5], [534.5, 62.0], [535.0, 61.5], [535.5, 61.0], [536.5, 61.0], [537.5, 61.0], [538.5, 61.0], [539.5, 61.0], [540.5, 61.0], [541.5, 61.0], [542.5, 61.0], [543.5, 61.0], [544.5, 61.0], [545.5, 61.0], [546.5, 61.0], [547.5, 61.0], [548.5, 61.0], [549.5, 61.0], [550.5, 61.0], [551.0, 61.5], [551.5, 62.0], [552.5, 62.0], [553.5, 62.0], [554.5, 62.0], [555.5, 62.0], [556.0, 62.5], [556.5, 63.0], [557.0, 63.5], [557.5, 64.0], [558.0, 64.5], [558.0, 65.5], [558.0, 66.5], [558.0, 67.5], [558.5, 68.0], [559.0, 68.5], [559.0, 69.5], [558.5, 70.0], [558.0, 70.5], [558.0, 71.5], [557.5, 72.0], [557.0, 72.5], [556.5, 73.0], [556.0, 73.5], [555.5, 74.0], [555.0, 74.5], [554.5, 75.0]]]}, "properties": {"objectType": "detection", "name": "label_112", "label_id": 112}}, {"type": "Feature", "geometry": {"type": "Polygon", "coordinates": [[[801.5, 466.0], [800.5, 466.0], [799.5, 466.0], [798.5, 466.0], [798.0, 465.5], [797.5, 465.0], [796.5, 465.0], [796.0, 464.5], [796.0, 463.5], [795.5, 463.0], [795.0, 462.5], [794.5, 462.0], [794.0, 461.5], [793.5, 461.0], [792.5, 461.0], [792.0, 460.5], [791.5, 460.0], [790.5, 460.0], [790.0, 459.5], [789.5, 459.0], [788.5, 459.0], [788.0, 458.5], [787.5, 458.0], [786.5, 458.0], [786.0, 457.5], [785.5, 457.0], [785.0, 456.5], [784.5, 456.0], [784.0, 455.5], [783.5, 455.0], [783.0, 454.5], [782.5, 454.0], [782.0, 453.5], [781.5, 453.0], [781.0, 452.5], [781.0, 451.5], [780.5, 451.0], [780.0, 450.5], [780.0, 449.5], [779.5, 449.0], [779.0, 448.5], [779.0, 447.5], [779.0, 446.5], [779.0, 445.5], [779.0, 444.5], [779.0, 443.5], [779.5, 443.0], [780.5, 443.0], [781.0, 443.5], [781.5, 444.0], [782.5, 444.0], [783.0, 444.5], [783.5, 445.0], [784.5, 445.0], [785.0, 445.5], [785.5, 446.0], [786.5, 446.0], [787.0, 446.5], [787.5, 447.0], [788.0, 447.5], [788.5, 448.0], [789.5, 448.0], [790.0, 448.5], [790.5, 449.0], [791.0, 449.5], [791.5, 450.0], [792.5, 450.0], [793.0, 450.5], [793.5, 451.0], [794.0, 451.5], [794.5, 452.0], [795.5, 452.0], [796.0, 452.5], [796.5, 453.0], [797.0, 453.5], [797.5, 454.0], [798.5, 454.0], [799.0, 454.5], [799.5, 455.0], [800.0, 455.5], [800.5, 456.0], [801.0, 456.5], [801.5, 457.0], [802.5, 457.0], [803.0, 457.5], [803.5, 458.0], [804.0, 458.5], [804.5, 459.0], [805.0, 459.5], [805.5, 460.0], [806.0, 460.5], [806.0, 461.5], [806.0, 462.5], [805.5, 463.0], [805.0, 463.5], [804.5, 464.0], [804.0, 464.5], [803.5, 465.0], [802.5, 465.0], [802.0, 465.5], [801.5, 466.0]]]}, "properties": {"objectType": "detection", "name": "label_113", "label_id": 113}}, {"type": "Feature", "geometry": {"type": "Polygon", "coordinates": [[[70.5, 319.0], [69.5, 319.0], [69.0, 318.5], [68.5, 318.0], [67.5, 318.0], [66.5, 318.0], [65.5, 318.0], [64.5, 318.0], [63.5, 318.0], [62.5, 318.0], [62.0, 317.5], [61.5, 317.0], [60.5, 317.0], [60.0, 316.5], [60.0, 315.5], [59.5, 315.0], [59.0, 314.5], [59.0, 313.5], [58.5, 313.0], [58.0, 312.5], [58.0, 311.5], [58.0, 310.5], [58.0, 309.5], [58.0, 308.5], [58.0, 307.5], [58.5, 307.0], [59.0, 306.5], [59.0, 305.5], [59.5, 305.0], [60.0, 304.5], [60.0, 303.5], [60.5, 303.0], [61.0, 302.5], [61.5, 302.0], [62.5, 302.0], [63.5, 302.0], [64.0, 301.5], [64.5, 301.0], [65.5, 301.0], [66.0, 301.5], [66.5, 302.0], [67.5, 302.0], [68.5, 302.0], [69.5, 302.0], [70.0, 302.5], [70.5, 303.0], [71.0, 303.5], [71.5, 304.0], [72.5, 304.0], [73.0, 304.5], [73.5, 305.0], [74.0, 305.5], [74.5, 306.0], [75.0, 306.5], [75.5, 307.0], [76.0, 307.5], [76.0, 308.5], [76.0, 309.5], [76.5, 310.0], [77.0, 310.5], [77.0, 311.5], [77.0, 312.5], [77.0, 313.5], [77.0, 314.5], [76.5, 315.0], [76.0, 315.5], [76.0, 316.5], [75.5, 317.0], [75.0, 317.5], [74.5, 318.0], [73.5, 318.0], [72.5, 318.0], [71.5, 318.0], [71.0, 318.5], [70.5, 319.0]]]}, "properties": {"objectType": "detection", "name": "label_114", "label_id": 114}}, {"type": "Feature", "geometry": {"type": "Polygon", "coordinates": [[[517.5, 436.0], [516.5, 436.0], [515.5, 436.0], [515.0, 435.5], [514.5, 435.0], [514.0, 434.5], [514.0, 433.5], [513.5, 433.0], [513.0, 432.5], [513.0, 431.5], [512.5, 431.0], [512.0, 430.5], [512.0, 429.5], [512.0, 428.5], [512.0, 427.5], [512.0, 426.5], [512.0, 425.5], [512.0, 424.5], [512.0, 423.5], [511.5, 423.0], [511.0, 422.5], [511.0, 421.5], [511.0, 420.5], [510.5, 420.0], [510.0, 419.5], [510.0, 418.5], [509.5, 418.0], [509.0, 417.5], [509.0, 416.5], [508.5, 416.0], [508.0, 415.5], [508.0, 414.5], [508.5, 414.0], [509.0, 413.5], [509.5, 413.0], [510.0, 412.5], [510.0, 411.5], [510.0, 410.5], [510.5, 410.0], [511.5, 410.0], [512.5, 410.0], [513.5, 410.0], [514.5, 410.0], [515.0, 410.5], [515.5, 411.0], [516.5, 411.0], [517.0, 411.5], [517.5, 412.0], [518.0, 412.5], [518.5, 413.0], [519.5, 413.0], [520.0, 413.5], [520.5, 414.0], [521.0, 414.5], [521.0, 415.5], [521.5, 416.0], [522.0, 416.5], [522.0, 417.5], [522.0, 418.5], [522.5, 419.0], [523.0, 419.5], [523.0, 420.5], [523.0, 421.5], [523.0, 422.5], [523.0, 423.5], [523.0, 424.5], [523.0, 425.5], [523.0, 426.5], [523.0, 427.5], [523.0, 428.5], [522.5, 429.0], [522.0, 429.5], [522.0, 430.5], [521.5, 431.0], [521.0, 431.5], [521.0, 432.5], [520.5, 433.0], [520.0, 433.5], [519.5, 434.0], [519.0, 434.5], [518.5, 435.0], [518.0, 435.5], [517.5, 436.0]]]}, "properties": {"objectType": "detection", "name": "label_115", "label_id": 115}}, {"type": "Feature", "geometry": {"type": "Polygon", "coordinates": [[[220.5, 514.0], [219.5, 514.0], [218.5, 514.0], [217.5, 514.0], [217.0, 513.5], [216.5, 513.0], [215.5, 513.0], [215.0, 512.5], [214.5, 512.0], [214.0, 511.5], [213.5, 511.0], [212.5, 511.0], [212.0, 510.5], [212.0, 509.5], [211.5, 509.0], [211.0, 508.5], [211.0, 507.5], [210.5, 507.0], [210.0, 506.5], [210.0, 505.5], [210.0, 504.5], [210.0, 503.5], [210.0, 502.5], [210.0, 501.5], [210.0, 500.5], [210.0, 499.5], [210.5, 499.0], [211.0, 498.5], [211.0, 497.5], [211.5, 497.0], [212.0, 496.5], [212.5, 496.0], [213.0, 495.5], [213.5, 495.0], [214.5, 495.0], [215.0, 494.5], [215.5, 494.0], [216.5, 494.0], [217.5, 494.0], [218.0, 494.5], [218.5, 495.0], [219.5, 495.0], [220.0, 495.5], [220.5, 496.0], [221.5, 496.0], [222.0, 496.5], [222.5, 497.0], [223.0, 497.5], [223.5, 498.0], [224.0, 498.5], [224.5, 499.0], [225.0, 499.5], [225.5, 500.0], [226.0, 500.5], [226.0, 501.5], [226.5, 502.0], [227.0, 502.5], [227.0, 503.5], [227.0, 504.5], [227.0, 505.5], [227.0, 506.5], [227.0, 507.5], [227.0, 508.5], [226.5, 509.0], [226.0, 509.5], [226.0, 510.5], [225.5, 511.0], [225.0, 511.5], [224.5, 512.0], [223.5, 512.0], [223.0, 512.5], [222.5, 513.0], [221.5, 513.0], [221.0, 513.5], [220.5, 514.0]]]}, "properties": {"objectType": "detection", "name": "label_116", "label_id": 116}}, {"type": "Feature", "geometry": {"type": "Polygon", "coordinates": [[[597.5, 604.0], [596.5, 604.0], [595.5, 604.0], [594.5, 604.0], [593.5, 604.0], [593.0, 603.5], [592.5, 603.0], [592.0, 602.5], [592.0, 601.5], [592.0, 600.5], [592.0, 599.5], [592.5, 599.0], [593.0, 598.5], [593.0, 597.5], [593.0, 596.5], [593.5, 596.0], [594.0, 595.5], [594.5, 595.0], [595.0, 594.5], [595.5, 594.0], [596.0, 593.5], [596.5, 593.0], [597.0, 592.5], [597.0, 591.5], [597.5, 591.0], [598.0, 590.5], [598.5, 590.0], [599.0, 589.5], [599.5, 589.0], [600.5, 589.0], [601.0, 588.5], [601.5, 588.0], [602.0, 587.5], [602.5, 587.0], [603.0, 586.5], [603.5, 586.0], [604.0, 585.5], [604.5, 585.0], [605.0, 584.5], [605.5, 584.0], [606.5, 584.0], [607.5, 584.0], [608.5, 584.0], [609.5, 584.0], [610.0, 584.5], [610.5, 585.0], [611.0, 585.5], [611.0, 586.5], [611.5, 587.0], [612.0, 587.5], [612.0, 588.5], [612.5, 589.0], [613.0, 589.5], [613.0, 590.5], [613.0, 591.5], [613.0, 592.5], [613.0, 593.5], [612.5, 594.0], [612.0, 594.5], [612.0, 595.5], [612.0, 596.5], [611.5, 597.0], [611.0, 597.5], [610.5, 598.0], [609.5, 598.0], [609.0, 598.5], [608.5, 599.0], [607.5, 599.0], [607.0, 599.5], [606.5, 600.0], [605.5, 600.0], [605.0, 600.5], [604.5, 601.0], [603.5, 601.0], [603.0, 601.5], [602.5, 602.0], [601.5, 602.0], [601.0, 602.5], [600.5, 603.0], [599.5, 603.0], [598.5, 603.0], [598.0, 603.5], [597.5, 604.0]]]}, "properties": {"objectType": "detection", "name": "label_117", "label_id": 117}}, {"type": "Feature", "geometry": {"type": "Polygon", "coordinates": [[[723.5, 348.0], [722.5, 348.0], [721.5, 348.0], [721.0, 347.5], [720.5, 347.0], [719.5, 347.0], [719.0, 346.5], [719.0, 345.5], [718.5, 345.0], [718.0, 344.5], [718.0, 343.5], [717.5, 343.0], [717.0, 342.5], [717.0, 341.5], [716.5, 341.0], [716.0, 340.5], [716.0, 339.5], [715.5, 339.0], [715.0, 338.5], [715.0, 337.5], [715.0, 336.5], [715.0, 335.5], [715.0, 334.5], [715.0, 333.5], [715.0, 332.5], [715.0, 331.5], [715.5, 331.0], [716.0, 330.5], [716.0, 329.5], [716.0, 328.5], [716.0, 327.5], [716.0, 326.5], [716.0, 325.5], [716.0, 324.5], [716.0, 323.5], [716.5, 323.0], [717.0, 322.5], [717.0, 321.5], [717.5, 321.0], [718.0, 320.5], [718.0, 319.5], [718.5, 319.0], [719.0, 318.5], [719.5, 318.0], [720.0, 317.5], [720.5, 317.0], [721.5, 317.0], [722.5, 317.0], [723.5, 317.0], [724.5, 317.0], [725.0, 317.5], [725.0, 318.5], [725.0, 319.5], [725.0, 320.5], [725.0, 321.5], [725.0, 322.5], [725.0, 323.5], [725.0, 324.5], [725.0, 325.5], [725.0, 326.5], [725.0, 327.5], [725.0, 328.5], [725.0, 329.5], [725.0, 330.5], [725.0, 331.5], [725.0, 332.5], [725.0, 333.5], [725.0, 334.5], [725.0, 335.5], [725.0, 336.5], [725.5, 337.0], [726.0, 337.5], [726.0, 338.5], [726.0, 339.5], [725.5, 340.0], [725.0, 340.5], [725.0, 341.5], [725.0, 342.5], [725.0, 343.5], [725.0, 344.5], [725.0, 345.5], [725.0, 346.5], [724.5, 347.0], [724.0, 347.5], [723.5, 348.0]]]}, "properties": {"objectType": "detection", "name": "label_118", "label_id": 118}}, {"type": "Feature", "geometry": {"type": "Polygon", "coordinates": [[[847.5, 461.0], [846.5, 461.0], [846.0, 460.5], [845.5, 460.0], [844.5, 460.0], [844.0, 459.5], [844.0, 458.5], [843.5, 458.0], [843.0, 457.5], [843.0, 456.5], [842.5, 456.0], [842.0, 455.5], [842.0, 454.5], [842.0, 453.5], [842.0, 452.5], [842.0, 451.5], [842.5, 451.0], [843.0, 450.5], [843.0, 449.5], [843.5, 449.0], [844.0, 448.5], [844.5, 448.0], [845.0, 447.5], [845.5, 447.0], [846.0, 446.5], [846.5, 446.0], [847.0, 445.5], [847.5, 445.0], [848.0, 444.5], [848.5, 444.0], [849.0, 443.5], [849.5, 443.0], [850.0, 442.5], [850.5, 442.0], [851.5, 442.0], [852.0, 441.5], [852.5, 441.0], [853.5, 441.0], [854.0, 440.5], [854.5, 440.0], [855.5, 440.0], [856.0, 440.5], [856.5, 441.0], [857.5, 441.0], [858.0, 441.5], [858.5, 442.0], [859.0, 442.5], [859.5, 443.0], [860.0, 443.5], [860.0, 444.5], [860.5, 445.0], [861.0, 445.5], [861.0, 446.5], [861.0, 447.5], [861.0, 448.5], [861.0, 449.5], [861.0, 450.5], [860.5, 451.0], [860.0, 451.5], [859.5, 452.0], [859.0, 452.5], [858.5, 453.0], [858.0, 453.5], [857.5, 454.0], [857.0, 454.5], [856.5, 455.0], [856.0, 455.5], [855.5, 456.0], [855.0, 456.5], [854.5, 457.0], [854.0, 457.5], [853.5, 458.0], [853.0, 458.5], [852.5, 459.0], [851.5, 459.0], [851.0, 459.5], [850.5, 460.0], [849.5, 460.0], [848.5, 460.0], [848.0, 460.5], [847.5, 461.0]]]}, "properties": {"objectType": "detection", "name": "label_119", "label_id": 119}}, {"type": "Feature", "geometry": {"type": "Polygon", "coordinates": [[[292.5, 369.0], [291.5, 369.0], [290.5, 369.0], [289.5, 369.0], [289.0, 368.5], [288.5, 368.0], [287.5, 368.0], [287.0, 367.5], [286.5, 367.0], [286.0, 366.5], [285.5, 366.0], [285.0, 365.5], [285.0, 364.5], [285.0, 363.5], [285.0, 362.5], [285.0, 361.5], [285.0, 360.5], [285.0, 359.5], [285.5, 359.0], [286.0, 358.5], [286.0, 357.5], [286.5, 357.0], [287.0, 356.5], [287.5, 356.0], [288.0, 355.5], [288.5, 355.0], [289.5, 355.0], [290.0, 354.5], [290.5, 354.0], [291.5, 354.0], [292.0, 353.5], [292.5, 353.0], [293.5, 353.0], [294.5, 353.0], [295.0, 352.5], [295.5, 352.0], [296.5, 352.0], [297.5, 352.0], [298.5, 352.0], [299.0, 352.5], [299.5, 353.0], [300.5, 353.0], [301.5, 353.0], [302.0, 353.5], [302.5, 354.0], [303.0, 354.5], [303.5, 355.0], [304.0, 355.5], [304.5, 356.0], [305.0, 356.5], [305.5, 357.0], [306.0, 357.5], [306.0, 358.5], [306.0, 359.5], [305.5, 360.0], [305.0, 360.5], [305.0, 361.5], [304.5, 362.0], [304.0, 362.5], [303.5, 363.0], [303.0, 363.5], [302.5, 364.0], [302.0, 364.5], [301.5, 365.0], [301.0, 365.5], [300.5, 366.0], [299.5, 366.0], [299.0, 366.5], [298.5, 367.0], [297.5, 367.0], [296.5, 367.0], [296.0, 367.5], [295.5, 368.0], [294.5, 368.0], [293.5, 368.0], [293.0, 368.5], [292.5, 369.0]]]}, "properties": {"objectType": "detection", "name": "label_120", "label_id": 120}}, {"type": "Feature", "geometry": {"type": "Polygon", "coordinates": [[[704.5, 639.0], [704.0, 638.5], [703.5, 638.0], [702.5, 638.0], [702.0, 637.5], [701.5, 637.0], [700.5, 637.0], [700.0, 636.5], [699.5, 636.0], [699.0, 635.5], [698.5, 635.0], [698.0, 634.5], [697.5, 634.0], [696.5, 634.0], [696.0, 633.5], [695.5, 633.0], [695.0, 632.5], [694.5, 632.0], [694.0, 631.5], [693.5, 631.0], [693.0, 630.5], [692.5, 630.0], [692.0, 629.5], [692.0, 628.5], [691.5, 628.0], [691.0, 627.5], [691.0, 626.5], [690.5, 626.0], [690.0, 625.5], [690.0, 624.5], [690.0, 623.5], [689.5, 623.0], [689.0, 622.5], [689.0, 621.5], [689.0, 620.5], [689.0, 619.5], [688.5, 619.0], [688.0, 618.5], [688.0, 617.5], [688.0, 616.5], [688.0, 615.5], [688.0, 614.5], [688.0, 613.5], [688.5, 613.0], [689.0, 612.5], [689.0, 611.5], [689.5, 611.0], [690.0, 610.5], [690.5, 610.0], [691.0, 609.5], [691.5, 609.0], [692.5, 609.0], [693.5, 609.0], [694.5, 609.0], [695.0, 609.5], [695.5, 610.0], [696.0, 610.5], [696.5, 611.0], [697.0, 611.5], [697.0, 612.5], [697.5, 613.0], [698.0, 613.5], [698.0, 614.5], [698.0, 615.5], [698.0, 616.5], [698.0, 617.5], [698.0, 618.5], [698.0, 619.5], [698.0, 620.5], [698.5, 621.0], [699.0, 621.5], [699.0, 622.5], [699.0, 623.5], [699.5, 624.0], [700.0, 624.5], [700.0, 625.5], [700.5, 626.0], [701.0, 626.5], [701.0, 627.5], [701.5, 628.0], [702.0, 628.5], [702.5, 629.0], [703.0, 629.5], [703.0, 630.5], [703.5, 631.0], [704.0, 631.5], [704.0, 632.5], [704.5, 633.0], [705.0, 633.5], [705.0, 634.5], [705.5, 635.0], [706.0, 635.5], [706.0, 636.5], [706.0, 637.5], [705.5, 638.0], [705.0, 638.5], [704.5, 639.0]]]}, "properties": {"objectType": "detection", "name": "label_121", "label_id": 121}}, {"type": "Feature", "geometry": {"type": "Polygon", "coordinates": [[[462.5, 743.0], [461.5, 743.0], [460.5, 743.0], [459.5, 743.0], [459.0, 742.5], [458.5, 742.0], [457.5, 742.0], [457.0, 741.5], [456.5, 741.0], [456.0, 740.5], [455.5, 740.0], [455.0, 739.5], [454.5, 739.0], [454.0, 738.5], [454.0, 737.5], [453.5, 737.0], [453.0, 736.5], [453.0, 735.5], [453.0, 734.5], [453.0, 733.5], [453.0, 732.5], [453.0, 731.5], [453.0, 730.5], [453.5, 730.0], [454.0, 729.5], [454.5, 729.0], [455.0, 728.5], [455.5, 728.0], [456.0, 727.5], [456.5, 727.0], [457.0, 726.5], [457.5, 726.0], [458.0, 725.5], [458.5, 725.0], [459.0, 724.5], [459.5, 724.0], [460.5, 724.0], [461.5, 724.0], [462.0, 723.5], [462.5, 723.0], [463.5, 723.0], [464.5, 723.0], [465.5, 723.0], [466.0, 722.5], [466.5, 722.0], [467.5, 722.0], [468.0, 722.5], [468.5, 723.0], [469.0, 723.5], [469.0, 724.5], [469.0, 725.5], [469.5, 726.0], [470.0, 726.5], [470.0, 727.5], [470.0, 728.5], [469.5, 729.0], [469.0, 729.5], [469.0, 730.5], [469.0, 731.5], [469.0, 732.5], [469.0, 733.5], [468.5, 734.0], [468.0, 734.5], [468.0, 735.5], [468.0, 736.5], [468.0, 737.5], [467.5, 738.0], [467.0, 738.5], [467.0, 739.5], [466.5, 740.0], [466.0, 740.5], [465.5, 741.0], [465.0, 741.5], [464.5, 742.0], [463.5, 742.0], [463.0, 742.5], [462.5, 743.0]]]}, "properties": {"objectType": "detection", "name": "label_122", "label_id": 122}}, {"type": "Feature", "geometry": {"type": "Polygon", "coordinates": [[[593.5, 432.0], [592.5, 432.0], [591.5, 432.0], [590.5, 432.0], [589.5, 432.0], [588.5, 432.0], [587.5, 432.0], [586.5, 432.0], [586.0, 431.5], [585.5, 431.0], [584.5, 431.0], [584.0, 430.5], [583.5, 430.0], [583.0, 429.5], [583.0, 428.5], [582.5, 428.0], [582.0, 427.5], [582.0, 426.5], [582.5, 426.0], [583.0, 425.5], [583.0, 424.5], [583.5, 424.0], [584.0, 423.5], [584.0, 422.5], [584.5, 422.0], [585.0, 421.5], [585.5, 421.0], [586.0, 420.5], [586.5, 420.0], [587.5, 420.0], [588.0, 419.5], [588.5, 419.0], [589.0, 418.5], [589.5, 418.0], [590.0, 417.5], [590.5, 417.0], [591.0, 416.5], [591.5, 416.0], [592.5, 416.0], [593.5, 416.0], [594.0, 415.5], [594.5, 415.0], [595.5, 415.0], [596.5, 415.0], [597.5, 415.0], [598.0, 415.5], [598.5, 416.0], [599.5, 416.0], [600.5, 416.0], [601.0, 416.5], [601.5, 417.0], [602.0, 417.5], [602.0, 418.5], [602.0, 419.5], [602.5, 420.0], [603.0, 420.5], [603.0, 421.5], [603.0, 422.5], [603.0, 423.5], [603.0, 424.5], [602.5, 425.0], [602.0, 425.5], [602.0, 426.5], [601.5, 427.0], [601.0, 427.5], [600.5, 428.0], [600.0, 428.5], [599.5, 429.0], [598.5, 429.0], [598.0, 429.5], [597.5, 430.0], [596.5, 430.0], [596.0, 430.5], [595.5, 431.0], [594.5, 431.0], [594.0, 431.5], [593.5, 432.0]]]}, "properties": {"objectType": "detection", "name": "label_123", "label_id": 123}}, {"type": "Feature", "geometry": {"type": "Polygon", "coordinates": [[[687.5, 544.0], [686.5, 544.0], [685.5, 544.0], [684.5, 544.0], [684.0, 543.5], [683.5, 543.0], [683.0, 542.5], [682.5, 542.0], [682.0, 541.5], [681.5, 541.0], [681.0, 540.5], [681.0, 539.5], [680.5, 539.0], [680.0, 538.5], [680.0, 537.5], [679.5, 537.0], [679.0, 536.5], [679.0, 535.5], [678.5, 535.0], [678.0, 534.5], [678.0, 533.5], [678.0, 532.5], [678.0, 531.5], [678.0, 530.5], [678.0, 529.5], [678.0, 528.5], [678.0, 527.5], [678.0, 526.5], [678.0, 525.5], [678.5, 525.0], [679.0, 524.5], [679.0, 523.5], [679.5, 523.0], [680.0, 522.5], [680.0, 521.5], [680.5, 521.0], [681.0, 520.5], [681.5, 520.0], [682.0, 519.5], [682.5, 519.0], [683.5, 519.0], [684.5, 519.0], [685.5, 519.0], [686.0, 519.5], [686.5, 520.0], [687.5, 520.0], [688.0, 520.5], [688.5, 521.0], [689.0, 521.5], [689.5, 522.0], [690.0, 522.5], [690.0, 523.5], [690.5, 524.0], [691.0, 524.5], [691.0, 525.5], [691.0, 526.5], [691.0, 527.5], [691.0, 528.5], [691.0, 529.5], [691.0, 530.5], [690.5, 531.0], [690.0, 531.5], [690.0, 532.5], [690.0, 533.5], [690.0, 534.5], [690.0, 535.5], [690.0, 536.5], [690.0, 537.5], [690.0, 538.5], [690.0, 539.5], [690.0, 540.5], [689.5, 541.0], [689.0, 541.5], [689.0, 542.5], [688.5, 543.0], [688.0, 543.5], [687.5, 544.0]]]}, "properties": {"objectType": "detection", "name": "label_124", "label_id": 124}}, {"type": "Feature", "geometry": {"type": "Polygon", "coordinates": [[[740.5, 693.0], [739.5, 693.0], [738.5, 693.0], [737.5, 693.0], [736.5, 693.0], [736.0, 692.5], [735.5, 692.0], [735.0, 691.5], [734.5, 691.0], [733.5, 691.0], [733.0, 690.5], [732.5, 690.0], [732.0, 689.5], [732.0, 688.5], [731.5, 688.0], [731.0, 687.5], [731.0, 686.5], [730.5, 686.0], [730.0, 685.5], [730.0, 684.5], [730.0, 683.5], [730.0, 682.5], [730.0, 681.5], [730.0, 680.5], [730.0, 679.5], [730.0, 678.5], [730.5, 678.0], [731.0, 677.5], [731.0, 676.5], [731.5, 676.0], [732.0, 675.5], [732.0, 674.5], [732.5, 674.0], [733.5, 674.0], [734.0, 673.5], [734.5, 673.0], [735.5, 673.0], [736.5, 673.0], [737.5, 673.0], [738.5, 673.0], [739.0, 673.5], [739.5, 674.0], [740.5, 674.0], [741.0, 674.5], [741.5, 675.0], [742.0, 675.5], [742.5, 676.0], [743.5, 676.0], [744.0, 676.5], [744.5, 677.0], [745.0, 677.5], [745.0, 678.5], [745.5, 679.0], [746.0, 679.5], [746.0, 680.5], [746.0, 681.5], [746.0, 682.5], [746.0, 683.5], [746.0, 684.5], [746.0, 685.5], [746.0, 686.5], [745.5, 687.0], [745.0, 687.5], [745.0, 688.5], [744.5, 689.0], [744.0, 689.5], [744.0, 690.5], [743.5, 691.0], [743.0, 691.5], [742.5, 692.0], [741.5, 692.0], [741.0, 692.5], [740.5, 693.0]]]}, "properties": {"objectType": "detection", "name": "label_125", "label_id": 125}}, {"type": "Feature", "geometry": {"type": "Polygon", "coordinates": [[[281.5, 52.0], [280.5, 52.0], [279.5, 52.0], [279.0, 51.5], [278.5, 51.0], [278.0, 50.5], [277.5, 50.0], [276.5, 50.0], [276.0, 49.5], [275.5, 49.0], [275.0, 48.5], [275.0, 47.5], [274.5, 47.0], [274.0, 46.5], [274.0, 45.5], [274.0, 44.5], [273.5, 44.0], [273.0, 43.5], [272.5, 43.0], [272.0, 42.5], [272.0, 41.5], [271.5, 41.0], [271.0, 40.5], [271.0, 39.5], [270.5, 39.0], [270.0, 38.5], [270.0, 37.5], [269.5, 37.0], [269.0, 36.5], [268.5, 36.0], [268.0, 35.5], [267.5, 35.0], [267.0, 34.5], [267.0, 33.5], [266.5, 33.0], [266.0, 32.5], [266.0, 31.5], [266.0, 30.5], [266.0, 29.5], [266.5, 29.0], [267.0, 28.5], [267.5, 28.0], [268.0, 27.5], [268.5, 27.0], [269.5, 27.0], [270.5, 27.0], [271.5, 27.0], [272.5, 27.0], [273.5, 27.0], [274.0, 27.5], [274.5, 28.0], [275.5, 28.0], [276.0, 28.5], [276.5, 29.0], [277.5, 29.0], [278.0, 29.5], [278.5, 30.0], [279.0, 30.5], [279.0, 31.5], [279.5, 32.0], [280.0, 32.5], [280.0, 33.5], [280.0, 34.5], [280.5, 35.0], [281.0, 35.5], [281.0, 36.5], [281.5, 37.0], [282.0, 37.5], [282.0, 38.5], [282.0, 39.5], [282.5, 40.0], [283.0, 40.5], [283.0, 41.5], [283.0, 42.5], [283.0, 43.5], [283.0, 44.5], [283.0, 45.5], [283.0, 46.5], [283.0, 47.5], [283.0, 48.5], [283.0, 49.5], [283.0, 50.5], [282.5, 51.0], [282.0, 51.5], [281.5, 52.0]]]}, "properties": {"objectType": "detection", "name": "label_126", "label_id": 126}}, {"type": "Feature", "geometry": {"type": "Polygon", "coordinates": [[[638.5, 377.0], [637.5, 377.0], [636.5, 377.0], [635.5, 377.0], [634.5, 377.0], [634.0, 376.5], [634.0, 375.5], [633.5, 375.0], [633.0, 374.5], [633.0, 373.5], [632.5, 373.0], [632.0, 372.5], [632.0, 371.5], [632.0, 370.5], [632.0, 369.5], [632.0, 368.5], [632.0, 367.5], [632.5, 367.0], [633.0, 366.5], [633.0, 365.5], [633.0, 364.5], [633.5, 364.0], [634.0, 363.5], [634.0, 362.5], [634.5, 362.0], [635.0, 361.5], [635.0, 360.5], [635.5, 360.0], [636.0, 359.5], [636.5, 359.0], [637.0, 358.5], [637.5, 358.0], [638.0, 357.5], [638.5, 357.0], [639.0, 356.5], [639.5, 356.0], [640.5, 356.0], [641.5, 356.0], [642.0, 355.5], [642.5, 355.0], [643.0, 355.5], [643.5, 356.0], [644.5, 356.0], [645.5, 356.0], [646.0, 356.5], [646.5, 357.0], [647.0, 357.5], [647.5, 358.0], [648.0, 358.5], [648.5, 359.0], [649.0, 359.5], [649.0, 360.5], [649.0, 361.5], [649.0, 362.5], [649.0, 363.5], [649.0, 364.5], [649.0, 365.5], [648.5, 366.0], [648.0, 366.5], [648.0, 367.5], [647.5, 368.0], [647.0, 368.5], [646.5, 369.0], [646.0, 369.5], [645.5, 370.0], [645.0, 370.5], [644.5, 371.0], [644.0, 371.5], [643.5, 372.0], [643.0, 372.5], [642.5, 373.0], [642.0, 373.5], [641.5, 374.0], [641.0, 374.5], [640.5, 375.0], [640.0, 375.5], [639.5, 376.0], [639.0, 376.5], [638.5, 377.0]]]}, "properties": {"objectType": "detection", "name": "label_127", "label_id": 127}}, {"type": "Feature", "geometry": {"type": "Polygon", "coordinates": [[[28.5, 758.0], [27.5, 758.0], [26.5, 758.0], [25.5, 758.0], [25.0, 757.5], [24.5, 757.0], [23.5, 757.0], [23.0, 756.5], [22.5, 756.0], [22.0, 755.5], [22.0, 754.5], [21.5, 754.0], [21.0, 753.5], [21.0, 752.5], [21.0, 751.5], [20.5, 751.0], [20.0, 750.5], [20.0, 749.5], [20.0, 748.5], [20.0, 747.5], [20.0, 746.5], [20.5, 746.0], [21.0, 745.5], [21.0, 744.5], [21.0, 743.5], [21.5, 743.0], [22.0, 742.5], [22.0, 741.5], [22.5, 741.0], [23.0, 740.5], [23.5, 740.0], [24.0, 739.5], [24.5, 739.0], [25.0, 738.5], [25.5, 738.0], [26.0, 737.5], [26.5, 737.0], [27.5, 737.0], [28.5, 737.0], [29.5, 737.0], [30.5, 737.0], [31.0, 737.5], [31.5, 738.0], [32.0, 738.5], [32.5, 739.0], [33.5, 739.0], [34.0, 739.5], [34.5, 740.0], [35.0, 740.5], [35.0, 741.5], [35.5, 742.0], [36.0, 742.5], [36.0, 743.5], [36.0, 744.5], [36.0, 745.5], [36.0, 746.5], [36.5, 747.0], [37.0, 747.5], [36.5, 748.0], [36.0, 748.5], [36.0, 749.5], [35.5, 750.0], [35.0, 750.5], [35.0, 751.5], [34.5, 752.0], [34.0, 752.5], [33.5, 753.0], [33.0, 753.5], [32.5, 754.0], [32.0, 754.5], [31.5, 755.0], [31.0, 755.5], [30.5, 756.0], [30.0, 756.5], [29.5, 757.0], [29.0, 757.5], [28.5, 758.0]]]}, "properties": {"objectType": "detection", "name": "label_128", "label_id": 128}}, {"type": "Feature", "geometry": {"type": "Polygon", "coordinates": [[[392.5, 220.0], [391.5, 220.0], [391.0, 219.5], [391.0, 218.5], [391.0, 217.5], [391.0, 216.5], [391.5, 216.0], [392.0, 215.5], [392.0, 214.5], [392.5, 214.0], [393.0, 213.5], [393.5, 213.0], [394.0, 212.5], [394.0, 211.5], [394.5, 211.0], [395.0, 210.5], [395.0, 209.5], [395.5, 209.0], [396.0, 208.5], [396.0, 207.5], [396.0, 206.5], [396.5, 206.0], [397.0, 205.5], [397.0, 204.5], [397.5, 204.0], [398.0, 203.5], [398.0, 202.5], [398.0, 201.5], [398.0, 200.5], [398.0, 199.5], [398.0, 198.5], [398.5, 198.0], [399.0, 197.5], [399.0, 196.5], [399.5, 196.0], [400.5, 196.0], [401.0, 195.5], [401.5, 195.0], [402.5, 195.0], [403.5, 195.0], [404.5, 195.0], [405.5, 195.0], [406.0, 195.5], [406.5, 196.0], [407.0, 196.5], [407.5, 197.0], [408.0, 197.5], [408.5, 198.0], [409.0, 198.5], [409.0, 199.5], [409.0, 200.5], [409.5, 201.0], [410.0, 201.5], [410.0, 202.5], [410.0, 203.5], [410.0, 204.5], [410.0, 205.5], [410.0, 206.5], [409.5, 207.0], [409.0, 207.5], [409.0, 208.5], [408.5, 209.0], [408.0, 209.5], [407.5, 210.0], [407.0, 210.5], [406.5, 211.0], [406.0, 211.5], [405.5, 212.0], [405.0, 212.5], [404.5, 213.0], [403.5, 213.0], [403.0, 213.5], [402.5, 214.0], [402.0, 214.5], [401.5, 215.0], [400.5, 215.0], [400.0, 215.5], [399.5, 216.0], [399.0, 216.5], [398.5, 217.0], [397.5, 217.0], [397.0, 217.5], [396.5, 218.0], [395.5, 218.0], [395.0, 218.5], [394.5, 219.0], [393.5, 219.0], [393.0, 219.5], [392.5, 220.0]]]}, "properties": {"objectType": "detection", "name": "label_129", "label_id": 129}}, {"type": "Feature", "geometry": {"type": "Polygon", "coordinates": [[[691.5, 233.0], [690.5, 233.0], [689.5, 233.0], [689.0, 232.5], [688.5, 232.0], [687.5, 232.0], [687.0, 231.5], [686.5, 231.0], [686.0, 230.5], [685.5, 230.0], [685.0, 229.5], [684.5, 229.0], [684.0, 228.5], [683.5, 228.0], [683.0, 227.5], [682.5, 227.0], [682.0, 226.5], [682.0, 225.5], [681.5, 225.0], [681.0, 224.5], [680.5, 224.0], [680.0, 223.5], [680.0, 222.5], [680.0, 221.5], [679.5, 221.0], [679.0, 220.5], [679.0, 219.5], [678.5, 219.0], [678.0, 218.5], [678.5, 218.0], [679.0, 217.5], [679.0, 216.5], [679.5, 216.0], [680.0, 215.5], [680.5, 215.0], [681.0, 214.5], [681.5, 214.0], [682.0, 213.5], [682.5, 213.0], [683.0, 212.5], [683.5, 212.0], [684.0, 211.5], [684.5, 211.0], [685.0, 210.5], [685.5, 210.0], [686.5, 210.0], [687.0, 210.5], [687.5, 211.0], [688.0, 211.5], [688.5, 212.0], [689.5, 212.0], [690.0, 212.5], [690.5, 213.0], [691.0, 213.5], [691.5, 214.0], [692.0, 214.5], [692.0, 215.5], [692.5, 216.0], [693.0, 216.5], [693.0, 217.5], [693.5, 218.0], [694.0, 218.5], [694.0, 219.5], [694.0, 220.5], [694.5, 221.0], [695.0, 221.5], [695.0, 222.5], [695.0, 223.5], [695.0, 224.5], [695.0, 225.5], [695.0, 226.5], [695.0, 227.5], [694.5, 228.0], [694.0, 228.5], [694.0, 229.5], [694.0, 230.5], [693.5, 231.0], [693.0, 231.5], [692.5, 232.0], [692.0, 232.5], [691.5, 233.0]]]}, "properties": {"objectType": "detection", "name": "label_130", "label_id": 130}}, {"type": "Feature", "geometry": {"type": "Polygon", "coordinates": [[[849.5, 711.0], [848.5, 711.0], [847.5, 711.0], [846.5, 711.0], [845.5, 711.0], [844.5, 711.0], [843.5, 711.0], [843.0, 710.5], [842.5, 710.0], [841.5, 710.0], [840.5, 710.0], [840.0, 709.5], [839.5, 709.0], [838.5, 709.0], [838.0, 708.5], [837.5, 708.0], [837.0, 707.5], [836.5, 707.0], [836.0, 706.5], [835.5, 706.0], [835.0, 705.5], [834.5, 705.0], [834.0, 704.5], [834.0, 703.5], [833.5, 703.0], [833.0, 702.5], [833.0, 701.5], [832.5, 701.0], [832.0, 700.5], [832.0, 699.5], [832.0, 698.5], [832.5, 698.0], [833.0, 697.5], [833.0, 696.5], [833.5, 696.0], [834.5, 696.0], [835.0, 695.5], [835.5, 695.0], [836.0, 694.5], [836.5, 694.0], [837.0, 693.5], [837.5, 693.0], [838.0, 693.5], [838.0, 694.5], [838.5, 695.0], [839.5, 695.0], [840.5, 695.0], [841.5, 695.0], [842.5, 695.0], [843.5, 695.0], [844.0, 695.5], [844.5, 696.0], [845.5, 696.0], [846.0, 696.5], [846.5, 697.0], [847.5, 697.0], [848.0, 697.5], [848.5, 698.0], [849.0, 698.5], [849.5, 699.0], [850.0, 699.5], [850.5, 700.0], [851.0, 700.5], [851.0, 701.5], [851.5, 702.0], [852.0, 702.5], [852.0, 703.5], [852.0, 704.5], [852.5, 705.0], [853.0, 705.5], [853.0, 706.5], [853.0, 707.5], [852.5, 708.0], [852.0, 708.5], [852.0, 709.5], [851.5, 710.0], [850.5, 710.0], [850.0, 710.5], [849.5, 711.0]]]}, "properties": {"objectType": "detection", "name": "label_131", "label_id": 131}}, {"type": "Feature", "geometry": {"type": "Polygon", "coordinates": [[[769.5, 58.0], [768.5, 58.0], [767.5, 58.0], [767.0, 57.5], [766.5, 57.0], [765.5, 57.0], [764.5, 57.0], [763.5, 57.0], [763.0, 56.5], [762.5, 56.0], [761.5, 56.0], [761.0, 55.5], [760.5, 55.0], [760.0, 54.5], [759.5, 54.0], [758.5, 54.0], [758.0, 53.5], [758.0, 52.5], [757.5, 52.0], [757.0, 51.5], [757.0, 50.5], [757.0, 49.5], [757.0, 48.5], [757.0, 47.5], [757.0, 46.5], [757.0, 45.5], [757.0, 44.5], [757.0, 43.5], [757.5, 43.0], [758.0, 42.5], [758.5, 42.0], [759.5, 42.0], [760.0, 41.5], [760.5, 41.0], [761.5, 41.0], [762.0, 40.5], [762.5, 40.0], [763.5, 40.0], [764.5, 40.0], [765.0, 40.5], [765.5, 41.0], [766.5, 41.0], [767.5, 41.0], [768.5, 41.0], [769.0, 41.5], [769.5, 42.0], [770.5, 42.0], [771.0, 42.5], [771.5, 43.0], [772.0, 43.5], [772.5, 44.0], [773.0, 44.5], [773.5, 45.0], [774.0, 45.5], [774.0, 46.5], [774.0, 47.5], [774.5, 48.0], [775.0, 48.5], [775.0, 49.5], [775.0, 50.5], [775.0, 51.5], [775.0, 52.5], [774.5, 53.0], [774.0, 53.5], [774.0, 54.5], [773.5, 55.0], [773.0, 55.5], [772.5, 56.0], [772.0, 56.5], [771.5, 57.0], [770.5, 57.0], [770.0, 57.5], [769.5, 58.0]]]}, "properties": {"objectType": "detection", "name": "label_132", "label_id": 132}}, {"type": "Feature", "geometry": {"type": "Polygon", "coordinates": [[[163.5, 25.0], [162.5, 25.0], [161.5, 25.0], [161.0, 24.5], [160.5, 24.0], [159.5, 24.0], [158.5, 24.0], [158.0, 23.5], [157.5, 23.0], [157.0, 22.5], [156.5, 22.0], [156.0, 21.5], [155.5, 21.0], [155.0, 20.5], [154.5, 20.0], [154.0, 19.5], [153.5, 19.0], [153.0, 18.5], [152.5, 18.0], [152.0, 17.5], [151.5, 17.0], [151.0, 16.5], [150.5, 16.0], [150.0, 15.5], [149.5, 15.0], [148.5, 15.0], [148.0, 14.5], [147.5, 14.0], [146.5, 14.0], [146.0, 13.5], [145.5, 13.0], [145.0, 12.5], [145.0, 11.5], [145.0, 10.5], [144.5, 10.0], [144.0, 9.5], [144.5, 9.0], [145.0, 8.5], [145.0, 7.5], [145.5, 7.0], [146.0, 6.5], [146.0, 5.5], [146.5, 5.0], [147.0, 4.5], [147.5, 4.0], [148.5, 4.0], [149.5, 4.0], [150.5, 4.0], [151.5, 4.0], [152.5, 4.0], [153.0, 4.5], [153.5, 5.0], [154.5, 5.0], [155.0, 5.5], [155.5, 6.0], [156.0, 6.5], [156.5, 7.0], [157.0, 7.5], [157.5, 8.0], [158.0, 8.5], [158.0, 9.5], [158.5, 10.0], [159.0, 10.5], [159.5, 11.0], [160.0, 11.5], [160.5, 12.0], [161.0, 12.5], [161.5, 13.0], [162.5, 13.0], [163.0, 13.5], [163.5, 14.0], [164.0, 14.5], [164.5, 15.0], [165.0, 15.5], [165.0, 16.5], [165.5, 17.0], [166.0, 17.5], [166.0, 18.5], [166.0, 19.5], [166.0, 20.5], [165.5, 21.0], [165.0, 21.5], [165.5, 22.0], [166.0, 22.5], [165.5, 23.0], [165.0, 23.5], [164.5, 24.0], [164.0, 24.5], [163.5, 25.0]]]}, "properties": {"objectType": "detection", "name": "label_133", "label_id": 133}}, {"type": "Feature", "geometry": {"type": "Polygon", "coordinates": [[[468.5, 427.0], [467.5, 427.0], [466.5, 427.0], [465.5, 427.0], [464.5, 427.0], [463.5, 427.0], [462.5, 427.0], [462.0, 426.5], [461.5, 426.0], [460.5, 426.0], [460.0, 425.5], [460.0, 424.5], [459.5, 424.0], [459.0, 423.5], [458.5, 423.0], [458.0, 422.5], [458.0, 421.5], [458.0, 420.5], [458.5, 420.0], [459.0, 419.5], [459.0, 418.5], [459.5, 418.0], [460.0, 417.5], [460.5, 417.0], [461.0, 416.5], [461.5, 416.0], [462.5, 416.0], [463.0, 415.5], [463.5, 415.0], [464.0, 414.5], [464.5, 414.0], [465.5, 414.0], [466.0, 413.5], [466.5, 413.0], [467.0, 412.5], [467.5, 412.0], [468.5, 412.0], [469.0, 411.5], [469.5, 411.0], [470.5, 411.0], [471.5, 411.0], [472.5, 411.0], [473.5, 411.0], [474.5, 411.0], [475.5, 411.0], [476.0, 411.5], [476.5, 412.0], [477.0, 412.5], [477.5, 413.0], [478.0, 413.5], [478.5, 414.0], [479.0, 414.5], [479.0, 415.5], [479.5, 416.0], [480.0, 416.5], [480.0, 417.5], [479.5, 418.0], [479.0, 418.5], [479.0, 419.5], [478.5, 420.0], [478.0, 420.5], [478.0, 421.5], [477.5, 422.0], [477.0, 422.5], [476.5, 423.0], [476.0, 423.5], [475.5, 424.0], [474.5, 424.0], [474.0, 424.5], [473.5, 425.0], [472.5, 425.0], [472.0, 425.5], [471.5, 426.0], [470.5, 426.0], [469.5, 426.0], [469.0, 426.5], [468.5, 427.0]]]}, "properties": {"objectType": "detection", "name": "label_134", "label_id": 134}}, {"type": "Feature", "geometry": {"type": "Polygon", "coordinates": [[[520.5, 198.0], [519.5, 198.0], [518.5, 198.0], [518.0, 197.5], [518.0, 196.5], [518.0, 195.5], [518.5, 195.0], [519.0, 194.5], [519.0, 193.5], [519.0, 192.5], [519.0, 191.5], [519.0, 190.5], [519.0, 189.5], [519.0, 188.5], [519.0, 187.5], [519.0, 186.5], [519.0, 185.5], [519.0, 184.5], [519.0, 183.5], [519.0, 182.5], [519.0, 181.5], [518.5, 181.0], [518.0, 180.5], [518.0, 179.5], [518.0, 178.5], [518.0, 177.5], [518.0, 176.5], [518.0, 175.5], [518.0, 174.5], [518.0, 173.5], [518.0, 172.5], [518.0, 171.5], [518.0, 170.5], [518.0, 169.5], [518.0, 168.5], [518.0, 167.5], [518.0, 166.5], [518.5, 166.0], [519.0, 165.5], [519.0, 164.5], [519.5, 164.0], [520.5, 164.0], [521.5, 164.0], [522.5, 164.0], [523.5, 164.0], [524.5, 164.0], [525.0, 164.5], [525.5, 165.0], [526.0, 165.5], [526.0, 166.5], [526.5, 167.0], [527.0, 167.5], [527.0, 168.5], [527.0, 169.5], [527.0, 170.5], [527.0, 171.5], [527.0, 172.5], [527.0, 173.5], [527.0, 174.5], [527.0, 175.5], [527.5, 176.0], [528.0, 176.5], [528.0, 177.5], [527.5, 178.0], [527.0, 178.5], [527.0, 179.5], [527.0, 180.5], [527.0, 181.5], [527.0, 182.5], [527.0, 183.5], [526.5, 184.0], [526.0, 184.5], [526.0, 185.5], [526.0, 186.5], [525.5, 187.0], [525.0, 187.5], [525.0, 188.5], [525.0, 189.5], [525.0, 190.5], [524.5, 191.0], [524.0, 191.5], [524.0, 192.5], [523.5, 193.0], [523.0, 193.5], [523.0, 194.5], [522.5, 195.0], [522.0, 195.5], [522.0, 196.5], [521.5, 197.0], [521.0, 197.5], [520.5, 198.0]]]}, "properties": {"objectType": "detection", "name": "label_135", "label_id": 135}}, {"type": "Feature", "geometry": {"type": "Polygon", "coordinates": [[[591.5, 259.0], [590.5, 259.0], [589.5, 259.0], [588.5, 259.0], [587.5, 259.0], [586.5, 259.0], [585.5, 259.0], [585.0, 258.5], [584.5, 258.0], [584.0, 257.5], [583.5, 257.0], [583.0, 256.5], [582.5, 256.0], [582.0, 255.5], [582.0, 254.5], [582.0, 253.5], [582.0, 252.5], [582.0, 251.5], [582.5, 251.0], [583.0, 250.5], [583.0, 249.5], [583.0, 248.5], [583.5, 248.0], [584.0, 247.5], [584.5, 247.0], [585.0, 246.5], [585.0, 245.5], [585.5, 245.0], [586.0, 244.5], [586.5, 244.0], [587.0, 243.5], [587.5, 243.0], [588.0, 242.5], [588.5, 242.0], [589.5, 242.0], [590.0, 241.5], [590.5, 241.0], [591.0, 240.5], [591.5, 240.0], [592.0, 239.5], [592.5, 239.0], [593.5, 239.0], [594.0, 238.5], [594.5, 238.0], [595.5, 238.0], [596.5, 238.0], [597.5, 238.0], [598.5, 238.0], [599.0, 238.5], [599.5, 239.0], [600.0, 239.5], [600.0, 240.5], [600.0, 241.5], [599.5, 242.0], [599.0, 242.5], [599.0, 243.5], [599.0, 244.5], [599.0, 245.5], [599.0, 246.5], [598.5, 247.0], [598.0, 247.5], [598.0, 248.5], [598.0, 249.5], [597.5, 250.0], [597.0, 250.5], [597.0, 251.5], [596.5, 252.0], [596.0, 252.5], [595.5, 253.0], [595.0, 253.5], [595.0, 254.5], [594.5, 255.0], [594.0, 255.5], [593.5, 256.0], [593.0, 256.5], [593.0, 257.5], [592.5, 258.0], [592.0, 258.5], [591.5, 259.0]]]}, "properties": {"objectType": "detection", "name": "label_136", "label_id": 136}}, {"type": "Feature", "geometry": {"type": "Polygon", "coordinates": [[[820.5, 624.0], [819.5, 624.0], [819.0, 623.5], [818.5, 623.0], [817.5, 623.0], [817.0, 622.5], [816.5, 622.0], [816.0, 621.5], [815.5, 621.0], [814.5, 621.0], [814.0, 620.5], [813.5, 620.0], [813.0, 619.5], [812.5, 619.0], [812.0, 618.5], [811.5, 618.0], [811.0, 617.5], [810.5, 617.0], [810.0, 616.5], [809.5, 616.0], [809.0, 615.5], [809.0, 614.5], [809.0, 613.5], [809.0, 612.5], [809.5, 612.0], [810.0, 611.5], [810.0, 610.5], [810.0, 609.5], [810.5, 609.0], [811.0, 608.5], [811.5, 608.0], [812.0, 607.5], [812.5, 607.0], [813.0, 606.5], [813.5, 606.0], [814.0, 605.5], [814.5, 605.0], [815.5, 605.0], [816.0, 604.5], [816.5, 604.0], [817.5, 604.0], [818.5, 604.0], [819.5, 604.0], [820.0, 604.5], [820.5, 605.0], [821.0, 605.5], [821.5, 606.0], [822.0, 606.5], [822.5, 607.0], [823.0, 607.5], [823.5, 608.0], [824.0, 608.5], [824.0, 609.5], [824.5, 610.0], [825.0, 610.5], [825.0, 611.5], [825.5, 612.0], [826.0, 612.5], [826.0, 613.5], [826.5, 614.0], [827.0, 614.5], [827.0, 615.5], [827.0, 616.5], [827.0, 617.5], [826.5, 618.0], [826.0, 618.5], [826.0, 619.5], [825.5, 620.0], [825.0, 620.5], [824.5, 621.0], [824.0, 621.5], [823.5, 622.0], [822.5, 622.0], [822.0, 622.5], [821.5, 623.0], [821.0, 623.5], [820.5, 624.0]]]}, "properties": {"objectType": "detection", "name": "label_137", "label_id": 137}}, {"type": "Feature", "geometry": {"type": "Polygon", "coordinates": [[[234.5, 254.0], [233.5, 254.0], [232.5, 254.0], [231.5, 254.0], [231.0, 253.5], [230.5, 253.0], [229.5, 253.0], [229.0, 252.5], [228.5, 252.0], [228.0, 251.5], [227.5, 251.0], [227.0, 250.5], [226.5, 250.0], [226.0, 249.5], [226.0, 248.5], [226.0, 247.5], [226.0, 246.5], [226.0, 245.5], [226.0, 244.5], [226.0, 243.5], [226.0, 242.5], [226.0, 241.5], [226.0, 240.5], [226.5, 240.0], [227.0, 239.5], [227.0, 238.5], [227.0, 237.5], [227.5, 237.0], [228.0, 236.5], [228.5, 236.0], [229.0, 235.5], [229.5, 235.0], [230.0, 234.5], [230.5, 234.0], [231.5, 234.0], [232.5, 234.0], [233.5, 234.0], [234.0, 233.5], [234.5, 233.0], [235.0, 233.5], [235.5, 234.0], [236.5, 234.0], [237.5, 234.0], [238.0, 234.5], [238.5, 235.0], [239.0, 235.5], [239.0, 236.5], [239.5, 237.0], [240.0, 237.5], [240.0, 238.5], [240.0, 239.5], [240.0, 240.5], [240.5, 241.0], [241.0, 241.5], [241.0, 242.5], [241.0, 243.5], [240.5, 244.0], [240.0, 244.5], [240.0, 245.5], [240.0, 246.5], [240.0, 247.5], [239.5, 248.0], [239.0, 248.5], [239.0, 249.5], [238.5, 250.0], [238.0, 250.5], [238.0, 251.5], [237.5, 252.0], [237.0, 252.5], [236.5, 253.0], [235.5, 253.0], [235.0, 253.5], [234.5, 254.0]]]}, "properties": {"objectType": "detection", "name": "label_138", "label_id": 138}}, {"type": "Feature", "geometry": {"type": "Polygon", "coordinates": [[[739.5, 216.0], [738.5, 216.0], [737.5, 216.0], [736.5, 216.0], [735.5, 216.0], [734.5, 216.0], [733.5, 216.0], [732.5, 216.0], [732.0, 215.5], [731.5, 215.0], [731.0, 214.5], [730.5, 214.0], [730.0, 213.5], [729.5, 213.0], [729.0, 212.5], [729.0, 211.5], [728.5, 211.0], [728.0, 210.5], [728.0, 209.5], [728.0, 208.5], [728.0, 207.5], [728.0, 206.5], [728.0, 205.5], [728.0, 204.5], [728.5, 204.0], [729.0, 203.5], [729.0, 202.5], [729.0, 201.5], [729.5, 201.0], [730.0, 200.5], [730.0, 199.5], [730.5, 199.0], [731.0, 198.5], [731.5, 198.0], [732.0, 197.5], [732.5, 197.0], [733.5, 197.0], [734.0, 196.5], [734.5, 196.0], [735.5, 196.0], [736.5, 196.0], [737.0, 196.5], [737.5, 197.0], [738.0, 197.5], [738.5, 198.0], [739.0, 198.5], [739.5, 199.0], [740.0, 199.5], [740.5, 200.0], [741.0, 200.5], [741.0, 201.5], [741.5, 202.0], [742.0, 202.5], [742.5, 203.0], [743.0, 203.5], [743.0, 204.5], [743.5, 205.0], [744.0, 205.5], [744.0, 206.5], [744.0, 207.5], [744.0, 208.5], [743.5, 209.0], [743.0, 209.5], [743.0, 210.5], [743.0, 211.5], [742.5, 212.0], [742.0, 212.5], [741.5, 213.0], [741.0, 213.5], [741.0, 214.5], [740.5, 215.0], [740.0, 215.5], [739.5, 216.0]]]}, "properties": {"objectType": "detection", "name": "label_139", "label_id": 139}}, {"type": "Feature", "geometry": {"type": "Polygon", "coordinates": [[[706.5, 238.0], [705.5, 238.0], [704.5, 238.0], [703.5, 238.0], [703.0, 237.5], [702.5, 237.0], [701.5, 237.0], [701.0, 236.5], [700.5, 236.0], [700.0, 235.5], [699.5, 235.0], [699.0, 234.5], [699.0, 233.5], [699.0, 232.5], [698.5, 232.0], [698.0, 231.5], [698.0, 230.5], [698.0, 229.5], [698.0, 228.5], [698.0, 227.5], [698.0, 226.5], [698.0, 225.5], [698.0, 224.5], [698.0, 223.5], [698.0, 222.5], [698.0, 221.5], [698.5, 221.0], [699.0, 220.5], [699.0, 219.5], [699.5, 219.0], [700.0, 218.5], [700.5, 218.0], [701.0, 217.5], [701.5, 217.0], [702.5, 217.0], [703.5, 217.0], [704.5, 217.0], [705.0, 217.5], [705.5, 218.0], [706.5, 218.0], [707.0, 218.5], [707.5, 219.0], [708.0, 219.5], [708.5, 220.0], [709.0, 220.5], [709.0, 221.5], [709.5, 222.0], [710.0, 222.5], [710.0, 223.5], [710.5, 224.0], [711.0, 224.5], [711.0, 225.5], [711.5, 226.0], [712.0, 226.5], [712.0, 227.5], [712.0, 228.5], [712.0, 229.5], [712.5, 230.0], [713.0, 230.5], [713.0, 231.5], [713.0, 232.5], [713.0, 233.5], [712.5, 234.0], [712.0, 234.5], [711.5, 235.0], [711.0, 235.5], [710.5, 236.0], [710.0, 236.5], [709.5, 237.0], [708.5, 237.0], [707.5, 237.0], [707.0, 237.5], [706.5, 238.0]]]}, "properties": {"objectType": "detection", "name": "label_140", "label_id": 140}}, {"type": "Feature", "geometry": {"type": "Polygon", "coordinates": [[[646.5, 352.0], [645.5, 352.0], [645.0, 351.5], [644.5, 351.0], [643.5, 351.0], [643.0, 350.5], [642.5, 350.0], [642.0, 349.5], [642.0, 348.5], [641.5, 348.0], [641.0, 347.5], [641.0, 346.5], [641.0, 345.5], [640.5, 345.0], [640.0, 344.5], [640.0, 343.5], [640.0, 342.5], [640.0, 341.5], [640.0, 340.5], [640.0, 339.5], [640.0, 338.5], [640.5, 338.0], [641.0, 337.5], [641.0, 336.5], [641.5, 336.0], [642.0, 335.5], [642.5, 335.0], [643.5, 335.0], [644.0, 334.5], [644.5, 334.0], [645.5, 334.0], [646.5, 334.0], [647.5, 334.0], [648.5, 334.0], [649.5, 334.0], [650.5, 334.0], [651.5, 334.0], [652.0, 334.5], [652.5, 335.0], [653.5, 335.0], [654.0, 335.5], [654.5, 336.0], [655.0, 336.5], [655.5, 337.0], [656.0, 337.5], [656.5, 338.0], [657.0, 338.5], [657.0, 339.5], [657.5, 340.0], [658.0, 340.5], [658.0, 341.5], [658.0, 342.5], [658.5, 343.0], [659.0, 343.5], [658.5, 344.0], [658.0, 344.5], [658.0, 345.5], [657.5, 346.0], [657.0, 346.5], [656.5, 347.0], [656.0, 347.5], [655.5, 348.0], [654.5, 348.0], [653.5, 348.0], [652.5, 348.0], [651.5, 348.0], [650.5, 348.0], [649.5, 348.0], [649.0, 348.5], [648.5, 349.0], [648.0, 349.5], [648.0, 350.5], [647.5, 351.0], [647.0, 351.5], [646.5, 352.0]]]}, "properties": {"objectType": "detection", "name": "label_141", "label_id": 141}}, {"type": "Feature", "geometry": {"type": "Polygon", "coordinates": [[[889.5, 312.0], [888.5, 312.0], [887.5, 312.0], [886.5, 312.0], [886.0, 311.5], [885.5, 311.0], [884.5, 311.0], [883.5, 311.0], [882.5, 311.0], [882.0, 310.5], [881.5, 310.0], [880.5, 310.0], [880.0, 309.5], [879.5, 309.0], [879.0, 308.5], [878.5, 308.0], [878.0, 307.5], [878.0, 306.5], [878.0, 305.5], [878.0, 304.5], [878.5, 304.0], [879.0, 303.5], [879.0, 302.5], [879.0, 301.5], [879.0, 300.5], [879.5, 300.0], [880.0, 299.5], [880.0, 298.5], [880.5, 298.0], [881.0, 297.5], [881.0, 296.5], [881.5, 296.0], [882.5, 296.0], [883.0, 295.5], [883.5, 295.0], [884.5, 295.0], [885.5, 295.0], [886.0, 295.5], [886.5, 296.0], [887.5, 296.0], [888.5, 296.0], [889.5, 296.0], [890.0, 296.5], [890.5, 297.0], [891.5, 297.0], [892.5, 297.0], [893.0, 297.5], [893.5, 298.0], [894.5, 298.0], [895.0, 298.5], [895.5, 299.0], [896.0, 299.5], [896.0, 300.5], [896.0, 301.5], [896.0, 302.5], [896.0, 303.5], [896.0, 304.5], [896.0, 305.5], [896.0, 306.5], [895.5, 307.0], [895.0, 307.5], [895.0, 308.5], [895.0, 309.5], [894.5, 310.0], [894.0, 310.5], [893.5, 311.0], [892.5, 311.0], [891.5, 311.0], [890.5, 311.0], [890.0, 311.5], [889.5, 312.0]]]}, "properties": {"objectType": "detection", "name": "label_142", "label_id": 142}}, {"type": "Feature", "geometry": {"type": "Polygon", "coordinates": [[[532.5, 514.0], [531.5, 514.0], [530.5, 514.0], [529.5, 514.0], [528.5, 514.0], [527.5, 514.0], [526.5, 514.0], [526.0, 513.5], [525.5, 513.0], [524.5, 513.0], [524.0, 512.5], [523.5, 512.0], [523.0, 511.5], [522.5, 511.0], [522.0, 510.5], [522.0, 509.5], [521.5, 509.0], [521.0, 508.5], [521.0, 507.5], [521.0, 506.5], [521.0, 505.5], [521.0, 504.5], [521.0, 503.5], [521.0, 502.5], [521.0, 501.5], [521.5, 501.0], [522.0, 500.5], [522.0, 499.5], [522.5, 499.0], [523.0, 498.5], [523.5, 498.0], [524.0, 497.5], [524.5, 497.0], [525.5, 497.0], [526.5, 497.0], [527.5, 497.0], [528.5, 497.0], [529.5, 497.0], [530.5, 497.0], [531.5, 497.0], [532.0, 497.5], [532.5, 498.0], [533.5, 498.0], [534.0, 498.5], [534.5, 499.0], [535.0, 499.5], [535.5, 500.0], [536.0, 500.5], [536.5, 501.0], [537.0, 501.5], [537.0, 502.5], [537.5, 503.0], [538.0, 503.5], [538.0, 504.5], [538.0, 505.5], [538.0, 506.5], [538.0, 507.5], [538.0, 508.5], [537.5, 509.0], [537.0, 509.5], [537.0, 510.5], [536.5, 511.0], [536.0, 511.5], [535.5, 512.0], [535.0, 512.5], [534.5, 513.0], [533.5, 513.0], [533.0, 513.5], [532.5, 514.0]]]}, "properties": {"objectType": "detection", "name": "label_143", "label_id": 143}}, {"type": "Feature", "geometry": {"type": "Polygon", "coordinates": [[[459.5, 306.0], [458.5, 306.0], [458.0, 305.5], [457.5, 305.0], [456.5, 305.0], [456.0, 304.5], [456.0, 303.5], [455.5, 303.0], [455.0, 302.5], [455.0, 301.5], [455.0, 300.5], [454.5, 300.0], [454.0, 299.5], [454.5, 299.0], [455.0, 298.5], [455.0, 297.5], [455.0, 296.5], [455.0, 295.5], [455.0, 294.5], [455.5, 294.0], [456.0, 293.5], [456.0, 292.5], [456.5, 292.0], [457.0, 291.5], [457.5, 291.0], [458.0, 290.5], [458.0, 289.5], [458.5, 289.0], [459.0, 288.5], [459.0, 287.5], [459.5, 287.0], [460.0, 286.5], [460.5, 286.0], [461.0, 285.5], [461.5, 285.0], [462.5, 285.0], [463.0, 284.5], [463.5, 284.0], [464.5, 284.0], [465.5, 284.0], [466.0, 283.5], [466.5, 283.0], [467.0, 283.5], [467.5, 284.0], [468.5, 284.0], [469.0, 284.5], [469.5, 285.0], [470.0, 285.5], [470.0, 286.5], [470.0, 287.5], [470.0, 288.5], [470.0, 289.5], [470.0, 290.5], [470.0, 291.5], [470.0, 292.5], [469.5, 293.0], [469.0, 293.5], [469.0, 294.5], [469.0, 295.5], [468.5, 296.0], [468.0, 296.5], [468.0, 297.5], [468.0, 298.5], [467.5, 299.0], [467.0, 299.5], [466.5, 300.0], [466.0, 300.5], [466.0, 301.5], [465.5, 302.0], [465.0, 302.5], [464.5, 303.0], [464.0, 303.5], [463.5, 304.0], [462.5, 304.0], [462.0, 304.5], [461.5, 305.0], [460.5, 305.0], [460.0, 305.5], [459.5, 306.0]]]}, "properties": {"objectType": "detection", "name": "label_144", "label_id": 144}}, {"type": "Feature", "geometry": {"type": "Polygon", "coordinates": [[[44.5, 169.0], [43.5, 169.0], [42.5, 169.0], [41.5, 169.0], [40.5, 169.0], [40.0, 168.5], [39.5, 168.0], [38.5, 168.0], [37.5, 168.0], [36.5, 168.0], [35.5, 168.0], [35.0, 167.5], [34.5, 167.0], [33.5, 167.0], [33.0, 166.5], [32.5, 166.0], [32.0, 165.5], [31.5, 165.0], [31.0, 164.5], [30.5, 164.0], [30.0, 163.5], [30.0, 162.5], [29.5, 162.0], [29.0, 161.5], [29.0, 160.5], [29.0, 159.5], [29.0, 158.5], [29.0, 157.5], [29.0, 156.5], [29.5, 156.0], [30.0, 155.5], [30.0, 154.5], [30.5, 154.0], [31.0, 153.5], [31.5, 153.0], [32.5, 153.0], [33.0, 152.5], [33.5, 152.0], [34.5, 152.0], [35.0, 152.5], [35.5, 153.0], [36.5, 153.0], [37.5, 153.0], [38.5, 153.0], [39.0, 153.5], [39.5, 154.0], [40.5, 154.0], [41.5, 154.0], [42.0, 154.5], [42.5, 155.0], [43.0, 155.5], [43.5, 156.0], [44.0, 156.5], [44.5, 157.0], [45.5, 157.0], [46.0, 157.5], [46.0, 158.5], [46.5, 159.0], [47.0, 159.5], [47.5, 160.0], [48.0, 160.5], [48.0, 161.5], [48.0, 162.5], [48.0, 163.5], [48.0, 164.5], [48.0, 165.5], [47.5, 166.0], [47.0, 166.5], [46.5, 167.0], [46.0, 167.5], [45.5, 168.0], [45.0, 168.5], [44.5, 169.0]]]}, "properties": {"objectType": "detection", "name": "label_145", "label_id": 145}}, {"type": "Feature", "geometry": {"type": "Polygon", "coordinates": [[[714.5, 416.0], [713.5, 416.0], [712.5, 416.0], [711.5, 416.0], [710.5, 416.0], [710.0, 415.5], [709.5, 415.0], [709.0, 414.5], [708.5, 414.0], [708.0, 413.5], [707.5, 413.0], [707.0, 412.5], [707.0, 411.5], [706.5, 411.0], [706.0, 410.5], [706.0, 409.5], [706.0, 408.5], [706.0, 407.5], [706.0, 406.5], [705.5, 406.0], [705.0, 405.5], [705.0, 404.5], [705.0, 403.5], [705.0, 402.5], [705.0, 401.5], [705.0, 400.5], [705.5, 400.0], [706.0, 399.5], [706.0, 398.5], [706.0, 397.5], [706.0, 396.5], [706.5, 396.0], [707.0, 395.5], [707.5, 395.0], [708.0, 394.5], [708.5, 394.0], [709.5, 394.0], [710.0, 393.5], [710.5, 393.0], [711.0, 393.5], [711.5, 394.0], [712.5, 394.0], [713.0, 394.5], [713.5, 395.0], [714.0, 395.5], [714.5, 396.0], [715.0, 396.5], [715.0, 397.5], [715.5, 398.0], [716.0, 398.5], [716.5, 399.0], [717.0, 399.5], [717.0, 400.5], [717.0, 401.5], [717.5, 402.0], [718.0, 402.5], [718.0, 403.5], [718.5, 404.0], [719.0, 404.5], [719.0, 405.5], [719.0, 406.5], [719.0, 407.5], [719.0, 408.5], [719.0, 409.5], [719.0, 410.5], [719.0, 411.5], [718.5, 412.0], [718.0, 412.5], [717.5, 413.0], [717.0, 413.5], [716.5, 414.0], [716.0, 414.5], [715.5, 415.0], [715.0, 415.5], [714.5, 416.0]]]}, "properties": {"objectType": "detection", "name": "label_146", "label_id": 146}}, {"type": "Feature", "geometry": {"type": "Polygon", "coordinates": [[[93.5, 694.0], [92.5, 694.0], [91.5, 694.0], [90.5, 694.0], [89.5, 694.0], [88.5, 694.0], [87.5, 694.0], [87.0, 693.5], [86.5, 693.0], [86.0, 692.5], [85.5, 692.0], [85.0, 691.5], [85.0, 690.5], [84.5, 690.0], [84.0, 689.5], [84.0, 688.5], [84.0, 687.5], [84.0, 686.5], [84.0, 685.5], [84.5, 685.0], [85.0, 684.5], [85.0, 683.5], [85.0, 682.5], [85.5, 682.0], [86.0, 681.5], [86.5, 681.0], [87.0, 680.5], [87.5, 680.0], [88.0, 679.5], [88.0, 678.5], [88.5, 678.0], [89.0, 677.5], [89.5, 677.0], [90.0, 676.5], [90.5, 676.0], [91.5, 676.0], [92.5, 676.0], [93.5, 676.0], [94.5, 676.0], [95.5, 676.0], [96.5, 676.0], [97.0, 676.5], [97.5, 677.0], [98.5, 677.0], [99.0, 677.5], [99.0, 678.5], [99.5, 679.0], [100.0, 679.5], [100.5, 680.0], [101.0, 680.5], [101.0, 681.5], [101.0, 682.5], [101.0, 683.5], [101.0, 684.5], [101.0, 685.5], [100.5, 686.0], [100.0, 686.5], [100.0, 687.5], [99.5, 688.0], [99.0, 688.5], [99.0, 689.5], [98.5, 690.0], [98.0, 690.5], [97.5, 691.0], [97.0, 691.5], [96.5, 692.0], [95.5, 692.0], [95.0, 692.5], [94.5, 693.0], [94.0, 693.5], [93.5, 694.0]]]}, "properties": {"objectType": "detection", "name": "label_147", "label_id": 147}}, {"type": "Feature", "geometry": {"type": "Polygon", "coordinates": [[[372.5, 71.0], [371.5, 71.0], [370.5, 71.0], [369.5, 71.0], [368.5, 71.0], [368.0, 70.5], [367.5, 70.0], [366.5, 70.0], [366.0, 69.5], [366.0, 68.5], [365.5, 68.0], [365.0, 67.5], [365.0, 66.5], [365.0, 65.5], [365.0, 64.5], [365.0, 63.5], [365.0, 62.5], [365.0, 61.5], [365.0, 60.5], [365.0, 59.5], [365.0, 58.5], [365.0, 57.5], [365.0, 56.5], [365.5, 56.0], [366.0, 55.5], [366.0, 54.5], [366.0, 53.5], [366.5, 53.0], [367.0, 52.5], [367.5, 52.0], [368.0, 51.5], [368.5, 51.0], [369.5, 51.0], [370.0, 50.5], [370.5, 50.0], [371.5, 50.0], [372.0, 49.5], [372.5, 49.0], [373.0, 48.5], [373.5, 48.0], [374.5, 48.0], [375.0, 47.5], [375.5, 47.0], [376.5, 47.0], [377.0, 47.5], [377.0, 48.5], [377.0, 49.5], [377.0, 50.5], [377.0, 51.5], [377.0, 52.5], [377.0, 53.5], [377.0, 54.5], [377.0, 55.5], [377.0, 56.5], [377.0, 57.5], [377.0, 58.5], [377.0, 59.5], [377.0, 60.5], [377.0, 61.5], [377.0, 62.5], [377.0, 63.5], [377.0, 64.5], [377.0, 65.5], [376.5, 66.0], [376.0, 66.5], [376.0, 67.5], [376.0, 68.5], [375.5, 69.0], [375.0, 69.5], [374.5, 70.0], [373.5, 70.0], [373.0, 70.5], [372.5, 71.0]]]}, "properties": {"objectType": "detection", "name": "label_148", "label_id": 148}}, {"type": "Feature", "geometry": {"type": "Polygon", "coordinates": [[[698.5, 158.0], [697.5, 158.0], [696.5, 158.0], [695.5, 158.0], [694.5, 158.0], [693.5, 158.0], [692.5, 158.0], [692.0, 157.5], [691.5, 157.0], [691.0, 156.5], [690.5, 156.0], [690.0, 155.5], [689.5, 155.0], [689.0, 154.5], [688.5, 154.0], [688.0, 153.5], [688.0, 152.5], [687.5, 152.0], [687.0, 151.5], [687.0, 150.5], [687.0, 149.5], [687.0, 148.5], [687.0, 147.5], [687.0, 146.5], [687.5, 146.0], [688.0, 145.5], [688.5, 145.0], [689.0, 144.5], [689.5, 144.0], [690.0, 143.5], [690.5, 143.0], [691.5, 143.0], [692.0, 142.5], [692.5, 142.0], [693.5, 142.0], [694.5, 142.0], [695.0, 141.5], [695.5, 141.0], [696.5, 141.0], [697.5, 141.0], [698.5, 141.0], [699.5, 141.0], [700.5, 141.0], [701.0, 141.5], [701.5, 142.0], [702.5, 142.0], [703.0, 142.5], [703.0, 143.5], [703.5, 144.0], [704.0, 144.5], [704.0, 145.5], [704.0, 146.5], [704.0, 147.5], [704.0, 148.5], [704.0, 149.5], [704.0, 150.5], [704.0, 151.5], [704.0, 152.5], [703.5, 153.0], [703.0, 153.5], [703.0, 154.5], [702.5, 155.0], [702.0, 155.5], [701.5, 156.0], [700.5, 156.0], [700.0, 156.5], [699.5, 157.0], [699.0, 157.5], [698.5, 158.0]]]}, "properties": {"objectType": "detection", "name": "label_149", "label_id": 149}}, {"type": "Feature", "geometry": {"type": "Polygon", "coordinates": [[[893.5, 292.0], [892.5, 292.0], [892.0, 291.5], [891.5, 291.0], [890.5, 291.0], [889.5, 291.0], [889.0, 290.5], [888.5, 290.0], [887.5, 290.0], [887.0, 289.5], [886.5, 289.0], [885.5, 289.0], [884.5, 289.0], [884.0, 288.5], [883.5, 288.0], [883.0, 287.5], [882.5, 287.0], [882.0, 286.5], [881.5, 286.0], [881.0, 285.5], [881.0, 284.5], [880.5, 284.0], [880.0, 283.5], [880.0, 282.5], [880.0, 281.5], [880.0, 280.5], [880.0, 279.5], [880.0, 278.5], [880.0, 277.5], [880.0, 276.5], [880.0, 275.5], [880.5, 275.0], [881.0, 274.5], [881.5, 274.0], [882.0, 273.5], [882.5, 273.0], [883.5, 273.0], [884.5, 273.0], [885.5, 273.0], [886.5, 273.0], [887.5, 273.0], [888.5, 273.0], [889.0, 273.5], [889.5, 274.0], [890.5, 274.0], [891.5, 274.0], [892.0, 274.5], [892.5, 275.0], [893.0, 275.5], [893.5, 276.0], [894.0, 276.5], [894.5, 277.0], [895.0, 277.5], [895.0, 278.5], [895.0, 279.5], [895.0, 280.5], [895.0, 281.5], [895.0, 282.5], [895.0, 283.5], [895.5, 284.0], [896.0, 284.5], [896.0, 285.5], [896.0, 286.5], [896.0, 287.5], [896.0, 288.5], [896.0, 289.5], [895.5, 290.0], [895.0, 290.5], [894.5, 291.0], [894.0, 291.5], [893.5, 292.0]]]}, "properties": {"objectType": "detection", "name": "label_150", "label_id": 150}}, {"type": "Feature", "geometry": {"type": "Polygon", "coordinates": [[[632.5, 344.0], [631.5, 344.0], [630.5, 344.0], [629.5, 344.0], [628.5, 344.0], [627.5, 344.0], [626.5, 344.0], [626.0, 343.5], [625.5, 343.0], [625.0, 342.5], [624.5, 342.0], [624.0, 341.5], [623.5, 341.0], [623.0, 340.5], [623.0, 339.5], [623.0, 338.5], [623.0, 337.5], [623.5, 337.0], [624.0, 336.5], [624.0, 335.5], [624.0, 334.5], [624.5, 334.0], [625.0, 333.5], [625.5, 333.0], [626.0, 332.5], [626.0, 331.5], [626.5, 331.0], [627.0, 330.5], [627.5, 330.0], [628.5, 330.0], [629.0, 329.5], [629.5, 329.0], [630.0, 328.5], [630.5, 328.0], [631.0, 327.5], [631.5, 327.0], [632.5, 327.0], [633.0, 326.5], [633.5, 326.0], [634.5, 326.0], [635.5, 326.0], [636.5, 326.0], [637.5, 326.0], [638.5, 326.0], [639.5, 326.0], [640.0, 326.5], [640.5, 327.0], [641.0, 327.5], [641.0, 328.5], [641.0, 329.5], [641.0, 330.5], [641.0, 331.5], [641.0, 332.5], [641.0, 333.5], [640.5, 334.0], [640.0, 334.5], [640.0, 335.5], [639.5, 336.0], [639.0, 336.5], [639.0, 337.5], [638.5, 338.0], [638.0, 338.5], [638.0, 339.5], [637.5, 340.0], [637.0, 340.5], [636.5, 341.0], [636.0, 341.5], [635.5, 342.0], [635.0, 342.5], [634.5, 343.0], [633.5, 343.0], [633.0, 343.5], [632.5, 344.0]]]}, "properties": {"objectType": "detection", "name": "label_151", "label_id": 151}}, {"type": "Feature", "geometry": {"type": "Polygon", "coordinates": [[[556.5, 529.0], [555.5, 529.0], [555.0, 528.5], [554.5, 528.0], [554.0, 527.5], [553.5, 527.0], [553.0, 526.5], [553.0, 525.5], [552.5, 525.0], [552.0, 524.5], [552.0, 523.5], [551.5, 523.0], [551.0, 522.5], [551.0, 521.5], [551.0, 520.5], [551.0, 519.5], [551.0, 518.5], [551.5, 518.0], [552.0, 517.5], [552.0, 516.5], [552.5, 516.0], [553.0, 515.5], [553.0, 514.5], [553.0, 513.5], [553.5, 513.0], [554.0, 512.5], [554.5, 512.0], [555.0, 511.5], [555.0, 510.5], [555.5, 510.0], [556.5, 510.0], [557.0, 509.5], [557.5, 509.0], [558.5, 509.0], [559.0, 508.5], [559.5, 508.0], [560.5, 508.0], [561.0, 508.5], [561.5, 509.0], [562.5, 509.0], [563.5, 509.0], [564.0, 509.5], [564.5, 510.0], [565.0, 510.5], [565.5, 511.0], [566.0, 511.5], [566.0, 512.5], [566.5, 513.0], [567.0, 513.5], [567.5, 514.0], [568.0, 514.5], [568.0, 515.5], [568.0, 516.5], [568.0, 517.5], [567.5, 518.0], [567.0, 518.5], [567.0, 519.5], [566.5, 520.0], [566.0, 520.5], [565.5, 521.0], [565.0, 521.5], [564.5, 522.0], [564.0, 522.5], [564.0, 523.5], [563.5, 524.0], [563.0, 524.5], [562.5, 525.0], [561.5, 525.0], [561.0, 525.5], [560.5, 526.0], [560.0, 526.5], [559.5, 527.0], [558.5, 527.0], [558.0, 527.5], [557.5, 528.0], [557.0, 528.5], [556.5, 529.0]]]}, "properties": {"objectType": "detection", "name": "label_152", "label_id": 152}}, {"type": "Feature", "geometry": {"type": "Polygon", "coordinates": [[[399.5, 533.0], [398.5, 533.0], [397.5, 533.0], [396.5, 533.0], [395.5, 533.0], [394.5, 533.0], [393.5, 533.0], [393.0, 532.5], [392.5, 532.0], [391.5, 532.0], [391.0, 531.5], [391.0, 530.5], [391.0, 529.5], [391.0, 528.5], [391.0, 527.5], [391.0, 526.5], [391.0, 525.5], [391.5, 525.0], [392.0, 524.5], [392.0, 523.5], [392.5, 523.0], [393.0, 522.5], [393.5, 522.0], [394.0, 521.5], [394.0, 520.5], [394.5, 520.0], [395.0, 519.5], [395.5, 519.0], [396.5, 519.0], [397.5, 519.0], [398.5, 519.0], [399.5, 519.0], [400.5, 519.0], [401.5, 519.0], [402.5, 519.0], [403.5, 519.0], [404.5, 519.0], [405.5, 519.0], [406.5, 519.0], [407.5, 519.0], [408.5, 519.0], [409.5, 519.0], [410.5, 519.0], [411.5, 519.0], [412.0, 519.5], [412.0, 520.5], [412.0, 521.5], [412.0, 522.5], [412.0, 523.5], [411.5, 524.0], [411.0, 524.5], [411.0, 525.5], [410.5, 526.0], [410.0, 526.5], [410.0, 527.5], [409.5, 528.0], [408.5, 528.0], [408.0, 528.5], [407.5, 529.0], [407.0, 529.5], [406.5, 530.0], [406.0, 530.5], [405.5, 531.0], [404.5, 531.0], [403.5, 531.0], [403.0, 531.5], [402.5, 532.0], [401.5, 532.0], [400.5, 532.0], [400.0, 532.5], [399.5, 533.0]]]}, "properties": {"objectType": "detection", "name": "label_153", "label_id": 153}}, {"type": "Feature", "geometry": {"type": "Polygon", "coordinates": [[[386.5, 522.0], [385.5, 522.0], [384.5, 522.0], [383.5, 522.0], [383.0, 521.5], [382.5, 521.0], [381.5, 521.0], [381.0, 520.5], [381.0, 519.5], [380.5, 519.0], [380.0, 518.5], [380.0, 517.5], [380.0, 516.5], [380.5, 516.0], [381.0, 515.5], [381.0, 514.5], [381.5, 514.0], [382.0, 513.5], [382.0, 512.5], [382.5, 512.0], [383.0, 511.5], [383.5, 511.0], [384.0, 510.5], [384.5, 510.0], [385.5, 510.0], [386.0, 509.5], [386.5, 509.0], [387.5, 509.0], [388.5, 509.0], [389.5, 509.0], [390.5, 509.0], [391.5, 509.0], [392.5, 509.0], [393.5, 509.0], [394.5, 509.0], [395.0, 508.5], [395.5, 508.0], [396.5, 508.0], [397.5, 508.0], [398.5, 508.0], [399.5, 508.0], [400.5, 508.0], [401.5, 508.0], [402.5, 508.0], [403.5, 508.0], [404.0, 508.5], [404.5, 509.0], [405.0, 509.5], [405.0, 510.5], [404.5, 511.0], [404.0, 511.5], [404.0, 512.5], [403.5, 513.0], [403.0, 513.5], [402.5, 514.0], [401.5, 514.0], [401.0, 514.5], [400.5, 515.0], [400.0, 515.5], [399.5, 516.0], [399.0, 516.5], [398.5, 517.0], [398.0, 517.5], [397.5, 518.0], [397.0, 518.5], [396.5, 519.0], [395.5, 519.0], [395.0, 519.5], [394.5, 520.0], [393.5, 520.0], [392.5, 520.0], [392.0, 520.5], [391.5, 521.0], [390.5, 521.0], [389.5, 521.0], [388.5, 521.0], [387.5, 521.0], [387.0, 521.5], [386.5, 522.0]]]}, "properties": {"objectType": "detection", "name": "label_154", "label_id": 154}}, {"type": "Feature", "geometry": {"type": "Polygon", "coordinates": [[[50.5, 524.0], [49.5, 524.0], [48.5, 524.0], [47.5, 524.0], [46.5, 524.0], [46.0, 523.5], [45.5, 523.0], [44.5, 523.0], [43.5, 523.0], [42.5, 523.0], [42.0, 522.5], [41.5, 522.0], [40.5, 522.0], [39.5, 522.0], [38.5, 522.0], [38.0, 521.5], [37.5, 521.0], [36.5, 521.0], [36.0, 520.5], [35.5, 520.0], [35.0, 519.5], [34.5, 519.0], [34.0, 518.5], [34.0, 517.5], [34.0, 516.5], [34.0, 515.5], [34.5, 515.0], [35.0, 514.5], [35.5, 514.0], [36.0, 513.5], [36.5, 513.0], [37.5, 513.0], [38.0, 512.5], [38.5, 512.0], [39.0, 511.5], [39.5, 511.0], [40.5, 511.0], [41.0, 510.5], [41.5, 510.0], [42.5, 510.0], [43.5, 510.0], [44.0, 509.5], [44.5, 509.0], [45.5, 509.0], [46.5, 509.0], [47.0, 509.5], [47.5, 510.0], [48.5, 510.0], [49.0, 510.5], [49.5, 511.0], [50.5, 511.0], [51.0, 511.5], [51.5, 512.0], [52.0, 512.5], [52.5, 513.0], [53.0, 513.5], [53.5, 514.0], [54.0, 514.5], [54.5, 515.0], [55.0, 515.5], [55.5, 516.0], [56.0, 516.5], [56.0, 517.5], [56.0, 518.5], [56.0, 519.5], [56.0, 520.5], [55.5, 521.0], [55.0, 521.5], [54.5, 522.0], [54.0, 522.5], [53.5, 523.0], [52.5, 523.0], [51.5, 523.0], [51.0, 523.5], [50.5, 524.0]]]}, "properties": {"objectType": "detection", "name": "label_155", "label_id": 155}}, {"type": "Feature", "geometry": {"type": "Polygon", "coordinates": [[[705.5, 278.0], [704.5, 278.0], [703.5, 278.0], [702.5, 278.0], [701.5, 278.0], [700.5, 278.0], [699.5, 278.0], [698.5, 278.0], [698.0, 277.5], [697.5, 277.0], [696.5, 277.0], [696.0, 276.5], [695.5, 276.0], [695.0, 275.5], [694.5, 275.0], [694.0, 274.5], [693.5, 274.0], [693.0, 273.5], [693.0, 272.5], [693.0, 271.5], [693.0, 270.5], [693.0, 269.5], [693.0, 268.5], [693.0, 267.5], [693.5, 267.0], [694.0, 266.5], [694.0, 265.5], [694.5, 265.0], [695.5, 265.0], [696.5, 265.0], [697.0, 264.5], [697.5, 264.0], [698.5, 264.0], [699.5, 264.0], [700.5, 264.0], [701.5, 264.0], [702.5, 264.0], [703.5, 264.0], [704.5, 264.0], [705.5, 264.0], [706.5, 264.0], [707.5, 264.0], [708.5, 264.0], [709.5, 264.0], [710.0, 264.5], [710.5, 265.0], [711.0, 265.5], [711.5, 266.0], [712.0, 266.5], [712.5, 267.0], [713.0, 267.5], [713.0, 268.5], [713.0, 269.5], [713.0, 270.5], [712.5, 271.0], [712.0, 271.5], [712.0, 272.5], [711.5, 273.0], [711.0, 273.5], [710.5, 274.0], [710.0, 274.5], [709.5, 275.0], [709.0, 275.5], [708.5, 276.0], [708.0, 276.5], [707.5, 277.0], [706.5, 277.0], [706.0, 277.5], [705.5, 278.0]]]}, "properties": {"objectType": "detection", "name": "label_156", "label_id": 156}}, {"type": "Feature", "geometry": {"type": "Polygon", "coordinates": [[[118.5, 764.0], [117.5, 764.0], [116.5, 764.0], [116.0, 763.5], [115.5, 763.0], [114.5, 763.0], [114.0, 762.5], [113.5, 762.0], [112.5, 762.0], [112.0, 761.5], [111.5, 761.0], [111.0, 760.5], [110.5, 760.0], [110.0, 759.5], [109.5, 759.0], [109.0, 758.5], [108.5, 758.0], [108.0, 757.5], [107.5, 757.0], [107.0, 756.5], [107.0, 755.5], [107.0, 754.5], [107.0, 753.5], [107.5, 753.0], [108.0, 752.5], [108.5, 752.0], [109.0, 751.5], [109.5, 751.0], [110.5, 751.0], [111.0, 750.5], [111.5, 750.0], [112.0, 750.5], [112.5, 751.0], [113.0, 750.5], [113.5, 750.0], [114.5, 750.0], [115.5, 750.0], [116.5, 750.0], [117.5, 750.0], [118.5, 750.0], [119.5, 750.0], [120.5, 750.0], [121.0, 749.5], [121.5, 749.0], [122.5, 749.0], [123.5, 749.0], [124.5, 749.0], [125.5, 749.0], [126.5, 749.0], [127.5, 749.0], [128.5, 749.0], [129.5, 749.0], [130.0, 749.5], [130.5, 750.0], [131.0, 750.5], [131.0, 751.5], [130.5, 752.0], [130.0, 752.5], [130.0, 753.5], [129.5, 754.0], [129.0, 754.5], [128.5, 755.0], [128.0, 755.5], [127.5, 756.0], [127.0, 756.5], [126.5, 757.0], [126.0, 757.5], [125.5, 758.0], [124.5, 758.0], [124.0, 758.5], [123.5, 759.0], [123.0, 759.5], [122.5, 760.0], [122.0, 760.5], [122.0, 761.5], [121.5, 762.0], [120.5, 762.0], [120.0, 762.5], [119.5, 763.0], [119.0, 763.5], [118.5, 764.0]]]}, "properties": {"objectType": "detection", "name": "label_157", "label_id": 157}}, {"type": "Feature", "geometry": {"type": "Polygon", "coordinates": [[[115.5, 342.0], [115.0, 341.5], [114.5, 341.0], [113.5, 341.0], [112.5, 341.0], [111.5, 341.0], [111.0, 340.5], [110.5, 340.0], [109.5, 340.0], [109.0, 339.5], [108.5, 339.0], [108.0, 338.5], [107.5, 338.0], [107.0, 337.5], [106.5, 337.0], [106.0, 336.5], [106.0, 335.5], [105.5, 335.0], [105.0, 334.5], [105.0, 333.5], [104.5, 333.0], [104.0, 332.5], [104.0, 331.5], [103.5, 331.0], [103.0, 330.5], [103.0, 329.5], [103.0, 328.5], [103.0, 327.5], [103.0, 326.5], [103.0, 325.5], [103.0, 324.5], [103.5, 324.0], [104.0, 323.5], [104.0, 322.5], [104.5, 322.0], [105.5, 322.0], [106.0, 321.5], [106.5, 321.0], [107.5, 321.0], [108.5, 321.0], [109.5, 321.0], [110.5, 321.0], [111.0, 321.5], [111.5, 322.0], [112.5, 322.0], [113.0, 322.5], [113.5, 323.0], [114.0, 323.5], [114.5, 324.0], [115.0, 324.5], [115.5, 325.0], [116.0, 325.5], [116.5, 326.0], [117.0, 326.5], [117.0, 327.5], [117.0, 328.5], [117.5, 329.0], [118.0, 329.5], [118.0, 330.5], [118.0, 331.5], [118.0, 332.5], [118.0, 333.5], [118.0, 334.5], [118.0, 335.5], [118.0, 336.5], [117.5, 337.0], [117.0, 337.5], [117.0, 338.5], [117.0, 339.5], [117.0, 340.5], [116.5, 341.0], [116.0, 341.5], [115.5, 342.0]]]}, "properties": {"objectType": "detection", "name": "label_158", "label_id": 158}}, {"type": "Feature", "geometry": {"type": "Polygon", "coordinates": [[[199.5, 508.0], [198.5, 508.0], [198.0, 507.5], [197.5, 507.0], [197.0, 506.5], [196.5, 506.0], [196.0, 505.5], [195.5, 505.0], [195.0, 504.5], [195.0, 503.5], [195.0, 502.5], [194.5, 502.0], [194.0, 501.5], [194.0, 500.5], [194.0, 499.5], [194.0, 498.5], [194.0, 497.5], [194.0, 496.5], [194.0, 495.5], [194.0, 494.5], [194.0, 493.5], [194.5, 493.0], [195.0, 492.5], [195.0, 491.5], [195.5, 491.0], [196.0, 490.5], [196.0, 489.5], [196.0, 488.5], [196.5, 488.0], [197.0, 487.5], [197.0, 486.5], [197.5, 486.0], [198.0, 485.5], [198.0, 484.5], [198.5, 484.0], [199.5, 484.0], [200.0, 483.5], [200.5, 483.0], [201.5, 483.0], [202.5, 483.0], [203.5, 483.0], [204.0, 483.5], [204.5, 484.0], [205.5, 484.0], [206.0, 484.5], [206.5, 485.0], [207.0, 485.5], [207.5, 486.0], [208.0, 486.5], [208.0, 487.5], [208.0, 488.5], [208.0, 489.5], [208.0, 490.5], [208.0, 491.5], [207.5, 492.0], [207.0, 492.5], [207.0, 493.5], [206.5, 494.0], [206.0, 494.5], [205.5, 495.0], [205.0, 495.5], [204.5, 496.0], [204.0, 496.5], [204.0, 497.5], [204.0, 498.5], [203.5, 499.0], [203.0, 499.5], [203.0, 500.5], [203.0, 501.5], [203.0, 502.5], [203.0, 503.5], [202.5, 504.0], [202.0, 504.5], [202.0, 505.5], [202.0, 506.5], [201.5, 507.0], [200.5, 507.0], [200.0, 507.5], [199.5, 508.0]]]}, "properties": {"objectType": "detection", "name": "label_159", "label_id": 159}}, {"type": "Feature", "geometry": {"type": "Polygon", "coordinates": [[[523.5, 673.0], [522.5, 673.0], [521.5, 673.0], [520.5, 673.0], [520.0, 672.5], [519.5, 672.0], [518.5, 672.0], [518.0, 671.5], [517.5, 671.0], [517.0, 670.5], [516.5, 670.0], [516.0, 669.5], [515.5, 669.0], [515.0, 668.5], [515.0, 667.5], [514.5, 667.0], [514.0, 666.5], [514.0, 665.5], [513.5, 665.0], [513.0, 664.5], [513.0, 663.5], [513.0, 662.5], [513.0, 661.5], [513.5, 661.0], [514.0, 660.5], [514.0, 659.5], [514.5, 659.0], [515.0, 658.5], [515.5, 658.0], [516.0, 657.5], [516.5, 657.0], [517.0, 656.5], [517.5, 656.0], [518.0, 655.5], [518.5, 655.0], [519.5, 655.0], [520.5, 655.0], [521.5, 655.0], [522.5, 655.0], [523.5, 655.0], [524.5, 655.0], [525.5, 655.0], [526.5, 655.0], [527.0, 655.5], [527.5, 656.0], [528.0, 656.5], [528.5, 657.0], [529.0, 657.5], [529.0, 658.5], [529.0, 659.5], [529.0, 660.5], [529.0, 661.5], [529.5, 662.0], [530.0, 662.5], [529.5, 663.0], [529.0, 663.5], [529.0, 664.5], [529.0, 665.5], [529.0, 666.5], [529.0, 667.5], [528.5, 668.0], [528.0, 668.5], [528.0, 669.5], [527.5, 670.0], [527.0, 670.5], [526.5, 671.0], [526.0, 671.5], [525.5, 672.0], [524.5, 672.0], [524.0, 672.5], [523.5, 673.0]]]}, "properties": {"objectType": "detection", "name": "label_160", "label_id": 160}}, {"type": "Feature", "geometry": {"type": "Polygon", "coordinates": [[[608.5, 357.0], [607.5, 357.0], [606.5, 357.0], [605.5, 357.0], [604.5, 357.0], [603.5, 357.0], [603.0, 356.5], [602.5, 356.0], [602.0, 355.5], [601.5, 355.0], [601.0, 354.5], [600.5, 354.0], [600.0, 353.5], [600.0, 352.5], [599.5, 352.0], [599.0, 351.5], [599.0, 350.5], [599.0, 349.5], [599.0, 348.5], [599.5, 348.0], [600.0, 347.5], [600.0, 346.5], [600.5, 346.0], [601.0, 345.5], [601.5, 345.0], [602.0, 344.5], [602.5, 344.0], [603.5, 344.0], [604.0, 343.5], [604.5, 343.0], [605.5, 343.0], [606.5, 343.0], [607.5, 343.0], [608.0, 342.5], [608.5, 342.0], [609.5, 342.0], [610.5, 342.0], [611.5, 342.0], [612.5, 342.0], [613.5, 342.0], [614.5, 342.0], [615.0, 342.5], [615.5, 343.0], [616.5, 343.0], [617.0, 343.5], [617.5, 344.0], [618.0, 344.5], [618.5, 345.0], [619.0, 345.5], [619.0, 346.5], [619.0, 347.5], [619.0, 348.5], [619.0, 349.5], [618.5, 350.0], [618.0, 350.5], [618.0, 351.5], [617.5, 352.0], [617.0, 352.5], [616.5, 353.0], [616.0, 353.5], [615.5, 354.0], [614.5, 354.0], [614.0, 354.5], [613.5, 355.0], [612.5, 355.0], [612.0, 355.5], [611.5, 356.0], [610.5, 356.0], [609.5, 356.0], [609.0, 356.5], [608.5, 357.0]]]}, "properties": {"objectType": "detection", "name": "label_161", "label_id": 161}}, {"type": "Feature", "geometry": {"type": "Polygon", "coordinates": [[[313.5, 76.0], [312.5, 76.0], [311.5, 76.0], [310.5, 76.0], [310.0, 75.5], [309.5, 75.0], [309.0, 74.5], [308.5, 74.0], [308.0, 73.5], [307.5, 73.0], [307.0, 72.5], [306.5, 72.0], [306.0, 71.5], [306.0, 70.5], [305.5, 70.0], [305.0, 69.5], [305.0, 68.5], [305.0, 67.5], [305.0, 66.5], [305.0, 65.5], [305.5, 65.0], [306.0, 64.5], [306.0, 63.5], [306.5, 63.0], [307.0, 62.5], [307.5, 62.0], [308.0, 61.5], [308.5, 61.0], [309.0, 60.5], [309.5, 60.0], [310.0, 59.5], [310.5, 59.0], [311.5, 59.0], [312.5, 59.0], [313.5, 59.0], [314.5, 59.0], [315.5, 59.0], [316.5, 59.0], [317.0, 59.5], [317.5, 60.0], [318.0, 60.5], [318.5, 61.0], [319.0, 61.5], [319.5, 62.0], [320.5, 62.0], [321.0, 62.5], [321.5, 63.0], [322.5, 63.0], [323.0, 63.5], [323.0, 64.5], [323.0, 65.5], [323.0, 66.5], [323.0, 67.5], [322.5, 68.0], [322.0, 68.5], [322.0, 69.5], [322.0, 70.5], [321.5, 71.0], [321.0, 71.5], [321.0, 72.5], [320.5, 73.0], [320.0, 73.5], [319.5, 74.0], [318.5, 74.0], [317.5, 74.0], [316.5, 74.0], [316.0, 74.5], [315.5, 75.0], [314.5, 75.0], [314.0, 75.5], [313.5, 76.0]]]}, "properties": {"objectType": "detection", "name": "label_162", "label_id": 162}}, {"type": "Feature", "geometry": {"type": "Polygon", "coordinates": [[[687.5, 251.0], [686.5, 251.0], [686.0, 250.5], [685.5, 250.0], [684.5, 250.0], [684.0, 249.5], [683.5, 249.0], [682.5, 249.0], [682.0, 248.5], [681.5, 248.0], [681.0, 247.5], [680.5, 247.0], [680.0, 246.5], [680.0, 245.5], [679.5, 245.0], [679.0, 244.5], [678.5, 244.0], [678.0, 243.5], [677.5, 243.0], [677.0, 242.5], [677.0, 241.5], [676.5, 241.0], [676.0, 240.5], [676.0, 239.5], [676.0, 238.5], [675.5, 238.0], [675.0, 237.5], [675.0, 236.5], [675.0, 235.5], [675.0, 234.5], [674.5, 234.0], [674.0, 233.5], [674.0, 232.5], [674.0, 231.5], [674.0, 230.5], [674.0, 229.5], [674.0, 228.5], [674.5, 228.0], [675.5, 228.0], [676.5, 228.0], [677.5, 228.0], [678.5, 228.0], [679.0, 228.5], [679.5, 229.0], [680.0, 229.5], [680.5, 230.0], [681.0, 230.5], [681.5, 231.0], [682.0, 231.5], [682.5, 232.0], [683.0, 232.5], [683.5, 233.0], [684.0, 233.5], [684.5, 234.0], [685.0, 234.5], [685.5, 235.0], [686.0, 235.5], [686.5, 236.0], [687.0, 236.5], [687.5, 237.0], [688.0, 237.5], [688.0, 238.5], [688.5, 239.0], [689.0, 239.5], [689.0, 240.5], [689.5, 241.0], [690.0, 241.5], [690.0, 242.5], [690.5, 243.0], [691.0, 243.5], [691.0, 244.5], [691.0, 245.5], [691.5, 246.0], [692.0, 246.5], [692.0, 247.5], [691.5, 248.0], [691.0, 248.5], [690.5, 249.0], [690.0, 249.5], [689.5, 250.0], [688.5, 250.0], [688.0, 250.5], [687.5, 251.0]]]}, "properties": {"objectType": "detection", "name": "label_163", "label_id": 163}}, {"type": "Feature", "geometry": {"type": "Polygon", "coordinates": [[[616.5, 382.0], [615.5, 382.0], [614.5, 382.0], [613.5, 382.0], [612.5, 382.0], [611.5, 382.0], [610.5, 382.0], [609.5, 382.0], [609.0, 381.5], [608.5, 381.0], [608.0, 380.5], [608.0, 379.5], [607.5, 379.0], [607.0, 378.5], [607.0, 377.5], [607.0, 376.5], [607.0, 375.5], [607.5, 375.0], [608.0, 374.5], [608.0, 373.5], [608.5, 373.0], [609.0, 372.5], [609.5, 372.0], [610.0, 371.5], [610.5, 371.0], [611.0, 370.5], [611.5, 370.0], [612.0, 369.5], [612.5, 369.0], [613.0, 368.5], [613.5, 368.0], [614.0, 367.5], [614.5, 367.0], [615.5, 367.0], [616.0, 366.5], [616.5, 366.0], [617.5, 366.0], [618.5, 366.0], [619.5, 366.0], [620.5, 366.0], [621.5, 366.0], [622.5, 366.0], [623.5, 366.0], [624.0, 366.5], [624.5, 367.0], [625.0, 367.5], [625.5, 368.0], [626.0, 368.5], [626.0, 369.5], [626.0, 370.5], [626.0, 371.5], [626.0, 372.5], [626.0, 373.5], [626.0, 374.5], [625.5, 375.0], [625.0, 375.5], [625.0, 376.5], [624.5, 377.0], [624.0, 377.5], [623.5, 378.0], [623.0, 378.5], [622.5, 379.0], [621.5, 379.0], [621.0, 379.5], [620.5, 380.0], [619.5, 380.0], [619.0, 380.5], [618.5, 381.0], [617.5, 381.0], [617.0, 381.5], [616.5, 382.0]]]}, "properties": {"objectType": "detection", "name": "label_164", "label_id": 164}}, {"type": "Feature", "geometry": {"type": "Polygon", "coordinates": [[[136.5, 594.0], [135.5, 594.0], [134.5, 594.0], [133.5, 594.0], [132.5, 594.0], [132.0, 593.5], [131.5, 593.0], [131.0, 592.5], [130.5, 592.0], [129.5, 592.0], [129.0, 591.5], [128.5, 591.0], [128.0, 590.5], [127.5, 590.0], [127.0, 589.5], [126.5, 589.0], [126.0, 588.5], [126.0, 587.5], [126.0, 586.5], [125.5, 586.0], [125.0, 585.5], [125.0, 584.5], [125.0, 583.5], [125.0, 582.5], [125.5, 582.0], [126.0, 581.5], [126.0, 580.5], [126.5, 580.0], [127.0, 579.5], [127.0, 578.5], [127.5, 578.0], [128.0, 577.5], [128.5, 577.0], [129.0, 576.5], [129.5, 576.0], [130.0, 575.5], [130.5, 575.0], [131.0, 574.5], [131.5, 574.0], [132.5, 574.0], [133.5, 574.0], [134.5, 574.0], [135.5, 574.0], [136.5, 574.0], [137.5, 574.0], [138.5, 574.0], [139.0, 574.5], [138.5, 575.0], [138.0, 575.5], [138.0, 576.5], [138.0, 577.5], [138.0, 578.5], [138.0, 579.5], [138.0, 580.5], [138.5, 581.0], [139.0, 581.5], [139.0, 582.5], [139.0, 583.5], [139.0, 584.5], [139.0, 585.5], [139.5, 586.0], [140.0, 586.5], [140.0, 587.5], [140.0, 588.5], [140.0, 589.5], [140.5, 590.0], [141.0, 590.5], [140.5, 591.0], [140.0, 591.5], [139.5, 592.0], [139.0, 592.5], [138.5, 593.0], [137.5, 593.0], [137.0, 593.5], [136.5, 594.0]]]}, "properties": {"objectType": "detection", "name": "label_165", "label_id": 165}}, {"type": "Feature", "geometry": {"type": "Polygon", "coordinates": [[[677.5, 123.0], [676.5, 123.0], [675.5, 123.0], [674.5, 123.0], [673.5, 123.0], [673.0, 122.5], [672.5, 122.0], [671.5, 122.0], [671.0, 121.5], [670.5, 121.0], [670.0, 120.5], [669.5, 120.0], [669.0, 119.5], [669.0, 118.5], [669.0, 117.5], [669.0, 116.5], [669.0, 115.5], [669.0, 114.5], [669.0, 113.5], [669.5, 113.0], [670.0, 112.5], [670.5, 112.0], [671.0, 111.5], [671.0, 110.5], [671.5, 110.0], [672.0, 109.5], [672.5, 109.0], [673.5, 109.0], [674.0, 108.5], [674.5, 108.0], [675.5, 108.0], [676.0, 107.5], [676.5, 107.0], [677.5, 107.0], [678.5, 107.0], [679.5, 107.0], [680.5, 107.0], [681.5, 107.0], [682.5, 107.0], [683.5, 107.0], [684.0, 107.5], [684.5, 108.0], [685.5, 108.0], [686.0, 108.5], [686.5, 109.0], [687.0, 109.5], [687.0, 110.5], [687.5, 111.0], [688.0, 111.5], [688.0, 112.5], [688.0, 113.5], [687.5, 114.0], [687.0, 114.5], [687.0, 115.5], [686.5, 116.0], [686.0, 116.5], [685.5, 117.0], [685.0, 117.5], [684.5, 118.0], [684.0, 118.5], [683.5, 119.0], [683.0, 119.5], [682.5, 120.0], [682.0, 120.5], [681.5, 121.0], [680.5, 121.0], [680.0, 121.5], [679.5, 122.0], [678.5, 122.0], [678.0, 122.5], [677.5, 123.0]]]}, "properties": {"objectType": "detection", "name": "label_166", "label_id": 166}}, {"type": "Feature", "geometry": {"type": "Polygon", "coordinates": [[[102.5, 224.0], [101.5, 224.0], [100.5, 224.0], [99.5, 224.0], [98.5, 224.0], [97.5, 224.0], [96.5, 224.0], [95.5, 224.0], [94.5, 224.0], [94.0, 223.5], [93.5, 223.0], [93.0, 222.5], [92.5, 222.0], [92.0, 221.5], [91.5, 221.0], [91.0, 220.5], [91.0, 219.5], [91.0, 218.5], [91.0, 217.5], [91.0, 216.5], [91.5, 216.0], [92.0, 215.5], [92.0, 214.5], [92.5, 214.0], [93.0, 213.5], [93.0, 212.5], [93.5, 212.0], [94.0, 211.5], [94.5, 211.0], [95.0, 210.5], [95.5, 210.0], [96.0, 209.5], [96.5, 209.0], [97.0, 208.5], [97.5, 208.0], [98.0, 207.5], [98.5, 207.0], [99.0, 206.5], [99.5, 206.0], [100.5, 206.0], [101.5, 206.0], [102.5, 206.0], [103.5, 206.0], [104.0, 206.5], [104.5, 207.0], [105.0, 207.5], [105.0, 208.5], [105.5, 209.0], [106.0, 209.5], [106.0, 210.5], [106.5, 211.0], [107.0, 211.5], [107.0, 212.5], [107.5, 213.0], [108.0, 213.5], [108.0, 214.5], [108.0, 215.5], [108.0, 216.5], [107.5, 217.0], [107.0, 217.5], [107.0, 218.5], [107.0, 219.5], [106.5, 220.0], [106.0, 220.5], [105.5, 221.0], [105.0, 221.5], [104.5, 222.0], [104.0, 222.5], [103.5, 223.0], [103.0, 223.5], [102.5, 224.0]]]}, "properties": {"objectType": "detection", "name": "label_167", "label_id": 167}}, {"type": "Feature", "geometry": {"type": "Polygon", "coordinates": [[[352.5, 580.0], [351.5, 580.0], [350.5, 580.0], [349.5, 580.0], [348.5, 580.0], [347.5, 580.0], [346.5, 580.0], [346.0, 579.5], [345.5, 579.0], [345.0, 578.5], [344.5, 578.0], [344.0, 577.5], [344.0, 576.5], [344.5, 576.0], [345.0, 575.5], [345.0, 574.5], [345.0, 573.5], [345.5, 573.0], [346.0, 572.5], [346.0, 571.5], [346.0, 570.5], [346.0, 569.5], [346.0, 568.5], [346.5, 568.0], [347.0, 567.5], [347.5, 567.0], [348.0, 566.5], [348.5, 566.0], [349.0, 565.5], [349.5, 565.0], [350.0, 564.5], [350.0, 563.5], [350.5, 563.0], [351.0, 562.5], [351.5, 562.0], [352.0, 561.5], [352.5, 561.0], [353.0, 560.5], [353.5, 560.0], [354.5, 560.0], [355.0, 559.5], [355.5, 559.0], [356.5, 559.0], [357.5, 559.0], [358.0, 559.5], [358.5, 560.0], [359.0, 560.5], [359.5, 561.0], [360.0, 561.5], [360.0, 562.5], [360.0, 563.5], [360.0, 564.5], [360.0, 565.5], [360.0, 566.5], [360.0, 567.5], [360.0, 568.5], [360.0, 569.5], [359.5, 570.0], [359.0, 570.5], [359.0, 571.5], [359.0, 572.5], [358.5, 573.0], [358.0, 573.5], [358.0, 574.5], [357.5, 575.0], [357.0, 575.5], [356.5, 576.0], [356.0, 576.5], [356.0, 577.5], [355.5, 578.0], [355.0, 578.5], [354.5, 579.0], [353.5, 579.0], [353.0, 579.5], [352.5, 580.0]]]}, "properties": {"objectType": "detection", "name": "label_168", "label_id": 168}}, {"type": "Feature", "geometry": {"type": "Polygon", "coordinates": [[[404.5, 260.0], [403.5, 260.0], [402.5, 260.0], [401.5, 260.0], [400.5, 260.0], [399.5, 260.0], [399.0, 259.5], [398.5, 259.0], [398.0, 258.5], [398.0, 257.5], [397.5, 257.0], [397.0, 256.5], [397.0, 255.5], [396.5, 255.0], [396.0, 254.5], [396.0, 253.5], [396.0, 252.5], [396.0, 251.5], [396.0, 250.5], [396.0, 249.5], [396.0, 248.5], [396.0, 247.5], [396.0, 246.5], [396.0, 245.5], [396.0, 244.5], [396.0, 243.5], [396.5, 243.0], [397.0, 242.5], [397.5, 242.0], [398.0, 241.5], [398.0, 240.5], [398.5, 240.0], [399.5, 240.0], [400.0, 239.5], [400.5, 239.0], [401.5, 239.0], [402.5, 239.0], [403.5, 239.0], [404.5, 239.0], [405.0, 239.5], [405.5, 240.0], [406.0, 240.5], [406.5, 241.0], [407.0, 241.5], [407.0, 242.5], [407.5, 243.0], [408.0, 243.5], [408.0, 244.5], [408.0, 245.5], [408.5, 246.0], [409.0, 246.5], [409.0, 247.5], [409.0, 248.5], [409.0, 249.5], [409.0, 250.5], [409.0, 251.5], [409.0, 252.5], [408.5, 253.0], [408.0, 253.5], [408.0, 254.5], [408.0, 255.5], [407.5, 256.0], [407.0, 256.5], [407.0, 257.5], [406.5, 258.0], [406.0, 258.5], [405.5, 259.0], [405.0, 259.5], [404.5, 260.0]]]}, "properties": {"objectType": "detection", "name": "label_169", "label_id": 169}}, {"type": "Feature", "geometry": {"type": "Polygon", "coordinates": [[[795.5, 635.0], [794.5, 635.0], [793.5, 635.0], [792.5, 635.0], [791.5, 635.0], [790.5, 635.0], [789.5, 635.0], [788.5, 635.0], [788.0, 634.5], [787.5, 634.0], [786.5, 634.0], [785.5, 634.0], [785.0, 633.5], [784.5, 633.0], [783.5, 633.0], [783.0, 632.5], [782.5, 632.0], [782.0, 631.5], [781.5, 631.0], [781.0, 630.5], [781.0, 629.5], [780.5, 629.0], [780.0, 628.5], [780.0, 627.5], [780.0, 626.5], [780.5, 626.0], [781.0, 625.5], [781.5, 625.0], [782.0, 624.5], [782.5, 624.0], [783.0, 623.5], [783.5, 623.0], [784.5, 623.0], [785.0, 622.5], [785.5, 622.0], [786.5, 622.0], [787.0, 621.5], [787.5, 621.0], [788.5, 621.0], [789.5, 621.0], [790.0, 620.5], [790.5, 620.0], [791.5, 620.0], [792.5, 620.0], [793.5, 620.0], [794.0, 620.5], [794.5, 621.0], [795.5, 621.0], [796.5, 621.0], [797.0, 621.5], [797.5, 622.0], [798.0, 622.5], [798.5, 623.0], [799.0, 623.5], [799.0, 624.5], [799.5, 625.0], [800.0, 625.5], [800.0, 626.5], [800.0, 627.5], [800.0, 628.5], [799.5, 629.0], [799.0, 629.5], [799.0, 630.5], [799.0, 631.5], [798.5, 632.0], [798.0, 632.5], [797.5, 633.0], [797.0, 633.5], [796.5, 634.0], [796.0, 634.5], [795.5, 635.0]]]}, "properties": {"objectType": "detection", "name": "label_170", "label_id": 170}}, {"type": "Feature", "geometry": {"type": "Polygon", "coordinates": [[[678.5, 199.0], [677.5, 199.0], [676.5, 199.0], [675.5, 199.0], [674.5, 199.0], [674.0, 198.5], [673.5, 198.0], [672.5, 198.0], [672.0, 197.5], [671.5, 197.0], [670.5, 197.0], [670.0, 196.5], [670.0, 195.5], [669.5, 195.0], [669.0, 194.5], [669.0, 193.5], [669.0, 192.5], [668.5, 192.0], [668.0, 191.5], [668.0, 190.5], [668.0, 189.5], [668.0, 188.5], [668.0, 187.5], [668.0, 186.5], [668.0, 185.5], [668.5, 185.0], [669.0, 184.5], [669.5, 184.0], [670.5, 184.0], [671.5, 184.0], [672.5, 184.0], [673.5, 184.0], [674.0, 183.5], [674.5, 183.0], [675.5, 183.0], [676.5, 183.0], [677.5, 183.0], [678.5, 183.0], [679.0, 182.5], [679.5, 182.0], [680.0, 181.5], [680.5, 181.0], [681.5, 181.0], [682.0, 181.5], [682.0, 182.5], [682.5, 183.0], [683.0, 183.5], [683.0, 184.5], [683.5, 185.0], [684.0, 185.5], [684.0, 186.5], [684.0, 187.5], [684.5, 188.0], [685.0, 188.5], [685.0, 189.5], [685.0, 190.5], [684.5, 191.0], [684.0, 191.5], [684.0, 192.5], [684.0, 193.5], [683.5, 194.0], [683.0, 194.5], [683.0, 195.5], [682.5, 196.0], [682.0, 196.5], [681.5, 197.0], [681.0, 197.5], [680.5, 198.0], [679.5, 198.0], [679.0, 198.5], [678.5, 199.0]]]}, "properties": {"objectType": "detection", "name": "label_171", "label_id": 171}}, {"type": "Feature", "geometry": {"type": "Polygon", "coordinates": [[[531.5, 453.0], [531.0, 452.5], [530.5, 452.0], [529.5, 452.0], [528.5, 452.0], [528.0, 451.5], [527.5, 451.0], [527.0, 450.5], [527.0, 449.5], [526.5, 449.0], [526.0, 448.5], [526.0, 447.5], [526.0, 446.5], [526.0, 445.5], [526.0, 444.5], [526.5, 444.0], [527.0, 443.5], [527.5, 443.0], [528.0, 442.5], [528.5, 442.0], [529.0, 441.5], [529.0, 440.5], [529.5, 440.0], [530.0, 439.5], [530.5, 439.0], [531.0, 438.5], [531.5, 438.0], [532.0, 437.5], [532.5, 437.0], [533.0, 436.5], [533.5, 436.0], [534.0, 435.5], [534.5, 435.0], [535.0, 434.5], [535.5, 434.0], [536.5, 434.0], [537.0, 433.5], [537.5, 433.0], [538.5, 433.0], [539.5, 433.0], [540.5, 433.0], [541.5, 433.0], [542.0, 433.5], [542.5, 434.0], [543.5, 434.0], [544.0, 434.5], [544.0, 435.5], [544.0, 436.5], [544.0, 437.5], [544.0, 438.5], [543.5, 439.0], [543.0, 439.5], [543.0, 440.5], [542.5, 441.0], [542.0, 441.5], [542.0, 442.5], [541.5, 443.0], [541.0, 443.5], [541.0, 444.5], [540.5, 445.0], [540.0, 445.5], [540.0, 446.5], [539.5, 447.0], [539.0, 447.5], [539.0, 448.5], [538.5, 449.0], [538.0, 449.5], [537.5, 450.0], [537.0, 450.5], [536.5, 451.0], [535.5, 451.0], [535.0, 451.5], [534.5, 452.0], [533.5, 452.0], [532.5, 452.0], [532.0, 452.5], [531.5, 453.0]]]}, "properties": {"objectType": "detection", "name": "label_172", "label_id": 172}}, {"type": "Feature", "geometry": {"type": "Polygon", "coordinates": [[[869.5, 544.0], [868.5, 544.0], [867.5, 544.0], [866.5, 544.0], [866.0, 543.5], [865.5, 543.0], [865.0, 542.5], [865.0, 541.5], [864.5, 541.0], [864.0, 540.5], [864.0, 539.5], [864.0, 538.5], [864.0, 537.5], [864.0, 536.5], [864.0, 535.5], [864.5, 535.0], [865.0, 534.5], [865.0, 533.5], [865.0, 532.5], [865.0, 531.5], [865.0, 530.5], [865.5, 530.0], [866.0, 529.5], [866.0, 528.5], [866.0, 527.5], [866.5, 527.0], [867.0, 526.5], [867.0, 525.5], [867.5, 525.0], [868.0, 524.5], [868.5, 524.0], [869.0, 523.5], [869.5, 523.0], [870.5, 523.0], [871.5, 523.0], [872.5, 523.0], [873.5, 523.0], [874.0, 523.5], [874.5, 524.0], [875.5, 524.0], [876.0, 524.5], [876.5, 525.0], [877.0, 525.5], [877.5, 526.0], [878.0, 526.5], [878.5, 527.0], [879.0, 527.5], [879.0, 528.5], [879.0, 529.5], [879.0, 530.5], [879.0, 531.5], [879.0, 532.5], [878.5, 533.0], [878.0, 533.5], [878.0, 534.5], [877.5, 535.0], [877.0, 535.5], [876.5, 536.0], [876.0, 536.5], [876.0, 537.5], [875.5, 538.0], [875.0, 538.5], [874.5, 539.0], [874.0, 539.5], [873.5, 540.0], [873.0, 540.5], [872.5, 541.0], [872.0, 541.5], [872.0, 542.5], [871.5, 543.0], [870.5, 543.0], [870.0, 543.5], [869.5, 544.0]]]}, "properties": {"objectType": "detection", "name": "label_173", "label_id": 173}}, {"type": "Feature", "geometry": {"type": "Polygon", "coordinates": [[[444.5, 106.0], [443.5, 106.0], [442.5, 106.0], [441.5, 106.0], [440.5, 106.0], [440.0, 105.5], [439.5, 105.0], [439.0, 104.5], [438.5, 104.0], [438.0, 103.5], [438.0, 102.5], [438.0, 101.5], [437.5, 101.0], [437.0, 100.5], [437.5, 100.0], [438.0, 99.5], [438.0, 98.5], [438.0, 97.5], [438.5, 97.0], [439.0, 96.5], [439.5, 96.0], [440.5, 96.0], [441.0, 95.5], [441.5, 95.0], [442.0, 94.5], [442.5, 94.0], [443.5, 94.0], [444.0, 93.5], [444.5, 93.0], [445.5, 93.0], [446.0, 92.5], [446.5, 92.0], [447.5, 92.0], [448.5, 92.0], [449.5, 92.0], [450.0, 91.5], [450.5, 91.0], [451.5, 91.0], [452.5, 91.0], [453.0, 91.5], [453.5, 92.0], [454.5, 92.0], [455.5, 92.0], [456.5, 92.0], [457.5, 92.0], [458.0, 92.5], [458.5, 93.0], [459.5, 93.0], [460.0, 93.5], [460.5, 94.0], [461.0, 94.5], [461.0, 95.5], [460.5, 96.0], [460.0, 96.5], [459.5, 97.0], [459.0, 97.5], [458.5, 98.0], [458.0, 98.5], [457.5, 99.0], [457.0, 99.5], [456.5, 100.0], [455.5, 100.0], [455.0, 100.5], [454.5, 101.0], [454.0, 101.5], [453.5, 102.0], [452.5, 102.0], [452.0, 102.5], [451.5, 103.0], [450.5, 103.0], [450.0, 103.5], [449.5, 104.0], [448.5, 104.0], [448.0, 104.5], [447.5, 105.0], [446.5, 105.0], [445.5, 105.0], [445.0, 105.5], [444.5, 106.0]]]}, "properties": {"objectType": "detection", "name": "label_174", "label_id": 174}}, {"type": "Feature", "geometry": {"type": "Polygon", "coordinates": [[[128.5, 170.0], [127.5, 170.0], [127.0, 169.5], [126.5, 169.0], [126.0, 168.5], [125.5, 168.0], [124.5, 168.0], [123.5, 168.0], [122.5, 168.0], [122.0, 167.5], [121.5, 167.0], [120.5, 167.0], [120.0, 166.5], [119.5, 166.0], [118.5, 166.0], [118.0, 165.5], [117.5, 165.0], [117.0, 164.5], [117.5, 164.0], [118.0, 163.5], [118.0, 162.5], [118.0, 161.5], [118.5, 161.0], [119.0, 160.5], [119.5, 160.0], [120.0, 159.5], [120.0, 158.5], [120.5, 158.0], [121.0, 157.5], [121.5, 157.0], [122.0, 156.5], [122.0, 155.5], [122.5, 155.0], [123.0, 154.5], [123.5, 154.0], [124.0, 153.5], [124.5, 153.0], [125.0, 152.5], [125.5, 152.0], [126.5, 152.0], [127.0, 151.5], [127.5, 151.0], [128.0, 151.5], [128.5, 152.0], [129.5, 152.0], [130.0, 152.5], [130.5, 153.0], [131.5, 153.0], [132.0, 153.5], [132.5, 154.0], [133.0, 154.5], [133.5, 155.0], [134.0, 155.5], [134.0, 156.5], [134.5, 157.0], [135.0, 157.5], [135.0, 158.5], [135.0, 159.5], [135.5, 160.0], [136.0, 160.5], [136.0, 161.5], [135.5, 162.0], [135.0, 162.5], [135.0, 163.5], [135.0, 164.5], [134.5, 165.0], [134.0, 165.5], [133.5, 166.0], [133.0, 166.5], [132.5, 167.0], [132.0, 167.5], [131.5, 168.0], [131.0, 168.5], [130.5, 169.0], [129.5, 169.0], [129.0, 169.5], [128.5, 170.0]]]}, "properties": {"objectType": "detection", "name": "label_175", "label_id": 175}}, {"type": "Feature", "geometry": {"type": "Polygon", "coordinates": [[[781.5, 355.0], [780.5, 355.0], [779.5, 355.0], [778.5, 355.0], [777.5, 355.0], [776.5, 355.0], [775.5, 355.0], [775.0, 354.5], [774.5, 354.0], [773.5, 354.0], [773.0, 353.5], [772.5, 353.0], [772.0, 352.5], [772.0, 351.5], [771.5, 351.0], [771.0, 350.5], [771.0, 349.5], [770.5, 349.0], [770.0, 348.5], [770.0, 347.5], [770.0, 346.5], [770.0, 345.5], [770.0, 344.5], [770.0, 343.5], [770.5, 343.0], [771.0, 342.5], [771.0, 341.5], [771.5, 341.0], [772.5, 341.0], [773.0, 340.5], [773.5, 340.0], [774.0, 339.5], [774.5, 339.0], [775.5, 339.0], [776.0, 338.5], [776.5, 338.0], [777.5, 338.0], [778.5, 338.0], [779.5, 338.0], [780.5, 338.0], [781.0, 338.5], [781.5, 339.0], [782.5, 339.0], [783.0, 339.5], [783.5, 340.0], [784.0, 340.5], [784.5, 341.0], [785.0, 341.5], [785.5, 342.0], [786.0, 342.5], [786.0, 343.5], [786.0, 344.5], [786.5, 345.0], [787.0, 345.5], [787.0, 346.5], [787.0, 347.5], [786.5, 348.0], [786.0, 348.5], [786.0, 349.5], [786.0, 350.5], [785.5, 351.0], [785.0, 351.5], [784.5, 352.0], [784.0, 352.5], [783.5, 353.0], [783.0, 353.5], [782.5, 354.0], [782.0, 354.5], [781.5, 355.0]]]}, "properties": {"objectType": "detection", "name": "label_176", "label_id": 176}}, {"type": "Feature", "geometry": {"type": "Polygon", "coordinates": [[[770.5, 556.0], [769.5, 556.0], [769.0, 555.5], [768.5, 555.0], [767.5, 555.0], [766.5, 555.0], [765.5, 555.0], [764.5, 555.0], [764.0, 554.5], [763.5, 554.0], [762.5, 554.0], [762.0, 553.5], [761.5, 553.0], [760.5, 553.0], [760.0, 552.5], [759.5, 552.0], [759.0, 551.5], [758.5, 551.0], [758.0, 550.5], [757.5, 550.0], [757.0, 549.5], [757.0, 548.5], [756.5, 548.0], [756.0, 547.5], [756.0, 546.5], [755.5, 546.0], [755.0, 545.5], [755.0, 544.5], [755.0, 543.5], [755.0, 542.5], [755.0, 541.5], [755.0, 540.5], [755.0, 539.5], [755.5, 539.0], [756.5, 539.0], [757.5, 539.0], [758.5, 539.0], [759.0, 539.5], [759.5, 540.0], [760.5, 540.0], [761.0, 540.5], [761.5, 541.0], [762.5, 541.0], [763.5, 541.0], [764.0, 541.5], [764.5, 542.0], [765.5, 542.0], [766.5, 542.0], [767.5, 542.0], [768.0, 542.5], [768.5, 543.0], [769.5, 543.0], [770.5, 543.0], [771.5, 543.0], [772.0, 543.5], [772.5, 544.0], [773.5, 544.0], [774.0, 544.5], [774.0, 545.5], [774.0, 546.5], [774.0, 547.5], [774.0, 548.5], [774.0, 549.5], [774.0, 550.5], [774.0, 551.5], [774.0, 552.5], [773.5, 553.0], [773.0, 553.5], [773.0, 554.5], [772.5, 555.0], [771.5, 555.0], [771.0, 555.5], [770.5, 556.0]]]}, "properties": {"objectType": "detection", "name": "label_177", "label_id": 177}}, {"type": "Feature", "geometry": {"type": "Polygon", "coordinates": [[[67.5, 400.0], [67.0, 399.5], [66.5, 399.0], [66.0, 398.5], [65.5, 398.0], [65.0, 397.5], [64.5, 397.0], [64.0, 396.5], [63.5, 396.0], [63.0, 395.5], [62.5, 395.0], [62.0, 394.5], [61.5, 394.0], [61.0, 393.5], [60.5, 393.0], [60.0, 392.5], [59.5, 392.0], [59.0, 391.5], [58.5, 391.0], [58.0, 390.5], [57.5, 390.0], [57.0, 389.5], [57.0, 388.5], [57.0, 387.5], [57.0, 386.5], [57.0, 385.5], [56.5, 385.0], [56.0, 384.5], [56.0, 383.5], [56.0, 382.5], [56.0, 381.5], [56.0, 380.5], [56.5, 380.0], [57.0, 379.5], [57.5, 379.0], [58.5, 379.0], [59.0, 378.5], [59.5, 378.0], [60.0, 378.5], [60.5, 379.0], [61.5, 379.0], [62.5, 379.0], [63.0, 379.5], [63.5, 380.0], [64.0, 380.5], [64.5, 381.0], [65.5, 381.0], [66.0, 381.5], [66.5, 382.0], [67.0, 382.5], [67.0, 383.5], [67.5, 384.0], [68.5, 384.0], [69.0, 384.5], [69.0, 385.5], [69.5, 386.0], [70.0, 386.5], [70.5, 387.0], [71.0, 387.5], [71.5, 388.0], [72.0, 388.5], [72.5, 389.0], [73.0, 389.5], [73.0, 390.5], [73.0, 391.5], [73.0, 392.5], [73.0, 393.5], [72.5, 394.0], [72.0, 394.5], [72.0, 395.5], [72.0, 396.5], [71.5, 397.0], [71.0, 397.5], [70.5, 398.0], [70.0, 398.5], [69.5, 399.0], [68.5, 399.0], [68.0, 399.5], [67.5, 400.0]]]}, "properties": {"objectType": "detection", "name": "label_178", "label_id": 178}}, {"type": "Feature", "geometry": {"type": "Polygon", "coordinates": [[[622.5, 422.0], [621.5, 422.0], [620.5, 422.0], [619.5, 422.0], [618.5, 422.0], [617.5, 422.0], [616.5, 422.0], [616.0, 421.5], [615.5, 421.0], [615.0, 420.5], [615.0, 419.5], [614.5, 419.0], [614.0, 418.5], [614.0, 417.5], [614.0, 416.5], [614.5, 416.0], [615.0, 415.5], [615.0, 414.5], [615.0, 413.5], [615.5, 413.0], [616.0, 412.5], [616.5, 412.0], [617.0, 411.5], [617.0, 410.5], [617.5, 410.0], [618.0, 409.5], [618.0, 408.5], [618.5, 408.0], [619.0, 407.5], [619.5, 407.0], [620.5, 407.0], [621.0, 406.5], [621.5, 406.0], [622.0, 405.5], [622.5, 405.0], [623.0, 404.5], [623.5, 404.0], [624.0, 403.5], [624.5, 403.0], [625.0, 403.5], [625.5, 404.0], [626.5, 404.0], [627.5, 404.0], [628.5, 404.0], [629.5, 404.0], [630.0, 404.5], [630.5, 405.0], [631.0, 405.5], [631.0, 406.5], [631.5, 407.0], [632.0, 407.5], [632.0, 408.5], [632.0, 409.5], [631.5, 410.0], [631.0, 410.5], [631.0, 411.5], [630.5, 412.0], [630.0, 412.5], [630.0, 413.5], [629.5, 414.0], [629.0, 414.5], [629.0, 415.5], [628.5, 416.0], [628.0, 416.5], [628.0, 417.5], [627.5, 418.0], [627.0, 418.5], [626.5, 419.0], [626.0, 419.5], [625.5, 420.0], [624.5, 420.0], [624.0, 420.5], [623.5, 421.0], [623.0, 421.5], [622.5, 422.0]]]}, "properties": {"objectType": "detection", "name": "label_179", "label_id": 179}}, {"type": "Feature", "geometry": {"type": "Polygon", "coordinates": [[[519.5, 575.0], [518.5, 575.0], [517.5, 575.0], [516.5, 575.0], [515.5, 575.0], [515.0, 574.5], [514.5, 574.0], [513.5, 574.0], [513.0, 573.5], [513.0, 572.5], [512.5, 572.0], [512.0, 571.5], [511.5, 571.0], [511.0, 570.5], [510.5, 570.0], [510.0, 569.5], [510.0, 568.5], [509.5, 568.0], [509.0, 567.5], [508.5, 567.0], [508.0, 566.5], [507.5, 566.0], [507.0, 565.5], [507.0, 564.5], [506.5, 564.0], [506.0, 563.5], [506.0, 562.5], [505.5, 562.0], [505.0, 561.5], [505.0, 560.5], [505.0, 559.5], [505.0, 558.5], [505.0, 557.5], [505.5, 557.0], [506.0, 556.5], [506.5, 556.0], [507.5, 556.0], [508.0, 556.5], [508.5, 557.0], [509.5, 557.0], [510.0, 557.5], [510.5, 558.0], [511.0, 558.5], [511.5, 559.0], [512.5, 559.0], [513.5, 559.0], [514.0, 559.5], [514.5, 560.0], [515.5, 560.0], [516.5, 560.0], [517.5, 560.0], [518.5, 560.0], [519.0, 560.5], [519.5, 561.0], [520.5, 561.0], [521.5, 561.0], [522.0, 561.5], [522.0, 562.5], [522.5, 563.0], [523.0, 563.5], [523.0, 564.5], [523.0, 565.5], [523.5, 566.0], [524.0, 566.5], [524.0, 567.5], [523.5, 568.0], [523.0, 568.5], [523.0, 569.5], [523.0, 570.5], [523.0, 571.5], [522.5, 572.0], [522.0, 572.5], [522.0, 573.5], [521.5, 574.0], [520.5, 574.0], [520.0, 574.5], [519.5, 575.0]]]}, "properties": {"objectType": "detection", "name": "label_180", "label_id": 180}}, {"type": "Feature", "geometry": {"type": "Polygon", "coordinates": [[[583.5, 333.0], [582.5, 333.0], [581.5, 333.0], [580.5, 333.0], [579.5, 333.0], [578.5, 333.0], [578.0, 332.5], [577.5, 332.0], [577.0, 331.5], [577.0, 330.5], [577.0, 329.5], [577.0, 328.5], [576.5, 328.0], [576.0, 327.5], [576.0, 326.5], [576.0, 325.5], [576.0, 324.5], [576.5, 324.0], [577.0, 323.5], [577.0, 322.5], [577.0, 321.5], [577.0, 320.5], [577.5, 320.0], [578.0, 319.5], [578.0, 318.5], [578.5, 318.0], [579.0, 317.5], [579.0, 316.5], [579.5, 316.0], [580.0, 315.5], [580.5, 315.0], [581.5, 315.0], [582.0, 314.5], [582.5, 314.0], [583.5, 314.0], [584.0, 313.5], [584.5, 313.0], [585.5, 313.0], [586.5, 313.0], [587.5, 313.0], [588.0, 313.5], [588.5, 314.0], [589.0, 314.5], [589.5, 315.0], [590.0, 315.5], [590.0, 316.5], [590.5, 317.0], [591.0, 317.5], [591.0, 318.5], [591.0, 319.5], [591.0, 320.5], [590.5, 321.0], [590.0, 321.5], [590.0, 322.5], [590.0, 323.5], [590.0, 324.5], [589.5, 325.0], [589.0, 325.5], [589.0, 326.5], [588.5, 327.0], [588.0, 327.5], [587.5, 328.0], [587.0, 328.5], [587.0, 329.5], [586.5, 330.0], [586.0, 330.5], [585.5, 331.0], [585.0, 331.5], [584.5, 332.0], [584.0, 332.5], [583.5, 333.0]]]}, "properties": {"objectType": "detection", "name": "label_181", "label_id": 181}}, {"type": "Feature", "geometry": {"type": "Polygon", "coordinates": [[[732.5, 611.0], [731.5, 611.0], [731.0, 610.5], [730.5, 610.0], [730.0, 609.5], [729.5, 609.0], [728.5, 609.0], [728.0, 608.5], [727.5, 608.0], [727.0, 607.5], [726.5, 607.0], [726.0, 606.5], [726.0, 605.5], [725.5, 605.0], [725.0, 604.5], [724.5, 604.0], [724.0, 603.5], [723.5, 603.0], [723.0, 602.5], [722.5, 602.0], [722.0, 601.5], [722.0, 600.5], [721.5, 600.0], [721.0, 599.5], [721.0, 598.5], [720.5, 598.0], [720.0, 597.5], [720.0, 596.5], [719.5, 596.0], [719.0, 595.5], [719.0, 594.5], [719.0, 593.5], [718.5, 593.0], [718.0, 592.5], [718.0, 591.5], [718.0, 590.5], [717.5, 590.0], [717.0, 589.5], [717.0, 588.5], [717.0, 587.5], [716.5, 587.0], [716.0, 586.5], [716.0, 585.5], [716.0, 584.5], [716.0, 583.5], [716.5, 583.0], [717.5, 583.0], [718.5, 583.0], [719.0, 583.5], [719.5, 584.0], [720.0, 584.5], [720.5, 585.0], [721.0, 585.5], [721.5, 586.0], [722.0, 586.5], [722.5, 587.0], [723.0, 587.5], [723.5, 588.0], [724.0, 588.5], [724.5, 589.0], [725.0, 589.5], [725.5, 590.0], [726.0, 590.5], [726.5, 591.0], [727.0, 591.5], [727.5, 592.0], [728.0, 592.5], [728.0, 593.5], [728.5, 594.0], [729.0, 594.5], [729.5, 595.0], [730.0, 595.5], [730.0, 596.5], [730.5, 597.0], [731.0, 597.5], [731.5, 598.0], [732.0, 598.5], [732.0, 599.5], [732.0, 600.5], [732.5, 601.0], [733.0, 601.5], [733.0, 602.5], [733.0, 603.5], [733.0, 604.5], [733.0, 605.5], [733.0, 606.5], [733.0, 607.5], [733.0, 608.5], [733.0, 609.5], [733.0, 610.5], [732.5, 611.0]]]}, "properties": {"objectType": "detection", "name": "label_182", "label_id": 182}}, {"type": "Feature", "geometry": {"type": "Polygon", "coordinates": [[[573.5, 643.0], [572.5, 643.0], [571.5, 643.0], [570.5, 643.0], [570.0, 642.5], [569.5, 642.0], [569.0, 641.5], [569.0, 640.5], [569.0, 639.5], [569.5, 639.0], [570.0, 638.5], [570.0, 637.5], [570.5, 637.0], [571.0, 636.5], [571.5, 636.0], [572.0, 635.5], [572.5, 635.0], [573.0, 634.5], [573.5, 634.0], [574.0, 633.5], [574.5, 633.0], [575.0, 632.5], [575.5, 632.0], [576.0, 631.5], [576.0, 630.5], [576.5, 630.0], [577.0, 629.5], [577.5, 629.0], [578.5, 629.0], [579.0, 628.5], [579.5, 628.0], [580.5, 628.0], [581.0, 627.5], [581.5, 627.0], [582.5, 627.0], [583.5, 627.0], [584.5, 627.0], [585.5, 627.0], [586.5, 627.0], [587.5, 627.0], [588.5, 627.0], [589.5, 627.0], [590.5, 627.0], [591.0, 627.5], [591.5, 628.0], [592.0, 628.5], [592.5, 629.0], [593.0, 629.5], [593.0, 630.5], [593.0, 631.5], [592.5, 632.0], [592.0, 632.5], [591.5, 633.0], [591.0, 633.5], [590.5, 634.0], [590.0, 634.5], [589.5, 635.0], [589.0, 635.5], [588.5, 636.0], [587.5, 636.0], [587.0, 636.5], [586.5, 637.0], [585.5, 637.0], [585.0, 637.5], [584.5, 638.0], [583.5, 638.0], [583.0, 638.5], [582.5, 639.0], [581.5, 639.0], [581.0, 639.5], [580.5, 640.0], [579.5, 640.0], [578.5, 640.0], [578.0, 640.5], [577.5, 641.0], [576.5, 641.0], [576.0, 641.5], [575.5, 642.0], [574.5, 642.0], [574.0, 642.5], [573.5, 643.0]]]}, "properties": {"objectType": "detection", "name": "label_183", "label_id": 183}}, {"type": "Feature", "geometry": {"type": "Polygon", "coordinates": [[[504.5, 399.0], [503.5, 399.0], [502.5, 399.0], [501.5, 399.0], [500.5, 399.0], [499.5, 399.0], [498.5, 399.0], [497.5, 399.0], [496.5, 399.0], [495.5, 399.0], [494.5, 399.0], [493.5, 399.0], [492.5, 399.0], [491.5, 399.0], [491.0, 398.5], [490.5, 398.0], [489.5, 398.0], [489.0, 397.5], [488.5, 397.0], [487.5, 397.0], [487.0, 396.5], [486.5, 396.0], [486.0, 395.5], [486.0, 394.5], [485.5, 394.0], [485.0, 393.5], [485.5, 393.0], [486.0, 392.5], [486.0, 391.5], [486.0, 390.5], [486.5, 390.0], [487.0, 389.5], [487.5, 389.0], [488.0, 388.5], [488.5, 388.0], [489.0, 387.5], [489.5, 387.0], [490.5, 387.0], [491.0, 386.5], [491.5, 386.0], [492.5, 386.0], [493.5, 386.0], [494.0, 386.5], [494.5, 387.0], [495.5, 387.0], [496.5, 387.0], [497.5, 387.0], [498.0, 387.5], [498.5, 388.0], [499.5, 388.0], [500.5, 388.0], [501.0, 388.5], [501.5, 389.0], [502.5, 389.0], [503.0, 389.5], [503.5, 390.0], [504.5, 390.0], [505.0, 390.5], [505.5, 391.0], [506.0, 391.5], [506.5, 392.0], [507.0, 392.5], [507.0, 393.5], [507.0, 394.5], [507.0, 395.5], [507.0, 396.5], [506.5, 397.0], [506.0, 397.5], [505.5, 398.0], [505.0, 398.5], [504.5, 399.0]]]}, "properties": {"objectType": "detection", "name": "label_184", "label_id": 184}}, {"type": "Feature", "geometry": {"type": "Polygon", "coordinates": [[[400.5, 433.0], [399.5, 433.0], [398.5, 433.0], [397.5, 433.0], [397.0, 432.5], [396.5, 432.0], [395.5, 432.0], [395.0, 431.5], [394.5, 431.0], [394.0, 430.5], [394.0, 429.5], [394.0, 428.5], [394.0, 427.5], [394.5, 427.0], [395.0, 426.5], [395.0, 425.5], [395.5, 425.0], [396.0, 424.5], [396.5, 424.0], [397.0, 423.5], [397.0, 422.5], [397.5, 422.0], [398.5, 422.0], [399.0, 421.5], [399.5, 421.0], [400.5, 421.0], [401.0, 420.5], [401.5, 420.0], [402.5, 420.0], [403.0, 419.5], [403.5, 419.0], [404.5, 419.0], [405.5, 419.0], [406.0, 418.5], [406.5, 418.0], [407.5, 418.0], [408.0, 417.5], [408.5, 417.0], [409.5, 417.0], [410.5, 417.0], [411.5, 417.0], [412.0, 417.5], [412.5, 418.0], [413.0, 418.5], [413.5, 419.0], [414.0, 419.5], [414.0, 420.5], [414.0, 421.5], [414.0, 422.5], [414.0, 423.5], [414.0, 424.5], [413.5, 425.0], [413.0, 425.5], [413.0, 426.5], [412.5, 427.0], [412.0, 427.5], [411.5, 428.0], [411.0, 428.5], [410.5, 429.0], [410.0, 429.5], [409.5, 430.0], [408.5, 430.0], [408.0, 430.5], [407.5, 431.0], [406.5, 431.0], [405.5, 431.0], [404.5, 431.0], [404.0, 431.5], [403.5, 432.0], [402.5, 432.0], [401.5, 432.0], [401.0, 432.5], [400.5, 433.0]]]}, "properties": {"objectType": "detection", "name": "label_185", "label_id": 185}}, {"type": "Feature", "geometry": {"type": "Polygon", "coordinates": [[[844.5, 288.0], [843.5, 288.0], [842.5, 288.0], [841.5, 288.0], [841.0, 287.5], [840.5, 287.0], [839.5, 287.0], [839.0, 286.5], [838.5, 286.0], [837.5, 286.0], [837.0, 285.5], [836.5, 285.0], [835.5, 285.0], [835.0, 284.5], [834.5, 284.0], [834.0, 283.5], [833.5, 283.0], [832.5, 283.0], [832.0, 282.5], [832.0, 281.5], [831.5, 281.0], [831.0, 280.5], [830.5, 280.0], [830.0, 279.5], [830.0, 278.5], [830.0, 277.5], [830.0, 276.5], [830.0, 275.5], [830.0, 274.5], [830.5, 274.0], [831.0, 273.5], [831.5, 273.0], [832.0, 272.5], [832.5, 272.0], [833.0, 271.5], [833.5, 271.0], [834.5, 271.0], [835.0, 270.5], [835.5, 270.0], [836.5, 270.0], [837.5, 270.0], [838.0, 270.5], [838.5, 271.0], [839.5, 271.0], [840.0, 271.5], [840.5, 272.0], [841.0, 272.5], [841.5, 273.0], [842.0, 273.5], [842.5, 274.0], [843.0, 274.5], [843.5, 275.0], [844.0, 275.5], [844.0, 276.5], [844.5, 277.0], [845.0, 277.5], [845.5, 278.0], [846.0, 278.5], [846.0, 279.5], [846.5, 280.0], [847.0, 280.5], [847.0, 281.5], [847.5, 282.0], [848.0, 282.5], [848.0, 283.5], [848.0, 284.5], [848.0, 285.5], [847.5, 286.0], [847.0, 286.5], [846.5, 287.0], [845.5, 287.0], [845.0, 287.5], [844.5, 288.0]]]}, "properties": {"objectType": "detection", "name": "label_186", "label_id": 186}}, {"type": "Feature", "geometry": {"type": "Polygon", "coordinates": [[[462.5, 621.0], [461.5, 621.0], [460.5, 621.0], [459.5, 621.0], [458.5, 621.0], [457.5, 621.0], [457.0, 620.5], [456.5, 620.0], [456.0, 619.5], [456.0, 618.5], [455.5, 618.0], [455.0, 617.5], [455.0, 616.5], [455.0, 615.5], [455.0, 614.5], [455.0, 613.5], [455.0, 612.5], [455.0, 611.5], [455.0, 610.5], [455.0, 609.5], [455.5, 609.0], [456.0, 608.5], [456.0, 607.5], [456.0, 606.5], [456.5, 606.0], [457.0, 605.5], [457.0, 604.5], [457.5, 604.0], [458.0, 603.5], [458.5, 603.0], [459.0, 602.5], [459.5, 602.0], [460.5, 602.0], [461.5, 602.0], [462.5, 602.0], [463.5, 602.0], [464.5, 602.0], [465.0, 602.5], [465.5, 603.0], [466.0, 603.5], [466.5, 604.0], [467.0, 604.5], [467.0, 605.5], [467.5, 606.0], [468.0, 606.5], [468.0, 607.5], [468.0, 608.5], [468.5, 609.0], [469.0, 609.5], [469.0, 610.5], [469.0, 611.5], [469.0, 612.5], [469.0, 613.5], [468.5, 614.0], [468.0, 614.5], [468.0, 615.5], [467.5, 616.0], [467.0, 616.5], [467.0, 617.5], [466.5, 618.0], [466.0, 618.5], [465.5, 619.0], [465.0, 619.5], [464.5, 620.0], [463.5, 620.0], [463.0, 620.5], [462.5, 621.0]]]}, "properties": {"objectType": "detection", "name": "label_187", "label_id": 187}}, {"type": "Feature", "geometry": {"type": "Polygon", "coordinates": [[[116.5, 727.0], [115.5, 727.0], [114.5, 727.0], [114.0, 726.5], [113.5, 726.0], [112.5, 726.0], [111.5, 726.0], [110.5, 726.0], [110.0, 725.5], [109.5, 725.0], [109.0, 724.5], [108.5, 724.0], [108.0, 723.5], [107.5, 723.0], [107.0, 722.5], [106.5, 722.0], [106.0, 721.5], [106.0, 720.5], [106.0, 719.5], [106.0, 718.5], [106.0, 717.5], [106.0, 716.5], [106.0, 715.5], [106.5, 715.0], [107.0, 714.5], [107.0, 713.5], [107.5, 713.0], [108.0, 712.5], [108.5, 712.0], [109.5, 712.0], [110.0, 711.5], [110.5, 711.0], [111.5, 711.0], [112.0, 710.5], [112.5, 710.0], [113.5, 710.0], [114.5, 710.0], [115.5, 710.0], [116.5, 710.0], [117.0, 710.5], [117.5, 711.0], [118.5, 711.0], [119.0, 711.5], [119.5, 712.0], [120.0, 712.5], [120.0, 713.5], [120.5, 714.0], [121.0, 714.5], [121.0, 715.5], [121.5, 716.0], [122.0, 716.5], [122.0, 717.5], [122.0, 718.5], [122.0, 719.5], [122.0, 720.5], [122.0, 721.5], [122.0, 722.5], [121.5, 723.0], [121.0, 723.5], [120.5, 724.0], [120.0, 724.5], [119.5, 725.0], [119.0, 725.5], [118.5, 726.0], [117.5, 726.0], [117.0, 726.5], [116.5, 727.0]]]}, "properties": {"objectType": "detection", "name": "label_188", "label_id": 188}}, {"type": "Feature", "geometry": {"type": "Polygon", "coordinates": [[[473.5, 128.0], [472.5, 128.0], [471.5, 128.0], [470.5, 128.0], [469.5, 128.0], [468.5, 128.0], [467.5, 128.0], [467.0, 127.5], [466.5, 127.0], [466.0, 126.5], [466.0, 125.5], [466.0, 124.5], [466.0, 123.5], [466.5, 123.0], [467.0, 122.5], [467.0, 121.5], [467.5, 121.0], [468.0, 120.5], [468.0, 119.5], [468.5, 119.0], [469.0, 118.5], [469.0, 117.5], [469.5, 117.0], [470.0, 116.5], [470.5, 116.0], [471.5, 116.0], [472.0, 115.5], [472.5, 115.0], [473.5, 115.0], [474.0, 114.5], [474.5, 114.0], [475.5, 114.0], [476.0, 113.5], [476.5, 113.0], [477.5, 113.0], [478.5, 113.0], [479.0, 112.5], [479.5, 112.0], [480.0, 112.5], [480.5, 113.0], [481.5, 113.0], [482.5, 113.0], [483.0, 113.5], [483.5, 114.0], [484.0, 114.5], [484.0, 115.5], [484.5, 116.0], [485.0, 116.5], [485.0, 117.5], [485.0, 118.5], [485.0, 119.5], [485.0, 120.5], [485.0, 121.5], [484.5, 122.0], [484.0, 122.5], [484.0, 123.5], [483.5, 124.0], [482.5, 124.0], [482.0, 124.5], [481.5, 125.0], [480.5, 125.0], [480.0, 125.5], [479.5, 126.0], [478.5, 126.0], [477.5, 126.0], [477.0, 126.5], [476.5, 127.0], [475.5, 127.0], [474.5, 127.0], [474.0, 127.5], [473.5, 128.0]]]}, "properties": {"objectType": "detection", "name": "label_189", "label_id": 189}}, {"type": "Feature", "geometry": {"type": "Polygon", "coordinates": [[[678.5, 183.0], [677.5, 183.0], [676.5, 183.0], [675.5, 183.0], [674.5, 183.0], [674.0, 182.5], [674.0, 181.5], [673.5, 181.0], [673.0, 180.5], [672.5, 180.0], [672.0, 179.5], [671.5, 179.0], [671.0, 178.5], [671.0, 177.5], [670.5, 177.0], [670.0, 176.5], [670.0, 175.5], [669.5, 175.0], [669.0, 174.5], [669.0, 173.5], [668.5, 173.0], [668.0, 172.5], [668.0, 171.5], [667.5, 171.0], [667.0, 170.5], [667.0, 169.5], [667.0, 168.5], [666.5, 168.0], [666.0, 167.5], [666.0, 166.5], [666.0, 165.5], [666.0, 164.5], [666.0, 163.5], [666.0, 162.5], [666.0, 161.5], [666.5, 161.0], [667.0, 160.5], [667.0, 159.5], [667.0, 158.5], [667.5, 158.0], [668.0, 157.5], [668.5, 157.0], [669.0, 156.5], [669.5, 156.0], [670.5, 156.0], [671.5, 156.0], [672.5, 156.0], [673.0, 156.5], [673.0, 157.5], [673.5, 158.0], [674.0, 158.5], [674.0, 159.5], [674.0, 160.5], [674.0, 161.5], [674.5, 162.0], [675.0, 162.5], [675.0, 163.5], [675.0, 164.5], [675.0, 165.5], [675.5, 166.0], [676.0, 166.5], [676.0, 167.5], [676.0, 168.5], [676.0, 169.5], [676.0, 170.5], [676.0, 171.5], [676.5, 172.0], [677.0, 172.5], [677.0, 173.5], [677.0, 174.5], [677.0, 175.5], [677.5, 176.0], [678.0, 176.5], [678.0, 177.5], [678.5, 178.0], [679.0, 178.5], [679.5, 179.0], [680.0, 179.5], [680.5, 180.0], [681.0, 180.5], [680.5, 181.0], [680.0, 181.5], [679.5, 182.0], [679.0, 182.5], [678.5, 183.0]]]}, "properties": {"objectType": "detection", "name": "label_190", "label_id": 190}}, {"type": "Feature", "geometry": {"type": "Polygon", "coordinates": [[[802.5, 242.0], [801.5, 242.0], [800.5, 242.0], [799.5, 242.0], [798.5, 242.0], [797.5, 242.0], [796.5, 242.0], [796.0, 241.5], [795.5, 241.0], [794.5, 241.0], [793.5, 241.0], [793.0, 240.5], [792.5, 240.0], [791.5, 240.0], [791.0, 239.5], [790.5, 239.0], [790.0, 238.5], [789.5, 238.0], [789.0, 237.5], [788.5, 237.0], [788.0, 236.5], [788.0, 235.5], [787.5, 235.0], [787.0, 234.5], [787.0, 233.5], [787.0, 232.5], [787.0, 231.5], [787.0, 230.5], [787.0, 229.5], [787.5, 229.0], [788.0, 228.5], [788.0, 227.5], [788.0, 226.5], [788.5, 226.0], [789.0, 225.5], [789.5, 225.0], [790.5, 225.0], [791.0, 225.5], [791.5, 226.0], [792.0, 226.5], [792.5, 227.0], [793.5, 227.0], [794.0, 227.5], [794.5, 228.0], [795.0, 228.5], [795.5, 229.0], [796.0, 229.5], [796.5, 230.0], [797.5, 230.0], [798.0, 230.5], [798.5, 231.0], [799.0, 231.5], [799.5, 232.0], [800.5, 232.0], [801.0, 232.5], [801.5, 233.0], [802.5, 233.0], [803.0, 233.5], [803.5, 234.0], [804.5, 234.0], [805.0, 234.5], [805.5, 235.0], [806.5, 235.0], [807.0, 235.5], [807.5, 236.0], [808.0, 236.5], [808.0, 237.5], [808.0, 238.5], [807.5, 239.0], [807.0, 239.5], [806.5, 240.0], [806.0, 240.5], [805.5, 241.0], [804.5, 241.0], [803.5, 241.0], [803.0, 241.5], [802.5, 242.0]]]}, "properties": {"objectType": "detection", "name": "label_191", "label_id": 191}}, {"type": "Feature", "geometry": {"type": "Polygon", "coordinates": [[[92.5, 261.0], [91.5, 261.0], [90.5, 261.0], [89.5, 261.0], [88.5, 261.0], [87.5, 261.0], [87.0, 260.5], [86.5, 260.0], [85.5, 260.0], [85.0, 259.5], [84.5, 259.0], [83.5, 259.0], [83.0, 258.5], [82.5, 258.0], [82.0, 257.5], [81.5, 257.0], [80.5, 257.0], [80.0, 256.5], [79.5, 256.0], [79.0, 255.5], [78.5, 255.0], [78.0, 254.5], [77.5, 254.0], [77.0, 253.5], [77.0, 252.5], [76.5, 252.0], [76.0, 251.5], [76.0, 250.5], [75.5, 250.0], [75.0, 249.5], [75.0, 248.5], [75.0, 247.5], [75.0, 246.5], [75.0, 245.5], [75.0, 244.5], [75.5, 244.0], [76.5, 244.0], [77.5, 244.0], [78.5, 244.0], [79.5, 244.0], [80.5, 244.0], [81.0, 244.5], [81.5, 245.0], [82.5, 245.0], [83.0, 245.5], [83.5, 246.0], [84.5, 246.0], [85.0, 246.5], [85.5, 247.0], [86.5, 247.0], [87.0, 247.5], [87.5, 248.0], [88.5, 248.0], [89.0, 248.5], [89.5, 249.0], [90.0, 249.5], [90.5, 250.0], [91.0, 250.5], [91.5, 251.0], [92.0, 251.5], [92.0, 252.5], [92.5, 253.0], [93.0, 253.5], [93.0, 254.5], [93.5, 255.0], [94.0, 255.5], [94.0, 256.5], [94.5, 257.0], [95.0, 257.5], [95.0, 258.5], [94.5, 259.0], [94.0, 259.5], [93.5, 260.0], [93.0, 260.5], [92.5, 261.0]]]}, "properties": {"objectType": "detection", "name": "label_192", "label_id": 192}}, {"type": "Feature", "geometry": {"type": "Polygon", "coordinates": [[[5.5, 452.0], [4.5, 452.0], [3.5, 452.0], [2.5, 452.0], [2.0, 451.5], [1.5, 451.0], [1.0, 450.5], [0.5, 450.0], [0.0, 449.5], [0.0, 448.5], [0.0, 447.5], [0.0, 446.5], [0.0, 445.5], [0.0, 444.5], [0.0, 443.5], [0.0, 442.5], [0.5, 442.0], [1.0, 441.5], [1.0, 440.5], [1.0, 439.5], [1.5, 439.0], [2.0, 438.5], [2.5, 438.0], [3.0, 437.5], [3.5, 437.0], [4.0, 436.5], [4.5, 436.0], [5.5, 436.0], [6.0, 435.5], [6.5, 435.0], [7.5, 435.0], [8.5, 435.0], [9.5, 435.0], [10.5, 435.0], [11.5, 435.0], [12.5, 435.0], [13.0, 435.5], [13.5, 436.0], [14.0, 436.5], [14.5, 437.0], [15.0, 437.5], [15.5, 438.0], [16.0, 438.5], [16.0, 439.5], [16.0, 440.5], [16.0, 441.5], [16.0, 442.5], [15.5, 443.0], [15.0, 443.5], [15.0, 444.5], [15.0, 445.5], [14.5, 446.0], [14.0, 446.5], [13.5, 447.0], [13.0, 447.5], [12.5, 448.0], [12.0, 448.5], [11.5, 449.0], [11.0, 449.5], [10.5, 450.0], [9.5, 450.0], [9.0, 450.5], [8.5, 451.0], [7.5, 451.0], [6.5, 451.0], [6.0, 451.5], [5.5, 452.0]]]}, "properties": {"objectType": "detection", "name": "label_193", "label_id": 193}}, {"type": "Feature", "geometry": {"type": "Polygon", "coordinates": [[[96.5, 666.0], [95.5, 666.0], [95.0, 665.5], [94.5, 665.0], [94.0, 664.5], [93.5, 664.0], [93.0, 663.5], [93.0, 662.5], [93.0, 661.5], [93.0, 660.5], [93.0, 659.5], [93.5, 659.0], [94.0, 658.5], [94.0, 657.5], [94.5, 657.0], [95.0, 656.5], [95.5, 656.0], [96.0, 655.5], [96.5, 655.0], [97.5, 655.0], [98.0, 654.5], [98.5, 654.0], [99.0, 653.5], [99.5, 653.0], [100.5, 653.0], [101.0, 652.5], [101.5, 652.0], [102.5, 652.0], [103.0, 651.5], [103.5, 651.0], [104.5, 651.0], [105.5, 651.0], [106.0, 650.5], [106.5, 650.0], [107.5, 650.0], [108.5, 650.0], [109.0, 650.5], [109.5, 651.0], [110.5, 651.0], [111.0, 651.5], [111.5, 652.0], [112.0, 652.5], [112.5, 653.0], [113.0, 653.5], [113.0, 654.5], [113.0, 655.5], [113.0, 656.5], [113.0, 657.5], [112.5, 658.0], [112.0, 658.5], [112.0, 659.5], [111.5, 660.0], [111.0, 660.5], [110.5, 661.0], [109.5, 661.0], [109.0, 661.5], [108.5, 662.0], [108.0, 662.5], [107.5, 663.0], [106.5, 663.0], [105.5, 663.0], [104.5, 663.0], [104.0, 663.5], [103.5, 664.0], [102.5, 664.0], [101.5, 664.0], [101.0, 664.5], [100.5, 665.0], [99.5, 665.0], [98.5, 665.0], [97.5, 665.0], [97.0, 665.5], [96.5, 666.0]]]}, "properties": {"objectType": "detection", "name": "label_194", "label_id": 194}}, {"type": "Feature", "geometry": {"type": "Polygon", "coordinates": [[[452.5, 711.0], [451.5, 711.0], [450.5, 711.0], [449.5, 711.0], [448.5, 711.0], [448.0, 710.5], [447.5, 710.0], [446.5, 710.0], [446.0, 709.5], [445.5, 709.0], [444.5, 709.0], [444.0, 708.5], [443.5, 708.0], [443.0, 707.5], [442.5, 707.0], [442.0, 706.5], [442.0, 705.5], [441.5, 705.0], [441.0, 704.5], [441.0, 703.5], [441.0, 702.5], [441.0, 701.5], [441.0, 700.5], [441.0, 699.5], [441.5, 699.0], [442.0, 698.5], [442.0, 697.5], [442.5, 697.0], [443.5, 697.0], [444.0, 696.5], [444.5, 696.0], [445.5, 696.0], [446.0, 695.5], [446.5, 695.0], [447.5, 695.0], [448.5, 695.0], [449.5, 695.0], [450.5, 695.0], [451.5, 695.0], [452.5, 695.0], [453.0, 695.5], [453.5, 696.0], [454.5, 696.0], [455.0, 696.5], [455.5, 697.0], [456.0, 697.5], [456.0, 698.5], [456.5, 699.0], [457.0, 699.5], [457.0, 700.5], [457.0, 701.5], [457.0, 702.5], [457.0, 703.5], [457.0, 704.5], [457.0, 705.5], [457.0, 706.5], [456.5, 707.0], [456.0, 707.5], [456.0, 708.5], [455.5, 709.0], [455.0, 709.5], [454.5, 710.0], [453.5, 710.0], [453.0, 710.5], [452.5, 711.0]]]}, "properties": {"objectType": "detection", "name": "label_195", "label_id": 195}}, {"type": "Feature", "geometry": {"type": "Polygon", "coordinates": [[[40.5, 104.0], [39.5, 104.0], [38.5, 104.0], [37.5, 104.0], [37.0, 103.5], [36.5, 103.0], [36.0, 102.5], [35.5, 102.0], [35.0, 101.5], [34.5, 101.0], [34.0, 100.5], [34.0, 99.5], [33.5, 99.0], [33.0, 98.5], [33.0, 97.5], [33.0, 96.5], [33.0, 95.5], [33.0, 94.5], [33.0, 93.5], [33.0, 92.5], [33.0, 91.5], [33.0, 90.5], [33.5, 90.0], [34.0, 89.5], [34.0, 88.5], [34.5, 88.0], [35.0, 87.5], [35.5, 87.0], [36.0, 86.5], [36.0, 85.5], [36.5, 85.0], [37.5, 85.0], [38.0, 84.5], [38.5, 84.0], [39.5, 84.0], [40.0, 83.5], [40.5, 83.0], [41.5, 83.0], [42.5, 83.0], [43.0, 83.5], [43.5, 84.0], [44.0, 84.5], [44.5, 85.0], [45.0, 85.5], [45.0, 86.5], [45.5, 87.0], [46.0, 87.5], [46.0, 88.5], [46.0, 89.5], [46.0, 90.5], [46.0, 91.5], [45.5, 92.0], [45.0, 92.5], [45.0, 93.5], [45.0, 94.5], [45.0, 95.5], [45.0, 96.5], [45.0, 97.5], [45.0, 98.5], [44.5, 99.0], [44.0, 99.5], [44.0, 100.5], [43.5, 101.0], [43.0, 101.5], [42.5, 102.0], [42.0, 102.5], [41.5, 103.0], [41.0, 103.5], [40.5, 104.0]]]}, "properties": {"objectType": "detection", "name": "label_196", "label_id": 196}}, {"type": "Feature", "geometry": {"type": "Polygon", "coordinates": [[[677.5, 761.0], [676.5, 761.0], [675.5, 761.0], [675.0, 760.5], [674.5, 760.0], [674.0, 759.5], [673.5, 759.0], [673.0, 758.5], [672.5, 758.0], [672.0, 757.5], [671.5, 757.0], [671.0, 756.5], [670.5, 756.0], [670.0, 755.5], [669.5, 755.0], [669.0, 754.5], [669.0, 753.5], [668.5, 753.0], [668.0, 752.5], [668.0, 751.5], [667.5, 751.0], [667.0, 750.5], [667.0, 749.5], [667.0, 748.5], [667.0, 747.5], [667.5, 747.0], [668.0, 746.5], [668.0, 745.5], [668.5, 745.0], [669.0, 744.5], [669.5, 744.0], [670.0, 743.5], [670.5, 743.0], [671.5, 743.0], [672.5, 743.0], [673.0, 742.5], [673.5, 742.0], [674.5, 742.0], [675.5, 742.0], [676.5, 742.0], [677.0, 742.5], [677.5, 743.0], [678.5, 743.0], [679.0, 743.5], [679.5, 744.0], [680.0, 744.5], [680.0, 745.5], [680.5, 746.0], [681.0, 746.5], [681.5, 747.0], [682.0, 747.5], [682.0, 748.5], [682.0, 749.5], [682.0, 750.5], [682.0, 751.5], [682.0, 752.5], [682.0, 753.5], [682.0, 754.5], [682.0, 755.5], [682.0, 756.5], [681.5, 757.0], [681.0, 757.5], [680.5, 758.0], [680.0, 758.5], [679.5, 759.0], [679.0, 759.5], [678.5, 760.0], [678.0, 760.5], [677.5, 761.0]]]}, "properties": {"objectType": "detection", "name": "label_197", "label_id": 197}}, {"type": "Feature", "geometry": {"type": "Polygon", "coordinates": [[[684.5, 175.0], [683.5, 175.0], [682.5, 175.0], [681.5, 175.0], [681.0, 174.5], [680.5, 174.0], [680.0, 173.5], [679.5, 173.0], [679.0, 172.5], [678.5, 172.0], [678.0, 171.5], [678.0, 170.5], [677.5, 170.0], [677.0, 169.5], [677.0, 168.5], [676.5, 168.0], [676.0, 167.5], [676.0, 166.5], [675.5, 166.0], [675.0, 165.5], [675.0, 164.5], [675.0, 163.5], [675.5, 163.0], [676.0, 162.5], [676.0, 161.5], [676.0, 160.5], [676.0, 159.5], [676.0, 158.5], [676.5, 158.0], [677.0, 157.5], [677.0, 156.5], [677.5, 156.0], [678.0, 155.5], [678.5, 155.0], [679.0, 154.5], [679.5, 154.0], [680.5, 154.0], [681.5, 154.0], [682.5, 154.0], [683.5, 154.0], [684.0, 154.5], [684.5, 155.0], [685.0, 155.5], [685.5, 156.0], [686.0, 156.5], [686.5, 157.0], [687.0, 157.5], [687.0, 158.5], [687.5, 159.0], [688.0, 159.5], [688.0, 160.5], [688.0, 161.5], [688.0, 162.5], [688.0, 163.5], [688.0, 164.5], [688.0, 165.5], [688.0, 166.5], [688.0, 167.5], [688.0, 168.5], [687.5, 169.0], [687.0, 169.5], [687.0, 170.5], [687.0, 171.5], [686.5, 172.0], [686.0, 172.5], [686.0, 173.5], [685.5, 174.0], [685.0, 174.5], [684.5, 175.0]]]}, "properties": {"objectType": "detection", "name": "label_198", "label_id": 198}}, {"type": "Feature", "geometry": {"type": "Polygon", "coordinates": [[[724.5, 231.0], [723.5, 231.0], [722.5, 231.0], [721.5, 231.0], [721.0, 230.5], [720.5, 230.0], [719.5, 230.0], [719.0, 229.5], [718.5, 229.0], [717.5, 229.0], [717.0, 228.5], [716.5, 228.0], [716.0, 227.5], [715.5, 227.0], [715.0, 226.5], [714.5, 226.0], [714.0, 225.5], [714.0, 224.5], [713.5, 224.0], [713.0, 223.5], [712.5, 223.0], [712.0, 222.5], [712.0, 221.5], [712.0, 220.5], [712.0, 219.5], [712.0, 218.5], [712.0, 217.5], [712.0, 216.5], [712.0, 215.5], [712.5, 215.0], [713.0, 214.5], [713.5, 214.0], [714.0, 213.5], [714.5, 213.0], [715.0, 213.5], [715.5, 214.0], [716.5, 214.0], [717.5, 214.0], [718.5, 214.0], [719.0, 214.5], [719.5, 215.0], [720.5, 215.0], [721.0, 215.5], [721.5, 216.0], [722.5, 216.0], [723.0, 216.5], [723.5, 217.0], [724.0, 217.5], [724.5, 218.0], [725.0, 218.5], [725.5, 219.0], [726.0, 219.5], [726.5, 220.0], [727.0, 220.5], [727.5, 221.0], [728.0, 221.5], [728.0, 222.5], [728.5, 223.0], [729.0, 223.5], [729.0, 224.5], [729.0, 225.5], [729.0, 226.5], [729.0, 227.5], [728.5, 228.0], [728.0, 228.5], [727.5, 229.0], [727.0, 229.5], [726.5, 230.0], [725.5, 230.0], [725.0, 230.5], [724.5, 231.0]]]}, "properties": {"objectType": "detection", "name": "label_199", "label_id": 199}}, {"type": "Feature", "geometry": {"type": "Polygon", "coordinates": [[[423.5, 352.0], [422.5, 352.0], [421.5, 352.0], [420.5, 352.0], [419.5, 352.0], [418.5, 352.0], [417.5, 352.0], [417.0, 351.5], [416.5, 351.0], [416.0, 350.5], [415.5, 350.0], [414.5, 350.0], [414.0, 349.5], [413.5, 349.0], [413.0, 348.5], [413.0, 347.5], [413.0, 346.5], [412.5, 346.0], [412.0, 345.5], [412.0, 344.5], [412.0, 343.5], [412.0, 342.5], [412.5, 342.0], [413.0, 341.5], [413.0, 340.5], [413.5, 340.0], [414.0, 339.5], [414.5, 339.0], [415.5, 339.0], [416.5, 339.0], [417.5, 339.0], [418.5, 339.0], [419.5, 339.0], [420.5, 339.0], [421.5, 339.0], [422.0, 339.5], [422.5, 340.0], [423.5, 340.0], [424.0, 340.5], [424.5, 341.0], [425.5, 341.0], [426.0, 341.5], [426.5, 342.0], [427.0, 342.5], [427.5, 343.0], [428.5, 343.0], [429.0, 343.5], [429.5, 344.0], [430.5, 344.0], [431.5, 344.0], [432.0, 344.5], [432.5, 345.0], [433.0, 345.5], [433.5, 346.0], [434.0, 346.5], [434.0, 347.5], [434.0, 348.5], [433.5, 349.0], [433.0, 349.5], [432.5, 350.0], [431.5, 350.0], [431.0, 350.5], [430.5, 351.0], [429.5, 351.0], [428.5, 351.0], [427.5, 351.0], [426.5, 351.0], [425.5, 351.0], [424.5, 351.0], [424.0, 351.5], [423.5, 352.0]]]}, "properties": {"objectType": "detection", "name": "label_200", "label_id": 200}}, {"type": "Feature", "geometry": {"type": "Polygon", "coordinates": [[[873.5, 369.0], [872.5, 369.0], [871.5, 369.0], [870.5, 369.0], [869.5, 369.0], [869.0, 368.5], [868.5, 368.0], [867.5, 368.0], [867.0, 367.5], [866.5, 367.0], [865.5, 367.0], [865.0, 366.5], [864.5, 366.0], [864.0, 365.5], [863.5, 365.0], [863.0, 364.5], [863.0, 363.5], [862.5, 363.0], [862.0, 362.5], [862.0, 361.5], [861.5, 361.0], [861.0, 360.5], [861.0, 359.5], [860.5, 359.0], [860.0, 358.5], [860.0, 357.5], [860.0, 356.5], [860.0, 355.5], [860.0, 354.5], [860.5, 354.0], [861.0, 353.5], [861.0, 352.5], [861.5, 352.0], [862.0, 351.5], [862.5, 351.0], [863.0, 350.5], [863.5, 350.0], [864.5, 350.0], [865.5, 350.0], [866.5, 350.0], [867.0, 350.5], [867.0, 351.5], [867.5, 352.0], [868.0, 352.5], [868.5, 353.0], [869.0, 353.5], [869.5, 354.0], [870.0, 354.5], [870.5, 355.0], [871.0, 355.5], [871.5, 356.0], [872.0, 356.5], [872.5, 357.0], [873.5, 357.0], [874.0, 357.5], [874.5, 358.0], [875.0, 358.5], [875.5, 359.0], [876.0, 359.5], [876.0, 360.5], [876.0, 361.5], [876.0, 362.5], [876.0, 363.5], [876.5, 364.0], [877.0, 364.5], [877.0, 365.5], [876.5, 366.0], [876.0, 366.5], [876.0, 367.5], [875.5, 368.0], [874.5, 368.0], [874.0, 368.5], [873.5, 369.0]]]}, "properties": {"objectType": "detection", "name": "label_201", "label_id": 201}}, {"type": "Feature", "geometry": {"type": "Polygon", "coordinates": [[[644.5, 489.0], [643.5, 489.0], [642.5, 489.0], [641.5, 489.0], [640.5, 489.0], [639.5, 489.0], [638.5, 489.0], [637.5, 489.0], [637.0, 488.5], [636.5, 488.0], [635.5, 488.0], [635.0, 487.5], [634.5, 487.0], [634.0, 486.5], [634.0, 485.5], [633.5, 485.0], [633.0, 484.5], [633.0, 483.5], [633.0, 482.5], [633.0, 481.5], [633.0, 480.5], [633.0, 479.5], [633.0, 478.5], [633.5, 478.0], [634.0, 477.5], [634.0, 476.5], [634.5, 476.0], [635.0, 475.5], [635.5, 475.0], [636.5, 475.0], [637.0, 474.5], [637.5, 474.0], [638.5, 474.0], [639.5, 474.0], [640.0, 473.5], [640.5, 473.0], [641.5, 473.0], [642.0, 473.5], [642.5, 474.0], [643.5, 474.0], [644.5, 474.0], [645.0, 474.5], [645.5, 475.0], [646.0, 475.5], [646.5, 476.0], [647.0, 476.5], [647.5, 477.0], [648.0, 477.5], [648.5, 478.0], [649.0, 478.5], [649.0, 479.5], [649.5, 480.0], [650.0, 480.5], [650.0, 481.5], [650.0, 482.5], [649.5, 483.0], [649.0, 483.5], [649.0, 484.5], [648.5, 485.0], [648.0, 485.5], [647.5, 486.0], [647.0, 486.5], [646.5, 487.0], [646.0, 487.5], [645.5, 488.0], [645.0, 488.5], [644.5, 489.0]]]}, "properties": {"objectType": "detection", "name": "label_202", "label_id": 202}}, {"type": "Feature", "geometry": {"type": "Polygon", "coordinates": [[[246.5, 97.0], [245.5, 97.0], [244.5, 97.0], [243.5, 97.0], [243.0, 96.5], [242.5, 96.0], [242.0, 95.5], [242.0, 94.5], [242.0, 93.5], [242.0, 92.5], [242.0, 91.5], [242.0, 90.5], [242.5, 90.0], [243.0, 89.5], [243.0, 88.5], [243.0, 87.5], [243.0, 86.5], [243.0, 85.5], [243.0, 84.5], [243.5, 84.0], [244.0, 83.5], [244.0, 82.5], [244.5, 82.0], [245.0, 81.5], [245.5, 81.0], [246.5, 81.0], [247.0, 80.5], [247.5, 80.0], [248.5, 80.0], [249.5, 80.0], [250.5, 80.0], [251.5, 80.0], [252.5, 80.0], [253.0, 79.5], [253.5, 79.0], [254.5, 79.0], [255.0, 79.5], [255.5, 80.0], [256.5, 80.0], [257.0, 80.5], [257.5, 81.0], [258.0, 81.5], [258.0, 82.5], [258.0, 83.5], [258.0, 84.5], [258.0, 85.5], [258.0, 86.5], [257.5, 87.0], [257.0, 87.5], [257.0, 88.5], [256.5, 89.0], [256.0, 89.5], [256.0, 90.5], [255.5, 91.0], [255.0, 91.5], [254.5, 92.0], [254.0, 92.5], [253.5, 93.0], [252.5, 93.0], [252.0, 93.5], [251.5, 94.0], [251.0, 94.5], [250.5, 95.0], [249.5, 95.0], [249.0, 95.5], [248.5, 96.0], [247.5, 96.0], [247.0, 96.5], [246.5, 97.0]]]}, "properties": {"objectType": "detection", "name": "label_203", "label_id": 203}}, {"type": "Feature", "geometry": {"type": "Polygon", "coordinates": [[[263.5, 137.0], [262.5, 137.0], [262.0, 136.5], [261.5, 136.0], [260.5, 136.0], [259.5, 136.0], [259.0, 135.5], [258.5, 135.0], [257.5, 135.0], [257.0, 134.5], [256.5, 134.0], [256.0, 133.5], [255.5, 133.0], [254.5, 133.0], [254.0, 132.5], [254.0, 131.5], [253.5, 131.0], [253.0, 130.5], [252.5, 130.0], [252.0, 129.5], [251.5, 129.0], [251.0, 128.5], [251.0, 127.5], [250.5, 127.0], [250.0, 126.5], [250.0, 125.5], [250.5, 125.0], [251.0, 124.5], [251.0, 123.5], [251.5, 123.0], [252.0, 122.5], [252.5, 122.0], [253.0, 121.5], [253.0, 120.5], [253.5, 120.0], [254.0, 119.5], [254.5, 119.0], [255.0, 118.5], [255.5, 118.0], [256.0, 117.5], [256.5, 117.0], [257.5, 117.0], [258.5, 117.0], [259.0, 117.5], [259.5, 118.0], [260.0, 118.5], [260.0, 119.5], [260.0, 120.5], [260.5, 121.0], [261.0, 121.5], [261.0, 122.5], [261.5, 123.0], [262.0, 123.5], [262.0, 124.5], [262.5, 125.0], [263.0, 125.5], [263.5, 126.0], [264.5, 126.0], [265.0, 126.5], [265.0, 127.5], [265.5, 128.0], [266.0, 128.5], [266.5, 129.0], [267.0, 129.5], [267.0, 130.5], [267.5, 131.0], [268.0, 131.5], [268.0, 132.5], [268.0, 133.5], [267.5, 134.0], [267.0, 134.5], [267.0, 135.5], [266.5, 136.0], [265.5, 136.0], [264.5, 136.0], [264.0, 136.5], [263.5, 137.0]]]}, "properties": {"objectType": "detection", "name": "label_204", "label_id": 204}}, {"type": "Feature", "geometry": {"type": "Polygon", "coordinates": [[[629.5, 225.0], [628.5, 225.0], [627.5, 225.0], [626.5, 225.0], [625.5, 225.0], [625.0, 224.5], [624.5, 224.0], [624.0, 223.5], [623.5, 223.0], [623.0, 222.5], [622.5, 222.0], [622.0, 221.5], [622.0, 220.5], [622.0, 219.5], [621.5, 219.0], [621.0, 218.5], [621.0, 217.5], [621.0, 216.5], [621.5, 216.0], [622.0, 215.5], [622.0, 214.5], [622.5, 214.0], [623.0, 213.5], [623.5, 213.0], [624.0, 212.5], [624.5, 212.0], [625.5, 212.0], [626.0, 211.5], [626.5, 211.0], [627.5, 211.0], [628.0, 210.5], [628.5, 210.0], [629.5, 210.0], [630.5, 210.0], [631.0, 209.5], [631.5, 209.0], [632.5, 209.0], [633.0, 208.5], [633.5, 208.0], [634.5, 208.0], [635.5, 208.0], [636.0, 208.5], [636.5, 209.0], [637.0, 209.5], [637.5, 210.0], [638.0, 210.5], [638.0, 211.5], [638.0, 212.5], [638.0, 213.5], [638.0, 214.5], [638.0, 215.5], [637.5, 216.0], [637.0, 216.5], [637.0, 217.5], [637.0, 218.5], [636.5, 219.0], [636.0, 219.5], [636.0, 220.5], [635.5, 221.0], [635.0, 221.5], [634.5, 222.0], [634.0, 222.5], [633.5, 223.0], [633.0, 223.5], [632.5, 224.0], [631.5, 224.0], [630.5, 224.0], [630.0, 224.5], [629.5, 225.0]]]}, "properties": {"objectType": "detection", "name": "label_205", "label_id": 205}}, {"type": "Feature", "geometry": {"type": "Polygon", "coordinates": [[[760.5, 316.0], [759.5, 316.0], [758.5, 316.0], [757.5, 316.0], [757.0, 315.5], [756.5, 315.0], [755.5, 315.0], [755.0, 314.5], [754.5, 314.0], [753.5, 314.0], [753.0, 313.5], [752.5, 313.0], [752.0, 312.5], [752.0, 311.5], [751.5, 311.0], [751.0, 310.5], [751.0, 309.5], [751.0, 308.5], [750.5, 308.0], [750.0, 307.5], [750.0, 306.5], [750.0, 305.5], [750.0, 304.5], [750.0, 303.5], [750.0, 302.5], [750.0, 301.5], [750.0, 300.5], [750.0, 299.5], [750.5, 299.0], [751.0, 298.5], [751.0, 297.5], [751.0, 296.5], [751.5, 296.0], [752.0, 295.5], [752.5, 295.0], [753.0, 294.5], [753.5, 294.0], [754.5, 294.0], [755.5, 294.0], [756.5, 294.0], [757.5, 294.0], [758.0, 294.5], [758.5, 295.0], [759.0, 295.5], [759.0, 296.5], [759.5, 297.0], [760.0, 297.5], [760.0, 298.5], [760.0, 299.5], [760.0, 300.5], [760.5, 301.0], [761.0, 301.5], [761.0, 302.5], [761.0, 303.5], [760.5, 304.0], [760.0, 304.5], [760.5, 305.0], [761.0, 305.5], [761.0, 306.5], [761.0, 307.5], [761.0, 308.5], [761.5, 309.0], [762.0, 309.5], [762.0, 310.5], [762.0, 311.5], [762.0, 312.5], [762.0, 313.5], [762.0, 314.5], [761.5, 315.0], [761.0, 315.5], [760.5, 316.0]]]}, "properties": {"objectType": "detection", "name": "label_206", "label_id": 206}}, {"type": "Feature", "geometry": {"type": "Polygon", "coordinates": [[[669.5, 406.0], [668.5, 406.0], [667.5, 406.0], [666.5, 406.0], [665.5, 406.0], [664.5, 406.0], [663.5, 406.0], [662.5, 406.0], [661.5, 406.0], [660.5, 406.0], [660.0, 405.5], [659.5, 405.0], [659.0, 404.5], [659.0, 403.5], [659.0, 402.5], [659.5, 402.0], [660.0, 401.5], [660.5, 401.0], [661.0, 400.5], [661.0, 399.5], [661.5, 399.0], [662.0, 398.5], [662.5, 398.0], [663.5, 398.0], [664.0, 397.5], [664.5, 397.0], [665.0, 396.5], [665.5, 396.0], [666.0, 395.5], [666.5, 395.0], [667.5, 395.0], [668.0, 394.5], [668.5, 394.0], [669.0, 393.5], [669.5, 393.0], [670.0, 392.5], [670.5, 392.0], [671.5, 392.0], [672.5, 392.0], [673.0, 391.5], [673.5, 391.0], [674.5, 391.0], [675.5, 391.0], [676.5, 391.0], [677.5, 391.0], [678.0, 391.5], [678.5, 392.0], [679.0, 392.5], [679.5, 393.0], [680.0, 393.5], [680.0, 394.5], [680.0, 395.5], [680.0, 396.5], [679.5, 397.0], [679.0, 397.5], [679.0, 398.5], [678.5, 399.0], [678.0, 399.5], [678.0, 400.5], [677.5, 401.0], [677.0, 401.5], [676.5, 402.0], [676.0, 402.5], [675.5, 403.0], [675.0, 403.5], [674.5, 404.0], [673.5, 404.0], [673.0, 404.5], [672.5, 405.0], [671.5, 405.0], [670.5, 405.0], [670.0, 405.5], [669.5, 406.0]]]}, "properties": {"objectType": "detection", "name": "label_207", "label_id": 207}}, {"type": "Feature", "geometry": {"type": "Polygon", "coordinates": [[[676.5, 465.0], [675.5, 465.0], [674.5, 465.0], [673.5, 465.0], [672.5, 465.0], [671.5, 465.0], [670.5, 465.0], [669.5, 465.0], [669.0, 464.5], [668.5, 464.0], [667.5, 464.0], [667.0, 463.5], [667.0, 462.5], [667.0, 461.5], [667.5, 461.0], [668.0, 460.5], [668.5, 460.0], [669.0, 459.5], [669.5, 459.0], [670.0, 458.5], [670.5, 458.0], [671.5, 458.0], [672.0, 457.5], [672.5, 457.0], [673.0, 456.5], [673.5, 456.0], [674.5, 456.0], [675.0, 455.5], [675.5, 455.0], [676.5, 455.0], [677.0, 454.5], [677.5, 454.0], [678.0, 453.5], [678.5, 453.0], [679.5, 453.0], [680.0, 452.5], [680.5, 452.0], [681.5, 452.0], [682.0, 451.5], [682.5, 451.0], [683.5, 451.0], [684.5, 451.0], [685.5, 451.0], [686.5, 451.0], [687.5, 451.0], [688.0, 451.5], [688.5, 452.0], [689.0, 452.5], [689.5, 453.0], [690.0, 453.5], [690.5, 454.0], [691.0, 454.5], [691.0, 455.5], [691.0, 456.5], [691.0, 457.5], [690.5, 458.0], [690.0, 458.5], [689.5, 459.0], [689.0, 459.5], [688.5, 460.0], [687.5, 460.0], [687.0, 460.5], [686.5, 461.0], [685.5, 461.0], [685.0, 461.5], [684.5, 462.0], [683.5, 462.0], [682.5, 462.0], [682.0, 462.5], [681.5, 463.0], [680.5, 463.0], [679.5, 463.0], [679.0, 463.5], [678.5, 464.0], [677.5, 464.0], [677.0, 464.5], [676.5, 465.0]]]}, "properties": {"objectType": "detection", "name": "label_208", "label_id": 208}}, {"type": "Feature", "geometry": {"type": "Polygon", "coordinates": [[[193.5, 329.0], [192.5, 329.0], [191.5, 329.0], [190.5, 329.0], [189.5, 329.0], [188.5, 329.0], [187.5, 329.0], [187.0, 328.5], [186.5, 328.0], [185.5, 328.0], [185.0, 327.5], [184.5, 327.0], [184.0, 326.5], [183.5, 326.0], [183.0, 325.5], [182.5, 325.0], [182.0, 324.5], [182.0, 323.5], [181.5, 323.0], [181.0, 322.5], [181.0, 321.5], [181.0, 320.5], [181.0, 319.5], [181.0, 318.5], [181.0, 317.5], [181.5, 317.0], [182.0, 316.5], [182.5, 316.0], [183.0, 315.5], [183.5, 315.0], [184.0, 314.5], [184.5, 314.0], [185.5, 314.0], [186.0, 313.5], [186.5, 313.0], [187.5, 313.0], [188.5, 313.0], [189.5, 313.0], [190.0, 313.5], [190.5, 314.0], [191.5, 314.0], [192.0, 314.5], [192.5, 315.0], [193.5, 315.0], [194.5, 315.0], [195.0, 315.5], [195.5, 316.0], [196.0, 316.5], [196.0, 317.5], [196.5, 318.0], [197.0, 318.5], [197.0, 319.5], [197.0, 320.5], [197.0, 321.5], [197.0, 322.5], [197.0, 323.5], [197.0, 324.5], [196.5, 325.0], [196.0, 325.5], [196.0, 326.5], [195.5, 327.0], [195.0, 327.5], [194.5, 328.0], [194.0, 328.5], [193.5, 329.0]]]}, "properties": {"objectType": "detection", "name": "label_209", "label_id": 209}}, {"type": "Feature", "geometry": {"type": "Polygon", "coordinates": [[[580.5, 418.0], [579.5, 418.0], [578.5, 418.0], [577.5, 418.0], [577.0, 417.5], [576.5, 417.0], [575.5, 417.0], [575.0, 416.5], [574.5, 416.0], [574.0, 415.5], [573.5, 415.0], [573.0, 414.5], [573.0, 413.5], [573.0, 412.5], [573.0, 411.5], [573.0, 410.5], [573.0, 409.5], [573.5, 409.0], [574.0, 408.5], [574.5, 408.0], [575.0, 407.5], [575.0, 406.5], [575.5, 406.0], [576.0, 405.5], [576.5, 405.0], [577.0, 404.5], [577.5, 404.0], [578.5, 404.0], [579.0, 403.5], [579.5, 403.0], [580.5, 403.0], [581.0, 402.5], [581.5, 402.0], [582.5, 402.0], [583.5, 402.0], [584.5, 402.0], [585.5, 402.0], [586.5, 402.0], [587.0, 402.5], [587.5, 403.0], [588.0, 403.5], [588.5, 404.0], [589.0, 404.5], [589.5, 405.0], [590.0, 405.5], [590.0, 406.5], [590.0, 407.5], [590.0, 408.5], [590.0, 409.5], [590.0, 410.5], [589.5, 411.0], [589.0, 411.5], [588.5, 412.0], [588.0, 412.5], [587.5, 413.0], [587.0, 413.5], [587.0, 414.5], [586.5, 415.0], [585.5, 415.0], [585.0, 415.5], [584.5, 416.0], [584.0, 416.5], [583.5, 417.0], [582.5, 417.0], [581.5, 417.0], [581.0, 417.5], [580.5, 418.0]]]}, "properties": {"objectType": "detection", "name": "label_210", "label_id": 210}}, {"type": "Feature", "geometry": {"type": "Polygon", "coordinates": [[[79.5, 511.0], [78.5, 511.0], [77.5, 511.0], [76.5, 511.0], [75.5, 511.0], [74.5, 511.0], [74.0, 510.5], [73.5, 510.0], [73.0, 509.5], [72.5, 509.0], [72.0, 508.5], [71.5, 508.0], [71.0, 507.5], [71.0, 506.5], [71.0, 505.5], [71.0, 504.5], [71.0, 503.5], [71.0, 502.5], [71.5, 502.0], [72.0, 501.5], [72.0, 500.5], [72.5, 500.0], [73.0, 499.5], [73.5, 499.0], [74.0, 498.5], [74.5, 498.0], [75.0, 497.5], [75.5, 497.0], [76.5, 497.0], [77.0, 496.5], [77.5, 496.0], [78.5, 496.0], [79.5, 496.0], [80.0, 495.5], [80.5, 495.0], [81.5, 495.0], [82.5, 495.0], [83.0, 495.5], [83.5, 496.0], [84.5, 496.0], [85.0, 496.5], [85.5, 497.0], [86.0, 497.5], [86.5, 498.0], [87.0, 498.5], [87.0, 499.5], [87.5, 500.0], [88.0, 500.5], [88.0, 501.5], [88.0, 502.5], [87.5, 503.0], [87.0, 503.5], [87.0, 504.5], [87.0, 505.5], [86.5, 506.0], [86.0, 506.5], [86.0, 507.5], [85.5, 508.0], [84.5, 508.0], [84.0, 508.5], [83.5, 509.0], [83.0, 509.5], [82.5, 510.0], [81.5, 510.0], [80.5, 510.0], [80.0, 510.5], [79.5, 511.0]]]}, "properties": {"objectType": "detection", "name": "label_211", "label_id": 211}}, {"type": "Feature", "geometry": {"type": "Polygon", "coordinates": [[[562.5, 378.0], [561.5, 378.0], [560.5, 378.0], [559.5, 378.0], [558.5, 378.0], [557.5, 378.0], [556.5, 378.0], [556.0, 377.5], [555.5, 377.0], [555.0, 376.5], [554.5, 376.0], [554.0, 375.5], [554.0, 374.5], [553.5, 374.0], [553.0, 373.5], [553.0, 372.5], [553.0, 371.5], [553.5, 371.0], [554.0, 370.5], [554.0, 369.5], [554.0, 368.5], [554.5, 368.0], [555.0, 367.5], [555.0, 366.5], [555.5, 366.0], [556.0, 365.5], [556.5, 365.0], [557.0, 364.5], [557.5, 364.0], [558.0, 363.5], [558.5, 363.0], [559.5, 363.0], [560.0, 362.5], [560.5, 362.0], [561.5, 362.0], [562.0, 361.5], [562.5, 361.0], [563.5, 361.0], [564.5, 361.0], [565.0, 361.5], [565.5, 362.0], [566.0, 362.5], [566.5, 363.0], [567.0, 363.5], [567.5, 364.0], [568.0, 364.5], [568.0, 365.5], [568.5, 366.0], [569.0, 366.5], [569.0, 367.5], [569.0, 368.5], [569.0, 369.5], [569.0, 370.5], [569.0, 371.5], [568.5, 372.0], [568.0, 372.5], [568.0, 373.5], [567.5, 374.0], [567.0, 374.5], [566.5, 375.0], [566.0, 375.5], [565.5, 376.0], [565.0, 376.5], [564.5, 377.0], [563.5, 377.0], [563.0, 377.5], [562.5, 378.0]]]}, "properties": {"objectType": "detection", "name": "label_212", "label_id": 212}}, {"type": "Feature", "geometry": {"type": "Polygon", "coordinates": [[[85.5, 461.0], [84.5, 461.0], [83.5, 461.0], [82.5, 461.0], [81.5, 461.0], [80.5, 461.0], [79.5, 461.0], [78.5, 461.0], [77.5, 461.0], [76.5, 461.0], [76.0, 460.5], [75.5, 460.0], [74.5, 460.0], [74.0, 459.5], [73.5, 459.0], [73.0, 458.5], [73.0, 457.5], [73.0, 456.5], [73.0, 455.5], [73.0, 454.5], [73.0, 453.5], [73.5, 453.0], [74.0, 452.5], [74.5, 452.0], [75.0, 451.5], [75.5, 451.0], [76.0, 450.5], [76.5, 450.0], [77.0, 449.5], [77.5, 449.0], [78.5, 449.0], [79.5, 449.0], [80.0, 448.5], [80.5, 448.0], [81.5, 448.0], [82.5, 448.0], [83.5, 448.0], [84.5, 448.0], [85.5, 448.0], [86.5, 448.0], [87.5, 448.0], [88.0, 448.5], [88.5, 449.0], [89.5, 449.0], [90.0, 449.5], [90.5, 450.0], [91.0, 450.5], [91.0, 451.5], [91.5, 452.0], [92.0, 452.5], [92.0, 453.5], [92.0, 454.5], [92.0, 455.5], [91.5, 456.0], [91.0, 456.5], [90.5, 457.0], [90.0, 457.5], [89.5, 458.0], [89.0, 458.5], [88.5, 459.0], [88.0, 459.5], [87.5, 460.0], [86.5, 460.0], [86.0, 460.5], [85.5, 461.0]]]}, "properties": {"objectType": "detection", "name": "label_213", "label_id": 213}}, {"type": "Feature", "geometry": {"type": "Polygon", "coordinates": [[[787.5, 499.0], [786.5, 499.0], [785.5, 499.0], [784.5, 499.0], [783.5, 499.0], [782.5, 499.0], [781.5, 499.0], [780.5, 499.0], [780.0, 498.5], [779.5, 498.0], [779.0, 497.5], [779.0, 496.5], [779.0, 495.5], [779.0, 494.5], [779.0, 493.5], [779.0, 492.5], [779.0, 491.5], [779.5, 491.0], [780.0, 490.5], [780.5, 490.0], [781.0, 489.5], [781.0, 488.5], [781.5, 488.0], [782.0, 487.5], [782.5, 487.0], [783.0, 486.5], [783.5, 486.0], [784.0, 485.5], [784.5, 485.0], [785.5, 485.0], [786.0, 484.5], [786.5, 484.0], [787.0, 483.5], [787.5, 483.0], [788.0, 482.5], [788.5, 482.0], [789.5, 482.0], [790.5, 482.0], [791.0, 481.5], [791.5, 481.0], [792.0, 481.5], [792.5, 482.0], [793.5, 482.0], [794.0, 482.5], [794.5, 483.0], [795.0, 483.5], [795.0, 484.5], [795.0, 485.5], [795.0, 486.5], [795.0, 487.5], [795.0, 488.5], [795.0, 489.5], [795.0, 490.5], [794.5, 491.0], [794.0, 491.5], [794.0, 492.5], [793.5, 493.0], [793.0, 493.5], [792.5, 494.0], [792.0, 494.5], [792.0, 495.5], [791.5, 496.0], [790.5, 496.0], [790.0, 496.5], [789.5, 497.0], [789.0, 497.5], [788.5, 498.0], [788.0, 498.5], [787.5, 499.0]]]}, "properties": {"objectType": "detection", "name": "label_214", "label_id": 214}}, {"type": "Feature", "geometry": {"type": "Polygon", "coordinates": [[[31.5, 659.0], [30.5, 659.0], [29.5, 659.0], [28.5, 659.0], [28.0, 658.5], [27.5, 658.0], [27.0, 657.5], [27.0, 656.5], [27.0, 655.5], [27.0, 654.5], [27.0, 653.5], [27.0, 652.5], [27.5, 652.0], [28.0, 651.5], [28.0, 650.5], [28.0, 649.5], [28.0, 648.5], [27.5, 648.0], [27.0, 647.5], [27.0, 646.5], [27.0, 645.5], [26.5, 645.0], [26.0, 644.5], [26.0, 643.5], [25.5, 643.0], [25.0, 642.5], [24.5, 642.0], [24.0, 641.5], [24.0, 640.5], [23.5, 640.0], [23.0, 639.5], [23.0, 638.5], [23.5, 638.0], [24.0, 637.5], [24.5, 637.0], [25.0, 636.5], [25.5, 636.0], [26.0, 635.5], [26.5, 635.0], [27.5, 635.0], [28.5, 635.0], [29.0, 635.5], [29.5, 636.0], [30.5, 636.0], [31.0, 636.5], [31.5, 637.0], [32.0, 637.5], [32.5, 638.0], [33.0, 638.5], [33.5, 639.0], [34.0, 639.5], [34.0, 640.5], [34.0, 641.5], [34.5, 642.0], [35.0, 642.5], [35.0, 643.5], [35.5, 644.0], [36.0, 644.5], [36.0, 645.5], [36.0, 646.5], [36.0, 647.5], [36.5, 648.0], [37.0, 648.5], [37.0, 649.5], [37.0, 650.5], [37.0, 651.5], [36.5, 652.0], [36.0, 652.5], [36.0, 653.5], [36.0, 654.5], [35.5, 655.0], [35.0, 655.5], [34.5, 656.0], [34.0, 656.5], [33.5, 657.0], [33.0, 657.5], [32.5, 658.0], [32.0, 658.5], [31.5, 659.0]]]}, "properties": {"objectType": "detection", "name": "label_215", "label_id": 215}}, {"type": "Feature", "geometry": {"type": "Polygon", "coordinates": [[[283.5, 164.0], [282.5, 164.0], [281.5, 164.0], [280.5, 164.0], [279.5, 164.0], [279.0, 163.5], [278.5, 163.0], [277.5, 163.0], [277.0, 162.5], [276.5, 162.0], [276.0, 161.5], [276.0, 160.5], [275.5, 160.0], [275.0, 159.5], [275.0, 158.5], [275.0, 157.5], [275.0, 156.5], [274.5, 156.0], [274.0, 155.5], [274.5, 155.0], [275.0, 154.5], [275.0, 153.5], [275.0, 152.5], [275.0, 151.5], [275.0, 150.5], [275.5, 150.0], [276.0, 149.5], [276.0, 148.5], [276.5, 148.0], [277.0, 147.5], [277.5, 147.0], [278.5, 147.0], [279.0, 146.5], [279.5, 146.0], [280.5, 146.0], [281.0, 145.5], [281.5, 145.0], [282.0, 145.5], [282.5, 146.0], [283.5, 146.0], [284.5, 146.0], [285.0, 146.5], [285.5, 147.0], [286.0, 147.5], [286.5, 148.0], [287.0, 148.5], [287.0, 149.5], [287.5, 150.0], [288.0, 150.5], [288.0, 151.5], [288.0, 152.5], [288.0, 153.5], [288.0, 154.5], [288.0, 155.5], [288.0, 156.5], [288.0, 157.5], [287.5, 158.0], [287.0, 158.5], [287.0, 159.5], [287.0, 160.5], [286.5, 161.0], [286.0, 161.5], [285.5, 162.0], [285.0, 162.5], [284.5, 163.0], [284.0, 163.5], [283.5, 164.0]]]}, "properties": {"objectType": "detection", "name": "label_216", "label_id": 216}}, {"type": "Feature", "geometry": {"type": "Polygon", "coordinates": [[[86.5, 221.0], [85.5, 221.0], [84.5, 221.0], [84.0, 220.5], [84.0, 219.5], [84.0, 218.5], [84.0, 217.5], [84.0, 216.5], [84.0, 215.5], [84.0, 214.5], [84.5, 214.0], [85.0, 213.5], [85.0, 212.5], [85.0, 211.5], [85.0, 210.5], [85.5, 210.0], [86.0, 209.5], [86.0, 208.5], [86.0, 207.5], [86.0, 206.5], [86.0, 205.5], [86.0, 204.5], [86.0, 203.5], [86.5, 203.0], [87.0, 202.5], [87.0, 201.5], [87.0, 200.5], [87.0, 199.5], [87.5, 199.0], [88.0, 198.5], [88.5, 198.0], [89.0, 197.5], [89.5, 197.0], [90.5, 197.0], [91.0, 196.5], [91.5, 196.0], [92.5, 196.0], [93.5, 196.0], [94.0, 196.5], [94.5, 197.0], [95.5, 197.0], [96.0, 197.5], [96.5, 198.0], [97.0, 198.5], [97.0, 199.5], [97.5, 200.0], [98.0, 200.5], [97.5, 201.0], [97.0, 201.5], [97.0, 202.5], [97.0, 203.5], [96.5, 204.0], [96.0, 204.5], [96.0, 205.5], [95.5, 206.0], [95.0, 206.5], [95.0, 207.5], [94.5, 208.0], [94.0, 208.5], [94.0, 209.5], [94.5, 210.0], [95.0, 210.5], [94.5, 211.0], [94.0, 211.5], [93.5, 212.0], [93.0, 212.5], [93.0, 213.5], [92.5, 214.0], [92.0, 214.5], [92.0, 215.5], [91.5, 216.0], [91.0, 216.5], [90.5, 217.0], [90.0, 217.5], [89.5, 218.0], [89.0, 218.5], [88.5, 219.0], [88.0, 219.5], [87.5, 220.0], [87.0, 220.5], [86.5, 221.0]]]}, "properties": {"objectType": "detection", "name": "label_217", "label_id": 217}}, {"type": "Feature", "geometry": {"type": "Polygon", "coordinates": [[[743.5, 380.0], [742.5, 380.0], [741.5, 380.0], [741.0, 379.5], [740.5, 379.0], [739.5, 379.0], [739.0, 378.5], [738.5, 378.0], [738.0, 377.5], [737.5, 377.0], [737.0, 376.5], [737.0, 375.5], [736.5, 375.0], [736.0, 374.5], [736.0, 373.5], [736.0, 372.5], [736.0, 371.5], [736.5, 371.0], [737.0, 370.5], [737.0, 369.5], [737.0, 368.5], [737.5, 368.0], [738.0, 367.5], [738.5, 367.0], [739.0, 366.5], [739.5, 366.0], [740.0, 365.5], [740.5, 365.0], [741.0, 364.5], [741.5, 364.0], [742.5, 364.0], [743.0, 363.5], [743.5, 363.0], [744.5, 363.0], [745.5, 363.0], [746.5, 363.0], [747.5, 363.0], [748.5, 363.0], [749.0, 363.5], [749.5, 364.0], [750.0, 364.5], [750.5, 365.0], [751.0, 365.5], [751.5, 366.0], [752.0, 366.5], [752.0, 367.5], [752.0, 368.5], [752.0, 369.5], [752.0, 370.5], [751.5, 371.0], [751.0, 371.5], [751.0, 372.5], [750.5, 373.0], [750.0, 373.5], [750.0, 374.5], [749.5, 375.0], [749.0, 375.5], [748.5, 376.0], [748.0, 376.5], [748.0, 377.5], [747.5, 378.0], [747.0, 378.5], [746.5, 379.0], [745.5, 379.0], [744.5, 379.0], [744.0, 379.5], [743.5, 380.0]]]}, "properties": {"objectType": "detection", "name": "label_218", "label_id": 218}}, {"type": "Feature", "geometry": {"type": "Polygon", "coordinates": [[[294.5, 252.0], [293.5, 252.0], [292.5, 252.0], [292.0, 251.5], [291.5, 251.0], [290.5, 251.0], [289.5, 251.0], [289.0, 250.5], [288.5, 250.0], [288.0, 249.5], [287.5, 249.0], [287.0, 248.5], [286.5, 248.0], [286.0, 247.5], [285.5, 247.0], [285.0, 246.5], [284.5, 246.0], [284.0, 245.5], [284.0, 244.5], [284.0, 243.5], [284.0, 242.5], [284.0, 241.5], [284.0, 240.5], [284.0, 239.5], [284.5, 239.0], [285.0, 238.5], [285.5, 238.0], [286.5, 238.0], [287.5, 238.0], [288.5, 238.0], [289.5, 238.0], [290.5, 238.0], [291.0, 238.5], [291.5, 239.0], [292.5, 239.0], [293.5, 239.0], [294.5, 239.0], [295.5, 239.0], [296.5, 239.0], [297.0, 239.5], [297.5, 240.0], [298.5, 240.0], [299.0, 240.5], [299.5, 241.0], [300.0, 241.5], [300.5, 242.0], [301.0, 242.5], [301.5, 243.0], [302.0, 243.5], [302.5, 244.0], [303.0, 244.5], [303.0, 245.5], [303.0, 246.5], [302.5, 247.0], [302.0, 247.5], [302.0, 248.5], [301.5, 249.0], [301.0, 249.5], [300.5, 250.0], [300.0, 250.5], [299.5, 251.0], [298.5, 251.0], [297.5, 251.0], [296.5, 251.0], [295.5, 251.0], [295.0, 251.5], [294.5, 252.0]]]}, "properties": {"objectType": "detection", "name": "label_219", "label_id": 219}}, {"type": "Feature", "geometry": {"type": "Polygon", "coordinates": [[[388.5, 349.0], [387.5, 349.0], [386.5, 349.0], [385.5, 349.0], [384.5, 349.0], [384.0, 348.5], [383.5, 348.0], [383.0, 347.5], [382.5, 347.0], [382.0, 346.5], [382.0, 345.5], [381.5, 345.0], [381.0, 344.5], [381.0, 343.5], [381.0, 342.5], [381.0, 341.5], [381.0, 340.5], [381.0, 339.5], [381.0, 338.5], [381.0, 337.5], [381.0, 336.5], [381.0, 335.5], [381.0, 334.5], [381.0, 333.5], [381.0, 332.5], [381.0, 331.5], [381.5, 331.0], [382.0, 330.5], [382.0, 329.5], [382.5, 329.0], [383.0, 328.5], [383.5, 328.0], [384.0, 327.5], [384.5, 327.0], [385.5, 327.0], [386.0, 327.5], [386.5, 328.0], [387.5, 328.0], [388.0, 328.5], [388.5, 329.0], [389.0, 329.5], [389.0, 330.5], [389.5, 331.0], [390.0, 331.5], [390.5, 332.0], [391.0, 332.5], [391.0, 333.5], [391.5, 334.0], [392.0, 334.5], [392.0, 335.5], [392.0, 336.5], [392.0, 337.5], [392.0, 338.5], [392.0, 339.5], [392.0, 340.5], [392.0, 341.5], [392.0, 342.5], [391.5, 343.0], [391.0, 343.5], [391.0, 344.5], [391.0, 345.5], [391.0, 346.5], [390.5, 347.0], [390.0, 347.5], [389.5, 348.0], [389.0, 348.5], [388.5, 349.0]]]}, "properties": {"objectType": "detection", "name": "label_220", "label_id": 220}}, {"type": "Feature", "geometry": {"type": "Polygon", "coordinates": [[[106.5, 508.0], [105.5, 508.0], [104.5, 508.0], [103.5, 508.0], [102.5, 508.0], [101.5, 508.0], [100.5, 508.0], [99.5, 508.0], [98.5, 508.0], [98.0, 507.5], [97.5, 507.0], [96.5, 507.0], [96.0, 506.5], [95.5, 506.0], [95.0, 505.5], [94.5, 505.0], [94.0, 504.5], [93.5, 504.0], [93.0, 503.5], [93.0, 502.5], [93.0, 501.5], [93.5, 501.0], [94.0, 500.5], [94.0, 499.5], [94.5, 499.0], [95.0, 498.5], [95.5, 498.0], [96.5, 498.0], [97.0, 497.5], [97.5, 497.0], [98.5, 497.0], [99.0, 496.5], [99.5, 496.0], [100.5, 496.0], [101.5, 496.0], [102.5, 496.0], [103.5, 496.0], [104.5, 496.0], [105.5, 496.0], [106.5, 496.0], [107.0, 496.5], [107.5, 497.0], [108.5, 497.0], [109.0, 497.5], [109.5, 498.0], [110.5, 498.0], [111.0, 498.5], [111.5, 499.0], [112.5, 499.0], [113.0, 499.5], [113.5, 500.0], [114.0, 500.5], [114.0, 501.5], [114.0, 502.5], [114.0, 503.5], [113.5, 504.0], [113.0, 504.5], [112.5, 505.0], [112.0, 505.5], [111.5, 506.0], [111.0, 506.5], [110.5, 507.0], [109.5, 507.0], [108.5, 507.0], [107.5, 507.0], [107.0, 507.5], [106.5, 508.0]]]}, "properties": {"objectType": "detection", "name": "label_221", "label_id": 221}}, {"type": "Feature", "geometry": {"type": "Polygon", "coordinates": [[[5.5, 527.0], [4.5, 527.0], [3.5, 527.0], [3.0, 526.5], [2.5, 526.0], [2.0, 525.5], [1.5, 525.0], [1.0, 524.5], [1.0, 523.5], [1.0, 522.5], [1.0, 521.5], [1.0, 520.5], [1.5, 520.0], [2.0, 519.5], [2.0, 518.5], [2.0, 517.5], [2.5, 517.0], [3.0, 516.5], [3.5, 516.0], [4.0, 515.5], [4.5, 515.0], [5.5, 515.0], [6.0, 514.5], [6.5, 514.0], [7.5, 514.0], [8.5, 514.0], [9.5, 514.0], [10.0, 513.5], [10.5, 513.0], [11.5, 513.0], [12.5, 513.0], [13.5, 513.0], [14.5, 513.0], [15.0, 513.5], [15.5, 514.0], [16.5, 514.0], [17.5, 514.0], [18.0, 514.5], [18.5, 515.0], [19.5, 515.0], [20.0, 515.5], [20.5, 516.0], [21.0, 516.5], [21.0, 517.5], [21.0, 518.5], [21.0, 519.5], [20.5, 520.0], [20.0, 520.5], [19.5, 521.0], [19.0, 521.5], [18.5, 522.0], [18.0, 522.5], [17.5, 523.0], [16.5, 523.0], [15.5, 523.0], [15.0, 523.5], [14.5, 524.0], [13.5, 524.0], [12.5, 524.0], [12.0, 524.5], [11.5, 525.0], [10.5, 525.0], [10.0, 525.5], [9.5, 526.0], [8.5, 526.0], [7.5, 526.0], [6.5, 526.0], [6.0, 526.5], [5.5, 527.0]]]}, "properties": {"objectType": "detection", "name": "label_222", "label_id": 222}}, {"type": "Feature", "geometry": {"type": "Polygon", "coordinates": [[[421.5, 535.0], [420.5, 535.0], [419.5, 535.0], [418.5, 535.0], [417.5, 535.0], [416.5, 535.0], [415.5, 535.0], [415.0, 534.5], [414.5, 534.0], [413.5, 534.0], [412.5, 534.0], [412.0, 533.5], [411.5, 533.0], [411.0, 532.5], [411.0, 531.5], [410.5, 531.0], [410.0, 530.5], [410.0, 529.5], [410.0, 528.5], [410.0, 527.5], [410.5, 527.0], [411.0, 526.5], [411.5, 526.0], [412.5, 526.0], [413.0, 525.5], [413.5, 525.0], [414.0, 524.5], [414.5, 524.0], [415.5, 524.0], [416.0, 523.5], [416.5, 523.0], [417.5, 523.0], [418.0, 522.5], [418.5, 522.0], [419.5, 522.0], [420.5, 522.0], [421.5, 522.0], [422.0, 522.5], [422.5, 523.0], [423.5, 523.0], [424.0, 523.5], [424.5, 524.0], [425.5, 524.0], [426.5, 524.0], [427.0, 524.5], [427.5, 525.0], [428.5, 525.0], [429.0, 525.5], [429.5, 526.0], [430.0, 526.5], [430.5, 527.0], [431.0, 527.5], [431.5, 528.0], [432.0, 528.5], [432.0, 529.5], [431.5, 530.0], [431.0, 530.5], [430.5, 531.0], [429.5, 531.0], [428.5, 531.0], [428.0, 531.5], [427.5, 532.0], [426.5, 532.0], [426.0, 532.5], [425.5, 533.0], [425.0, 533.5], [424.5, 534.0], [423.5, 534.0], [422.5, 534.0], [422.0, 534.5], [421.5, 535.0]]]}, "properties": {"objectType": "detection", "name": "label_223", "label_id": 223}}, {"type": "Feature", "geometry": {"type": "Polygon", "coordinates": [[[841.5, 620.0], [840.5, 620.0], [839.5, 620.0], [838.5, 620.0], [837.5, 620.0], [837.0, 619.5], [836.5, 619.0], [836.0, 618.5], [835.5, 618.0], [835.0, 617.5], [835.0, 616.5], [834.5, 616.0], [834.0, 615.5], [834.0, 614.5], [833.5, 614.0], [833.0, 613.5], [833.0, 612.5], [832.5, 612.0], [832.0, 611.5], [832.0, 610.5], [832.0, 609.5], [832.0, 608.5], [832.0, 607.5], [832.0, 606.5], [832.0, 605.5], [832.5, 605.0], [833.0, 604.5], [833.5, 604.0], [834.0, 603.5], [834.5, 603.0], [835.5, 603.0], [836.5, 603.0], [837.5, 603.0], [838.5, 603.0], [839.0, 603.5], [839.5, 604.0], [840.5, 604.0], [841.0, 604.5], [841.5, 605.0], [842.5, 605.0], [843.0, 605.5], [843.5, 606.0], [844.0, 606.5], [844.5, 607.0], [845.0, 607.5], [845.5, 608.0], [846.0, 608.5], [846.0, 609.5], [846.5, 610.0], [847.0, 610.5], [847.0, 611.5], [847.5, 612.0], [848.0, 612.5], [848.0, 613.5], [847.5, 614.0], [847.0, 614.5], [847.0, 615.5], [846.5, 616.0], [846.0, 616.5], [846.0, 617.5], [845.5, 618.0], [844.5, 618.0], [844.0, 618.5], [843.5, 619.0], [842.5, 619.0], [842.0, 619.5], [841.5, 620.0]]]}, "properties": {"objectType": "detection", "name": "label_224", "label_id": 224}}, {"type": "Feature", "geometry": {"type": "Polygon", "coordinates": [[[628.5, 121.0], [627.5, 121.0], [626.5, 121.0], [625.5, 121.0], [624.5, 121.0], [623.5, 121.0], [622.5, 121.0], [622.0, 120.5], [621.5, 120.0], [621.0, 119.5], [620.5, 119.0], [619.5, 119.0], [619.0, 118.5], [618.5, 118.0], [618.0, 117.5], [617.5, 117.0], [617.0, 116.5], [617.0, 115.5], [617.0, 114.5], [616.5, 114.0], [616.0, 113.5], [616.0, 112.5], [616.0, 111.5], [616.5, 111.0], [617.0, 110.5], [617.0, 109.5], [617.0, 108.5], [617.0, 107.5], [617.5, 107.0], [618.0, 106.5], [618.5, 106.0], [619.0, 105.5], [619.5, 105.0], [620.0, 104.5], [620.5, 104.0], [621.5, 104.0], [622.5, 104.0], [623.5, 104.0], [624.0, 104.5], [624.5, 105.0], [625.5, 105.0], [626.0, 105.5], [626.5, 106.0], [627.0, 106.5], [627.5, 107.0], [628.0, 107.5], [628.5, 108.0], [629.0, 108.5], [629.5, 109.0], [630.0, 109.5], [630.0, 110.5], [630.5, 111.0], [631.0, 111.5], [631.0, 112.5], [631.0, 113.5], [631.0, 114.5], [631.0, 115.5], [631.0, 116.5], [631.0, 117.5], [631.0, 118.5], [630.5, 119.0], [630.0, 119.5], [629.5, 120.0], [629.0, 120.5], [628.5, 121.0]]]}, "properties": {"objectType": "detection", "name": "label_225", "label_id": 225}}, {"type": "Feature", "geometry": {"type": "Polygon", "coordinates": [[[263.5, 725.0], [262.5, 725.0], [261.5, 725.0], [260.5, 725.0], [259.5, 725.0], [259.0, 724.5], [258.5, 724.0], [257.5, 724.0], [256.5, 724.0], [256.0, 723.5], [255.5, 723.0], [254.5, 723.0], [254.0, 722.5], [253.5, 722.0], [252.5, 722.0], [252.0, 721.5], [251.5, 721.0], [251.0, 720.5], [251.0, 719.5], [250.5, 719.0], [250.0, 718.5], [250.0, 717.5], [250.0, 716.5], [250.0, 715.5], [250.0, 714.5], [250.5, 714.0], [251.0, 713.5], [251.5, 713.0], [252.0, 712.5], [252.5, 712.0], [253.0, 711.5], [253.5, 711.0], [254.5, 711.0], [255.5, 711.0], [256.0, 711.5], [256.5, 712.0], [257.5, 712.0], [258.0, 712.5], [258.5, 713.0], [259.5, 713.0], [260.5, 713.0], [261.5, 713.0], [262.0, 713.5], [262.5, 714.0], [263.5, 714.0], [264.5, 714.0], [265.0, 714.5], [265.5, 715.0], [266.0, 715.5], [266.5, 716.0], [267.5, 716.0], [268.0, 716.5], [268.5, 717.0], [269.0, 717.5], [269.5, 718.0], [270.0, 718.5], [270.0, 719.5], [270.0, 720.5], [270.0, 721.5], [270.0, 722.5], [269.5, 723.0], [268.5, 723.0], [268.0, 723.5], [267.5, 724.0], [266.5, 724.0], [265.5, 724.0], [264.5, 724.0], [264.0, 724.5], [263.5, 725.0]]]}, "properties": {"objectType": "detection", "name": "label_226", "label_id": 226}}, {"type": "Feature", "geometry": {"type": "Polygon", "coordinates": [[[653.5, 538.0], [652.5, 538.0], [651.5, 538.0], [650.5, 538.0], [649.5, 538.0], [649.0, 537.5], [648.5, 537.0], [648.0, 536.5], [647.5, 536.0], [647.0, 535.5], [647.0, 534.5], [646.5, 534.0], [646.0, 533.5], [646.0, 532.5], [646.0, 531.5], [646.0, 530.5], [645.5, 530.0], [645.0, 529.5], [645.5, 529.0], [646.0, 528.5], [646.0, 527.5], [646.0, 526.5], [646.5, 526.0], [647.0, 525.5], [647.0, 524.5], [647.5, 524.0], [648.0, 523.5], [648.5, 523.0], [649.0, 522.5], [649.5, 522.0], [650.5, 522.0], [651.0, 521.5], [651.5, 521.0], [652.0, 520.5], [652.5, 520.0], [653.5, 520.0], [654.5, 520.0], [655.5, 520.0], [656.0, 520.5], [656.5, 521.0], [657.0, 521.5], [657.5, 522.0], [658.0, 522.5], [658.5, 523.0], [659.0, 523.5], [659.0, 524.5], [659.5, 525.0], [660.0, 525.5], [660.0, 526.5], [660.0, 527.5], [660.0, 528.5], [660.0, 529.5], [660.0, 530.5], [659.5, 531.0], [659.0, 531.5], [659.0, 532.5], [658.5, 533.0], [658.0, 533.5], [657.5, 534.0], [657.0, 534.5], [656.5, 535.0], [656.0, 535.5], [656.0, 536.5], [655.5, 537.0], [654.5, 537.0], [654.0, 537.5], [653.5, 538.0]]]}, "properties": {"objectType": "detection", "name": "label_227", "label_id": 227}}, {"type": "Feature", "geometry": {"type": "Polygon", "coordinates": [[[38.5, 676.0], [37.5, 676.0], [36.5, 676.0], [35.5, 676.0], [34.5, 676.0], [33.5, 676.0], [32.5, 676.0], [32.0, 675.5], [31.5, 675.0], [31.0, 674.5], [30.5, 674.0], [30.0, 673.5], [29.5, 673.0], [29.0, 672.5], [28.5, 672.0], [28.0, 671.5], [28.0, 670.5], [28.0, 669.5], [28.0, 668.5], [27.5, 668.0], [27.0, 667.5], [27.5, 667.0], [28.0, 666.5], [28.0, 665.5], [28.0, 664.5], [28.5, 664.0], [29.0, 663.5], [29.5, 663.0], [30.0, 662.5], [30.5, 662.0], [31.0, 661.5], [31.5, 661.0], [32.5, 661.0], [33.0, 660.5], [33.5, 660.0], [34.5, 660.0], [35.5, 660.0], [36.5, 660.0], [37.0, 660.5], [37.5, 661.0], [38.5, 661.0], [39.5, 661.0], [40.0, 661.5], [40.5, 662.0], [41.0, 662.5], [41.5, 663.0], [42.0, 663.5], [42.0, 664.5], [42.0, 665.5], [42.5, 666.0], [43.0, 666.5], [43.0, 667.5], [43.0, 668.5], [43.0, 669.5], [43.0, 670.5], [43.0, 671.5], [42.5, 672.0], [42.0, 672.5], [41.5, 673.0], [41.0, 673.5], [40.5, 674.0], [40.0, 674.5], [39.5, 675.0], [39.0, 675.5], [38.5, 676.0]]]}, "properties": {"objectType": "detection", "name": "label_228", "label_id": 228}}, {"type": "Feature", "geometry": {"type": "Polygon", "coordinates": [[[309.5, 276.0], [308.5, 276.0], [307.5, 276.0], [307.0, 275.5], [306.5, 275.0], [305.5, 275.0], [304.5, 275.0], [304.0, 274.5], [303.5, 274.0], [302.5, 274.0], [302.0, 273.5], [301.5, 273.0], [301.0, 272.5], [300.5, 272.0], [300.0, 271.5], [299.5, 271.0], [298.5, 271.0], [298.0, 270.5], [297.5, 270.0], [297.0, 269.5], [296.5, 269.0], [296.0, 268.5], [296.0, 267.5], [296.0, 266.5], [296.0, 265.5], [296.0, 264.5], [296.0, 263.5], [296.5, 263.0], [297.0, 262.5], [297.5, 262.0], [298.5, 262.0], [299.0, 261.5], [299.5, 261.0], [300.5, 261.0], [301.5, 261.0], [302.5, 261.0], [303.0, 260.5], [303.5, 260.0], [304.0, 260.5], [304.5, 261.0], [305.5, 261.0], [306.5, 261.0], [307.5, 261.0], [308.0, 261.5], [308.5, 262.0], [309.5, 262.0], [310.0, 262.5], [310.5, 263.0], [311.0, 263.5], [311.5, 264.0], [312.0, 264.5], [312.0, 265.5], [312.5, 266.0], [313.0, 266.5], [313.0, 267.5], [313.0, 268.5], [313.0, 269.5], [313.0, 270.5], [312.5, 271.0], [312.0, 271.5], [312.0, 272.5], [312.0, 273.5], [311.5, 274.0], [311.0, 274.5], [310.5, 275.0], [310.0, 275.5], [309.5, 276.0]]]}, "properties": {"objectType": "detection", "name": "label_229", "label_id": 229}}, {"type": "Feature", "geometry": {"type": "Polygon", "coordinates": [[[303.5, 579.0], [302.5, 579.0], [301.5, 579.0], [300.5, 579.0], [299.5, 579.0], [298.5, 579.0], [298.0, 578.5], [297.5, 578.0], [297.0, 577.5], [297.0, 576.5], [296.5, 576.0], [296.0, 575.5], [296.0, 574.5], [296.0, 573.5], [296.0, 572.5], [296.0, 571.5], [296.0, 570.5], [296.0, 569.5], [296.5, 569.0], [297.0, 568.5], [297.0, 567.5], [297.5, 567.0], [298.0, 566.5], [298.5, 566.0], [299.0, 565.5], [299.5, 565.0], [300.0, 564.5], [300.5, 564.0], [301.5, 564.0], [302.5, 564.0], [303.0, 563.5], [303.5, 563.0], [304.5, 563.0], [305.5, 563.0], [306.5, 563.0], [307.5, 563.0], [308.0, 563.5], [308.5, 564.0], [309.5, 564.0], [310.0, 564.5], [310.5, 565.0], [311.0, 565.5], [311.5, 566.0], [312.0, 566.5], [312.0, 567.5], [312.0, 568.5], [312.0, 569.5], [312.0, 570.5], [311.5, 571.0], [311.0, 571.5], [310.5, 572.0], [310.0, 572.5], [309.5, 573.0], [309.0, 573.5], [309.0, 574.5], [308.5, 575.0], [308.0, 575.5], [307.5, 576.0], [307.0, 576.5], [306.5, 577.0], [306.0, 577.5], [305.5, 578.0], [304.5, 578.0], [304.0, 578.5], [303.5, 579.0]]]}, "properties": {"objectType": "detection", "name": "label_230", "label_id": 230}}, {"type": "Feature", "geometry": {"type": "Polygon", "coordinates": [[[816.5, 632.0], [816.0, 631.5], [815.5, 631.0], [814.5, 631.0], [813.5, 631.0], [812.5, 631.0], [811.5, 631.0], [810.5, 631.0], [810.0, 630.5], [809.5, 630.0], [808.5, 630.0], [808.0, 629.5], [807.5, 629.0], [807.0, 628.5], [806.5, 628.0], [806.0, 627.5], [805.5, 627.0], [805.0, 626.5], [805.0, 625.5], [804.5, 625.0], [804.0, 624.5], [804.0, 623.5], [804.0, 622.5], [803.5, 622.0], [803.0, 621.5], [803.0, 620.5], [803.0, 619.5], [803.0, 618.5], [803.5, 618.0], [804.0, 617.5], [804.0, 616.5], [804.5, 616.0], [805.0, 615.5], [805.5, 615.0], [806.5, 615.0], [807.5, 615.0], [808.5, 615.0], [809.0, 615.5], [809.5, 616.0], [810.0, 616.5], [810.5, 617.0], [811.0, 617.5], [811.5, 618.0], [812.0, 618.5], [812.5, 619.0], [813.0, 619.5], [813.5, 620.0], [814.0, 620.5], [814.5, 621.0], [815.5, 621.0], [816.0, 621.5], [816.5, 622.0], [817.0, 622.5], [817.5, 623.0], [818.5, 623.0], [819.0, 623.5], [819.5, 624.0], [820.0, 624.5], [820.5, 625.0], [821.0, 625.5], [821.5, 626.0], [822.0, 626.5], [822.5, 627.0], [823.0, 627.5], [823.0, 628.5], [822.5, 629.0], [822.0, 629.5], [821.5, 630.0], [820.5, 630.0], [820.0, 630.5], [819.5, 631.0], [818.5, 631.0], [817.5, 631.0], [817.0, 631.5], [816.5, 632.0]]]}, "properties": {"objectType": "detection", "name": "label_231", "label_id": 231}}, {"type": "Feature", "geometry": {"type": "Polygon", "coordinates": [[[57.5, 292.0], [56.5, 292.0], [55.5, 292.0], [55.0, 291.5], [54.5, 291.0], [53.5, 291.0], [52.5, 291.0], [51.5, 291.0], [51.0, 290.5], [50.5, 290.0], [50.0, 289.5], [49.5, 289.0], [49.0, 288.5], [48.5, 288.0], [48.0, 287.5], [47.5, 287.0], [47.0, 286.5], [47.0, 285.5], [47.0, 284.5], [47.0, 283.5], [47.0, 282.5], [47.5, 282.0], [48.0, 281.5], [48.0, 280.5], [48.5, 280.0], [49.5, 280.0], [50.0, 279.5], [50.5, 279.0], [51.5, 279.0], [52.0, 278.5], [52.5, 278.0], [53.5, 278.0], [54.5, 278.0], [55.5, 278.0], [56.5, 278.0], [57.5, 278.0], [58.0, 278.5], [58.5, 279.0], [59.5, 279.0], [60.0, 279.5], [60.5, 280.0], [61.5, 280.0], [62.5, 280.0], [63.0, 280.5], [63.5, 281.0], [64.0, 281.5], [64.5, 282.0], [65.0, 282.5], [65.5, 283.0], [66.0, 283.5], [66.0, 284.5], [65.5, 285.0], [65.0, 285.5], [65.0, 286.5], [64.5, 287.0], [64.0, 287.5], [63.5, 288.0], [63.0, 288.5], [62.5, 289.0], [62.0, 289.5], [61.5, 290.0], [61.0, 290.5], [60.5, 291.0], [59.5, 291.0], [58.5, 291.0], [58.0, 291.5], [57.5, 292.0]]]}, "properties": {"objectType": "detection", "name": "label_232", "label_id": 232}}, {"type": "Feature", "geometry": {"type": "Polygon", "coordinates": [[[432.5, 413.0], [431.5, 413.0], [430.5, 413.0], [429.5, 413.0], [429.0, 412.5], [428.5, 412.0], [427.5, 412.0], [426.5, 412.0], [425.5, 412.0], [424.5, 412.0], [424.0, 411.5], [423.5, 411.0], [422.5, 411.0], [421.5, 411.0], [421.0, 410.5], [420.5, 410.0], [420.0, 409.5], [419.5, 409.0], [419.0, 408.5], [418.5, 408.0], [418.0, 407.5], [418.0, 406.5], [418.0, 405.5], [417.5, 405.0], [417.0, 404.5], [417.0, 403.5], [417.5, 403.0], [418.0, 402.5], [418.5, 402.0], [419.0, 401.5], [419.5, 401.0], [420.0, 400.5], [420.0, 399.5], [420.5, 399.0], [421.5, 399.0], [422.5, 399.0], [423.5, 399.0], [424.5, 399.0], [425.5, 399.0], [426.5, 399.0], [427.5, 399.0], [428.5, 399.0], [429.5, 399.0], [430.5, 399.0], [431.0, 399.5], [431.5, 400.0], [432.0, 400.5], [432.5, 401.0], [433.0, 401.5], [433.5, 402.0], [434.0, 402.5], [434.0, 403.5], [434.5, 404.0], [435.0, 404.5], [435.0, 405.5], [435.0, 406.5], [434.5, 407.0], [434.0, 407.5], [434.0, 408.5], [434.0, 409.5], [434.0, 410.5], [434.0, 411.5], [433.5, 412.0], [433.0, 412.5], [432.5, 413.0]]]}, "properties": {"objectType": "detection", "name": "label_233", "label_id": 233}}, {"type": "Feature", "geometry": {"type": "Polygon", "coordinates": [[[171.5, 41.0], [170.5, 41.0], [169.5, 41.0], [168.5, 41.0], [167.5, 41.0], [166.5, 41.0], [165.5, 41.0], [165.0, 40.5], [164.5, 40.0], [164.0, 39.5], [163.5, 39.0], [163.0, 38.5], [162.5, 38.0], [162.0, 37.5], [162.0, 36.5], [162.0, 35.5], [161.5, 35.0], [161.0, 34.5], [161.0, 33.5], [161.0, 32.5], [161.0, 31.5], [161.0, 30.5], [161.0, 29.5], [161.0, 28.5], [161.5, 28.0], [162.0, 27.5], [162.0, 26.5], [162.0, 25.5], [162.5, 25.0], [163.5, 25.0], [164.0, 24.5], [164.5, 24.0], [165.0, 23.5], [165.5, 23.0], [166.5, 23.0], [167.5, 23.0], [168.5, 23.0], [169.0, 23.5], [169.5, 24.0], [170.0, 24.5], [170.5, 25.0], [171.0, 25.5], [171.0, 26.5], [171.5, 27.0], [172.0, 27.5], [172.0, 28.5], [172.5, 29.0], [173.0, 29.5], [173.0, 30.5], [173.5, 31.0], [174.0, 31.5], [174.0, 32.5], [174.0, 33.5], [174.0, 34.5], [174.5, 35.0], [175.0, 35.5], [175.0, 36.5], [175.0, 37.5], [174.5, 38.0], [174.0, 38.5], [174.0, 39.5], [173.5, 40.0], [172.5, 40.0], [172.0, 40.5], [171.5, 41.0]]]}, "properties": {"objectType": "detection", "name": "label_234", "label_id": 234}}, {"type": "Feature", "geometry": {"type": "Polygon", "coordinates": [[[560.5, 395.0], [559.5, 395.0], [558.5, 395.0], [557.5, 395.0], [556.5, 395.0], [556.0, 394.5], [555.5, 394.0], [554.5, 394.0], [553.5, 394.0], [552.5, 394.0], [551.5, 394.0], [550.5, 394.0], [550.0, 393.5], [550.0, 392.5], [549.5, 392.0], [549.0, 391.5], [549.0, 390.5], [549.0, 389.5], [548.5, 389.0], [548.0, 388.5], [548.5, 388.0], [549.0, 387.5], [549.0, 386.5], [549.0, 385.5], [549.5, 385.0], [550.0, 384.5], [550.5, 384.0], [551.0, 383.5], [551.5, 383.0], [552.0, 382.5], [552.5, 382.0], [553.5, 382.0], [554.5, 382.0], [555.5, 382.0], [556.5, 382.0], [557.0, 381.5], [557.5, 381.0], [558.5, 381.0], [559.5, 381.0], [560.5, 381.0], [561.5, 381.0], [562.0, 381.5], [562.5, 382.0], [563.5, 382.0], [564.5, 382.0], [565.0, 382.5], [565.0, 383.5], [565.5, 384.0], [566.0, 384.5], [566.0, 385.5], [566.0, 386.5], [566.0, 387.5], [565.5, 388.0], [565.0, 388.5], [565.0, 389.5], [564.5, 390.0], [564.0, 390.5], [564.0, 391.5], [563.5, 392.0], [563.0, 392.5], [562.5, 393.0], [562.0, 393.5], [561.5, 394.0], [561.0, 394.5], [560.5, 395.0]]]}, "properties": {"objectType": "detection", "name": "label_235", "label_id": 235}}, {"type": "Feature", "geometry": {"type": "Polygon", "coordinates": [[[866.5, 520.0], [865.5, 520.0], [864.5, 520.0], [864.0, 519.5], [863.5, 519.0], [863.0, 518.5], [863.0, 517.5], [862.5, 517.0], [862.0, 516.5], [862.0, 515.5], [862.0, 514.5], [862.0, 513.5], [862.0, 512.5], [862.0, 511.5], [862.0, 510.5], [862.0, 509.5], [862.5, 509.0], [863.0, 508.5], [863.0, 507.5], [863.5, 507.0], [864.0, 506.5], [864.5, 506.0], [865.0, 505.5], [865.5, 505.0], [866.5, 505.0], [867.0, 504.5], [867.5, 504.0], [868.0, 503.5], [868.5, 503.0], [869.5, 503.0], [870.5, 503.0], [871.5, 503.0], [872.5, 503.0], [873.5, 503.0], [874.0, 503.5], [874.5, 504.0], [875.0, 504.5], [875.5, 505.0], [876.0, 505.5], [876.5, 506.0], [877.0, 506.5], [877.0, 507.5], [877.0, 508.5], [877.0, 509.5], [877.0, 510.5], [876.5, 511.0], [876.0, 511.5], [876.0, 512.5], [875.5, 513.0], [875.0, 513.5], [875.0, 514.5], [874.5, 515.0], [874.0, 515.5], [873.5, 516.0], [872.5, 516.0], [872.0, 516.5], [871.5, 517.0], [871.0, 517.5], [870.5, 518.0], [870.0, 518.5], [869.5, 519.0], [868.5, 519.0], [867.5, 519.0], [867.0, 519.5], [866.5, 520.0]]]}, "properties": {"objectType": "detection", "name": "label_236", "label_id": 236}}, {"type": "Feature", "geometry": {"type": "Polygon", "coordinates": [[[699.5, 174.0], [698.5, 174.0], [697.5, 174.0], [696.5, 174.0], [696.0, 173.5], [695.5, 173.0], [694.5, 173.0], [694.0, 172.5], [693.5, 172.0], [693.0, 171.5], [692.5, 171.0], [692.0, 170.5], [691.5, 170.0], [691.0, 169.5], [691.0, 168.5], [691.0, 167.5], [691.0, 166.5], [691.0, 165.5], [691.5, 165.0], [692.0, 164.5], [692.0, 163.5], [692.5, 163.0], [693.0, 162.5], [693.5, 162.0], [694.0, 161.5], [694.5, 161.0], [695.0, 160.5], [695.5, 160.0], [696.5, 160.0], [697.0, 159.5], [697.5, 159.0], [698.5, 159.0], [699.5, 159.0], [700.5, 159.0], [701.5, 159.0], [702.5, 159.0], [703.5, 159.0], [704.0, 159.5], [704.5, 160.0], [705.5, 160.0], [706.0, 160.5], [706.5, 161.0], [707.0, 161.5], [707.5, 162.0], [708.0, 162.5], [708.0, 163.5], [708.0, 164.5], [708.0, 165.5], [707.5, 166.0], [707.0, 166.5], [706.5, 167.0], [706.0, 167.5], [706.0, 168.5], [705.5, 169.0], [705.0, 169.5], [704.5, 170.0], [704.0, 170.5], [703.5, 171.0], [703.0, 171.5], [702.5, 172.0], [702.0, 172.5], [701.5, 173.0], [700.5, 173.0], [700.0, 173.5], [699.5, 174.0]]]}, "properties": {"objectType": "detection", "name": "label_237", "label_id": 237}}, {"type": "Feature", "geometry": {"type": "Polygon", "coordinates": [[[750.5, 734.0], [749.5, 734.0], [748.5, 734.0], [747.5, 734.0], [747.0, 733.5], [746.5, 733.0], [745.5, 733.0], [745.0, 732.5], [745.0, 731.5], [745.0, 730.5], [745.0, 729.5], [745.0, 728.5], [745.0, 727.5], [745.0, 726.5], [745.0, 725.5], [745.5, 725.0], [746.0, 724.5], [746.0, 723.5], [746.5, 723.0], [747.0, 722.5], [747.0, 721.5], [747.5, 721.0], [748.0, 720.5], [748.5, 720.0], [749.0, 719.5], [749.5, 719.0], [750.0, 718.5], [750.5, 718.0], [751.5, 718.0], [752.0, 717.5], [752.5, 717.0], [753.0, 716.5], [753.5, 716.0], [754.0, 715.5], [754.5, 715.0], [755.5, 715.0], [756.0, 714.5], [756.5, 714.0], [757.5, 714.0], [758.0, 714.5], [758.5, 715.0], [759.0, 715.5], [759.5, 716.0], [760.0, 716.5], [760.0, 717.5], [760.0, 718.5], [760.0, 719.5], [760.0, 720.5], [760.0, 721.5], [759.5, 722.0], [759.0, 722.5], [758.5, 723.0], [758.0, 723.5], [758.0, 724.5], [757.5, 725.0], [757.0, 725.5], [757.0, 726.5], [756.5, 727.0], [756.0, 727.5], [755.5, 728.0], [755.0, 728.5], [755.0, 729.5], [754.5, 730.0], [754.0, 730.5], [753.5, 731.0], [753.0, 731.5], [753.0, 732.5], [752.5, 733.0], [751.5, 733.0], [751.0, 733.5], [750.5, 734.0]]]}, "properties": {"objectType": "detection", "name": "label_238", "label_id": 238}}, {"type": "Feature", "geometry": {"type": "Polygon", "coordinates": [[[84.5, 733.0], [83.5, 733.0], [82.5, 733.0], [81.5, 733.0], [80.5, 733.0], [79.5, 733.0], [79.0, 732.5], [78.5, 732.0], [78.0, 731.5], [77.5, 731.0], [77.0, 730.5], [77.0, 729.5], [76.5, 729.0], [76.0, 728.5], [76.0, 727.5], [76.0, 726.5], [76.0, 725.5], [76.0, 724.5], [76.0, 723.5], [76.0, 722.5], [76.5, 722.0], [77.0, 721.5], [77.0, 720.5], [77.5, 720.0], [78.0, 719.5], [78.0, 718.5], [78.5, 718.0], [79.0, 717.5], [79.5, 717.0], [80.5, 717.0], [81.0, 716.5], [81.5, 716.0], [82.5, 716.0], [83.0, 716.5], [83.5, 717.0], [84.5, 717.0], [85.0, 717.5], [85.5, 718.0], [86.5, 718.0], [87.0, 718.5], [87.5, 719.0], [88.0, 719.5], [88.5, 720.0], [89.0, 720.5], [89.0, 721.5], [89.5, 722.0], [90.0, 722.5], [90.0, 723.5], [90.5, 724.0], [91.0, 724.5], [90.5, 725.0], [90.0, 725.5], [90.0, 726.5], [90.0, 727.5], [89.5, 728.0], [89.0, 728.5], [89.0, 729.5], [89.0, 730.5], [88.5, 731.0], [87.5, 731.0], [87.0, 731.5], [86.5, 732.0], [85.5, 732.0], [85.0, 732.5], [84.5, 733.0]]]}, "properties": {"objectType": "detection", "name": "label_239", "label_id": 239}}, {"type": "Feature", "geometry": {"type": "Polygon", "coordinates": [[[262.5, 152.0], [261.5, 152.0], [260.5, 152.0], [259.5, 152.0], [258.5, 152.0], [257.5, 152.0], [256.5, 152.0], [256.0, 151.5], [255.5, 151.0], [254.5, 151.0], [254.0, 150.5], [253.5, 150.0], [253.0, 149.5], [252.5, 149.0], [252.0, 148.5], [252.0, 147.5], [252.0, 146.5], [251.5, 146.0], [251.0, 145.5], [251.0, 144.5], [251.0, 143.5], [251.0, 142.5], [251.0, 141.5], [251.5, 141.0], [252.0, 140.5], [252.5, 140.0], [253.0, 139.5], [253.5, 139.0], [254.0, 138.5], [254.5, 138.0], [255.5, 138.0], [256.5, 138.0], [257.0, 137.5], [257.5, 137.0], [258.5, 137.0], [259.5, 137.0], [260.0, 137.5], [260.5, 138.0], [261.5, 138.0], [262.5, 138.0], [263.0, 138.5], [263.5, 139.0], [264.0, 139.5], [264.5, 140.0], [265.0, 140.5], [265.5, 141.0], [266.0, 141.5], [266.5, 142.0], [267.0, 142.5], [267.0, 143.5], [267.0, 144.5], [267.0, 145.5], [267.0, 146.5], [266.5, 147.0], [266.0, 147.5], [266.0, 148.5], [265.5, 149.0], [265.0, 149.5], [264.5, 150.0], [264.0, 150.5], [263.5, 151.0], [263.0, 151.5], [262.5, 152.0]]]}, "properties": {"objectType": "detection", "name": "label_240", "label_id": 240}}, {"type": "Feature", "geometry": {"type": "Polygon", "coordinates": [[[732.5, 157.0], [731.5, 157.0], [730.5, 157.0], [730.0, 156.5], [729.5, 156.0], [728.5, 156.0], [727.5, 156.0], [727.0, 155.5], [726.5, 155.0], [725.5, 155.0], [725.0, 154.5], [724.5, 154.0], [724.0, 153.5], [723.5, 153.0], [723.0, 152.5], [722.5, 152.0], [722.0, 151.5], [722.0, 150.5], [722.0, 149.5], [721.5, 149.0], [721.0, 148.5], [721.0, 147.5], [721.0, 146.5], [721.0, 145.5], [721.5, 145.0], [722.0, 144.5], [722.0, 143.5], [722.0, 142.5], [722.5, 142.0], [723.0, 141.5], [723.5, 141.0], [724.5, 141.0], [725.5, 141.0], [726.5, 141.0], [727.5, 141.0], [728.5, 141.0], [729.5, 141.0], [730.5, 141.0], [731.0, 141.5], [731.5, 142.0], [732.0, 142.5], [732.5, 143.0], [733.0, 143.5], [733.5, 144.0], [734.0, 144.5], [734.5, 145.0], [735.0, 145.5], [735.0, 146.5], [735.0, 147.5], [735.5, 148.0], [736.0, 148.5], [736.0, 149.5], [736.0, 150.5], [736.0, 151.5], [736.0, 152.5], [736.0, 153.5], [736.0, 154.5], [735.5, 155.0], [735.0, 155.5], [734.5, 156.0], [733.5, 156.0], [733.0, 156.5], [732.5, 157.0]]]}, "properties": {"objectType": "detection", "name": "label_241", "label_id": 241}}, {"type": "Feature", "geometry": {"type": "Polygon", "coordinates": [[[121.5, 306.0], [120.5, 306.0], [119.5, 306.0], [118.5, 306.0], [117.5, 306.0], [117.0, 305.5], [116.5, 305.0], [116.0, 304.5], [115.5, 304.0], [114.5, 304.0], [114.0, 303.5], [113.5, 303.0], [113.0, 302.5], [112.5, 302.0], [112.0, 301.5], [111.5, 301.0], [111.0, 300.5], [111.0, 299.5], [110.5, 299.0], [110.0, 298.5], [110.0, 297.5], [110.0, 296.5], [109.5, 296.0], [109.0, 295.5], [109.0, 294.5], [109.0, 293.5], [109.0, 292.5], [108.5, 292.0], [108.0, 291.5], [108.0, 290.5], [108.0, 289.5], [108.5, 289.0], [109.0, 288.5], [109.0, 287.5], [109.0, 286.5], [109.0, 285.5], [109.0, 284.5], [109.5, 284.0], [110.5, 284.0], [111.5, 284.0], [112.5, 284.0], [113.0, 284.5], [113.5, 285.0], [114.0, 285.5], [114.5, 286.0], [115.0, 286.5], [115.0, 287.5], [115.5, 288.0], [116.0, 288.5], [116.5, 289.0], [117.0, 289.5], [117.0, 290.5], [117.5, 291.0], [118.0, 291.5], [118.0, 292.5], [118.0, 293.5], [118.5, 294.0], [119.0, 294.5], [119.0, 295.5], [119.5, 296.0], [120.0, 296.5], [120.0, 297.5], [120.5, 298.0], [121.0, 298.5], [121.0, 299.5], [121.5, 300.0], [122.0, 300.5], [122.0, 301.5], [122.5, 302.0], [123.0, 302.5], [123.0, 303.5], [123.0, 304.5], [122.5, 305.0], [122.0, 305.5], [121.5, 306.0]]]}, "properties": {"objectType": "detection", "name": "label_242", "label_id": 242}}, {"type": "Feature", "geometry": {"type": "Polygon", "coordinates": [[[604.5, 341.0], [603.5, 341.0], [602.5, 341.0], [601.5, 341.0], [600.5, 341.0], [600.0, 340.5], [599.5, 340.0], [599.0, 339.5], [598.5, 339.0], [598.0, 338.5], [598.0, 337.5], [598.0, 336.5], [597.5, 336.0], [597.0, 335.5], [597.0, 334.5], [597.5, 334.0], [598.0, 333.5], [598.0, 332.5], [598.0, 331.5], [598.5, 331.0], [599.0, 330.5], [599.5, 330.0], [600.0, 329.5], [600.0, 328.5], [600.5, 328.0], [601.0, 327.5], [601.5, 327.0], [602.5, 327.0], [603.0, 326.5], [603.5, 326.0], [604.5, 326.0], [605.0, 325.5], [605.5, 325.0], [606.5, 325.0], [607.5, 325.0], [608.5, 325.0], [609.5, 325.0], [610.0, 325.5], [610.5, 326.0], [611.0, 326.5], [611.5, 327.0], [612.0, 327.5], [612.0, 328.5], [612.5, 329.0], [613.0, 329.5], [613.0, 330.5], [613.0, 331.5], [613.0, 332.5], [613.0, 333.5], [612.5, 334.0], [612.0, 334.5], [612.0, 335.5], [611.5, 336.0], [611.0, 336.5], [610.5, 337.0], [610.0, 337.5], [609.5, 338.0], [609.0, 338.5], [608.5, 339.0], [607.5, 339.0], [607.0, 339.5], [606.5, 340.0], [605.5, 340.0], [605.0, 340.5], [604.5, 341.0]]]}, "properties": {"objectType": "detection", "name": "label_243", "label_id": 243}}, {"type": "Feature", "geometry": {"type": "Polygon", "coordinates": [[[698.5, 359.0], [697.5, 359.0], [696.5, 359.0], [695.5, 359.0], [695.0, 358.5], [694.5, 358.0], [694.0, 357.5], [694.0, 356.5], [693.5, 356.0], [693.0, 355.5], [692.5, 355.0], [692.0, 354.5], [692.0, 353.5], [691.5, 353.0], [691.0, 352.5], [690.5, 352.0], [690.0, 351.5], [689.5, 351.0], [689.0, 350.5], [689.0, 349.5], [688.5, 349.0], [688.0, 348.5], [687.5, 348.0], [686.5, 348.0], [686.0, 347.5], [685.5, 347.0], [685.0, 346.5], [684.5, 346.0], [683.5, 346.0], [683.0, 345.5], [682.5, 345.0], [681.5, 345.0], [681.0, 344.5], [680.5, 344.0], [680.0, 343.5], [679.5, 343.0], [679.0, 342.5], [678.5, 342.0], [678.0, 341.5], [677.5, 341.0], [677.0, 340.5], [677.0, 339.5], [677.0, 338.5], [677.0, 337.5], [677.5, 337.0], [678.0, 336.5], [678.0, 335.5], [678.5, 335.0], [679.5, 335.0], [680.5, 335.0], [681.5, 335.0], [682.0, 335.5], [682.5, 336.0], [683.0, 336.5], [683.5, 337.0], [684.0, 337.5], [684.5, 338.0], [685.0, 338.5], [685.5, 339.0], [686.0, 339.5], [686.5, 340.0], [687.0, 340.5], [687.5, 341.0], [688.0, 341.5], [688.5, 342.0], [689.0, 342.5], [689.5, 343.0], [690.0, 343.5], [690.5, 344.0], [691.5, 344.0], [692.0, 344.5], [692.5, 345.0], [693.0, 345.5], [693.5, 346.0], [694.0, 346.5], [694.5, 347.0], [695.0, 347.5], [695.5, 348.0], [696.0, 348.5], [696.0, 349.5], [696.5, 350.0], [697.0, 350.5], [697.5, 351.0], [698.0, 351.5], [698.0, 352.5], [698.5, 353.0], [699.0, 353.5], [699.0, 354.5], [699.5, 355.0], [700.0, 355.5], [700.0, 356.5], [699.5, 357.0], [699.0, 357.5], [699.0, 358.5], [698.5, 359.0]]]}, "properties": {"objectType": "detection", "name": "label_244", "label_id": 244}}, {"type": "Feature", "geometry": {"type": "Polygon", "coordinates": [[[11.5, 430.0], [10.5, 430.0], [9.5, 430.0], [8.5, 430.0], [8.0, 429.5], [7.5, 429.0], [7.0, 428.5], [6.5, 428.0], [6.0, 427.5], [5.5, 427.0], [5.0, 426.5], [5.0, 425.5], [4.5, 425.0], [4.0, 424.5], [4.0, 423.5], [4.0, 422.5], [4.0, 421.5], [3.5, 421.0], [3.0, 420.5], [3.0, 419.5], [3.5, 419.0], [4.0, 418.5], [4.0, 417.5], [4.0, 416.5], [4.0, 415.5], [4.5, 415.0], [5.0, 414.5], [5.5, 414.0], [6.0, 413.5], [6.5, 413.0], [7.0, 412.5], [7.5, 412.0], [8.5, 412.0], [9.5, 412.0], [10.5, 412.0], [11.5, 412.0], [12.0, 412.5], [12.5, 413.0], [13.0, 413.5], [13.5, 414.0], [14.0, 414.5], [14.0, 415.5], [14.5, 416.0], [15.0, 416.5], [15.0, 417.5], [15.5, 418.0], [16.0, 418.5], [16.0, 419.5], [16.0, 420.5], [16.5, 421.0], [17.0, 421.5], [17.0, 422.5], [17.0, 423.5], [17.0, 424.5], [17.0, 425.5], [16.5, 426.0], [16.0, 426.5], [15.5, 427.0], [15.0, 427.5], [14.5, 428.0], [14.0, 428.5], [13.5, 429.0], [12.5, 429.0], [12.0, 429.5], [11.5, 430.0]]]}, "properties": {"objectType": "detection", "name": "label_245", "label_id": 245}}, {"type": "Feature", "geometry": {"type": "Polygon", "coordinates": [[[771.5, 284.0], [770.5, 284.0], [769.5, 284.0], [768.5, 284.0], [767.5, 284.0], [767.0, 283.5], [766.5, 283.0], [765.5, 283.0], [765.0, 282.5], [765.0, 281.5], [764.5, 281.0], [764.0, 280.5], [764.0, 279.5], [764.0, 278.5], [764.0, 277.5], [764.0, 276.5], [764.0, 275.5], [764.5, 275.0], [765.0, 274.5], [765.0, 273.5], [765.5, 273.0], [766.0, 272.5], [766.5, 272.0], [767.0, 271.5], [767.0, 270.5], [767.5, 270.0], [768.5, 270.0], [769.0, 269.5], [769.5, 269.0], [770.0, 268.5], [770.5, 268.0], [771.0, 267.5], [771.5, 267.0], [772.0, 266.5], [772.5, 266.0], [773.5, 266.0], [774.5, 266.0], [775.0, 266.5], [775.5, 267.0], [776.0, 267.5], [776.0, 268.5], [776.0, 269.5], [776.5, 270.0], [777.0, 270.5], [777.0, 271.5], [777.0, 272.5], [777.0, 273.5], [777.5, 274.0], [778.0, 274.5], [778.0, 275.5], [778.0, 276.5], [778.0, 277.5], [778.0, 278.5], [778.0, 279.5], [777.5, 280.0], [777.0, 280.5], [776.5, 281.0], [776.0, 281.5], [775.5, 282.0], [774.5, 282.0], [774.0, 282.5], [773.5, 283.0], [772.5, 283.0], [772.0, 283.5], [771.5, 284.0]]]}, "properties": {"objectType": "detection", "name": "label_246", "label_id": 246}}, {"type": "Feature", "geometry": {"type": "Polygon", "coordinates": [[[440.5, 495.0], [439.5, 495.0], [439.0, 494.5], [438.5, 494.0], [437.5, 494.0], [437.0, 493.5], [436.5, 493.0], [435.5, 493.0], [435.0, 492.5], [434.5, 492.0], [434.0, 491.5], [433.5, 491.0], [432.5, 491.0], [432.0, 490.5], [431.5, 490.0], [431.0, 489.5], [430.5, 489.0], [430.0, 488.5], [429.5, 488.0], [429.0, 487.5], [428.5, 487.0], [428.0, 486.5], [428.0, 485.5], [427.5, 485.0], [427.0, 484.5], [427.0, 483.5], [427.0, 482.5], [427.5, 482.0], [428.0, 481.5], [428.0, 480.5], [428.5, 480.0], [429.0, 479.5], [429.5, 479.0], [430.5, 479.0], [431.0, 478.5], [431.5, 478.0], [432.5, 478.0], [433.5, 478.0], [434.0, 478.5], [434.5, 479.0], [435.5, 479.0], [436.5, 479.0], [437.0, 479.5], [437.5, 480.0], [438.0, 480.5], [438.5, 481.0], [439.0, 481.5], [439.5, 482.0], [440.0, 482.5], [440.5, 483.0], [441.0, 483.5], [441.5, 484.0], [442.0, 484.5], [442.5, 485.0], [443.0, 485.5], [443.0, 486.5], [443.5, 487.0], [444.0, 487.5], [444.0, 488.5], [444.0, 489.5], [444.0, 490.5], [444.0, 491.5], [444.0, 492.5], [443.5, 493.0], [443.0, 493.5], [442.5, 494.0], [441.5, 494.0], [441.0, 494.5], [440.5, 495.0]]]}, "properties": {"objectType": "detection", "name": "label_247", "label_id": 247}}, {"type": "Feature", "geometry": {"type": "Polygon", "coordinates": [[[523.5, 154.0], [522.5, 154.0], [522.0, 153.5], [521.5, 153.0], [521.0, 152.5], [521.0, 151.5], [520.5, 151.0], [520.0, 150.5], [520.0, 149.5], [519.5, 149.0], [519.0, 148.5], [518.5, 148.0], [518.0, 147.5], [518.0, 146.5], [517.5, 146.0], [517.0, 145.5], [517.0, 144.5], [516.5, 144.0], [516.0, 143.5], [516.0, 142.5], [516.0, 141.5], [516.0, 140.5], [515.5, 140.0], [515.0, 139.5], [515.0, 138.5], [515.0, 137.5], [515.0, 136.5], [515.0, 135.5], [514.5, 135.0], [514.0, 134.5], [514.0, 133.5], [514.0, 132.5], [514.0, 131.5], [514.0, 130.5], [513.5, 130.0], [513.0, 129.5], [513.0, 128.5], [513.0, 127.5], [513.0, 126.5], [513.0, 125.5], [513.0, 124.5], [513.0, 123.5], [513.0, 122.5], [513.5, 122.0], [514.5, 122.0], [515.0, 122.5], [515.0, 123.5], [515.5, 124.0], [516.0, 124.5], [516.0, 125.5], [516.5, 126.0], [517.0, 126.5], [517.0, 127.5], [517.0, 128.5], [517.5, 129.0], [518.0, 129.5], [518.0, 130.5], [518.5, 131.0], [519.0, 131.5], [519.0, 132.5], [519.5, 133.0], [520.0, 133.5], [520.0, 134.5], [520.5, 135.0], [521.0, 135.5], [521.0, 136.5], [521.5, 137.0], [522.0, 137.5], [522.0, 138.5], [522.5, 139.0], [523.0, 139.5], [523.0, 140.5], [523.5, 141.0], [524.0, 141.5], [524.5, 142.0], [525.0, 142.5], [525.0, 143.5], [525.5, 144.0], [526.0, 144.5], [526.0, 145.5], [526.0, 146.5], [526.0, 147.5], [526.0, 148.5], [526.0, 149.5], [526.0, 150.5], [526.0, 151.5], [525.5, 152.0], [525.0, 152.5], [524.5, 153.0], [524.0, 153.5], [523.5, 154.0]]]}, "properties": {"objectType": "detection", "name": "label_248", "label_id": 248}}, {"type": "Feature", "geometry": {"type": "Polygon", "coordinates": [[[705.5, 547.0], [704.5, 547.0], [703.5, 547.0], [702.5, 547.0], [701.5, 547.0], [700.5, 547.0], [700.0, 546.5], [699.5, 546.0], [699.0, 545.5], [699.0, 544.5], [698.5, 544.0], [698.0, 543.5], [698.0, 542.5], [698.0, 541.5], [698.0, 540.5], [698.0, 539.5], [697.5, 539.0], [697.0, 538.5], [697.0, 537.5], [697.5, 537.0], [698.0, 536.5], [698.0, 535.5], [698.0, 534.5], [698.0, 533.5], [698.5, 533.0], [699.0, 532.5], [699.5, 532.0], [700.0, 531.5], [700.5, 531.0], [701.0, 530.5], [701.5, 530.0], [702.0, 529.5], [702.5, 529.0], [703.5, 529.0], [704.5, 529.0], [705.5, 529.0], [706.5, 529.0], [707.0, 529.5], [707.5, 530.0], [708.0, 530.5], [708.5, 531.0], [709.0, 531.5], [709.0, 532.5], [709.5, 533.0], [710.0, 533.5], [710.0, 534.5], [710.0, 535.5], [710.0, 536.5], [710.0, 537.5], [710.0, 538.5], [710.0, 539.5], [710.0, 540.5], [709.5, 541.0], [709.0, 541.5], [709.0, 542.5], [708.5, 543.0], [708.0, 543.5], [708.0, 544.5], [707.5, 545.0], [707.0, 545.5], [706.5, 546.0], [706.0, 546.5], [705.5, 547.0]]]}, "properties": {"objectType": "detection", "name": "label_249", "label_id": 249}}, {"type": "Feature", "geometry": {"type": "Polygon", "coordinates": [[[239.5, 134.0], [238.5, 134.0], [237.5, 134.0], [236.5, 134.0], [236.0, 133.5], [235.5, 133.0], [234.5, 133.0], [233.5, 133.0], [233.0, 132.5], [232.5, 132.0], [231.5, 132.0], [231.0, 131.5], [230.5, 131.0], [230.0, 130.5], [229.5, 130.0], [229.0, 129.5], [229.0, 128.5], [228.5, 128.0], [228.0, 127.5], [228.0, 126.5], [228.0, 125.5], [228.0, 124.5], [228.0, 123.5], [228.0, 122.5], [228.5, 122.0], [229.0, 121.5], [229.0, 120.5], [229.5, 120.0], [230.0, 119.5], [230.5, 119.0], [231.5, 119.0], [232.5, 119.0], [233.5, 119.0], [234.5, 119.0], [235.5, 119.0], [236.5, 119.0], [237.0, 119.5], [237.5, 120.0], [238.0, 120.5], [238.5, 121.0], [239.0, 121.5], [239.5, 122.0], [240.0, 122.5], [240.5, 123.0], [241.0, 123.5], [241.5, 124.0], [242.0, 124.5], [242.5, 125.0], [243.0, 125.5], [243.0, 126.5], [243.5, 127.0], [244.0, 127.5], [244.5, 128.0], [245.0, 128.5], [245.0, 129.5], [244.5, 130.0], [244.0, 130.5], [243.5, 131.0], [243.0, 131.5], [242.5, 132.0], [242.0, 132.5], [241.5, 133.0], [240.5, 133.0], [240.0, 133.5], [239.5, 134.0]]]}, "properties": {"objectType": "detection", "name": "label_250", "label_id": 250}}, {"type": "Feature", "geometry": {"type": "Polygon", "coordinates": [[[588.5, 47.0], [587.5, 47.0], [586.5, 47.0], [586.0, 46.5], [585.5, 46.0], [584.5, 46.0], [583.5, 46.0], [583.0, 45.5], [582.5, 45.0], [581.5, 45.0], [580.5, 45.0], [580.0, 44.5], [579.5, 44.0], [578.5, 44.0], [577.5, 44.0], [577.0, 43.5], [576.5, 43.0], [575.5, 43.0], [574.5, 43.0], [574.0, 42.5], [573.5, 42.0], [572.5, 42.0], [571.5, 42.0], [571.0, 41.5], [570.5, 41.0], [569.5, 41.0], [569.0, 40.5], [568.5, 40.0], [567.5, 40.0], [567.0, 39.5], [566.5, 39.0], [566.0, 38.5], [565.5, 38.0], [564.5, 38.0], [564.0, 37.5], [564.0, 36.5], [564.0, 35.5], [564.0, 34.5], [564.5, 34.0], [565.5, 34.0], [566.0, 33.5], [566.5, 33.0], [567.5, 33.0], [568.5, 33.0], [569.0, 32.5], [569.5, 32.0], [570.5, 32.0], [571.5, 32.0], [572.0, 32.5], [572.5, 33.0], [573.5, 33.0], [574.5, 33.0], [575.0, 33.5], [575.5, 34.0], [576.5, 34.0], [577.5, 34.0], [578.0, 34.5], [578.5, 35.0], [579.0, 35.5], [579.5, 36.0], [580.5, 36.0], [581.0, 36.5], [581.5, 37.0], [582.0, 37.5], [582.5, 38.0], [583.0, 38.5], [583.5, 39.0], [584.0, 39.5], [584.5, 40.0], [585.0, 40.5], [585.5, 41.0], [586.0, 41.5], [586.0, 42.5], [586.5, 43.0], [587.5, 43.0], [588.0, 43.5], [588.0, 44.5], [588.5, 45.0], [589.0, 45.5], [589.0, 46.5], [588.5, 47.0]]]}, "properties": {"objectType": "detection", "name": "label_251", "label_id": 251}}, {"type": "Feature", "geometry": {"type": "Polygon", "coordinates": [[[404.5, 114.0], [404.0, 113.5], [403.5, 113.0], [402.5, 113.0], [402.0, 112.5], [402.5, 112.0], [403.0, 111.5], [403.0, 110.5], [403.5, 110.0], [404.0, 109.5], [404.5, 109.0], [405.0, 108.5], [405.5, 108.0], [406.0, 107.5], [406.5, 107.0], [407.0, 106.5], [407.5, 106.0], [408.0, 105.5], [408.5, 105.0], [409.0, 104.5], [409.5, 104.0], [410.0, 103.5], [410.5, 103.0], [411.5, 103.0], [412.0, 102.5], [412.5, 102.0], [413.0, 101.5], [413.5, 101.0], [414.5, 101.0], [415.0, 100.5], [415.5, 100.0], [416.5, 100.0], [417.0, 99.5], [417.5, 99.0], [418.5, 99.0], [419.5, 99.0], [420.5, 99.0], [421.0, 99.5], [421.5, 100.0], [422.5, 100.0], [423.0, 100.5], [423.5, 101.0], [424.0, 101.5], [424.5, 102.0], [425.0, 102.5], [425.0, 103.5], [425.0, 104.5], [425.0, 105.5], [424.5, 106.0], [424.0, 106.5], [423.5, 107.0], [422.5, 107.0], [422.0, 107.5], [421.5, 108.0], [421.0, 108.5], [420.5, 109.0], [419.5, 109.0], [419.0, 109.5], [418.5, 110.0], [417.5, 110.0], [416.5, 110.0], [416.0, 110.5], [415.5, 111.0], [414.5, 111.0], [413.5, 111.0], [413.0, 111.5], [412.5, 112.0], [411.5, 112.0], [411.0, 112.5], [410.5, 113.0], [409.5, 113.0], [408.5, 113.0], [407.5, 113.0], [406.5, 113.0], [405.5, 113.0], [405.0, 113.5], [404.5, 114.0]]]}, "properties": {"objectType": "detection", "name": "label_252", "label_id": 252}}, {"type": "Feature", "geometry": {"type": "Polygon", "coordinates": [[[461.5, 598.0], [460.5, 598.0], [459.5, 598.0], [459.0, 597.5], [458.5, 597.0], [457.5, 597.0], [457.0, 596.5], [456.5, 596.0], [456.0, 595.5], [455.5, 595.0], [455.0, 594.5], [455.0, 593.5], [454.5, 593.0], [454.0, 592.5], [453.5, 592.0], [453.0, 591.5], [453.0, 590.5], [452.5, 590.0], [452.0, 589.5], [452.0, 588.5], [451.5, 588.0], [451.0, 587.5], [451.0, 586.5], [451.0, 585.5], [450.5, 585.0], [450.0, 584.5], [450.0, 583.5], [450.0, 582.5], [450.0, 581.5], [450.0, 580.5], [450.0, 579.5], [450.5, 579.0], [451.0, 578.5], [451.5, 578.0], [452.0, 577.5], [452.5, 577.0], [453.5, 577.0], [454.0, 577.5], [454.5, 578.0], [455.5, 578.0], [456.0, 578.5], [456.5, 579.0], [457.0, 579.5], [457.0, 580.5], [457.5, 581.0], [458.0, 581.5], [458.5, 582.0], [459.0, 582.5], [459.5, 583.0], [460.0, 583.5], [460.5, 584.0], [461.0, 584.5], [461.0, 585.5], [461.5, 586.0], [462.0, 586.5], [462.5, 587.0], [463.0, 587.5], [463.0, 588.5], [463.0, 589.5], [463.5, 590.0], [464.0, 590.5], [464.0, 591.5], [464.0, 592.5], [464.0, 593.5], [464.0, 594.5], [464.0, 595.5], [463.5, 596.0], [463.0, 596.5], [462.5, 597.0], [462.0, 597.5], [461.5, 598.0]]]}, "properties": {"objectType": "detection", "name": "label_253", "label_id": 253}}, {"type": "Feature", "geometry": {"type": "Polygon", "coordinates": [[[615.5, 81.0], [614.5, 81.0], [614.0, 80.5], [613.5, 80.0], [612.5, 80.0], [611.5, 80.0], [610.5, 80.0], [609.5, 80.0], [609.0, 79.5], [608.5, 79.0], [607.5, 79.0], [606.5, 79.0], [605.5, 79.0], [605.0, 78.5], [604.5, 78.0], [603.5, 78.0], [602.5, 78.0], [601.5, 78.0], [601.0, 77.5], [600.5, 77.0], [599.5, 77.0], [599.0, 76.5], [598.5, 76.0], [597.5, 76.0], [596.5, 76.0], [595.5, 76.0], [595.0, 75.5], [594.5, 75.0], [593.5, 75.0], [592.5, 75.0], [591.5, 75.0], [590.5, 75.0], [589.5, 75.0], [589.0, 74.5], [588.5, 74.0], [587.5, 74.0], [587.0, 73.5], [587.0, 72.5], [587.5, 72.0], [588.0, 71.5], [588.5, 71.0], [589.5, 71.0], [590.5, 71.0], [591.0, 70.5], [591.5, 70.0], [592.5, 70.0], [593.5, 70.0], [594.5, 70.0], [595.5, 70.0], [596.5, 70.0], [597.5, 70.0], [598.5, 70.0], [599.5, 70.0], [600.5, 70.0], [601.5, 70.0], [602.5, 70.0], [603.5, 70.0], [604.5, 70.0], [605.0, 70.5], [605.5, 71.0], [606.5, 71.0], [607.5, 71.0], [608.0, 71.5], [608.5, 72.0], [609.5, 72.0], [610.0, 72.5], [610.5, 73.0], [611.0, 73.5], [611.5, 74.0], [612.5, 74.0], [613.0, 74.5], [613.5, 75.0], [614.5, 75.0], [615.0, 75.5], [615.5, 76.0], [616.0, 76.5], [616.5, 77.0], [617.0, 77.5], [617.0, 78.5], [617.0, 79.5], [616.5, 80.0], [616.0, 80.5], [615.5, 81.0]]]}, "properties": {"objectType": "detection", "name": "label_254", "label_id": 254}}, {"type": "Feature", "geometry": {"type": "Polygon", "coordinates": [[[710.5, 520.0], [709.5, 520.0], [708.5, 520.0], [708.0, 519.5], [707.5, 519.0], [707.0, 518.5], [706.5, 518.0], [706.0, 517.5], [705.5, 517.0], [705.0, 516.5], [705.0, 515.5], [704.5, 515.0], [704.0, 514.5], [704.0, 513.5], [704.0, 512.5], [704.0, 511.5], [704.0, 510.5], [704.0, 509.5], [704.0, 508.5], [704.5, 508.0], [705.0, 507.5], [705.0, 506.5], [705.0, 505.5], [705.0, 504.5], [705.5, 504.0], [706.0, 503.5], [706.0, 502.5], [706.5, 502.0], [707.0, 501.5], [707.5, 501.0], [708.0, 500.5], [708.0, 499.5], [708.5, 499.0], [709.5, 499.0], [710.5, 499.0], [711.5, 499.0], [712.5, 499.0], [713.0, 499.5], [713.5, 500.0], [714.0, 500.5], [714.0, 501.5], [714.5, 502.0], [715.0, 502.5], [715.0, 503.5], [715.0, 504.5], [715.0, 505.5], [715.0, 506.5], [715.0, 507.5], [715.0, 508.5], [715.0, 509.5], [715.0, 510.5], [714.5, 511.0], [714.0, 511.5], [714.0, 512.5], [714.0, 513.5], [714.0, 514.5], [713.5, 515.0], [713.0, 515.5], [713.0, 516.5], [713.0, 517.5], [712.5, 518.0], [712.0, 518.5], [711.5, 519.0], [711.0, 519.5], [710.5, 520.0]]]}, "properties": {"objectType": "detection", "name": "label_255", "label_id": 255}}, {"type": "Feature", "geometry": {"type": "Polygon", "coordinates": [[[634.5, 593.0], [633.5, 593.0], [632.5, 593.0], [632.0, 592.5], [631.5, 592.0], [630.5, 592.0], [629.5, 592.0], [629.0, 591.5], [628.5, 591.0], [628.0, 590.5], [627.5, 590.0], [627.0, 589.5], [626.5, 589.0], [626.0, 588.5], [626.0, 587.5], [625.5, 587.0], [625.0, 586.5], [625.0, 585.5], [625.0, 584.5], [625.0, 583.5], [625.5, 583.0], [626.0, 582.5], [626.0, 581.5], [626.5, 581.0], [627.0, 580.5], [627.5, 580.0], [628.0, 579.5], [628.5, 579.0], [629.5, 579.0], [630.0, 578.5], [630.5, 578.0], [631.0, 577.5], [631.5, 577.0], [632.5, 577.0], [633.0, 576.5], [633.5, 576.0], [634.5, 576.0], [635.5, 576.0], [636.0, 576.5], [636.5, 577.0], [637.0, 577.5], [637.5, 578.0], [638.0, 578.5], [638.5, 579.0], [639.0, 579.5], [639.0, 580.5], [639.0, 581.5], [639.0, 582.5], [639.0, 583.5], [639.0, 584.5], [639.0, 585.5], [639.0, 586.5], [639.0, 587.5], [639.0, 588.5], [638.5, 589.0], [638.0, 589.5], [638.0, 590.5], [637.5, 591.0], [637.0, 591.5], [636.5, 592.0], [635.5, 592.0], [635.0, 592.5], [634.5, 593.0]]]}, "properties": {"objectType": "detection", "name": "label_256", "label_id": 256}}, {"type": "Feature", "geometry": {"type": "Polygon", "coordinates": [[[417.5, 722.0], [416.5, 722.0], [416.0, 721.5], [415.5, 721.0], [414.5, 721.0], [414.0, 720.5], [413.5, 720.0], [413.0, 719.5], [413.0, 718.5], [412.5, 718.0], [412.0, 717.5], [411.5, 717.0], [411.0, 716.5], [411.0, 715.5], [411.0, 714.5], [410.5, 714.0], [410.0, 713.5], [410.0, 712.5], [410.0, 711.5], [409.5, 711.0], [409.0, 710.5], [409.0, 709.5], [409.0, 708.5], [408.5, 708.0], [408.0, 707.5], [408.0, 706.5], [408.0, 705.5], [408.0, 704.5], [408.0, 703.5], [408.5, 703.0], [409.0, 702.5], [409.5, 702.0], [410.0, 701.5], [410.5, 701.0], [411.0, 700.5], [411.5, 700.0], [412.5, 700.0], [413.0, 699.5], [413.5, 699.0], [414.5, 699.0], [415.5, 699.0], [416.0, 698.5], [416.5, 698.0], [417.5, 698.0], [418.0, 697.5], [418.5, 697.0], [419.5, 697.0], [420.0, 697.5], [420.0, 698.5], [420.0, 699.5], [419.5, 700.0], [419.0, 700.5], [418.5, 701.0], [418.0, 701.5], [418.0, 702.5], [418.0, 703.5], [418.0, 704.5], [418.0, 705.5], [418.0, 706.5], [418.0, 707.5], [418.0, 708.5], [418.0, 709.5], [418.0, 710.5], [417.5, 711.0], [417.0, 711.5], [417.0, 712.5], [417.5, 713.0], [418.0, 713.5], [418.0, 714.5], [418.0, 715.5], [418.0, 716.5], [418.0, 717.5], [418.0, 718.5], [418.0, 719.5], [418.0, 720.5], [418.0, 721.5], [417.5, 722.0]]]}, "properties": {"objectType": "detection", "name": "label_257", "label_id": 257}}, {"type": "Feature", "geometry": {"type": "Polygon", "coordinates": [[[221.5, 121.0], [220.5, 121.0], [219.5, 121.0], [218.5, 121.0], [217.5, 121.0], [217.0, 120.5], [216.5, 120.0], [215.5, 120.0], [215.0, 119.5], [214.5, 119.0], [214.0, 118.5], [214.0, 117.5], [213.5, 117.0], [213.0, 116.5], [213.0, 115.5], [212.5, 115.0], [212.0, 114.5], [211.5, 114.0], [211.0, 113.5], [210.5, 113.0], [210.0, 112.5], [210.5, 112.0], [211.0, 111.5], [211.0, 110.5], [211.0, 109.5], [211.0, 108.5], [211.0, 107.5], [211.5, 107.0], [212.0, 106.5], [212.5, 106.0], [213.0, 105.5], [213.5, 105.0], [214.5, 105.0], [215.5, 105.0], [216.5, 105.0], [217.5, 105.0], [218.0, 105.5], [218.5, 106.0], [219.5, 106.0], [220.0, 106.5], [220.5, 107.0], [221.5, 107.0], [222.0, 107.5], [222.5, 108.0], [223.0, 108.5], [223.5, 109.0], [224.0, 109.5], [224.5, 110.0], [225.0, 110.5], [225.0, 111.5], [225.0, 112.5], [225.0, 113.5], [225.0, 114.5], [225.0, 115.5], [225.0, 116.5], [225.0, 117.5], [224.5, 118.0], [224.0, 118.5], [224.0, 119.5], [223.5, 120.0], [222.5, 120.0], [222.0, 120.5], [221.5, 121.0]]]}, "properties": {"objectType": "detection", "name": "label_258", "label_id": 258}}, {"type": "Feature", "geometry": {"type": "Polygon", "coordinates": [[[623.5, 205.0], [622.5, 205.0], [621.5, 205.0], [621.0, 204.5], [620.5, 204.0], [619.5, 204.0], [619.0, 203.5], [618.5, 203.0], [618.0, 202.5], [618.0, 201.5], [617.5, 201.0], [617.0, 200.5], [616.5, 200.0], [616.0, 199.5], [616.0, 198.5], [615.5, 198.0], [615.0, 197.5], [615.0, 196.5], [615.0, 195.5], [615.0, 194.5], [615.0, 193.5], [615.0, 192.5], [615.5, 192.0], [616.0, 191.5], [616.5, 191.0], [617.0, 190.5], [617.5, 190.0], [618.0, 189.5], [618.5, 189.0], [619.5, 189.0], [620.0, 188.5], [620.5, 188.0], [621.5, 188.0], [622.5, 188.0], [623.0, 188.5], [623.5, 189.0], [624.5, 189.0], [625.0, 189.5], [625.5, 190.0], [626.0, 190.5], [626.5, 191.0], [627.0, 191.5], [627.5, 192.0], [628.0, 192.5], [628.0, 193.5], [628.5, 194.0], [629.0, 194.5], [629.0, 195.5], [629.0, 196.5], [629.0, 197.5], [629.0, 198.5], [629.0, 199.5], [628.5, 200.0], [628.0, 200.5], [628.0, 201.5], [627.5, 202.0], [627.0, 202.5], [626.5, 203.0], [626.0, 203.5], [625.5, 204.0], [624.5, 204.0], [624.0, 204.5], [623.5, 205.0]]]}, "properties": {"objectType": "detection", "name": "label_259", "label_id": 259}}, {"type": "Feature", "geometry": {"type": "Polygon", "coordinates": [[[500.5, 351.0], [499.5, 351.0], [498.5, 351.0], [497.5, 351.0], [497.0, 350.5], [496.5, 350.0], [496.0, 349.5], [496.0, 348.5], [496.0, 347.5], [496.0, 346.5], [496.5, 346.0], [497.0, 345.5], [497.0, 344.5], [497.5, 344.0], [498.0, 343.5], [498.0, 342.5], [498.5, 342.0], [499.0, 341.5], [499.0, 340.5], [499.5, 340.0], [500.0, 339.5], [500.0, 338.5], [500.5, 338.0], [501.0, 337.5], [501.0, 336.5], [501.5, 336.0], [502.0, 335.5], [502.5, 335.0], [503.0, 334.5], [503.5, 334.0], [504.5, 334.0], [505.0, 333.5], [505.5, 333.0], [506.5, 333.0], [507.5, 333.0], [508.5, 333.0], [509.0, 333.5], [509.5, 334.0], [510.0, 334.5], [510.5, 335.0], [511.0, 335.5], [511.0, 336.5], [511.0, 337.5], [511.0, 338.5], [511.0, 339.5], [511.0, 340.5], [511.0, 341.5], [510.5, 342.0], [510.0, 342.5], [510.0, 343.5], [509.5, 344.0], [509.0, 344.5], [509.0, 345.5], [508.5, 346.0], [508.0, 346.5], [507.5, 347.0], [507.0, 347.5], [506.5, 348.0], [505.5, 348.0], [505.0, 348.5], [504.5, 349.0], [504.0, 349.5], [503.5, 350.0], [502.5, 350.0], [501.5, 350.0], [501.0, 350.5], [500.5, 351.0]]]}, "properties": {"objectType": "detection", "name": "label_260", "label_id": 260}}, {"type": "Feature", "geometry": {"type": "Polygon", "coordinates": [[[136.5, 99.0], [135.5, 99.0], [134.5, 99.0], [133.5, 99.0], [133.0, 98.5], [132.5, 98.0], [131.5, 98.0], [131.0, 97.5], [130.5, 97.0], [130.0, 96.5], [129.5, 96.0], [129.0, 95.5], [128.5, 95.0], [128.0, 94.5], [127.5, 94.0], [127.0, 93.5], [126.5, 93.0], [126.0, 92.5], [126.0, 91.5], [125.5, 91.0], [125.0, 90.5], [124.5, 90.0], [124.0, 89.5], [123.5, 89.0], [123.0, 88.5], [123.0, 87.5], [123.0, 86.5], [123.0, 85.5], [123.0, 84.5], [123.5, 84.0], [124.0, 83.5], [124.5, 83.0], [125.0, 82.5], [125.5, 82.0], [126.5, 82.0], [127.5, 82.0], [128.5, 82.0], [129.5, 82.0], [130.5, 82.0], [131.0, 82.5], [131.5, 83.0], [132.5, 83.0], [133.0, 83.5], [133.5, 84.0], [134.0, 84.5], [134.5, 85.0], [135.0, 85.5], [135.5, 86.0], [136.0, 86.5], [136.0, 87.5], [136.0, 88.5], [136.5, 89.0], [137.0, 89.5], [137.0, 90.5], [137.0, 91.5], [137.5, 92.0], [138.0, 92.5], [138.0, 93.5], [138.5, 94.0], [139.0, 94.5], [139.0, 95.5], [139.0, 96.5], [138.5, 97.0], [138.0, 97.5], [137.5, 98.0], [137.0, 98.5], [136.5, 99.0]]]}, "properties": {"objectType": "detection", "name": "label_261", "label_id": 261}}, {"type": "Feature", "geometry": {"type": "Polygon", "coordinates": [[[720.5, 263.0], [719.5, 263.0], [718.5, 263.0], [718.0, 262.5], [717.5, 262.0], [716.5, 262.0], [715.5, 262.0], [715.0, 261.5], [714.5, 261.0], [714.0, 260.5], [713.5, 260.0], [713.0, 259.5], [713.0, 258.5], [713.0, 257.5], [713.0, 256.5], [713.5, 256.0], [714.0, 255.5], [714.5, 255.0], [715.0, 254.5], [715.5, 254.0], [716.0, 253.5], [716.5, 253.0], [717.5, 253.0], [718.5, 253.0], [719.0, 252.5], [719.5, 252.0], [720.5, 252.0], [721.5, 252.0], [722.0, 251.5], [722.5, 251.0], [723.5, 251.0], [724.5, 251.0], [725.5, 251.0], [726.5, 251.0], [727.5, 251.0], [728.0, 250.5], [728.5, 250.0], [729.5, 250.0], [730.0, 250.5], [730.5, 251.0], [731.5, 251.0], [732.0, 251.5], [732.5, 252.0], [733.0, 252.5], [733.0, 253.5], [733.0, 254.5], [733.0, 255.5], [732.5, 256.0], [732.0, 256.5], [731.5, 257.0], [731.0, 257.5], [730.5, 258.0], [730.0, 258.5], [729.5, 259.0], [729.0, 259.5], [728.5, 260.0], [728.0, 260.5], [727.5, 261.0], [726.5, 261.0], [725.5, 261.0], [725.0, 261.5], [724.5, 262.0], [723.5, 262.0], [722.5, 262.0], [721.5, 262.0], [721.0, 262.5], [720.5, 263.0]]]}, "properties": {"objectType": "detection", "name": "label_262", "label_id": 262}}, {"type": "Feature", "geometry": {"type": "Polygon", "coordinates": [[[23.5, 548.0], [22.5, 548.0], [21.5, 548.0], [21.0, 547.5], [20.5, 547.0], [19.5, 547.0], [19.0, 546.5], [18.5, 546.0], [17.5, 546.0], [17.0, 545.5], [16.5, 545.0], [16.0, 544.5], [15.5, 544.0], [15.0, 543.5], [14.5, 543.0], [14.0, 542.5], [13.5, 542.0], [13.0, 541.5], [13.0, 540.5], [12.5, 540.0], [12.0, 539.5], [12.0, 538.5], [12.0, 537.5], [12.0, 536.5], [12.5, 536.0], [13.0, 535.5], [13.5, 535.0], [14.0, 534.5], [14.5, 534.0], [15.0, 533.5], [15.5, 533.0], [16.5, 533.0], [17.5, 533.0], [18.0, 532.5], [18.5, 532.0], [19.5, 532.0], [20.0, 532.5], [20.5, 533.0], [21.5, 533.0], [22.5, 533.0], [23.0, 533.5], [23.5, 534.0], [24.0, 534.5], [24.5, 535.0], [25.0, 535.5], [25.0, 536.5], [25.5, 537.0], [26.0, 537.5], [26.0, 538.5], [26.5, 539.0], [27.0, 539.5], [27.0, 540.5], [27.5, 541.0], [28.0, 541.5], [28.0, 542.5], [28.0, 543.5], [28.0, 544.5], [27.5, 545.0], [27.0, 545.5], [26.5, 546.0], [26.0, 546.5], [25.5, 547.0], [24.5, 547.0], [24.0, 547.5], [23.5, 548.0]]]}, "properties": {"objectType": "detection", "name": "label_263", "label_id": 263}}, {"type": "Feature", "geometry": {"type": "Polygon", "coordinates": [[[154.5, 677.0], [153.5, 677.0], [152.5, 677.0], [151.5, 677.0], [150.5, 677.0], [149.5, 677.0], [148.5, 677.0], [147.5, 677.0], [147.0, 676.5], [146.5, 676.0], [145.5, 676.0], [145.0, 675.5], [144.5, 675.0], [144.0, 674.5], [143.5, 674.0], [142.5, 674.0], [142.0, 673.5], [142.0, 672.5], [141.5, 672.0], [141.0, 671.5], [141.0, 670.5], [141.0, 669.5], [141.5, 669.0], [142.0, 668.5], [142.5, 668.0], [143.0, 667.5], [143.5, 667.0], [144.0, 666.5], [144.5, 666.0], [145.0, 665.5], [145.5, 665.0], [146.5, 665.0], [147.0, 664.5], [147.5, 664.0], [148.0, 663.5], [148.5, 663.0], [149.5, 663.0], [150.5, 663.0], [151.5, 663.0], [152.5, 663.0], [153.0, 663.5], [153.5, 664.0], [154.0, 664.5], [154.5, 665.0], [155.0, 665.5], [155.5, 666.0], [156.0, 666.5], [156.0, 667.5], [156.5, 668.0], [157.0, 668.5], [157.0, 669.5], [157.5, 670.0], [158.0, 670.5], [158.0, 671.5], [158.0, 672.5], [158.0, 673.5], [157.5, 674.0], [157.0, 674.5], [156.5, 675.0], [156.0, 675.5], [155.5, 676.0], [155.0, 676.5], [154.5, 677.0]]]}, "properties": {"objectType": "detection", "name": "label_264", "label_id": 264}}, {"type": "Feature", "geometry": {"type": "Polygon", "coordinates": [[[81.5, 144.0], [80.5, 144.0], [80.0, 143.5], [79.5, 143.0], [79.0, 143.5], [78.5, 144.0], [77.5, 144.0], [77.0, 143.5], [76.5, 143.0], [75.5, 143.0], [75.0, 142.5], [75.0, 141.5], [74.5, 141.0], [74.0, 140.5], [74.0, 139.5], [73.5, 139.0], [73.0, 138.5], [73.0, 137.5], [73.0, 136.5], [72.5, 136.0], [72.0, 135.5], [72.0, 134.5], [72.0, 133.5], [72.0, 132.5], [72.0, 131.5], [72.0, 130.5], [72.0, 129.5], [72.0, 128.5], [72.0, 127.5], [72.0, 126.5], [72.0, 125.5], [72.5, 125.0], [73.0, 124.5], [73.5, 124.0], [74.0, 123.5], [74.5, 123.0], [75.5, 123.0], [76.5, 123.0], [77.0, 123.5], [77.5, 124.0], [78.0, 124.5], [78.0, 125.5], [78.5, 126.0], [79.0, 126.5], [79.5, 127.0], [80.0, 127.5], [80.0, 128.5], [80.5, 129.0], [81.0, 129.5], [81.0, 130.5], [81.0, 131.5], [81.5, 132.0], [82.0, 132.5], [82.0, 133.5], [82.5, 134.0], [83.0, 134.5], [83.5, 135.0], [84.0, 135.5], [84.0, 136.5], [84.0, 137.5], [83.5, 138.0], [83.0, 138.5], [83.0, 139.5], [83.0, 140.5], [82.5, 141.0], [82.0, 141.5], [82.0, 142.5], [82.0, 143.5], [81.5, 144.0]]]}, "properties": {"objectType": "detection", "name": "label_265", "label_id": 265}}, {"type": "Feature", "geometry": {"type": "Polygon", "coordinates": [[[695.5, 211.0], [694.5, 211.0], [694.0, 210.5], [693.5, 210.0], [692.5, 210.0], [692.0, 209.5], [692.0, 208.5], [691.5, 208.0], [691.0, 207.5], [690.5, 207.0], [690.0, 206.5], [689.5, 206.0], [689.0, 205.5], [689.0, 204.5], [689.0, 203.5], [688.5, 203.0], [688.0, 202.5], [688.0, 201.5], [688.0, 200.5], [688.0, 199.5], [687.5, 199.0], [687.0, 198.5], [687.0, 197.5], [687.0, 196.5], [687.5, 196.0], [688.0, 195.5], [688.0, 194.5], [688.0, 193.5], [688.0, 192.5], [688.0, 191.5], [688.5, 191.0], [689.0, 190.5], [689.5, 190.0], [690.0, 190.5], [690.5, 191.0], [691.0, 191.5], [691.5, 192.0], [692.0, 192.5], [692.5, 193.0], [693.0, 193.5], [693.5, 194.0], [694.0, 194.5], [694.5, 195.0], [695.5, 195.0], [696.0, 195.5], [696.5, 196.0], [697.0, 196.5], [697.5, 197.0], [698.0, 197.5], [698.5, 198.0], [699.0, 198.5], [699.5, 199.0], [700.0, 199.5], [700.5, 200.0], [701.0, 200.5], [701.0, 201.5], [701.0, 202.5], [701.0, 203.5], [700.5, 204.0], [700.0, 204.5], [700.0, 205.5], [699.5, 206.0], [699.0, 206.5], [699.0, 207.5], [698.5, 208.0], [698.0, 208.5], [697.5, 209.0], [697.0, 209.5], [696.5, 210.0], [696.0, 210.5], [695.5, 211.0]]]}, "properties": {"objectType": "detection", "name": "label_266", "label_id": 266}}, {"type": "Feature", "geometry": {"type": "Polygon", "coordinates": [[[695.5, 515.0], [694.5, 515.0], [693.5, 515.0], [693.0, 514.5], [692.5, 514.0], [691.5, 514.0], [691.0, 513.5], [690.5, 513.0], [690.0, 512.5], [689.5, 512.0], [689.0, 511.5], [689.0, 510.5], [688.5, 510.0], [688.0, 509.5], [688.0, 508.5], [688.0, 507.5], [687.5, 507.0], [687.0, 506.5], [687.0, 505.5], [687.0, 504.5], [687.5, 504.0], [688.0, 503.5], [688.0, 502.5], [688.0, 501.5], [688.5, 501.0], [689.0, 500.5], [689.5, 500.0], [690.0, 499.5], [690.5, 499.0], [691.0, 498.5], [691.5, 498.0], [692.5, 498.0], [693.5, 498.0], [694.5, 498.0], [695.5, 498.0], [696.0, 498.5], [696.5, 499.0], [697.0, 499.5], [697.5, 500.0], [698.0, 500.5], [698.5, 501.0], [699.0, 501.5], [699.0, 502.5], [699.5, 503.0], [700.0, 503.5], [700.0, 504.5], [700.0, 505.5], [700.5, 506.0], [701.0, 506.5], [701.0, 507.5], [701.0, 508.5], [701.0, 509.5], [700.5, 510.0], [700.0, 510.5], [700.0, 511.5], [699.5, 512.0], [699.0, 512.5], [698.5, 513.0], [698.0, 513.5], [697.5, 514.0], [696.5, 514.0], [696.0, 514.5], [695.5, 515.0]]]}, "properties": {"objectType": "detection", "name": "label_267", "label_id": 267}}, {"type": "Feature", "geometry": {"type": "Polygon", "coordinates": [[[155.5, 331.0], [154.5, 331.0], [153.5, 331.0], [152.5, 331.0], [152.0, 330.5], [151.5, 330.0], [150.5, 330.0], [149.5, 330.0], [149.0, 329.5], [148.5, 329.0], [147.5, 329.0], [147.0, 328.5], [146.5, 328.0], [146.0, 327.5], [145.5, 327.0], [144.5, 327.0], [144.0, 326.5], [143.5, 326.0], [143.0, 325.5], [142.5, 325.0], [141.5, 325.0], [141.0, 324.5], [140.5, 324.0], [140.0, 323.5], [139.5, 323.0], [139.0, 322.5], [138.5, 322.0], [138.0, 321.5], [137.5, 321.0], [137.0, 320.5], [137.0, 319.5], [136.5, 319.0], [136.0, 318.5], [136.0, 317.5], [135.5, 317.0], [135.0, 316.5], [135.0, 315.5], [135.0, 314.5], [135.5, 314.0], [136.0, 313.5], [136.0, 312.5], [136.5, 312.0], [137.0, 311.5], [137.5, 311.0], [138.5, 311.0], [139.0, 311.5], [139.5, 312.0], [140.0, 312.5], [140.0, 313.5], [140.5, 314.0], [141.0, 314.5], [141.5, 315.0], [142.0, 315.5], [142.5, 316.0], [143.0, 316.5], [143.5, 317.0], [144.5, 317.0], [145.0, 317.5], [145.5, 318.0], [146.0, 318.5], [146.5, 319.0], [147.0, 319.5], [147.5, 320.0], [148.5, 320.0], [149.0, 320.5], [149.5, 321.0], [150.0, 321.5], [150.5, 322.0], [151.0, 322.5], [151.5, 323.0], [152.0, 323.5], [152.5, 324.0], [153.0, 324.5], [153.5, 325.0], [154.5, 325.0], [155.0, 325.5], [155.0, 326.5], [155.5, 327.0], [156.0, 327.5], [156.0, 328.5], [156.5, 329.0], [157.0, 329.5], [156.5, 330.0], [156.0, 330.5], [155.5, 331.0]]]}, "properties": {"objectType": "detection", "name": "label_268", "label_id": 268}}, {"type": "Feature", "geometry": {"type": "Polygon", "coordinates": [[[76.5, 531.0], [75.5, 531.0], [75.0, 530.5], [74.5, 530.0], [73.5, 530.0], [73.0, 529.5], [73.0, 528.5], [73.5, 528.0], [74.0, 527.5], [74.0, 526.5], [74.0, 525.5], [74.5, 525.0], [75.0, 524.5], [75.5, 524.0], [76.0, 523.5], [76.0, 522.5], [76.5, 522.0], [77.0, 521.5], [77.5, 521.0], [78.0, 520.5], [78.5, 520.0], [79.0, 519.5], [79.5, 519.0], [80.5, 519.0], [81.0, 518.5], [81.5, 518.0], [82.0, 517.5], [82.5, 517.0], [83.5, 517.0], [84.0, 516.5], [84.5, 516.0], [85.5, 516.0], [86.0, 515.5], [86.5, 515.0], [87.5, 515.0], [88.5, 515.0], [89.5, 515.0], [90.5, 515.0], [91.5, 515.0], [92.5, 515.0], [93.0, 514.5], [93.5, 514.0], [94.5, 514.0], [95.0, 514.5], [95.5, 515.0], [96.5, 515.0], [97.0, 515.5], [97.0, 516.5], [96.5, 517.0], [96.0, 517.5], [95.5, 518.0], [94.5, 518.0], [94.0, 518.5], [93.5, 519.0], [93.0, 519.5], [92.5, 520.0], [91.5, 520.0], [91.0, 520.5], [90.5, 521.0], [90.0, 521.5], [89.5, 522.0], [89.0, 522.5], [88.5, 523.0], [87.5, 523.0], [87.0, 523.5], [86.5, 524.0], [86.0, 524.5], [85.5, 525.0], [85.0, 525.5], [84.5, 526.0], [84.0, 526.5], [83.5, 527.0], [82.5, 527.0], [82.0, 527.5], [81.5, 528.0], [81.0, 528.5], [80.5, 529.0], [80.0, 529.5], [79.5, 530.0], [78.5, 530.0], [77.5, 530.0], [77.0, 530.5], [76.5, 531.0]]]}, "properties": {"objectType": "detection", "name": "label_269", "label_id": 269}}, {"type": "Feature", "geometry": {"type": "Polygon", "coordinates": [[[663.5, 121.0], [662.5, 121.0], [661.5, 121.0], [660.5, 121.0], [659.5, 121.0], [658.5, 121.0], [658.0, 120.5], [657.5, 120.0], [656.5, 120.0], [656.0, 119.5], [655.5, 119.0], [655.0, 118.5], [654.5, 118.0], [654.0, 117.5], [653.5, 117.0], [653.0, 116.5], [653.0, 115.5], [652.5, 115.0], [652.0, 114.5], [652.0, 113.5], [652.0, 112.5], [651.5, 112.0], [651.0, 111.5], [651.0, 110.5], [651.5, 110.0], [652.0, 109.5], [652.0, 108.5], [652.5, 108.0], [653.0, 107.5], [653.5, 107.0], [654.0, 106.5], [654.5, 106.0], [655.5, 106.0], [656.0, 105.5], [656.5, 105.0], [657.5, 105.0], [658.5, 105.0], [659.5, 105.0], [660.0, 105.5], [660.5, 106.0], [661.0, 106.5], [661.5, 107.0], [662.0, 107.5], [662.5, 108.0], [663.0, 108.5], [663.0, 109.5], [663.5, 110.0], [664.0, 110.5], [664.0, 111.5], [664.5, 112.0], [665.0, 112.5], [665.0, 113.5], [665.5, 114.0], [666.0, 114.5], [666.0, 115.5], [666.0, 116.5], [666.0, 117.5], [666.0, 118.5], [665.5, 119.0], [665.0, 119.5], [664.5, 120.0], [664.0, 120.5], [663.5, 121.0]]]}, "properties": {"objectType": "detection", "name": "label_270", "label_id": 270}}, {"type": "Feature", "geometry": {"type": "Polygon", "coordinates": [[[57.5, 612.0], [56.5, 612.0], [55.5, 612.0], [55.0, 611.5], [54.5, 611.0], [53.5, 611.0], [52.5, 611.0], [52.0, 610.5], [51.5, 610.0], [51.0, 609.5], [50.5, 609.0], [50.0, 608.5], [49.5, 608.0], [49.0, 607.5], [49.0, 606.5], [48.5, 606.0], [48.0, 605.5], [48.0, 604.5], [48.0, 603.5], [48.0, 602.5], [48.5, 602.0], [49.0, 601.5], [49.0, 600.5], [49.5, 600.0], [50.0, 599.5], [50.5, 599.0], [51.0, 598.5], [51.5, 598.0], [52.5, 598.0], [53.5, 598.0], [54.5, 598.0], [55.5, 598.0], [56.5, 598.0], [57.5, 598.0], [58.5, 598.0], [59.0, 598.5], [59.5, 599.0], [60.0, 599.5], [60.5, 600.0], [61.0, 600.5], [61.5, 601.0], [62.0, 601.5], [62.5, 602.0], [63.0, 602.5], [63.5, 603.0], [64.0, 603.5], [64.0, 604.5], [64.0, 605.5], [64.0, 606.5], [64.0, 607.5], [63.5, 608.0], [63.0, 608.5], [62.5, 609.0], [62.0, 609.5], [61.5, 610.0], [61.0, 610.5], [60.5, 611.0], [59.5, 611.0], [58.5, 611.0], [58.0, 611.5], [57.5, 612.0]]]}, "properties": {"objectType": "detection", "name": "label_271", "label_id": 271}}, {"type": "Feature", "geometry": {"type": "Polygon", "coordinates": [[[881.5, 684.0], [880.5, 684.0], [880.0, 683.5], [879.5, 683.0], [878.5, 683.0], [877.5, 683.0], [876.5, 683.0], [876.0, 682.5], [875.5, 682.0], [875.0, 681.5], [874.5, 681.0], [873.5, 681.0], [873.0, 680.5], [872.5, 680.0], [872.0, 679.5], [872.0, 678.5], [871.5, 678.0], [871.0, 677.5], [871.0, 676.5], [871.0, 675.5], [871.0, 674.5], [871.0, 673.5], [871.0, 672.5], [871.5, 672.0], [872.0, 671.5], [872.0, 670.5], [872.5, 670.0], [873.5, 670.0], [874.0, 669.5], [874.5, 669.0], [875.5, 669.0], [876.5, 669.0], [877.5, 669.0], [878.5, 669.0], [879.5, 669.0], [880.0, 669.5], [880.5, 670.0], [881.5, 670.0], [882.5, 670.0], [883.0, 670.5], [883.5, 671.0], [884.0, 671.5], [884.0, 672.5], [884.5, 673.0], [885.0, 673.5], [885.0, 674.5], [885.5, 675.0], [886.0, 675.5], [886.0, 676.5], [886.0, 677.5], [885.5, 678.0], [885.0, 678.5], [885.0, 679.5], [885.0, 680.5], [884.5, 681.0], [884.0, 681.5], [884.0, 682.5], [883.5, 683.0], [882.5, 683.0], [882.0, 683.5], [881.5, 684.0]]]}, "properties": {"objectType": "detection", "name": "label_272", "label_id": 272}}, {"type": "Feature", "geometry": {"type": "Polygon", "coordinates": [[[810.5, 397.0], [809.5, 397.0], [809.0, 396.5], [808.5, 396.0], [807.5, 396.0], [807.0, 395.5], [806.5, 395.0], [806.0, 394.5], [806.0, 393.5], [805.5, 393.0], [805.0, 392.5], [805.0, 391.5], [805.0, 390.5], [805.0, 389.5], [804.5, 389.0], [804.0, 388.5], [804.0, 387.5], [804.5, 387.0], [805.0, 386.5], [805.0, 385.5], [805.0, 384.5], [805.0, 383.5], [805.5, 383.0], [806.0, 382.5], [806.5, 382.0], [807.0, 381.5], [807.5, 381.0], [808.5, 381.0], [809.5, 381.0], [810.5, 381.0], [811.5, 381.0], [812.5, 381.0], [813.0, 381.5], [813.5, 382.0], [814.0, 382.5], [814.5, 383.0], [815.0, 383.5], [815.5, 384.0], [816.0, 384.5], [816.5, 385.0], [817.0, 385.5], [817.0, 386.5], [817.5, 387.0], [818.0, 387.5], [818.0, 388.5], [818.0, 389.5], [818.0, 390.5], [818.0, 391.5], [818.0, 392.5], [817.5, 393.0], [817.0, 393.5], [817.0, 394.5], [816.5, 395.0], [815.5, 395.0], [815.0, 395.5], [814.5, 396.0], [813.5, 396.0], [812.5, 396.0], [811.5, 396.0], [811.0, 396.5], [810.5, 397.0]]]}, "properties": {"objectType": "detection", "name": "label_273", "label_id": 273}}, {"type": "Feature", "geometry": {"type": "Polygon", "coordinates": [[[316.5, 12.0], [315.5, 12.0], [314.5, 12.0], [313.5, 12.0], [313.0, 11.5], [312.5, 11.0], [311.5, 11.0], [310.5, 11.0], [309.5, 11.0], [309.0, 10.5], [308.5, 10.0], [307.5, 10.0], [307.0, 9.5], [307.0, 8.5], [306.5, 8.0], [306.0, 7.5], [306.0, 6.5], [306.0, 5.5], [305.5, 5.0], [305.0, 4.5], [305.0, 3.5], [305.0, 2.5], [305.0, 1.5], [305.5, 1.0], [306.5, 1.0], [307.5, 1.0], [308.0, 0.5], [308.5, 0.0], [309.5, 0.0], [310.5, 0.0], [311.5, 0.0], [312.5, 0.0], [313.0, 0.5], [313.5, 1.0], [314.5, 1.0], [315.5, 1.0], [316.5, 1.0], [317.5, 1.0], [318.5, 1.0], [319.5, 1.0], [320.5, 1.0], [321.5, 1.0], [322.5, 1.0], [323.5, 1.0], [324.5, 1.0], [325.5, 1.0], [326.0, 1.5], [326.0, 2.5], [326.0, 3.5], [325.5, 4.0], [325.0, 4.5], [324.5, 5.0], [323.5, 5.0], [323.0, 5.5], [322.5, 6.0], [321.5, 6.0], [321.0, 6.5], [320.5, 7.0], [320.0, 7.5], [319.5, 8.0], [319.0, 8.5], [318.5, 9.0], [318.0, 9.5], [318.0, 10.5], [317.5, 11.0], [317.0, 11.5], [316.5, 12.0]]]}, "properties": {"objectType": "detection", "name": "label_274", "label_id": 274}}, {"type": "Feature", "geometry": {"type": "Polygon", "coordinates": [[[339.5, 578.0], [338.5, 578.0], [337.5, 578.0], [336.5, 578.0], [335.5, 578.0], [334.5, 578.0], [333.5, 578.0], [333.0, 577.5], [332.5, 577.0], [332.0, 576.5], [331.5, 576.0], [331.0, 575.5], [331.0, 574.5], [330.5, 574.0], [330.0, 573.5], [330.0, 572.5], [330.5, 572.0], [331.0, 571.5], [331.0, 570.5], [331.5, 570.0], [332.0, 569.5], [332.5, 569.0], [333.0, 568.5], [333.5, 568.0], [334.0, 567.5], [334.5, 567.0], [335.0, 566.5], [335.5, 566.0], [336.0, 565.5], [336.5, 565.0], [337.5, 565.0], [338.0, 564.5], [338.5, 564.0], [339.5, 564.0], [340.5, 564.0], [341.5, 564.0], [342.5, 564.0], [343.0, 564.5], [343.5, 565.0], [344.0, 565.5], [344.5, 566.0], [345.0, 566.5], [345.5, 567.0], [346.0, 567.5], [346.0, 568.5], [346.0, 569.5], [346.0, 570.5], [346.0, 571.5], [346.0, 572.5], [345.5, 573.0], [345.0, 573.5], [345.0, 574.5], [345.0, 575.5], [344.5, 576.0], [344.0, 576.5], [343.5, 577.0], [342.5, 577.0], [341.5, 577.0], [340.5, 577.0], [340.0, 577.5], [339.5, 578.0]]]}, "properties": {"objectType": "detection", "name": "label_275", "label_id": 275}}, {"type": "Feature", "geometry": {"type": "Polygon", "coordinates": [[[416.5, 742.0], [415.5, 742.0], [415.0, 741.5], [414.5, 741.0], [413.5, 741.0], [413.0, 740.5], [412.5, 740.0], [412.0, 739.5], [411.5, 739.0], [411.0, 738.5], [411.0, 737.5], [410.5, 737.0], [410.0, 736.5], [409.5, 736.0], [409.0, 735.5], [409.0, 734.5], [408.5, 734.0], [408.0, 733.5], [408.0, 732.5], [407.5, 732.0], [407.0, 731.5], [407.0, 730.5], [406.5, 730.0], [406.0, 729.5], [406.0, 728.5], [406.0, 727.5], [406.0, 726.5], [406.0, 725.5], [406.0, 724.5], [406.0, 723.5], [406.0, 722.5], [406.0, 721.5], [406.0, 720.5], [406.5, 720.0], [407.0, 719.5], [407.5, 719.0], [408.5, 719.0], [409.0, 719.5], [409.5, 720.0], [410.0, 720.5], [410.5, 721.0], [411.0, 721.5], [411.5, 722.0], [412.0, 722.5], [412.5, 723.0], [413.0, 723.5], [413.0, 724.5], [413.5, 725.0], [414.0, 725.5], [414.5, 726.0], [415.0, 726.5], [415.0, 727.5], [415.5, 728.0], [416.0, 728.5], [416.0, 729.5], [416.5, 730.0], [417.0, 730.5], [417.0, 731.5], [417.5, 732.0], [418.0, 732.5], [418.0, 733.5], [418.0, 734.5], [418.0, 735.5], [418.0, 736.5], [418.0, 737.5], [418.0, 738.5], [418.0, 739.5], [418.0, 740.5], [417.5, 741.0], [417.0, 741.5], [416.5, 742.0]]]}, "properties": {"objectType": "detection", "name": "label_276", "label_id": 276}}, {"type": "Feature", "geometry": {"type": "Polygon", "coordinates": [[[771.5, 337.0], [770.5, 337.0], [769.5, 337.0], [768.5, 337.0], [767.5, 337.0], [766.5, 337.0], [765.5, 337.0], [765.0, 336.5], [764.5, 336.0], [763.5, 336.0], [763.0, 335.5], [762.5, 335.0], [761.5, 335.0], [760.5, 335.0], [760.0, 334.5], [760.0, 333.5], [759.5, 333.0], [759.0, 332.5], [759.5, 332.0], [760.0, 331.5], [759.5, 331.0], [759.0, 330.5], [759.0, 329.5], [759.0, 328.5], [758.5, 328.0], [758.0, 327.5], [758.0, 326.5], [758.0, 325.5], [758.0, 324.5], [758.5, 324.0], [759.0, 323.5], [759.5, 323.0], [760.0, 322.5], [760.5, 322.0], [761.5, 322.0], [762.5, 322.0], [763.5, 322.0], [764.5, 322.0], [765.0, 322.5], [765.5, 323.0], [766.0, 323.5], [766.5, 324.0], [767.5, 324.0], [768.0, 324.5], [768.5, 325.0], [769.0, 325.5], [769.5, 326.0], [770.0, 326.5], [770.0, 327.5], [770.5, 328.0], [771.0, 328.5], [771.5, 329.0], [772.0, 329.5], [772.5, 330.0], [773.0, 330.5], [773.0, 331.5], [773.5, 332.0], [774.0, 332.5], [774.0, 333.5], [774.0, 334.5], [773.5, 335.0], [773.0, 335.5], [772.5, 336.0], [772.0, 336.5], [771.5, 337.0]]]}, "properties": {"objectType": "detection", "name": "label_277", "label_id": 277}}, {"type": "Feature", "geometry": {"type": "Polygon", "coordinates": [[[139.5, 341.0], [138.5, 341.0], [137.5, 341.0], [136.5, 341.0], [135.5, 341.0], [134.5, 341.0], [133.5, 341.0], [133.0, 340.5], [132.5, 340.0], [131.5, 340.0], [131.0, 339.5], [130.5, 339.0], [129.5, 339.0], [129.0, 338.5], [128.5, 338.0], [127.5, 338.0], [127.0, 337.5], [126.5, 337.0], [126.0, 336.5], [125.5, 336.0], [125.0, 335.5], [124.5, 335.0], [124.0, 334.5], [124.0, 333.5], [124.0, 332.5], [124.0, 331.5], [124.0, 330.5], [124.5, 330.0], [125.0, 329.5], [125.5, 329.0], [126.5, 329.0], [127.0, 328.5], [127.5, 328.0], [128.5, 328.0], [129.5, 328.0], [130.5, 328.0], [131.5, 328.0], [132.0, 328.5], [132.5, 329.0], [133.5, 329.0], [134.5, 329.0], [135.0, 329.5], [135.5, 330.0], [136.5, 330.0], [137.0, 330.5], [137.5, 331.0], [138.5, 331.0], [139.0, 331.5], [139.5, 332.0], [140.0, 332.5], [140.5, 333.0], [141.0, 333.5], [141.0, 334.5], [141.0, 335.5], [141.5, 336.0], [142.0, 336.5], [141.5, 337.0], [141.0, 337.5], [141.0, 338.5], [141.0, 339.5], [140.5, 340.0], [140.0, 340.5], [139.5, 341.0]]]}, "properties": {"objectType": "detection", "name": "label_278", "label_id": 278}}, {"type": "Feature", "geometry": {"type": "Polygon", "coordinates": [[[694.5, 432.0], [693.5, 432.0], [692.5, 432.0], [691.5, 432.0], [690.5, 432.0], [689.5, 432.0], [689.0, 431.5], [688.5, 431.0], [687.5, 431.0], [687.0, 430.5], [686.5, 430.0], [686.0, 429.5], [685.5, 429.0], [685.0, 428.5], [684.5, 428.0], [684.0, 427.5], [683.5, 427.0], [683.0, 426.5], [683.0, 425.5], [683.0, 424.5], [683.0, 423.5], [683.0, 422.5], [683.0, 421.5], [683.5, 421.0], [684.0, 420.5], [684.5, 420.0], [685.0, 419.5], [685.5, 419.0], [686.0, 418.5], [686.5, 418.0], [687.5, 418.0], [688.5, 418.0], [689.0, 417.5], [689.5, 417.0], [690.0, 417.5], [690.5, 418.0], [691.5, 418.0], [692.5, 418.0], [693.0, 418.5], [693.5, 419.0], [694.0, 419.5], [694.5, 420.0], [695.0, 420.5], [695.5, 421.0], [696.0, 421.5], [696.5, 422.0], [697.0, 422.5], [697.0, 423.5], [697.5, 424.0], [698.0, 424.5], [698.0, 425.5], [698.0, 426.5], [698.0, 427.5], [698.0, 428.5], [697.5, 429.0], [697.0, 429.5], [697.0, 430.5], [696.5, 431.0], [695.5, 431.0], [695.0, 431.5], [694.5, 432.0]]]}, "properties": {"objectType": "detection", "name": "label_279", "label_id": 279}}, {"type": "Feature", "geometry": {"type": "Polygon", "coordinates": [[[852.5, 579.0], [851.5, 579.0], [850.5, 579.0], [850.0, 578.5], [849.5, 578.0], [848.5, 578.0], [847.5, 578.0], [847.0, 577.5], [846.5, 577.0], [846.0, 576.5], [846.0, 575.5], [846.0, 574.5], [846.0, 573.5], [846.0, 572.5], [846.0, 571.5], [846.5, 571.0], [847.0, 570.5], [847.5, 570.0], [848.0, 569.5], [848.0, 568.5], [848.5, 568.0], [849.0, 567.5], [849.5, 567.0], [850.0, 566.5], [850.5, 566.0], [851.0, 565.5], [851.0, 564.5], [851.5, 564.0], [852.0, 563.5], [852.5, 563.0], [853.0, 562.5], [853.5, 562.0], [854.5, 562.0], [855.5, 562.0], [856.5, 562.0], [857.5, 562.0], [858.0, 562.5], [858.0, 563.5], [858.5, 564.0], [859.0, 564.5], [859.0, 565.5], [859.0, 566.5], [859.0, 567.5], [859.0, 568.5], [859.0, 569.5], [859.0, 570.5], [859.0, 571.5], [859.0, 572.5], [859.0, 573.5], [859.0, 574.5], [858.5, 575.0], [858.0, 575.5], [857.5, 576.0], [857.0, 576.5], [856.5, 577.0], [856.0, 577.5], [855.5, 578.0], [854.5, 578.0], [853.5, 578.0], [853.0, 578.5], [852.5, 579.0]]]}, "properties": {"objectType": "detection", "name": "label_280", "label_id": 280}}, {"type": "Feature", "geometry": {"type": "Polygon", "coordinates": [[[450.5, 338.0], [449.5, 338.0], [448.5, 338.0], [447.5, 338.0], [446.5, 338.0], [446.0, 337.5], [445.5, 337.0], [444.5, 337.0], [444.0, 336.5], [443.5, 336.0], [443.0, 335.5], [442.5, 335.0], [442.0, 334.5], [441.5, 334.0], [441.0, 333.5], [441.0, 332.5], [440.5, 332.0], [440.0, 331.5], [439.5, 331.0], [439.0, 330.5], [439.0, 329.5], [439.0, 328.5], [438.5, 328.0], [438.0, 327.5], [438.0, 326.5], [438.0, 325.5], [438.0, 324.5], [438.0, 323.5], [438.0, 322.5], [438.0, 321.5], [438.0, 320.5], [438.5, 320.0], [439.0, 319.5], [439.5, 319.0], [440.5, 319.0], [441.0, 319.5], [441.5, 320.0], [442.5, 320.0], [443.0, 320.5], [443.5, 321.0], [444.0, 321.5], [444.5, 322.0], [445.0, 322.5], [445.5, 323.0], [446.0, 323.5], [446.5, 324.0], [447.0, 324.5], [447.5, 325.0], [448.0, 325.5], [448.0, 326.5], [448.5, 327.0], [449.0, 327.5], [449.0, 328.5], [449.5, 329.0], [450.0, 329.5], [450.5, 330.0], [451.0, 330.5], [451.0, 331.5], [451.5, 332.0], [452.0, 332.5], [452.0, 333.5], [452.0, 334.5], [452.0, 335.5], [452.0, 336.5], [451.5, 337.0], [451.0, 337.5], [450.5, 338.0]]]}, "properties": {"objectType": "detection", "name": "label_281", "label_id": 281}}, {"type": "Feature", "geometry": {"type": "Polygon", "coordinates": [[[468.5, 503.0], [467.5, 503.0], [466.5, 503.0], [465.5, 503.0], [464.5, 503.0], [464.0, 502.5], [463.5, 502.0], [463.0, 501.5], [463.0, 500.5], [462.5, 500.0], [462.0, 499.5], [461.5, 499.0], [461.0, 498.5], [461.0, 497.5], [460.5, 497.0], [460.0, 496.5], [459.5, 496.0], [459.0, 495.5], [459.0, 494.5], [458.5, 494.0], [458.0, 493.5], [457.5, 493.0], [457.0, 492.5], [457.0, 491.5], [457.0, 490.5], [457.0, 489.5], [457.0, 488.5], [457.5, 488.0], [458.0, 487.5], [458.5, 487.0], [459.0, 486.5], [459.5, 486.0], [460.5, 486.0], [461.5, 486.0], [462.5, 486.0], [463.5, 486.0], [464.0, 486.5], [464.5, 487.0], [465.5, 487.0], [466.5, 487.0], [467.0, 487.5], [467.5, 488.0], [468.5, 488.0], [469.0, 488.5], [469.0, 489.5], [469.0, 490.5], [469.0, 491.5], [469.0, 492.5], [469.0, 493.5], [469.5, 494.0], [470.0, 494.5], [470.0, 495.5], [470.5, 496.0], [471.0, 496.5], [471.0, 497.5], [471.0, 498.5], [471.0, 499.5], [470.5, 500.0], [470.0, 500.5], [470.0, 501.5], [469.5, 502.0], [469.0, 502.5], [468.5, 503.0]]]}, "properties": {"objectType": "detection", "name": "label_282", "label_id": 282}}, {"type": "Feature", "geometry": {"type": "Polygon", "coordinates": [[[844.5, 402.0], [843.5, 402.0], [842.5, 402.0], [842.0, 401.5], [841.5, 401.0], [840.5, 401.0], [839.5, 401.0], [838.5, 401.0], [838.0, 400.5], [837.5, 400.0], [836.5, 400.0], [836.0, 399.5], [835.5, 399.0], [834.5, 399.0], [834.0, 398.5], [833.5, 398.0], [832.5, 398.0], [832.0, 397.5], [831.5, 397.0], [831.0, 396.5], [830.5, 396.0], [830.0, 395.5], [829.5, 395.0], [829.0, 394.5], [828.5, 394.0], [828.0, 393.5], [828.0, 392.5], [828.0, 391.5], [828.0, 390.5], [828.0, 389.5], [828.0, 388.5], [828.0, 387.5], [828.0, 386.5], [828.0, 385.5], [828.0, 384.5], [828.0, 383.5], [828.5, 383.0], [829.5, 383.0], [830.0, 383.5], [830.5, 384.0], [831.5, 384.0], [832.0, 384.5], [832.5, 385.0], [833.0, 385.5], [833.5, 386.0], [834.0, 386.5], [834.5, 387.0], [835.0, 387.5], [835.5, 388.0], [836.0, 388.5], [836.5, 389.0], [837.0, 389.5], [837.5, 390.0], [838.0, 390.5], [838.5, 391.0], [839.0, 391.5], [839.5, 392.0], [840.0, 392.5], [840.5, 393.0], [841.0, 393.5], [841.0, 394.5], [841.5, 395.0], [842.0, 395.5], [842.5, 396.0], [843.0, 396.5], [843.5, 397.0], [844.0, 397.5], [844.5, 398.0], [845.0, 398.5], [845.0, 399.5], [845.0, 400.5], [845.0, 401.5], [844.5, 402.0]]]}, "properties": {"objectType": "detection", "name": "label_283", "label_id": 283}}, {"type": "Feature", "geometry": {"type": "Polygon", "coordinates": [[[447.5, 424.0], [446.5, 424.0], [445.5, 424.0], [444.5, 424.0], [443.5, 424.0], [443.0, 423.5], [442.5, 423.0], [441.5, 423.0], [441.0, 422.5], [440.5, 422.0], [440.0, 421.5], [440.0, 420.5], [439.5, 420.0], [439.0, 419.5], [439.0, 418.5], [439.5, 418.0], [440.0, 417.5], [440.0, 416.5], [440.0, 415.5], [440.5, 415.0], [441.0, 414.5], [441.5, 414.0], [442.0, 413.5], [442.5, 413.0], [443.0, 412.5], [443.5, 412.0], [444.0, 411.5], [444.5, 411.0], [445.5, 411.0], [446.0, 410.5], [446.5, 410.0], [447.5, 410.0], [448.0, 409.5], [448.5, 409.0], [449.0, 408.5], [449.5, 408.0], [450.5, 408.0], [451.0, 408.5], [451.0, 409.5], [451.5, 410.0], [452.0, 410.5], [452.5, 411.0], [453.0, 411.5], [453.5, 412.0], [454.0, 412.5], [454.5, 413.0], [455.0, 413.5], [455.0, 414.5], [454.5, 415.0], [454.0, 415.5], [454.0, 416.5], [454.0, 417.5], [453.5, 418.0], [453.0, 418.5], [453.0, 419.5], [452.5, 420.0], [452.0, 420.5], [451.5, 421.0], [451.0, 421.5], [450.5, 422.0], [450.0, 422.5], [449.5, 423.0], [448.5, 423.0], [448.0, 423.5], [447.5, 424.0]]]}, "properties": {"objectType": "detection", "name": "label_284", "label_id": 284}}, {"type": "Feature", "geometry": {"type": "Polygon", "coordinates": [[[453.5, 465.0], [452.5, 465.0], [451.5, 465.0], [450.5, 465.0], [449.5, 465.0], [449.0, 464.5], [448.5, 464.0], [447.5, 464.0], [447.0, 463.5], [446.5, 463.0], [446.0, 462.5], [445.5, 462.0], [445.0, 461.5], [444.5, 461.0], [444.0, 460.5], [443.5, 460.0], [443.0, 459.5], [443.0, 458.5], [442.5, 458.0], [442.0, 457.5], [442.0, 456.5], [441.5, 456.0], [441.0, 455.5], [441.0, 454.5], [441.0, 453.5], [440.5, 453.0], [440.0, 452.5], [440.0, 451.5], [440.0, 450.5], [440.5, 450.0], [441.0, 449.5], [441.5, 449.0], [442.5, 449.0], [443.5, 449.0], [444.0, 449.5], [444.5, 450.0], [445.0, 450.5], [445.5, 451.0], [446.5, 451.0], [447.0, 451.5], [447.5, 452.0], [448.5, 452.0], [449.5, 452.0], [450.0, 452.5], [450.5, 453.0], [451.0, 453.5], [451.5, 454.0], [452.5, 454.0], [453.0, 454.5], [453.5, 455.0], [454.0, 455.5], [454.5, 456.0], [455.5, 456.0], [456.0, 456.5], [456.5, 457.0], [457.0, 457.5], [457.0, 458.5], [457.0, 459.5], [457.0, 460.5], [457.0, 461.5], [456.5, 462.0], [456.0, 462.5], [455.5, 463.0], [455.0, 463.5], [454.5, 464.0], [454.0, 464.5], [453.5, 465.0]]]}, "properties": {"objectType": "detection", "name": "label_285", "label_id": 285}}, {"type": "Feature", "geometry": {"type": "Polygon", "coordinates": [[[493.5, 152.0], [492.5, 152.0], [491.5, 152.0], [490.5, 152.0], [489.5, 152.0], [488.5, 152.0], [487.5, 152.0], [486.5, 152.0], [486.0, 151.5], [485.5, 151.0], [484.5, 151.0], [484.0, 150.5], [483.5, 150.0], [482.5, 150.0], [482.0, 149.5], [482.0, 148.5], [481.5, 148.0], [481.0, 147.5], [480.5, 147.0], [480.0, 146.5], [480.0, 145.5], [480.0, 144.5], [480.0, 143.5], [480.0, 142.5], [480.0, 141.5], [480.5, 141.0], [481.0, 140.5], [481.5, 140.0], [482.5, 140.0], [483.5, 140.0], [484.5, 140.0], [485.5, 140.0], [486.5, 140.0], [487.5, 140.0], [488.5, 140.0], [489.5, 140.0], [490.5, 140.0], [491.5, 140.0], [492.0, 140.5], [492.5, 141.0], [493.5, 141.0], [494.0, 141.5], [494.5, 142.0], [495.0, 142.5], [495.0, 143.5], [495.5, 144.0], [496.0, 144.5], [496.0, 145.5], [496.0, 146.5], [496.0, 147.5], [496.0, 148.5], [495.5, 149.0], [495.0, 149.5], [495.0, 150.5], [494.5, 151.0], [494.0, 151.5], [493.5, 152.0]]]}, "properties": {"objectType": "detection", "name": "label_286", "label_id": 286}}, {"type": "Feature", "geometry": {"type": "Polygon", "coordinates": [[[635.5, 166.0], [634.5, 166.0], [633.5, 166.0], [632.5, 166.0], [631.5, 166.0], [630.5, 166.0], [629.5, 166.0], [629.0, 165.5], [629.0, 164.5], [629.0, 163.5], [629.0, 162.5], [629.0, 161.5], [629.5, 161.0], [630.0, 160.5], [630.0, 159.5], [630.0, 158.5], [630.5, 158.0], [631.0, 157.5], [631.0, 156.5], [631.5, 156.0], [632.0, 155.5], [632.5, 155.0], [633.0, 154.5], [633.0, 153.5], [633.5, 153.0], [634.0, 152.5], [634.0, 151.5], [634.5, 151.0], [635.0, 150.5], [635.0, 149.5], [635.5, 149.0], [636.0, 148.5], [636.5, 148.0], [637.5, 148.0], [638.0, 147.5], [638.5, 147.0], [639.5, 147.0], [640.0, 147.5], [640.5, 148.0], [641.0, 148.5], [641.5, 149.0], [642.0, 149.5], [642.0, 150.5], [642.0, 151.5], [642.0, 152.5], [642.5, 153.0], [643.0, 153.5], [642.5, 154.0], [642.0, 154.5], [642.0, 155.5], [642.0, 156.5], [641.5, 157.0], [641.0, 157.5], [641.0, 158.5], [641.0, 159.5], [640.5, 160.0], [640.0, 160.5], [640.0, 161.5], [639.5, 162.0], [639.0, 162.5], [638.5, 163.0], [638.0, 163.5], [637.5, 164.0], [637.0, 164.5], [636.5, 165.0], [636.0, 165.5], [635.5, 166.0]]]}, "properties": {"objectType": "detection", "name": "label_287", "label_id": 287}}, {"type": "Feature", "geometry": {"type": "Polygon", "coordinates": [[[365.5, 54.0], [365.0, 53.5], [364.5, 53.0], [363.5, 53.0], [362.5, 53.0], [362.0, 52.5], [361.5, 52.0], [361.0, 51.5], [361.0, 50.5], [361.0, 49.5], [361.0, 48.5], [361.0, 47.5], [361.0, 46.5], [361.0, 45.5], [361.5, 45.0], [362.0, 44.5], [362.5, 44.0], [363.0, 43.5], [363.5, 43.0], [364.0, 42.5], [364.5, 42.0], [365.0, 41.5], [365.5, 41.0], [366.0, 40.5], [366.5, 40.0], [367.5, 40.0], [368.0, 39.5], [368.5, 39.0], [369.5, 39.0], [370.0, 38.5], [370.5, 38.0], [371.5, 38.0], [372.5, 38.0], [373.5, 38.0], [374.5, 38.0], [375.0, 38.5], [375.5, 39.0], [376.0, 39.5], [376.0, 40.5], [376.0, 41.5], [376.0, 42.5], [376.0, 43.5], [376.0, 44.5], [376.0, 45.5], [376.0, 46.5], [375.5, 47.0], [375.0, 47.5], [374.5, 48.0], [373.5, 48.0], [373.0, 48.5], [372.5, 49.0], [372.0, 49.5], [371.5, 50.0], [370.5, 50.0], [370.0, 50.5], [369.5, 51.0], [368.5, 51.0], [368.0, 51.5], [367.5, 52.0], [367.0, 52.5], [366.5, 53.0], [366.0, 53.5], [365.5, 54.0]]]}, "properties": {"objectType": "detection", "name": "label_288", "label_id": 288}}, {"type": "Feature", "geometry": {"type": "Polygon", "coordinates": [[[155.5, 388.0], [154.5, 388.0], [153.5, 388.0], [152.5, 388.0], [151.5, 388.0], [151.0, 387.5], [151.0, 386.5], [151.0, 385.5], [151.0, 384.5], [151.0, 383.5], [151.0, 382.5], [150.5, 382.0], [150.0, 381.5], [150.0, 380.5], [150.5, 380.0], [151.0, 379.5], [150.5, 379.0], [150.0, 378.5], [150.0, 377.5], [150.0, 376.5], [150.0, 375.5], [150.0, 374.5], [150.0, 373.5], [150.0, 372.5], [150.0, 371.5], [150.0, 370.5], [150.5, 370.0], [151.0, 369.5], [151.5, 369.0], [152.5, 369.0], [153.5, 369.0], [154.0, 369.5], [154.5, 370.0], [155.5, 370.0], [156.0, 370.5], [156.5, 371.0], [157.0, 371.5], [157.5, 372.0], [158.0, 372.5], [158.5, 373.0], [159.0, 373.5], [159.5, 374.0], [160.0, 374.5], [160.0, 375.5], [160.0, 376.5], [160.5, 377.0], [161.0, 377.5], [161.0, 378.5], [161.0, 379.5], [161.0, 380.5], [161.0, 381.5], [160.5, 382.0], [160.0, 382.5], [160.0, 383.5], [159.5, 384.0], [159.0, 384.5], [158.5, 385.0], [158.0, 385.5], [157.5, 386.0], [157.0, 386.5], [156.5, 387.0], [156.0, 387.5], [155.5, 388.0]]]}, "properties": {"objectType": "detection", "name": "label_289", "label_id": 289}}, {"type": "Feature", "geometry": {"type": "Polygon", "coordinates": [[[497.5, 564.0], [496.5, 564.0], [495.5, 564.0], [494.5, 564.0], [493.5, 564.0], [492.5, 564.0], [492.0, 563.5], [491.5, 563.0], [490.5, 563.0], [490.0, 562.5], [489.5, 562.0], [489.0, 561.5], [488.5, 561.0], [488.0, 560.5], [487.5, 560.0], [487.0, 559.5], [487.0, 558.5], [486.5, 558.0], [486.0, 557.5], [486.0, 556.5], [486.0, 555.5], [485.5, 555.0], [485.0, 554.5], [485.5, 554.0], [486.0, 553.5], [486.0, 552.5], [486.0, 551.5], [486.5, 551.0], [487.5, 551.0], [488.5, 551.0], [489.5, 551.0], [490.5, 551.0], [491.5, 551.0], [492.5, 551.0], [493.5, 551.0], [494.0, 551.5], [494.5, 552.0], [495.5, 552.0], [496.5, 552.0], [497.5, 552.0], [498.0, 552.5], [498.5, 553.0], [499.0, 553.5], [499.5, 554.0], [500.0, 554.5], [500.5, 555.0], [501.0, 555.5], [501.0, 556.5], [501.0, 557.5], [501.0, 558.5], [501.0, 559.5], [501.0, 560.5], [500.5, 561.0], [500.0, 561.5], [500.0, 562.5], [499.5, 563.0], [498.5, 563.0], [498.0, 563.5], [497.5, 564.0]]]}, "properties": {"objectType": "detection", "name": "label_290", "label_id": 290}}, {"type": "Feature", "geometry": {"type": "Polygon", "coordinates": [[[269.5, 341.0], [268.5, 341.0], [267.5, 341.0], [266.5, 341.0], [265.5, 341.0], [265.0, 340.5], [264.5, 340.0], [264.0, 339.5], [263.5, 339.0], [263.0, 338.5], [262.5, 338.0], [262.0, 337.5], [262.0, 336.5], [261.5, 336.0], [261.0, 335.5], [261.0, 334.5], [261.0, 333.5], [261.0, 332.5], [261.5, 332.0], [262.0, 331.5], [262.0, 330.5], [262.5, 330.0], [263.0, 329.5], [263.5, 329.0], [264.0, 328.5], [264.5, 328.0], [265.5, 328.0], [266.5, 328.0], [267.0, 327.5], [267.5, 327.0], [268.5, 327.0], [269.5, 327.0], [270.5, 327.0], [271.5, 327.0], [272.5, 327.0], [273.5, 327.0], [274.0, 327.5], [274.5, 328.0], [275.0, 328.5], [275.0, 329.5], [275.5, 330.0], [276.0, 330.5], [276.0, 331.5], [276.0, 332.5], [276.0, 333.5], [275.5, 334.0], [275.0, 334.5], [275.0, 335.5], [274.5, 336.0], [274.0, 336.5], [273.5, 337.0], [273.0, 337.5], [272.5, 338.0], [272.0, 338.5], [271.5, 339.0], [271.0, 339.5], [270.5, 340.0], [270.0, 340.5], [269.5, 341.0]]]}, "properties": {"objectType": "detection", "name": "label_291", "label_id": 291}}, {"type": "Feature", "geometry": {"type": "Polygon", "coordinates": [[[351.5, 551.0], [350.5, 551.0], [349.5, 551.0], [348.5, 551.0], [348.0, 550.5], [347.5, 550.0], [346.5, 550.0], [346.0, 549.5], [345.5, 549.0], [345.0, 548.5], [344.5, 548.0], [344.0, 547.5], [344.0, 546.5], [344.0, 545.5], [344.0, 544.5], [344.0, 543.5], [344.0, 542.5], [344.5, 542.0], [345.0, 541.5], [345.0, 540.5], [345.5, 540.0], [346.0, 539.5], [346.5, 539.0], [347.0, 538.5], [347.5, 538.0], [348.5, 538.0], [349.0, 537.5], [349.5, 537.0], [350.5, 537.0], [351.0, 536.5], [351.5, 536.0], [352.5, 536.0], [353.0, 536.5], [353.5, 537.0], [354.5, 537.0], [355.5, 537.0], [356.0, 537.5], [356.5, 538.0], [357.0, 538.5], [357.0, 539.5], [357.5, 540.0], [358.0, 540.5], [358.0, 541.5], [358.5, 542.0], [359.0, 542.5], [358.5, 543.0], [358.0, 543.5], [358.0, 544.5], [358.0, 545.5], [357.5, 546.0], [357.0, 546.5], [356.5, 547.0], [356.0, 547.5], [355.5, 548.0], [355.0, 548.5], [354.5, 549.0], [354.0, 549.5], [353.5, 550.0], [352.5, 550.0], [352.0, 550.5], [351.5, 551.0]]]}, "properties": {"objectType": "detection", "name": "label_292", "label_id": 292}}, {"type": "Feature", "geometry": {"type": "Polygon", "coordinates": [[[269.5, 166.0], [268.5, 166.0], [267.5, 166.0], [266.5, 166.0], [265.5, 166.0], [265.0, 165.5], [264.5, 165.0], [264.0, 164.5], [263.5, 164.0], [263.0, 163.5], [262.5, 163.0], [262.0, 162.5], [261.5, 162.0], [261.0, 161.5], [260.5, 161.0], [260.0, 160.5], [260.0, 159.5], [260.0, 158.5], [260.0, 157.5], [260.5, 157.0], [261.0, 156.5], [261.0, 155.5], [261.0, 154.5], [261.5, 154.0], [262.0, 153.5], [262.5, 153.0], [263.0, 152.5], [263.5, 152.0], [264.0, 151.5], [264.5, 151.0], [265.5, 151.0], [266.5, 151.0], [267.5, 151.0], [268.5, 151.0], [269.5, 151.0], [270.0, 151.5], [270.5, 152.0], [271.0, 152.5], [271.5, 153.0], [272.0, 153.5], [272.0, 154.5], [272.5, 155.0], [273.0, 155.5], [273.0, 156.5], [273.5, 157.0], [274.0, 157.5], [274.0, 158.5], [274.0, 159.5], [274.0, 160.5], [273.5, 161.0], [273.0, 161.5], [273.0, 162.5], [272.5, 163.0], [272.0, 163.5], [271.5, 164.0], [271.0, 164.5], [270.5, 165.0], [270.0, 165.5], [269.5, 166.0]]]}, "properties": {"objectType": "detection", "name": "label_293", "label_id": 293}}, {"type": "Feature", "geometry": {"type": "Polygon", "coordinates": [[[738.5, 236.0], [737.5, 236.0], [736.5, 236.0], [735.5, 236.0], [735.0, 235.5], [734.5, 235.0], [734.0, 234.5], [734.0, 233.5], [733.5, 233.0], [733.0, 232.5], [733.0, 231.5], [733.0, 230.5], [733.0, 229.5], [733.0, 228.5], [733.0, 227.5], [733.0, 226.5], [733.0, 225.5], [733.5, 225.0], [734.0, 224.5], [734.0, 223.5], [734.5, 223.0], [735.0, 222.5], [735.0, 221.5], [735.5, 221.0], [736.0, 220.5], [736.5, 220.0], [737.0, 219.5], [737.5, 219.0], [738.5, 219.0], [739.0, 218.5], [739.5, 218.0], [740.5, 218.0], [741.5, 218.0], [742.5, 218.0], [743.0, 218.5], [743.5, 219.0], [744.5, 219.0], [745.5, 219.0], [746.0, 219.5], [746.0, 220.5], [746.0, 221.5], [746.0, 222.5], [745.5, 223.0], [745.0, 223.5], [745.0, 224.5], [744.5, 225.0], [744.0, 225.5], [743.5, 226.0], [743.0, 226.5], [743.0, 227.5], [742.5, 228.0], [742.0, 228.5], [742.0, 229.5], [742.0, 230.5], [741.5, 231.0], [741.0, 231.5], [741.0, 232.5], [740.5, 233.0], [740.0, 233.5], [740.0, 234.5], [739.5, 235.0], [739.0, 235.5], [738.5, 236.0]]]}, "properties": {"objectType": "detection", "name": "label_294", "label_id": 294}}, {"type": "Feature", "geometry": {"type": "Polygon", "coordinates": [[[804.5, 268.0], [803.5, 268.0], [802.5, 268.0], [801.5, 268.0], [800.5, 268.0], [800.0, 267.5], [799.5, 267.0], [798.5, 267.0], [798.0, 266.5], [798.0, 265.5], [797.5, 265.0], [797.0, 264.5], [797.0, 263.5], [797.0, 262.5], [797.0, 261.5], [797.0, 260.5], [797.0, 259.5], [797.0, 258.5], [797.5, 258.0], [798.0, 257.5], [798.5, 257.0], [799.5, 257.0], [800.0, 256.5], [800.5, 256.0], [801.5, 256.0], [802.5, 256.0], [803.5, 256.0], [804.0, 255.5], [804.5, 255.0], [805.5, 255.0], [806.0, 255.5], [806.5, 256.0], [807.5, 256.0], [808.5, 256.0], [809.5, 256.0], [810.0, 256.5], [810.5, 257.0], [811.0, 257.5], [811.5, 258.0], [812.0, 258.5], [812.5, 259.0], [813.0, 259.5], [813.0, 260.5], [813.0, 261.5], [813.0, 262.5], [812.5, 263.0], [812.0, 263.5], [811.5, 264.0], [810.5, 264.0], [810.0, 264.5], [809.5, 265.0], [808.5, 265.0], [808.0, 265.5], [807.5, 266.0], [807.0, 266.5], [806.5, 267.0], [805.5, 267.0], [805.0, 267.5], [804.5, 268.0]]]}, "properties": {"objectType": "detection", "name": "label_295", "label_id": 295}}, {"type": "Feature", "geometry": {"type": "Polygon", "coordinates": [[[131.5, 535.0], [130.5, 535.0], [130.0, 534.5], [129.5, 534.0], [128.5, 534.0], [128.0, 533.5], [128.0, 532.5], [128.5, 532.0], [129.0, 531.5], [128.5, 531.0], [128.0, 530.5], [128.0, 529.5], [128.0, 528.5], [128.5, 528.0], [129.0, 527.5], [129.0, 526.5], [129.5, 526.0], [130.0, 525.5], [130.5, 525.0], [131.0, 524.5], [131.0, 523.5], [131.5, 523.0], [132.0, 522.5], [132.5, 522.0], [133.0, 521.5], [133.5, 521.0], [134.0, 520.5], [134.5, 520.0], [135.5, 520.0], [136.0, 519.5], [136.5, 519.0], [137.5, 519.0], [138.5, 519.0], [139.0, 518.5], [139.5, 518.0], [140.5, 518.0], [141.5, 518.0], [142.5, 518.0], [143.0, 518.5], [143.5, 519.0], [144.0, 519.5], [144.0, 520.5], [144.0, 521.5], [144.0, 522.5], [143.5, 523.0], [143.0, 523.5], [142.5, 524.0], [142.0, 524.5], [141.5, 525.0], [141.0, 525.5], [140.5, 526.0], [140.0, 526.5], [140.0, 527.5], [139.5, 528.0], [139.0, 528.5], [138.5, 529.0], [138.0, 529.5], [138.0, 530.5], [137.5, 531.0], [137.0, 531.5], [136.5, 532.0], [136.0, 532.5], [135.5, 533.0], [134.5, 533.0], [134.0, 533.5], [133.5, 534.0], [132.5, 534.0], [132.0, 534.5], [131.5, 535.0]]]}, "properties": {"objectType": "detection", "name": "label_296", "label_id": 296}}, {"type": "Feature", "geometry": {"type": "Polygon", "coordinates": [[[334.5, 660.0], [333.5, 660.0], [332.5, 660.0], [331.5, 660.0], [331.0, 659.5], [331.0, 658.5], [330.5, 658.0], [330.0, 657.5], [330.0, 656.5], [330.0, 655.5], [330.0, 654.5], [330.0, 653.5], [330.0, 652.5], [330.0, 651.5], [330.0, 650.5], [330.0, 649.5], [330.0, 648.5], [330.0, 647.5], [330.0, 646.5], [330.0, 645.5], [330.0, 644.5], [330.0, 643.5], [330.0, 642.5], [330.0, 641.5], [330.0, 640.5], [330.0, 639.5], [330.0, 638.5], [330.5, 638.0], [331.0, 637.5], [331.5, 637.0], [332.5, 637.0], [333.0, 636.5], [333.5, 636.0], [334.5, 636.0], [335.5, 636.0], [336.0, 636.5], [336.5, 637.0], [337.0, 637.5], [337.0, 638.5], [337.0, 639.5], [337.0, 640.5], [337.0, 641.5], [337.0, 642.5], [337.0, 643.5], [337.0, 644.5], [337.0, 645.5], [337.0, 646.5], [337.0, 647.5], [337.0, 648.5], [337.0, 649.5], [337.0, 650.5], [337.0, 651.5], [337.0, 652.5], [337.0, 653.5], [337.0, 654.5], [337.0, 655.5], [336.5, 656.0], [336.0, 656.5], [336.0, 657.5], [336.0, 658.5], [335.5, 659.0], [335.0, 659.5], [334.5, 660.0]]]}, "properties": {"objectType": "detection", "name": "label_297", "label_id": 297}}, {"type": "Feature", "geometry": {"type": "Polygon", "coordinates": [[[340.5, 64.0], [339.5, 64.0], [338.5, 64.0], [337.5, 64.0], [336.5, 64.0], [336.0, 63.5], [335.5, 63.0], [334.5, 63.0], [334.0, 62.5], [334.0, 61.5], [333.5, 61.0], [333.0, 60.5], [332.5, 60.0], [332.0, 59.5], [332.0, 58.5], [331.5, 58.0], [331.0, 57.5], [331.0, 56.5], [331.0, 55.5], [331.0, 54.5], [331.5, 54.0], [332.0, 53.5], [332.0, 52.5], [332.5, 52.0], [333.0, 51.5], [333.5, 51.0], [334.0, 50.5], [334.5, 50.0], [335.5, 50.0], [336.0, 49.5], [336.5, 49.0], [337.5, 49.0], [338.5, 49.0], [339.0, 49.5], [339.5, 50.0], [340.5, 50.0], [341.0, 50.5], [341.5, 51.0], [342.0, 51.5], [342.5, 52.0], [343.0, 52.5], [343.0, 53.5], [343.5, 54.0], [344.0, 54.5], [344.5, 55.0], [345.0, 55.5], [345.0, 56.5], [345.0, 57.5], [345.0, 58.5], [345.0, 59.5], [344.5, 60.0], [344.0, 60.5], [343.5, 61.0], [343.0, 61.5], [342.5, 62.0], [342.0, 62.5], [341.5, 63.0], [341.0, 63.5], [340.5, 64.0]]]}, "properties": {"objectType": "detection", "name": "label_298", "label_id": 298}}, {"type": "Feature", "geometry": {"type": "Polygon", "coordinates": [[[492.5, 475.0], [491.5, 475.0], [490.5, 475.0], [490.0, 474.5], [489.5, 474.0], [488.5, 474.0], [487.5, 474.0], [487.0, 473.5], [486.5, 473.0], [486.0, 472.5], [485.5, 472.0], [485.0, 471.5], [484.5, 471.0], [484.0, 470.5], [484.0, 469.5], [484.0, 468.5], [484.0, 467.5], [484.0, 466.5], [484.0, 465.5], [484.5, 465.0], [485.0, 464.5], [485.5, 464.0], [486.0, 463.5], [486.5, 463.0], [487.0, 462.5], [487.5, 462.0], [488.5, 462.0], [489.5, 462.0], [490.5, 462.0], [491.5, 462.0], [492.5, 462.0], [493.5, 462.0], [494.0, 462.5], [494.5, 463.0], [495.5, 463.0], [496.0, 463.5], [496.5, 464.0], [497.5, 464.0], [498.0, 464.5], [498.0, 465.5], [498.5, 466.0], [499.0, 466.5], [499.0, 467.5], [499.0, 468.5], [499.0, 469.5], [499.0, 470.5], [498.5, 471.0], [498.0, 471.5], [497.5, 472.0], [497.0, 472.5], [496.5, 473.0], [496.0, 473.5], [495.5, 474.0], [494.5, 474.0], [493.5, 474.0], [493.0, 474.5], [492.5, 475.0]]]}, "properties": {"objectType": "detection", "name": "label_299", "label_id": 299}}, {"type": "Feature", "geometry": {"type": "Polygon", "coordinates": [[[464.5, 696.0], [463.5, 696.0], [462.5, 696.0], [461.5, 696.0], [461.0, 695.5], [460.5, 695.0], [459.5, 695.0], [459.0, 694.5], [458.5, 694.0], [457.5, 694.0], [457.0, 693.5], [456.5, 693.0], [456.0, 692.5], [455.5, 692.0], [454.5, 692.0], [454.0, 691.5], [453.5, 691.0], [453.0, 690.5], [452.5, 690.0], [452.0, 689.5], [451.5, 689.0], [451.0, 688.5], [451.0, 687.5], [450.5, 687.0], [450.0, 686.5], [450.5, 686.0], [451.0, 685.5], [451.0, 684.5], [451.5, 684.0], [452.0, 683.5], [452.5, 683.0], [453.5, 683.0], [454.5, 683.0], [455.5, 683.0], [456.5, 683.0], [457.5, 683.0], [458.5, 683.0], [459.5, 683.0], [460.0, 683.5], [460.5, 684.0], [461.5, 684.0], [462.0, 684.5], [462.5, 685.0], [463.5, 685.0], [464.0, 685.5], [464.5, 686.0], [465.0, 686.5], [465.5, 687.0], [466.0, 687.5], [466.5, 688.0], [467.0, 688.5], [467.0, 689.5], [467.0, 690.5], [467.5, 691.0], [468.0, 691.5], [468.0, 692.5], [467.5, 693.0], [467.0, 693.5], [466.5, 694.0], [466.0, 694.5], [465.5, 695.0], [465.0, 695.5], [464.5, 696.0]]]}, "properties": {"objectType": "detection", "name": "label_300", "label_id": 300}}, {"type": "Feature", "geometry": {"type": "Polygon", "coordinates": [[[207.5, 34.0], [206.5, 34.0], [205.5, 34.0], [204.5, 34.0], [204.0, 33.5], [203.5, 33.0], [202.5, 33.0], [202.0, 32.5], [202.0, 31.5], [201.5, 31.0], [201.0, 30.5], [200.5, 30.0], [200.0, 29.5], [200.0, 28.5], [200.0, 27.5], [200.0, 26.5], [200.0, 25.5], [200.0, 24.5], [200.0, 23.5], [200.0, 22.5], [200.5, 22.0], [201.0, 21.5], [201.5, 21.0], [202.0, 20.5], [202.0, 19.5], [202.5, 19.0], [203.5, 19.0], [204.0, 18.5], [204.5, 18.0], [205.5, 18.0], [206.0, 17.5], [206.5, 17.0], [207.5, 17.0], [208.0, 17.5], [208.5, 18.0], [209.5, 18.0], [210.0, 18.5], [210.5, 19.0], [211.0, 19.5], [211.0, 20.5], [211.0, 21.5], [211.0, 22.5], [211.0, 23.5], [211.0, 24.5], [211.0, 25.5], [211.0, 26.5], [211.0, 27.5], [211.0, 28.5], [211.0, 29.5], [211.0, 30.5], [210.5, 31.0], [210.0, 31.5], [209.5, 32.0], [209.0, 32.5], [208.5, 33.0], [208.0, 33.5], [207.5, 34.0]]]}, "properties": {"objectType": "detection", "name": "label_301", "label_id": 301}}, {"type": "Feature", "geometry": {"type": "Polygon", "coordinates": [[[471.5, 47.0], [470.5, 47.0], [469.5, 47.0], [468.5, 47.0], [468.0, 46.5], [467.5, 46.0], [466.5, 46.0], [466.0, 45.5], [465.5, 45.0], [464.5, 45.0], [464.0, 44.5], [463.5, 44.0], [463.0, 43.5], [463.0, 42.5], [463.0, 41.5], [462.5, 41.0], [462.0, 40.5], [462.5, 40.0], [463.0, 39.5], [463.0, 38.5], [463.0, 37.5], [463.5, 37.0], [464.0, 36.5], [464.5, 36.0], [465.0, 35.5], [465.5, 35.0], [466.0, 34.5], [466.5, 34.0], [467.0, 33.5], [467.5, 33.0], [468.5, 33.0], [469.5, 33.0], [470.5, 33.0], [471.5, 33.0], [472.5, 33.0], [473.0, 33.5], [473.5, 34.0], [474.0, 34.5], [474.5, 35.0], [475.0, 35.5], [475.5, 36.0], [476.0, 36.5], [476.0, 37.5], [476.0, 38.5], [476.5, 39.0], [477.0, 39.5], [477.0, 40.5], [476.5, 41.0], [476.0, 41.5], [476.0, 42.5], [476.0, 43.5], [475.5, 44.0], [475.0, 44.5], [474.5, 45.0], [474.0, 45.5], [473.5, 46.0], [472.5, 46.0], [472.0, 46.5], [471.5, 47.0]]]}, "properties": {"objectType": "detection", "name": "label_302", "label_id": 302}}, {"type": "Feature", "geometry": {"type": "Polygon", "coordinates": [[[729.5, 76.0], [729.0, 75.5], [728.5, 75.0], [728.0, 74.5], [727.5, 74.0], [726.5, 74.0], [726.0, 73.5], [725.5, 73.0], [724.5, 73.0], [724.0, 72.5], [723.5, 72.0], [722.5, 72.0], [721.5, 72.0], [720.5, 72.0], [719.5, 72.0], [718.5, 72.0], [717.5, 72.0], [716.5, 72.0], [716.0, 71.5], [715.5, 71.0], [714.5, 71.0], [713.5, 71.0], [713.0, 70.5], [712.5, 70.0], [711.5, 70.0], [710.5, 70.0], [710.0, 69.5], [709.5, 69.0], [709.0, 68.5], [708.5, 68.0], [708.0, 67.5], [708.0, 66.5], [708.5, 66.0], [709.0, 65.5], [709.5, 65.0], [710.5, 65.0], [711.5, 65.0], [712.0, 64.5], [712.5, 64.0], [713.5, 64.0], [714.5, 64.0], [715.5, 64.0], [716.5, 64.0], [717.5, 64.0], [718.5, 64.0], [719.5, 64.0], [720.5, 64.0], [721.5, 64.0], [722.5, 64.0], [723.0, 64.5], [723.5, 65.0], [724.5, 65.0], [725.0, 65.5], [725.5, 66.0], [726.5, 66.0], [727.0, 66.5], [727.5, 67.0], [728.0, 67.5], [728.5, 68.0], [729.0, 68.5], [729.5, 69.0], [730.0, 69.5], [730.0, 70.5], [730.0, 71.5], [730.5, 72.0], [731.0, 72.5], [731.0, 73.5], [731.0, 74.5], [730.5, 75.0], [730.0, 75.5], [729.5, 76.0]]]}, "properties": {"objectType": "detection", "name": "label_303", "label_id": 303}}, {"type": "Feature", "geometry": {"type": "Polygon", "coordinates": [[[719.5, 640.0], [718.5, 640.0], [718.0, 639.5], [717.5, 639.0], [716.5, 639.0], [716.0, 638.5], [715.5, 638.0], [714.5, 638.0], [714.0, 637.5], [714.0, 636.5], [713.5, 636.0], [713.0, 635.5], [712.5, 635.0], [712.0, 634.5], [712.0, 633.5], [711.5, 633.0], [711.0, 632.5], [711.0, 631.5], [711.0, 630.5], [711.5, 630.0], [712.0, 629.5], [712.5, 629.0], [713.0, 629.5], [713.5, 630.0], [714.5, 630.0], [715.5, 630.0], [716.5, 630.0], [717.0, 629.5], [717.5, 629.0], [718.5, 629.0], [719.5, 629.0], [720.5, 629.0], [721.0, 628.5], [721.5, 628.0], [722.0, 627.5], [722.5, 627.0], [723.5, 627.0], [724.0, 626.5], [724.5, 626.0], [725.0, 625.5], [725.5, 625.0], [726.5, 625.0], [727.0, 625.5], [727.5, 626.0], [728.0, 626.5], [728.5, 627.0], [729.0, 627.5], [728.5, 628.0], [728.0, 628.5], [728.0, 629.5], [728.0, 630.5], [728.0, 631.5], [727.5, 632.0], [727.0, 632.5], [727.0, 633.5], [726.5, 634.0], [726.0, 634.5], [726.0, 635.5], [725.5, 636.0], [725.0, 636.5], [724.5, 637.0], [724.0, 637.5], [723.5, 638.0], [722.5, 638.0], [722.0, 638.5], [721.5, 639.0], [720.5, 639.0], [720.0, 639.5], [719.5, 640.0]]]}, "properties": {"objectType": "detection", "name": "label_304", "label_id": 304}}, {"type": "Feature", "geometry": {"type": "Polygon", "coordinates": [[[408.5, 55.0], [407.5, 55.0], [406.5, 55.0], [406.0, 54.5], [405.5, 54.0], [405.0, 53.5], [404.5, 53.0], [404.0, 52.5], [403.5, 52.0], [403.0, 51.5], [402.5, 51.0], [402.0, 50.5], [402.0, 49.5], [401.5, 49.0], [401.0, 48.5], [400.5, 48.0], [400.0, 47.5], [400.0, 46.5], [399.5, 46.0], [399.0, 45.5], [399.0, 44.5], [399.0, 43.5], [399.0, 42.5], [399.0, 41.5], [399.5, 41.0], [400.0, 40.5], [400.0, 39.5], [400.5, 39.0], [401.0, 38.5], [401.5, 38.0], [402.0, 37.5], [402.5, 37.0], [403.5, 37.0], [404.0, 36.5], [404.5, 36.0], [405.0, 36.5], [405.5, 37.0], [406.5, 37.0], [407.5, 37.0], [408.0, 37.5], [408.5, 38.0], [409.0, 38.5], [409.0, 39.5], [409.0, 40.5], [409.0, 41.5], [409.0, 42.5], [409.5, 43.0], [410.0, 43.5], [410.0, 44.5], [410.0, 45.5], [410.0, 46.5], [410.0, 47.5], [410.0, 48.5], [410.0, 49.5], [410.0, 50.5], [410.0, 51.5], [410.0, 52.5], [410.0, 53.5], [409.5, 54.0], [409.0, 54.5], [408.5, 55.0]]]}, "properties": {"objectType": "detection", "name": "label_305", "label_id": 305}}, {"type": "Feature", "geometry": {"type": "Polygon", "coordinates": [[[750.5, 244.0], [750.0, 243.5], [749.5, 243.0], [748.5, 243.0], [748.0, 242.5], [747.5, 242.0], [746.5, 242.0], [746.0, 241.5], [746.0, 240.5], [745.5, 240.0], [745.0, 239.5], [745.0, 238.5], [744.5, 238.0], [744.0, 237.5], [744.0, 236.5], [743.5, 236.0], [743.0, 235.5], [743.0, 234.5], [743.0, 233.5], [743.0, 232.5], [743.0, 231.5], [743.5, 231.0], [744.0, 230.5], [744.5, 230.0], [745.5, 230.0], [746.5, 230.0], [747.5, 230.0], [748.5, 230.0], [749.5, 230.0], [750.5, 230.0], [751.5, 230.0], [752.0, 230.5], [752.5, 231.0], [753.0, 231.5], [753.5, 232.0], [754.0, 232.5], [754.5, 233.0], [755.0, 233.5], [755.0, 234.5], [755.5, 235.0], [756.0, 235.5], [756.5, 236.0], [757.0, 236.5], [757.0, 237.5], [757.5, 238.0], [758.0, 238.5], [758.0, 239.5], [758.0, 240.5], [758.0, 241.5], [757.5, 242.0], [757.0, 242.5], [756.5, 243.0], [755.5, 243.0], [754.5, 243.0], [753.5, 243.0], [752.5, 243.0], [751.5, 243.0], [751.0, 243.5], [750.5, 244.0]]]}, "properties": {"objectType": "detection", "name": "label_306", "label_id": 306}}, {"type": "Feature", "geometry": {"type": "Polygon", "coordinates": [[[770.5, 652.0], [769.5, 652.0], [768.5, 652.0], [767.5, 652.0], [767.0, 651.5], [766.5, 651.0], [766.0, 650.5], [766.0, 649.5], [765.5, 649.0], [765.0, 648.5], [764.5, 648.0], [764.0, 647.5], [764.0, 646.5], [763.5, 646.0], [763.0, 645.5], [763.0, 644.5], [762.5, 644.0], [762.0, 643.5], [761.5, 643.0], [761.0, 642.5], [761.0, 641.5], [760.5, 641.0], [760.0, 640.5], [760.0, 639.5], [760.0, 638.5], [759.5, 638.0], [759.0, 637.5], [759.0, 636.5], [759.0, 635.5], [758.5, 635.0], [758.0, 634.5], [758.0, 633.5], [758.5, 633.0], [759.0, 632.5], [759.5, 632.0], [760.5, 632.0], [761.0, 632.5], [761.5, 633.0], [762.5, 633.0], [763.0, 633.5], [763.5, 634.0], [764.0, 634.5], [764.5, 635.0], [765.5, 635.0], [766.0, 635.5], [766.5, 636.0], [767.0, 636.5], [767.5, 637.0], [768.0, 637.5], [768.5, 638.0], [769.0, 638.5], [769.0, 639.5], [769.5, 640.0], [770.0, 640.5], [770.5, 641.0], [771.0, 641.5], [771.0, 642.5], [771.5, 643.0], [772.0, 643.5], [772.0, 644.5], [772.0, 645.5], [772.0, 646.5], [772.0, 647.5], [772.0, 648.5], [772.0, 649.5], [772.0, 650.5], [771.5, 651.0], [771.0, 651.5], [770.5, 652.0]]]}, "properties": {"objectType": "detection", "name": "label_307", "label_id": 307}}, {"type": "Feature", "geometry": {"type": "Polygon", "coordinates": [[[412.5, 653.0], [411.5, 653.0], [410.5, 653.0], [409.5, 653.0], [408.5, 653.0], [407.5, 653.0], [406.5, 653.0], [406.0, 652.5], [405.5, 652.0], [404.5, 652.0], [403.5, 652.0], [402.5, 652.0], [401.5, 652.0], [401.0, 651.5], [400.5, 651.0], [399.5, 651.0], [398.5, 651.0], [397.5, 651.0], [396.5, 651.0], [396.0, 650.5], [395.5, 650.0], [394.5, 650.0], [394.0, 649.5], [393.5, 649.0], [393.0, 648.5], [392.5, 648.0], [392.0, 647.5], [392.0, 646.5], [392.5, 646.0], [393.0, 645.5], [393.5, 645.0], [394.0, 644.5], [394.5, 644.0], [395.5, 644.0], [396.5, 644.0], [397.5, 644.0], [398.5, 644.0], [399.5, 644.0], [400.5, 644.0], [401.5, 644.0], [402.5, 644.0], [403.5, 644.0], [404.0, 644.5], [404.5, 645.0], [405.5, 645.0], [406.5, 645.0], [407.5, 645.0], [408.0, 645.5], [408.5, 646.0], [409.5, 646.0], [410.5, 646.0], [411.0, 646.5], [411.5, 647.0], [412.5, 647.0], [413.5, 647.0], [414.0, 647.5], [414.5, 648.0], [415.5, 648.0], [416.0, 648.5], [416.0, 649.5], [416.0, 650.5], [415.5, 651.0], [415.0, 651.5], [414.5, 652.0], [413.5, 652.0], [413.0, 652.5], [412.5, 653.0]]]}, "properties": {"objectType": "detection", "name": "label_308", "label_id": 308}}, {"type": "Feature", "geometry": {"type": "Polygon", "coordinates": [[[875.5, 714.0], [874.5, 714.0], [873.5, 714.0], [872.5, 714.0], [871.5, 714.0], [870.5, 714.0], [870.0, 713.5], [869.5, 713.0], [868.5, 713.0], [868.0, 712.5], [867.5, 712.0], [867.0, 711.5], [867.0, 710.5], [867.0, 709.5], [866.5, 709.0], [866.0, 708.5], [866.5, 708.0], [867.0, 707.5], [867.0, 706.5], [867.0, 705.5], [867.5, 705.0], [868.0, 704.5], [868.5, 704.0], [869.0, 703.5], [869.5, 703.0], [870.0, 702.5], [870.5, 702.0], [871.5, 702.0], [872.0, 701.5], [872.5, 701.0], [873.5, 701.0], [874.5, 701.0], [875.5, 701.0], [876.0, 701.5], [876.5, 702.0], [877.5, 702.0], [878.0, 702.5], [878.5, 703.0], [879.5, 703.0], [880.0, 703.5], [880.0, 704.5], [880.5, 705.0], [881.0, 705.5], [881.5, 706.0], [882.0, 706.5], [882.0, 707.5], [882.0, 708.5], [881.5, 709.0], [881.0, 709.5], [881.0, 710.5], [880.5, 711.0], [880.0, 711.5], [879.5, 712.0], [878.5, 712.0], [878.0, 712.5], [877.5, 713.0], [876.5, 713.0], [876.0, 713.5], [875.5, 714.0]]]}, "properties": {"objectType": "detection", "name": "label_309", "label_id": 309}}, {"type": "Feature", "geometry": {"type": "Polygon", "coordinates": [[[466.5, 189.0], [465.5, 189.0], [464.5, 189.0], [463.5, 189.0], [462.5, 189.0], [462.0, 188.5], [461.5, 188.0], [461.0, 187.5], [460.5, 187.0], [460.0, 186.5], [459.5, 186.0], [459.0, 185.5], [459.0, 184.5], [458.5, 184.0], [458.0, 183.5], [458.0, 182.5], [458.0, 181.5], [458.0, 180.5], [458.0, 179.5], [458.0, 178.5], [458.5, 178.0], [459.0, 177.5], [459.5, 177.0], [460.0, 176.5], [460.5, 176.0], [461.5, 176.0], [462.0, 175.5], [462.5, 175.0], [463.5, 175.0], [464.5, 175.0], [465.5, 175.0], [466.0, 175.5], [466.5, 176.0], [467.5, 176.0], [468.5, 176.0], [469.0, 176.5], [469.5, 177.0], [470.0, 177.5], [470.5, 178.0], [471.0, 178.5], [471.5, 179.0], [472.0, 179.5], [472.0, 180.5], [472.0, 181.5], [472.0, 182.5], [472.0, 183.5], [471.5, 184.0], [471.0, 184.5], [470.5, 185.0], [470.0, 185.5], [469.5, 186.0], [469.0, 186.5], [468.5, 187.0], [468.0, 187.5], [467.5, 188.0], [467.0, 188.5], [466.5, 189.0]]]}, "properties": {"objectType": "detection", "name": "label_310", "label_id": 310}}, {"type": "Feature", "geometry": {"type": "Polygon", "coordinates": [[[466.5, 174.0], [465.5, 174.0], [464.5, 174.0], [463.5, 174.0], [462.5, 174.0], [462.0, 173.5], [461.5, 173.0], [460.5, 173.0], [460.0, 172.5], [460.0, 171.5], [460.0, 170.5], [459.5, 170.0], [459.0, 169.5], [459.0, 168.5], [459.5, 168.0], [460.0, 167.5], [460.0, 166.5], [460.0, 165.5], [460.5, 165.0], [461.0, 164.5], [461.0, 163.5], [461.5, 163.0], [462.0, 162.5], [462.5, 162.0], [463.0, 161.5], [463.5, 161.0], [464.0, 160.5], [464.5, 160.0], [465.5, 160.0], [466.5, 160.0], [467.5, 160.0], [468.5, 160.0], [469.5, 160.0], [470.0, 160.5], [470.5, 161.0], [471.0, 161.5], [471.5, 162.0], [472.0, 162.5], [472.0, 163.5], [472.5, 164.0], [473.0, 164.5], [473.0, 165.5], [473.0, 166.5], [473.0, 167.5], [473.0, 168.5], [472.5, 169.0], [472.0, 169.5], [472.0, 170.5], [471.5, 171.0], [471.0, 171.5], [470.5, 172.0], [469.5, 172.0], [469.0, 172.5], [468.5, 173.0], [467.5, 173.0], [467.0, 173.5], [466.5, 174.0]]]}, "properties": {"objectType": "detection", "name": "label_311", "label_id": 311}}, {"type": "Feature", "geometry": {"type": "Polygon", "coordinates": [[[806.5, 607.0], [805.5, 607.0], [804.5, 607.0], [804.0, 606.5], [803.5, 606.0], [802.5, 606.0], [802.0, 605.5], [801.5, 605.0], [801.0, 604.5], [800.5, 604.0], [800.0, 603.5], [800.0, 602.5], [800.0, 601.5], [800.0, 600.5], [800.0, 599.5], [800.5, 599.0], [801.0, 598.5], [801.5, 598.0], [802.0, 597.5], [802.0, 596.5], [802.5, 596.0], [803.0, 595.5], [803.0, 594.5], [803.5, 594.0], [804.0, 593.5], [804.5, 593.0], [805.0, 592.5], [805.5, 592.0], [806.0, 591.5], [806.5, 591.0], [807.5, 591.0], [808.5, 591.0], [809.5, 591.0], [810.0, 591.5], [810.5, 592.0], [811.0, 592.5], [811.0, 593.5], [811.5, 594.0], [812.0, 594.5], [812.0, 595.5], [812.0, 596.5], [812.5, 597.0], [813.0, 597.5], [813.0, 598.5], [813.0, 599.5], [813.0, 600.5], [813.0, 601.5], [812.5, 602.0], [812.0, 602.5], [811.5, 603.0], [811.0, 603.5], [811.0, 604.5], [810.5, 605.0], [809.5, 605.0], [809.0, 605.5], [808.5, 606.0], [807.5, 606.0], [807.0, 606.5], [806.5, 607.0]]]}, "properties": {"objectType": "detection", "name": "label_312", "label_id": 312}}, {"type": "Feature", "geometry": {"type": "Polygon", "coordinates": [[[360.5, 705.0], [359.5, 705.0], [358.5, 705.0], [357.5, 705.0], [356.5, 705.0], [355.5, 705.0], [355.0, 704.5], [354.5, 704.0], [354.0, 703.5], [353.5, 703.0], [353.0, 702.5], [352.5, 702.0], [352.0, 701.5], [352.0, 700.5], [352.0, 699.5], [351.5, 699.0], [351.0, 698.5], [351.0, 697.5], [351.0, 696.5], [351.5, 696.0], [352.0, 695.5], [352.0, 694.5], [352.0, 693.5], [352.5, 693.0], [353.0, 692.5], [353.5, 692.0], [354.0, 691.5], [354.5, 691.0], [355.5, 691.0], [356.5, 691.0], [357.5, 691.0], [358.5, 691.0], [359.5, 691.0], [360.0, 691.5], [360.5, 692.0], [361.5, 692.0], [362.0, 692.5], [362.5, 693.0], [363.0, 693.5], [363.0, 694.5], [363.5, 695.0], [364.0, 695.5], [364.0, 696.5], [364.0, 697.5], [364.5, 698.0], [365.0, 698.5], [365.0, 699.5], [364.5, 700.0], [364.0, 700.5], [364.0, 701.5], [363.5, 702.0], [363.0, 702.5], [362.5, 703.0], [362.0, 703.5], [361.5, 704.0], [361.0, 704.5], [360.5, 705.0]]]}, "properties": {"objectType": "detection", "name": "label_313", "label_id": 313}}, {"type": "Feature", "geometry": {"type": "Polygon", "coordinates": [[[67.5, 214.0], [66.5, 214.0], [65.5, 214.0], [64.5, 214.0], [63.5, 214.0], [62.5, 214.0], [61.5, 214.0], [60.5, 214.0], [59.5, 214.0], [59.0, 213.5], [58.5, 213.0], [57.5, 213.0], [57.0, 212.5], [56.5, 212.0], [55.5, 212.0], [55.0, 211.5], [54.5, 211.0], [54.0, 210.5], [53.5, 210.0], [52.5, 210.0], [52.0, 209.5], [52.0, 208.5], [51.5, 208.0], [51.0, 207.5], [50.5, 207.0], [50.0, 206.5], [50.0, 205.5], [50.5, 205.0], [51.5, 205.0], [52.0, 204.5], [52.5, 204.0], [53.5, 204.0], [54.5, 204.0], [55.5, 204.0], [56.0, 203.5], [56.5, 203.0], [57.5, 203.0], [58.5, 203.0], [59.5, 203.0], [60.5, 203.0], [61.5, 203.0], [62.0, 203.5], [62.5, 204.0], [63.5, 204.0], [64.0, 204.5], [64.5, 205.0], [65.5, 205.0], [66.5, 205.0], [67.0, 205.5], [67.0, 206.5], [67.5, 207.0], [68.0, 207.5], [68.0, 208.5], [68.0, 209.5], [68.0, 210.5], [68.0, 211.5], [68.0, 212.5], [68.0, 213.5], [67.5, 214.0]]]}, "properties": {"objectType": "detection", "name": "label_314", "label_id": 314}}, {"type": "Feature", "geometry": {"type": "Polygon", "coordinates": [[[677.5, 219.0], [677.0, 218.5], [676.5, 218.0], [675.5, 218.0], [675.0, 217.5], [674.5, 217.0], [674.0, 216.5], [673.5, 216.0], [673.0, 215.5], [672.5, 215.0], [672.0, 214.5], [671.5, 214.0], [671.0, 213.5], [671.0, 212.5], [670.5, 212.0], [670.0, 211.5], [670.0, 210.5], [670.0, 209.5], [670.0, 208.5], [670.0, 207.5], [670.0, 206.5], [670.5, 206.0], [671.5, 206.0], [672.0, 205.5], [672.5, 205.0], [673.5, 205.0], [674.0, 204.5], [674.5, 204.0], [675.5, 204.0], [676.5, 204.0], [677.0, 204.5], [677.5, 205.0], [678.5, 205.0], [679.5, 205.0], [680.5, 205.0], [681.0, 205.5], [681.5, 206.0], [682.5, 206.0], [683.0, 206.5], [683.5, 207.0], [684.0, 207.5], [684.5, 208.0], [685.0, 208.5], [685.5, 209.0], [686.0, 209.5], [685.5, 210.0], [685.0, 210.5], [684.5, 211.0], [684.0, 211.5], [683.5, 212.0], [683.0, 212.5], [682.5, 213.0], [682.0, 213.5], [681.5, 214.0], [681.0, 214.5], [680.5, 215.0], [680.0, 215.5], [679.5, 216.0], [679.0, 216.5], [679.0, 217.5], [678.5, 218.0], [678.0, 218.5], [677.5, 219.0]]]}, "properties": {"objectType": "detection", "name": "label_315", "label_id": 315}}, {"type": "Feature", "geometry": {"type": "Polygon", "coordinates": [[[144.5, 592.0], [143.5, 592.0], [143.0, 591.5], [142.5, 591.0], [141.5, 591.0], [141.0, 590.5], [141.0, 589.5], [140.5, 589.0], [140.0, 588.5], [140.0, 587.5], [140.0, 586.5], [139.5, 586.0], [139.0, 585.5], [139.0, 584.5], [139.0, 583.5], [139.0, 582.5], [139.0, 581.5], [138.5, 581.0], [138.0, 580.5], [138.0, 579.5], [138.0, 578.5], [138.0, 577.5], [138.0, 576.5], [138.0, 575.5], [138.5, 575.0], [139.5, 575.0], [140.5, 575.0], [141.5, 575.0], [142.5, 575.0], [143.0, 575.5], [143.5, 576.0], [144.5, 576.0], [145.0, 576.5], [145.5, 577.0], [146.0, 577.5], [146.5, 578.0], [147.0, 578.5], [147.5, 579.0], [148.0, 579.5], [148.5, 580.0], [149.0, 580.5], [149.0, 581.5], [149.5, 582.0], [150.0, 582.5], [150.0, 583.5], [150.0, 584.5], [150.0, 585.5], [150.0, 586.5], [150.0, 587.5], [149.5, 588.0], [149.0, 588.5], [148.5, 589.0], [148.0, 589.5], [147.5, 590.0], [147.0, 590.5], [146.5, 591.0], [145.5, 591.0], [145.0, 591.5], [144.5, 592.0]]]}, "properties": {"objectType": "detection", "name": "label_316", "label_id": 316}}, {"type": "Feature", "geometry": {"type": "Polygon", "coordinates": [[[124.5, 143.0], [123.5, 143.0], [122.5, 143.0], [121.5, 143.0], [120.5, 143.0], [119.5, 143.0], [118.5, 143.0], [118.0, 142.5], [117.5, 142.0], [117.0, 141.5], [116.5, 141.0], [115.5, 141.0], [115.0, 140.5], [114.5, 140.0], [114.0, 139.5], [113.5, 139.0], [113.0, 138.5], [112.5, 138.0], [112.0, 137.5], [112.0, 136.5], [112.0, 135.5], [112.0, 134.5], [112.0, 133.5], [112.0, 132.5], [112.5, 132.0], [113.0, 131.5], [113.5, 131.0], [114.5, 131.0], [115.0, 130.5], [115.5, 130.0], [116.5, 130.0], [117.5, 130.0], [118.5, 130.0], [119.5, 130.0], [120.0, 130.5], [120.5, 131.0], [121.5, 131.0], [122.0, 131.5], [122.5, 132.0], [123.0, 132.5], [123.5, 133.0], [124.0, 133.5], [124.5, 134.0], [125.0, 134.5], [125.0, 135.5], [125.5, 136.0], [126.0, 136.5], [126.0, 137.5], [126.5, 138.0], [127.0, 138.5], [127.0, 139.5], [127.0, 140.5], [126.5, 141.0], [126.0, 141.5], [125.5, 142.0], [125.0, 142.5], [124.5, 143.0]]]}, "properties": {"objectType": "detection", "name": "label_317", "label_id": 317}}, {"type": "Feature", "geometry": {"type": "Polygon", "coordinates": [[[761.5, 349.0], [761.0, 348.5], [760.5, 348.0], [759.5, 348.0], [759.0, 347.5], [758.5, 347.0], [758.0, 346.5], [757.5, 346.0], [757.0, 345.5], [757.0, 344.5], [756.5, 344.0], [756.0, 343.5], [756.0, 342.5], [755.5, 342.0], [755.0, 341.5], [754.5, 341.0], [754.0, 340.5], [754.0, 339.5], [753.5, 339.0], [753.0, 338.5], [752.5, 338.0], [752.0, 337.5], [752.0, 336.5], [751.5, 336.0], [751.0, 335.5], [751.0, 334.5], [751.0, 333.5], [751.0, 332.5], [751.0, 331.5], [751.5, 331.0], [752.0, 330.5], [752.5, 330.0], [753.5, 330.0], [754.5, 330.0], [755.5, 330.0], [756.0, 330.5], [756.5, 331.0], [757.5, 331.0], [758.0, 331.5], [758.5, 332.0], [759.0, 332.5], [759.5, 333.0], [760.0, 333.5], [760.0, 334.5], [760.5, 335.0], [761.0, 335.5], [761.5, 336.0], [762.0, 336.5], [762.0, 337.5], [762.5, 338.0], [763.0, 338.5], [763.0, 339.5], [763.0, 340.5], [763.5, 341.0], [764.0, 341.5], [764.0, 342.5], [764.0, 343.5], [764.0, 344.5], [764.0, 345.5], [764.0, 346.5], [764.0, 347.5], [763.5, 348.0], [762.5, 348.0], [762.0, 348.5], [761.5, 349.0]]]}, "properties": {"objectType": "detection", "name": "label_318", "label_id": 318}}, {"type": "Feature", "geometry": {"type": "Polygon", "coordinates": [[[858.5, 661.0], [857.5, 661.0], [856.5, 661.0], [855.5, 661.0], [854.5, 661.0], [853.5, 661.0], [853.0, 660.5], [852.5, 660.0], [852.0, 659.5], [851.5, 659.0], [851.0, 658.5], [851.0, 657.5], [850.5, 657.0], [850.0, 656.5], [850.0, 655.5], [850.5, 655.0], [851.0, 654.5], [851.0, 653.5], [851.5, 653.0], [852.0, 652.5], [852.5, 652.0], [853.0, 651.5], [853.5, 651.0], [854.0, 650.5], [854.5, 650.0], [855.5, 650.0], [856.0, 649.5], [856.5, 649.0], [857.0, 648.5], [857.5, 648.0], [858.5, 648.0], [859.0, 647.5], [859.5, 647.0], [860.5, 647.0], [861.5, 647.0], [862.5, 647.0], [863.0, 647.5], [863.5, 648.0], [864.0, 648.5], [864.5, 649.0], [865.0, 649.5], [865.0, 650.5], [865.0, 651.5], [864.5, 652.0], [864.0, 652.5], [864.0, 653.5], [864.0, 654.5], [864.0, 655.5], [863.5, 656.0], [863.0, 656.5], [863.0, 657.5], [862.5, 658.0], [862.0, 658.5], [861.5, 659.0], [861.0, 659.5], [860.5, 660.0], [859.5, 660.0], [859.0, 660.5], [858.5, 661.0]]]}, "properties": {"objectType": "detection", "name": "label_319", "label_id": 319}}, {"type": "Feature", "geometry": {"type": "Polygon", "coordinates": [[[667.5, 314.0], [666.5, 314.0], [665.5, 314.0], [664.5, 314.0], [663.5, 314.0], [662.5, 314.0], [661.5, 314.0], [661.0, 313.5], [660.5, 313.0], [660.0, 312.5], [660.0, 311.5], [659.5, 311.0], [659.0, 310.5], [659.5, 310.0], [660.0, 309.5], [660.0, 308.5], [660.0, 307.5], [660.5, 307.0], [661.0, 306.5], [661.5, 306.0], [662.0, 305.5], [662.5, 305.0], [663.0, 304.5], [663.5, 304.0], [664.5, 304.0], [665.5, 304.0], [666.5, 304.0], [667.5, 304.0], [668.5, 304.0], [669.5, 304.0], [670.5, 304.0], [671.5, 304.0], [672.0, 304.5], [672.5, 305.0], [673.5, 305.0], [674.0, 305.5], [674.5, 306.0], [675.5, 306.0], [676.0, 306.5], [676.5, 307.0], [677.0, 307.5], [677.5, 308.0], [678.0, 308.5], [678.0, 309.5], [677.5, 310.0], [677.0, 310.5], [676.5, 311.0], [676.0, 311.5], [675.5, 312.0], [674.5, 312.0], [674.0, 312.5], [673.5, 313.0], [672.5, 313.0], [671.5, 313.0], [670.5, 313.0], [669.5, 313.0], [668.5, 313.0], [668.0, 313.5], [667.5, 314.0]]]}, "properties": {"objectType": "detection", "name": "label_320", "label_id": 320}}, {"type": "Feature", "geometry": {"type": "Polygon", "coordinates": [[[43.5, 756.0], [42.5, 756.0], [41.5, 756.0], [40.5, 756.0], [39.5, 756.0], [38.5, 756.0], [38.0, 755.5], [37.5, 755.0], [37.0, 754.5], [37.0, 753.5], [37.0, 752.5], [36.5, 752.0], [36.0, 751.5], [36.0, 750.5], [36.5, 750.0], [37.0, 749.5], [37.0, 748.5], [37.5, 748.0], [38.0, 747.5], [38.5, 747.0], [39.0, 746.5], [39.0, 745.5], [39.5, 745.0], [40.0, 744.5], [40.5, 744.0], [41.0, 743.5], [41.0, 742.5], [41.5, 742.0], [42.0, 741.5], [42.5, 741.0], [43.5, 741.0], [44.0, 740.5], [44.5, 740.0], [45.5, 740.0], [46.0, 740.5], [46.5, 741.0], [47.0, 741.5], [47.0, 742.5], [47.5, 743.0], [48.0, 743.5], [48.0, 744.5], [48.5, 745.0], [49.0, 745.5], [49.0, 746.5], [49.0, 747.5], [49.0, 748.5], [49.0, 749.5], [49.0, 750.5], [48.5, 751.0], [48.0, 751.5], [48.0, 752.5], [47.5, 753.0], [47.0, 753.5], [46.5, 754.0], [46.0, 754.5], [45.5, 755.0], [44.5, 755.0], [44.0, 755.5], [43.5, 756.0]]]}, "properties": {"objectType": "detection", "name": "label_321", "label_id": 321}}, {"type": "Feature", "geometry": {"type": "Polygon", "coordinates": [[[443.5, 258.0], [442.5, 258.0], [441.5, 258.0], [440.5, 258.0], [439.5, 258.0], [438.5, 258.0], [438.0, 257.5], [437.5, 257.0], [436.5, 257.0], [436.0, 256.5], [435.5, 256.0], [435.0, 255.5], [434.5, 255.0], [434.0, 254.5], [434.0, 253.5], [434.0, 252.5], [434.0, 251.5], [434.0, 250.5], [434.5, 250.0], [435.0, 249.5], [435.5, 249.0], [436.0, 248.5], [436.5, 248.0], [437.5, 248.0], [438.5, 248.0], [439.5, 248.0], [440.5, 248.0], [441.5, 248.0], [442.5, 248.0], [443.5, 248.0], [444.0, 248.5], [444.5, 249.0], [445.5, 249.0], [446.5, 249.0], [447.5, 249.0], [448.5, 249.0], [449.5, 249.0], [450.5, 249.0], [451.0, 249.5], [451.5, 250.0], [452.0, 250.5], [452.0, 251.5], [452.0, 252.5], [451.5, 253.0], [451.0, 253.5], [450.5, 254.0], [450.0, 254.5], [449.5, 255.0], [448.5, 255.0], [448.0, 255.5], [447.5, 256.0], [447.0, 256.5], [446.5, 257.0], [445.5, 257.0], [444.5, 257.0], [444.0, 257.5], [443.5, 258.0]]]}, "properties": {"objectType": "detection", "name": "label_322", "label_id": 322}}, {"type": "Feature", "geometry": {"type": "Polygon", "coordinates": [[[894.5, 327.0], [893.5, 327.0], [892.5, 327.0], [892.0, 326.5], [891.5, 326.0], [890.5, 326.0], [890.0, 325.5], [889.5, 325.0], [888.5, 325.0], [888.0, 324.5], [887.5, 324.0], [886.5, 324.0], [886.0, 323.5], [885.5, 323.0], [884.5, 323.0], [884.0, 322.5], [883.5, 322.0], [883.0, 321.5], [882.5, 321.0], [882.0, 320.5], [882.0, 319.5], [881.5, 319.0], [881.0, 318.5], [881.0, 317.5], [880.5, 317.0], [880.0, 316.5], [880.5, 316.0], [881.0, 315.5], [881.0, 314.5], [881.5, 314.0], [882.5, 314.0], [883.5, 314.0], [884.5, 314.0], [885.5, 314.0], [886.0, 314.5], [886.5, 315.0], [887.5, 315.0], [888.5, 315.0], [889.5, 315.0], [890.5, 315.0], [891.5, 315.0], [892.5, 315.0], [893.0, 315.5], [893.5, 316.0], [894.5, 316.0], [895.0, 316.5], [895.0, 317.5], [895.5, 318.0], [896.0, 318.5], [896.0, 319.5], [896.0, 320.5], [896.0, 321.5], [896.0, 322.5], [896.0, 323.5], [896.0, 324.5], [896.0, 325.5], [895.5, 326.0], [895.0, 326.5], [894.5, 327.0]]]}, "properties": {"objectType": "detection", "name": "label_323", "label_id": 323}}, {"type": "Feature", "geometry": {"type": "Polygon", "coordinates": [[[473.5, 474.0], [472.5, 474.0], [471.5, 474.0], [470.5, 474.0], [469.5, 474.0], [468.5, 474.0], [467.5, 474.0], [466.5, 474.0], [466.0, 473.5], [465.5, 473.0], [465.0, 472.5], [464.5, 472.0], [464.0, 471.5], [463.5, 471.0], [463.0, 470.5], [462.5, 470.0], [462.0, 469.5], [461.5, 469.0], [461.0, 468.5], [461.0, 467.5], [460.5, 467.0], [460.0, 466.5], [460.0, 465.5], [460.0, 464.5], [460.0, 463.5], [460.0, 462.5], [460.5, 462.0], [461.0, 461.5], [461.5, 461.0], [462.0, 460.5], [462.5, 460.0], [463.5, 460.0], [464.0, 460.5], [464.5, 461.0], [465.5, 461.0], [466.0, 461.5], [466.5, 462.0], [467.0, 462.5], [467.5, 463.0], [468.0, 463.5], [468.5, 464.0], [469.5, 464.0], [470.0, 464.5], [470.5, 465.0], [471.0, 465.5], [471.5, 466.0], [472.5, 466.0], [473.0, 466.5], [473.5, 467.0], [474.0, 467.5], [474.5, 468.0], [475.0, 468.5], [475.5, 469.0], [476.0, 469.5], [476.0, 470.5], [476.0, 471.5], [476.0, 472.5], [475.5, 473.0], [474.5, 473.0], [474.0, 473.5], [473.5, 474.0]]]}, "properties": {"objectType": "detection", "name": "label_324", "label_id": 324}}, {"type": "Feature", "geometry": {"type": "Polygon", "coordinates": [[[679.5, 717.0], [678.5, 717.0], [677.5, 717.0], [676.5, 717.0], [676.0, 716.5], [675.5, 716.0], [674.5, 716.0], [674.0, 715.5], [673.5, 715.0], [673.0, 714.5], [673.0, 713.5], [673.0, 712.5], [673.5, 712.0], [674.0, 711.5], [674.0, 710.5], [674.5, 710.0], [675.0, 709.5], [675.0, 708.5], [675.5, 708.0], [676.0, 707.5], [676.5, 707.0], [677.0, 706.5], [677.5, 706.0], [678.5, 706.0], [679.5, 706.0], [680.5, 706.0], [681.5, 706.0], [682.5, 706.0], [683.5, 706.0], [684.5, 706.0], [685.5, 706.0], [686.0, 706.5], [686.5, 707.0], [687.5, 707.0], [688.5, 707.0], [689.0, 707.5], [689.5, 708.0], [690.0, 708.5], [690.5, 709.0], [691.0, 709.5], [691.0, 710.5], [690.5, 711.0], [690.0, 711.5], [689.5, 712.0], [689.0, 712.5], [688.5, 713.0], [687.5, 713.0], [687.0, 713.5], [686.5, 714.0], [685.5, 714.0], [685.0, 714.5], [684.5, 715.0], [683.5, 715.0], [682.5, 715.0], [682.0, 715.5], [681.5, 716.0], [680.5, 716.0], [680.0, 716.5], [679.5, 717.0]]]}, "properties": {"objectType": "detection", "name": "label_325", "label_id": 325}}, {"type": "Feature", "geometry": {"type": "Polygon", "coordinates": [[[300.5, 113.0], [299.5, 113.0], [298.5, 113.0], [297.5, 113.0], [297.0, 112.5], [297.0, 111.5], [296.5, 111.0], [296.0, 110.5], [295.5, 110.0], [295.0, 109.5], [294.5, 109.0], [294.0, 108.5], [293.5, 108.0], [293.0, 107.5], [292.5, 107.0], [292.0, 106.5], [292.0, 105.5], [291.5, 105.0], [291.0, 104.5], [291.0, 103.5], [290.5, 103.0], [290.0, 102.5], [290.0, 101.5], [289.5, 101.0], [289.0, 100.5], [289.0, 99.5], [289.0, 98.5], [288.5, 98.0], [288.0, 97.5], [288.0, 96.5], [288.0, 95.5], [288.0, 94.5], [288.5, 94.0], [289.5, 94.0], [290.5, 94.0], [291.0, 94.5], [291.5, 95.0], [292.5, 95.0], [293.0, 95.5], [293.5, 96.0], [294.0, 96.5], [294.5, 97.0], [295.0, 97.5], [295.5, 98.0], [296.0, 98.5], [296.5, 99.0], [297.0, 99.5], [297.5, 100.0], [298.0, 100.5], [298.5, 101.0], [299.0, 101.5], [299.5, 102.0], [300.0, 102.5], [300.0, 103.5], [300.5, 104.0], [301.0, 104.5], [301.0, 105.5], [301.0, 106.5], [301.0, 107.5], [301.5, 108.0], [302.0, 108.5], [302.0, 109.5], [302.0, 110.5], [302.0, 111.5], [301.5, 112.0], [301.0, 112.5], [300.5, 113.0]]]}, "properties": {"objectType": "detection", "name": "label_326", "label_id": 326}}, {"type": "Feature", "geometry": {"type": "Polygon", "coordinates": [[[755.5, 138.0], [754.5, 138.0], [753.5, 138.0], [752.5, 138.0], [752.0, 137.5], [751.5, 137.0], [750.5, 137.0], [750.0, 136.5], [749.5, 136.0], [749.0, 135.5], [748.5, 135.0], [748.0, 134.5], [747.5, 134.0], [747.0, 133.5], [747.0, 132.5], [747.0, 131.5], [746.5, 131.0], [746.0, 130.5], [746.0, 129.5], [746.5, 129.0], [747.0, 128.5], [747.0, 127.5], [747.0, 126.5], [747.5, 126.0], [748.0, 125.5], [748.5, 125.0], [749.0, 124.5], [749.5, 124.0], [750.5, 124.0], [751.5, 124.0], [752.5, 124.0], [753.5, 124.0], [754.5, 124.0], [755.0, 124.5], [755.5, 125.0], [756.0, 125.5], [756.5, 126.0], [757.0, 126.5], [757.5, 127.0], [758.0, 127.5], [758.0, 128.5], [758.5, 129.0], [759.0, 129.5], [759.0, 130.5], [759.0, 131.5], [759.0, 132.5], [759.0, 133.5], [759.0, 134.5], [758.5, 135.0], [758.0, 135.5], [757.5, 136.0], [757.0, 136.5], [756.5, 137.0], [756.0, 137.5], [755.5, 138.0]]]}, "properties": {"objectType": "detection", "name": "label_327", "label_id": 327}}, {"type": "Feature", "geometry": {"type": "Polygon", "coordinates": [[[396.5, 687.0], [395.5, 687.0], [394.5, 687.0], [394.0, 686.5], [393.5, 686.0], [392.5, 686.0], [392.0, 685.5], [391.5, 685.0], [391.0, 684.5], [391.0, 683.5], [390.5, 683.0], [390.0, 682.5], [390.0, 681.5], [390.0, 680.5], [390.0, 679.5], [390.0, 678.5], [390.0, 677.5], [390.5, 677.0], [391.0, 676.5], [391.5, 676.0], [392.0, 675.5], [392.5, 675.0], [393.0, 674.5], [393.5, 674.0], [394.5, 674.0], [395.0, 673.5], [395.5, 673.0], [396.5, 673.0], [397.5, 673.0], [398.5, 673.0], [399.0, 673.5], [399.5, 674.0], [400.5, 674.0], [401.0, 674.5], [401.5, 675.0], [402.0, 675.5], [402.0, 676.5], [402.5, 677.0], [403.0, 677.5], [403.0, 678.5], [403.0, 679.5], [403.0, 680.5], [403.0, 681.5], [402.5, 682.0], [402.0, 682.5], [401.5, 683.0], [401.0, 683.5], [400.5, 684.0], [400.0, 684.5], [399.5, 685.0], [399.0, 685.5], [398.5, 686.0], [397.5, 686.0], [397.0, 686.5], [396.5, 687.0]]]}, "properties": {"objectType": "detection", "name": "label_328", "label_id": 328}}, {"type": "Feature", "geometry": {"type": "Polygon", "coordinates": [[[623.5, 66.0], [622.5, 66.0], [621.5, 66.0], [620.5, 66.0], [619.5, 66.0], [618.5, 66.0], [618.0, 65.5], [617.5, 65.0], [617.0, 64.5], [616.5, 64.0], [616.0, 63.5], [615.5, 63.0], [615.0, 62.5], [615.0, 61.5], [614.5, 61.0], [614.0, 60.5], [614.0, 59.5], [614.0, 58.5], [614.0, 57.5], [614.0, 56.5], [614.5, 56.0], [615.0, 55.5], [615.0, 54.5], [615.5, 54.0], [616.5, 54.0], [617.0, 53.5], [617.5, 53.0], [618.5, 53.0], [619.5, 53.0], [620.5, 53.0], [621.5, 53.0], [622.5, 53.0], [623.0, 53.5], [623.5, 54.0], [624.5, 54.0], [625.0, 54.5], [625.0, 55.5], [625.5, 56.0], [626.0, 56.5], [626.5, 57.0], [627.0, 57.5], [627.0, 58.5], [627.0, 59.5], [627.0, 60.5], [627.0, 61.5], [627.0, 62.5], [626.5, 63.0], [626.0, 63.5], [625.5, 64.0], [625.0, 64.5], [624.5, 65.0], [624.0, 65.5], [623.5, 66.0]]]}, "properties": {"objectType": "detection", "name": "label_329", "label_id": 329}}, {"type": "Feature", "geometry": {"type": "Polygon", "coordinates": [[[215.5, 95.0], [214.5, 95.0], [213.5, 95.0], [212.5, 95.0], [211.5, 95.0], [210.5, 95.0], [209.5, 95.0], [208.5, 95.0], [207.5, 95.0], [207.0, 94.5], [206.5, 94.0], [206.0, 93.5], [205.5, 93.0], [205.0, 92.5], [205.0, 91.5], [205.0, 90.5], [205.0, 89.5], [205.0, 88.5], [205.0, 87.5], [205.0, 86.5], [205.5, 86.0], [206.0, 85.5], [206.0, 84.5], [206.5, 84.0], [207.0, 83.5], [207.5, 83.0], [208.5, 83.0], [209.5, 83.0], [210.5, 83.0], [211.5, 83.0], [212.5, 83.0], [213.0, 83.5], [213.5, 84.0], [214.5, 84.0], [215.0, 84.5], [215.5, 85.0], [216.0, 85.5], [216.5, 86.0], [217.0, 86.5], [217.5, 87.0], [218.0, 87.5], [218.0, 88.5], [218.5, 89.0], [219.0, 89.5], [219.0, 90.5], [219.0, 91.5], [218.5, 92.0], [218.0, 92.5], [217.5, 93.0], [217.0, 93.5], [216.5, 94.0], [216.0, 94.5], [215.5, 95.0]]]}, "properties": {"objectType": "detection", "name": "label_330", "label_id": 330}}, {"type": "Feature", "geometry": {"type": "Polygon", "coordinates": [[[480.5, 587.0], [479.5, 587.0], [478.5, 587.0], [477.5, 587.0], [476.5, 587.0], [476.0, 586.5], [475.5, 586.0], [475.0, 585.5], [474.5, 585.0], [474.0, 584.5], [473.5, 584.0], [473.0, 583.5], [473.0, 582.5], [472.5, 582.0], [472.0, 581.5], [472.0, 580.5], [471.5, 580.0], [471.0, 579.5], [470.5, 579.0], [470.0, 578.5], [470.0, 577.5], [469.5, 577.0], [469.0, 576.5], [469.0, 575.5], [468.5, 575.0], [468.0, 574.5], [468.0, 573.5], [468.0, 572.5], [468.0, 571.5], [468.0, 570.5], [468.0, 569.5], [468.5, 569.0], [469.5, 569.0], [470.5, 569.0], [471.5, 569.0], [472.0, 569.5], [472.5, 570.0], [473.5, 570.0], [474.0, 570.5], [474.5, 571.0], [475.0, 571.5], [475.0, 572.5], [475.5, 573.0], [476.0, 573.5], [476.5, 574.0], [477.0, 574.5], [477.5, 575.0], [478.0, 575.5], [478.0, 576.5], [478.5, 577.0], [479.0, 577.5], [479.0, 578.5], [479.5, 579.0], [480.0, 579.5], [480.0, 580.5], [480.5, 581.0], [481.0, 581.5], [481.0, 582.5], [481.0, 583.5], [481.5, 584.0], [482.0, 584.5], [481.5, 585.0], [481.0, 585.5], [481.0, 586.5], [480.5, 587.0]]]}, "properties": {"objectType": "detection", "name": "label_331", "label_id": 331}}, {"type": "Feature", "geometry": {"type": "Polygon", "coordinates": [[[557.5, 656.0], [556.5, 656.0], [555.5, 656.0], [554.5, 656.0], [553.5, 656.0], [553.0, 655.5], [553.0, 654.5], [553.0, 653.5], [553.0, 652.5], [553.0, 651.5], [553.0, 650.5], [553.0, 649.5], [553.5, 649.0], [554.0, 648.5], [554.0, 647.5], [554.5, 647.0], [555.0, 646.5], [555.5, 646.0], [556.0, 645.5], [556.5, 645.0], [557.0, 644.5], [557.5, 644.0], [558.0, 643.5], [558.5, 643.0], [559.5, 643.0], [560.5, 643.0], [561.0, 642.5], [561.5, 642.0], [562.0, 642.5], [562.5, 643.0], [563.5, 643.0], [564.5, 643.0], [565.5, 643.0], [566.5, 643.0], [567.0, 643.5], [567.0, 644.5], [567.5, 645.0], [568.0, 645.5], [568.0, 646.5], [568.0, 647.5], [567.5, 648.0], [567.0, 648.5], [566.5, 649.0], [566.0, 649.5], [565.5, 650.0], [565.0, 650.5], [564.5, 651.0], [564.0, 651.5], [563.5, 652.0], [563.0, 652.5], [562.5, 653.0], [561.5, 653.0], [561.0, 653.5], [560.5, 654.0], [560.0, 654.5], [559.5, 655.0], [558.5, 655.0], [558.0, 655.5], [557.5, 656.0]]]}, "properties": {"objectType": "detection", "name": "label_332", "label_id": 332}}, {"type": "Feature", "geometry": {"type": "Polygon", "coordinates": [[[828.5, 664.0], [827.5, 664.0], [826.5, 664.0], [825.5, 664.0], [824.5, 664.0], [824.0, 663.5], [823.5, 663.0], [823.0, 662.5], [822.5, 662.0], [822.0, 661.5], [821.5, 661.0], [821.0, 660.5], [821.0, 659.5], [820.5, 659.0], [820.0, 658.5], [820.0, 657.5], [820.0, 656.5], [820.0, 655.5], [820.0, 654.5], [820.5, 654.0], [821.0, 653.5], [821.5, 653.0], [822.0, 652.5], [822.0, 651.5], [822.5, 651.0], [823.0, 650.5], [823.5, 650.0], [824.0, 649.5], [824.5, 649.0], [825.5, 649.0], [826.5, 649.0], [827.5, 649.0], [828.0, 649.5], [828.5, 650.0], [829.0, 650.5], [829.5, 651.0], [830.0, 651.5], [830.0, 652.5], [830.5, 653.0], [831.0, 653.5], [831.0, 654.5], [831.0, 655.5], [831.5, 656.0], [832.0, 656.5], [832.0, 657.5], [832.0, 658.5], [832.0, 659.5], [832.0, 660.5], [831.5, 661.0], [831.0, 661.5], [830.5, 662.0], [830.0, 662.5], [829.5, 663.0], [829.0, 663.5], [828.5, 664.0]]]}, "properties": {"objectType": "detection", "name": "label_333", "label_id": 333}}, {"type": "Feature", "geometry": {"type": "Polygon", "coordinates": [[[891.5, 703.0], [890.5, 703.0], [889.5, 703.0], [889.0, 702.5], [888.5, 702.0], [887.5, 702.0], [887.0, 701.5], [886.5, 701.0], [886.0, 700.5], [886.0, 699.5], [885.5, 699.0], [885.0, 698.5], [885.0, 697.5], [885.0, 696.5], [885.0, 695.5], [885.0, 694.5], [885.5, 694.0], [886.0, 693.5], [886.0, 692.5], [886.5, 692.0], [887.0, 691.5], [887.0, 690.5], [887.5, 690.0], [888.0, 689.5], [888.5, 689.0], [889.0, 688.5], [889.5, 688.0], [890.0, 687.5], [890.5, 687.0], [891.5, 687.0], [892.5, 687.0], [893.5, 687.0], [894.0, 687.5], [894.5, 688.0], [895.0, 688.5], [895.0, 689.5], [895.5, 690.0], [896.0, 690.5], [896.0, 691.5], [896.0, 692.5], [896.0, 693.5], [896.0, 694.5], [896.0, 695.5], [896.0, 696.5], [896.0, 697.5], [895.5, 698.0], [895.0, 698.5], [895.0, 699.5], [894.5, 700.0], [894.0, 700.5], [893.5, 701.0], [893.0, 701.5], [892.5, 702.0], [892.0, 702.5], [891.5, 703.0]]]}, "properties": {"objectType": "detection", "name": "label_334", "label_id": 334}}, {"type": "Feature", "geometry": {"type": "Polygon", "coordinates": [[[747.5, 255.0], [747.0, 254.5], [746.5, 254.0], [745.5, 254.0], [744.5, 254.0], [744.0, 253.5], [743.5, 253.0], [742.5, 253.0], [742.0, 252.5], [741.5, 252.0], [741.0, 251.5], [740.5, 251.0], [740.0, 250.5], [740.0, 249.5], [740.0, 248.5], [740.0, 247.5], [740.0, 246.5], [740.0, 245.5], [740.0, 244.5], [740.5, 244.0], [741.0, 243.5], [741.5, 243.0], [742.0, 242.5], [742.5, 242.0], [743.5, 242.0], [744.0, 241.5], [744.5, 241.0], [745.5, 241.0], [746.0, 241.5], [746.5, 242.0], [747.5, 242.0], [748.0, 242.5], [748.5, 243.0], [749.5, 243.0], [750.0, 243.5], [750.5, 244.0], [751.0, 244.5], [751.5, 245.0], [752.0, 245.5], [752.0, 246.5], [752.5, 247.0], [753.0, 247.5], [753.0, 248.5], [753.0, 249.5], [753.0, 250.5], [753.0, 251.5], [752.5, 252.0], [752.0, 252.5], [751.5, 253.0], [751.0, 253.5], [750.5, 254.0], [749.5, 254.0], [748.5, 254.0], [748.0, 254.5], [747.5, 255.0]]]}, "properties": {"objectType": "detection", "name": "label_335", "label_id": 335}}, {"type": "Feature", "geometry": {"type": "Polygon", "coordinates": [[[423.5, 393.0], [422.5, 393.0], [421.5, 393.0], [420.5, 393.0], [419.5, 393.0], [419.0, 392.5], [418.5, 392.0], [418.0, 391.5], [417.5, 391.0], [417.0, 390.5], [416.5, 390.0], [416.0, 389.5], [416.0, 388.5], [415.5, 388.0], [415.0, 387.5], [415.0, 386.5], [415.0, 385.5], [415.5, 385.0], [416.0, 384.5], [416.0, 383.5], [416.5, 383.0], [417.0, 382.5], [417.5, 382.0], [418.0, 381.5], [418.5, 381.0], [419.5, 381.0], [420.0, 380.5], [420.5, 380.0], [421.5, 380.0], [422.5, 380.0], [423.5, 380.0], [424.0, 380.5], [424.5, 381.0], [425.5, 381.0], [426.5, 381.0], [427.0, 381.5], [427.5, 382.0], [428.0, 382.5], [428.0, 383.5], [428.0, 384.5], [428.0, 385.5], [428.0, 386.5], [428.0, 387.5], [428.0, 388.5], [427.5, 389.0], [427.0, 389.5], [427.0, 390.5], [426.5, 391.0], [426.0, 391.5], [425.5, 392.0], [424.5, 392.0], [424.0, 392.5], [423.5, 393.0]]]}, "properties": {"objectType": "detection", "name": "label_336", "label_id": 336}}, {"type": "Feature", "geometry": {"type": "Polygon", "coordinates": [[[627.5, 662.0], [626.5, 662.0], [625.5, 662.0], [624.5, 662.0], [624.0, 661.5], [623.5, 661.0], [622.5, 661.0], [622.0, 660.5], [621.5, 660.0], [621.0, 659.5], [620.5, 659.0], [620.0, 658.5], [620.0, 657.5], [620.0, 656.5], [619.5, 656.0], [619.0, 655.5], [619.5, 655.0], [620.0, 654.5], [620.0, 653.5], [620.5, 653.0], [621.0, 652.5], [621.0, 651.5], [621.5, 651.0], [622.5, 651.0], [623.0, 650.5], [623.5, 650.0], [624.0, 649.5], [624.5, 649.0], [625.5, 649.0], [626.5, 649.0], [627.0, 648.5], [627.5, 648.0], [628.5, 648.0], [629.5, 648.0], [630.0, 648.5], [630.5, 649.0], [631.0, 649.5], [631.0, 650.5], [631.5, 651.0], [632.0, 651.5], [632.0, 652.5], [632.0, 653.5], [632.0, 654.5], [632.0, 655.5], [632.0, 656.5], [631.5, 657.0], [631.0, 657.5], [631.0, 658.5], [631.0, 659.5], [630.5, 660.0], [630.0, 660.5], [629.5, 661.0], [628.5, 661.0], [628.0, 661.5], [627.5, 662.0]]]}, "properties": {"objectType": "detection", "name": "label_337", "label_id": 337}}, {"type": "Feature", "geometry": {"type": "Polygon", "coordinates": [[[287.5, 622.0], [286.5, 622.0], [285.5, 622.0], [284.5, 622.0], [284.0, 621.5], [283.5, 621.0], [282.5, 621.0], [282.0, 620.5], [281.5, 620.0], [281.0, 619.5], [280.5, 619.0], [280.0, 618.5], [279.5, 618.0], [279.0, 617.5], [279.0, 616.5], [278.5, 616.0], [278.0, 615.5], [278.5, 615.0], [279.0, 614.5], [279.5, 614.0], [280.0, 613.5], [280.5, 613.0], [281.0, 612.5], [281.5, 612.0], [282.5, 612.0], [283.5, 612.0], [284.0, 611.5], [284.5, 611.0], [285.5, 611.0], [286.5, 611.0], [287.5, 611.0], [288.5, 611.0], [289.0, 610.5], [289.5, 610.0], [290.5, 610.0], [291.5, 610.0], [292.0, 610.5], [292.5, 611.0], [293.5, 611.0], [294.0, 611.5], [294.0, 612.5], [294.0, 613.5], [293.5, 614.0], [293.0, 614.5], [293.0, 615.5], [293.0, 616.5], [293.0, 617.5], [292.5, 618.0], [292.0, 618.5], [292.0, 619.5], [291.5, 620.0], [290.5, 620.0], [290.0, 620.5], [289.5, 621.0], [288.5, 621.0], [288.0, 621.5], [287.5, 622.0]]]}, "properties": {"objectType": "detection", "name": "label_338", "label_id": 338}}, {"type": "Feature", "geometry": {"type": "Polygon", "coordinates": [[[45.5, 226.0], [44.5, 226.0], [43.5, 226.0], [42.5, 226.0], [41.5, 226.0], [40.5, 226.0], [39.5, 226.0], [38.5, 226.0], [37.5, 226.0], [37.0, 225.5], [36.5, 225.0], [35.5, 225.0], [35.0, 224.5], [35.0, 223.5], [34.5, 223.0], [34.0, 222.5], [34.0, 221.5], [34.0, 220.5], [34.5, 220.0], [35.0, 219.5], [35.0, 218.5], [35.5, 218.0], [36.0, 217.5], [36.5, 217.0], [37.0, 216.5], [37.5, 216.0], [38.5, 216.0], [39.0, 215.5], [39.5, 215.0], [40.5, 215.0], [41.5, 215.0], [42.5, 215.0], [43.5, 215.0], [44.5, 215.0], [45.0, 215.5], [45.5, 216.0], [46.5, 216.0], [47.0, 216.5], [47.5, 217.0], [48.0, 217.5], [48.0, 218.5], [48.0, 219.5], [48.5, 220.0], [49.0, 220.5], [48.5, 221.0], [48.0, 221.5], [48.0, 222.5], [48.0, 223.5], [47.5, 224.0], [47.0, 224.5], [46.5, 225.0], [46.0, 225.5], [45.5, 226.0]]]}, "properties": {"objectType": "detection", "name": "label_339", "label_id": 339}}, {"type": "Feature", "geometry": {"type": "Polygon", "coordinates": [[[10.5, 643.0], [9.5, 643.0], [8.5, 643.0], [7.5, 643.0], [7.0, 642.5], [6.5, 642.0], [5.5, 642.0], [5.0, 641.5], [4.5, 641.0], [4.0, 640.5], [4.0, 639.5], [3.5, 639.0], [3.0, 638.5], [3.0, 637.5], [3.0, 636.5], [3.0, 635.5], [3.0, 634.5], [3.5, 634.0], [4.0, 633.5], [4.0, 632.5], [4.5, 632.0], [5.0, 631.5], [5.5, 631.0], [6.5, 631.0], [7.0, 630.5], [7.5, 630.0], [8.5, 630.0], [9.5, 630.0], [10.5, 630.0], [11.0, 630.5], [11.5, 631.0], [12.5, 631.0], [13.0, 631.5], [13.5, 632.0], [14.0, 632.5], [14.5, 633.0], [15.0, 633.5], [15.0, 634.5], [15.5, 635.0], [16.0, 635.5], [16.0, 636.5], [16.0, 637.5], [15.5, 638.0], [15.0, 638.5], [15.0, 639.5], [14.5, 640.0], [14.0, 640.5], [13.5, 641.0], [13.0, 641.5], [12.5, 642.0], [11.5, 642.0], [11.0, 642.5], [10.5, 643.0]]]}, "properties": {"objectType": "detection", "name": "label_340", "label_id": 340}}, {"type": "Feature", "geometry": {"type": "Polygon", "coordinates": [[[530.5, 764.0], [529.5, 764.0], [528.5, 764.0], [527.5, 764.0], [526.5, 764.0], [525.5, 764.0], [524.5, 764.0], [524.0, 763.5], [523.5, 763.0], [522.5, 763.0], [522.0, 762.5], [521.5, 762.0], [521.0, 761.5], [520.5, 761.0], [520.0, 760.5], [520.0, 759.5], [520.0, 758.5], [520.0, 757.5], [520.0, 756.5], [520.0, 755.5], [520.5, 755.0], [521.0, 754.5], [521.0, 753.5], [521.5, 753.0], [522.0, 752.5], [522.5, 752.0], [523.0, 751.5], [523.5, 751.0], [524.5, 751.0], [525.5, 751.0], [526.5, 751.0], [527.5, 751.0], [528.0, 751.5], [528.5, 752.0], [529.0, 752.5], [529.5, 753.0], [530.0, 753.5], [530.5, 754.0], [531.0, 754.5], [531.0, 755.5], [531.5, 756.0], [532.0, 756.5], [532.0, 757.5], [532.0, 758.5], [532.0, 759.5], [532.0, 760.5], [532.0, 761.5], [531.5, 762.0], [531.0, 762.5], [531.0, 763.5], [530.5, 764.0]]]}, "properties": {"objectType": "detection", "name": "label_341", "label_id": 341}}, {"type": "Feature", "geometry": {"type": "Polygon", "coordinates": [[[434.5, 50.0], [433.5, 50.0], [432.5, 50.0], [431.5, 50.0], [430.5, 50.0], [429.5, 50.0], [429.0, 49.5], [428.5, 49.0], [427.5, 49.0], [427.0, 48.5], [426.5, 48.0], [426.0, 47.5], [425.5, 47.0], [425.0, 46.5], [424.5, 46.0], [424.0, 45.5], [424.0, 44.5], [423.5, 44.0], [423.0, 43.5], [423.0, 42.5], [423.0, 41.5], [423.0, 40.5], [423.0, 39.5], [423.5, 39.0], [424.0, 38.5], [424.5, 38.0], [425.5, 38.0], [426.5, 38.0], [427.5, 38.0], [428.5, 38.0], [429.5, 38.0], [430.0, 38.5], [430.5, 39.0], [431.5, 39.0], [432.0, 39.5], [432.5, 40.0], [433.5, 40.0], [434.0, 40.5], [434.5, 41.0], [435.0, 41.5], [435.5, 42.0], [436.0, 42.5], [436.5, 43.0], [437.0, 43.5], [437.0, 44.5], [437.0, 45.5], [437.0, 46.5], [436.5, 47.0], [436.0, 47.5], [436.0, 48.5], [435.5, 49.0], [435.0, 49.5], [434.5, 50.0]]]}, "properties": {"objectType": "detection", "name": "label_342", "label_id": 342}}, {"type": "Feature", "geometry": {"type": "Polygon", "coordinates": [[[49.5, 685.0], [48.5, 685.0], [47.5, 685.0], [46.5, 685.0], [45.5, 685.0], [45.0, 684.5], [44.5, 684.0], [43.5, 684.0], [43.0, 683.5], [42.5, 683.0], [41.5, 683.0], [41.0, 682.5], [40.5, 682.0], [40.0, 681.5], [40.0, 680.5], [40.0, 679.5], [40.0, 678.5], [39.5, 678.0], [39.0, 677.5], [39.0, 676.5], [39.0, 675.5], [39.5, 675.0], [40.0, 674.5], [40.5, 674.0], [41.0, 673.5], [41.5, 673.0], [42.0, 672.5], [42.5, 672.0], [43.0, 671.5], [43.5, 671.0], [44.5, 671.0], [45.5, 671.0], [46.5, 671.0], [47.0, 671.5], [47.5, 672.0], [48.0, 672.5], [48.5, 673.0], [49.0, 673.5], [49.0, 674.5], [49.5, 675.0], [50.0, 675.5], [50.0, 676.5], [50.5, 677.0], [51.0, 677.5], [51.0, 678.5], [51.0, 679.5], [51.0, 680.5], [51.0, 681.5], [51.0, 682.5], [51.0, 683.5], [50.5, 684.0], [50.0, 684.5], [49.5, 685.0]]]}, "properties": {"objectType": "detection", "name": "label_343", "label_id": 343}}, {"type": "Feature", "geometry": {"type": "Polygon", "coordinates": [[[277.5, 197.0], [276.5, 197.0], [275.5, 197.0], [274.5, 197.0], [273.5, 197.0], [272.5, 197.0], [272.0, 196.5], [272.0, 195.5], [271.5, 195.0], [271.0, 194.5], [271.0, 193.5], [271.0, 192.5], [271.0, 191.5], [271.0, 190.5], [271.0, 189.5], [271.5, 189.0], [272.0, 188.5], [272.5, 188.0], [273.0, 187.5], [273.5, 187.0], [274.0, 186.5], [274.5, 186.0], [275.0, 185.5], [275.5, 185.0], [276.5, 185.0], [277.0, 184.5], [277.5, 184.0], [278.5, 184.0], [279.5, 184.0], [280.5, 184.0], [281.5, 184.0], [282.0, 184.5], [282.5, 185.0], [283.0, 185.5], [283.0, 186.5], [283.5, 187.0], [284.0, 187.5], [284.0, 188.5], [284.0, 189.5], [283.5, 190.0], [283.0, 190.5], [283.0, 191.5], [282.5, 192.0], [282.0, 192.5], [281.5, 193.0], [281.0, 193.5], [281.0, 194.5], [280.5, 195.0], [280.0, 195.5], [279.5, 196.0], [278.5, 196.0], [278.0, 196.5], [277.5, 197.0]]]}, "properties": {"objectType": "detection", "name": "label_344", "label_id": 344}}, {"type": "Feature", "geometry": {"type": "Polygon", "coordinates": [[[410.5, 614.0], [410.0, 613.5], [409.5, 613.0], [408.5, 613.0], [408.0, 612.5], [407.5, 612.0], [406.5, 612.0], [406.0, 611.5], [405.5, 611.0], [405.0, 610.5], [404.5, 610.0], [404.0, 609.5], [404.0, 608.5], [403.5, 608.0], [403.0, 607.5], [402.5, 607.0], [402.0, 606.5], [402.0, 605.5], [402.0, 604.5], [401.5, 604.0], [401.0, 603.5], [401.0, 602.5], [401.0, 601.5], [401.0, 600.5], [401.5, 600.0], [402.0, 599.5], [402.5, 599.0], [403.0, 598.5], [403.5, 598.0], [404.5, 598.0], [405.5, 598.0], [406.5, 598.0], [407.0, 598.5], [407.5, 599.0], [408.0, 599.5], [408.5, 600.0], [409.0, 600.5], [409.5, 601.0], [410.0, 601.5], [410.5, 602.0], [411.0, 602.5], [411.0, 603.5], [411.5, 604.0], [412.0, 604.5], [412.0, 605.5], [412.5, 606.0], [413.0, 606.5], [413.0, 607.5], [413.0, 608.5], [413.0, 609.5], [413.0, 610.5], [413.0, 611.5], [412.5, 612.0], [412.0, 612.5], [411.5, 613.0], [411.0, 613.5], [410.5, 614.0]]]}, "properties": {"objectType": "detection", "name": "label_345", "label_id": 345}}, {"type": "Feature", "geometry": {"type": "Polygon", "coordinates": [[[176.5, 672.0], [175.5, 672.0], [174.5, 672.0], [174.0, 671.5], [173.5, 671.0], [173.0, 670.5], [172.5, 670.0], [172.0, 669.5], [171.5, 669.0], [171.0, 668.5], [170.5, 668.0], [170.0, 667.5], [169.5, 667.0], [169.0, 666.5], [168.5, 666.0], [167.5, 666.0], [167.0, 665.5], [167.0, 664.5], [166.5, 664.0], [166.0, 663.5], [165.5, 663.0], [165.0, 662.5], [165.0, 661.5], [165.0, 660.5], [165.5, 660.0], [166.5, 660.0], [167.0, 659.5], [167.5, 659.0], [168.5, 659.0], [169.5, 659.0], [170.5, 659.0], [171.0, 658.5], [171.5, 658.0], [172.5, 658.0], [173.5, 658.0], [174.5, 658.0], [175.5, 658.0], [176.5, 658.0], [177.0, 658.5], [177.5, 659.0], [178.0, 659.5], [178.5, 660.0], [179.0, 660.5], [179.0, 661.5], [178.5, 662.0], [178.0, 662.5], [178.0, 663.5], [178.0, 664.5], [178.0, 665.5], [178.0, 666.5], [177.5, 667.0], [177.0, 667.5], [177.0, 668.5], [177.0, 669.5], [177.0, 670.5], [177.0, 671.5], [176.5, 672.0]]]}, "properties": {"objectType": "detection", "name": "label_346", "label_id": 346}}, {"type": "Feature", "geometry": {"type": "Polygon", "coordinates": [[[261.5, 237.0], [260.5, 237.0], [260.0, 236.5], [259.5, 236.0], [258.5, 236.0], [257.5, 236.0], [257.0, 235.5], [256.5, 235.0], [256.0, 234.5], [256.0, 233.5], [256.0, 232.5], [256.0, 231.5], [256.0, 230.5], [256.0, 229.5], [256.0, 228.5], [256.5, 228.0], [257.0, 227.5], [257.0, 226.5], [257.5, 226.0], [258.5, 226.0], [259.0, 225.5], [259.5, 225.0], [260.5, 225.0], [261.0, 224.5], [261.5, 224.0], [262.0, 224.5], [262.5, 225.0], [263.5, 225.0], [264.5, 225.0], [265.0, 225.5], [265.5, 226.0], [266.5, 226.0], [267.0, 226.5], [267.5, 227.0], [268.0, 227.5], [268.0, 228.5], [268.5, 229.0], [269.0, 229.5], [269.0, 230.5], [269.0, 231.5], [269.0, 232.5], [268.5, 233.0], [268.0, 233.5], [267.5, 234.0], [267.0, 234.5], [266.5, 235.0], [265.5, 235.0], [265.0, 235.5], [264.5, 236.0], [263.5, 236.0], [262.5, 236.0], [262.0, 236.5], [261.5, 237.0]]]}, "properties": {"objectType": "detection", "name": "label_347", "label_id": 347}}, {"type": "Feature", "geometry": {"type": "Polygon", "coordinates": [[[589.5, 312.0], [588.5, 312.0], [588.0, 311.5], [587.5, 311.0], [587.0, 310.5], [586.5, 310.0], [586.0, 309.5], [586.0, 308.5], [586.0, 307.5], [586.0, 306.5], [586.0, 305.5], [586.0, 304.5], [586.0, 303.5], [586.5, 303.0], [587.0, 302.5], [587.0, 301.5], [587.5, 301.0], [588.0, 300.5], [588.5, 300.0], [589.0, 299.5], [589.5, 299.0], [590.0, 298.5], [590.0, 297.5], [590.5, 297.0], [591.0, 296.5], [591.5, 296.0], [592.5, 296.0], [593.5, 296.0], [594.0, 296.5], [594.5, 297.0], [595.0, 297.5], [595.5, 298.0], [596.0, 298.5], [596.5, 299.0], [597.0, 299.5], [597.0, 300.5], [597.0, 301.5], [597.0, 302.5], [597.0, 303.5], [597.0, 304.5], [597.0, 305.5], [596.5, 306.0], [596.0, 306.5], [595.5, 307.0], [595.0, 307.5], [594.5, 308.0], [594.0, 308.5], [593.5, 309.0], [593.0, 309.5], [592.5, 310.0], [592.0, 310.5], [591.5, 311.0], [590.5, 311.0], [590.0, 311.5], [589.5, 312.0]]]}, "properties": {"objectType": "detection", "name": "label_348", "label_id": 348}}, {"type": "Feature", "geometry": {"type": "Polygon", "coordinates": [[[169.5, 326.0], [168.5, 326.0], [167.5, 326.0], [166.5, 326.0], [165.5, 326.0], [165.0, 325.5], [164.5, 325.0], [163.5, 325.0], [163.0, 324.5], [162.5, 324.0], [162.0, 323.5], [161.5, 323.0], [161.0, 322.5], [161.0, 321.5], [160.5, 321.0], [160.0, 320.5], [160.0, 319.5], [159.5, 319.0], [159.0, 318.5], [159.0, 317.5], [159.0, 316.5], [159.0, 315.5], [159.5, 315.0], [160.0, 314.5], [160.5, 314.0], [161.5, 314.0], [162.5, 314.0], [163.5, 314.0], [164.5, 314.0], [165.5, 314.0], [166.0, 314.5], [166.5, 315.0], [167.5, 315.0], [168.0, 315.5], [168.5, 316.0], [169.5, 316.0], [170.0, 316.5], [170.5, 317.0], [171.0, 317.5], [171.5, 318.0], [172.0, 318.5], [172.5, 319.0], [173.0, 319.5], [173.0, 320.5], [173.0, 321.5], [173.0, 322.5], [172.5, 323.0], [172.0, 323.5], [171.5, 324.0], [171.0, 324.5], [170.5, 325.0], [170.0, 325.5], [169.5, 326.0]]]}, "properties": {"objectType": "detection", "name": "label_349", "label_id": 349}}, {"type": "Feature", "geometry": {"type": "Polygon", "coordinates": [[[864.5, 496.0], [863.5, 496.0], [862.5, 496.0], [861.5, 496.0], [861.0, 495.5], [860.5, 495.0], [860.0, 494.5], [859.5, 494.0], [858.5, 494.0], [858.0, 493.5], [857.5, 493.0], [857.0, 492.5], [857.0, 491.5], [856.5, 491.0], [856.0, 490.5], [856.0, 489.5], [855.5, 489.0], [855.0, 488.5], [855.0, 487.5], [855.0, 486.5], [855.0, 485.5], [855.0, 484.5], [855.5, 484.0], [856.0, 483.5], [856.5, 483.0], [857.0, 482.5], [857.5, 482.0], [858.5, 482.0], [859.5, 482.0], [860.5, 482.0], [861.5, 482.0], [862.0, 482.5], [862.5, 483.0], [863.0, 483.5], [863.5, 484.0], [864.0, 484.5], [864.5, 485.0], [865.0, 485.5], [865.0, 486.5], [865.5, 487.0], [866.0, 487.5], [866.0, 488.5], [866.5, 489.0], [867.0, 489.5], [867.0, 490.5], [867.0, 491.5], [867.0, 492.5], [867.0, 493.5], [866.5, 494.0], [866.0, 494.5], [865.5, 495.0], [865.0, 495.5], [864.5, 496.0]]]}, "properties": {"objectType": "detection", "name": "label_350", "label_id": 350}}, {"type": "Feature", "geometry": {"type": "Polygon", "coordinates": [[[496.5, 43.0], [495.5, 43.0], [494.5, 43.0], [493.5, 43.0], [492.5, 43.0], [491.5, 43.0], [490.5, 43.0], [490.0, 42.5], [489.5, 42.0], [489.0, 41.5], [488.5, 41.0], [488.0, 40.5], [487.5, 40.0], [487.0, 39.5], [487.0, 38.5], [487.0, 37.5], [487.0, 36.5], [487.0, 35.5], [487.0, 34.5], [487.5, 34.0], [488.0, 33.5], [488.5, 33.0], [489.0, 32.5], [489.5, 32.0], [490.0, 31.5], [490.5, 31.0], [491.5, 31.0], [492.5, 31.0], [493.5, 31.0], [494.5, 31.0], [495.5, 31.0], [496.0, 31.5], [496.5, 32.0], [497.0, 32.5], [497.5, 33.0], [498.0, 33.5], [498.5, 34.0], [499.0, 34.5], [499.0, 35.5], [499.0, 36.5], [499.0, 37.5], [499.0, 38.5], [499.0, 39.5], [498.5, 40.0], [498.0, 40.5], [498.0, 41.5], [497.5, 42.0], [497.0, 42.5], [496.5, 43.0]]]}, "properties": {"objectType": "detection", "name": "label_351", "label_id": 351}}, {"type": "Feature", "geometry": {"type": "Polygon", "coordinates": [[[456.5, 414.0], [455.5, 414.0], [455.0, 413.5], [454.5, 413.0], [454.0, 412.5], [453.5, 412.0], [453.0, 411.5], [452.5, 411.0], [452.0, 410.5], [451.5, 410.0], [451.0, 409.5], [451.0, 408.5], [450.5, 408.0], [450.0, 407.5], [450.5, 407.0], [451.0, 406.5], [451.5, 406.0], [452.0, 405.5], [452.5, 405.0], [453.5, 405.0], [454.0, 404.5], [454.5, 404.0], [455.5, 404.0], [456.0, 403.5], [456.5, 403.0], [457.0, 402.5], [457.5, 402.0], [458.5, 402.0], [459.5, 402.0], [460.5, 402.0], [461.0, 402.5], [461.5, 403.0], [462.5, 403.0], [463.0, 403.5], [463.5, 404.0], [464.5, 404.0], [465.0, 404.5], [465.5, 405.0], [466.0, 405.5], [466.0, 406.5], [466.0, 407.5], [465.5, 408.0], [465.0, 408.5], [465.0, 409.5], [464.5, 410.0], [464.0, 410.5], [463.5, 411.0], [462.5, 411.0], [461.5, 411.0], [461.0, 411.5], [460.5, 412.0], [459.5, 412.0], [459.0, 412.5], [458.5, 413.0], [457.5, 413.0], [457.0, 413.5], [456.5, 414.0]]]}, "properties": {"objectType": "detection", "name": "label_352", "label_id": 352}}, {"type": "Feature", "geometry": {"type": "Polygon", "coordinates": [[[150.5, 370.0], [150.0, 369.5], [149.5, 369.0], [149.0, 368.5], [148.5, 368.0], [147.5, 368.0], [146.5, 368.0], [145.5, 368.0], [145.0, 367.5], [144.5, 367.0], [144.0, 366.5], [143.5, 366.0], [142.5, 366.0], [142.0, 365.5], [142.0, 364.5], [141.5, 364.0], [141.0, 363.5], [140.5, 363.0], [140.0, 362.5], [140.0, 361.5], [139.5, 361.0], [139.0, 360.5], [139.0, 359.5], [139.0, 358.5], [139.0, 357.5], [139.0, 356.5], [139.5, 356.0], [140.5, 356.0], [141.5, 356.0], [142.0, 356.5], [142.5, 357.0], [143.5, 357.0], [144.5, 357.0], [145.0, 357.5], [145.5, 358.0], [146.5, 358.0], [147.0, 358.5], [147.5, 359.0], [148.0, 359.5], [148.5, 360.0], [149.0, 360.5], [149.5, 361.0], [150.5, 361.0], [151.0, 361.5], [151.5, 362.0], [152.0, 362.5], [152.5, 363.0], [153.0, 363.5], [153.5, 364.0], [154.0, 364.5], [154.0, 365.5], [154.0, 366.5], [154.0, 367.5], [154.0, 368.5], [153.5, 369.0], [152.5, 369.0], [151.5, 369.0], [151.0, 369.5], [150.5, 370.0]]]}, "properties": {"objectType": "detection", "name": "label_353", "label_id": 353}}, {"type": "Feature", "geometry": {"type": "Polygon", "coordinates": [[[133.5, 737.0], [132.5, 737.0], [131.5, 737.0], [130.5, 737.0], [130.0, 736.5], [129.5, 736.0], [128.5, 736.0], [127.5, 736.0], [126.5, 736.0], [126.0, 735.5], [125.5, 735.0], [124.5, 735.0], [124.0, 734.5], [123.5, 734.0], [122.5, 734.0], [122.0, 733.5], [121.5, 733.0], [121.0, 732.5], [121.0, 731.5], [121.0, 730.5], [121.0, 729.5], [121.5, 729.0], [122.0, 728.5], [122.5, 728.0], [123.0, 727.5], [123.5, 727.0], [124.5, 727.0], [125.5, 727.0], [126.5, 727.0], [127.5, 727.0], [128.5, 727.0], [129.5, 727.0], [130.5, 727.0], [131.5, 727.0], [132.5, 727.0], [133.0, 727.5], [133.5, 728.0], [134.0, 728.5], [134.5, 729.0], [135.0, 729.5], [135.0, 730.5], [135.5, 731.0], [136.0, 731.5], [136.0, 732.5], [136.0, 733.5], [136.0, 734.5], [136.0, 735.5], [135.5, 736.0], [134.5, 736.0], [134.0, 736.5], [133.5, 737.0]]]}, "properties": {"objectType": "detection", "name": "label_354", "label_id": 354}}, {"type": "Feature", "geometry": {"type": "Polygon", "coordinates": [[[102.5, 128.0], [101.5, 128.0], [100.5, 128.0], [99.5, 128.0], [98.5, 128.0], [98.0, 127.5], [97.5, 127.0], [96.5, 127.0], [96.0, 126.5], [95.5, 126.0], [95.0, 125.5], [94.5, 125.0], [94.0, 124.5], [94.0, 123.5], [94.0, 122.5], [94.0, 121.5], [94.0, 120.5], [94.0, 119.5], [94.0, 118.5], [94.5, 118.0], [95.0, 117.5], [95.5, 117.0], [96.0, 116.5], [96.5, 116.0], [97.5, 116.0], [98.0, 115.5], [98.5, 115.0], [99.5, 115.0], [100.0, 115.5], [100.5, 116.0], [101.5, 116.0], [102.0, 116.5], [102.5, 117.0], [103.0, 117.5], [103.5, 118.0], [104.0, 118.5], [104.5, 119.0], [105.0, 119.5], [105.5, 120.0], [106.0, 120.5], [106.0, 121.5], [106.0, 122.5], [106.0, 123.5], [105.5, 124.0], [105.0, 124.5], [105.0, 125.5], [104.5, 126.0], [104.0, 126.5], [103.5, 127.0], [103.0, 127.5], [102.5, 128.0]]]}, "properties": {"objectType": "detection", "name": "label_355", "label_id": 355}}, {"type": "Feature", "geometry": {"type": "Polygon", "coordinates": [[[799.5, 198.0], [798.5, 198.0], [797.5, 198.0], [796.5, 198.0], [796.0, 197.5], [795.5, 197.0], [795.0, 196.5], [794.5, 196.0], [794.0, 195.5], [793.5, 195.0], [793.0, 194.5], [792.5, 194.0], [791.5, 194.0], [791.0, 193.5], [790.5, 193.0], [790.0, 192.5], [789.5, 192.0], [789.0, 191.5], [788.5, 191.0], [788.0, 190.5], [787.5, 190.0], [787.0, 189.5], [786.5, 189.0], [786.0, 188.5], [786.0, 187.5], [785.5, 187.0], [785.0, 186.5], [784.5, 186.0], [784.0, 185.5], [784.0, 184.5], [783.5, 184.0], [783.0, 183.5], [783.0, 182.5], [782.5, 182.0], [782.0, 181.5], [781.5, 181.0], [781.0, 180.5], [781.0, 179.5], [781.0, 178.5], [781.0, 177.5], [781.5, 177.0], [782.0, 177.5], [782.5, 178.0], [783.0, 178.5], [783.5, 179.0], [784.5, 179.0], [785.0, 179.5], [785.5, 180.0], [786.0, 180.5], [786.5, 181.0], [787.0, 181.5], [787.5, 182.0], [788.0, 182.5], [788.5, 183.0], [789.0, 183.5], [789.0, 184.5], [789.5, 185.0], [790.0, 185.5], [790.5, 186.0], [791.0, 186.5], [791.5, 187.0], [792.5, 187.0], [793.0, 187.5], [793.5, 188.0], [794.0, 188.5], [794.5, 189.0], [795.0, 189.5], [795.5, 190.0], [796.0, 190.5], [796.5, 191.0], [797.0, 191.5], [797.0, 192.5], [797.5, 193.0], [798.0, 193.5], [798.5, 194.0], [799.0, 194.5], [799.5, 195.0], [800.0, 195.5], [800.0, 196.5], [800.0, 197.5], [799.5, 198.0]]]}, "properties": {"objectType": "detection", "name": "label_356", "label_id": 356}}, {"type": "Feature", "geometry": {"type": "Polygon", "coordinates": [[[306.5, 294.0], [305.5, 294.0], [304.5, 294.0], [303.5, 294.0], [302.5, 294.0], [302.0, 293.5], [301.5, 293.0], [301.0, 292.5], [300.5, 292.0], [300.0, 291.5], [299.5, 291.0], [299.0, 290.5], [299.0, 289.5], [299.0, 288.5], [299.0, 287.5], [299.0, 286.5], [299.5, 286.0], [300.0, 285.5], [300.0, 284.5], [300.5, 284.0], [301.0, 283.5], [301.5, 283.0], [302.0, 282.5], [302.5, 282.0], [303.0, 281.5], [303.5, 281.0], [304.5, 281.0], [305.5, 281.0], [306.5, 281.0], [307.0, 281.5], [307.5, 282.0], [308.5, 282.0], [309.0, 282.5], [309.5, 283.0], [310.0, 283.5], [310.5, 284.0], [311.0, 284.5], [311.0, 285.5], [311.0, 286.5], [310.5, 287.0], [310.0, 287.5], [310.0, 288.5], [310.0, 289.5], [310.0, 290.5], [309.5, 291.0], [309.0, 291.5], [308.5, 292.0], [308.0, 292.5], [307.5, 293.0], [307.0, 293.5], [306.5, 294.0]]]}, "properties": {"objectType": "detection", "name": "label_357", "label_id": 357}}, {"type": "Feature", "geometry": {"type": "Polygon", "coordinates": [[[718.5, 767.0], [717.5, 767.0], [716.5, 767.0], [715.5, 767.0], [714.5, 767.0], [713.5, 767.0], [713.0, 766.5], [712.5, 766.0], [712.0, 765.5], [712.0, 764.5], [712.0, 763.5], [712.0, 762.5], [712.0, 761.5], [712.0, 760.5], [712.5, 760.0], [713.0, 759.5], [713.0, 758.5], [713.5, 758.0], [714.0, 757.5], [714.0, 756.5], [714.5, 756.0], [715.0, 755.5], [715.5, 755.0], [716.0, 754.5], [716.0, 753.5], [716.5, 753.0], [717.0, 752.5], [717.5, 752.0], [718.0, 751.5], [718.5, 751.0], [719.5, 751.0], [720.0, 751.5], [720.5, 752.0], [721.0, 752.5], [721.0, 753.5], [721.0, 754.5], [721.0, 755.5], [721.5, 756.0], [722.0, 756.5], [722.0, 757.5], [722.0, 758.5], [722.0, 759.5], [722.0, 760.5], [722.0, 761.5], [722.0, 762.5], [721.5, 763.0], [721.0, 763.5], [721.0, 764.5], [720.5, 765.0], [720.0, 765.5], [719.5, 766.0], [719.0, 766.5], [718.5, 767.0]]]}, "properties": {"objectType": "detection", "name": "label_358", "label_id": 358}}, {"type": "Feature", "geometry": {"type": "Polygon", "coordinates": [[[161.5, 419.0], [160.5, 419.0], [159.5, 419.0], [158.5, 419.0], [157.5, 419.0], [156.5, 419.0], [155.5, 419.0], [155.0, 418.5], [154.5, 418.0], [153.5, 418.0], [153.0, 417.5], [152.5, 417.0], [152.0, 416.5], [151.5, 416.0], [151.0, 415.5], [150.5, 415.0], [150.0, 414.5], [150.0, 413.5], [150.0, 412.5], [150.5, 412.0], [151.0, 411.5], [151.5, 411.0], [152.5, 411.0], [153.0, 410.5], [153.5, 410.0], [154.5, 410.0], [155.0, 409.5], [155.5, 409.0], [156.5, 409.0], [157.0, 408.5], [157.5, 408.0], [158.5, 408.0], [159.5, 408.0], [160.0, 408.5], [160.5, 409.0], [161.0, 409.5], [161.5, 410.0], [162.5, 410.0], [163.0, 410.5], [163.5, 411.0], [164.0, 411.5], [164.5, 412.0], [165.0, 412.5], [165.0, 413.5], [164.5, 414.0], [164.0, 414.5], [164.0, 415.5], [163.5, 416.0], [163.0, 416.5], [163.0, 417.5], [162.5, 418.0], [162.0, 418.5], [161.5, 419.0]]]}, "properties": {"objectType": "detection", "name": "label_359", "label_id": 359}}, {"type": "Feature", "geometry": {"type": "Polygon", "coordinates": [[[108.5, 262.0], [107.5, 262.0], [107.0, 261.5], [106.5, 261.0], [106.0, 260.5], [105.5, 260.0], [105.0, 259.5], [105.0, 258.5], [104.5, 258.0], [104.0, 257.5], [103.5, 257.0], [103.0, 256.5], [103.0, 255.5], [103.0, 254.5], [103.0, 253.5], [102.5, 253.0], [102.0, 252.5], [102.0, 251.5], [102.0, 250.5], [102.0, 249.5], [102.0, 248.5], [102.5, 248.0], [103.0, 247.5], [103.0, 246.5], [103.5, 246.0], [104.5, 246.0], [105.0, 245.5], [105.5, 245.0], [106.5, 245.0], [107.5, 245.0], [108.0, 245.5], [108.5, 246.0], [109.5, 246.0], [110.0, 246.5], [110.0, 247.5], [110.5, 248.0], [111.0, 248.5], [111.0, 249.5], [111.0, 250.5], [111.0, 251.5], [111.0, 252.5], [111.0, 253.5], [111.0, 254.5], [111.0, 255.5], [111.0, 256.5], [110.5, 257.0], [110.0, 257.5], [110.0, 258.5], [110.0, 259.5], [110.0, 260.5], [109.5, 261.0], [109.0, 261.5], [108.5, 262.0]]]}, "properties": {"objectType": "detection", "name": "label_360", "label_id": 360}}, {"type": "Feature", "geometry": {"type": "Polygon", "coordinates": [[[750.5, 185.0], [749.5, 185.0], [748.5, 185.0], [748.0, 184.5], [747.5, 184.0], [747.0, 183.5], [746.5, 183.0], [746.0, 182.5], [746.0, 181.5], [745.5, 181.0], [745.0, 180.5], [745.0, 179.5], [745.0, 178.5], [745.0, 177.5], [745.0, 176.5], [744.5, 176.0], [744.0, 175.5], [744.0, 174.5], [744.5, 174.0], [745.0, 173.5], [745.0, 172.5], [745.0, 171.5], [745.5, 171.0], [746.0, 170.5], [746.5, 170.0], [747.5, 170.0], [748.5, 170.0], [749.5, 170.0], [750.5, 170.0], [751.0, 170.5], [751.5, 171.0], [752.5, 171.0], [753.0, 171.5], [753.0, 172.5], [753.5, 173.0], [754.0, 173.5], [754.0, 174.5], [754.0, 175.5], [754.0, 176.5], [754.0, 177.5], [754.0, 178.5], [754.0, 179.5], [753.5, 180.0], [753.0, 180.5], [753.0, 181.5], [752.5, 182.0], [752.0, 182.5], [752.0, 183.5], [751.5, 184.0], [751.0, 184.5], [750.5, 185.0]]]}, "properties": {"objectType": "detection", "name": "label_361", "label_id": 361}}, {"type": "Feature", "geometry": {"type": "Polygon", "coordinates": [[[893.5, 730.0], [892.5, 730.0], [891.5, 730.0], [890.5, 730.0], [889.5, 730.0], [888.5, 730.0], [887.5, 730.0], [886.5, 730.0], [885.5, 730.0], [884.5, 730.0], [883.5, 730.0], [882.5, 730.0], [882.0, 729.5], [881.5, 729.0], [880.5, 729.0], [880.0, 728.5], [880.0, 727.5], [880.0, 726.5], [880.0, 725.5], [880.5, 725.0], [881.5, 725.0], [882.0, 724.5], [882.5, 724.0], [883.5, 724.0], [884.0, 723.5], [884.5, 723.0], [885.5, 723.0], [886.0, 722.5], [886.5, 722.0], [887.5, 722.0], [888.5, 722.0], [889.5, 722.0], [890.0, 721.5], [890.5, 721.0], [891.0, 720.5], [891.5, 720.0], [892.5, 720.0], [893.5, 720.0], [894.5, 720.0], [895.0, 720.5], [895.0, 721.5], [895.0, 722.5], [895.0, 723.5], [895.5, 724.0], [896.0, 724.5], [895.5, 725.0], [895.0, 725.5], [895.0, 726.5], [895.0, 727.5], [895.0, 728.5], [894.5, 729.0], [894.0, 729.5], [893.5, 730.0]]]}, "properties": {"objectType": "detection", "name": "label_362", "label_id": 362}}, {"type": "Feature", "geometry": {"type": "Polygon", "coordinates": [[[216.5, 204.0], [215.5, 204.0], [214.5, 204.0], [213.5, 204.0], [213.0, 203.5], [212.5, 203.0], [211.5, 203.0], [210.5, 203.0], [209.5, 203.0], [208.5, 203.0], [207.5, 203.0], [206.5, 203.0], [206.0, 202.5], [205.5, 202.0], [204.5, 202.0], [204.0, 201.5], [203.5, 201.0], [203.0, 200.5], [202.5, 200.0], [202.0, 199.5], [201.5, 199.0], [201.0, 198.5], [200.5, 198.0], [200.0, 197.5], [200.5, 197.0], [201.5, 197.0], [202.5, 197.0], [203.5, 197.0], [204.5, 197.0], [205.0, 196.5], [205.5, 196.0], [206.5, 196.0], [207.5, 196.0], [208.5, 196.0], [209.5, 196.0], [210.5, 196.0], [211.5, 196.0], [212.5, 196.0], [213.5, 196.0], [214.0, 196.5], [214.5, 197.0], [215.5, 197.0], [216.5, 197.0], [217.0, 197.5], [217.5, 198.0], [218.5, 198.0], [219.0, 198.5], [219.5, 199.0], [220.0, 199.5], [220.0, 200.5], [220.0, 201.5], [219.5, 202.0], [219.0, 202.5], [218.5, 203.0], [217.5, 203.0], [217.0, 203.5], [216.5, 204.0]]]}, "properties": {"objectType": "detection", "name": "label_363", "label_id": 363}}, {"type": "Feature", "geometry": {"type": "Polygon", "coordinates": [[[681.5, 452.0], [681.0, 451.5], [681.0, 450.5], [680.5, 450.0], [679.5, 450.0], [678.5, 450.0], [678.0, 449.5], [677.5, 449.0], [677.0, 448.5], [676.5, 448.0], [676.0, 447.5], [676.0, 446.5], [676.5, 446.0], [677.0, 445.5], [677.5, 445.0], [678.0, 444.5], [678.5, 444.0], [679.0, 443.5], [679.5, 443.0], [680.5, 443.0], [681.0, 442.5], [681.5, 442.0], [682.5, 442.0], [683.5, 442.0], [684.0, 442.5], [684.5, 443.0], [685.5, 443.0], [686.5, 443.0], [687.0, 443.5], [687.5, 444.0], [688.5, 444.0], [689.0, 444.5], [689.5, 445.0], [690.5, 445.0], [691.0, 445.5], [691.5, 446.0], [692.5, 446.0], [693.0, 446.5], [693.5, 447.0], [694.0, 447.5], [694.0, 448.5], [693.5, 449.0], [693.0, 449.5], [692.5, 450.0], [691.5, 450.0], [690.5, 450.0], [689.5, 450.0], [688.5, 450.0], [688.0, 450.5], [687.5, 451.0], [686.5, 451.0], [685.5, 451.0], [684.5, 451.0], [683.5, 451.0], [682.5, 451.0], [682.0, 451.5], [681.5, 452.0]]]}, "properties": {"objectType": "detection", "name": "label_364", "label_id": 364}}, {"type": "Feature", "geometry": {"type": "Polygon", "coordinates": [[[104.5, 490.0], [103.5, 490.0], [102.5, 490.0], [101.5, 490.0], [100.5, 490.0], [99.5, 490.0], [99.0, 489.5], [98.5, 489.0], [97.5, 489.0], [97.0, 488.5], [96.5, 488.0], [96.0, 487.5], [95.5, 487.0], [95.0, 486.5], [95.0, 485.5], [95.0, 484.5], [95.0, 483.5], [95.5, 483.0], [96.5, 483.0], [97.0, 482.5], [97.5, 482.0], [98.0, 481.5], [98.5, 481.0], [99.5, 481.0], [100.0, 480.5], [100.5, 480.0], [101.5, 480.0], [102.5, 480.0], [103.5, 480.0], [104.5, 480.0], [105.5, 480.0], [106.5, 480.0], [107.0, 480.5], [107.5, 481.0], [108.0, 481.5], [108.5, 482.0], [109.0, 482.5], [109.0, 483.5], [109.0, 484.5], [108.5, 485.0], [108.0, 485.5], [108.0, 486.5], [108.0, 487.5], [107.5, 488.0], [107.0, 488.5], [106.5, 489.0], [105.5, 489.0], [105.0, 489.5], [104.5, 490.0]]]}, "properties": {"objectType": "detection", "name": "label_365", "label_id": 365}}, {"type": "Feature", "geometry": {"type": "Polygon", "coordinates": [[[37.5, 434.0], [36.5, 434.0], [35.5, 434.0], [35.0, 433.5], [35.0, 432.5], [35.0, 431.5], [34.5, 431.0], [34.0, 430.5], [34.0, 429.5], [34.0, 428.5], [34.0, 427.5], [34.5, 427.0], [35.0, 426.5], [35.0, 425.5], [35.0, 424.5], [35.5, 424.0], [36.0, 423.5], [36.0, 422.5], [36.0, 421.5], [36.5, 421.0], [37.0, 420.5], [37.0, 419.5], [37.0, 418.5], [37.5, 418.0], [38.0, 417.5], [38.5, 417.0], [39.0, 416.5], [39.5, 416.0], [40.0, 415.5], [40.5, 415.0], [41.5, 415.0], [42.0, 415.5], [42.5, 416.0], [43.0, 416.5], [43.5, 417.0], [44.0, 417.5], [44.0, 418.5], [44.0, 419.5], [43.5, 420.0], [43.0, 420.5], [43.0, 421.5], [43.0, 422.5], [42.5, 423.0], [42.0, 423.5], [42.0, 424.5], [41.5, 425.0], [41.0, 425.5], [41.0, 426.5], [41.0, 427.5], [41.0, 428.5], [41.0, 429.5], [40.5, 430.0], [40.0, 430.5], [40.0, 431.5], [39.5, 432.0], [39.0, 432.5], [38.5, 433.0], [38.0, 433.5], [37.5, 434.0]]]}, "properties": {"objectType": "detection", "name": "label_366", "label_id": 366}}, {"type": "Feature", "geometry": {"type": "Polygon", "coordinates": [[[730.5, 587.0], [730.0, 586.5], [729.5, 586.0], [729.0, 585.5], [728.5, 585.0], [728.0, 584.5], [727.5, 584.0], [727.0, 583.5], [727.0, 582.5], [726.5, 582.0], [726.0, 581.5], [725.5, 581.0], [725.0, 580.5], [725.0, 579.5], [724.5, 579.0], [724.0, 578.5], [724.0, 577.5], [723.5, 577.0], [723.0, 576.5], [723.0, 575.5], [723.0, 574.5], [722.5, 574.0], [722.0, 573.5], [721.5, 573.0], [721.0, 572.5], [721.0, 571.5], [720.5, 571.0], [720.0, 570.5], [720.0, 569.5], [720.0, 568.5], [720.0, 567.5], [719.5, 567.0], [719.0, 566.5], [719.0, 565.5], [719.5, 565.0], [720.5, 565.0], [721.5, 565.0], [722.0, 565.5], [722.5, 566.0], [723.0, 566.5], [723.5, 567.0], [724.0, 567.5], [724.5, 568.0], [725.0, 568.5], [725.5, 569.0], [726.0, 569.5], [726.0, 570.5], [726.5, 571.0], [727.0, 571.5], [727.0, 572.5], [727.5, 573.0], [728.0, 573.5], [728.5, 574.0], [729.0, 574.5], [729.0, 575.5], [729.0, 576.5], [729.5, 577.0], [730.0, 577.5], [730.0, 578.5], [730.5, 579.0], [731.0, 579.5], [731.0, 580.5], [731.0, 581.5], [731.5, 582.0], [732.0, 582.5], [732.0, 583.5], [731.5, 584.0], [731.0, 584.5], [731.5, 585.0], [732.0, 585.5], [731.5, 586.0], [731.0, 586.5], [730.5, 587.0]]]}, "properties": {"objectType": "detection", "name": "label_367", "label_id": 367}}, {"type": "Feature", "geometry": {"type": "Polygon", "coordinates": [[[368.5, 505.0], [368.0, 504.5], [367.5, 504.0], [367.0, 503.5], [366.5, 503.0], [366.0, 502.5], [366.0, 501.5], [366.0, 500.5], [366.5, 500.0], [367.0, 499.5], [367.5, 499.0], [368.0, 498.5], [368.5, 498.0], [369.0, 497.5], [369.5, 497.0], [370.0, 496.5], [370.5, 496.0], [371.5, 496.0], [372.0, 495.5], [372.5, 495.0], [373.5, 495.0], [374.5, 495.0], [375.5, 495.0], [376.5, 495.0], [377.5, 495.0], [378.5, 495.0], [379.0, 495.5], [379.5, 496.0], [380.0, 496.5], [380.5, 497.0], [381.0, 497.5], [381.0, 498.5], [381.5, 499.0], [382.0, 499.5], [381.5, 500.0], [381.0, 500.5], [380.5, 501.0], [380.0, 501.5], [379.5, 502.0], [379.0, 502.5], [378.5, 503.0], [377.5, 503.0], [376.5, 503.0], [376.0, 503.5], [375.5, 504.0], [374.5, 504.0], [373.5, 504.0], [372.5, 504.0], [371.5, 504.0], [370.5, 504.0], [369.5, 504.0], [369.0, 504.5], [368.5, 505.0]]]}, "properties": {"objectType": "detection", "name": "label_368", "label_id": 368}}, {"type": "Feature", "geometry": {"type": "Polygon", "coordinates": [[[410.5, 79.0], [410.0, 78.5], [409.5, 78.0], [408.5, 78.0], [408.0, 77.5], [408.0, 76.5], [408.0, 75.5], [408.5, 75.0], [409.0, 74.5], [409.0, 73.5], [409.5, 73.0], [410.0, 72.5], [410.0, 71.5], [410.0, 70.5], [410.5, 70.0], [411.0, 69.5], [411.0, 68.5], [411.5, 68.0], [412.0, 67.5], [412.0, 66.5], [412.5, 66.0], [413.0, 65.5], [413.5, 65.0], [414.0, 64.5], [414.5, 64.0], [415.0, 63.5], [415.5, 63.0], [416.5, 63.0], [417.0, 62.5], [417.5, 62.0], [418.5, 62.0], [419.5, 62.0], [420.0, 62.5], [420.0, 63.5], [420.5, 64.0], [421.0, 64.5], [420.5, 65.0], [420.0, 65.5], [420.0, 66.5], [419.5, 67.0], [419.0, 67.5], [418.5, 68.0], [418.0, 68.5], [418.0, 69.5], [418.0, 70.5], [417.5, 71.0], [417.0, 71.5], [417.0, 72.5], [416.5, 73.0], [416.0, 73.5], [416.0, 74.5], [415.5, 75.0], [415.0, 75.5], [414.5, 76.0], [414.0, 76.5], [413.5, 77.0], [413.0, 77.5], [412.5, 78.0], [411.5, 78.0], [411.0, 78.5], [410.5, 79.0]]]}, "properties": {"objectType": "detection", "name": "label_369", "label_id": 369}}, {"type": "Feature", "geometry": {"type": "Polygon", "coordinates": [[[162.5, 353.0], [161.5, 353.0], [160.5, 353.0], [159.5, 353.0], [158.5, 353.0], [157.5, 353.0], [156.5, 353.0], [155.5, 353.0], [155.0, 352.5], [154.5, 352.0], [153.5, 352.0], [153.0, 351.5], [152.5, 351.0], [152.0, 350.5], [151.5, 350.0], [151.0, 349.5], [150.5, 349.0], [150.0, 348.5], [150.0, 347.5], [150.5, 347.0], [151.0, 346.5], [151.0, 345.5], [151.5, 345.0], [152.5, 345.0], [153.0, 344.5], [153.5, 344.0], [154.5, 344.0], [155.5, 344.0], [156.5, 344.0], [157.5, 344.0], [158.5, 344.0], [159.5, 344.0], [160.0, 344.5], [160.5, 345.0], [161.5, 345.0], [162.0, 345.5], [162.5, 346.0], [163.5, 346.0], [164.0, 346.5], [164.0, 347.5], [164.5, 348.0], [165.0, 348.5], [165.0, 349.5], [165.0, 350.5], [164.5, 351.0], [164.0, 351.5], [163.5, 352.0], [163.0, 352.5], [162.5, 353.0]]]}, "properties": {"objectType": "detection", "name": "label_370", "label_id": 370}}, {"type": "Feature", "geometry": {"type": "Polygon", "coordinates": [[[865.5, 407.0], [864.5, 407.0], [863.5, 407.0], [862.5, 407.0], [861.5, 407.0], [860.5, 407.0], [860.0, 406.5], [859.5, 406.0], [858.5, 406.0], [858.0, 405.5], [857.5, 405.0], [857.0, 404.5], [856.5, 404.0], [856.0, 403.5], [856.0, 402.5], [856.0, 401.5], [856.0, 400.5], [856.0, 399.5], [856.5, 399.0], [857.0, 398.5], [857.5, 398.0], [858.5, 398.0], [859.5, 398.0], [860.5, 398.0], [861.5, 398.0], [862.5, 398.0], [863.5, 398.0], [864.5, 398.0], [865.5, 398.0], [866.0, 398.5], [866.5, 399.0], [867.5, 399.0], [868.0, 399.5], [868.5, 400.0], [869.0, 400.5], [869.5, 401.0], [870.0, 401.5], [870.0, 402.5], [870.0, 403.5], [870.0, 404.5], [869.5, 405.0], [869.0, 405.5], [868.5, 406.0], [867.5, 406.0], [866.5, 406.0], [866.0, 406.5], [865.5, 407.0]]]}, "properties": {"objectType": "detection", "name": "label_371", "label_id": 371}}, {"type": "Feature", "geometry": {"type": "Polygon", "coordinates": [[[64.5, 228.0], [63.5, 228.0], [62.5, 228.0], [61.5, 228.0], [61.0, 227.5], [60.5, 227.0], [59.5, 227.0], [59.0, 226.5], [58.5, 226.0], [58.0, 225.5], [58.0, 224.5], [57.5, 224.0], [57.0, 223.5], [56.5, 223.0], [56.0, 222.5], [56.0, 221.5], [55.5, 221.0], [55.0, 220.5], [55.0, 219.5], [54.5, 219.0], [54.0, 218.5], [54.5, 218.0], [55.0, 217.5], [55.0, 216.5], [55.5, 216.0], [56.5, 216.0], [57.5, 216.0], [58.5, 216.0], [59.5, 216.0], [60.0, 216.5], [60.5, 217.0], [61.5, 217.0], [62.5, 217.0], [63.0, 217.5], [63.5, 218.0], [64.0, 218.5], [64.5, 219.0], [65.0, 219.5], [65.5, 220.0], [66.0, 220.5], [66.5, 221.0], [67.0, 221.5], [67.0, 222.5], [67.0, 223.5], [67.0, 224.5], [67.0, 225.5], [66.5, 226.0], [66.0, 226.5], [65.5, 227.0], [65.0, 227.5], [64.5, 228.0]]]}, "properties": {"objectType": "detection", "name": "label_372", "label_id": 372}}, {"type": "Feature", "geometry": {"type": "Polygon", "coordinates": [[[88.5, 153.0], [87.5, 153.0], [86.5, 153.0], [85.5, 153.0], [85.0, 152.5], [85.0, 151.5], [84.5, 151.0], [84.0, 150.5], [84.0, 149.5], [83.5, 149.0], [83.0, 148.5], [83.0, 147.5], [82.5, 147.0], [82.0, 146.5], [82.0, 145.5], [82.0, 144.5], [82.0, 143.5], [82.0, 142.5], [82.0, 141.5], [82.5, 141.0], [83.0, 140.5], [83.0, 139.5], [83.0, 138.5], [83.5, 138.0], [84.0, 137.5], [84.0, 136.5], [84.0, 135.5], [84.5, 135.0], [85.0, 135.5], [85.5, 136.0], [86.5, 136.0], [87.0, 136.5], [87.5, 137.0], [88.0, 137.5], [88.0, 138.5], [88.0, 139.5], [88.5, 140.0], [89.0, 140.5], [89.0, 141.5], [89.0, 142.5], [89.0, 143.5], [89.5, 144.0], [90.0, 144.5], [90.0, 145.5], [90.0, 146.5], [90.0, 147.5], [90.0, 148.5], [90.0, 149.5], [90.0, 150.5], [90.0, 151.5], [89.5, 152.0], [89.0, 152.5], [88.5, 153.0]]]}, "properties": {"objectType": "detection", "name": "label_373", "label_id": 373}}, {"type": "Feature", "geometry": {"type": "Polygon", "coordinates": [[[580.5, 561.0], [579.5, 561.0], [578.5, 561.0], [577.5, 561.0], [577.0, 560.5], [576.5, 560.0], [576.0, 559.5], [575.5, 559.0], [575.0, 558.5], [575.0, 557.5], [575.0, 556.5], [575.0, 555.5], [575.0, 554.5], [575.5, 554.0], [576.0, 553.5], [576.5, 553.0], [577.0, 552.5], [577.5, 552.0], [578.0, 551.5], [578.5, 551.0], [579.5, 551.0], [580.0, 550.5], [580.5, 550.0], [581.5, 550.0], [582.5, 550.0], [583.5, 550.0], [584.5, 550.0], [585.5, 550.0], [586.5, 550.0], [587.0, 550.5], [587.5, 551.0], [588.0, 551.5], [588.0, 552.5], [587.5, 553.0], [587.0, 553.5], [587.0, 554.5], [587.0, 555.5], [586.5, 556.0], [586.0, 556.5], [585.5, 557.0], [585.0, 557.5], [584.5, 558.0], [584.0, 558.5], [583.5, 559.0], [583.0, 559.5], [582.5, 560.0], [581.5, 560.0], [581.0, 560.5], [580.5, 561.0]]]}, "properties": {"objectType": "detection", "name": "label_374", "label_id": 374}}, {"type": "Feature", "geometry": {"type": "Polygon", "coordinates": [[[447.5, 316.0], [446.5, 316.0], [445.5, 316.0], [445.0, 315.5], [444.5, 315.0], [444.0, 314.5], [444.0, 313.5], [443.5, 313.0], [443.0, 312.5], [443.0, 311.5], [443.0, 310.5], [443.0, 309.5], [443.0, 308.5], [443.0, 307.5], [443.0, 306.5], [443.5, 306.0], [444.0, 305.5], [444.0, 304.5], [444.5, 304.0], [445.0, 303.5], [445.5, 303.0], [446.0, 302.5], [446.5, 302.0], [447.5, 302.0], [448.0, 301.5], [448.5, 301.0], [449.5, 301.0], [450.0, 301.5], [450.5, 302.0], [451.0, 302.5], [451.5, 303.0], [452.0, 303.5], [452.0, 304.5], [452.0, 305.5], [452.0, 306.5], [452.0, 307.5], [452.0, 308.5], [452.0, 309.5], [451.5, 310.0], [451.0, 310.5], [451.0, 311.5], [450.5, 312.0], [450.0, 312.5], [450.0, 313.5], [449.5, 314.0], [449.0, 314.5], [448.5, 315.0], [448.0, 315.5], [447.5, 316.0]]]}, "properties": {"objectType": "detection", "name": "label_375", "label_id": 375}}, {"type": "Feature", "geometry": {"type": "Polygon", "coordinates": [[[171.5, 702.0], [170.5, 702.0], [169.5, 702.0], [169.0, 701.5], [168.5, 701.0], [168.0, 700.5], [167.5, 700.0], [167.0, 699.5], [166.5, 699.0], [166.0, 698.5], [166.0, 697.5], [165.5, 697.0], [165.0, 696.5], [165.0, 695.5], [165.0, 694.5], [164.5, 694.0], [164.0, 693.5], [164.0, 692.5], [164.5, 692.0], [165.0, 691.5], [165.0, 690.5], [165.5, 690.0], [166.0, 689.5], [166.5, 689.0], [167.0, 688.5], [167.5, 688.0], [168.5, 688.0], [169.5, 688.0], [170.5, 688.0], [171.0, 688.5], [171.5, 689.0], [172.0, 689.5], [172.0, 690.5], [172.5, 691.0], [173.0, 691.5], [173.0, 692.5], [173.5, 693.0], [174.0, 693.5], [174.0, 694.5], [174.0, 695.5], [174.0, 696.5], [174.0, 697.5], [174.0, 698.5], [174.0, 699.5], [173.5, 700.0], [173.0, 700.5], [172.5, 701.0], [172.0, 701.5], [171.5, 702.0]]]}, "properties": {"objectType": "detection", "name": "label_376", "label_id": 376}}, {"type": "Feature", "geometry": {"type": "Polygon", "coordinates": [[[856.5, 185.0], [855.5, 185.0], [854.5, 185.0], [853.5, 185.0], [852.5, 185.0], [851.5, 185.0], [851.0, 184.5], [850.5, 184.0], [850.0, 183.5], [849.5, 183.0], [849.0, 182.5], [848.5, 182.0], [848.0, 181.5], [847.5, 181.0], [847.0, 180.5], [847.0, 179.5], [847.0, 178.5], [847.0, 177.5], [847.0, 176.5], [847.5, 176.0], [848.0, 175.5], [848.0, 174.5], [848.5, 174.0], [849.5, 174.0], [850.5, 174.0], [851.0, 173.5], [851.5, 173.0], [852.5, 173.0], [853.0, 173.5], [853.5, 174.0], [854.5, 174.0], [855.0, 174.5], [855.5, 175.0], [856.0, 175.5], [856.0, 176.5], [856.5, 177.0], [857.0, 177.5], [857.0, 178.5], [857.5, 179.0], [858.0, 179.5], [858.0, 180.5], [858.0, 181.5], [858.0, 182.5], [858.0, 183.5], [857.5, 184.0], [857.0, 184.5], [856.5, 185.0]]]}, "properties": {"objectType": "detection", "name": "label_377", "label_id": 377}}, {"type": "Feature", "geometry": {"type": "Polygon", "coordinates": [[[35.5, 488.0], [34.5, 488.0], [33.5, 488.0], [32.5, 488.0], [31.5, 488.0], [30.5, 488.0], [29.5, 488.0], [28.5, 488.0], [28.0, 487.5], [27.5, 487.0], [27.0, 486.5], [26.5, 486.0], [26.0, 485.5], [26.0, 484.5], [26.0, 483.5], [26.0, 482.5], [26.0, 481.5], [26.5, 481.0], [27.0, 480.5], [27.5, 480.0], [28.0, 479.5], [28.5, 479.0], [29.5, 479.0], [30.5, 479.0], [31.5, 479.0], [32.5, 479.0], [33.5, 479.0], [34.5, 479.0], [35.0, 479.5], [35.5, 480.0], [36.5, 480.0], [37.0, 480.5], [37.5, 481.0], [38.0, 481.5], [38.5, 482.0], [39.0, 482.5], [39.0, 483.5], [39.5, 484.0], [40.0, 484.5], [39.5, 485.0], [39.0, 485.5], [38.5, 486.0], [38.0, 486.5], [37.5, 487.0], [36.5, 487.0], [36.0, 487.5], [35.5, 488.0]]]}, "properties": {"objectType": "detection", "name": "label_378", "label_id": 378}}, {"type": "Feature", "geometry": {"type": "Polygon", "coordinates": [[[713.5, 183.0], [712.5, 183.0], [712.0, 182.5], [711.5, 182.0], [710.5, 182.0], [710.0, 181.5], [710.0, 180.5], [709.5, 180.0], [709.0, 179.5], [708.5, 179.0], [708.0, 178.5], [707.5, 178.0], [707.0, 177.5], [707.0, 176.5], [707.0, 175.5], [707.0, 174.5], [707.5, 174.0], [708.0, 173.5], [708.5, 173.0], [709.0, 172.5], [709.5, 172.0], [710.5, 172.0], [711.0, 171.5], [711.5, 171.0], [712.5, 171.0], [713.5, 171.0], [714.5, 171.0], [715.5, 171.0], [716.5, 171.0], [717.5, 171.0], [718.0, 171.5], [718.5, 172.0], [719.0, 172.5], [719.0, 173.5], [719.0, 174.5], [718.5, 175.0], [718.0, 175.5], [718.0, 176.5], [717.5, 177.0], [717.0, 177.5], [717.0, 178.5], [716.5, 179.0], [716.0, 179.5], [715.5, 180.0], [715.0, 180.5], [715.0, 181.5], [714.5, 182.0], [714.0, 182.5], [713.5, 183.0]]]}, "properties": {"objectType": "detection", "name": "label_379", "label_id": 379}}, {"type": "Feature", "geometry": {"type": "Polygon", "coordinates": [[[417.5, 54.0], [416.5, 54.0], [415.5, 54.0], [414.5, 54.0], [414.0, 53.5], [414.0, 52.5], [414.0, 51.5], [414.0, 50.5], [414.0, 49.5], [414.0, 48.5], [414.0, 47.5], [414.0, 46.5], [414.0, 45.5], [414.0, 44.5], [414.0, 43.5], [414.0, 42.5], [413.5, 42.0], [413.0, 41.5], [413.0, 40.5], [413.0, 39.5], [413.0, 38.5], [412.5, 38.0], [412.0, 37.5], [412.0, 36.5], [412.0, 35.5], [412.0, 34.5], [412.0, 33.5], [412.0, 32.5], [412.5, 32.0], [413.5, 32.0], [414.0, 32.5], [414.0, 33.5], [414.5, 34.0], [415.0, 34.5], [415.0, 35.5], [415.5, 36.0], [416.0, 36.5], [416.0, 37.5], [416.5, 38.0], [417.0, 38.5], [417.0, 39.5], [417.0, 40.5], [417.5, 41.0], [418.0, 41.5], [418.0, 42.5], [418.5, 43.0], [419.0, 43.5], [419.0, 44.5], [419.0, 45.5], [419.5, 46.0], [420.0, 46.5], [420.0, 47.5], [420.0, 48.5], [420.0, 49.5], [420.0, 50.5], [420.0, 51.5], [419.5, 52.0], [419.0, 52.5], [418.5, 53.0], [418.0, 53.5], [417.5, 54.0]]]}, "properties": {"objectType": "detection", "name": "label_380", "label_id": 380}}, {"type": "Feature", "geometry": {"type": "Polygon", "coordinates": [[[22.5, 476.0], [21.5, 476.0], [20.5, 476.0], [19.5, 476.0], [18.5, 476.0], [17.5, 476.0], [17.0, 475.5], [16.5, 475.0], [15.5, 475.0], [14.5, 475.0], [13.5, 475.0], [13.0, 474.5], [12.5, 474.0], [12.0, 473.5], [12.0, 472.5], [12.0, 471.5], [12.5, 471.0], [13.0, 470.5], [13.5, 470.0], [14.5, 470.0], [15.0, 469.5], [15.5, 469.0], [16.5, 469.0], [17.0, 468.5], [17.5, 468.0], [18.5, 468.0], [19.5, 468.0], [20.0, 467.5], [20.5, 467.0], [21.5, 467.0], [22.5, 467.0], [23.5, 467.0], [24.5, 467.0], [25.5, 467.0], [26.0, 467.5], [26.5, 468.0], [27.0, 468.5], [27.0, 469.5], [27.0, 470.5], [26.5, 471.0], [26.0, 471.5], [25.5, 472.0], [25.0, 472.5], [25.0, 473.5], [24.5, 474.0], [24.0, 474.5], [23.5, 475.0], [23.0, 475.5], [22.5, 476.0]]]}, "properties": {"objectType": "detection", "name": "label_381", "label_id": 381}}, {"type": "Feature", "geometry": {"type": "Polygon", "coordinates": [[[73.5, 768.0], [72.5, 768.0], [72.0, 767.5], [71.5, 767.0], [70.5, 767.0], [70.0, 766.5], [69.5, 766.0], [69.0, 765.5], [68.5, 765.0], [68.0, 764.5], [68.0, 763.5], [68.0, 762.5], [68.0, 761.5], [68.5, 761.0], [69.0, 760.5], [69.0, 759.5], [69.5, 759.0], [70.0, 758.5], [70.0, 757.5], [70.5, 757.0], [71.0, 756.5], [71.5, 756.0], [72.5, 756.0], [73.5, 756.0], [74.5, 756.0], [75.0, 756.5], [75.5, 757.0], [76.0, 757.5], [76.5, 758.0], [77.5, 758.0], [78.0, 758.5], [78.0, 759.5], [78.5, 760.0], [79.0, 760.5], [79.0, 761.5], [79.0, 762.5], [79.0, 763.5], [79.0, 764.5], [78.5, 765.0], [78.0, 765.5], [77.5, 766.0], [77.0, 766.5], [76.5, 767.0], [75.5, 767.0], [74.5, 767.0], [74.0, 767.5], [73.5, 768.0]]]}, "properties": {"objectType": "detection", "name": "label_382", "label_id": 382}}, {"type": "Feature", "geometry": {"type": "Polygon", "coordinates": [[[882.5, 361.0], [881.5, 361.0], [880.5, 361.0], [879.5, 361.0], [878.5, 361.0], [878.0, 360.5], [877.5, 360.0], [876.5, 360.0], [876.0, 359.5], [875.5, 359.0], [875.0, 358.5], [874.5, 358.0], [874.0, 357.5], [874.0, 356.5], [874.0, 355.5], [873.5, 355.0], [873.0, 354.5], [872.5, 354.0], [872.0, 353.5], [872.0, 352.5], [871.5, 352.0], [871.0, 351.5], [871.0, 350.5], [871.0, 349.5], [871.5, 349.0], [872.0, 348.5], [872.5, 348.0], [873.5, 348.0], [874.5, 348.0], [875.5, 348.0], [876.5, 348.0], [877.0, 348.5], [877.5, 349.0], [878.0, 349.5], [878.5, 350.0], [879.0, 350.5], [879.5, 351.0], [880.0, 351.5], [880.0, 352.5], [880.5, 353.0], [881.0, 353.5], [881.0, 354.5], [881.0, 355.5], [881.5, 356.0], [882.0, 356.5], [882.0, 357.5], [882.5, 358.0], [883.0, 358.5], [883.0, 359.5], [883.0, 360.5], [882.5, 361.0]]]}, "properties": {"objectType": "detection", "name": "label_383", "label_id": 383}}, {"type": "Feature", "geometry": {"type": "Polygon", "coordinates": [[[517.5, 701.0], [516.5, 701.0], [515.5, 701.0], [514.5, 701.0], [514.0, 700.5], [513.5, 700.0], [512.5, 700.0], [512.0, 699.5], [511.5, 699.0], [511.0, 698.5], [510.5, 698.0], [510.0, 697.5], [510.0, 696.5], [510.0, 695.5], [509.5, 695.0], [509.0, 694.5], [509.0, 693.5], [509.0, 692.5], [509.5, 692.0], [510.0, 691.5], [510.0, 690.5], [510.5, 690.0], [511.5, 690.0], [512.0, 689.5], [512.5, 689.0], [513.5, 689.0], [514.5, 689.0], [515.0, 689.5], [515.5, 690.0], [516.5, 690.0], [517.0, 690.5], [517.5, 691.0], [518.0, 691.5], [518.5, 692.0], [519.0, 692.5], [519.0, 693.5], [519.0, 694.5], [519.0, 695.5], [519.0, 696.5], [519.0, 697.5], [519.0, 698.5], [519.0, 699.5], [518.5, 700.0], [518.0, 700.5], [517.5, 701.0]]]}, "properties": {"objectType": "detection", "name": "label_384", "label_id": 384}}, {"type": "Feature", "geometry": {"type": "Polygon", "coordinates": [[[336.5, 213.0], [336.0, 212.5], [336.0, 211.5], [336.0, 210.5], [336.0, 209.5], [336.0, 208.5], [336.0, 207.5], [336.0, 206.5], [336.0, 205.5], [336.0, 204.5], [336.0, 203.5], [336.0, 202.5], [336.0, 201.5], [336.0, 200.5], [336.0, 199.5], [335.5, 199.0], [335.0, 198.5], [335.0, 197.5], [335.0, 196.5], [335.0, 195.5], [335.0, 194.5], [335.0, 193.5], [335.0, 192.5], [335.0, 191.5], [335.0, 190.5], [335.5, 190.0], [336.0, 189.5], [336.0, 188.5], [336.5, 188.0], [337.5, 188.0], [338.0, 188.5], [338.5, 189.0], [339.0, 189.5], [339.0, 190.5], [339.0, 191.5], [339.0, 192.5], [339.0, 193.5], [339.0, 194.5], [339.0, 195.5], [339.5, 196.0], [340.0, 196.5], [340.0, 197.5], [340.0, 198.5], [340.0, 199.5], [340.0, 200.5], [340.0, 201.5], [340.0, 202.5], [340.0, 203.5], [340.0, 204.5], [340.0, 205.5], [340.0, 206.5], [340.0, 207.5], [340.0, 208.5], [339.5, 209.0], [339.0, 209.5], [338.5, 210.0], [338.0, 210.5], [338.0, 211.5], [337.5, 212.0], [337.0, 212.5], [336.5, 213.0]]]}, "properties": {"objectType": "detection", "name": "label_385", "label_id": 385}}, {"type": "Feature", "geometry": {"type": "Polygon", "coordinates": [[[169.5, 425.0], [168.5, 425.0], [167.5, 425.0], [166.5, 425.0], [166.0, 424.5], [165.5, 424.0], [165.0, 423.5], [164.5, 423.0], [164.0, 422.5], [164.0, 421.5], [163.5, 421.0], [163.0, 420.5], [162.5, 420.0], [162.0, 419.5], [162.0, 418.5], [162.5, 418.0], [163.0, 417.5], [163.0, 416.5], [163.5, 416.0], [164.0, 415.5], [164.0, 414.5], [164.5, 414.0], [165.0, 413.5], [165.0, 412.5], [165.5, 412.0], [166.5, 412.0], [167.0, 412.5], [167.5, 413.0], [168.5, 413.0], [169.5, 413.0], [170.0, 413.5], [170.5, 414.0], [171.0, 414.5], [171.0, 415.5], [171.0, 416.5], [171.5, 417.0], [172.0, 417.5], [172.0, 418.5], [172.0, 419.5], [172.0, 420.5], [172.0, 421.5], [171.5, 422.0], [171.0, 422.5], [171.0, 423.5], [170.5, 424.0], [170.0, 424.5], [169.5, 425.0]]]}, "properties": {"objectType": "detection", "name": "label_386", "label_id": 386}}, {"type": "Feature", "geometry": {"type": "Polygon", "coordinates": [[[774.5, 542.0], [773.5, 542.0], [773.0, 541.5], [772.5, 541.0], [771.5, 541.0], [771.0, 540.5], [770.5, 540.0], [770.0, 539.5], [770.0, 538.5], [769.5, 538.0], [769.0, 537.5], [769.0, 536.5], [769.5, 536.0], [770.0, 535.5], [770.0, 534.5], [770.0, 533.5], [770.5, 533.0], [771.0, 532.5], [771.5, 532.0], [772.0, 531.5], [772.5, 531.0], [773.5, 531.0], [774.0, 530.5], [774.5, 530.0], [775.0, 530.5], [775.5, 531.0], [776.5, 531.0], [777.0, 531.5], [777.5, 532.0], [778.5, 532.0], [779.0, 532.5], [779.5, 533.0], [780.0, 533.5], [780.0, 534.5], [780.0, 535.5], [780.0, 536.5], [779.5, 537.0], [779.0, 537.5], [779.0, 538.5], [778.5, 539.0], [778.0, 539.5], [777.5, 540.0], [777.0, 540.5], [776.5, 541.0], [775.5, 541.0], [775.0, 541.5], [774.5, 542.0]]]}, "properties": {"objectType": "detection", "name": "label_387", "label_id": 387}}, {"type": "Feature", "geometry": {"type": "Polygon", "coordinates": [[[470.5, 156.0], [469.5, 156.0], [468.5, 156.0], [467.5, 156.0], [467.0, 155.5], [466.5, 155.0], [466.0, 154.5], [465.5, 154.0], [465.0, 153.5], [465.0, 152.5], [464.5, 152.0], [464.0, 151.5], [464.0, 150.5], [463.5, 150.0], [463.0, 149.5], [463.5, 149.0], [464.0, 148.5], [464.0, 147.5], [464.5, 147.0], [465.0, 146.5], [465.5, 146.0], [466.0, 145.5], [466.5, 145.0], [467.0, 144.5], [467.5, 144.0], [468.5, 144.0], [469.0, 143.5], [469.5, 143.0], [470.0, 143.5], [470.5, 144.0], [471.0, 144.5], [471.5, 145.0], [472.0, 145.5], [472.0, 146.5], [472.0, 147.5], [472.5, 148.0], [473.0, 148.5], [473.0, 149.5], [473.0, 150.5], [473.0, 151.5], [473.0, 152.5], [473.0, 153.5], [472.5, 154.0], [472.0, 154.5], [471.5, 155.0], [471.0, 155.5], [470.5, 156.0]]]}, "properties": {"objectType": "detection", "name": "label_388", "label_id": 388}}, {"type": "Feature", "geometry": {"type": "Polygon", "coordinates": [[[249.5, 160.0], [248.5, 160.0], [248.0, 159.5], [247.5, 159.0], [246.5, 159.0], [245.5, 159.0], [245.0, 158.5], [244.5, 158.0], [244.0, 157.5], [243.5, 157.0], [243.0, 156.5], [242.5, 156.0], [242.0, 155.5], [242.0, 154.5], [242.0, 153.5], [242.0, 152.5], [242.0, 151.5], [242.5, 151.0], [243.0, 150.5], [243.5, 150.0], [244.0, 149.5], [244.5, 149.0], [245.0, 148.5], [245.5, 148.0], [246.5, 148.0], [247.5, 148.0], [248.0, 148.5], [248.5, 149.0], [249.0, 149.5], [249.5, 150.0], [250.0, 150.5], [250.5, 151.0], [251.0, 151.5], [251.5, 152.0], [252.0, 152.5], [252.0, 153.5], [252.5, 154.0], [253.0, 154.5], [253.0, 155.5], [252.5, 156.0], [252.0, 156.5], [251.5, 157.0], [251.0, 157.5], [250.5, 158.0], [250.0, 158.5], [250.0, 159.5], [249.5, 160.0]]]}, "properties": {"objectType": "detection", "name": "label_389", "label_id": 389}}, {"type": "Feature", "geometry": {"type": "Polygon", "coordinates": [[[894.5, 582.0], [893.5, 582.0], [892.5, 582.0], [892.0, 581.5], [891.5, 581.0], [890.5, 581.0], [890.0, 580.5], [889.5, 580.0], [888.5, 580.0], [888.0, 579.5], [887.5, 579.0], [887.0, 578.5], [886.5, 578.0], [886.0, 577.5], [886.0, 576.5], [886.0, 575.5], [886.0, 574.5], [886.0, 573.5], [886.5, 573.0], [887.0, 572.5], [887.5, 572.0], [888.5, 572.0], [889.0, 571.5], [889.5, 571.0], [890.5, 571.0], [891.5, 571.0], [892.5, 571.0], [893.5, 571.0], [894.0, 571.5], [894.5, 572.0], [895.0, 572.5], [895.5, 573.0], [896.0, 573.5], [896.0, 574.5], [896.0, 575.5], [896.0, 576.5], [896.0, 577.5], [896.0, 578.5], [896.0, 579.5], [896.0, 580.5], [895.5, 581.0], [895.0, 581.5], [894.5, 582.0]]]}, "properties": {"objectType": "detection", "name": "label_390", "label_id": 390}}, {"type": "Feature", "geometry": {"type": "Polygon", "coordinates": [[[683.5, 80.0], [682.5, 80.0], [681.5, 80.0], [681.0, 79.5], [680.5, 79.0], [679.5, 79.0], [678.5, 79.0], [678.0, 78.5], [677.5, 78.0], [676.5, 78.0], [675.5, 78.0], [675.0, 77.5], [674.5, 77.0], [674.0, 76.5], [673.5, 76.0], [672.5, 76.0], [672.0, 75.5], [671.5, 75.0], [671.0, 74.5], [670.5, 74.0], [669.5, 74.0], [669.0, 73.5], [668.5, 73.0], [668.0, 72.5], [667.5, 72.0], [667.0, 71.5], [666.5, 71.0], [665.5, 71.0], [665.0, 70.5], [664.5, 70.0], [664.0, 69.5], [664.0, 68.5], [664.5, 68.0], [665.5, 68.0], [666.5, 68.0], [667.5, 68.0], [668.5, 68.0], [669.0, 68.5], [669.5, 69.0], [670.5, 69.0], [671.0, 69.5], [671.5, 70.0], [672.5, 70.0], [673.0, 70.5], [673.5, 71.0], [674.5, 71.0], [675.0, 71.5], [675.5, 72.0], [676.0, 72.5], [676.5, 73.0], [677.0, 73.5], [677.5, 74.0], [678.5, 74.0], [679.0, 74.5], [679.5, 75.0], [680.5, 75.0], [681.0, 75.5], [681.5, 76.0], [682.0, 76.5], [682.5, 77.0], [683.5, 77.0], [684.0, 77.5], [684.0, 78.5], [684.0, 79.5], [683.5, 80.0]]]}, "properties": {"objectType": "detection", "name": "label_391", "label_id": 391}}, {"type": "Feature", "geometry": {"type": "Polygon", "coordinates": [[[12.5, 698.0], [11.5, 698.0], [10.5, 698.0], [10.0, 697.5], [10.0, 696.5], [10.0, 695.5], [9.5, 695.0], [9.0, 694.5], [9.0, 693.5], [9.0, 692.5], [9.0, 691.5], [9.0, 690.5], [9.0, 689.5], [9.0, 688.5], [9.0, 687.5], [9.0, 686.5], [9.5, 686.0], [10.0, 685.5], [10.5, 685.0], [11.0, 684.5], [11.5, 684.0], [12.5, 684.0], [13.5, 684.0], [14.0, 684.5], [14.5, 685.0], [15.5, 685.0], [16.0, 685.5], [16.0, 686.5], [16.5, 687.0], [17.0, 687.5], [17.0, 688.5], [17.0, 689.5], [17.0, 690.5], [17.0, 691.5], [16.5, 692.0], [16.0, 692.5], [16.0, 693.5], [15.5, 694.0], [14.5, 694.0], [14.0, 694.5], [14.0, 695.5], [13.5, 696.0], [13.0, 696.5], [13.0, 697.5], [12.5, 698.0]]]}, "properties": {"objectType": "detection", "name": "label_392", "label_id": 392}}, {"type": "Feature", "geometry": {"type": "Polygon", "coordinates": [[[54.5, 154.0], [53.5, 154.0], [52.5, 154.0], [51.5, 154.0], [51.0, 153.5], [50.5, 153.0], [49.5, 153.0], [49.0, 152.5], [48.5, 152.0], [47.5, 152.0], [47.0, 151.5], [46.5, 151.0], [46.0, 150.5], [45.5, 150.0], [44.5, 150.0], [44.0, 149.5], [43.5, 149.0], [43.0, 148.5], [43.0, 147.5], [43.5, 147.0], [44.0, 146.5], [44.5, 146.0], [45.0, 145.5], [45.5, 145.0], [46.5, 145.0], [47.0, 144.5], [47.5, 144.0], [48.5, 144.0], [49.5, 144.0], [50.5, 144.0], [51.0, 144.5], [51.5, 145.0], [52.0, 145.5], [52.5, 146.0], [53.0, 146.5], [53.5, 147.0], [54.0, 147.5], [54.5, 148.0], [55.0, 148.5], [55.0, 149.5], [55.5, 150.0], [56.0, 150.5], [56.0, 151.5], [56.0, 152.5], [55.5, 153.0], [55.0, 153.5], [54.5, 154.0]]]}, "properties": {"objectType": "detection", "name": "label_393", "label_id": 393}}, {"type": "Feature", "geometry": {"type": "Polygon", "coordinates": [[[507.5, 35.0], [506.5, 35.0], [506.0, 34.5], [505.5, 34.0], [505.0, 33.5], [504.5, 33.0], [503.5, 33.0], [503.0, 32.5], [502.5, 32.0], [502.0, 31.5], [501.5, 31.0], [500.5, 31.0], [500.0, 30.5], [499.5, 30.0], [499.0, 29.5], [498.5, 29.0], [497.5, 29.0], [497.0, 28.5], [496.5, 28.0], [496.0, 27.5], [495.5, 27.0], [494.5, 27.0], [494.0, 26.5], [493.5, 26.0], [493.0, 25.5], [493.0, 24.5], [493.5, 24.0], [494.5, 24.0], [495.0, 23.5], [495.5, 23.0], [496.5, 23.0], [497.0, 23.5], [497.5, 24.0], [498.5, 24.0], [499.5, 24.0], [500.0, 24.5], [500.5, 25.0], [501.5, 25.0], [502.0, 25.5], [502.5, 26.0], [503.5, 26.0], [504.0, 26.5], [504.5, 27.0], [505.5, 27.0], [506.0, 27.5], [506.5, 28.0], [507.0, 28.5], [507.0, 29.5], [507.5, 30.0], [508.0, 30.5], [508.0, 31.5], [508.5, 32.0], [509.0, 32.5], [509.0, 33.5], [508.5, 34.0], [508.0, 34.5], [507.5, 35.0]]]}, "properties": {"objectType": "detection", "name": "label_394", "label_id": 394}}, {"type": "Feature", "geometry": {"type": "Polygon", "coordinates": [[[171.5, 407.0], [170.5, 407.0], [169.5, 407.0], [169.0, 406.5], [168.5, 406.0], [167.5, 406.0], [167.0, 405.5], [166.5, 405.0], [166.0, 404.5], [165.5, 404.0], [165.0, 403.5], [165.0, 402.5], [165.0, 401.5], [165.0, 400.5], [165.0, 399.5], [165.0, 398.5], [165.0, 397.5], [165.0, 396.5], [165.0, 395.5], [165.5, 395.0], [166.5, 395.0], [167.5, 395.0], [168.5, 395.0], [169.5, 395.0], [170.0, 395.5], [170.5, 396.0], [171.0, 396.5], [171.5, 397.0], [172.0, 397.5], [172.5, 398.0], [173.0, 398.5], [173.0, 399.5], [173.0, 400.5], [173.0, 401.5], [173.0, 402.5], [173.0, 403.5], [173.0, 404.5], [173.0, 405.5], [172.5, 406.0], [172.0, 406.5], [171.5, 407.0]]]}, "properties": {"objectType": "detection", "name": "label_395", "label_id": 395}}, {"type": "Feature", "geometry": {"type": "Polygon", "coordinates": [[[687.5, 491.0], [686.5, 491.0], [685.5, 491.0], [684.5, 491.0], [683.5, 491.0], [683.0, 490.5], [683.0, 489.5], [682.5, 489.0], [682.0, 488.5], [682.0, 487.5], [682.0, 486.5], [682.5, 486.0], [683.0, 485.5], [683.0, 484.5], [683.0, 483.5], [683.5, 483.0], [684.0, 482.5], [684.0, 481.5], [684.5, 481.0], [685.0, 480.5], [685.5, 480.0], [686.5, 480.0], [687.0, 479.5], [687.5, 479.0], [688.0, 479.5], [688.5, 480.0], [689.5, 480.0], [690.0, 480.5], [690.5, 481.0], [691.0, 481.5], [691.0, 482.5], [691.0, 483.5], [691.5, 484.0], [692.0, 484.5], [691.5, 485.0], [691.0, 485.5], [691.0, 486.5], [691.0, 487.5], [690.5, 488.0], [690.0, 488.5], [689.5, 489.0], [689.0, 489.5], [688.5, 490.0], [688.0, 490.5], [687.5, 491.0]]]}, "properties": {"objectType": "detection", "name": "label_396", "label_id": 396}}, {"type": "Feature", "geometry": {"type": "Polygon", "coordinates": [[[19.5, 457.0], [18.5, 457.0], [17.5, 457.0], [16.5, 457.0], [15.5, 457.0], [14.5, 457.0], [13.5, 457.0], [13.0, 456.5], [12.5, 456.0], [12.0, 455.5], [12.0, 454.5], [12.5, 454.0], [13.0, 453.5], [13.5, 453.0], [14.0, 452.5], [14.0, 451.5], [14.5, 451.0], [15.0, 450.5], [15.5, 450.0], [16.0, 449.5], [16.0, 448.5], [16.5, 448.0], [17.5, 448.0], [18.0, 447.5], [18.5, 447.0], [19.5, 447.0], [20.0, 446.5], [20.5, 446.0], [21.5, 446.0], [22.0, 446.5], [22.5, 447.0], [23.0, 447.5], [23.0, 448.5], [23.0, 449.5], [23.0, 450.5], [23.0, 451.5], [22.5, 452.0], [22.0, 452.5], [22.0, 453.5], [22.0, 454.5], [21.5, 455.0], [21.0, 455.5], [20.5, 456.0], [20.0, 456.5], [19.5, 457.0]]]}, "properties": {"objectType": "detection", "name": "label_397", "label_id": 397}}, {"type": "Feature", "geometry": {"type": "Polygon", "coordinates": [[[159.5, 721.0], [158.5, 721.0], [157.5, 721.0], [157.0, 720.5], [156.5, 720.0], [155.5, 720.0], [155.0, 719.5], [154.5, 719.0], [154.0, 718.5], [153.5, 718.0], [152.5, 718.0], [152.0, 717.5], [151.5, 717.0], [150.5, 717.0], [150.0, 716.5], [149.5, 716.0], [149.0, 715.5], [149.0, 714.5], [149.0, 713.5], [149.5, 713.0], [150.0, 712.5], [150.5, 712.0], [151.5, 712.0], [152.5, 712.0], [153.5, 712.0], [154.5, 712.0], [155.5, 712.0], [156.5, 712.0], [157.0, 712.5], [157.5, 713.0], [158.5, 713.0], [159.0, 713.5], [159.5, 714.0], [160.0, 714.5], [160.0, 715.5], [160.5, 716.0], [161.5, 716.0], [162.5, 716.0], [163.0, 716.5], [163.0, 717.5], [162.5, 718.0], [162.0, 718.5], [161.5, 719.0], [161.0, 719.5], [160.5, 720.0], [160.0, 720.5], [159.5, 721.0]]]}, "properties": {"objectType": "detection", "name": "label_398", "label_id": 398}}, {"type": "Feature", "geometry": {"type": "Polygon", "coordinates": [[[39.5, 185.0], [38.5, 185.0], [37.5, 185.0], [37.0, 184.5], [36.5, 184.0], [36.0, 183.5], [35.5, 183.0], [35.0, 182.5], [34.5, 182.0], [34.0, 181.5], [33.5, 181.0], [33.0, 180.5], [33.0, 179.5], [32.5, 179.0], [32.0, 178.5], [32.0, 177.5], [32.0, 176.5], [32.5, 176.0], [33.0, 175.5], [33.0, 174.5], [33.5, 174.0], [34.0, 173.5], [34.5, 173.0], [35.5, 173.0], [36.5, 173.0], [37.0, 173.5], [37.5, 174.0], [38.0, 174.5], [38.5, 175.0], [39.0, 175.5], [39.5, 176.0], [40.0, 176.5], [40.0, 177.5], [40.5, 178.0], [41.0, 178.5], [41.0, 179.5], [41.0, 180.5], [41.0, 181.5], [41.0, 182.5], [41.0, 183.5], [40.5, 184.0], [40.0, 184.5], [39.5, 185.0]]]}, "properties": {"objectType": "detection", "name": "label_399", "label_id": 399}}, {"type": "Feature", "geometry": {"type": "Polygon", "coordinates": [[[170.5, 229.0], [169.5, 229.0], [168.5, 229.0], [167.5, 229.0], [166.5, 229.0], [166.0, 228.5], [165.5, 228.0], [165.0, 227.5], [165.0, 226.5], [164.5, 226.0], [164.0, 225.5], [164.0, 224.5], [164.0, 223.5], [164.0, 222.5], [164.5, 222.0], [165.0, 221.5], [165.0, 220.5], [165.5, 220.0], [166.0, 219.5], [166.0, 218.5], [166.5, 218.0], [167.5, 218.0], [168.5, 218.0], [169.5, 218.0], [170.0, 218.5], [170.0, 219.5], [170.0, 220.5], [170.5, 221.0], [171.0, 221.5], [171.5, 222.0], [172.0, 222.5], [172.5, 223.0], [173.0, 223.5], [173.0, 224.5], [173.0, 225.5], [173.0, 226.5], [172.5, 227.0], [172.0, 227.5], [171.5, 228.0], [171.0, 228.5], [170.5, 229.0]]]}, "properties": {"objectType": "detection", "name": "label_400", "label_id": 400}}, {"type": "Feature", "geometry": {"type": "Polygon", "coordinates": [[[95.5, 733.0], [94.5, 733.0], [93.5, 733.0], [92.5, 733.0], [91.5, 733.0], [91.0, 732.5], [90.5, 732.0], [90.0, 731.5], [89.5, 731.0], [89.0, 730.5], [89.0, 729.5], [89.0, 728.5], [89.5, 728.0], [90.0, 727.5], [90.0, 726.5], [90.0, 725.5], [90.5, 725.0], [91.0, 724.5], [91.5, 724.0], [92.5, 724.0], [93.0, 723.5], [93.5, 723.0], [94.5, 723.0], [95.0, 723.5], [95.5, 724.0], [96.0, 724.5], [96.5, 725.0], [97.5, 725.0], [98.0, 725.5], [98.0, 726.5], [98.0, 727.5], [98.5, 728.0], [99.0, 728.5], [99.0, 729.5], [99.0, 730.5], [98.5, 731.0], [98.0, 731.5], [97.5, 732.0], [96.5, 732.0], [96.0, 732.5], [95.5, 733.0]]]}, "properties": {"objectType": "detection", "name": "label_401", "label_id": 401}}, {"type": "Feature", "geometry": {"type": "Polygon", "coordinates": [[[699.5, 255.0], [698.5, 255.0], [697.5, 255.0], [696.5, 255.0], [696.0, 254.5], [695.5, 254.0], [695.0, 253.5], [694.5, 253.0], [694.0, 252.5], [693.5, 252.0], [693.0, 251.5], [693.0, 250.5], [693.5, 250.0], [694.0, 249.5], [694.0, 248.5], [694.5, 248.0], [695.0, 247.5], [695.5, 247.0], [696.5, 247.0], [697.0, 246.5], [697.5, 246.0], [698.0, 245.5], [698.5, 245.0], [699.5, 245.0], [700.5, 245.0], [701.0, 245.5], [701.5, 246.0], [702.0, 246.5], [702.0, 247.5], [702.5, 248.0], [703.0, 248.5], [703.0, 249.5], [703.0, 250.5], [703.0, 251.5], [702.5, 252.0], [702.0, 252.5], [701.5, 253.0], [701.0, 253.5], [700.5, 254.0], [700.0, 254.5], [699.5, 255.0]]]}, "properties": {"objectType": "detection", "name": "label_402", "label_id": 402}}, {"type": "Feature", "geometry": {"type": "Polygon", "coordinates": [[[64.5, 578.0], [63.5, 578.0], [62.5, 578.0], [61.5, 578.0], [60.5, 578.0], [59.5, 578.0], [58.5, 578.0], [57.5, 578.0], [56.5, 578.0], [56.0, 577.5], [55.5, 577.0], [54.5, 577.0], [54.0, 576.5], [53.5, 576.0], [53.0, 575.5], [52.5, 575.0], [52.0, 574.5], [52.5, 574.0], [53.5, 574.0], [54.5, 574.0], [55.5, 574.0], [56.0, 573.5], [56.5, 573.0], [57.5, 573.0], [58.5, 573.0], [59.5, 573.0], [60.5, 573.0], [61.5, 573.0], [62.5, 573.0], [63.5, 573.0], [64.0, 572.5], [64.5, 572.0], [65.5, 572.0], [66.5, 572.0], [67.5, 572.0], [68.0, 572.5], [68.5, 573.0], [69.0, 573.5], [69.0, 574.5], [68.5, 575.0], [68.0, 575.5], [67.5, 576.0], [67.0, 576.5], [66.5, 577.0], [65.5, 577.0], [65.0, 577.5], [64.5, 578.0]]]}, "properties": {"objectType": "detection", "name": "label_403", "label_id": 403}}, {"type": "Feature", "geometry": {"type": "Polygon", "coordinates": [[[190.5, 105.0], [189.5, 105.0], [188.5, 105.0], [187.5, 105.0], [186.5, 105.0], [185.5, 105.0], [184.5, 105.0], [184.0, 104.5], [183.5, 104.0], [183.0, 103.5], [183.0, 102.5], [183.5, 102.0], [184.0, 101.5], [184.5, 101.0], [185.0, 100.5], [185.5, 100.0], [186.0, 99.5], [186.5, 99.0], [187.0, 98.5], [187.5, 98.0], [188.5, 98.0], [189.0, 97.5], [189.5, 97.0], [190.5, 97.0], [191.5, 97.0], [192.5, 97.0], [193.0, 97.5], [193.5, 98.0], [194.0, 98.5], [194.5, 99.0], [195.0, 99.5], [195.0, 100.5], [195.0, 101.5], [194.5, 102.0], [194.0, 102.5], [193.5, 103.0], [193.0, 103.5], [192.5, 104.0], [191.5, 104.0], [191.0, 104.5], [190.5, 105.0]]]}, "properties": {"objectType": "detection", "name": "label_404", "label_id": 404}}, {"type": "Feature", "geometry": {"type": "Polygon", "coordinates": [[[406.5, 146.0], [405.5, 146.0], [404.5, 146.0], [403.5, 146.0], [403.0, 145.5], [403.0, 144.5], [403.0, 143.5], [403.0, 142.5], [403.0, 141.5], [403.5, 141.0], [404.0, 140.5], [404.5, 140.0], [405.0, 139.5], [405.0, 138.5], [405.5, 138.0], [406.0, 137.5], [406.0, 136.5], [406.5, 136.0], [407.0, 135.5], [407.5, 135.0], [408.5, 135.0], [409.0, 135.5], [409.5, 136.0], [410.0, 136.5], [410.5, 137.0], [411.0, 137.5], [411.0, 138.5], [411.5, 139.0], [412.0, 139.5], [412.0, 140.5], [412.0, 141.5], [411.5, 142.0], [411.0, 142.5], [411.0, 143.5], [410.5, 144.0], [410.0, 144.5], [409.5, 145.0], [408.5, 145.0], [407.5, 145.0], [407.0, 145.5], [406.5, 146.0]]]}, "properties": {"objectType": "detection", "name": "label_405", "label_id": 405}}, {"type": "Feature", "geometry": {"type": "Polygon", "coordinates": [[[238.5, 187.0], [237.5, 187.0], [236.5, 187.0], [236.0, 186.5], [235.5, 186.0], [235.0, 185.5], [235.0, 184.5], [234.5, 184.0], [234.0, 183.5], [234.0, 182.5], [234.0, 181.5], [234.0, 180.5], [234.0, 179.5], [234.5, 179.0], [235.0, 178.5], [235.5, 178.0], [236.0, 177.5], [236.5, 177.0], [237.5, 177.0], [238.5, 177.0], [239.0, 177.5], [239.5, 178.0], [240.0, 178.5], [240.5, 179.0], [241.0, 179.5], [241.0, 180.5], [241.0, 181.5], [241.0, 182.5], [241.0, 183.5], [240.5, 184.0], [240.0, 184.5], [240.0, 185.5], [239.5, 186.0], [239.0, 186.5], [238.5, 187.0]]]}, "properties": {"objectType": "detection", "name": "label_406", "label_id": 406}}, {"type": "Feature", "geometry": {"type": "Polygon", "coordinates": [[[35.5, 767.0], [34.5, 767.0], [33.5, 767.0], [32.5, 767.0], [32.0, 766.5], [31.5, 766.0], [30.5, 766.0], [29.5, 766.0], [28.5, 766.0], [27.5, 766.0], [26.5, 766.0], [25.5, 766.0], [24.5, 766.0], [24.0, 765.5], [24.0, 764.5], [24.5, 764.0], [25.0, 763.5], [25.5, 763.0], [26.5, 763.0], [27.0, 762.5], [27.5, 762.0], [28.5, 762.0], [29.0, 761.5], [29.5, 761.0], [30.5, 761.0], [31.5, 761.0], [32.5, 761.0], [33.0, 761.5], [33.5, 762.0], [34.5, 762.0], [35.0, 762.5], [35.5, 763.0], [36.0, 763.5], [36.0, 764.5], [36.0, 765.5], [36.0, 766.5], [35.5, 767.0]]]}, "properties": {"objectType": "detection", "name": "label_407", "label_id": 407}}, {"type": "Feature", "geometry": {"type": "Polygon", "coordinates": [[[772.5, 125.0], [771.5, 125.0], [770.5, 125.0], [770.0, 124.5], [769.5, 124.0], [768.5, 124.0], [768.0, 123.5], [767.5, 123.0], [766.5, 123.0], [766.0, 122.5], [765.5, 122.0], [764.5, 122.0], [764.0, 121.5], [763.5, 121.0], [763.0, 120.5], [762.5, 120.0], [761.5, 120.0], [761.0, 119.5], [760.5, 119.0], [759.5, 119.0], [759.0, 118.5], [759.0, 117.5], [759.0, 116.5], [759.5, 116.0], [760.0, 116.5], [760.5, 117.0], [761.5, 117.0], [762.5, 117.0], [763.0, 117.5], [763.5, 118.0], [764.5, 118.0], [765.0, 118.5], [765.5, 119.0], [766.5, 119.0], [767.0, 119.5], [767.5, 120.0], [768.5, 120.0], [769.0, 120.5], [769.5, 121.0], [770.0, 121.5], [770.5, 122.0], [771.5, 122.0], [772.0, 122.5], [772.5, 123.0], [773.0, 123.5], [773.0, 124.5], [772.5, 125.0]]]}, "properties": {"objectType": "detection", "name": "label_408", "label_id": 408}}, {"type": "Feature", "geometry": {"type": "Polygon", "coordinates": [[[0.5, 24.0], [0.0, 23.5], [0.0, 22.5], [0.5, 22.0], [1.0, 21.5], [1.0, 20.5], [1.0, 19.5], [1.0, 18.5], [1.0, 17.5], [0.5, 17.0], [0.0, 16.5], [0.0, 15.5], [0.0, 14.5], [0.0, 13.5], [0.0, 12.5], [0.0, 11.5], [0.0, 10.5], [0.0, 9.5], [0.5, 9.0], [1.0, 9.5], [1.5, 10.0], [2.0, 10.5], [2.0, 11.5], [2.5, 12.0], [3.0, 12.5], [3.0, 13.5], [3.0, 14.5], [3.5, 15.0], [4.0, 15.5], [4.0, 16.5], [4.0, 17.5], [4.0, 18.5], [3.5, 19.0], [3.0, 19.5], [3.0, 20.5], [3.0, 21.5], [2.5, 22.0], [2.0, 22.5], [1.5, 23.0], [1.0, 23.5], [0.5, 24.0]]]}, "properties": {"objectType": "detection", "name": "label_409", "label_id": 409}}, {"type": "Feature", "geometry": {"type": "Polygon", "coordinates": [[[446.5, 574.0], [445.5, 574.0], [444.5, 574.0], [443.5, 574.0], [443.0, 573.5], [443.0, 572.5], [443.0, 571.5], [443.5, 571.0], [444.0, 570.5], [444.0, 569.5], [444.5, 569.0], [445.0, 568.5], [445.5, 568.0], [446.5, 568.0], [447.0, 567.5], [447.5, 567.0], [448.0, 567.5], [448.0, 568.5], [448.0, 569.5], [448.5, 570.0], [449.0, 570.5], [449.0, 571.5], [449.0, 572.5], [448.5, 573.0], [447.5, 573.0], [447.0, 573.5], [446.5, 574.0]]]}, "properties": {"objectType": "detection", "name": "label_410", "label_id": 410}}]}