original_shape_MeshVolume,original_shape_VoxelVolume,original_shape_SurfaceArea,original_shape_SurfaceVolumeRatio,original_shape_Sphericity,original_shape_Compactness1,original_shape_Compactness2,original_shape_SphericalDisproportion,original_shape_Maximum3DDiameter,original_shape_Maximum2DDiameterSlice,original_shape_Maximum2DDiameterColumn,original_shape_Maximum2DDiameterRow,original_shape_MajorAxisLength,original_shape_MinorAxisLength,original_shape_LeastAxisLength,original_shape_Elongation,original_shape_Flatness,original_shape2D_MeshSurface,original_shape2D_PixelSurface,original_shape2D_Perimeter,original_shape2D_PerimeterSurfaceRatio,original_shape2D_Sphericity,original_shape2D_SphericalDisproportion,original_shape2D_MaximumDiameter,original_shape2D_MajorAxisLength,original_shape2D_MinorAxisLength,original_shape2D_Elongation,original_firstorder_Energy,original_firstorder_TotalEnergy,original_firstorder_Entropy,original_firstorder_Minimum,original_firstorder_10Percentile,original_firstorder_90Percentile,original_firstorder_Maximum,original_firstorder_Mean,original_firstorder_Median,original_firstorder_InterquartileRange,original_firstorder_Range,original_firstorder_MeanAbsoluteDeviation,original_firstorder_RobustMeanAbsoluteDeviation,original_firstorder_RootMeanSquared,original_firstorder_StandardDeviation,original_firstorder_Skewness,original_firstorder_Kurtosis,original_firstorder_Variance,original_firstorder_Uniformity,original_glcm_Autocorrelation,original_glcm_ClusterProminence,original_glcm_ClusterShade,original_glcm_ClusterTendency,original_glcm_Contrast,original_glcm_Correlation,original_glcm_DifferenceAverage,original_glcm_DifferenceEntropy,original_glcm_DifferenceVariance,original_glcm_Id,original_glcm_Idm,original_glcm_Idmn,original_glcm_Idn,original_glcm_Imc1,original_glcm_Imc2,original_glcm_InverseVariance,original_glcm_JointAverage,original_glcm_JointEnergy,original_glcm_JointEntropy,original_glcm_MCC,original_glcm_MaximumProbability,original_glcm_SumAverage,original_glcm_SumEntropy,original_glcm_SumSquares,original_glrlm_GrayLevelNonUniformity,original_glrlm_GrayLevelNonUniformityNormalized,original_glrlm_GrayLevelVariance,original_glrlm_HighGrayLevelRunEmphasis,original_glrlm_LongRunEmphasis,original_glrlm_LongRunHighGrayLevelEmphasis,original_glrlm_LongRunLowGrayLevelEmphasis,original_glrlm_LowGrayLevelRunEmphasis,original_glrlm_RunEntropy,original_glrlm_RunLengthNonUniformity,original_glrlm_RunLengthNonUniformityNormalized,original_glrlm_RunPercentage,original_glrlm_RunVariance,original_glrlm_ShortRunEmphasis,original_glrlm_ShortRunHighGrayLevelEmphasis,original_glrlm_ShortRunLowGrayLevelEmphasis,original_glszm_GrayLevelNonUniformity,original_glszm_GrayLevelNonUniformityNormalized,original_glszm_GrayLevelVariance,original_glszm_HighGrayLevelZoneEmphasis,original_glszm_LargeAreaEmphasis,original_glszm_LargeAreaHighGrayLevelEmphasis,original_glszm_LargeAreaLowGrayLevelEmphasis,original_glszm_LowGrayLevelZoneEmphasis,original_glszm_SizeZoneNonUniformity,original_glszm_SizeZoneNonUniformityNormalized,original_glszm_SmallAreaEmphasis,original_glszm_SmallAreaHighGrayLevelEmphasis,original_glszm_SmallAreaLowGrayLevelEmphasis,original_glszm_ZoneEntropy,original_glszm_ZonePercentage,original_glszm_ZoneVariance,original_ngtdm_Busyness,original_ngtdm_Coarseness,original_ngtdm_Complexity,original_ngtdm_Contrast,original_ngtdm_Strength,original_gldm_DependenceEntropy,original_gldm_DependenceNonUniformity,original_gldm_DependenceNonUniformityNormalized,original_gldm_DependenceVariance,original_gldm_GrayLevelNonUniformity,original_gldm_GrayLevelVariance,original_gldm_HighGrayLevelEmphasis,original_gldm_LargeDependenceEmphasis,original_gldm_LargeDependenceHighGrayLevelEmphasis,original_gldm_LargeDependenceLowGrayLevelEmphasis,original_gldm_LowGrayLevelEmphasis,original_gldm_SmallDependenceEmphasis,original_gldm_SmallDependenceHighGrayLevelEmphasis,original_gldm_SmallDependenceLowGrayLevelEmphasis,index,ObjectID,NumPixels_pyrad
241.41666666666666,257.0,542.9382096655181,2.248967385566523,0.34533867423636844,0.010766305599868112,0.04118467585654403,2.8957081109182288,26.1725046566048,26.1725046566048,26.0,13.0,25.24150153815122,13.915889720259447,0.0,0.5513099012444367,0.0,256.5,257.0,68.04163056034258,0.2652695148551368,0.8343992483006046,1.1984670432489835,26.1725046566048,25.24150153815122,13.915889720259443,0.5513099012444366,3200453.0,3200453.0,1.6807821784522146,81.0,86.0,136.4,158.0,109.94941634241245,107.0,31.0,77.0,16.25656709412709,12.81488074047704,111.59356842407486,19.08534410435198,0.43764043195505,2.211851970571915,364.25035958152284,0.3336159517933655,3.899784482758621,10.608655400011838,1.277702145414393,2.186932177095719,0.22521551724137928,0.8132655659766531,0.22090517241379312,0.775337300104802,0.17641642204221164,0.8902658045977011,0.889978448275862,0.986828093306288,0.9559626436781609,-0.4637900284579463,0.8800914065718183,0.2171336206896552,1.8464439655172415,0.2402488899004162,2.4671723929974516,0.8406834260959658,0.3308189655172414,3.692887931034483,2.23276968788503,0.6030369235842746,91.07260726072607,0.3005696609264887,0.811706913265584,6.194719471947194,19.353135313531354,62.336633663366335,11.626145947928128,0.3440823248991566,4.1937572236648615,53.052805280528055,0.1750917666024028,0.29474708171206226,7.842455532681982,0.37021489174503996,3.399981656237077,0.07025904455295881,3.0,0.3333333333333333,0.9876543209876543,10.666666666666666,2377.222222222222,8054.555555555556,1275.6782407407406,0.2037037037037037,2.3333333333333335,0.25925925925925924,0.45590151665642964,6.484900859858076,0.03412737530046226,2.641604167868591,0.03501945525291829,1561.8024691358023,3.5514736380314265,0.06060663910526319,1.1793927459545075,0.02447071599563209,0.3287855850965509,3.953397273117178,45.39688715953307,0.17664158427833881,3.9263274235794636,85.73929961089495,0.6807067480204091,4.330739299610895,48.04280155642024,157.37354085603113,27.59038586251621,0.48603004755728496,0.04689262197889676,0.41520675740392715,0.012606403420281501,0,1af83380-1bff-4f68-a6cd-9cdd22bad852,257
644.1666666666666,669.0,1383.2176232089066,2.1472977333126626,0.2607708901834088,0.007064599418345642,0.017732800519219927,3.834783856804979,39.81205847478876,39.81205847478876,21.0,36.0,39.35255062209488,22.233402024597417,0.0,0.5649799485198872,0.0,668.5,669.0,106.28427124746204,0.158989186608021,0.8623560979463913,1.1596137632486079,39.81205847478876,39.352550622094874,22.233402024597414,0.5649799485198871,8810946.0,8810946.0,0.9283468719960586,96.0,101.0,128.0,149.0,114.2660687593423,114.0,16.0,53.0,8.789224262167615,6.748680991735537,114.76202712550504,10.657785897662523,0.47250893691387064,2.7535992347240614,113.58840024041415,0.6444775125625334,4.349741961095673,1.6068997606180189,0.12700489430564504,0.539839419695743,0.166732830488289,0.5280515744996711,0.166732830488289,0.650176026550833,0.1389329937256525,0.9166335847558555,0.9166335847558555,0.9833267169511712,0.9583167923779279,-0.2376718136648695,0.5753755261804016,0.166732830488289,2.0631202858277096,0.5547985370729892,1.490617141075977,0.5361683093921282,0.7360063517268758,4.126240571655419,1.3238843105876887,0.176643062546008,232.09878682842287,0.4022509303785492,0.46177413202214285,5.911611785095321,49.60831889081456,206.17677642980937,12.699980743308299,0.2766223762757558,4.156542246096606,107.5372616984402,0.18637307053455843,0.2156203288490284,28.099300451447604,0.43276646436998584,3.1564926721783717,0.10974990262816982,5.769230769230769,0.4437869822485207,0.8994082840236686,5.538461538461538,21520.53846153846,87285.69230769231,5379.16452991453,0.4636752136752137,1.4615384615384615,0.11242603550295859,0.21045076075084287,1.068200750472918,0.11514509005144836,3.700439718141088,0.01943198804185351,18872.24852071006,8.31642545715226,0.019852718378577373,0.5524902044973997,0.0121486225289106,0.04433714426117798,2.846309263143791,188.07922272047833,0.28113486206349525,4.312994206376337,431.1554559043348,0.20429840848510034,4.633781763826607,57.23916292974589,238.5799701046338,15.21736422521176,0.26926590267397443,0.03270794354114341,0.189779177075248,0.009524349666096856,1,08524399-6f0c-434f-9bdb-5168182fd686,669
152.41666666666666,165.0,351.4249489554753,2.3056858324033374,0.3926508184263663,0.013052948888495465,0.06053680847566909,2.5467920938194344,19.924858845171276,19.924858845171276,19.0,10.0,20.43273532087409,10.610688316698404,0.0,0.5192984761985597,0.0,164.5,165.0,52.72792206135783,0.320534480616157,0.8622778426136737,1.1597190030638767,19.924858845171276,20.43273532087409,10.610688316698408,0.5192984761985598,1908005.0,1908005.0,1.2203766029638203,89.0,93.0,123.0,152.0,106.86666666666666,105.0,14.0,63.0,8.987474747474746,6.152593992858643,107.53449059100372,11.965877411298438,1.2047218293302513,4.717562228416328,143.1822222222222,0.509641873278237,3.376288659793814,3.1611447499709366,-0.05043910295079043,0.9950992548505567,0.18900343642611683,0.6807651265071651,0.1890034364261168,0.6993820649246034,0.15328113744523564,0.9054982817869416,0.9054982817869416,0.9888821507984638,0.9621993127147765,-0.35128666508121376,0.7461451795631944,0.1890034364261168,1.781786941580756,0.3833888357482788,1.9092152710823365,0.6887366410096069,0.5721649484536082,3.5635738831615114,1.7202118346562205,0.29602567281916836,74.56382978723404,0.39661611588954276,0.5145710728836578,4.367021276595745,18.095744680851062,61.744680851063826,7.787086288416075,0.41312056737588654,4.128196650372482,29.829787234042552,0.15866908103214125,0.28484848484848485,5.771163422363061,0.35053975937464904,2.0506557145382063,0.12956580079127217,2.5555555555555554,0.2839506172839506,1.0617283950617284,6.0,1482.7777777777778,5438.555555555556,503.28163580246917,0.4328703703703704,2.3333333333333335,0.25925925925925924,0.4863829827770157,3.4879547706142358,0.18759325941167504,3.169925001442309,0.05454545454545454,1146.6666666666665,1.706312825592487,0.07449902629880129,1.408106215675485,0.010893822301903111,0.49273376365800003,3.687948636970611,28.98787878787879,0.17568411386593205,4.443489439853076,84.0909090909091,0.32668503213957756,3.6545454545454548,49.61818181818182,163.9939393939394,22.159132996632994,0.43421717171717167,0.05539487753575055,0.31067443329744915,0.02227738290883132,2,1924d0b3-1f51-49bd-89cb-43ac045889db,165
370.9166666666667,390.0,814.7371995387409,2.1965505267276773,0.3064202604552966,0.00899860301969098,0.028770832734306955,3.2634917760142343,30.463092423455635,30.463092423455635,28.0,17.0,29.37071183608157,17.561001342795016,0.0,0.5979086050349497,0.0,389.5,390.0,82.04163056034264,0.21063319784426865,0.8527552065916587,1.1726694745105781,30.463092423455635,29.37071183608157,17.561001342795013,0.5979086050349496,8015764.0,8015764.0,0.7802917462071385,127.0,133.0,158.0,180.0,143.02051282051283,141.0,11.0,53.0,7.395213675213679,4.798832558642309,143.3640157976925,9.918363685535715,1.306440591466154,4.71952897797267,98.3739381985536,0.6761078238001316,1.4607366226546212,1.5486041954880545,0.7244961542249764,0.502585331389405,0.098679638637943,0.6717598943658567,0.09867963863794302,0.4647961191279838,0.08894196755622799,0.9506601806810284,0.9506601806810284,0.9901320361362057,0.9753300903405142,-0.3767540386909852,0.6300495019829674,0.09867963863794302,1.1660875608061154,0.6470915202965536,1.0895680711822704,0.6742551429489633,0.7949965253648367,2.332175121612231,0.990888432544328,0.150316242506837,121.81368821292776,0.46316991715942113,0.33156471829865986,3.079847908745247,71.98479087452472,82.95057034220532,69.32784114913393,0.5391846218842417,3.8926585358622194,40.361216730038024,0.15346470239558183,0.1685897435897436,36.80139947086122,0.35607621760427755,1.5993086644654342,0.09807756934483966,2.3333333333333335,0.3888888888888889,0.4722222222222222,5.166666666666667,16791.333333333332,18500.0,16365.648148148148,0.3287037037037037,2.0,0.3333333333333333,0.1257059000663053,0.9194851305084821,0.01985368504835366,2.2516291673878213,0.015384615384615385,12566.333333333332,5.6702579365079355,0.05731661657003089,0.36327629120299554,0.0064901676354667814,0.21771548135982183,2.247538376956671,159.3230769230769,0.4085207100591716,3.6476265614727152,263.6820512820513,0.18656147271531887,1.6512820512820512,62.18974358974359,78.31794871794872,58.20327635327635,0.8485754985754986,0.025803424052431988,0.07727560387877848,0.015784381944848214,3,91d341b3-3f2d-4855-b633-62f5adea028c,390
97.91666666666667,108.0,234.5541623125269,2.395446764042828,0.4380046562571371,0.015378605911095224,0.0840303518534713,2.283080752029575,17.029386365926403,17.029386365926403,17.0,9.0,16.408848959078384,9.013593885945742,0.0,0.5493129901082346,0.0,107.5,108.0,44.3847763108502,0.4128816401009321,0.828085401926363,1.2076049133020754,17.029386365926403,16.408848959078384,9.013593885945742,0.5493129901082348,1283182.0,1283182.0,1.5660443495612528,87.0,91.0,134.3,151.0,107.77777777777777,103.0,21.25,64.0,13.277777777777773,9.569731404958677,109.00144409508901,16.28697123773372,0.9515179742427524,2.981170578046986,265.2654320987655,0.37019890260630994,3.2098092643051768,7.875345487147596,1.4729007260099833,1.7230360311532493,0.2997275204359673,0.7036455198132459,0.29427792915531337,0.8930008316685598,0.21312802084802768,0.8537693006357857,0.8534059945504088,0.9824651386440135,0.9413260672116258,-0.31756963348444023,0.7790438915115053,0.2895095367847411,1.6893732970027246,0.2353607198806138,2.473332629249441,0.7097387533524262,0.3569482288828338,3.3787465940054493,2.165438419363894,0.5056908878973041,59.01162790697674,0.3430908599242834,0.6541373715521904,5.034883720930233,9.69767441860465,27.697674418604652,6.181201550387596,0.38695090439276486,3.727686226495009,42.616279069767444,0.24776906435911303,0.39814814814814814,3.3893996755002704,0.46233181246228044,3.1244879547964755,0.11058297211272534,1.8571428571428572,0.2653061224489796,1.0612244897959182,8.428571428571429,528.5714285714286,1468.142857142857,326.2281746031746,0.2638888888888889,1.2857142857142858,0.1836734693877551,0.32523943385203885,4.911513121898686,0.022734827842968548,2.5216406363433164,0.06481481481481481,290.53061224489795,2.104408835777657,0.09756811054277639,1.7717952072468004,0.027037383992128405,0.6126435883410174,3.9570332226187817,16.75925925925926,0.15517832647462276,4.021262002743484,39.98148148148148,0.575017146776406,3.7685185185185186,37.833333333333336,100.30555555555556,24.98341049382716,0.5245627572016461,0.06308919735589709,0.5170604738809105,0.017577631082439836,4,44269f58-838a-4792-955b-8ba29c22e58c,108
563.1666666666666,590.0,1228.5313317078896,2.1814702545863685,0.2684453270960357,0.007378747509401521,0.019344947054595468,3.725153314522969,46.87216658103186,46.87216658103186,46.0,16.0,49.47638638116273,15.448238215866636,0.0,0.3122345697774784,0.0,589.5,590.0,114.28427124746203,0.19386644825693305,0.7531133973163037,1.327821286360685,46.87216658103186,49.47638638116273,15.448238215866628,0.3122345697774782,6970960.0,6970960.0,1.5810124835492754,76.0,84.0,134.0,159.0,107.09152542372881,104.0,28.0,83.0,15.618546394714164,11.927041545427935,108.6976836950906,18.61697137283106,0.4304418015753976,2.337683310444625,346.5916230968112,0.3578454467107152,3.423550890004564,9.237152929584703,1.5847847724865975,1.9741721714969818,0.22044728434504796,0.7991020413509756,0.22044728434504793,0.7609833904372887,0.17185027916994156,0.8897763578274762,0.8897763578274762,0.9870325126855856,0.9559105431309906,-0.4325069115808284,0.8548061497436236,0.22044728434504793,1.7277498858968507,0.2518452838371822,2.37730600500734,0.8004974203672658,0.37836604290278414,3.4554997717937015,2.156858720662293,0.5486548639605073,221.05828220858896,0.33904644510519777,0.6310432270691407,5.314417177914111,27.717791411042946,72.3680981595092,19.34375,0.360535957736878,4.302318231471691,113.0521472392638,0.17339286386390154,0.27627118644067794,14.616056306221536,0.3648842241877053,2.5946909410472085,0.07723849051181662,4.2,0.42,0.69,9.1,12270.6,36460.0,7322.961805555557,0.20416666666666666,1.8,0.18,0.36026375256791854,3.4453509028732894,0.03862135725880482,2.8464393446710132,0.01694915254237288,8789.6,8.83136597762314,0.023928127552562944,1.3495511094350165,0.02144022584031056,0.1480742206544495,3.8751552847582182,120.90508474576271,0.20492387245044527,3.803286411950589,211.12881355932203,0.5993105429474289,3.8271186440677964,49.905084745762714,150.4677966101695,31.34673964218456,0.5299788135593221,0.03653895177028752,0.2192964940684372,0.012730649008749068,5,b9c9274d-be0e-4040-9780-da20d1d278b0,590
559.4166666666666,582.0,1207.078887373528,2.1577456649012867,0.27200198371367496,0.007525874710165267,0.020124088292428666,3.6764437756919373,38.63935817272331,38.63935817272331,18.0,38.0,39.84186478619431,18.851416285627973,0.0,0.47315597266321285,0.0,581.5,582.0,99.3553390593275,0.1708604283049484,0.8603765833246895,1.1622817489241444,38.63935817272331,39.8418647861943,18.85141628562797,0.47315597266321274,7913814.0,7913814.0,0.9272496427780443,89.0,103.0,129.89999999999998,148.0,116.10309278350516,115.0,12.75,59.0,8.307932121727424,5.578504155124654,116.60882709598374,10.848520765792182,0.6387282632340421,3.586158112005005,117.69040280582419,0.6324618273284445,4.593033913840514,1.6572156898161277,0.28216738530106517,0.5932130732154843,0.15719523373052247,0.5810407953230904,0.15719523373052244,0.6275572398750143,0.13248489222292884,0.9214023831347389,0.9214023831347389,0.9842804766269478,0.9607011915673694,-0.28059533407221016,0.622467346532825,0.15719523373052244,2.1175527039413384,0.5367029928227032,1.5017471574383268,0.5820006696276194,0.7199816681943172,4.235105407882677,1.344551923707805,0.1876020767365017,205.74846625766872,0.42075350972938386,0.4132635778538899,5.96319018404908,51.828220858895705,222.98568507157464,12.837991365598727,0.25681663258350373,4.176669168202688,81.78118609406953,0.16724168935392542,0.21005154639175258,29.163611727953633,0.3622054285260193,2.5707185052374055,0.08669688101636826,5.363636363636363,0.48760330578512395,0.7768595041322314,6.363636363636363,18690.363636363636,76412.81818181818,4640.35606060606,0.36616161616161613,1.1818181818181819,0.10743801652892562,0.14915586741381753,1.1472991245476651,0.03825087317573132,3.4594316186372938,0.018900343642611683,15890.991735537193,6.74752006802721,0.024643974765432845,0.5232957511369157,0.01101875231971435,0.05756108006072297,2.946747450454074,159.89347079037802,0.2747310494680035,3.863499486307436,368.0927835051546,0.20617671024196688,4.826460481099656,57.439862542955325,253.01546391752578,14.464251622756779,0.25338869797632685,0.030286997371813687,0.18223223430902205,0.0074794062738971386,6,34f21d73-12fd-4c51-8645-f4a5230c40ee,582
365.4166666666667,382.0,797.1377618765769,2.1814488352380668,0.3100818234841096,0.009160376857543404,0.029814595937443417,3.22495523524695,24.186773244895647,24.186773244895647,22.0,23.0,22.883889330291748,21.67444891859292,0.0,0.9471488262225655,0.0,381.5,382.0,75.35533905932738,0.1975238245329682,0.9188363646728355,1.0883330682673449,24.186773244895647,22.883889330291748,21.67444891859292,0.9471488262225655,5061968.0,5061968.0,1.7313049517065653,84.0,92.0,141.0,167.0,113.54973821989529,110.0,27.0,83.0,15.658342698939174,11.712049947970865,115.11396583772992,18.91248479400059,0.627093954196299,2.659259551138897,357.68208108330356,0.32847235547271186,4.294781382228491,14.416631567679659,1.7354148185777614,2.354087383449941,0.24118476727785615,0.8141352788683679,0.24118476727785615,0.7970049609617265,0.18301467531098248,0.879407616361072,0.879407616361072,0.9858126607483615,0.9517630465444289,-0.44113534941518645,0.8779990351780131,0.24118476727785615,1.9407616361071933,0.2191514101388356,2.603529052275863,0.8157361329714143,0.3455571227080395,3.8815232722143858,2.362344284998008,0.6488180376819495,138.28318584070797,0.30593625185997336,0.7755501605450701,6.442477876106195,18.809734513274336,68.20796460176992,10.21033062930187,0.3090892330383481,4.380672997891437,80.48672566371681,0.17806797713211683,0.29581151832460734,7.381744850810557,0.3414629394044049,3.0368768697135304,0.06306682001043357,2.142857142857143,0.30612244897959184,0.9795918367346939,9.142857142857142,6707.428571428572,26121.428571428572,2940.287698412699,0.24404761904761904,1.2857142857142858,0.1836734693877551,0.2919625442359353,3.6310092453488623,0.02548230007961034,2.807354922057602,0.01832460732984293,3729.3877551020405,5.766093474426809,0.03608352918686113,1.3063055581393483,0.027632553964987507,0.1955533366315876,4.028545963989854,65.86910994764398,0.1724322249938324,3.305474082399057,125.47643979057591,0.7065595789589101,4.769633507853404,47.30890052356021,176.17277486910996,24.517197498545666,0.43444589877835954,0.03607964877341279,0.2603254356571017,0.010772396515567637,7,0c6b777c-a4a9-4529-8ed8-e7709b270b75,382
706.6666666666666,729.0,1503.52520901792,2.1276300127612076,0.25518186930542536,0.0068387007262564435,0.01661687846425131,3.9187737072460553,34.20526275297414,34.20526275297414,30.0,30.0,33.22334501603636,27.975398067343743,0.0,0.8420403801555947,0.0,728.5,729.0,102.08326112068536,0.14012801801054958,0.9372709888868734,1.066927294087727,34.20526275297414,33.22334501603636,27.975398067343743,0.8420403801555948,11531669.0,11531669.0,1.2585344276649373,103.0,110.0,144.0,173.0,125.05212620027434,122.0,15.0,70.0,10.320524761920892,6.798273958624586,125.77152298717319,13.432859982285583,0.9654915192938898,3.73864548389582,180.44172730368945,0.45992123302492666,2.403686302855078,4.1688161530964996,1.1694149137601455,1.2452262447250881,0.14709071196241416,0.7887108804415314,0.14709071196241416,0.6025116669458833,0.12545503441680428,0.926454644018793,0.926454644018793,0.9852909288037587,0.9632273220093965,-0.47193628464844417,0.8223647941381883,0.14709071196241416,1.4591615468015902,0.3785476880509605,1.8259722268105947,0.7957744507806936,0.5381279363932057,2.9183230936031803,1.678881514848181,0.3480792391718756,204.79496402877697,0.3683362662388075,0.5149675223849697,4.156474820143885,50.780575539568346,93.98561151079137,40.96652677857714,0.45068944844124703,4.659506310589777,67.56115107913669,0.12151286165312354,0.1906721536351166,23.27470110242741,0.3162436114145979,1.9580792385816395,0.07598243532716291,3.0,0.42857142857142855,0.5306122448979591,6.428571428571429,34742.42857142857,66446.14285714286,27102.531746031746,0.2777777777777778,1.8571428571428572,0.2653061224489796,0.4326235621290548,3.1793093823641025,0.0679115786896284,2.5216406363433164,0.009602194787379973,23896.69387755102,19.875524376417232,0.024258120088390258,0.4388660424488984,0.019481767944111137,0.07112675322718813,3.2740462897572384,214.20438957475994,0.29383318185838125,3.4647195079039825,335.28257887517145,0.38717374082917955,2.635116598079561,59.33470507544582,126.73662551440329,43.999237921048625,0.667428745618046,0.028669588790146958,0.12406739659487225,0.013432000524642107,8,1fac7197-6051-4573-9e62-f4b62ae1c1f8,729
365.6666666666667,382.0,797.6770600497911,2.181432251731425,0.31001349824831004,0.009157349348113514,0.029794891714438786,3.225665997288398,25.317977802344327,25.317977802344327,20.0,24.0,24.84025372353525,19.837961803881395,0.0,0.7986215448792152,0.0,381.5,382.0,75.59797974644665,0.19815984206145912,0.9158872503231907,1.091837450130601,25.317977802344327,24.840253723535252,19.837961803881395,0.7986215448792151,3298589.0,3298589.0,1.8738205446464207,61.0,68.0,126.0,161.0,90.10732984293193,82.0,27.0,100.0,18.351210219018117,12.741103017689907,92.92496832509492,22.709444000172326,1.0984831231763248,3.375125231473156,515.7188467969628,0.3114497957841068,4.619887165021157,27.794658423418234,4.075226198477786,2.899093560329514,0.35754583921015515,0.7804203687637657,0.3377997179125529,0.9767170189862304,0.24343718978835485,0.8343911612599906,0.8330747531734838,0.9864053678921632,0.9441701927597554,-0.3667883644364662,0.8522256899145072,0.3205218617771509,1.9961212976022567,0.19685222835157884,2.8846627496469393,0.7830381982646687,0.3385049365303244,3.9922425952045133,2.5114887309129545,0.8141598498849171,148.36695652173913,0.2580294896030246,1.0982412098298675,7.786086956521739,12.900869565217391,48.288695652173914,6.682430917874397,0.2895642512077295,4.147564400710485,154.27304347826086,0.26830094517958414,0.3763089005235602,5.839141020793951,0.5225520149224778,5.41709221610001,0.08507121181005939,3.6153846153846154,0.2781065088757396,1.1597633136094676,12.615384615384615,3253.230769230769,11300.307692307691,1499.6398931623933,0.16427350427350426,1.6153846153846154,0.1242603550295858,0.214962650482017,3.055847862357486,0.01721534001691768,3.5465935642949344,0.034031413612565446,2389.7751479289946,4.087382326668041,0.03371513276541841,2.8063854358145135,0.02653042898271086,0.3503410646922275,4.103764658148181,54.73298429319372,0.14328006359474796,4.858529097338341,118.9738219895288,0.9471505715303857,5.37696335078534,40.73298429319372,140.0366492146597,21.948534758580568,0.42448007562536355,0.05284378301931593,0.4951174856941031,0.012566395825830816,9,b3ad7220-6542-4eeb-968b-5f8f9a2ff4b1,382
194.41666666666666,207.0,437.9676469170415,2.2527268594104153,0.3705650216653778,0.011967281628186712,0.05088540894527897,2.698581737439335,20.12461179749811,20.12461179749811,18.0,14.0,19.2360709145934,13.7894146201919,0.0,0.7168519330904832,0.0,206.5,207.0,56.04163056034258,0.2713880414544435,0.9089797268704104,1.100134546941954,20.12461179749811,19.236070914593405,13.7894146201919,0.7168519330904832,1830015.0,1830015.0,1.9458510474399604,60.0,66.0,126.80000000000001,160.0,90.97101449275362,85.0,32.0,100.0,19.22159210249948,13.660726165050244,94.0247423496233,23.76818663828298,0.9484815163629361,3.1027797872205363,564.9266960722535,0.2888515484608742,4.7600536193029495,32.83156517807414,4.700776028696495,3.3578926751432125,0.34986595174262736,0.8112790033279588,0.339142091152815,0.9583722898100814,0.23484859375112307,0.8322162645218943,0.8315013404825735,0.9866289530013297,0.9437316481552406,-0.39800177016990146,0.8779420474662871,0.3297587131367292,2.00201072386059,0.179842987443308,2.964655212912113,0.8161049462365507,0.29222520107238603,4.00402144772118,2.5954617338538197,0.92693965672146,85.76132930513594,0.2590976716167249,1.1245242376393059,8.09667673716012,10.604229607250755,38.507552870090635,6.3384877475662975,0.27088368580060423,4.030884079990291,92.15407854984895,0.2784111134436524,0.3997584541062802,4.346674455326257,0.5343697264068434,5.719219137134544,0.0763745059187936,3.4615384615384617,0.26627218934911245,1.3254437869822486,13.307692307692308,906.3846153846154,3302.5384615384614,462.42337606837606,0.16254273504273503,3.4615384615384617,0.26627218934911245,0.5051792849286788,7.990579954992816,0.03915370826897173,3.180832987205438,0.06280193236714976,652.8402366863907,2.1891253869969036,0.07318754751003236,2.4967738124916865,0.027817197559538452,0.6997111041274624,4.158456279997308,30.536231884057973,0.14751802842540082,4.748208826343672,59.792270531400966,1.0530467455483208,5.550724637681159,38.410628019323674,126.5072463768116,23.384514224369298,0.44078904991948464,0.07218127383356276,0.827213231195144,0.014034660261044836,10,5124ac6f-8340-42c2-947f-423327db6360,207
267.6666666666667,282.0,591.8206535892407,2.2110360657132277,0.3393830911180653,0.010489002243658344,0.03909044395306401,2.946522753109458,21.470910553583888,21.470910553583888,21.0,17.0,21.17659341890759,17.14226965723544,0.0,0.8094913718242287,0.0,281.5,282.0,64.28427124746186,0.2283633081614986,0.9252080582532024,1.080837970529575,21.470910553583888,21.17659341890759,17.14226965723544,0.8094913718242287,3285881.0,3285881.0,1.9264692054349304,68.0,78.0,136.0,163.0,105.54255319148936,102.0,35.0,95.0,18.92266485589256,14.224417318403228,107.94470938257207,22.64574462254624,0.47445423554557176,2.390592649541628,512.8297495095819,0.3029274181379206,7.621856866537717,23.30627442976571,2.4260701257203054,2.8886233627272353,0.3355899419729207,0.7918314266095802,0.32978723404255317,0.935655527178088,0.2268303222354829,0.8360735009671179,0.8356866537717601,0.9871388699341743,0.9451736207055356,-0.3856816818303512,0.8702859399040136,0.32470986460348156,2.642649903288201,0.1906120341652668,2.9641151357590063,0.800136503408822,0.3529980657640232,5.285299806576402,2.615735032578851,0.8060533261750391,112.42129629629629,0.26023448216735257,1.0892436128257885,11.219907407407407,12.75462962962963,86.43518518518519,2.7610725308641975,0.16433513374485595,4.008272753055644,111.31944444444444,0.2576838991769547,0.3829787234042553,5.93672839506173,0.487955823311896,7.145529209968033,0.05378708024165249,3.3636363636363638,0.30578512396694213,1.71900826446281,17.0,2159.818181818182,14724.272727272728,412.9974494949495,0.15896464646464648,1.7272727272727273,0.15702479338842976,0.31738586153790105,6.287863142803059,0.017177465206259585,3.095795255000931,0.03900709219858156,1502.5950413223143,2.206675857843137,0.04698309913517221,2.5148217667447783,0.026377282485933136,0.3698174438622837,3.998008689285132,44.723404255319146,0.1585936321110608,3.946280368190735,85.42553191489361,0.9224007846687792,8.51418439716312,39.184397163120565,243.6418439716312,9.291060874704492,0.20290681639085895,0.05352464031974755,0.7538675672856482,0.006942780535184917,11,faf064e1-9c66-4b04-952b-060ab9aefdf1,282
327.1666666666667,343.0,720.1199819058297,2.20107992431736,0.3188540679223735,0.009551835181292996,0.032417228794874096,3.136230961442382,27.459060435491963,27.459060435491963,22.0,20.0,27.469768264560344,16.46931332372211,0.0,0.5995432202087309,0.0,342.5,343.0,75.25483399593905,0.21972214305383664,0.8717677882818441,1.1470944596047614,27.459060435491963,27.469768264560344,16.469313323722105,0.5995432202087307,3667385.0,3667385.0,1.4493911151346714,75.0,82.0,131.0,150.0,101.75801749271137,97.0,27.5,75.0,15.31246334435482,11.754916984334038,103.4025364684298,18.368190549371025,0.7164880608440969,2.497069786020347,337.3904240580031,0.4024428596928152,2.8178939034045922,7.728114414690591,1.9510895667057626,1.7675004968125636,0.1979414093428345,0.7985782141686107,0.19477434679334918,0.7213490837452583,0.1600043631740587,0.903140670361573,0.9029295328582739,0.9884122770248241,0.9611506993929797,-0.4459009837865467,0.8397795125676939,0.1920031670625495,1.557403008709422,0.3241217701698065,2.1287495841802326,0.8103245347377539,0.5098970704671417,3.114806017418844,1.9216358738650159,0.4913604765388495,123.05099150141643,0.34858637819098137,0.5807445690118691,5.070821529745042,29.39943342776204,61.15014164305949,23.55217186024552,0.3729933899905571,4.096576335505883,66.0028328611898,0.18697686362943286,0.25728862973760935,14.29310884446549,0.41099154859173154,2.780771724767544,0.08055133425452438,1.0,0.25,1.25,7.5,11836.75,26159.25,9007.939236111111,0.3559027777777778,1.0,0.25,0.2501211286458274,4.000923899615737,0.01564816437146322,1.9999999999999987,0.011661807580174927,4483.6875,4.9483160205611485,0.05196140226533101,1.1153270313587087,0.016047788786384378,0.3436237935519201,3.5296109185874363,73.81049562682216,0.21519094934933575,4.031585478839599,138.03790087463557,0.5538678611802905,3.2099125364431487,52.21865889212828,119.08163265306122,39.39190557175251,0.6241699060576611,0.03287090246421428,0.1867418259550878,0.01319293401411963,12,68b5f44b-07fc-411a-9dc9-c9d1c77d2101,343
495.6666666666667,515.0,1070.5546462694417,2.1598278001400977,0.2829231119366481,0.007983650496961505,0.022646718354324476,3.53452919825058,31.906112267087632,31.906112267087632,29.0,23.0,31.87189298584426,21.098921100872992,0.0,0.6619914640854239,0.0,514.5,515.0,90.08326112068532,0.17508894289734755,0.8925930928007694,1.1203313223746896,31.906112267087632,31.87189298584426,21.098921100872992,0.6619914640854239,8812669.0,8812669.0,1.4065384747659602,100.0,109.4,152.0,171.0,129.9009708737864,128.0,21.5,71.0,12.702007729286455,9.286740263471087,130.81276176572644,15.418054573272025,0.3045818228735153,2.391019419030318,237.7164068243944,0.40446036384202094,3.110938310005184,4.5897772442591425,0.6130681049128852,1.425869266154283,0.20062208398133746,0.7533069155706119,0.20062208398133746,0.723170519497071,0.16037286340032264,0.8996889580093312,0.8996889580093312,0.9799377916018662,0.9498444790046656,-0.4078613379751489,0.8171868830634837,0.20062208398133746,1.6747019180922758,0.2903699529244639,2.1509010548954217,0.7614994286115637,0.38724727838258166,3.3494038361845515,1.9502789709140844,0.4066228375339052,191.77992277992277,0.37023151115815206,0.5099394761556924,4.673745173745174,28.544401544401545,73.50965250965251,18.680180180180177,0.3882990132990133,4.390579745694918,78.88030888030887,0.15227858857202486,0.25145631067961166,12.729193065100404,0.35410948159308975,2.1470577868416094,0.10616987537009658,2.75,0.34375,0.75,4.75,13013.125,39154.875,6879.215277777777,0.4791666666666667,1.5,0.1875,0.3140929142452166,1.7018006401231116,0.10781899355190278,2.749999999999998,0.015533980582524271,8868.984375,15.41478429796356,0.02685649894681674,0.5395378732252035,0.028965755895898195,0.06995438590727142,3.737830041167096,100.62330097087379,0.19538505042888113,3.778505042888114,208.29708737864078,0.4417155245546235,3.4349514563106798,52.615533980582526,149.2601941747573,31.524487594390507,0.5271844660194175,0.03352692315689311,0.15884032501889647,0.0139369177757203,13,c132e087-58b0-4680-9216-45cb18ca4572,515
529.6666666666666,550.0,1140.3044770477584,2.152871888699355,0.27762914569158,0.0077606207739618766,0.02139908333833322,3.6019273030898082,32.01562118716424,32.01562118716424,25.0,26.0,29.982536316777658,23.603572890628055,0.0,0.7872440357028749,0.0,549.5,550.0,91.59797974644671,0.16669332073966645,0.9071996735423813,1.1022931656216952,32.01562118716424,29.982536316777658,23.603572890628055,0.7872440357028749,6138613.0,6138613.0,1.942761485139206,62.0,74.0,130.0,172.0,103.39454545454545,103.0,33.0,110.0,17.86066776859504,13.561244419642858,105.64617619892613,21.695218729076675,0.3222449280600113,2.7231121367097373,470.68251570247935,0.29451239669421486,7.228944820909971,23.26636652861889,0.5775110404155697,2.993796206314562,0.27299128751210067,0.832868658871763,0.2613746369796709,0.8599757452095202,0.20467458665584595,0.8712487899322362,0.8704743465634076,0.9895927752856017,0.956714147420827,-0.4526083839782743,0.9047218165691732,0.2512100677637948,2.5590513068731844,0.1902116412033111,2.91732010995143,0.847800433787639,0.30251694094869314,5.118102613746369,2.6196660514586423,0.8166968734566658,167.95770392749245,0.2537125436971185,1.1370948603974043,9.663141993957703,20.827794561933533,149.85800604229607,4.855681436723733,0.2191658274588788,4.717160885749429,133.03021148036254,0.20095198108816092,0.3009090909090909,9.783718659011875,0.44056711701727963,5.458636109902968,0.06681074018788041,7.133333333333334,0.47555555555555556,0.9955555555555555,14.933333333333334,5628.133333333333,38328.666666666664,1153.0271851851853,0.13774074074074075,2.3333333333333335,0.15555555555555556,0.3571436775568145,5.758903490574003,0.022226449205814992,3.1329145639793947,0.02727272727272727,4283.68888888889,2.953098474420739,0.03204491726342233,1.991927789492536,0.019734641336624805,0.24635585382249975,4.506087511581608,94.32727272727273,0.17150413223140495,4.5504925619834715,161.98181818181817,0.8859504132231404,7.836363636363636,48.014545454545456,328.6727272727273,12.53030303030303,0.247410101010101,0.04504924070638357,0.5224770602853936,0.007736905604928091,14,1a4788ad-7204-4b0f-ba2a-62dbba22a397,550
184.91666666666666,198.0,419.52472506100463,2.268723163917105,0.3741484357288233,0.012141288465651842,0.05237593651249702,2.6727360173297203,19.697715603592208,19.697715603592208,13.0,19.0,19.141600932600305,13.755591432478914,0.0,0.7186228299771724,0.0,197.5,198.0,56.384776310850214,0.28549253828278587,0.8835408225092909,1.131809617081371,19.697715603592208,19.141600932600305,13.755591432478914,0.7186228299771724,1645277.0,1645277.0,1.7085843837464265,58.0,65.0,117.0,149.0,89.11616161616162,86.5,29.0,91.0,16.0245383124171,12.206640625,91.15634809479698,19.177839731887456,0.41522670549698043,2.4918682493118833,367.78953678196115,0.3305274971941639,4.464033850493653,10.518586955690786,0.6230269683239136,2.143832768694261,0.24259520451339917,0.7966875956559285,0.23977433004231313,0.8047761621841127,0.18510347516615905,0.8805829807240244,0.880394922425952,0.985779473989878,0.9521391631405736,-0.4334625168033325,0.8703585414023102,0.23730606488011285,1.997179125528914,0.22295949120814193,2.5602589258381334,0.8212263243101611,0.3610719322990127,3.9943582510578275,2.3102679665918866,0.5966069933019151,79.65873015873017,0.31610607205845304,0.7443153187200805,6.623015873015873,15.404761904761905,62.53174603174603,7.102954144620811,0.29626873897707234,4.162988698284369,47.75396825396825,0.18949987402368354,0.3181818181818182,5.527210884353742,0.39466078270363686,3.555090334990162,0.06583139763133049,2.0,0.3333333333333333,1.3333333333333333,10.333333333333334,2154.6666666666665,9645.5,811.0497685185186,0.25810185185185186,1.3333333333333333,0.2222222222222222,0.20384720858401584,3.259945033017909,0.012805344804432484,2.2516291673878213,0.030303030303030304,1065.6666666666665,2.347642238713667,0.07823741895545143,1.1459751297394294,0.023165611469100914,0.40576309301822094,4.006695931592633,36.64646464646464,0.18508315478012446,3.9247015610651976,65.44444444444444,0.6659779614325069,4.974747474747475,45.58585858585859,177.92424242424244,21.78805415263749,0.40316358024691357,0.040735825755667025,0.33403859551677006,0.010665461540957571,15,a1969fb5-44ef-4e11-850d-debacc045897,198
418.9166666666667,438.0,912.6442230099158,2.178581793538689,0.2966659536927834,0.008572360751457146,0.02610977471454444,3.3707946178264994,30.675723300355934,30.675723300355934,30.0,19.0,31.240741363295676,18.418714373839798,0.0,0.5895735366728427,0.0,437.5,438.0,84.52691193458121,0.1932043701361856,0.8772006760857073,1.1399900014467095,30.675723300355934,31.240741363295676,18.4187143738398,0.5895735366728428,3867028.0,3867028.0,1.7311150091738743,55.0,71.0,121.30000000000001,147.0,91.86301369863014,87.0,28.0,92.0,16.25207981484957,11.529906413097297,93.9618595507151,19.74886742154097,0.7717559064979544,2.9479382055122194,390.01776443360234,0.34792852526010715,4.993243243243243,11.9886134885279,1.1310136425199002,2.0806102059173313,0.32186732186732187,0.7320538334740478,0.3022113022113022,0.9338241580402286,0.23053565068307083,0.8521703521703522,0.8508599508599508,0.9814134990605579,0.9402129402129402,-0.3448750244863901,0.8226330391362822,0.28501228501228504,2.133906633906634,0.23137137863796342,2.709755028787755,0.7493782488753684,0.4269041769041769,4.267813267813268,2.358933672443589,0.6006193819461632,165.51,0.27585,0.930975,7.665,16.216666666666665,76.19333333333333,5.418912037037038,0.27402777777777776,4.119261872506115,167.95333333333335,0.27992222222222224,0.3424657534246575,7.690266666666666,0.5390535623338819,5.4310943106964915,0.09674403715290501,6.444444444444445,0.35802469135802467,1.2098765432098766,10.88888888888889,3167.5555555555557,13817.555555555555,865.917824074074,0.24266975308641975,2.111111111111111,0.11728395061728394,0.23241444725326918,3.4809712583997725,0.019148918395030703,3.5724312513221155,0.0410958904109589,2575.444444444444,5.5413112299059755,0.03146602854281464,1.3097699596019408,0.02980632047779357,0.14377773980580721,4.158554368923498,70.07762557077625,0.1599945789287129,5.521298555075999,152.39269406392694,0.6967327620358208,5.662100456621005,44.71232876712329,195.75342465753425,16.549419710806696,0.33334918822932524,0.054898895377532037,0.5209727090142668,0.012096772624668937,16,acfe8976-faaa-4d5d-8ea3-76440894579d,438
461.1666666666667,479.0,995.4336904048132,2.1585117970469385,0.2899860201699404,0.008284465036719023,0.02438547305890226,3.4484420987396924,26.68332812825267,26.68332812825267,26.0,25.0,25.714114777906936,23.893688690223936,0.0,0.929205181535276,0.0,478.5,479.0,83.25483399593908,0.17399129361742754,0.9314004509587823,1.0736520461962429,26.68332812825267,25.714114777906932,23.893688690223936,0.9292051815352761,9077189.0,9077189.0,1.2318247734201435,107.0,120.0,154.2,169.0,137.05845511482255,138.0,16.0,62.0,10.269568211435619,7.151158420360278,137.66005298521225,12.85574071882339,-0.09076867570529354,2.713054691672363,165.2700694296137,0.5098870733652661,4.013370473537604,3.477214025894021,-0.1871193014981165,1.0114465281926739,0.15710306406685237,0.7311144257676293,0.15710306406685237,0.6273338996071357,0.13242169132765885,0.9214484679665738,0.9214484679665738,0.9842896935933146,0.9607242339832868,-0.4256338170498921,0.7927592126371534,0.15710306406685237,1.9493036211699164,0.42472327185543246,1.8311613234131499,0.7838829825424796,0.6267409470752089,3.898607242339833,1.6740582593462983,0.29213739806488154,155.46153846153845,0.3857606413437679,0.49566218620889235,5.707196029776675,44.48138957816377,171.85111662531017,14.855665839536806,0.3001792114695341,4.386719363502179,58.54342431761786,0.1452690429717565,0.21033402922755742,21.87761761971319,0.3559715437658036,2.675640823917518,0.07376674155368017,5.666666666666667,0.6296296296296297,0.4444444444444444,7.555555555555555,12512.111111111111,48881.0,3611.1234567901233,0.22530864197530864,1.0,0.1111111111111111,0.1442544946559462,1.2981390569783704,0.016044657824431832,3.169925001442309,0.018789144050104383,9679.506172839505,6.737675438596489,0.031181038803793807,0.46666196059543763,0.018179420998225265,0.07359577827249224,3.260276442244682,133.9937369519833,0.2797364028225121,3.941056742256179,244.23590814196243,0.3235864557773023,4.315240083507307,57.48434237995825,219.28810020876827,21.071909069821388,0.3498028299698446,0.030714535562930034,0.1823954761483964,0.008453491874790588,17,95b8d830-2262-4316-bd18-8b98c6517678,479
616.9166666666666,638.0,1319.7719784512494,2.1393034906679715,0.2655438353082969,0.0072594415407846195,0.018724432791108313,3.765856581980139,30.805843601498726,30.805843601498726,28.0,30.0,29.068198485494356,28.21750729983606,0.0,0.9707346437006472,0.0,637.5,638.0,97.49747468305844,0.15293721518911127,0.9180189783597378,1.0893020989465174,30.805843601498726,29.068198485494356,28.21750729983606,0.9707346437006472,9567326.0,9567326.0,1.2204307270572297,98.0,108.0,143.0,175.0,121.46081504702194,115.0,19.0,77.0,12.396959542457326,8.47149658203125,122.45737534925966,15.590996938701352,1.2493973645308905,4.04461756720508,243.07918554259493,0.5249162252729435,5.610373443983403,5.791081065684203,1.718576366772374,1.1863640433188134,0.16141078838174272,0.760478108679203,0.15809128630705394,0.6389710049183417,0.13641793357552384,0.9215076071922546,0.921286307053942,0.9938183078904212,0.9737304880458407,-0.4258066451528934,0.78543509596418,0.15518672199170125,2.313900414937759,0.4636992303851517,1.7735848203041462,0.7878406919801024,0.6572614107883817,4.627800829875518,1.6036371993492176,0.33694370792513906,169.28131021194605,0.32616822776868215,0.6914438244586261,8.955684007707129,59.08670520231214,272.40847784200383,13.93428923142796,0.17434757011346605,4.448636260164166,101.17726396917148,0.1949465587074595,0.20336990595611285,34.90835718608113,0.4460021209053446,5.017702351381304,0.0708545211258187,3.2,0.32,1.24,12.8,21227.2,97571.9,4973.824138888889,0.18247222222222223,2.2,0.22,0.20614338925863868,3.992644911917732,0.013762817655383489,2.846439344671013,0.01567398119122257,17156.760000000002,2.3220329649306923,0.03153802049253382,1.5065428622829644,0.005810315763993038,0.300997289900218,3.0564766781560015,202.2257053291536,0.3169681901710871,4.403160346301628,334.8965517241379,0.398809465315789,6.007836990595611,58.76489028213166,294.1332288401254,13.265834639498435,0.21195532915360502,0.03149898784545747,0.2944263501580825,0.005811711313829426,18,e93cfabe-7ef9-4fc9-af4d-4f72618df67f,638
303.6666666666667,319.0,668.1131823291237,2.200153180008091,0.3270133619636421,0.009920809828837803,0.034970069519383064,3.057979019558172,25.079872407968907,25.079872407968907,23.0,18.0,24.20018880702744,16.839433889535172,0.0,0.6958389467046309,0.0,318.5,319.0,69.11269837220806,0.2169943433978275,0.9153808040927183,1.0924415232752802,25.079872407968907,24.20018880702744,16.839433889535172,0.6958389467046309,5614337.0,5614337.0,1.4530499019671934,108.0,116.0,154.0,169.0,131.89028213166145,129.0,19.0,61.0,11.541140515521665,8.3433086953909,132.66424728553278,14.309297224802382,0.6736337111556124,2.659438324145108,204.75598706773715,0.3888817916490601,3.283404255319149,5.013103265397881,0.5926538820877856,1.5062743322770484,0.22382978723404257,0.7412528128107171,0.22382978723404257,0.7670991800888551,0.1737300135808058,0.8880851063829787,0.8880851063829787,0.9776170212765958,0.9440425531914893,-0.3836070975937287,0.8104164539667289,0.22382978723404257,1.7212765957446805,0.2681339972838388,2.2529819964139786,0.748725740100715,0.3778723404255319,3.4425531914893615,2.0291522091799368,0.4325260298777728,133.5,0.36675824175824173,0.5187477357807029,4.9010989010989015,20.324175824175825,58.94505494505494,12.189102564102564,0.3696581196581196,4.138556222882071,60.76373626373626,0.16693334138389082,0.2852664576802508,8.035684096123658,0.35088179522060714,2.342727322564671,0.07928301683052787,2.2,0.44,0.64,6.4,7858.6,25481.8,3924.1333333333328,0.31666666666666665,1.0,0.2,0.2501178143417545,2.250899257385,0.027805251312512113,2.321928094887361,0.01567398119122257,3788.1600000000008,10.583178323412698,0.03924762208857812,0.591419827871743,0.03483955879011704,0.1008006850531994,3.817163718862106,57.338557993730404,0.179744695905111,3.575574139405076,124.05329153605015,0.4731282121834494,3.677115987460815,48.705329153605014,144.50470219435738,28.353535353535353,0.5013932427725531,0.033772120394657344,0.18026602229188435,0.012218828340287698,19,294ba287-33db-4c88-85db-553051b48012,319
437.9166666666667,456.0,949.5300667219906,2.168289400697219,0.29369939565310393,0.008444101718700253,0.025334314560994102,3.4048418716568496,30.23243291566195,30.23243291566195,24.0,23.0,29.904226709977323,19.68846307403825,0.0,0.6583839557191873,0.0,455.5,456.0,83.840620433566,0.1840628330045357,0.9023907588559945,1.1081673767002551,30.23243291566195,29.904226709977326,19.688463074038253,0.6583839557191874,7813781.0,7813781.0,1.5142132564147022,108.0,114.0,153.5,184.0,129.92763157894737,125.0,21.0,76.0,12.584083564173593,8.682882763786987,130.90257693843466,15.946636053040326,1.1596856137110676,3.920865893449972,254.29520140812554,0.38995652508464146,2.9477085781433607,8.851400655410789,1.8204758551598366,1.68834619118173,0.2491186839012926,0.7428405674806178,0.23854289071680376,0.8200723151446612,0.1922159731897636,0.882491186839013,0.881786133960047,0.9855325914149444,0.9526439482961222,-0.3747663054207115,0.8079699773300184,0.22928907168037602,1.608695652173913,0.2862556458773186,2.2938734143236337,0.7564856959809036,0.43478260869565216,3.217391304347826,2.0297880816823834,0.4843662187707557,168.22157996146436,0.3241263583072531,0.708550978055472,5.4238921001926785,23.75722543352601,52.165703275529864,17.98793084992507,0.36816259901520015,4.206056211333698,102.69942196531792,0.19787942575205764,0.2845394736842105,11.405860536603296,0.4327264311813295,3.4004818332757294,0.0856975716112221,3.909090909090909,0.35537190082644626,0.8099173553719008,10.363636363636363,7247.090909090909,17205.0,4914.908459595959,0.18686868686868685,1.9090909090909092,0.17355371900826447,0.2710245313988907,3.3760595595738563,0.023609958496546898,3.095795255000931,0.02412280701754386,5528.611570247935,7.171889924421572,0.030954998556661763,1.3528043661374276,0.02067098151758778,0.19844642291541872,3.6410570248993257,87.19298245614036,0.1912126808248692,4.414877654662973,177.8201754385965,0.5661309248999693,3.4100877192982457,49.62280701754386,116.50219298245614,35.01271625243665,0.582130238791423,0.03957619122210288,0.2712037327114082,0.013516453618890702,20,efda3b3a-3138-4957-8cd5-167cc9b431a0,456
285.6666666666667,300.0,629.092002570023,2.202189040501831,0.33343383827833734,0.010214412314407353,0.037070548787630934,2.999095728146343,22.090722034374522,22.090722034374522,22.0,18.0,21.17940378039628,18.275116353368528,0.0,0.8628720875648079,0.0,299.5,300.0,65.94112549695424,0.22017070282789397,0.9303513451121573,1.0748627443317624,22.090722034374522,21.17940378039628,18.275116353368528,0.8628720875648079,2695868.0,2695868.0,2.038602825838999,48.0,60.900000000000006,130.0,168.0,91.0,86.0,36.5,120.0,21.8,16.069325865719556,94.79571017016892,26.556104131944256,0.7022003888392976,2.8040536935569804,705.2266666666668,0.2718222222222222,10.191123188405797,41.59835272403537,5.435174963516505,3.8415043780193234,0.3378623188405797,0.8383188921448664,0.32699275362318847,0.9458347553405774,0.23093805791850458,0.8383152173913044,0.8375905797101451,0.9909126517822171,0.9534808488612838,-0.42707009543394675,0.9003173239331977,0.31748188405797106,3.0520833333333335,0.1704354882115102,3.0638416837926004,0.8464767128009928,0.2916666666666667,6.104166666666667,2.7148595739172783,1.044841674214976,106.51219512195122,0.2361689470553242,1.3476138268740074,14.993348115299336,12.80709534368071,107.17516629711751,2.2002278886425226,0.10671901946292191,4.324675139633882,125.45676274944567,0.27817464024267335,0.37583333333333335,5.7274841323297325,0.5347133989687693,9.9123672272248,0.04579033820946638,2.6363636363636362,0.2396694214876033,2.743801652892562,21.0,2174.181818181818,18725.636363636364,339.73411616161616,0.15452020202020203,1.7272727272727273,0.15702479338842976,0.3214990288202962,6.3695972095050175,0.1008268759121023,3.4594316186372938,0.03666666666666667,1430.3801652892557,1.3357521139296837,0.05247489950640277,3.7553443655009215,0.021313968547912992,0.6294686061825768,4.326158071137859,44.166666666666664,0.14722222222222223,4.566622222222222,81.54666666666667,1.1922222222222223,11.22,40.486666666666665,327.38,6.875121296296296,0.13935833333333333,0.054977755731922394,0.9408648316116572,0.00781346364766757,21,c9156921-a478-44c4-bfb5-9e8a016d419c,300
408.4166666666667,425.0,885.0447853477524,2.1670143693476898,0.3007838504160856,0.008751462753431343,0.027212193073284978,3.3246465813130013,26.476404589747453,26.476404589747453,26.0,22.0,25.21164537675314,21.588373369304183,0.0,0.8562857777307203,0.0,424.5,425.0,77.84062043356593,0.1833701305855499,0.9382908699857092,1.0657675908273845,26.476404589747453,25.21164537675314,21.588373369304183,0.8562857777307203,3741134.0,3741134.0,1.6933466406482736,64.0,72.0,120.0,144.0,92.04235294117647,87.0,31.0,80.0,15.540595155709346,12.306107954545455,93.82253586049632,18.189928541531458,0.6223616473937359,2.306320555799936,330.87350034602076,0.35332318339100344,4.905482041587902,10.70939504261537,0.8453422264380759,1.9868949391499697,0.2791430371770636,0.7536289858393987,0.277882797731569,0.8581216754336853,0.20192418790193956,0.861268641041798,0.861184625078765,0.9836020608621521,0.9444654484352027,-0.3718379799434357,0.8357486803138832,0.2767800882167612,2.116257088846881,0.23265195434391514,2.6248151062510527,0.7625103490807182,0.41965973534971646,4.232514177693763,2.3416767701199213,0.5665094940817583,161.2748643761302,0.2916362827778123,0.8466788093221584,7.137432188065099,15.175406871609404,69.73236889692586,5.333760297367892,0.2864175205947358,4.238728324200838,106.23688969258589,0.1921101079431933,0.32529411764705884,5.725063683541033,0.38935984257132483,3.879632512594799,0.07529951819379642,8.857142857142858,0.6326530612244898,0.8163265306122449,13.571428571428571,4522.928571428572,21330.428571428572,1324.424107142857,0.1463293650793651,3.5714285714285716,0.25510204081632654,0.4908130846979829,7.852768992865573,0.0306876919611111,2.3598790287368585,0.03294117647058824,3601.3724489795914,5.65865524781341,0.029476524177809327,1.3814772898793755,0.027369320578058205,0.1449332825009531,3.9662487178376287,70.59058823529412,0.16609550173010382,3.6089356401384083,150.16235294117647,0.6385826989619378,5.468235294117647,44.538823529411765,195.6094117647059,16.630898692810458,0.33857843137254906,0.047905235798022916,0.48375331058349264,0.010389052843359566,22,a62670f6-444d-401d-b88e-96f20ece5636,425
155.66666666666666,167.0,355.5787418599802,2.2842317464238557,0.39356102782801045,0.013098362519049535,0.06095877883048183,2.540901993062709,17.72004514666935,17.72004514666935,17.0,13.0,17.30814901340876,12.44659410691128,0.0,0.719117572726512,0.0,166.5,167.0,50.62741699796949,0.30406857055837533,0.9034960966064914,1.1068116439639029,17.72004514666935,17.308149013408755,12.44659410691128,0.7191175727265122,2375793.0,2375793.0,1.5423341846160197,91.0,99.0,136.0,167.0,118.34131736526946,118.0,19.5,76.0,11.920398723511063,8.652458841707068,119.27407676952087,14.887511325743118,0.43988177322925326,3.141133097297603,221.63799347412962,0.39933307038617377,5.025252525252526,7.787148856286631,0.45946867924217083,1.5639475563717988,0.2845117845117845,0.6921633295155033,0.28451178451178455,0.8615258330611331,0.20356482898570438,0.8577441077441078,0.8577441077441078,0.9832640126757775,0.9430976430976432,-0.3161537699955911,0.7793374120770323,0.28451178451178455,2.169191919191919,0.26159320477502296,2.4896005862719166,0.7002585339347891,0.4595959595959596,4.338383838383838,2.205088801760133,0.4621148352208958,88.39094650205762,0.3637487510372741,0.59564090839811,6.8765432098765435,11.703703703703704,56.79835390946502,3.4858824874256973,0.24888545953360766,3.8111965116082205,52.7201646090535,0.2169554099138004,0.36377245508982037,4.146861081474707,0.4282940277146783,3.794885072907181,0.07163251724213804,2.0,0.3333333333333333,0.8888888888888888,8.0,1823.1666666666667,9167.166666666666,449.0416666666667,0.2743055555555555,1.3333333333333333,0.2222222222222222,0.3384696212826274,3.075197784959285,0.037755912424178535,2.2516291673878213,0.03592814371257485,1048.4722222222224,2.2767857142857144,0.060220869957178264,1.602637856445945,0.023317194667691707,0.3117066167273657,3.882038169218418,25.335329341317365,0.1517085589300441,3.662590985693284,66.68862275449102,0.5025637348058375,5.598802395209581,40.74850299401198,186.49700598802394,13.181969394544243,0.2906686626746507,0.04986158069348831,0.3899201285637342,0.010161355529681377,23,f292b044-b4c6-424a-bf5d-987279a13800,167
223.16666666666666,236.0,496.6996977246107,2.2256894595576284,0.3582144601883792,0.01137400845449356,0.04596521963328121,2.7916237649203666,20.248456731316587,20.248456731316587,18.0,16.0,19.58293302052559,15.364655958655806,0.0,0.784594214898838,0.0,235.5,236.0,57.455844122715675,0.24397386039369715,0.9468172859426375,1.0561699863817067,20.248456731316587,19.58293302052559,15.364655958655806,0.784594214898838,2413946.0,2413946.0,2.0138742798336997,57.0,66.0,136.0,161.0,98.01694915254237,95.0,38.0,104.0,20.620224073542083,15.27885557515187,101.13646595448503,24.925136400642522,0.38893686029659397,2.3690035089808723,621.2624245906349,0.272084171215168,5.944186046511628,26.81732063001035,2.0148597230432523,3.249453758788535,0.3767441860465116,0.7922098066471381,0.3558139534883721,0.9975024757179058,0.25014061654948616,0.8255813953488371,0.8241860465116279,0.9856763925729443,0.9411960132890366,-0.38005565601085173,0.8764825817021358,0.3375,2.2860465116279074,0.15376757706868577,3.115749673114248,0.8116760244726514,0.27674418604651163,4.572093023255814,2.718934058333859,0.9065494862087615,99.08398950131233,0.2600629645703736,1.094646633737712,9.249343832020998,10.047244094488189,52.803149606299215,4.139496937882765,0.224773257509478,3.998446114558072,102.18635170603675,0.26820564752240617,0.4036016949152542,3.908294927700967,0.5046399193487058,6.251212310845403,0.06455832560860447,1.8571428571428572,0.2653061224489796,2.2448979591836733,15.0,2162.285714285714,12600.42857142857,658.4877777777778,0.22051587301587303,1.2857142857142858,0.1836734693877551,0.29493867052395945,7.369393032100523,0.0118699558181891,2.5216406363433164,0.029661016949152543,1025.6326530612243,2.0700045597949326,0.05901108214072346,2.568002798388768,0.03000176192297735,0.49137892311183756,3.980391151091417,41.42372881355932,0.17552427463372594,3.778152829646653,64.21186440677967,1.0302176098822178,6.843220338983051,37.08474576271186,170.97033898305085,16.397636534839926,0.3305838041431261,0.052319145917940305,0.6640677458993641,0.009697172085249669,24,1e393ae7-1f07-4f9b-ac59-2acb46ba669d,236
523.4166666666666,543.0,1126.6510225866195,2.152493595134443,0.2787787977523422,0.007808875309942069,0.021666024131470275,3.5870733644829285,32.01562118716424,32.01562118716424,30.0,23.0,31.634612292938222,21.952219836288478,0.0,0.6939304213059334,0.0,542.5,543.0,90.66904755831217,0.1671318849001146,0.910637959294198,1.0981312494100983,32.01562118716424,31.634612292938222,21.95221983628848,0.6939304213059334,8408830.0,8408830.0,1.1445963484402755,104.0,112.0,144.0,167.0,123.79373848987109,119.0,12.0,63.0,9.766375331101685,6.239834429023619,124.44225476017951,12.687989616122469,1.3618063584304052,4.264806463450321,160.9850804988316,0.526862902706131,1.9995098039215684,4.842513364486337,1.6326358261057212,1.0902535082660516,0.14852941176470588,0.760201066122193,0.14852941176470588,0.6061478887057905,0.12646842560553634,0.925735294117647,0.925735294117647,0.9851470588235294,0.9628676470588236,-0.4275896865930193,0.7671377981026561,0.14852941176470588,1.3281862745098039,0.4746745242214532,1.632660272591761,0.7647290176154489,0.6637254901960784,2.6563725490196077,1.4841308608270556,0.30969573000768935,171.43218390804597,0.39409697450125514,0.46513938433082314,4.310344827586207,57.64597701149425,78.91494252873564,53.07969348659004,0.4099616858237548,3.981346152918497,78.38850574712643,0.180203461487647,0.20027624309392264,32.71489496630995,0.39453845109112984,2.361900355658224,0.08037571015582717,3.0,0.5,0.5833333333333334,6.833333333333333,25838.5,37135.166666666664,23183.037037037036,0.2824074074074074,1.3333333333333333,0.2222222222222222,0.35204654678244746,3.1683676397460716,0.03911853691602696,2.2516291673878213,0.011049723756906077,17648.25,14.996449096880127,0.03468253979116568,0.42166212573765793,0.018058953371782944,0.10515202598776903,2.773702319331931,169.96869244935544,0.31301784981465086,3.804930659422281,286.0865561694291,0.3669064504203847,2.300184162062615,58.532228360957646,93.34622467771639,50.89482299979538,0.746572539390219,0.029044051458657263,0.12907609450914942,0.013934751561595921,25,4e45c7ac-fe35-4e08-95ca-073a0f3022ec,543
207.66666666666666,220.0,464.50694509025595,2.23679106785035,0.3650926647052651,0.011703170656008639,0.048664170169361164,2.739030653511727,18.35755975068582,18.35755975068582,17.0,17.0,17.737734552730224,15.81449944739292,0.0,0.8915738027525463,0.0,219.5,220.0,56.28427124746186,0.25642037014789004,0.9331149486671763,1.0716793267842935,18.35755975068582,17.737734552730224,15.81449944739292,0.8915738027525463,3237493.0,3237493.0,1.755858425164796,91.0,96.0,147.0,163.0,119.85,118.0,28.5,72.0,15.901363636363637,12.634464436662237,121.30901562838301,18.757792320187168,0.36833873643534054,2.147542477889781,351.8547727272727,0.32909090909090905,5.274436090225564,11.80729838766495,0.5334900794300212,2.2129713381197353,0.2969924812030075,0.7633491933894534,0.29699248120300753,0.8775834012719439,0.2087879473118887,0.8515037593984962,0.8515037593984962,0.9825298540468819,0.9406015037593984,-0.37350510316936986,0.8465472338561791,0.29699248120300753,2.18984962406015,0.19952371530329582,2.7457230658185936,0.7731431779697532,0.35714285714285715,4.379699248120301,2.448730584615587,0.6274909548306857,94.45454545454545,0.29609575377600456,0.8222600013757727,7.413793103448276,12.25078369905956,61.80564263322884,4.308037269244165,0.2641718913270637,4.112111113140408,70.22257053291536,0.22013344994644313,0.3625,4.640795589665982,0.43893660421787073,4.29623835241268,0.07940672875993743,2.5,0.3125,1.0,10.0,1945.0,10193.25,542.3559027777778,0.22135416666666666,1.75,0.21875,0.38988522100306644,4.486508002311857,0.03660559420522804,2.749999999999998,0.03636363636363636,1188.75,3.1570200302343165,0.05530632461340938,1.4540847499829643,0.03246431850977305,0.25768314890040617,4.159442753348355,34.554545454545455,0.15706611570247933,3.880909090909091,72.4,0.6933057851239669,5.9,41.09090909090909,195.47272727272727,15.230934343434344,0.322979797979798,0.05273795423051375,0.48200469905975846,0.010978436457355106,26,98091298-0290-410e-9550-df85bc53a579,220
440.4166666666667,458.0,951.4302906164601,2.160295834890732,0.29422730984187156,0.00846687890385108,0.025471172844953135,3.39873277071879,25.298221281347036,25.298221281347036,24.0,24.0,24.448589762587048,23.867268082015034,0.0,0.9762226907066194,0.0,457.5,458.0,80.18376618407358,0.1752650626974286,0.9456142980025152,1.0575136206298565,25.298221281347036,24.448589762587048,23.867268082015034,0.9762226907066194,4991862.0,4991862.0,2.122743421919951,58.0,68.0,139.0,165.0,100.92139737991266,97.5,41.75,107.0,22.753646955626323,17.871131155499583,104.39953069211386,26.723277486479493,0.4476965140714479,2.185454452764737,714.1335596193817,0.2493182814973017,7.043731778425657,41.33586717889614,3.145116004921188,4.224979727834492,0.2862973760932945,0.8730747992208113,0.28396501457725953,0.8701537133888041,0.20566124658943127,0.8584062196307093,0.8582507288629737,0.9890071223639133,0.9527280299875052,-0.49017174025850213,0.9312168502903282,0.2819241982507289,2.461516034985423,0.15656962660116108,3.1089195942503727,0.8804684611729476,0.2932944606413994,4.923032069970846,2.8161730582362514,1.1278192759819463,141.78737541528238,0.2355272016865156,1.2959680356728955,10.780730897009967,16.033222591362126,93.421926910299,6.208766149870802,0.20102759320782576,4.533562902862693,123.64784053156146,0.20539508393947087,0.32860262008733626,6.772221057162724,0.42175678680236334,6.167570123724295,0.04491741328890788,2.8181818181818183,0.256198347107438,1.6528925619834713,15.545454545454545,4638.181818181818,29205.909090909092,1357.9335858585857,0.16542929292929293,1.7272727272727273,0.15702479338842976,0.2955753780211333,5.590751828738954,0.016646804524736804,3.277613436819112,0.024017467248908297,2904.595041322314,4.382396202282564,0.0359879598609648,2.1581826478556976,0.032703704153405413,0.28476455330012196,4.40426353979086,79.39737991266375,0.17335672470013921,3.7661562517877236,114.1877729257642,1.2418956541637267,7.801310043668122,44.35807860262009,253.77510917030568,17.206564774381366,0.3071737020863658,0.042701501593682925,0.5414657609162054,0.007806295496413922,27,ed1a67ab-7140-4c6e-8cc5-8054e427e38a,458
346.9166666666667,364.0,761.9661890013233,2.196395452321854,0.31335156425913857,0.009305649217617519,0.030767740298148286,3.1913036795087133,30.463092423455635,30.463092423455635,26.0,17.0,29.761337478177783,15.793675491934962,0.0,0.5306776116333993,0.0,363.5,364.0,77.35533905932735,0.21280698503253742,0.873709072834727,1.1445457430761539,30.463092423455635,29.761337478177783,15.79367549193496,0.5306776116333993,4432590.0,4432590.0,1.7329890883090244,71.0,84.0,135.0,157.0,108.64285714285714,109.0,30.0,86.0,16.23822605965463,12.41667823592022,110.35146149890836,19.343594463847445,0.20151858156464214,2.235104031389041,374.17464678178953,0.32954957130781304,8.076693968726733,10.840254089203857,0.7508502003195028,2.1663239355329114,0.29411764705882354,0.7609228773080547,0.2926284437825763,0.8786297014188258,0.20848624094821108,0.8539339786547532,0.8538346984363366,0.9886996332293788,0.9512640499237671,-0.3720228917413659,0.8427201944343572,0.29132539091586,2.7583767684288905,0.20606947360600653,2.7098156078315987,0.7797030205199408,0.31347728965003724,5.516753536857781,2.4104665554118943,0.6151103956479338,157.61782178217823,0.3121144985785707,0.794533869228507,10.92079207920792,15.192079207920791,109.54851485148515,2.7906314631463145,0.14445049504950497,4.153811056266927,113.96633663366336,0.22567591412606608,0.34684065934065933,6.8794196647387515,0.4487046165211863,6.098496794528667,0.05208555409680432,3.1818181818181817,0.2892561983471074,1.603305785123967,16.181818181818183,3759.6363636363635,28643.727272727272,617.5753282828283,0.16101010101010102,2.272727272727273,0.2066115702479339,0.41138449331047444,9.213317818133154,0.020804360370402165,3.0271691184406153,0.03021978021978022,2664.628099173554,2.2686705475141595,0.03534061459104127,2.5354432347794233,0.017848762908162945,0.2845650199773312,4.141535378212867,56.175824175824175,0.15432918729622028,3.949251298152397,119.95604395604396,0.6832130781306606,8.79945054945055,42.7032967032967,308.5412087912088,7.8238392857142856,0.16628128815628815,0.04808186435950041,0.6640997551594916,0.0057898746556080145,28,c54e5c7a-0f05-4e4f-b822-d3d8f263f0c0,364
639.9166666666666,664.0,1376.7425411997267,2.151440356087605,0.2608436927761538,0.0070675580905137135,0.017747656713209718,3.833713552192968,41.78516483155236,41.78516483155236,22.0,36.0,41.982413876128696,20.69615565608634,0.0,0.49297202674318413,0.0,663.5,664.0,109.49747468305847,0.1650301050234491,0.8339140526047092,1.1991643465852693,41.78516483155236,41.982413876128696,20.696155656086347,0.49297202674318424,11400223.0,11400223.0,1.3175933830618487,104.0,113.0,147.0,170.0,130.3328313253012,130.0,19.25,66.0,11.088837276818115,8.193308550185874,131.0305710213028,13.504207525777279,0.4448971876529991,2.742287248547429,182.3636208992597,0.4383210553055596,3.130208333333334,4.228871035441948,0.4209194213895996,1.327123236922666,0.12940705128205127,0.8223077785199296,0.12940705128205127,0.5558097756062119,0.11266086636053581,0.9352964743589743,0.9352964743589743,0.9870592948717948,0.9676482371794871,-0.5306826962527069,0.863489114351592,0.12940705128205127,1.6824919871794872,0.3478709364470332,1.895057953307641,0.8223787207378729,0.4703525641025641,3.3649839743589745,1.7656509020255906,0.36413257205117927,194.09730848861284,0.4018577815499231,0.45168867799167556,4.151138716356107,51.68530020703934,145.15942028985506,30.36415919024615,0.42385553255118474,4.947874628973241,47.7287784679089,0.09881734672444907,0.18185240963855423,21.44668629896823,0.23487128880630134,1.2892816134193492,0.06853821795779337,1.8,0.36,0.8,4.8,37506.4,119369.4,17670.42777777778,0.49444444444444446,1.0,0.2,0.009729235018453382,0.07430348819742237,0.002553671407267952,2.321928094887361,0.007530120481927711,19870.56,10.993457304796918,0.027757151400440754,0.3964003302852975,0.01663575611417573,0.07712880361195255,3.3726517739037414,203.33734939759037,0.3062309478879373,3.0160309914356223,291.0451807228916,0.3783182428509218,3.3207831325301207,59.94578313253012,182.70632530120483,32.839984939759034,0.5168591030789826,0.023205523340527643,0.09315680214243216,0.010399545404101077,29,17e86a87-e81f-4e61-bbda-4c7ceba3230d,664
359.1666666666667,376.0,785.8698126841451,2.1880366014407753,0.3109311266584378,0.009198037539503025,0.0300602509299858,3.2161463239365995,29.410882339705484,29.410882339705484,27.0,17.0,28.95587484237147,16.674809648173614,0.0,0.5758696547400866,0.0,375.5,376.0,76.76955262170046,0.20444621204181213,0.8947895283463729,1.1175812504735751,29.410882339705484,28.95587484237147,16.674809648173614,0.5758696547400866,2269159.0,2269159.0,1.75527882589292,45.0,51.0,110.0,167.0,73.42287234042553,64.0,29.25,122.0,19.529198732458124,12.853133410226834,77.68524531998037,25.378714658294008,1.5618784435129407,5.225135414909753,644.0791577071071,0.40501923947487545,6.436063218390805,54.862342917230436,8.52050297345836,2.999056595983618,0.40804597701149425,0.7604733240227692,0.3433908045977012,1.0454529529470438,0.2901287323292377,0.8389008620689654,0.8347701149425287,0.9892474370922646,0.9520901751505199,-0.32162817993544773,0.8043989495759921,0.28851372924648794,2.4058908045977008,0.3123632373827454,2.717332403313084,0.7734396187693764,0.5402298850574713,4.811781609195402,2.304586385467978,0.8517756432487779,126.27106227106228,0.23126568181513235,1.5496786485797478,11.062271062271062,18.128205128205128,90.53113553113553,4.4956145706145705,0.20195004070004072,4.171730421765208,188.65567765567766,0.3455232191495928,0.363031914893617,10.540501013028486,0.6099655472702247,8.573516930803823,0.09579671399598945,4.9,0.245,2.1875,16.25,2672.3,11762.45,651.4850416666666,0.2093888888888889,3.5,0.175,0.37840944535874727,7.660291051634144,0.0663849435601213,3.8841837197791835,0.05319148936170213,2318.8599999999997,1.8733323693850008,0.03693629868442503,3.7917899847156726,0.01840970884266372,0.5818862409244568,3.7485914602389325,61.920212765957444,0.1646814169307379,6.155726573110005,152.2872340425532,1.0262491511996379,7.36968085106383,43.31382978723404,205.65691489361703,11.236469414893618,0.23663489952718678,0.06797158697994564,0.9785187434163973,0.012037470394728024,30,9e28f3c5-d32b-4d0b-85e2-f5c00aea2532,376
446.9166666666667,465.0,966.8943922315987,2.1634780359461465,0.29236325180256406,0.008386544435990882,0.024990120542853187,3.420402508983278,28.635642126552707,28.635642126552707,28.0,22.0,28.272805444438035,21.02614330744842,0.0,0.7436878999775661,0.0,464.5,465.0,83.01219330881977,0.1787130103526798,0.9203561155371928,1.0865359431184098,28.635642126552707,28.27280544443803,21.026143307448418,0.7436878999775661,6908412.0,6908412.0,1.133540291333125,99.0,108.0,140.0,167.0,121.21720430107527,118.0,16.0,68.0,10.141713492889352,7.222263450834879,121.88847361420193,12.77455993102617,0.9690636278523542,3.5961592779184497,163.18938143137933,0.5362423401549311,5.42208165612421,3.669790158822677,1.1717052167973412,0.9416607338132303,0.1633122484186314,0.7044049926202394,0.1633122484186314,0.642174946500379,0.13664135793508264,0.9183438757906842,0.9183438757906842,0.9903933971518452,0.9673375503162737,-0.366831418935047,0.729795024073287,0.1633122484186314,2.2863714778608397,0.4647644720565083,1.6930685941396413,0.7119153436310732,0.6549741230592294,4.5727429557216785,1.5297563457210108,0.2762432455579654,165.6074074074074,0.408907178783722,0.4740740740740741,8.190123456790124,47.08148148148148,213.25432098765432,11.170816186556928,0.16843278463648834,4.111439526372717,72.48641975308642,0.17897881420515166,0.21774193548387097,25.989574759945135,0.3830408432117626,3.9195430375568625,0.05276336769314596,2.75,0.34375,1.109375,10.875,13561.875,60182.75,3230.215277777778,0.2152777777777778,1.25,0.15625,0.2725271987708598,4.2426382271370375,0.02436153221237448,2.749999999999998,0.017204301075268817,10183.359375,3.0975106001304633,0.03427409854777328,1.0042577110764035,0.008488962622239261,0.1725305259658982,2.9493813053053124,128.105376344086,0.2754954329980345,3.907596253902185,249.352688172043,0.32031448722395656,5.815053763440861,56.58709677419355,276.26666666666665,12.924671445639188,0.21096176821983276,0.031074419493006284,0.27421955233706385,0.005120747650248205,31,f24f2a3a-e0b0-4959-af11-01c975d8f819,465
233.91666666666666,248.0,523.0886027816714,2.2362177532526033,0.3509804916228545,0.011031214866040024,0.04323634104602186,2.849161203735928,24.041630560342615,24.041630560342615,23.0,13.0,24.216026335676265,13.17559468702904,0.0,0.5440857432343511,0.0,247.5,248.0,62.87005768508876,0.2540204350912677,0.8870511736036779,1.1273306769185178,24.041630560342615,24.216026335676265,13.17559468702904,0.5440857432343511,2912611.0,2912611.0,1.6169830388039528,82.0,88.0,137.0,158.0,106.74596774193549,101.0,26.0,76.0,15.422346514047868,11.246899829212149,108.37157927034369,18.70020225521789,0.9044077857293025,2.8030439688638875,349.69756438605623,0.3580905306971904,3.21,11.546596142222226,2.3976734814814837,2.0688444444444443,0.2955555555555555,0.7499953006635461,0.29333333333333333,0.882106638372508,0.2095111111111111,0.8537037037037036,0.8535555555555555,0.9826535947712418,0.9414074074074072,-0.3534219037364658,0.8103557230378301,0.29138888888888886,1.663333333333333,0.24949074074074074,2.4904041118593208,0.753731265422072,0.4288888888888889,3.326666666666667,2.188215033769292,0.5911,115.46197183098592,0.32524499107319976,0.6933068835548503,5.695774647887324,15.673239436619719,37.49295774647887,11.861502347417842,0.3429773082942097,3.743178107429381,96.84788732394367,0.272810950208292,0.35786290322580644,7.864756992660188,0.5231034454765828,3.8527891523101765,0.1038189732108898,2.142857142857143,0.30612244897959184,1.1428571428571428,10.142857142857142,3088.0,7917.428571428572,2133.2718253968255,0.23710317460317462,1.2857142857142858,0.1836734693877551,0.30048230461496855,4.766651571420028,0.019076589055913768,2.5216406363433164,0.028225806451612902,1832.816326530612,4.77434126984127,0.0577159318912108,1.3774753398440744,0.025997779102399487,0.34660311017769074,3.6761116088330446,42.58064516129032,0.1716961498439126,4.634430280957336,88.80645161290323,0.6791753381893861,3.7983870967741935,42.29838709677419,98.10483870967742,31.845318100358423,0.5655801971326164,0.048805119083176876,0.37137309676708197,0.015007322690874438,32,2deaebe2-cea6-42c5-a10c-83ce5ce255dc,248
186.66666666666666,198.0,419.4857653311548,2.247245171416901,0.3765402538988962,0.01225789772892176,0.053386842197499826,2.655758553422836,17.4928556845359,17.4928556845359,16.0,16.0,17.34947618831485,14.553717561733873,0.0,0.8388563091914,0.0,197.5,198.0,53.11269837220806,0.2689250550491547,0.9379725219300674,1.0661293125541658,17.4928556845359,17.34947618831485,14.553717561733873,0.8388563091914,2486102.0,2486102.0,1.618040701423785,81.0,86.0,137.3,150.0,110.46464646464646,108.0,32.75,69.0,16.426793184368947,13.477823502514862,112.05387412789754,18.80512133732129,0.17801464778832904,1.7841269504545547,353.6325885113764,0.33215998367513516,3.9930069930069934,9.147971656142571,0.939813899631593,2.338841019120739,0.24895104895104897,0.8075957863673742,0.24895104895104897,0.8096113393717856,0.18697442417722143,0.8755244755244754,0.8755244755244754,0.9853558206499382,0.9502097902097901,-0.42400034470779513,0.8598224819075001,0.24895104895104897,1.862937062937063,0.21451806934324416,2.49848640422064,0.810623290288831,0.33706293706293705,3.725874125874126,2.249535355269592,0.6469480170179471,90.45098039215686,0.35470972702806614,0.5778392925797771,5.556862745098039,15.27843137254902,54.870588235294115,9.224074074074073,0.331917211328976,4.0064044061355,48.772549019607844,0.1912648981161092,0.32196969696969696,5.631926182237602,0.40144955760081813,2.6527976499241674,0.08346442657995982,1.0,0.25,1.25,7.5,3255.5,13488.25,1664.9600694444443,0.3559027777777778,1.0,0.25,0.2501774358544648,4.0009241597068135,0.01569555316135099,1.9999999999999987,0.020202020202020204,805.25,2.5461407188091134,0.06715436216680219,1.454599398051251,0.026295142549702038,0.3888971189351416,4.030836771844205,33.77777777777778,0.17059483726150393,3.638200183654729,65.76767676767676,0.6787317620650954,4.459595959595959,44.90909090909091,164.16666666666666,26.64088804713805,0.4803942199775533,0.040187918648566794,0.2656770908887311,0.01276488237067492,33,c06a4d66-aad4-455e-b156-cf7e351737ea,198
314.4166666666667,331.0,694.5020873861845,2.208859011034777,0.3219691604902302,0.009692153634936106,0.03337665622751659,3.10588752810176,28.792360097775937,28.792360097775937,26.0,15.0,29.184304328908826,14.643051870158143,0.0,0.501744078088348,0.0,330.5,331.0,74.52691193458116,0.22549746424986736,0.8647240493438771,1.15643828890704,28.792360097775937,29.18430432890883,14.643051870158146,0.5017440780883481,4491222.0,4491222.0,1.4510811442292173,89.0,95.0,135.0,147.0,115.55891238670695,117.0,23.0,58.0,12.289756391416653,9.378992594267624,116.48453341830304,14.65552092834457,0.0007063215494258936,2.078607960672037,214.7842936811457,0.39577039274924464,4.520164609053498,5.413551120244099,-0.21941646816722882,1.5138640789852496,0.2263374485596708,0.7398721412697661,0.2263374485596708,0.7715718107693518,0.1751088079391692,0.8868312757201646,0.8868312757201646,0.977366255144033,0.9434156378600824,-0.3850530031078675,0.8158024404163093,0.2263374485596708,2.048971193415638,0.2683198699385257,2.2967234229385913,0.7585867785218777,0.44938271604938274,4.097942386831276,2.070385974378921,0.43505038188623,151.89583333333334,0.3955620659722222,0.4947645399305556,5.963541666666667,20.057291666666668,88.13541666666667,7.187065972222222,0.2857349537037037,4.061570039106795,64.28125,0.16739908854166666,0.29003021148036257,8.16916232638889,0.345869569467881,2.617739763863022,0.0660828885040012,3.0,0.5,0.5833333333333334,6.833333333333333,6953.166666666667,32707.166666666668,1989.1111111111113,0.2824074074074074,1.0,0.16666666666666666,0.21303738794966454,1.9169259352992079,0.023714144531501388,2.5849625007211543,0.01812688821752266,3909.8055555555557,7.901857801944305,0.03623605829256278,0.6216310419883054,0.033987989400856414,0.09339592701433912,3.849800782086402,62.45015105740181,0.18867115123082118,3.4684422376575608,131.0,0.4604375644618066,4.945619335347432,48.08761329305136,208.33534743202418,18.149882510909702,0.3425646189996643,0.03469717729320664,0.22008696504785197,0.009262637776288388,34,970d0e18-bebf-4a57-a90b-cbb322fe4fcd,331
365.9166666666667,383.0,801.2375379821071,2.1896721602790445,0.3087765407032696,0.009102597155355904,0.029439666926379563,3.2385880019330466,28.653097563788805,28.653097563788805,21.0,25.0,27.723593918526387,18.161218112379046,0.0,0.6550816667474973,0.0,382.5,383.0,79.01219330881979,0.2065678256439733,0.8774583965366852,1.13965517219618,28.653097563788805,27.723593918526387,18.161218112379046,0.6550816667474973,6598026.0,6598026.0,0.9291444613050839,110.0,122.0,143.0,156.0,130.99216710182768,129.0,12.0,46.0,6.701347749319989,5.02518683637015,131.25251209830188,8.262813690368285,0.5580263230346656,2.896566417482674,68.27409008173755,0.6067326111705719,3.232180663373324,1.3152440509969479,-0.46335355947111745,0.6885221244799885,0.1559633027522936,0.6306311566241036,0.1559633027522936,0.6245644324971004,0.13163875094689,0.9220183486238532,0.9220183486238532,0.9844036697247707,0.9610091743119267,-0.31906487609011536,0.6665333028734379,0.1559633027522936,1.7604093154551872,0.4710800746455606,1.547480531640688,0.6408726730686373,0.6534932956951306,3.5208186309103744,1.391517228888395,0.2111213568080706,163.4702380952381,0.4865185657596372,0.3238378684807256,3.4702380952380953,32.82142857142857,116.30952380952381,12.101521164021165,0.46511243386243384,4.4016236978680565,39.88095238095238,0.11869331065759638,0.2193211488250653,12.032171201814055,0.2749316468280969,1.1574072325698292,0.1196235969535104,2.7142857142857144,0.3877551020408163,0.8571428571428571,4.857142857142857,12177.857142857143,46774.42857142857,3532.84126984127,0.511904761904762,1.2857142857142858,0.1836734693877551,0.31072590214970003,1.6520010569911114,0.1616945913934917,2.807354922057602,0.018276762402088774,9184.204081632652,4.901577271533614,0.03590905940297338,0.5387142413388559,0.010931590760299611,0.09347970376946448,3.294374276497552,86.32637075718016,0.22539522390908656,3.438458234768796,232.37859007832898,0.21152233637150705,3.391644908616188,55.93472584856397,189.355091383812,22.77690745575863,0.42529736002320856,0.03142845466201179,0.12202323761435724,0.014461027660024458,35,bf8f9e00-e5ed-49a5-81b9-ed247f30d7b5,383
642.9166666666666,665.0,1375.4288327007407,2.139357873286959,0.2619082165705558,0.007110867099912294,0.01796583347545408,3.8181314549580336,36.71511950137164,36.71511950137164,33.0,25.0,36.30119934121302,23.41200924250434,0.0,0.6449376237529572,0.0,664.5,665.0,101.49747468305843,0.15274262555765,0.9003206011042514,1.1107154482231008,36.71511950137164,36.30119934121302,23.41200924250434,0.6449376237529572,9747762.0,9747762.0,0.9185037222997343,102.0,109.0,135.0,151.0,120.67669172932331,119.0,15.0,49.0,8.053841370343152,6.205836054396759,121.07141992148482,9.768561566084472,0.44911386137405684,2.416563509949717,95.42479507038271,0.563624851602691,1.8252388535031847,1.015539703039204,0.5231158786691988,0.7025790536634348,0.14052547770700638,0.6666475567896977,0.14052547770700638,0.5856133377589371,0.12077806782222403,0.9297372611464968,0.9297372611464968,0.9859474522292994,0.9648686305732483,-0.35931161623950114,0.6862016766812715,0.14052547770700638,1.29796974522293,0.4619250368929775,1.453252938671671,0.6677148573231706,0.633359872611465,2.59593949044586,1.312727460964665,0.21077613284261026,250.50898203592814,0.5000179282154255,0.2603654965518066,2.740518962075848,52.89021956087824,86.67864271457086,44.45198491905079,0.5737414060767354,4.214931346543672,76.31337325349301,0.15232210230238127,0.18834586466165412,24.700690435496277,0.3850087237148875,1.4575381410221704,0.12574751598376427,6.6,0.66,0.2,4.2,22349.1,28105.7,20910.061111111114,0.3111111111111111,1.2,0.12,0.21867308714194297,1.3746908801677404,0.040779749996604685,3.3219280948873595,0.015037593984962405,17926.850000000002,17.9344681302365,0.020645566843145734,0.5835590162279058,0.01130140242562397,0.07936240517178833,2.9624324786672642,216.66917293233084,0.32581830516139976,4.009352705070948,374.81052631578945,0.22125388659618975,1.9684210526315788,60.1578947368421,104.77744360902255,49.004678362573095,0.7595655806182121,0.030331674329436595,0.09280772130628914,0.016383506361330385,36,b3ab37bf-9940-430b-8ecd-e42b1dc9024f,665
358.4166666666667,374.0,780.1165821174761,2.176563353966453,0.31278799735665125,0.009280556010250421,0.030602030133041254,3.1970536224245425,23.769728648009426,23.769728648009426,21.0,23.0,22.874526557209578,20.8584543386979,0.0,0.9118638712163312,0.0,373.5,374.0,72.18376618407355,0.1932630955396882,0.9490972116388153,1.0536328499725442,23.769728648009426,22.874526557209578,20.8584543386979,0.9118638712163312,3199014.0,3199014.0,1.9239950215762553,57.0,64.0,128.39999999999998,171.0,88.98395721925134,82.0,28.0,114.0,19.40195601818754,12.3204944907283,92.48520621690777,25.206521509054063,1.2813542031101555,4.07915803000485,635.3687265864052,0.3045697617890131,4.638389647735442,47.29909551495999,7.04991881884175,3.534854081465475,0.34363767074047447,0.8227982975366515,0.31344356578001437,0.9654676504764272,0.2453908018115843,0.848310567936736,0.8462976276060387,0.9870234379022399,0.9484783129642942,-0.42575771212032104,0.8875849976579391,0.2870237239396118,1.9597411933860531,0.20886013144994447,2.866048247987956,0.8318067690111752,0.3141624730409777,3.9194823867721067,2.520921025216084,0.9696229380514875,124.64615384615385,0.23970414201183432,1.3600443786982248,8.796153846153846,16.034615384615385,51.934615384615384,10.277405982905984,0.27041933760683756,4.224704517719141,141.97692307692307,0.2730325443786982,0.34759358288770054,7.757928994082841,0.5357285286745181,6.471451771121415,0.07828328797877472,4.2,0.28,1.3155555555555556,13.8,2665.0666666666666,8070.0,1471.3433518518518,0.15094444444444444,1.8,0.12,0.237612400655545,3.6243735044984544,0.019742892380714708,3.773557262275181,0.040106951871657755,2043.3955555555553,4.518487811791383,0.04105707058271871,2.3839343217894315,0.029462008623768278,0.41422897191800667,4.081803117837427,55.72727272727273,0.1490034030140982,5.299522434155967,113.9090909090909,1.1395521747833794,5.422459893048129,43.97860962566845,135.5668449197861,26.91891042780749,0.46437091503267974,0.0546224462007025,0.5888739776213515,0.012849779642496728,37,ad588436-ef52-46aa-91b8-8198288c338a,374
665.6666666666666,690.0,1431.3816154784713,2.150297870022741,0.257572739084514,0.006935036026080381,0.017088332630430282,3.882398438415034,34.40930106817051,34.40930106817051,28.0,34.0,34.1781234572428,28.660116447025363,0.0,0.8385514928249199,0.0,689.5,690.0,113.3969696196701,0.1644626100357797,0.820862882797574,1.2182302561810454,34.40930106817051,34.17812345724279,28.660116447025363,0.83855149282492,9767740.0,9767740.0,1.354785293969366,93.0,102.0,134.10000000000002,171.0,118.16231884057972,117.0,20.0,78.0,11.05194706994329,7.8246726359919245,118.97959878708716,13.92161390620402,0.7688239722515051,3.766779858052779,193.81133375341312,0.47519008611636215,5.324470134874759,6.333261106403934,0.7039257578695911,1.355665593757077,0.15028901734104044,0.800406976102085,0.15028901734104044,0.6105630983730594,0.12770222860770486,0.9248554913294798,0.9248554913294798,0.991159469568174,0.9699421965317918,-0.4872011585655975,0.8514911974149728,0.15028901734104044,2.2412331406551056,0.3816761892033368,2.0045153011790964,0.8049648940272119,0.5745664739884393,4.482466281310211,1.8542262838380572,0.37648865277452936,192.8918918918919,0.34755295836376915,0.6353250547845143,6.578378378378378,45.05945945945946,220.37117117117117,11.295845845845845,0.2602477477477477,4.985729521732466,67.48648648648648,0.1215972729486243,0.20108695652173914,20.328999269539814,0.3083202080233731,2.4947054251111074,0.06651213943956825,2.7142857142857144,0.3877551020408163,0.7755102040816326,8.142857142857142,31714.85714285714,148123.85714285713,7567.547619047619,0.2509920634920635,1.0,0.14285714285714285,0.1529023740544812,1.3776876756510894,0.017030024140892257,2.807354922057602,0.010144927536231883,21998.530612244896,4.7973777458477445,0.024519020452441913,0.9163549346219181,0.010353798458422079,0.1259850962311692,3.58087227650952,180.9072463768116,0.26218441503885737,3.536735979836169,327.88115942028986,0.3964062171812644,5.5144927536231885,58.16811594202898,299.0826086956522,14.939694041867954,0.2589573268921095,0.02766041395087289,0.18247037890572226,0.006535062793158654,38,a29548cd-ce89-441f-ba80-d17d72be0135,690
371.6666666666667,388.0,809.0413855593993,2.1767929656306704,0.30899334672924195,0.009112185858034904,0.029501723258198578,3.236315637812935,25.298221281347036,25.298221281347036,24.0,21.0,25.11681432994003,19.717829096139344,0.0,0.7850449836958453,0.0,387.5,388.0,74.76955262170043,0.19295368418503336,0.933288690983958,1.071479821474863,25.298221281347036,25.11681432994003,19.717829096139347,0.7850449836958454,7188295.0,7188295.0,1.0526501109061865,104.0,124.0,152.3,171.0,135.59536082474227,134.0,16.0,67.0,9.443192687852056,6.546499402872338,136.11220924353054,11.850385139842038,0.35886772690610935,3.1474226244364694,140.431627962589,0.59731374216176,4.069993069993069,2.409131615970302,-0.10329450650853178,0.7235801289855341,0.15661815661815662,0.6441298303353568,0.15661815661815662,0.6261573741942883,0.13208890963568717,0.9216909216909217,0.9216909216909217,0.9843381843381843,0.9608454608454609,-0.33758957387348904,0.6957513231819389,0.15661815661815662,1.981981981981982,0.5084017329339574,1.6294291919030361,0.6691983737617516,0.7013167013167013,3.963963963963964,1.4728110352848804,0.22004957140092274,128.8626865671642,0.3846647360213856,0.4842058364891958,5.429850746268657,39.6955223880597,160.04179104477612,11.413266998341625,0.3137645107794362,4.264108248417097,47.62089552238806,0.14215192693250167,0.21585051546391754,18.23235464468701,0.3421533228765283,2.5245068974559555,0.08729251296831698,7.166666666666667,0.5972222222222222,0.576388888888889,7.25,7282.0,29114.666666666668,1895.5925925925928,0.2708333333333333,2.1666666666666665,0.18055555555555555,0.3674351109171788,3.292791266002547,0.04239513089799816,2.9182958340544864,0.030927835051546393,6236.555555555555,4.782920187483497,0.03748705602734512,0.47852465100605807,0.013883442106796746,0.08374555204825039,3.1438571960000896,96.38659793814433,0.24841906685088744,3.9562918482304177,231.7577319587629,0.24675842278669358,4.350515463917525,56.855670103092784,225.9020618556701,17.752720504009165,0.31414662084765177,0.03820932417927079,0.24543257401757954,0.009564712053206161,39,67952bca-9773-4391-8ad1-22b4cbe8f674,388
338.6666666666667,355.0,741.7700365786162,2.190265856039221,0.3167596154555084,0.009457875384408902,0.03178259993191272,3.156968095702397,25.495097567963924,25.495097567963924,25.0,18.0,25.539785311888025,17.960502661332814,0.0,0.7032362426700872,0.0,354.5,355.0,73.11269837220806,0.20624174435037534,0.9128937611442606,1.0954177173327997,25.495097567963924,25.539785311888025,17.960502661332814,0.7032362426700871,3661434.0,3661434.0,1.723675971623831,66.0,76.0,125.0,153.0,99.85915492957747,97.0,24.0,87.0,14.992184090458245,10.84743046534497,101.55736601325034,18.49453347072968,0.4709274193329976,2.7302053138191074,342.04776829994046,0.3550962110692323,6.1683168316831685,12.177687339001977,1.0945272549106726,2.0424334776321382,0.2894135567402894,0.7517731202139679,0.2817974105102818,0.8817240454407387,0.2100037761699891,0.8603706524498603,0.8598629093678598,0.9889293152943126,0.9532151017299532,-0.3688487180077262,0.8366297368605798,0.27513328255902514,2.3937547600913938,0.2409901222121744,2.6617772224191936,0.766648890620219,0.4211728865194212,4.7875095201827875,2.3566513731760534,0.582961758593107,135.08898305084745,0.2862054725653548,0.9133106506750933,8.985169491525424,16.95762711864407,93.37288135593221,4.2184133709981175,0.21088041431261773,4.283920663136477,106.66949152542372,0.22599468543521978,0.3323943661971831,7.906707842573974,0.462299245694372,5.397067301177003,0.07545347683273233,5.266666666666667,0.3511111111111111,1.5733333333333333,14.533333333333333,2925.266666666667,16663.866666666665,628.0621666666666,0.19874074074074075,4.066666666666666,0.27111111111111114,0.5117945843028225,9.875940465440769,0.034532275229825056,2.9232314287976178,0.04225352112676056,2365.155555555556,2.293737599206349,0.039321450484179975,2.3550575460045384,0.016464434523560056,0.33446640246661513,4.077197133375715,57.095774647887325,0.1608331680222178,4.466923229517953,126.05915492957746,0.66666137671097,6.83943661971831,44.67323943661972,243.76338028169013,11.74112441314554,0.24206338028169017,0.055776906589448505,0.7163409407059642,0.00870333274879534,40,ed196b6e-d382-406c-a01e-d502c83517a7,355
342.4166666666667,358.0,747.4809076270844,2.1829571407946005,0.31665568082030093,0.009453220812895994,0.03175132483550101,3.1580042947894893,23.53720459187964,23.53720459187964,23.0,20.0,22.961147673503085,19.8726121088356,0.0,0.8654886241495838,0.0,357.5,358.0,71.35533905932732,0.1995953540121044,0.9393262972620982,1.0645927862498372,23.53720459187964,22.961147673503085,19.8726121088356,0.8654886241495838,6574240.0,6574240.0,1.5362054098582574,113.0,118.0,159.3,181.0,134.60893854748602,130.0,20.0,68.0,12.397677975094407,8.515997372865455,135.51309487529818,15.62794118880324,1.004942878878381,3.218735247741685,244.2325458006928,0.3917948878000063,3.7228915662650603,7.169861317628574,0.7700247207439126,1.5938452605603133,0.25,0.7288275699187148,0.2469879518072289,0.8172717146931457,0.18899695166206995,0.877008032128514,0.8768072289156625,0.9853472714386959,0.9507028112449798,-0.36155514294901436,0.8068150983565033,0.2443524096385542,1.8403614457831325,0.2654180350921759,2.3848806723325744,0.7338755427892076,0.4322289156626506,3.6807228915662655,2.128620252530599,0.4609613151400784,138.33488372093024,0.3217090319091401,0.7124716062736615,5.511627906976744,20.441860465116278,71.74418604651163,9.611272609819123,0.36256459948320413,4.313294147677013,90.63720930232559,0.21078420767982695,0.30027932960893855,9.351411573823688,0.4313343240942934,3.1065669322317717,0.11876356710407414,3.4444444444444446,0.38271604938271603,1.5555555555555556,10.555555555555555,5262.444444444444,20205.444444444445,1931.8680555555557,0.2970679012345679,2.3333333333333335,0.25925925925925924,0.4572757756872142,7.309410449603975,0.029002327826714056,2.281036112553421,0.025139664804469275,3680.1728395061727,4.4902138192765975,0.03549819351355269,1.4145754979996135,0.01956435305711036,0.20964332668209992,3.874932177249087,64.52513966480447,0.1802378202927499,4.089603944945539,140.26256983240222,0.5194360350800538,4.159217877094972,47.62011173184357,160.65083798882682,23.472164028553696,0.44209729981378026,0.04370736203130124,0.3452406266406831,0.013633851727634982,41,e43b2b7e-51f2-4864-a48b-43b36b8012f4,358
452.6666666666667,471.0,978.990768548776,2.1627189290473696,0.29122224000071356,0.008337496871289445,0.02469867264548732,3.433803682018069,29.427877939124322,29.427877939124322,29.0,21.0,29.157809957499648,20.60796815566942,0.0,0.7067735260538273,0.0,470.5,471.0,83.59797974644668,0.17767902177778253,0.9197905930579319,1.0872039870242685,29.427877939124322,29.157809957499648,20.60796815566942,0.7067735260538272,6486683.0,6486683.0,1.4939975436315085,85.0,97.0,139.0,161.0,116.29511677282377,114.0,21.5,76.0,12.737501183279917,9.20980153071417,117.3548070728242,15.735201234654388,0.46521618729367586,2.662420872655593,247.596557895069,0.42118003434892554,4.748581157775256,6.682479249608852,0.36161545148838764,1.457625737443649,0.22077185017026107,0.736925443888273,0.22077185017026105,0.76157437643937,0.17203164034266086,0.8896140749148694,0.8896140749148694,0.9870134205782198,0.9558456299659477,-0.385191640719978,0.8141107621906739,0.22077185017026105,2.1069807037457435,0.31483400351215785,2.278490525792267,0.7447477200659947,0.5209988649262202,4.213961407491487,2.057718675622007,0.4195993969034775,171.77495107632095,0.3361545030847768,0.6841655784100091,6.851272015655577,25.58512720156556,113.79647749510764,7.60953468145249,0.27076538377908244,4.2899902318896,86.49119373776908,0.16925869616001776,0.27123142250530785,11.991980729240467,0.3759676770426247,3.571553725510097,0.06291782255022861,3.4444444444444446,0.38271604938271603,1.5555555555555556,10.555555555555555,10144.111111111111,48103.0,2480.98225308642,0.2970679012345679,1.6666666666666667,0.18518518518518517,0.348178486721166,5.567442462187616,0.021970698362064757,2.641604167868591,0.01910828025477707,7405.333333333334,4.406100438490949,0.03001045632748141,1.156095066941706,0.015856037045351726,0.15399818687492065,3.6431473991873906,92.00636942675159,0.19534261024788024,3.716373438633976,198.37579617834396,0.47213094062864847,5.208067940552017,50.367303609341825,219.98938428874735,16.680304906817646,0.3110550837461666,0.03563168229468401,0.3054884387308434,0.008165412377260761,42,091b6d3e-12fd-4d41-82cd-98ffa91a1b40,471
684.4166666666666,706.0,1457.2360800663873,2.129165099329922,0.2577317524962232,0.006941459069473797,0.01712000079467743,3.880003105223343,31.78049716414141,31.78049716414141,31.0,30.0,31.07314686974515,29.102708274352015,0.0,0.9365870922680289,0.0,705.5,706.0,100.32590180780467,0.1422053888133305,0.9385131645349096,1.065515155022424,31.78049716414141,31.07314686974515,29.102708274352015,0.9365870922680289,8017817.0,8017817.0,1.540146812179394,74.0,84.0,130.0,158.0,105.09773371104816,103.0,25.0,84.0,14.67544479130721,11.087349953831948,106.5677310592477,17.639378444768365,0.5454963486260656,2.5786417730549225,311.1476719177588,0.3751093420218443,7.516056758775206,8.290383373285366,1.4778011615516957,1.8355164561071016,0.17326362957430919,0.827493680558332,0.17326362957430919,0.6651164029966212,0.14324334424104576,0.9133681852128455,0.9133681852128455,0.993336014247142,0.9711227284042819,-0.5047201561624161,0.8789745208736447,0.17326362957430919,2.664675130694548,0.29766258524497174,2.1938408098014426,0.8503376493288899,0.4223300970873786,5.329350261389097,2.020577180227135,0.5021950214203525,202.7967213114754,0.33245364149422196,0.6722816447191615,11.186885245901639,44.636065573770495,274.9049180327869,8.811667577413479,0.12225910746812385,4.546364691282617,98.78032786885245,0.16193496371943025,0.21600566572237961,23.203719430260684,0.3683428255718316,5.20070895444821,0.03642994842130838,2.3333333333333335,0.25925925925925924,1.7777777777777777,15.222222222222221,20460.444444444445,137017.0,3720.3221604938276,0.18540123456790125,1.6666666666666667,0.18518518518518517,0.35091103526826134,5.987886262119326,0.12099889017093364,2.947702779220087,0.012747875354107648,14306.913580246912,2.7851410643517647,0.027904894113010302,1.6434884504896057,0.009035160386518384,0.23192845534438095,3.505450567073532,189.56373937677054,0.2685038801370688,3.7702332897302764,264.8271954674221,0.5612455761622355,7.995750708215297,56.65155807365439,382.10906515580734,10.406723323890462,0.16554847340258105,0.03034561227701657,0.34689373674661345,0.004968033382687935,43,9ceb7c5a-0a9a-4d1a-91ba-78381fc6021f,706
461.6666666666667,480.0,998.2621175295585,2.1623006155874913,0.2893733595098873,0.008258224716316185,0.024231239988400825,3.4557431330019583,28.635642126552707,28.635642126552707,28.0,24.0,27.843927977021693,22.507825363375435,0.0,0.8083566866697149,0.0,479.5,480.0,85.25483399593904,0.1777994452470053,0.9105005755637948,1.0982969443822546,28.635642126552707,27.843927977021693,22.507825363375435,0.8083566866697149,7727295.0,7727295.0,1.3201394592479014,105.0,110.0,148.0,170.0,126.06875,123.0,24.0,65.0,12.176770833333334,9.6474125,126.87998758669548,14.324856838289868,0.6353782153821417,2.43107516049121,205.2015234375,0.4352690972222223,2.5211581291759466,4.013703771078163,1.0431530726683254,1.3000416044563277,0.1653674832962138,0.7743053667698568,0.1653674832962138,0.6469970266500166,0.13802107876449027,0.9173162583518931,0.9173162583518931,0.9834632516703787,0.9586581291759466,-0.45670995167838946,0.8226213154767514,0.1653674832962138,1.4958240534521157,0.3572742384710394,1.9078539141473034,0.8003172886597668,0.5111358574610245,2.9916481069042313,1.7424864308510903,0.3663522719381353,158.70071258907365,0.37696131256312027,0.49608160640032495,4.707838479809976,41.3396674584323,77.07838479809976,33.29704407495381,0.37918975983109,4.18284514526498,69.22802850356294,0.16443712233625402,0.21927083333333333,20.540868083569826,0.39320227304602046,2.649652552149306,0.07397289539635024,4.75,0.59375,0.484375,7.375,12381.0,25797.5,9088.402777777777,0.23958333333333331,1.0,0.125,0.17347497994619074,1.5612411310403411,0.01927723546303523,2.9999999999999973,0.016666666666666666,8781.0,13.495007410594756,0.03571155585027825,0.44994177976568533,0.023524641295561425,0.09457516723389275,3.244758570484156,131.42916666666667,0.27381076388888886,4.143732638888888,208.92916666666667,0.4174305555555555,2.845833333333333,56.645833333333336,121.24583333333334,41.65555555555556,0.633449074074074,0.032054643211451246,0.16123255424855126,0.01289416750978941,44,aeab4fc6-110e-4f95-bcaa-b9d10e62bd47,480
551.9166666666666,572.0,1185.4794497113649,2.1479319638436327,0.274476879274761,0.007628822808353877,0.020678417607923532,3.6432941187697083,33.61547262794322,33.61547262794322,28.0,25.0,32.539556849916075,22.49118407493912,0.0,0.6911951560580988,0.0,571.5,572.0,92.66904755831219,0.1621505644064955,0.9144887137546505,1.093507207862919,33.61547262794322,32.539556849916075,22.491184074939124,0.6911951560580989,8824868.0,8824868.0,1.3278560736816596,98.0,106.0,149.0,171.0,123.13986013986013,120.0,23.0,73.0,13.203261773191842,9.769919619971665,124.20986639188898,16.268551067215327,0.762248766247105,2.837626211000419,264.66575382659295,0.4633356154335176,6.112401300510916,6.183542138745548,1.7416213930196105,1.4082200729212893,0.16209939619136088,0.7935459638885333,0.16209939619136088,0.639308404306631,0.13582318194575713,0.9189503019043196,0.9189503019043196,0.9904647414005082,0.9675801207617278,-0.46186991575779407,0.8277328478291301,0.16209939619136088,2.4084997677659077,0.3945577402123524,1.9242572655863497,0.8163352679530176,0.5847654435671157,4.816999535531816,1.7621578693949902,0.3925798672781625,162.5,0.3357438016528926,0.6521241718461854,9.090909090909092,46.421487603305785,233.23140495867767,10.49007116620753,0.16923496326905418,4.461030220669217,74.8099173553719,0.1545659449491155,0.21153846153846154,24.07438016528926,0.3587910226322084,4.059925624748285,0.06397985565202184,3.1818181818181817,0.2892561983471074,1.4710743801652892,8.909090909090908,13692.363636363636,69961.45454545454,3032.221590909091,0.3484848484848485,3.909090909090909,0.35537190082644626,0.5909525626577875,6.137027306584567,0.1736141281148149,2.6635327548042524,0.019230769230769232,10988.363636363636,3.890581675708258,0.03101723997691524,1.0323568652985,0.01248643245654102,0.14074454347154672,3.280383897876969,147.13286713286712,0.25722529219032714,3.810919849381388,265.02797202797206,0.4445816421340897,6.520979020979021,57.21328671328671,315.8811188811189,12.17415743978244,0.19880293317793316,0.036438034243093775,0.3232542592438426,0.008031751265464892,45,829f4ca0-3543-4295-b11f-f031cb2d364e,572
283.1666666666667,298.0,624.6490807139865,2.2059414268887103,0.33384338222860405,0.01023323704614039,0.03720731361802536,2.995416573257803,23.08679276123039,23.08679276123039,22.0,17.0,22.567350785625628,16.891726274964938,0.0,0.748502845346127,0.0,297.5,298.0,66.28427124746187,0.22280427310071219,0.9224395838415154,1.0840818385476076,23.08679276123039,22.567350785625628,16.891726274964938,0.748502845346127,3073978.0,3073978.0,1.857356336336396,61.0,74.7,138.60000000000002,175.0,98.55704697986577,90.5,28.0,114.0,19.395657853249855,12.73088058752913,101.56457264276447,24.533057426988464,1.0590075140701907,3.441398350274749,601.8709067159139,0.36149272555290296,6.239269406392694,37.328585242599516,5.573489242353392,3.0727582827714177,0.3561643835616438,0.7922587248416825,0.3232876712328767,0.9819808247654978,0.25164946519046727,0.843835616438356,0.8416438356164383,0.9905072195483153,0.9544031311154597,-0.3934249396679017,0.8635496542947589,0.29452054794520544,2.357990867579909,0.272357123496174,2.7958338987775244,0.8013659246500959,0.4968036529680365,4.715981735159818,2.42548304884124,0.8572306665832656,102.9445727482679,0.23774728117382887,1.316023873400573,10.836027713625866,16.31408775981524,80.43418013856812,4.664390556838594,0.19063959455991789,4.074345435653542,139.66974595842956,0.32256292369152323,0.36325503355704697,8.735701827840566,0.5876238367014466,8.199036115802757,0.06575498521736065,3.533333333333333,0.23555555555555555,1.662222222222222,15.6,2082.8,9750.066666666668,530.9238148148148,0.14538888888888887,3.8,0.25333333333333335,0.49140196673239606,8.111152860901514,0.039473488726021716,3.3735572622751815,0.050335570469798654,1688.1155555555554,1.3588244119751636,0.053152500452280385,3.5374990087465488,0.01715358750660572,0.8040839503433242,3.8829392489967094,50.241610738255034,0.1685960091887753,6.111976937975767,107.7248322147651,1.0278028016756002,7.144295302013423,43.24832214765101,193.99664429530202,13.962882177479493,0.2677143922445936,0.07006768532046176,0.9398040243937493,0.009830856318726844,46,ca08ba11-c450-4774-a58e-083fc3e18efd,298
410.9166666666667,429.0,894.2587177412063,2.176253216973124,0.2988983008572608,0.008669300286151644,0.026703632261184038,3.345619553981844,30.265491900843113,30.265491900843113,30.0,19.0,30.246791882239823,18.210353148892057,0.0,0.6020589958694009,0.0,428.5,429.0,82.18376618407356,0.1917940867773012,0.8928824886904739,1.1199682070891854,30.265491900843113,30.24679188223982,18.210353148892054,0.6020589958694009,4276250.0,4276250.0,2.0799106058121204,59.0,70.0,133.2,170.0,96.55944055944056,90.0,40.0,111.0,21.668736857548048,16.82890813809599,99.8396149729591,25.38155150491363,0.6261318423344114,2.3699165495785754,644.2231567965835,0.25344895974266607,5.971804511278195,35.741849845816205,3.4440390758367116,3.924108516906301,0.3659147869674185,0.8294112823876679,0.3533834586466165,0.9767145537140342,0.2410349181223736,0.8253968253968254,0.8245614035087718,0.9860260731404107,0.9414011218522496,-0.41765119082229435,0.9006398672877314,0.3424185463659148,2.254385964912281,0.14961196851778572,3.1575160903275052,0.8435631984260853,0.2600250626566416,4.508771929824562,2.768223536522091,1.07250582596843,165.8545994065282,0.2460750733034543,1.214030677385554,9.835311572700297,12.90207715133531,59.93471810089021,6.503092647543687,0.2253560830860534,4.060084479932031,193.62908011869436,0.28728350165978395,0.3927738927738928,6.419991370884661,0.5422634166718009,6.992788657638271,0.06375479982149485,3.3636363636363638,0.30578512396694213,1.71900826446281,17.0,4129.0,21601.18181818182,1636.1529797979797,0.15896464646464648,1.7272727272727273,0.15702479338842976,0.23631586442415645,5.076266073589536,0.01153984903323928,3.0271691184406153,0.02564102564102564,2608.0,4.6518253036738955,0.03608054142839335,2.4075213490039955,0.03395139742279782,0.3047673834856386,4.222989357979918,67.1118881118881,0.1564379676267788,4.452975152275851,108.72960372960372,1.2285958020223753,6.892773892773893,38.76689976689977,165.32634032634033,19.856993006993005,0.37016187516187515,0.05174879023093309,0.6265277975992262,0.010199382114064655,47,5a4d0ec5-c4e7-4acf-95ba-6f76dbfe3e1c,429
247.16666666666666,261.0,549.6279009548857,2.2237136923326464,0.3465308900655412,0.0108221066126253,0.041612696809230985,2.885745625190484,22.360679774997898,22.360679774997898,22.0,16.0,21.972073138884216,15.200021673322338,0.0,0.6917882339660838,0.0,260.5,261.0,63.112698372208044,0.24227523367450304,0.906550594569304,1.1030823938459753,22.360679774997898,21.972073138884213,15.20002167332234,0.6917882339660839,1764880.0,1764880.0,1.7593078088996945,48.0,53.0,124.0,176.0,77.02681992337165,64.0,33.0,128.0,22.861496454837717,16.08931208534462,82.23133427814942,28.789952234368634,1.3835379770679166,4.119157402831715,828.8613496572275,0.4101084834338898,7.1039915966386555,62.501941789567795,10.395869265897172,3.315615952263259,0.5126050420168067,0.732196734314599,0.384453781512605,1.145222629173073,0.3648003318974648,0.8278186274509803,0.8205882352941175,0.9900971006489777,0.9536793884220354,-0.2977669793117269,0.7803681464004768,0.2847222222222222,2.5304621848739495,0.3354911817668243,2.683922144842912,0.7624978716727013,0.5630252100840336,5.060924369747899,2.2129365015120848,0.9570552485700162,89.32338308457712,0.22219747035964457,1.7575121902923196,13.32089552238806,16.1592039800995,84.06467661691542,3.7703556480635374,0.15383795309168444,3.927626121585978,174.55721393034827,0.4342219251998713,0.3850574712643678,9.414717457488676,0.6823289095011247,11.019671571717431,0.0912315917604453,5.0,0.20833333333333334,2.3263888888888893,21.833333333333332,1134.7916666666667,5249.291666666667,266.92020691609974,0.1369383030990174,6.25,0.2604166666666667,0.49755670554372505,11.978378773314832,0.06532078790944408,3.8035088547976725,0.09195402298850575,1016.5260416666667,0.933725531714662,0.05524217333252367,5.717778012707072,0.01722745161590543,1.2814716545749092,3.5877428015830404,46.86973180076628,0.17957751647803175,7.629541551063548,107.03831417624521,1.237415774871185,8.409961685823754,42.67049808429119,203.77394636015325,10.095912893893189,0.1997136428006707,0.09728586560209439,1.7560389498498419,0.01426826554021637,48,466a1d32-6f12-403f-9c25-7bd82d3516b9,261
460.6666666666667,479.0,996.2621175295587,2.1626529324085935,0.28953541979117914,0.008265163075730777,0.024271974089292235,3.4538088663598647,27.202941017470888,27.202941017470888,26.0,25.0,26.343193830154643,23.337570074463656,0.0,0.8859051117693065,0.0,478.5,479.0,85.25483399593907,0.17817102193508685,0.9095506529519469,1.0994439911119844,27.202941017470888,26.343193830154643,23.337570074463656,0.8859051117693065,6128419.0,6128419.0,1.669372412189961,74.0,84.80000000000001,139.0,162.0,111.33820459290187,111.0,33.0,88.0,17.143405058381024,13.641752577319588,113.11142362506325,19.9498960528029,0.071065715672454,1.9587566216314931,397.9983525176407,0.3270949830239583,8.921316964285714,9.530299160323569,0.5100685045253448,2.315758218570632,0.21484375,0.8302034435535106,0.21484375,0.7506399446452301,0.1686859130859375,0.8925781249999999,0.8925781249999999,0.9917367788461537,0.9641927083333333,-0.47597042949277923,0.8879514245010991,0.21484375,2.8976004464285716,0.2234919022540657,2.4868367828540165,0.8523590065003481,0.31026785714285715,5.795200892857142,2.271993032854018,0.6326504921426579,177.51866404715128,0.34875965431660366,0.6845581111698658,11.695481335952849,23.976424361493123,186.84872298624754,4.132799607072692,0.12304082078148876,4.399501811624883,80.9253438113949,0.1589888876451766,0.26565762004175364,9.806894368942531,0.32595849058005144,4.641678449870751,0.039595332340611515,2.0,0.25,2.6875,13.25,9379.625,86269.5,1358.731388888889,0.3179513888888889,2.5,0.3125,0.5312653688483943,7.281406991680039,0.26125209302708213,2.4999999999999982,0.016701461377870562,5794.609375,2.255929712179712,0.03260585232748217,2.0552406126920224,0.013813939339826761,0.27435583961562693,3.924040485378514,88.33611691022965,0.1844177806059074,3.2202178337786185,156.678496868476,0.6777602956751408,9.515657620041754,50.48225469728601,419.54070981210856,8.131779169566226,0.14592090002319646,0.03509020325055716,0.4138833448789707,0.007523125338957676,49,09c7870a-5ecc-4e87-94b3-9c3f2185692e,479
378.6666666666667,395.0,824.3127345401828,2.176882221496961,0.30706489329011116,0.009027014219187737,0.02895279526183147,3.256640605460593,26.627053911388696,26.627053911388696,23.0,23.0,26.67288693390093,19.02449865342467,0.0,0.7132523262506224,0.0,394.5,395.0,76.42640687119284,0.19372980195486145,0.9212658944431495,1.0854629548665107,26.627053911388696,26.67288693390093,19.024498653424672,0.7132523262506224,4259820.0,4259820.0,2.188266438422799,59.0,67.0,145.60000000000002,182.0,99.64556962025317,93.0,42.5,123.0,24.217529242108636,17.991537349210507,103.84774639047178,29.24234746792785,0.7369419184137838,2.6446171181967504,855.1148854350263,0.23914757250440632,6.844111640571818,65.60723410130946,6.9208222703334865,5.044012380205204,0.3287950987066031,0.8776077125424204,0.3138189244383935,0.939656276047091,0.230312781370933,0.8455865668255049,0.8445881552076243,0.9911743602009089,0.9554361567635904,-0.4753527341748521,0.9313574729299299,0.30071477195371,2.3801906058543225,0.14696651144297787,3.2404700575823973,0.882412512556031,0.25731790333560245,4.760381211708644,2.8878556862974385,1.3432018697279513,124.38324420677363,0.22171701284629877,1.5154629020624617,10.86096256684492,14.014260249554367,77.3083778966132,6.709901960784314,0.21602792632204398,4.468118926537871,134.29768270944743,0.23938980875124316,0.3550632911392405,6.082155305810543,0.47790870843936345,6.85127985635777,0.05576678631469294,2.3333333333333335,0.25925925925925924,2.0,15.444444444444445,4117.222222222223,23291.444444444445,1554.3361419753085,0.18654320987654321,2.5555555555555554,0.2839506172839506,0.4446417310303407,9.337046669482557,0.02394368882947338,2.641604167868591,0.02278481012658228,2190.9876543209875,2.3483775727196776,0.04471058787954984,3.649496188374211,0.025216594907315516,0.6443580672781415,4.488260556022228,60.55443037974683,0.15330235539176415,3.972030123377664,94.46329113924051,1.4802499599423171,7.673417721518987,41.91139240506329,215.74936708860758,19.83887834036568,0.35441420534458506,0.04680372730433008,0.6171114687084398,0.009124289770421895,50,b0043a22-b733-4ea1-a7d8-3664f710c8ab,395
502.4166666666667,521.0,1082.2655173179114,2.1541194572590707,0.28239672880007405,0.00796138029251375,0.02252054960083863,3.541117506031599,32.57299494980466,32.57299494980466,30.0,23.0,31.52055770610543,21.196168000163524,0.0,0.6724553606504842,0.0,520.5,521.0,88.32590180780454,0.1696943358459261,0.9156451906581334,1.0921260879241175,32.57299494980466,31.520557706105425,21.19616800016352,0.6724553606504842,7115925.0,7115925.0,1.7757487592637213,84.0,92.0,144.0,166.0,115.20345489443378,111.0,30.0,82.0,16.59657899875111,12.70947467008198,116.86832493999489,19.65628028560825,0.5336862278009794,2.3659456537938253,386.3693546663916,0.31676496918299,4.786298568507157,14.739920671294882,1.31586269664931,2.499500253009982,0.2331288343558282,0.8293739641185192,0.23210633946830264,0.7860292440279175,0.17925548153445328,0.8841172460804361,0.8840490797546011,0.9863045831829663,0.9536128152692569,-0.46245104456064096,0.8925003620837153,0.23121165644171776,2.054192229038855,0.21086565483583625,2.64713981157532,0.8369465572888417,0.3445807770961145,4.108384458077709,2.4104833312923826,0.6831572718414526,166.2358003442341,0.28612013828611715,0.8716469023376516,6.7779690189328745,22.244406196213426,96.52323580034424,10.143669917766305,0.3090576592082616,4.692004785248675,97.17555938037866,0.16725569600753643,0.2787907869481766,9.378417530461162,0.37523555872597364,3.324924985944428,0.08013681140633559,3.4444444444444446,0.38271604938271603,1.0617283950617282,11.444444444444445,9473.444444444445,42560.555555555555,3577.01774691358,0.1983024691358025,1.6666666666666667,0.18518518518518517,0.274935577323062,3.6210280246786954,0.022591236726462596,2.947702779220087,0.01727447216890595,6122.320987654321,7.130277939747327,0.029823951186961094,1.1781594236430109,0.026945078351786587,0.14988113100006717,4.254165453481042,93.29558541266795,0.1790702215214356,3.73197858834885,165.0345489443378,0.7396966559952254,5.2380038387715935,49.56046065259117,217.7024952015355,22.117015888249092,0.39575335892514396,0.035410662238877205,0.27385915055934934,0.010193400898308662,51,75edeb44-0576-4baf-b71a-ba6e457d5aff,521
320.9166666666667,337.0,706.9450092422227,2.2028927839279855,0.3206466251946926,0.009632497099564796,0.032967044929355926,3.1186980352368048,29.068883707497267,29.068883707497267,24.0,17.0,28.887112037490084,14.911458706572041,0.0,0.5161976277593879,0.0,336.5,337.0,74.18376618407353,0.22045695745638494,0.8765740068892134,1.1408049886726632,29.068883707497267,28.887112037490084,14.911458706572041,0.5161976277593879,2541929.0,2541929.0,1.8949969611033806,49.0,54.6,124.40000000000003,165.0,82.54896142433235,75.0,39.0,116.0,22.51450659951219,16.702920081259244,86.84938700842322,26.99046112060635,0.8528931464412368,2.788882562336968,728.4849915029631,0.3271051079079678,8.181451612903226,35.97160322778806,6.228899614187162,3.3692761446409976,0.4427419354838709,0.7677125731421669,0.3846774193548387,1.084078653420179,0.29476521852237253,0.8173387096774194,0.813467741935484,0.9882693984306888,0.9460829493087557,-0.3377573497627153,0.834519601485894,0.3338709677419355,2.7294354838709682,0.23508031997918832,2.9334557919564728,0.7922795540396567,0.4467741935483871,5.458870967741935,2.4698235001061613,0.9530045200312176,130.62477231329692,0.2379321900060053,1.3100421033772285,13.502732240437158,13.1183970856102,77.74134790528232,2.8634031572556164,0.1301700060716454,3.957786948442383,198.51548269581056,0.3615946861490174,0.4072700296735905,7.089538521770001,0.6234918348298552,10.143809321649695,0.06895862886704757,7.16,0.2864,1.7216,20.04,1375.64,7392.56,298.8461,0.13377777777777777,5.64,0.2256,0.4658375825972921,10.242940039717396,0.06343154333441309,3.783465189601642,0.07418397626112759,1193.9296000000002,1.6516885481699104,0.04370900254444204,4.031468527529379,0.02235915247591413,0.544540911040279,3.926315852963979,46.73293768545994,0.13867340559483662,6.126231630110329,110.23442136498517,1.1483415368630525,9.364985163204748,39.09495548961424,223.41839762611275,8.477918727332673,0.17383860863831188,0.08481948005051014,1.466223508526391,0.011299537289363488,52,d036440d-b320-486d-9e32-d6e57f96e5aa,337
323.6666666666667,339.0,710.6558802906911,2.1956412367374596,0.3207919198444026,0.009639045003306323,0.033011880324401124,3.117285499226544,26.92582403567252,26.92582403567252,22.0,19.0,27.248235433244787,15.967331840945564,0.0,0.5859950777386591,0.0,338.5,339.0,72.42640687119284,0.21396279725610884,0.9005074879995196,1.1104849358015927,26.92582403567252,27.248235433244787,15.967331840945564,0.5859950777386591,3785290.0,3785290.0,1.9964796449062123,68.0,74.0,139.0,166.0,102.8613569321534,98.0,36.0,98.0,20.289520627213477,15.477077685950412,105.66951877263433,24.198934846729458,0.5760962931010751,2.399691641663826,585.5884477162573,0.28801524525543637,6.988808952837729,29.291777496531836,3.0168938535386642,3.3445141568599643,0.35731414868105515,0.8069526087170409,0.3445243804956035,0.9687631771261144,0.23861709992517577,0.829869437783107,0.8290167865707435,0.9863589234713026,0.9428837882075294,-0.3838012903700077,0.8776053789279702,0.33333333333333337,2.4984012789768184,0.17502257187056108,3.096175788996037,0.8130432745239079,0.3565147881694644,4.996802557953637,2.717450664867947,0.9254570763852545,129.83712121212122,0.24590363865932047,1.200700183654729,10.155303030303031,11.428030303030303,70.81818181818181,3.147909301346801,0.20925294612794615,4.263602164442579,137.9469696969697,0.26126320018365473,0.3893805309734513,4.832472451790634,0.5025646070807177,6.4967841741957155,0.06823769993038238,3.3636363636363638,0.30578512396694213,1.71900826446281,17.0,2968.6363636363635,18470.636363636364,687.453888888889,0.15896464646464648,2.272727272727273,0.2066115702479339,0.41062271643767706,9.240701693486109,0.0190479210823447,3.0271691184406153,0.032448377581120944,2018.8760330578516,2.8900792217175884,0.04237638101598847,2.421062337611257,0.028924454683105498,0.33856922095553055,4.329555379834493,51.471976401179944,0.1518347386465485,3.7242279478946405,97.63716814159292,1.040123215078184,7.855457227138643,38.35693215339233,223.99115044247787,11.327510652245167,0.2557948213700426,0.05349710951243821,0.7277430506781539,0.00831572347473896,53,eb8a63c3-2530-4d00-8ed9-a0cb72f57a49,339
486.4166666666667,506.0,1052.0153480962288,2.1627863932079396,0.28431581208780254,0.008042672733745598,0.022982805426917798,3.5172155662280913,34.713109915419565,34.713109915419565,33.0,20.0,34.07006219861387,18.998307412553405,0.0,0.5576246765210292,0.0,505.5,506.0,89.84062043356595,0.17772625209409681,0.8871412420430032,1.1272162228610787,34.713109915419565,34.07006219861387,18.99830741255341,0.5576246765210293,6006182.0,6006182.0,2.137401531409786,67.0,72.0,142.0,166.0,105.8300395256917,104.0,45.0,99.0,22.408973738068084,18.406781619822485,108.94918494961662,25.882960324821873,0.2342613142863316,1.9029349303127998,669.9276351763032,0.24345795122560887,7.932382461701004,36.37133119735063,0.9456088630553402,4.145095409478411,0.3328050713153724,0.8513566468291064,0.3254094030639197,0.9353620283350931,0.2269137917129559,0.8385279098432822,0.8380348652931854,0.9872586564209057,0.9459411868286669,-0.4452447305042969,0.9180049659513119,0.31893819334389856,2.6418383518225044,0.13710017918491374,3.229688356596943,0.8681366173398279,0.24564183835182252,5.283676703645008,2.8813487286104347,1.1194751201984456,176.81621621621622,0.2389408327246165,1.3034331628926223,11.302702702702703,12.924324324324324,94.49459459459459,3.849706456456456,0.19360548048048046,4.373578091192146,169.4189189189189,0.2289444850255661,0.36561264822134387,5.443360116873631,0.42984164302335587,6.408366572649052,0.04994782991674362,4.818181818181818,0.4380165289256198,1.9008264462809916,18.636363636363637,5617.636363636364,44983.63636363636,1262.1138636363637,0.15487373737373739,1.3636363636363635,0.12396694214876033,0.21895420602488222,5.4731942714856885,0.00877726251013523,3.095795255000931,0.021739130434782608,3501.636363636364,3.595429894179894,0.03257736434222604,2.189617569138996,0.03296620817621177,0.24394645866913722,4.432456585681417,82.6798418972332,0.16339889703010513,3.3500913933978036,123.18972332015811,1.2344357824680905,8.802371541501977,40.25691699604743,271.82608695652175,13.009286890645585,0.2617308959156785,0.042822044075279064,0.5922571112510295,0.007337334637412277,54,618ab8c6-a263-4693-a1a9-e65d38590b10,506
491.9166666666667,512.0,1064.8437752209743,2.164683263196966,0.2830040079571247,0.007987074881668051,0.02266614999347267,3.533518861512027,33.37663853655727,33.37663853655727,32.0,20.0,32.251297196470155,20.44628289979364,0.0,0.6339677680323335,0.0,511.5,512.0,91.84062043356599,0.17955155509983575,0.8729571814325352,1.1455315578697522,33.37663853655727,32.251297196470155,20.44628289979364,0.6339677680323335,7787302.0,7787302.0,1.7459263928346114,74.0,98.1,152.0,174.0,121.59375,118.0,28.0,100.0,16.9149169921875,12.234731985296275,123.32710253123601,20.604227228593164,0.2914664499706309,2.605110090687079,424.53417968749994,0.3441162109375,11.958725182863116,15.67108690624416,0.9968935630565325,2.4135954726161195,0.1588296760710554,0.8765136655951962,0.1588296760710554,0.6315024025633308,0.133602810070219,0.9205851619644723,0.9205851619644723,0.9938911663049593,0.9735283873214907,-0.5778523410574178,0.9268227738828817,0.1588296760710554,3.375653082549635,0.2784047916195792,2.4106377086759045,0.8897299785325682,0.45715778474399166,6.751306165099269,2.25180803260485,0.6431062871717936,122.70776255707763,0.2801547090344238,0.9653103563311858,14.9337899543379,40.39269406392694,437.89497716894977,4.330282851344496,0.09903094875697616,4.952631338682349,60.12785388127854,0.13727820520839848,0.2138671875,18.52959696420008,0.30831920116330785,5.353071667514116,0.0305648683749615,1.3333333333333333,0.2222222222222222,1.8055555555555556,11.833333333333334,14935.333333333334,167175.16666666666,1505.9717129629628,0.2543518518518519,1.0,0.16666666666666666,0.20844860722339684,0.8349036323143101,0.1692878102077218,2.5849625007211543,0.01171875,7653.555555555556,1.5777847563620588,0.04105587132466758,1.6840301617724007,0.011223766516361918,0.34753390508738535,3.8061158870901073,128.828125,0.251617431640625,3.37347412109375,176.1875,0.6960716247558594,12.365234375,56.50390625,638.318359375,6.111659613715277,0.10496473524305555,0.028099553768266568,0.37675295152421506,0.00436123495672462,55,379b3c17-c630-4bee-9bb4-b04a8e63176e,512
373.1666666666667,389.0,811.4843074154368,2.174589479451818,0.3088914548288942,0.00910767905522706,0.02947254791623829,3.237383179000323,26.076809620810597,26.076809620810597,22.0,24.0,26.213438591741166,18.94444990031535,0.0,0.7226999172204752,0.0,388.5,389.0,74.42640687119284,0.19157376286021321,0.9388006697997059,1.0651888437759116,26.076809620810597,26.213438591741166,18.94444990031535,0.7226999172204752,3708532.0,3708532.0,2.058070567236293,58.0,66.0,135.0,168.0,94.13367609254499,87.0,37.0,110.0,21.51402647352317,16.13628042059255,97.63965017013858,25.92975724242069,0.8263482291811965,2.808836806549256,672.3523106508682,0.26425281355528973,5.491712707182321,45.315532008292905,5.602525374711775,3.9921281210891006,0.3529005524861878,0.837561231928163,0.33080110497237564,0.9734185513804934,0.2434711814352431,0.8382826887661142,0.8368093922651935,0.9866027594999781,0.9453926598263614,-0.43047931241870335,0.9034446987374483,0.31146408839779,2.140538674033149,0.16728946956747356,3.0881012745024696,0.8483051500515382,0.268646408839779,4.281077348066298,2.715108735842783,1.086257168393822,136.3415061295972,0.2387767182654942,1.292266923485083,9.51138353765324,14.007005253940456,55.670753064798596,8.04520140105079,0.2378779918272037,4.245883655612679,153.56042031523643,0.2689324348778221,0.36696658097686374,6.581141635561171,0.5250779168289605,6.58029142184528,0.06442553394557014,3.1818181818181817,0.2892561983471074,1.603305785123967,16.181818181818183,3596.6363636363635,15765.09090909091,1670.0832070707074,0.16101010101010102,2.090909090909091,0.19008264462809918,0.3971948117122102,8.08781777287593,0.020500408273312024,3.095795255000931,0.028277634961439587,2346.0495867768595,4.504785385554616,0.04258018512398762,2.245624895537678,0.032316116893855065,0.3739685305028836,4.235575868333711,58.82005141388175,0.1512083583904415,4.66167947608065,102.79434447300771,1.2398279154909102,6.334190231362468,41.437017994858614,157.93830334190233,23.30248857469294,0.4114702942016567,0.05195378782285074,0.6419211647336265,0.010636793986136775,56,d2024e60-d739-4deb-94c4-eb3ea103a117,389
423.1666666666667,441.0,918.16234142403,2.169741649682623,0.29687408061436704,0.008581383282921516,0.026164765456162874,3.368431484252673,29.832867780352597,29.832867780352597,29.0,20.0,29.65779057037231,19.057341053824473,0.0,0.6425745373245192,0.0,440.5,441.0,81.59797974644667,0.18523945458898222,0.9117976783059586,1.0967345320048563,29.832867780352597,29.65779057037231,19.057341053824473,0.6425745373245191,6500182.0,6500182.0,1.4651772139658878,91.0,101.0,147.0,167.0,120.21768707482993,116.0,20.0,76.0,13.452203557159825,9.167681815007642,121.40692617538758,16.951384537384474,0.8069504780785014,2.93014605927377,287.34943773427744,0.4568723937042693,5.499696048632218,9.758251419439656,1.7777334489633323,1.6420483920141167,0.21458966565349546,0.7688406043738297,0.21337386018237084,0.752749886020542,0.16906126144436953,0.893515704154002,0.8934346504559271,0.9873985338816378,0.9573657548125635,-0.41352650584845213,0.8256907205824783,0.2123100303951368,2.2677811550151974,0.3730933749688196,2.1963014518487336,0.7923302063024706,0.5890577507598784,4.535562310030395,1.977992241735403,0.464159514416903,135.56289978678038,0.28904669464132277,0.8620710034960744,8.415778251599146,32.643923240938165,156.30703624733476,8.130656242596542,0.2242211561241412,4.308236988391543,103.16204690831556,0.21996172048681356,0.26587301587301587,18.49734271075327,0.4494985399508768,4.9488473135897,0.07657155300071486,3.8333333333333335,0.3194444444444444,1.1666666666666667,10.166666666666666,7228.583333333333,32702.166666666668,1742.039351851852,0.2505787037037037,2.6666666666666665,0.2222222222222222,0.4298750356898359,5.594066225149946,0.0386925647024568,3.0220552088741974,0.027210884353741496,5878.020833333333,3.635321316394638,0.0357213698437542,1.1368447200775396,0.01930483494203742,0.15383000608770495,3.474795553922474,96.84580498866214,0.21960499997429056,4.387503149407911,201.48072562358277,0.5404332556907873,5.99546485260771,51.625850340136054,248.1814058956916,13.555713025951121,0.2507873519778282,0.04248440900253609,0.4086652537894304,0.007745468226973329,57,64e6080b-8c51-4755-a9f7-9d66fb034cf1,441
379.1666666666667,399.0,843.8327948269325,2.225493085257844,0.3002256716241971,0.008727113304868427,0.027060977184939952,3.3308277556348833,41.048751503547585,41.048751503547585,20.0,16.0,42.348508757839845,12.78626604698923,0.0,0.30192954656572524,0.0,398.5,399.0,97.88225099390866,0.245626727713698,0.7229614605197721,1.383199595841598,41.048751503547585,42.34850875783985,12.786266046989239,0.30192954656572546,6279340.0,6279340.0,1.5977495059774862,96.0,102.0,149.2,181.0,124.02005012531329,124.0,29.0,85.0,15.559148497810941,11.800875379703225,125.4499670609322,18.88706971723653,0.6007171468374022,2.756436960690192,356.7214025037531,0.3859209427076462,6.705841924398625,10.902639066954583,1.4481204111439696,1.8552449782123497,0.23848797250859105,0.7721887383713646,0.23573883161512024,0.7977097647234694,0.18291517577732905,0.8825887743413516,0.8824054982817869,0.9908492621254796,0.960775650466372,-0.4051548044185282,0.8449047013290706,0.2333333333333333,2.5103092783505154,0.2718118586223592,2.46277530120504,0.7904796260071931,0.4219931271477663,5.020618556701031,2.2198200114706546,0.5234332376802353,149.46058091286307,0.3100841927652761,0.832755117852654,8.852697095435685,20.605809128630707,123.74688796680498,4.297463116643615,0.19696461502996773,4.4776041389175285,98.16182572614107,0.20365524009572838,0.30200501253132833,9.641741705549146,0.4289388466358287,4.6628756752140665,0.0780817231721755,3.1333333333333333,0.2088888888888889,1.7955555555555556,10.4,3815.266666666667,23947.466666666667,726.3522777777778,0.2942222222222222,2.6,0.17333333333333334,0.38468998157743667,5.032648114366335,0.09436627361373767,3.773557262275181,0.03759398496240601,3107.706666666667,2.0682907491059663,0.038125082256832886,2.0326228393553305,0.011851242089162344,0.3289145744086771,4.059474135736257,64.55388471177945,0.16178918474130188,4.1727752966375835,153.98245614035088,0.5656999641962048,7.177944862155388,47.521303258145366,294.27568922305767,9.815241576162627,0.2025863269284322,0.046972792667610064,0.4884781607110495,0.009526891085375072,58,cf4d0aa7-23f5-4926-8a34-f6b48c54e7fb,399
282.1666666666667,297.0,625.8274531659453,2.2179354512673783,0.33242982876041255,0.010168311819684533,0.03673668442902745,3.008153641714011,26.419689627245813,26.419689627245813,21.0,17.0,26.513107031183058,14.537827770475985,0.0,0.5483260695691946,0.0,296.5,297.0,70.42640687119281,0.23752582418614776,0.8667258498089497,1.1537673651021572,26.419689627245813,26.513107031183058,14.537827770475985,0.5483260695691946,4008715.0,4008715.0,1.836233135730558,84.0,89.6,147.0,176.0,114.13804713804714,110.0,30.0,92.0,17.330453808568286,12.277946472706729,116.17812574816699,21.676325746533518,0.865552045987977,3.0841254689334585,469.86309786983185,0.31451439195546943,4.47329650092081,23.835996199055714,3.499059233784407,2.8153800759032586,0.30939226519337015,0.8019745239521737,0.30386740331491713,0.9053010676596822,0.21705686639601968,0.8489871086556171,0.8486187845303869,0.9881442619106936,0.9494869771112866,-0.39947830288215125,0.8680946923724585,0.2990331491712707,1.9613259668508287,0.19943979799829747,2.806077166072118,0.8043616774701049,0.32136279926335176,3.9226519337016574,2.486444048589144,0.7811930852741573,118.4965034965035,0.27621562586597553,0.9819333735417651,7.2377622377622375,12.913752913752914,47.08158508158508,7.257641802641802,0.2947921522921523,4.107141773627374,99.21445221445221,0.2312691193810075,0.3611111111111111,5.245113860498475,0.460417635560542,4.587315360459792,0.07175657532320756,2.8181818181818183,0.256198347107438,1.322314049586777,12.636363636363637,2461.181818181818,9137.545454545454,1143.9258333333332,0.17835858585858586,2.8181818181818183,0.256198347107438,0.4876051653234482,8.571351619425359,0.032412862156332906,3.095795255000931,0.037037037037037035,1732.181818181818,3.013429992250064,0.044556412940862565,2.736117519083876,0.02309430228486107,0.4804917642262647,4.027810002322486,47.43097643097643,0.159700257343355,3.8698092031425366,93.41077441077441,0.8755115691142629,5.107744107744108,41.215488215488215,142.35353535353536,23.12880003741115,0.43828376356154136,0.05414067238692459,0.575474236676838,0.01219762767932962,59,7380b96e-df3a-4fca-9c7a-64945fd45419,297
334.6666666666667,351.0,735.0413855593986,2.196338801472306,0.31713728535677205,0.009474795246569011,0.03189641793099048,3.153208550912023,27.85677655436824,27.85677655436824,26.0,18.0,27.10502708112602,16.896856857217628,0.0,0.6233846144718806,0.0,350.5,351.0,74.76955262170043,0.213322546709559,0.887614035769546,1.1266158033801452,27.85677655436824,27.105027081126018,16.896856857217628,0.6233846144718806,4825820.0,4825820.0,1.6820980473222729,90.0,96.0,147.0,171.0,115.68660968660969,110.0,27.0,81.0,15.454403779190104,11.124782986111109,117.25517015797183,19.115001124586797,0.9827327157429104,3.1476695311820997,365.38326799295453,0.3720018506343292,4.820849420849421,15.117034370997075,1.9058348828440475,2.1410032647098287,0.2648648648648649,0.7798176370442316,0.2602316602316603,0.8426609171538947,0.19714434787793858,0.8706563706563706,0.8703474903474903,0.984501476266182,0.948108108108108,-0.39886027728633616,0.8491141157244474,0.2561776061776062,2.0861003861003864,0.264964445968307,2.5621685959698235,0.7810464051299347,0.4702702702702703,4.172200772200772,2.2888583470373134,0.6014670323936733,127.21218961625283,0.28716069890801993,0.8656961309356992,7.383747178329571,17.702031602708804,77.44469525959369,6.840857787810384,0.2716484825683471,4.14684045571126,90.91873589164786,0.20523416679830217,0.31552706552706555,7.657567681873537,0.4344743159233365,4.345972727860009,0.0769092167046921,4.2727272727272725,0.3884297520661157,0.7272727272727273,9.727272727272727,4021.7272727272725,17040.727272727272,1245.4179292929293,0.19128787878787878,1.7272727272727273,0.15702479338842976,0.33209277652002017,4.262189354376351,0.0280746491064829,3.095795255000931,0.03133903133903134,3003.537190082645,4.401846050310962,0.03885929440146222,1.240522722379312,0.026909004139302587,0.19682622374389244,3.956657000779796,59.58119658119658,0.16974699880682786,4.277903588444899,130.57264957264957,0.6830301702096574,5.396011396011396,46.21367521367522,190.45584045584044,18.33669673947452,0.3471430832541944,0.045041271599913585,0.3860510417631229,0.010639985147535853,60,244579fc-77b9-41a3-8d8d-fbd52c07eaa0,351
223.41666666666666,236.0,497.8746703882166,2.2284580547029464,0.3576359250913413,0.011346465154739934,0.04574287042124072,2.7961396768084668,21.02379604162864,21.02379604162864,19.0,16.0,20.62693199316746,14.571351200294805,0.0,0.7064235827762205,0.0,235.5,236.0,58.52691193458114,0.2485219190428074,0.9294901199403631,1.0758586654629108,21.02379604162864,20.62693199316746,14.571351200294805,0.7064235827762205,3277953.0,3277953.0,1.5546276620754078,93.0,98.0,145.5,169.0,116.46186440677967,110.0,19.0,76.0,14.537561045676535,9.929771661961023,117.85428017654769,18.062820788267597,1.087409305557167,3.329956658570524,326.26549482907205,0.43015656420568804,4.824214202561118,12.083418813685302,1.794230661562818,1.7867921792267316,0.2887077997671711,0.7217944565751118,0.2817229336437719,0.8800931588316113,0.2093399884263181,0.860302677532014,0.859837019790454,0.983140450592344,0.9438882421420256,-0.33735455942310816,0.7934768163330899,0.27561117578579747,2.109429569266589,0.31116602812648647,2.4474502856450515,0.7330019082175134,0.5320139697322468,4.218859138533178,2.1493022335205367,0.5188749947484756,92.41358024691358,0.2852270995275111,0.8978052126200274,7.2407407407407405,16.055555555555557,70.49382716049382,4.855109739368999,0.2811856995884774,4.088412585991659,80.0679012345679,0.2471231519585429,0.3432203389830508,7.566605700350556,0.49614557061632464,4.68032473788368,0.09975191929826649,2.5555555555555554,0.2839506172839506,1.2839506172839505,9.0,2556.222222222222,10901.222222222223,667.4490740740741,0.3078703703703704,1.0,0.1111111111111111,0.15071647886070494,1.4213254714925636,0.017252825121989508,3.169925001442309,0.038135593220338986,1868.617283950617,2.553098935226264,0.05741408956354693,1.2523743985797837,0.023817434561747508,0.2790197913417213,3.78821747536439,36.440677966101696,0.154409652398736,4.757397299626544,101.51694915254237,0.6034724217178971,5.4025423728813555,43.8728813559322,182.17372881355934,14.7984934086629,0.3166195856873823,0.04691030272749401,0.391956723131814,0.010751155972825412,61,1efd8724-f77f-4d87-9888-9a8b91efec5f,236
336.4166666666667,352.0,735.4809076270844,2.18622018615928,0.31805170156888507,0.009515803426811941,0.03217311935858587,3.1441429021357252,24.413111231467404,24.413111231467404,22.0,21.0,24.355583834549336,18.497602422361656,0.0,0.7594809694572828,0.0,351.5,352.0,71.35533905932735,0.20300238708201238,0.9314104850876906,1.073640479692315,24.413111231467404,24.355583834549336,18.497602422361656,0.7594809694572828,2997696.0,2997696.0,1.94787952758935,51.0,59.0,128.0,156.0,88.52272727272727,82.0,40.0,105.0,21.88726756198347,16.48873128644383,92.28316107601547,26.075056555646533,0.6118972062002527,2.367735179674726,679.9085743801653,0.2850109762396694,4.70782208588957,33.08463927050985,4.827229541570719,3.59579244137905,0.3197852760736196,0.8366599775822299,0.3121165644171779,0.9209459748472233,0.22236852629003723,0.845219836400818,0.8447085889570553,0.9877615905355486,0.9481631609699095,-0.4333404254149812,0.8943303809779369,0.30540644171779135,1.9720092024539875,0.19069921713274873,2.907743271576546,0.8454185817207155,0.34432515337423314,3.944018404907975,2.5715636463608926,0.9788944293631676,128.08695652173913,0.2531362777109469,1.1356996672342952,8.359683794466402,14.853754940711463,47.85375494071146,10.284677206851121,0.26672211242863414,4.123359065793724,134.47430830039525,0.2657595025699511,0.359375,7.110843787592369,0.5100246263145778,5.696820251899022,0.07235465017103143,3.0,0.25,1.5555555555555554,15.0,2886.3333333333335,10198.416666666666,1710.8647685185185,0.16090277777777776,3.5,0.2916666666666667,0.5242788720626953,9.65900624468945,0.034782352261516804,3.0220552088741974,0.03409090909090909,2025.888888888889,4.017340761090761,0.046805635672074346,2.3524050012012108,0.028044609025332384,0.4471322275142304,4.043276072526744,56.72727272727273,0.16115702479338842,4.575284090909091,100.32386363636364,1.1153715779958677,5.451704545454546,42.09090909090909,135.2755681818182,27.640888573232324,0.4769333964646464,0.05650475533753064,0.6561649615128038,0.01256531822798564,62,c359ca40-9067-4c5c-9831-3553a52cfed3,352
502.4166666666667,521.0,1080.9941683371271,2.151588989889787,0.28272885343483417,0.007975429399038132,0.022600101827162863,3.5369577170887823,29.274562336608895,29.274562336608895,29.0,24.0,28.494728166979602,23.32365015827174,0.0,0.8185250977512313,0.0,520.5,521.0,86.66904755831217,0.16651113844056134,0.9331496016088648,1.0716395294772423,29.274562336608895,28.494728166979602,23.32365015827174,0.8185250977512313,8688650.0,8688650.0,1.1218087161928625,114.0,120.0,143.0,161.0,128.84452975047984,126.0,10.0,47.0,6.702598354706914,4.569612205975843,129.13896159235458,8.715420502152792,1.0645311655380025,3.818333979370164,75.95855452934522,0.50704573001131,2.9004085801838615,1.4709082793509687,-0.1679315206105069,0.83185532547126,0.24055158324821246,0.5513800194826275,0.2405515832482125,0.7959563404466119,0.1826865190449908,0.8797242083758939,0.8797242083758939,0.9759448416751789,0.939862104187947,-0.22462788613917103,0.6203412777009997,0.2405515832482125,1.6590909090909092,0.3343183096299094,1.9199685920685128,0.5542996168766005,0.49540347293156284,3.3181818181818183,1.679417008820301,0.26810172717986813,260.71189279731993,0.4367033380189614,0.3849453857786981,3.4489112227805694,20.780569514237857,65.59463986599665,9.766890005583473,0.4975804950679322,4.170167410228905,100.01842546063652,0.16753505102284175,0.286468330134357,8.594973752065744,0.36452488565026997,1.5297887520838769,0.1671456810411652,6.428571428571429,0.45918367346938777,0.8826530612244898,5.785714285714286,8305.642857142857,30969.285714285714,2643.859126984127,0.43849206349206354,2.5714285714285716,0.1836734693877551,0.24448349662893892,2.04512044600435,0.04441244270660296,3.0930692077718867,0.026871401151631478,6920.739795918366,12.275445429849793,0.01780304182893101,0.8155527060941816,0.02261447493947198,0.04990122440409684,3.736809144048529,86.54318618042227,0.16610976234246116,3.74981671891866,264.1708253358925,0.281888145121776,3.147792706333973,48.75047984644914,146.8176583493282,24.502399232245683,0.5014395393474088,0.03826129621892121,0.16569861332959998,0.017061666948360348,63,1919c2da-98ea-43bf-b8ff-225c018f21dd,521
430.1666666666667,448.0,932.1623414240295,2.1669794841318004,0.29563129566862795,0.008527554174066074,0.025837543471065778,3.382591811662918,28.844410203711913,28.844410203711913,23.0,26.0,27.974185770509095,20.785584283896483,0.0,0.7430273200590894,0.0,447.5,448.0,81.5979797464467,0.1823418541820038,0.9190138267477683,1.0881229105538355,28.844410203711913,27.974185770509095,20.785584283896483,0.7430273200590894,5173874.0,5173874.0,1.6090831108666148,76.0,82.0,137.0,160.0,105.57142857142857,102.0,30.25,84.0,16.6422193877551,12.839371804236672,107.46546372140746,20.087293552016856,0.6037829538852122,2.4719085996657575,403.49936224489795,0.35677415497448983,3.349671249252839,11.171261340427362,2.1153120600693622,2.120683304221007,0.21219366407650928,0.8180841364888917,0.21219366407650925,0.745654977850792,0.16716751300229482,0.8939031679617452,0.8939031679617452,0.9875180197602051,0.957561267184698,-0.4645145807804418,0.8705731211044014,0.21219366407650925,1.6948595337716676,0.2718491608754634,2.3443008115770283,0.8319090956386268,0.42916915720263,3.389719067543335,2.1321071475005198,0.5832192420743791,154.65822784810126,0.3262831811141377,0.6888853282059499,6.0548523206751055,29.219409282700422,72.20675105485232,21.492088607594937,0.31748124706985464,4.116692212584068,95.0168776371308,0.20045754775765992,0.26450892857142855,14.926543110968685,0.3907122982583372,3.337328592165744,0.062039856403356325,5.0,0.4166666666666667,0.6666666666666666,9.666666666666666,5816.833333333333,15307.083333333334,3898.046875,0.18460648148148148,2.5,0.20833333333333334,0.401504406280702,4.358876669528745,0.039437733052726624,3.0220552088741974,0.026785714285714284,4423.055555555556,6.635558566574988,0.03823048680173512,1.122915142452438,0.021079994934977406,0.22560437134341543,3.5350374008028855,105.90625,0.23639787946428573,4.044563137755103,159.83482142857142,0.6567631935586735,3.8058035714285716,51.433035714285715,137.68526785714286,35.24486917162698,0.5559430803571429,0.040142366945951656,0.29258798482604015,0.012216752234954827,64,567f61ad-38e1-4a0a-973c-d521e22af5d7,448
203.66666666666666,216.0,455.87127059986426,2.238320477577075,0.3672162331678045,0.011805426563765849,0.04951828717674361,2.723191160078798,18.973665961010276,18.973665961010276,18.0,15.0,18.61639036361215,14.81218620966258,0.0,0.7956529660344187,0.0,215.5,216.0,55.45584412271568,0.25733570358568764,0.9383854147482278,1.0656602119804939,18.973665961010276,18.61639036361215,14.81218620966258,0.7956529660344187,3118534.0,3118534.0,1.713439527085178,86.0,94.0,144.5,161.0,118.72222222222223,117.0,30.0,75.0,15.77417695473251,12.366993801652894,120.15680341706584,18.5119247520265,0.17145804359182618,2.0525324615372122,342.69135802469134,0.3366769547325103,5.0970625798212,10.941463543021468,0.31365181923724483,2.103710880475755,0.2835249042145594,0.7624659398683233,0.2835249042145594,0.8602093948245568,0.20313853290468434,0.8582375478927203,0.8582375478927203,0.9833220644579672,0.9432950191570881,-0.37823135564695465,0.8448240820978821,0.2835249042145594,2.1545338441890163,0.20540574043899007,2.6815962410401424,0.777704154397901,0.35887611749680715,4.309067688378033,2.398071336825584,0.5968089461725785,101.6996699669967,0.33564247513860296,0.688908494809877,7.231023102310231,12.415841584158416,59.08910891089109,4.643289328932893,0.2509396773010635,3.94952514674708,63.224422442244226,0.20866146020542647,0.3506944444444444,4.284874031957652,0.38604283615161494,3.7682749560730486,0.055007755714415664,1.6666666666666667,0.2777777777777778,1.1388888888888888,9.166666666666666,2584.6666666666665,13784.333333333334,720.9363425925926,0.2662037037037037,1.0,0.16666666666666666,0.17812502082174234,1.6812303091051077,0.019342510164355387,2.5849625007211543,0.027777777777777776,1288.6666666666665,3.0615581337325346,0.05280861562784596,1.4813305923129119,0.029548193073382755,0.2667403617800965,3.8762202424549677,38.333333333333336,0.17746913580246915,3.128858024691358,72.72222222222223,0.6504629629629629,5.712962962962963,41.5,187.4351851851852,16.532568158436213,0.3302147633744856,0.0407383094269944,0.3298646571111298,0.00931343636562993,65,b347657a-eae2-44ed-9a9c-f8aea2056f34,216
763.6666666666666,788.0,1625.474592007297,2.128513215199429,0.24856491551630466,0.00657443778700245,0.01535746330440383,4.023093918636336,41.23105625617661,41.23105625617661,30.0,31.0,40.35036570354546,25.128802446007587,0.0,0.6227651722075866,0.0,787.5,788.0,110.91168824543156,0.14084023904181786,0.8969183251382493,1.1149287197871243,41.23105625617661,40.35036570354546,25.128802446007583,0.6227651722075866,10355143.0,10355143.0,1.6879438311934924,88.0,94.0,139.0,170.0,113.26522842639594,109.0,26.0,82.0,14.550774304929268,10.791830436428219,114.63439456046189,17.664440148501853,0.8348784727560676,3.06051734562329,312.0324457600042,0.349355175345925,4.438795986622074,13.364553309463716,1.4771035700669881,2.1796043668415344,0.2190635451505017,0.8173456658545324,0.21839464882943144,0.760218436688864,0.171367322513171,0.8909141583054626,0.8908695652173912,0.9871257131615188,0.9563433667781494,-0.4579100858961386,0.8806748088329902,0.21780936454849498,1.9871237458193978,0.24474838089059409,2.5161075273706692,0.819379443369354,0.41103678929765886,3.974247491638796,2.2946892172901627,0.5996669779980089,241.4004914004914,0.29656080024630393,0.8187553199838211,6.452088452088452,26.970515970515972,103.34643734643734,12.779449904449905,0.3185827873327874,4.718364448593755,126.05405405405405,0.15485756026296568,0.258248730964467,11.976305320285665,0.3280972434625402,2.81338468482801,0.0799060871670554,3.769230769230769,0.28994082840236685,1.1479289940828403,9.692307692307692,15317.692307692309,57153.46153846154,6002.502670940171,0.25053418803418803,2.076923076923077,0.15976331360946747,0.32644698311270226,3.6294310842015682,0.0466074257518683,3.5465935642949344,0.01649746192893401,11643.4674556213,9.699267100977199,0.01890257139738698,1.186129878310679,0.022923574181613785,0.10143855755080321,4.031143589191665,157.78680203045684,0.20023705841428535,3.5007214821304338,275.29187817258884,0.6515804967919813,4.831218274111675,51.58121827411168,206.89467005076142,23.330222433728142,0.4055009165256627,0.03380955858090557,0.24000895363080363,0.010578134205756628,66,ae6e790d-d278-4791-8a40-f03f559d53dd,788
164.66666666666666,177.0,377.2355961094725,2.2909044298146104,0.3851310979435778,0.0126797811719717,0.05712494083091845,2.5965184461590822,21.18962010041709,21.18962010041709,20.0,11.0,21.5925439682242,10.6341298311037,0.0,0.4924908267758069,0.0,176.5,177.0,54.6274169979695,0.30950377902532294,0.8621178179792386,1.159934267852102,21.18962010041709,21.592543968224202,10.634129831103698,0.4924908267758068,2951710.0,2951710.0,1.4159959743755532,103.0,111.0,153.0,168.0,128.24858757062148,126.0,21.0,65.0,12.314788215391493,9.235481569560045,129.13685641061508,15.120432194764,0.6004425273331753,2.6765389281792076,228.62746975645567,0.39966165533531234,2.753184713375796,4.612317632488862,1.0504480356433634,1.39255142196438,0.2802547770700637,0.664928576625518,0.2802547770700637,0.8557977299555926,0.20171203699947263,0.8598726114649682,0.8598726114649682,0.9719745222929936,0.9299363057324841,-0.2927497374555019,0.735272523026779,0.2802547770700637,1.573248407643312,0.26744239117205565,2.268238975805204,0.6690778723556092,0.42038216560509556,3.146496815286624,1.9879841987351408,0.4182015497586109,98.6640625,0.385406494140625,0.4803314208984375,4.52734375,13.3203125,30.3125,9.801432291666666,0.3916015625,3.613182235430384,61.859375,0.24163818359375,0.3615819209039548,5.671630859375,0.48196141226131994,2.820512651980154,0.114699181035315,1.5,0.375,0.6875,5.75,3070.25,7665.25,1989.2777777777778,0.3680555555555556,1.0,0.25,0.004319868820550057,0.03834571899504888,0.0005201964003821416,1.9999999999999987,0.022598870056497175,1112.1875,8.812841173054588,0.06123270983158122,0.7110353255708031,0.0407330057973232,0.1630702605838871,3.532281783610517,30.9774011299435,0.1750135657058955,4.242714417951419,70.74011299435028,0.4708097928436912,3.248587570621469,41.54237288135593,91.90395480225989,30.508788449466415,0.5759573132454489,0.04086328562603112,0.20338326835232945,0.015611332770710293,67,9bf15793-87a2-4253-8290-0e434abd2b57,177
1195.4166666666667,1225.0,2509.762263043109,2.0994874281294744,0.2170356504384217,0.005364083044396341,0.010223350057920735,4.607537968900295,45.69463863518345,45.69463863518345,42.0,37.0,43.55575229456625,36.11642903701742,0.0,0.8291999824216808,0.0,1224.5,1225.0,133.9827560572971,0.10941833896063463,0.92583889046707,1.0801015277026405,45.69463863518345,43.55575229456625,36.11642903701742,0.8291999824216808,14289173.0,14289173.0,1.4382426245547637,83.0,92.0,128.0,149.0,107.14530612244899,105.0,20.0,66.0,11.248778342357353,8.580635036270072,108.00292135126791,13.583607633278445,0.6775033017595621,2.6348822252276434,184.51439633486046,0.3931221990837151,3.284651360544218,5.449350889980133,0.681542134377691,1.5676247725918602,0.16517857142857142,0.8093510472511829,0.16517857142857142,0.6465556429180532,0.13789461096938777,0.9174107142857144,0.9174107142857144,0.983482142857143,0.9587053571428573,-0.48734823961135365,0.8618014742170454,0.16517857142857142,1.7129039115646258,0.29931048604603405,2.106762748359815,0.816580079583713,0.4017857142857143,3.425807823129252,1.941584176931244,0.43320083600510784,346.24563206577596,0.35585368146534013,0.5470266570475817,4.886947584789311,53.45940390544707,147.46145940390545,32.857142857142854,0.38226561607856574,4.811143450610892,132.80678314491263,0.1364920690081322,0.19857142857142857,28.098397746345572,0.32376071710342974,2.0674715414671714,0.08461209789872101,4.555555555555555,0.5061728395061729,0.4691358024691358,7.0,63231.22222222222,184803.55555555556,34202.583333333336,0.24074074074074073,1.4444444444444444,0.16049382716049382,0.2779356803378504,2.362526587055655,0.03474025630769155,2.947702779220087,0.007346938775510204,44704.98765432098,31.912830831608005,0.013907903753575623,0.4368428509395306,0.025124423640025813,0.03608740819917251,3.6071789430159344,330.12326530612245,0.26948837984173263,3.3295020408163265,481.574693877551,0.4657392753019575,3.5461224489795917,58.25877551020408,178.76734693877552,33.191043083900226,0.5194784580498866,0.02614633563175837,0.1257418340352014,0.01069496147224322,68,4aeeae93-8a86-40c7-9657-67f738a83bdb,1225
326.9166666666667,343.0,717.0379857710466,2.193335668940239,0.3200614259315093,0.009606139310119794,0.03278687366861073,3.1244002525127543,26.0,26.0,24.0,17.0,25.93709005464519,16.95599090486316,0.0,0.6537352829149173,0.0,342.5,343.0,71.69848480983495,0.20933864178054,0.9150087392245428,1.0928857366405986,26.0,25.937090054645193,16.95599090486316,0.6537352829149172,4126455.0,4126455.0,2.204893495014778,67.0,74.0,139.0,207.0,105.98542274052478,102.0,43.0,140.0,23.208425060986492,17.580628411494278,109.68354958498874,28.241303370682715,0.8484518250100761,3.4372446894935815,797.5712160749349,0.25432430364898984,7.962904498816101,74.25463342925272,7.541164210445958,4.472309970354248,0.4427782162588792,0.8198289839580732,0.41278610891870565,1.0617865056117615,0.27238584454263376,0.7986056300973429,0.7966061562746646,0.9912123423329512,0.9488182934315531,-0.38295826937986366,0.8948789252235088,0.3865430149960537,2.6373322809786894,0.1402607256388102,3.406476524010217,0.8335245473272977,0.292817679558011,5.27466456195738,2.9506591573859375,1.2287720466532819,132.93431855500822,0.2182829532922959,1.718152183584492,11.939244663382594,8.952380952380953,66.623973727422,2.294703837747469,0.20376130528839886,4.172684013576808,196.0870279146141,0.3219819834394321,0.44387755102040816,3.876941660532624,0.5793131348203091,8.928076506358185,0.08599497766043548,2.090909090909091,0.19008264462809918,2.6942148760330578,20.181818181818183,2527.7272727272725,16019.363636363636,588.5467140795713,0.156072459286745,1.3636363636363635,0.12396694214876033,0.1413636199211633,4.067547854950507,0.005318866961403753,3.4594316186372938,0.03206997084548105,1555.4214876033056,1.547464134168519,0.039188995090358295,7.078821791109433,0.022349300972358314,0.8536831936737583,4.317486831153581,51.775510204081634,0.15094900934134586,3.7401082882132446,87.23323615160349,1.4176746083689618,9.104956268221574,33.43148688046647,202.61516034985422,9.817780818838711,0.24623982732062702,0.056792980878778467,0.8513800508055506,0.009438301951273978,69,5f494ada-58f4-4fec-9c3f-4ff8e933bf8d,343
423.1666666666667,441.0,918.1623414240296,2.169741649682622,0.2968740806143672,0.008581383282921523,0.026164765456162913,3.368431484252671,28.442925306655784,28.442925306655784,28.0,21.0,27.840439166268563,20.387145565311933,0.0,0.7322853437604164,0.0,440.5,441.0,81.59797974644667,0.18523945458898222,0.9117976783059586,1.0967345320048563,28.442925306655784,27.84043916626856,20.387145565311933,0.7322853437604164,7197789.0,7197789.0,1.2643294164251482,104.0,115.0,144.0,163.0,127.2312925170068,125.0,12.0,59.0,8.770573989232883,5.592790247895418,127.75569265908554,11.563529359783278,0.9051226705596211,3.643232142079108,133.71521125456985,0.44625953177945404,2.598176291793313,2.6581166619830214,0.4862413039864958,1.111079905026746,0.19878419452887539,0.6964811928255544,0.19878419452887539,0.719489809511062,0.1592690385343816,0.9006079027355623,0.9006079027355623,0.9801215805471125,0.9503039513677812,-0.35708946301288413,0.7585395003394293,0.19878419452887539,1.5395136778115504,0.322895206067941,1.9704598376513458,0.7061198997375838,0.4237082066869301,3.0790273556231007,1.771675643122471,0.3274660248889053,178.77578475336324,0.40084256671157675,0.45170825876249276,3.9820627802690582,28.85201793721973,64.69506726457399,20.349651220727456,0.44631290483308417,4.268018226960043,71.18834080717488,0.1596151139174325,0.2528344671201814,13.20875143276559,0.37592172155745784,2.0537643784104374,0.11098549957418581,4.2,0.42,0.44,6.2,8495.9,21372.9,5330.872222222222,0.25555555555555554,4.0,0.4,0.6252113482689519,4.501871449596795,0.10072033579282229,2.3219280948873604,0.022675736961451247,6551.09,11.5399584389969,0.028265563838635096,0.6122890653297446,0.024069173028697502,0.08103515880277087,3.6672010223154645,85.92517006802721,0.1948416554830549,4.153680822291124,196.80045351473922,0.35989119759770877,2.886621315192744,52.83673469387755,126.73696145124717,35.06210632401108,0.5938523557571177,0.04319479080789954,0.21262679187741276,0.016208000753001293,70,3c576a39-d62c-421e-9d51-0d8ec3d2a47f,441
182.66666666666666,195.0,415.14261958064736,2.27267857434661,0.3750245272273869,0.012183957776365936,0.05274472310085164,2.666492262234557,21.470910553583888,21.470910553583888,19.0,12.0,21.80592721938256,11.505812482283956,0.0,0.527646101288315,0.0,194.5,195.0,57.11269837220805,0.2936385520422008,0.8656295137078187,1.15522863322511,21.470910553583888,21.80592721938256,11.505812482283956,0.527646101288315,3619333.0,3619333.0,1.5574807767117078,108.0,113.0,158.0,174.0,135.17435897435897,134.0,29.0,66.0,14.62879684418146,11.860937500000002,136.23759411881161,16.98748737021425,0.258176477006266,1.9471588958285815,288.57472715318863,0.34600920447074296,3.8995695839311337,7.47296863292889,0.7059614884929499,2.021354071250224,0.25251076040172166,0.7779016968055441,0.25251076040172166,0.8152333870057724,0.18874907628306598,0.8737446197991391,0.8737446197991391,0.9747489239598277,0.9368723098995695,-0.39607628941415524,0.8396542305484833,0.25251076040172166,1.8593974175035868,0.21207717436276396,2.471925808459162,0.778367820860329,0.2926829268292683,3.7187948350071736,2.219415048057441,0.5684662079129863,96.72972972972973,0.37347385996034643,0.5039579016412993,4.980694980694981,13.59073359073359,51.0965250965251,7.4832689832689825,0.35660660660660665,4.003432826394675,49.3011583011583,0.19035196255273476,0.33205128205128204,4.521101355078189,0.36425860931388143,2.159544930012617,0.08798205418800185,1.8,0.36,0.56,5.4,2579.8,10263.6,1192.6277777777777,0.34444444444444444,1.4,0.28,0.4001633767505727,2.600923515755154,0.07228811825006363,2.321928094887361,0.02564102564102564,1058.8000000000002,8.1569333090379,0.06098480406118586,0.628235725889125,0.04652313825410473,0.15984745237273562,4.041135520156321,34.52820512820513,0.17706771860618015,3.1280999342537803,67.47179487179487,0.5794608809993426,4.297435897435897,43.36923076923077,163.5179487179487,23.611253561253562,0.46054131054131053,0.04217701206788509,0.22868287723446457,0.013763776304285562,71,169c31aa-5133-47e3-959c-8c90ae14f89b,195
659.9166666666666,682.0,1406.8861347391758,2.1319148398623704,0.260546097648937,0.007055466534014652,0.017686981379724017,3.838092410608323,32.802438933713454,32.802438933713454,30.0,27.0,31.683073321252387,27.52525470068485,0.0,0.8687684563170659,0.0,681.5,682.0,98.18376618407365,0.144070089778538,0.9425364950851808,1.0609668752504124,32.802438933713454,31.683073321252387,27.52525470068485,0.8687684563170659,14143939.0,14143939.0,1.148813069825382,111.0,129.0,161.0,175.0,143.46774193548387,142.0,19.0,64.0,10.490918550752058,8.03243072321896,144.01011592848633,12.486813591524184,0.18073025476757115,2.3166485419051677,155.92051366947308,0.5026917553168617,5.445433436532507,2.4463046102663126,0.23829627870774495,1.0150533408735827,0.12925696594427244,0.774087561434772,0.12693498452012383,0.5552480989322955,0.11314447564914835,0.9369195046439628,0.9367647058823528,0.9924376252048808,0.9746904024767802,-0.4841987877717235,0.8172334058999572,0.1249032507739938,2.2856037151702786,0.4120759957681948,1.7252849771617105,0.8022783369975358,0.5739164086687306,4.571207430340556,1.587444233733704,0.28607757670446377,189.75479744136462,0.4045944508344661,0.45211651156341354,5.953091684434968,60.51599147121535,317.75266524520254,13.468431651267474,0.2666429755981995,4.949490779892781,46.54797441364605,0.0992494123958338,0.17192082111436952,26.68279376798614,0.2489727571605265,1.5041772764943562,0.08901609557758096,2.75,0.34375,1.25,5.25,28856.5,146935.375,6373.3828125,0.5668402777777778,1.25,0.15625,0.29892677555663233,2.2017263923499866,0.17865013953387687,2.9999999999999973,0.011730205278592375,21588.9375,3.688826121258131,0.028896946531771207,0.8079748699841101,0.005918792610657871,0.15156869401466755,3.190162346867339,218.0058651026393,0.3196566936988846,3.081973839234269,342.8357771260997,0.2905741264695006,5.596774193548387,61.21700879765396,335.50293255131965,13.625539670902572,0.23127443792766372,0.026199362415760267,0.15607002149724886,0.008095926239327417,72,6e7ae1a3-a216-4a26-ac60-7f9e002a7a01,682
260.1666666666667,274.0,574.9922264644943,2.2100918377879344,0.3427598306631857,0.010645933679071374,0.040268899293294524,2.9174947311216695,20.0,20.0,19.0,18.0,19.4230086716223,17.969814812578303,0.0,0.9251818354399871,0.0,273.5,274.0,62.28427124746186,0.22773042503642363,0.9412504784409759,1.0624164586416285,20.0,19.4230086716223,17.969814812578303,0.9251818354399871,2836710.0,2836710.0,2.1409336132522676,59.0,66.0,139.0,170.0,97.78102189781022,93.0,45.75,111.0,23.676754222387977,18.27672266861456,101.7494776614581,28.13943782308951,0.5971279868669577,2.432264837735599,791.8279609995204,0.24290052746550164,6.088557213930349,50.64471911003233,5.452282288958667,4.540517313927873,0.38706467661691546,0.8428987372063502,0.37512437810945276,0.9940878072227033,0.24634637756491176,0.8144278606965173,0.8136318407960198,0.9852079126911859,0.9377635631366974,-0.42158053030153253,0.9073865340667102,0.3646766169154229,2.2472636815920395,0.14116036731764064,3.2453195167166857,0.850373795513817,0.25671641791044775,4.494527363184079,2.8401799998130066,1.2318954976361973,108.43290043290044,0.23470324769026069,1.3133187159161186,10.004329004329005,9.878787878787879,45.16450216450217,5.6413383838383835,0.22522426647426647,4.03777104393386,141.9047619047619,0.30715316429602146,0.4215328467153285,4.251007289968329,0.5624809699412875,7.1627350760329795,0.06882550594692743,2.5555555555555554,0.2839506172839506,1.5802469135802468,14.222222222222221,1985.5555555555557,9978.111111111111,900.8966049382716,0.18790123456790125,1.2222222222222223,0.13580246913580246,0.2557260363541259,4.140948167020246,0.015879900010886752,2.947702779220087,0.032846715328467155,1058.6913580246915,3.5352655677655678,0.059619065874716035,2.3286403358678114,0.038648147510140715,0.49473704736195556,4.132534217149006,40.87591240875913,0.14918216207576324,4.189887580585007,66.55474452554745,1.3896451595716341,7.069343065693431,35.86131386861314,145.51459854014598,20.912317518248177,0.3916869424168694,0.056295762965905466,0.6821757943174566,0.01113100166228968,73,05284c0c-09cf-469f-91c4-78295bf6b160,274
252.66666666666666,267.0,561.1849790988481,2.2210487299426704,0.344410767372545,0.010722942015669895,0.04085358390189024,2.9035096888196645,23.769728648009426,23.769728648009426,22.0,15.0,23.223976654339666,14.683654916128587,0.0,0.6322627315156545,0.0,266.5,267.0,63.455844122715675,0.23810823310587495,0.9119728577549616,1.0965238619729738,23.769728648009426,23.223976654339662,14.683654916128587,0.6322627315156545,3563971.0,3563971.0,1.7848176164968725,76.0,88.0,142.4,172.0,113.59176029962546,111.0,27.5,96.0,16.77725876362412,11.606341165167263,115.53443639239931,21.097819426229684,0.5848710042594472,2.899900654864636,445.1179845417946,0.31967063642357174,4.52923076923077,17.47092952394291,2.1441820664542544,2.5238658777120317,0.28410256410256407,0.7976454721699306,0.27999999999999997,0.8701166291001626,0.20570256410256407,0.8606837606837607,0.8604102564102565,0.9833604826546004,0.9441367521367522,-0.4117152415583573,0.8694155759580856,0.2764102564102564,1.9923076923076923,0.20825509533201841,2.7199082832986505,0.8062804405288926,0.34974358974358977,3.984615384615385,2.4276698656833027,0.7019921104536488,109.48351648351648,0.3007788914382321,0.7993297910880328,7.104395604395604,15.335164835164836,58.82967032967033,7.685935592185593,0.2739430708180708,4.062412054591457,83.43956043956044,0.22922956164714406,0.3408239700374532,6.726421929718633,0.4619992549537757,4.266809269996207,0.07100016660491654,1.6666666666666667,0.2777777777777778,1.1388888888888888,9.166666666666666,3745.1666666666665,15345.5,1525.5115740740741,0.2662037037037037,1.0,0.16666666666666666,0.060862287527049114,0.6811170742616177,0.005863699370657287,2.5849625007211543,0.02247191011235955,1764.9166666666665,4.279957910373854,0.05405874441407437,1.2448521440671947,0.031017383268613072,0.27420631052712546,4.008809594636338,46.31086142322097,0.17344891918809355,4.168693627347837,85.35205992509363,0.775351035924196,5.127340823970037,43.52434456928839,159.2996254681648,22.643102372034956,0.41188098210570123,0.039515197013747935,0.30314345116601227,0.010590552023972303,74,869cc8cc-a7d1-4338-9ec0-76a80dfbd1bc,267
305.4166666666667,321.0,673.480907627085,2.2051216620804963,0.3256521810993845,0.009858931833266511,0.034535199869948054,3.070760946922121,26.248809496813376,26.248809496813376,25.0,17.0,25.775074095271318,15.91741116347214,0.0,0.617550549210345,0.0,320.5,321.0,71.35533905932735,0.22263756336763604,0.8893904766267196,1.1243655360385691,26.248809496813376,25.775074095271318,15.91741116347214,0.617550549210345,4182522.0,4182522.0,2.0462827037741267,66.0,79.0,146.0,162.0,111.53894080996885,111.0,39.0,96.0,20.687765064391844,16.279120975910512,114.14755166626163,24.263722599637,0.045631950972491286,2.0076995549403343,588.7282343921353,0.2651274735299541,9.12457627118644,29.756339355879568,0.3472233091017183,3.6514248779086476,0.30338983050847457,0.8465719115169853,0.3,0.8942905595451718,0.21338983050847454,0.8505649717514125,0.8503389830508475,0.9883581351436407,0.9500807102502018,-0.4437288282894226,0.9115775501450164,0.29703389830508475,2.8788135593220336,0.15247486354495837,3.1174265975412547,0.8528592004294935,0.24491525423728813,5.757627118644067,2.8033837087401414,0.9887036771042805,117.51754385964912,0.25771391197291477,1.1216335795629426,11.741228070175438,12.68859649122807,111.98684210526316,2.4894018031189082,0.16045748050682263,4.430227820681736,97.03508771929825,0.21279624499846106,0.35514018691588783,4.7599261311172665,0.4209344866520357,6.244981592194219,0.0417819484760741,2.8,0.28,1.6099999999999999,15.3,2591.9,23668.4,412.15775,0.17311111111111113,1.6,0.16,0.32963278271894136,7.073281481012787,0.01633125643484691,3.12192809488736,0.03115264797507788,1561.4900000000002,1.976564713413969,0.04645394170240501,2.344273368631045,0.028494602200055796,0.3526918368557577,4.593654946020862,49.81619937694704,0.15519065226463252,3.6476548170145864,85.10591900311526,1.0555992274919692,9.925233644859814,41.57943925233645,356.8722741433022,8.792688646590516,0.18947819314641745,0.047693177911524595,0.6841359412981761,0.006065684497673471,75,0ff5124d-4b83-44a6-9c14-3c9ad9f0e711,321
362.9166666666667,380.0,797.1445614532817,2.1964947732352194,0.30866328876989235,0.009097589688505022,0.02940728548505729,3.239776275258628,32.449961479175904,32.449961479175904,22.0,17.0,32.63091444771412,14.879096814960043,0.0,0.45598160722101255,0.0,379.5,380.0,81.49747468305831,0.21474960390792705,0.8473574856606032,1.1801394534449603,32.449961479175904,32.63091444771411,14.87909681496004,0.4559816072210125,3674696.0,3674696.0,2.0613637630153754,58.0,66.0,139.20000000000005,181.0,94.19473684210526,86.0,31.0,123.0,22.018504155124653,14.507540983606559,98.33744267357652,28.241887026639787,1.174027115269532,3.641456327639534,797.6041828254847,0.28822714681440437,5.55206847360913,65.96898038766622,9.161342746883284,4.233186338652139,0.46219686162624823,0.8031270965918841,0.3894436519258202,1.1014268563147223,0.31053050360092876,0.81651212553495,0.8125534950071327,0.987870609553919,0.9456219006860948,-0.37588873285120555,0.8771222320518272,0.3342051038199398,2.146932952924394,0.178649412597858,3.168873239425679,0.8193510808097535,0.3288159771754636,4.293865905848787,2.7067902909196535,1.173845800069597,130.95145631067962,0.21189556037326798,1.8015730878394653,10.190938511326861,12.31715210355987,50.44336569579288,6.215617583603021,0.2643603919453434,4.260175937502327,215.24919093851133,0.3482996617128015,0.40657894736842104,6.267781024497021,0.6120014666201675,8.197162233381766,0.10306235881368997,5.928571428571429,0.21173469387755103,1.7895408163265305,19.25,1345.7857142857142,4763.071428571428,605.6752182539683,0.1071626984126984,7.357142857142857,0.2627551020408163,0.4995639377983844,12.853592023182017,0.02396095397800451,3.6923806024549695,0.07368421052631578,1161.6020408163263,2.9264915966386553,0.03819068061248663,4.285960804684436,0.0273908872018458,0.6285565208963826,4.393004052728215,52.28947368421053,0.1376038781163435,5.915124653739612,109.52631578947368,1.4040443213296396,6.573684210526316,38.94736842105263,140.05263157894737,20.352073099415204,0.39990789473684213,0.08581537217713596,1.4489396681187094,0.013958544410427154,76,ada3cd64-c217-4440-a6ec-3d13270c13df,380
352.4166666666667,368.0,768.1165821174759,2.179569398299766,0.31411929190339644,0.009339869143893393,0.03099444252040529,3.183503929161848,24.166091947189145,24.166091947189145,21.0,23.0,23.928652553029032,19.6953084009304,0.0,0.8230847247785064,0.0,367.5,368.0,72.18376618407355,0.19641841138523414,0.9414430769122617,1.0621991116869145,24.166091947189145,23.928652553029032,19.6953084009304,0.8230847247785064,4121388.0,4121388.0,2.023401483100342,67.0,74.0,137.0,166.0,103.1304347826087,100.0,38.0,99.0,20.066398865784496,15.776533333333331,105.82733065254683,23.738941311557532,0.45107768881364174,2.2715611548945542,563.5373345935728,0.27252185727788275,7.202633504023408,29.0385402088721,1.8434884030278733,3.484794955179808,0.29992684711046086,0.8415065292624864,0.29846378931967815,0.8858967564565643,0.21084621357539962,0.8510119483052915,0.8509144111192393,0.9884759944039011,0.9502908698226914,-0.4453497350312427,0.9086950085892257,0.2971836137527432,2.5310899780541334,0.16605572141752856,3.0494867179907166,0.8481504166438876,0.3167520117044623,5.062179956108267,2.7448782351019054,0.9461804505725673,130.9921875,0.2558441162109375,1.12835693359375,10.26953125,13.81640625,89.64453125,4.040388454861111,0.19922688802083335,4.404411756307953,112.0546875,0.2188568115234375,0.34782608695652173,5.55078125,0.4303053611099154,5.745687471931268,0.054750456022744656,1.5714285714285714,0.22448979591836735,1.9591836734693877,13.714285714285714,5245.714285714285,36223.142857142855,1184.046111111111,0.22373015873015875,1.0,0.14285714285714285,0.16108356339676924,2.739042769136984,0.009728542777171055,2.807354922057602,0.019021739130434784,2481.959183673469,3.027947173599348,0.040031121503363375,2.345327264032777,0.027780043238786023,0.3220573011997317,4.358172021792402,60.48913043478261,0.1643726370510397,3.4146975425330814,100.28804347826087,1.0373345935727787,7.956521739130435,42.07065217391305,258.9402173913044,13.119622584541062,0.26051781400966184,0.039486826232103145,0.45664320614517945,0.007380687434159116,77,1112fdc9-e4ba-44d1-8349-f2dfe40def8b,368
295.1666666666667,310.0,650.5561041851616,2.2040297149130263,0.32954210295673153,0.010036106011611107,0.035787612512962294,3.0345136206504657,24.186773244895647,24.186773244895647,19.0,21.0,23.680147705806604,16.762144278159568,0.0,0.70785640724907,0.0,309.5,310.0,68.76955262170046,0.22219564659677046,0.9068575219740829,1.102709053813835,24.186773244895647,23.680147705806604,16.762144278159568,0.70785640724907,5881316.0,5881316.0,0.2523632217170288,124.0,129.0,147.0,157.0,137.56129032258065,137.0,11.0,33.0,5.926534859521332,4.708851631512529,137.73883655953463,6.991316153691956,0.3330030806557987,2.3449208711942213,48.87850156087409,0.9253485952133196,4.080701754385965,0.13801157935661423,0.07187286776498025,0.06355493998153278,0.03684210526315789,0.26607192127287543,0.03684210526315789,0.2276211090657735,0.03548476454293629,0.981578947368421,0.981578947368421,0.9963157894736842,0.9907894736842106,-0.1138107446368229,0.2034399103006097,0.03684210526315789,2.018421052631579,0.9147229916897508,0.3502599739322897,0.3048770599610712,0.956140350877193,4.036842105263157,0.3134178686691324,0.02509926131117267,82.50704225352112,0.5810355088276136,0.23090656615750843,5.183098591549296,117.2394366197183,472.9577464788732,29.21752738654147,0.23591549295774647,4.022019941262328,17.732394366197184,0.12487601666336044,0.11451612903225807,40.98472525292601,0.3152889968263345,2.409478018256477,0.06570375773650113,2.2,0.44,0.64,6.4,17777.6,71192.8,4442.2444444444445,0.31666666666666665,2.2,0.44,0.6024713879532732,3.8222312308254383,0.24471935590464203,1.9219280948873614,0.016129032258064516,13933.6,0.7653571428571427,0.17018473278252041,0.16763834698324545,0.0005883264520604659,0.2913774915329521,1.6318740822716706,159.1290322580645,0.5133194588969823,2.9349011446409987,286.85806451612905,0.0376690946930281,4.167741935483871,68.28387096774193,274.3032258064516,17.04068100358423,0.2474910394265233,0.029374150675801982,0.160686566860914,0.008294354076756149,78,5b752ed3-1b5f-4012-b007-b1be13b19a03,310
417.6666666666667,435.0,906.605263280067,2.170643088459857,0.2980476939657478,0.008632319893362295,0.026476300278505973,3.3551677139126657,28.0178514522438,28.0178514522438,23.0,24.0,27.84892713103495,19.953999162928604,0.0,0.7165087211094675,0.0,434.5,435.0,81.25483399593907,0.1870076731782257,0.9093909230091491,1.0996371029205216,28.0178514522438,27.84892713103495,19.953999162928604,0.7165087211094675,4658493.0,4658493.0,2.1772811658736297,57.0,64.0,138.60000000000002,179.0,99.64367816091954,97.0,42.0,122.0,22.992997753996566,17.064471879286693,103.48516468723827,27.93414958268667,0.5177598511081517,2.5983324983097145,780.3167129079138,0.24283789139912804,6.690505548705302,50.26674024981235,4.339544628425128,4.3852271707912625,0.3588162762022195,0.8487297680928201,0.33662145499383483,0.9801159058454866,0.24550227224005314,0.8353884093711468,0.8339087546239211,0.9903922418102445,0.9523075568081735,-0.45061508663626704,0.920467635508724,0.3172009864364982,2.384093711467324,0.14680768897450436,3.2303946710880926,0.8686980482548975,0.249691738594328,4.768187422934648,2.855005779828698,1.1860108617483707,144.77399380804954,0.2241083495480643,1.462606274382003,11.230650154798761,13.117647058823529,65.9814241486068,6.137539559683523,0.20213622291021674,4.340752628883656,164.36532507739938,0.25443548773591235,0.37126436781609196,5.862713147830421,0.4913714241921187,7.500157503946875,0.05268884358908069,4.666666666666667,0.25925925925925924,1.6666666666666665,20.444444444444443,2454.9444444444443,13694.555555555555,859.7587654320989,0.11441358024691357,4.444444444444445,0.24691358024691357,0.4779846396175676,12.663441443050111,0.019887239931153083,3.4193819456463674,0.041379310344827586,1870.9166666666665,2.4232844333292665,0.03832374820101782,3.8026538234306537,0.025202153436574233,0.5215769377715656,4.3424156205132265,63.8183908045977,0.14670894437838553,4.4427850442594785,105.63448275862069,1.3580129475492138,7.636781609195403,40.802298850574715,197.35172413793103,18.788565772669223,0.3385415070242657,0.06018510337297968,0.9980693485142034,0.00930290950990869,79,ec75cc35-832d-4096-8668-59986187d6b2,435
485.9166666666667,507.0,1052.0509080377228,2.165085044838394,0.2841113382923525,0.008033998118903549,0.022933254866879627,3.5197468922236155,30.01666203960727,30.01666203960727,27.0,23.0,29.167908729624205,23.277880491308913,0.0,0.7980647741010956,0.0,506.5,507.0,90.04163056034264,0.17777222223167352,0.8860358735752765,1.1286224743529432,30.01666203960727,29.167908729624205,23.277880491308913,0.7980647741010956,6731436.0,6731436.0,1.5900086096015609,77.0,90.0,136.40000000000003,164.0,113.92899408284023,113.0,22.5,87.0,13.607926893316062,9.428697819836083,115.22583947552839,17.238862784777627,0.2717246613672901,2.8732053641570086,297.178390112391,0.3913144964578738,4.568337730870713,9.64375256099129,0.7709262257623039,1.7761513773922486,0.20263852242744063,0.7951894514461532,0.19947229551451187,0.7309887346957131,0.16284932574961192,0.9007915567282323,0.900580474934037,0.988135961508614,0.9602110817941953,-0.4545474328710308,0.8645231445182148,0.1967018469656992,2.043271767810026,0.2990295249963451,2.3391003422810206,0.8072645008908386,0.49762532981530344,4.086543535620053,2.1288486139067024,0.49469747495492233,148.20078740157481,0.29173383346766696,0.841477307954616,6.580708661417323,31.65748031496063,129.79133858267716,11.40291447944007,0.31758530183727035,4.656852072731228,86.62204724409449,0.17051584103168207,0.2504930966469428,15.720410440820885,0.38746988253929604,3.3731684525720707,0.09850782180889488,3.3636363636363638,0.30578512396694213,1.1735537190082646,9.636363636363637,8943.545454545454,37575.27272727273,2782.2992424242425,0.2676767676767677,1.5454545454545454,0.14049586776859505,0.2506514018681406,2.378888716906585,0.04594305129013416,3.095795255000931,0.021696252465483234,6819.173553719009,4.691550487664947,0.03255018650550649,1.029394158025933,0.017388376294445392,0.16644420739173563,3.8731798135419444,108.35700197238658,0.2137218973814331,4.0749351290999,198.39644970414201,0.5565709261658283,4.911242603550296,53.019723865877715,220.41420118343194,20.371603111987728,0.36324786324786323,0.035445196140403715,0.2523439797607991,0.010687772425854945,80,a7670c27-89fa-47e8-b386-b001b4756fb7,507
376.9166666666667,394.0,822.601863491715,2.1824502237233205,0.3067547737188121,0.009013342450306522,0.02886516137511667,3.259932968204282,29.732137494637012,29.732137494637012,28.0,18.0,29.66218011388544,17.009865335318924,0.0,0.5734529717644146,0.0,393.5,394.0,78.18376618407355,0.1986880970370357,0.8994162159794051,1.111832299922529,29.732137494637012,29.66218011388544,17.009865335318924,0.5734529717644146,6279963.0,6279963.0,1.3990067841397753,97.0,106.0,147.0,158.0,125.3274111675127,124.0,25.0,61.0,13.115424257259916,10.680361392028553,126.24972231964236,15.232609620023005,0.17441094291355588,1.9718265554465586,232.0323958360174,0.4263701718673504,6.334473324213406,4.42522949741684,0.6184829690762925,1.3261259710195916,0.20109439124487005,0.7366530774292442,0.20109439124487002,0.7241114850401582,0.16065543705472515,0.8994528043775649,0.8994528043775649,0.9881709181620665,0.9597811217510259,-0.39506937170372797,0.8065639190309822,0.20109439124487002,2.4603283173734614,0.32003972969584227,2.1355671805528997,0.7608226531431848,0.466484268125855,4.920656634746921,1.9344727893080302,0.38180509056611545,145.98529411764707,0.3578070934256055,0.6062031430219147,8.620098039215685,27.230392156862745,152.81372549019608,5.771071623093682,0.17859817538126363,4.328353418275906,65.1470588235294,0.15967416378316032,0.25888324873096447,12.309592464436754,0.3482412602519192,3.850275364182559,0.05833485980322002,6.090909090909091,0.5537190082644629,0.9752066115702479,12.909090909090908,5971.818181818182,35993.09090909091,1162.9204545454545,0.1691919191919192,2.8181818181818183,0.256198347107438,0.46493007746695714,7.417522346848755,0.030390409155363576,2.4040097573248573,0.027918781725888325,4688.876033057852,3.2756504165976934,0.034843990601303096,1.237448441037701,0.014511636646112618,0.1646253673279344,3.616098489983691,80.13197969543147,0.20338065912546058,3.9086552088433093,167.98984771573603,0.4220670463036924,6.786802030456853,51.91878172588832,307.2741116751269,10.62559926677947,0.19574873096446702,0.04154593603280756,0.446883157286227,0.006357314842258893,81,e9789b14-6693-4450-b686-6363678ba34c,394
1454.4166666666667,1489.0,3048.589232252135,2.0960906885363904,0.20363125673119797,0.004874898068509941,0.008443710304856153,4.910837442407199,57.706152185014034,57.706152185014034,57.0,32.0,59.37673293302334,32.92482124350834,0.0,0.5545071211756863,0.0,1488.5,1489.0,157.296464556282,0.10567448072306482,0.8694815884377594,1.1501106099287848,57.706152185014034,59.37673293302335,32.92482124350835,0.5545071211756865,22103061.0,22103061.0,1.0822232313526312,96.0,110.0,138.0,162.0,121.27132303559436,118.0,14.0,66.0,9.137162112487323,6.070655953024801,121.83690614558026,11.725950209831693,1.035932601493095,3.8071512824412643,137.49790832345192,0.5513749587866426,5.462801257422284,2.98032142272104,1.0490606876924093,0.9241773496361798,0.11648620328326931,0.776130906177155,0.11648620328326931,0.5191755033086258,0.10291716772791816,0.9417568983583653,0.9417568983583653,0.9931478703951017,0.976702759343346,-0.4819050069906909,0.7881675193184798,0.11648620328326931,2.293660495983234,0.49475791924842577,1.5290547199416546,0.7956821178830066,0.6706252183024799,4.587320991966468,1.4125685166583861,0.26016588822986225,340.07246376811594,0.3791220331863054,0.5212047093681528,8.501672240802675,113.90858416945373,523.1661092530658,26.72031772575251,0.16288089929394275,4.743710674628545,122.31103678929766,0.13635567089107878,0.15060443250503694,69.82016855391873,0.3547075319269036,4.031868402652931,0.04501014534947463,7.571428571428571,0.5408163265306123,0.8214285714285714,13.071428571428571,86132.35714285714,398306.28571428574,20054.304067460318,0.1498015873015873,4.0,0.2857142857142857,0.5206756546330032,8.312815200771324,0.033597262155138925,2.403677461028799,0.009402283411685695,74820.51530612244,7.067738261505722,0.014711983251233495,0.7745391827173277,0.006049068333036214,0.06960810599261137,2.670099923787976,615.2323707186031,0.413184936681399,3.316672387298663,820.9973136333109,0.29825886814476976,5.735392881128274,64.08126259234386,325.70315648085966,14.214438288187448,0.21017554660099994,0.026953730756038952,0.24302190426950576,0.004411494492712335,82,cea7795b-8e5f-4e4a-851e-300b60de8171,1489
581.9166666666666,602.0,1244.8437752209732,2.1392131322714705,0.2707757722854568,0.0074750410447851625,0.019853149342044244,3.693092596725314,30.675723300355934,30.675723300355934,29.0,26.0,30.205360466848024,25.378704112712008,0.0,0.8402053052989211,0.0,601.5,602.0,91.840620433566,0.15268598575821446,0.9466467296473953,1.0563602753610923,30.675723300355934,30.205360466848024,25.378704112712008,0.8402053052989211,9515442.0,9515442.0,1.281503167642259,101.0,106.0,147.0,171.0,124.79734219269103,121.5,20.0,70.0,12.251332766746504,8.753575780639572,125.72343480751974,15.231724834733711,0.7163984101059374,2.8819601043459824,232.0054414410437,0.46114833169611824,2.3663148636763416,4.947304318421661,1.4798119722360459,1.3237579567579358,0.15259454705364994,0.7932816903013503,0.15259454705364994,0.6162952535243884,0.12930945126314136,0.923702726473175,0.923702726473175,0.984740545294635,0.9618513632365875,-0.47671252724049124,0.8253521760712343,0.15259454705364994,1.4399736147757256,0.39508440796460936,1.8265082520093292,0.8118728362908535,0.5743183817062445,2.8799472295514517,1.6739137049556798,0.3690881259528964,171.73596673596674,0.35703943188350673,0.5413704124722836,4.683991683991684,54.016632016632016,87.95426195426195,46.78424578424578,0.4000924000924001,4.221155150843458,71.20374220374221,0.14803272807430812,0.19975083056478404,28.954223054015152,0.33674432107115265,2.393160428308694,0.06949416380082198,3.0,0.5,0.5833333333333334,6.833333333333333,27678.0,48450.0,22810.0,0.2824074074074074,1.0,0.16666666666666666,0.1878943280201013,1.6910158848664656,0.020878937902719788,2.5849625007211543,0.009966777408637873,17611.22222222222,21.22778174603175,0.03151007000596889,0.41377386464254645,0.02232446343239107,0.08545173153270705,3.073647063786306,170.96677740863788,0.28399796911733866,3.575942870387744,277.6112956810631,0.42605490005629076,2.661129568106312,58.36544850498339,114.17607973421927,45.91703580657069,0.6825396825396826,0.027703910037006067,0.12959225839960692,0.01287843301157057,83,4b5789c1-6419-44dc-bc8c-f06d657dd57b,602
194.41666666666666,206.0,436.21781613872383,2.2437264439197113,0.3720514948360926,0.012039361572550715,0.05150022914364756,2.687799978980195,18.027756377319946,18.027756377319946,17.0,17.0,18.064313945915767,14.598988413271064,0.0,0.8081673323980182,0.0,205.5,206.0,54.52691193458115,0.2653377709711978,0.9319657291195348,1.0730008290591757,18.027756377319946,18.064313945915767,14.598988413271064,0.8081673323980182,2982342.0,2982342.0,1.6440477759732521,92.0,97.0,147.0,167.0,118.95145631067962,114.0,24.5,75.0,14.86530304458479,11.031907253513902,120.32201938761901,18.109096915170635,0.6564315171744781,2.593129278989834,327.9393910830426,0.3790178150626826,5.138255033557047,10.202974783199114,0.9857561842700722,1.8333840817981173,0.2993288590604027,0.7192975638438163,0.2993288590604027,0.8804689537499156,0.2097310931940003,0.8503355704697987,0.8503355704697987,0.9823924200552705,0.9401342281879195,-0.33794374236410646,0.8070106709935231,0.2993288590604027,2.180536912751678,0.2533840817981172,2.5905011239562215,0.7252382636563482,0.4590604026845638,4.3610738255033565,2.29117226489582,0.5331782352146299,91.4635761589404,0.30285952370510066,0.7916758036928204,7.496688741721854,12.483443708609272,59.29801324503311,3.8670897718910964,0.2533112582781457,3.97508702975856,72.49006622516556,0.24003333187140916,0.36650485436893204,5.03885794482698,0.4824163858270804,4.760222478554826,0.08534319434328796,3.0,0.3333333333333333,0.9876543209876543,10.666666666666666,1707.3333333333333,7940.666666666667,451.37268518518516,0.2037037037037037,1.2222222222222223,0.13580246913580246,0.2625101709917082,3.9543606321681626,0.01824179727682769,2.947702779220087,0.043689320388349516,1183.432098765432,2.6442756196045667,0.05694746576537144,1.4456440260523895,0.027731469067754342,0.26970577217901465,3.942907091188046,31.49514563106796,0.15288905646149495,4.17984729946272,78.07766990291262,0.6057121312093505,5.766990291262136,41.0,182.36893203883494,13.700006742179072,0.2989145091693635,0.05410691429574347,0.5202734557505131,0.011098482329375476,84,29487a3a-461f-4135-80c3-5e2297a3ef11,206
298.6666666666667,315.0,663.0413855593996,2.220004639149775,0.32588771626174656,0.009869629803722649,0.034610189129154374,3.0685415561868545,29.154759474226502,29.154759474226502,24.0,14.0,30.143916663969105,13.36259713489288,0.0,0.44329332793256876,0.0,314.5,315.0,74.76955262170046,0.23774102582416679,0.8407956861802471,1.1893495844906405,29.154759474226502,30.143916663969105,13.362597134892878,0.44329332793256876,3257654.0,3257654.0,2.0832223159939818,63.0,71.4,137.0,179.0,98.21587301587302,90.0,37.0,116.0,21.716623834719073,15.89714033761653,101.69443804927943,26.370457293885462,0.9805212855573932,3.168492174931371,695.4010178886369,0.276432350718065,6.192006950477846,44.452133724852914,5.402362826617104,3.681724274060784,0.4865334491746307,0.7665530869348537,0.4257167680278019,1.120549361603802,0.3052986825945935,0.7968433246452361,0.793223284100782,0.9871298753140629,0.9402486450705391,-0.32674894895966694,0.8503293832410765,0.37660488464137465,2.322328410078193,0.15895179728880038,3.2875062387704723,0.7742363149550717,0.3318853171155517,4.644656820156387,2.769604001011522,1.0420644308088538,129.59010600706713,0.22895778446478293,1.4212188939804467,10.10600706713781,8.897526501766784,45.92579505300353,3.37476148409894,0.23041224970553598,4.066713031253815,193.26855123674912,0.34146387144301965,0.4492063492063492,3.941789758893231,0.6027457319891675,7.811299730570922,0.08852508995398894,5.0,0.2631578947368421,1.4736842105263157,17.473684210526315,1242.3684210526317,5482.0,412.4019298245614,0.12099415204678361,4.894736842105263,0.25761772853185594,0.48457985271174936,10.83493370953516,0.024228217415079877,3.4263674884732227,0.06031746031746032,967.5069252077561,2.0775320715869494,0.04202389358520989,4.660159306980206,0.026202784652358365,0.6202106206587498,4.392347019345728,41.7047619047619,0.1323960695389267,5.041229528848576,87.07619047619048,1.2264449483497106,7.295238095238095,34.26984126984127,150.44444444444446,14.168917107583773,0.31777248677248676,0.08346900432718649,1.2397785806268422,0.01249286871568145,85,81e60f72-8ec3-47cd-ab3c-79fd3bf2b1f5,315
764.9166666666666,790.0,1631.0350699396101,2.132304264002105,0.2479877573790194,0.00655155269836777,0.015250733201027844,4.032457128404208,42.20189569201838,42.20189569201838,40.0,25.0,43.00255630934865,23.719076517750203,0.0,0.5515736401138956,0.0,789.5,790.0,114.32590180780466,0.14480798202381845,0.8712371052644664,1.1477931712934188,42.20189569201838,43.00255630934865,23.719076517750203,0.5515736401138956,11073961.0,11073961.0,1.0265689194455774,98.0,104.0,140.0,162.0,117.58101265822785,112.0,17.0,64.0,11.166418843134114,7.780134546893548,118.39625058209712,13.870025744907496,1.1514988364604426,3.486317772507137,192.37761416439673,0.5897067777599744,5.203140661543602,3.2845242758497335,1.1951043918870612,0.8370970062789342,0.12596057467423988,0.7384152782441683,0.12596057467423988,0.5462550451535395,0.11009450830197513,0.93701971266288,0.93701971266288,0.992590554430927,0.9748078850651519,-0.4262766378599687,0.7402474015964775,0.12596057467423988,2.241730704978283,0.5410290231723449,1.4656371636687209,0.7638741074237472,0.7176745740060141,4.483461409956566,1.339676588994482,0.24076439523829352,204.15808823529412,0.3752906033737024,0.544276465181661,8.259191176470589,84.37132352941177,374.56985294117646,20.15859885620915,0.1759982638888889,4.354961434570368,87.74264705882354,0.16129163062283736,0.17215189873417722,50.628892733564015,0.39040518349366626,4.1611333982484595,0.06541954600796801,5.588235294117647,0.328719723183391,1.1141868512110729,9.764705882352942,21135.764705882353,91728.82352941176,5087.1098856209155,0.25898692810457513,5.588235294117647,0.328719723183391,0.5510806670705442,5.26057479950554,0.16262781453866457,3.2195282822995437,0.021518987341772152,18976.24913494809,3.9902932404957885,0.025460447160805238,0.8508036459899505,0.00652035777652027,0.11717533790617879,2.682392356166609,286.99240506329113,0.36328152539657105,3.8653036372376226,465.8683544303797,0.28632590930940555,5.5240506329113925,61.972151898734175,295.0506329113924,14.244242264416314,0.21686884669479606,0.035912333041514775,0.2943544696476809,0.008123404687576963,86,85c8b400-01f7-4622-8ef4-dfc7164067e4,790
141.91666666666666,153.0,327.48236554280277,2.307568048451928,0.401777063499154,0.013510660696061813,0.064856785637096,2.488942477927453,19.72308292331602,19.72308292331602,16.0,11.0,19.484861430529772,10.070279667806645,0.0,0.5168258293091101,0.0,152.5,153.0,50.04163056034259,0.3281418397399514,0.8747992489681948,1.1431194084579708,19.72308292331602,19.484861430529772,10.070279667806645,0.5168258293091101,2763144.0,2763144.0,1.217438231750387,116.0,121.0,149.8,168.0,133.92156862745097,132.0,17.0,52.0,9.392028706907599,7.05697393173878,134.38662398424313,11.170414595944516,0.48636640250330726,2.428323033174323,124.77816224529029,0.5077107095561536,3.4304267161410023,2.308425016780431,-0.1734992138970814,0.9003135745780855,0.26716141001855287,0.5423261079793376,0.26716141001855287,0.8373618834980396,0.19578619101545156,0.8664192949907236,0.8664192949907236,0.9732838589981447,0.9332096474953617,-0.21191163404973098,0.6223965262244573,0.26716141001855287,1.8089053803339519,0.3390219639888339,2.067310938631433,0.5568856984736651,0.5380333951762524,3.6178107606679037,1.8001495286128808,0.29186874614915964,86.76958525345623,0.3998598398776784,0.4560300707171526,4.511520737327189,11.870967741935484,43.133640552995395,4.587813620071684,0.38325652841781876,3.668118830616274,44.43778801843318,0.20478243326466902,0.3545751633986928,3.9170082184799,0.39185420519974506,2.407035356385258,0.11284699272907661,3.0,0.42857142857142855,0.7755102040816326,6.0,1598.7142857142858,6187.857142857143,469.5238095238095,0.38492063492063494,1.0,0.14285714285714285,0.19714886165741732,1.7641741815893115,0.023029215977794722,2.807354922057602,0.0457516339869281,1120.9795918367347,3.621696252465483,0.062493192462694705,0.7424599326183252,0.028108769467254848,0.1478439425051335,3.523702666028771,24.372549019607842,0.15929770601050877,3.391601520782605,77.6797385620915,0.3179119142210261,3.8366013071895426,41.37908496732026,140.54248366013073,17.430646332607115,0.407044299201162,0.04541582167846562,0.26474993495340526,0.013982599984438219,87,cdd278ce-5840-4c5f-a3fb-da5fbcfcb7fc,153
258.1666666666667,272.0,570.9922264644943,2.211719405285323,0.343389786433401,0.010675296284817714,0.040491337351065346,2.912142525805571,20.808652046684813,20.808652046684813,19.0,18.0,20.0343424035001,17.31106971968921,0.0,0.8640697743423252,0.0,271.5,272.0,62.28427124746187,0.2294079972282205,0.9378026629040339,1.0663224146787593,20.808652046684813,20.0343424035001,17.31106971968921,0.8640697743423252,3951202.0,3951202.0,1.7155961169606135,84.0,94.0,142.0,160.0,119.1470588235294,120.5,29.0,76.0,15.390570934256054,11.930082644628099,120.5258393091559,18.17845743947744,0.012288209889669725,2.091949098928148,330.4563148788927,0.3309093858131488,5.308926780341023,10.92545670793738,-0.24655212487339617,2.2628889678061266,0.2567703109327984,0.7961864819585363,0.2567703109327984,0.8218335142190349,0.19083931835627244,0.8716148445336007,0.8716148445336007,0.9848958640627765,0.9486459378134402,-0.41715496742506214,0.8674837523351681,0.2567703109327984,2.192577733199599,0.20311083702461447,2.649347253201735,0.8086174539186443,0.30892678034102306,4.385155466399198,2.392576942268937,0.6299148196847312,114.63112391930835,0.3303490602861912,0.709099818119908,7.184438040345821,15.291066282420749,78.92219020172911,5.705331412103747,0.25820525136087097,4.246941181609439,62.85014409221902,0.181124334559709,0.31893382352941174,5.4600403624313785,0.3704185010675518,3.5750449135851285,0.05386835123379416,2.7142857142857144,0.3877551020408163,1.2653061224489797,11.142857142857142,3485.4285714285716,20463.571428571428,948.9682539682539,0.23015873015873017,1.2857142857142858,0.1836734693877551,0.30458200848576905,4.87226990865964,0.01908898945122484,2.5216406363433164,0.025735294117647058,1975.551020408163,3.1130009867921657,0.04642693640131503,1.3656549128802138,0.028170929941538952,0.22984210606919156,4.125773448075352,45.294117647058826,0.16652249134948097,3.4899978373702423,90.00735294117646,0.6702935769896194,5.849264705882353,45.0735294117647,225.97426470588235,17.336345996732028,0.33251633986928103,0.04075854763201577,0.373925169604879,0.00891798368331386,88,3392144d-c33f-46fd-8721-86b640e48b63,272
463.6666666666667,483.0,1004.011948307876,2.165374439197432,0.28854651064691944,0.008222854717279432,0.024024119554761282,3.4656457905451927,31.575306807693888,31.575306807693888,31.0,19.0,31.847953784274022,19.630690043053676,0.0,0.6163877960896496,0.0,482.5,483.0,86.7695526217005,0.17983326968228083,0.8974003458869086,1.1143298579985406,31.575306807693888,31.847953784274022,19.630690043053676,0.6163877960896496,8554592.0,8554592.0,1.1391129024114028,109.0,119.0,147.0,159.0,132.67080745341616,132.0,15.0,50.0,8.670884610933221,6.429980276134122,133.08407342884453,10.479859258246584,0.13050389727257952,2.3560354573160964,109.82745007265665,0.533197021719841,3.3850415512465375,2.556294291218582,-0.17744998640795068,0.9244447172750361,0.1772853185595568,0.6781692196940821,0.17728531855955681,0.6741021768100861,0.14585523438279324,0.9113573407202216,0.9113573407202216,0.9822714681440443,0.9556786703601108,-0.3539365981284637,0.7387805728549938,0.17728531855955681,1.7883656509695294,0.4000745850630366,1.8352022117286713,0.678854221267758,0.5911357340720221,3.5767313019390583,1.6579168931691153,0.2754325089586483,187.662192393736,0.41982593376674726,0.42341436071448235,4.022371364653244,33.27964205816555,118.8993288590604,12.774546358438977,0.42834949043002735,4.533211256734724,58.87472035794183,0.1317107837985276,0.23136645962732919,14.598681741062714,0.3004337074943419,1.6035551677813509,0.10311984709555007,4.555555555555555,0.5061728395061729,0.691358024691358,6.666666666666667,12948.111111111111,49625.88888888889,3831.1358024691353,0.32407407407407407,1.2222222222222223,0.13580246913580246,0.26498399456194116,2.3843553732331246,0.02949786069401085,2.947702779220087,0.018633540372670808,10067.999999999998,7.701862108479758,0.027946571709489554,0.5316760169153301,0.016607375834923662,0.06971786281726212,3.5243823673009564,103.65424430641822,0.2146050606758141,3.509869732392011,257.53416149068323,0.2843254504070059,3.5962732919254656,54.61904761904762,188.49482401656314,23.08937198067633,0.4268461007591442,0.031465812362058546,0.15645676775809628,0.01119342137953427,89,cc3b4ae9-982b-476e-81c2-debbb65ea77c,483
745.9166666666666,771.0,1594.3064189203926,2.1373787316550903,0.24948199249851932,0.006610855778829337,0.015528074703303207,4.00830532891441,45.79301256742124,45.79301256742124,36.0,25.0,45.36752510690351,21.726600472718438,0.0,0.4789020432902639,0.0,770.5,771.0,115.98275605729704,0.1505292096785166,0.8483944699590307,1.1786969804839609,45.79301256742124,45.36752510690351,21.726600472718438,0.4789020432902639,12818248.0,12818248.0,1.205498616357683,104.0,113.0,143.0,170.0,128.3657587548638,128.0,19.0,66.0,10.011799320706343,7.525590836595621,128.93984561526835,12.153837524721936,0.2939507725023126,2.6982486931380807,147.71576657733905,0.46972029183720504,2.845969125214408,2.3005757752819327,0.060799255646408146,1.0836780242961674,0.12727272727272726,0.7897970217073909,0.12727272727272726,0.5499109046334093,0.11107438016528925,0.9363636363636364,0.9363636363636364,0.9872727272727273,0.9681818181818183,-0.5000621994828657,0.8292015380570148,0.12727272727272726,1.6145797598627785,0.3785424653342709,1.7447977601895488,0.8101731837687423,0.4850771869639794,3.229159519725558,1.6175250329168223,0.3027376878922236,225.5814814814815,0.4177434842249657,0.4278463648834019,4.137037037037037,58.86296296296296,151.36296296296297,36.355246913580245,0.41532921810699586,4.768203243131502,56.17037037037037,0.10401920438957477,0.17509727626459143,26.24617283950617,0.2745511450323368,1.6759737911511932,0.07560894943769352,5.4,0.54,0.65,6.9,27612.9,83572.5,13691.0,0.30277777777777776,1.8,0.18,0.36042525568457057,3.1938157670721075,0.04560386240558759,2.6464393446710135,0.01297016861219196,21668.489999999998,10.681915685157044,0.02399536720907321,0.40090394346835695,0.014138581159958996,0.06522013931065346,3.256318511369951,235.94422827496757,0.30602364237998386,3.2414520532735795,362.1543450064851,0.32055325928056777,3.046692607003891,60.98962386511025,167.1815823605707,35.265960513042224,0.540207522697795,0.027511847860150932,0.13145402914252122,0.011098182403575834,90,85a9bc06-3987-4921-9491-d3acb624271a,771
368.4166666666667,385.0,804.4091108573607,2.1834221511622545,0.30895838733117553,0.009110639477543907,0.029491710947438257,3.2366818348520514,27.459060435491963,27.459060435491963,27.0,20.0,26.500372384306836,18.66821682670897,0.0,0.7044511132139426,0.0,384.5,385.0,77.01219330881975,0.20029179013997334,0.9025964307383822,1.1079148619964465,27.459060435491963,26.500372384306836,18.66821682670897,0.7044511132139426,3611609.0,3611609.0,1.7326511205529058,62.0,73.4,128.60000000000002,163.0,94.42337662337663,88.0,28.0,101.0,17.3881733850565,12.106399006886017,96.85454350417743,21.56452050110483,0.9683553552637276,3.2331749091604736,465.02854444257054,0.37874177770281664,5.469187675070027,17.966933219218287,2.453109964395496,2.225107199742642,0.3032212885154062,0.7601409073831873,0.2850140056022409,0.9075376442276756,0.22198830512597195,0.8605275443510737,0.859313725490196,0.9884825282898305,0.9529311724689875,-0.38105691365069033,0.8412847866269633,0.2690826330532213,2.2335434173669464,0.285692218063696,2.6132471002017392,0.7738854934807652,0.5049019607843137,4.467086834733894,2.2857578035397816,0.6320821220645121,135.2094861660079,0.26721242325298006,1.033323438891406,9.245059288537549,19.18577075098814,89.30434782608695,5.836514053579271,0.2156000219587176,4.109710738933569,141.74308300395256,0.2801246699682857,0.32857142857142857,9.923010826602509,0.5439771094332242,6.589226165072576,0.07551291236633512,4.5,0.28125,1.27734375,15.8125,3420.1875,15545.8125,896.9978645833334,0.13489583333333333,4.875,0.3046875,0.5473676175530132,10.60109685847184,0.032060126979354446,3.2028195311147796,0.04155844155844156,2841.18359375,2.525538477247609,0.03845679562139535,2.205583341386743,0.018449260700186175,0.3414287165938421,3.8555363808157663,66.95324675324676,0.17390453702142014,5.5737291280148415,145.81558441558442,0.7578613594198009,6.21038961038961,46.16883116883117,199.7168831168831,15.483912698412698,0.2888448773448773,0.06102978276447664,0.7802871192488539,0.009943713945414627,91,1921777d-0eb0-4819-932e-aa65978d8934,385
269.9166666666667,284.0,596.3599517624552,2.209422482602489,0.33868460401059325,0.010456637658825308,0.03884958326682915,2.952599522264444,21.587033144922902,21.587033144922902,17.0,21.0,21.077972312912582,17.233313249534188,0.0,0.8175982487165941,0.0,283.5,284.0,64.52691193458114,0.2276081549720675,0.9249975491794985,1.0810839454515646,21.587033144922902,21.077972312912582,17.233313249534188,0.8175982487165941,5101429.0,5101429.0,1.2782137960312534,112.0,119.0,150.0,161.0,133.53169014084506,133.0,18.25,49.0,9.71282979567546,7.784436254873685,134.02528928905204,11.49199274031375,0.31054781866701203,2.161529697184715,132.0658971434239,0.47309561594921634,3.4510556621881,3.651762038001695,-0.007538610261049183,1.1791374552849425,0.154510556621881,0.7682888509675575,0.154510556621881,0.6210138046630203,0.13063704451427754,0.9227447216890595,0.9227447216890595,0.9845489443378119,0.9613723608445298,-0.4556037441570873,0.8235335157713894,0.154510556621881,1.7874280230326296,0.36660775269763957,1.9217477229834217,0.780614187343552,0.5441458733205374,3.574856046065259,1.7672371663615414,0.3334120029767058,103.8313725490196,0.4071818531334102,0.44404459823144943,4.666666666666667,31.145098039215686,106.06274509803922,14.03660130718954,0.3622004357298475,4.383227954331377,31.501960784313727,0.12353710111495579,0.2244718309859155,11.298946559015763,0.26741063699272055,1.802148911229378,0.0531823163954488,1.5,0.375,0.6875,5.75,9525.0,34705.75,3463.7013888888887,0.3680555555555556,1.0,0.25,0.25034741061410176,2.2527494713792793,0.027854967823388678,1.9999999999999987,0.014084507042253521,4484.0,4.507429731820526,0.05686559852973252,0.43404076178518874,0.017931416234961844,0.14316871500154144,3.407965048359366,68.49295774647888,0.24117238643126362,3.211813132315017,134.35915492957747,0.34937264431660386,3.714788732394366,55.11267605633803,182.94014084507043,25.996185446009388,0.43867370892018775,0.028334019216711203,0.14447936017782176,0.009821940627450771,92,4a48050d-16f4-4e22-93e9-4dd375981491,284
371.9166666666667,389.0,810.6948400205385,2.1797755053207397,0.30850140259962194,0.009090433439859068,0.029361039592506355,3.2414763484813585,25.709920264364882,25.709920264364882,25.0,19.0,25.97177765532512,19.226575008398985,0.0,0.740287217284754,0.0,388.5,389.0,75.69848480983498,0.19484809474860998,0.923024559830864,1.0833947909070167,25.709920264364882,25.97177765532512,19.226575008398985,0.740287217284754,4834080.0,4834080.0,1.61867421952693,74.0,85.80000000000001,138.2,170.0,109.87660668380462,108.0,20.0,96.0,14.34485629886136,9.4136743830192,111.4761897179662,18.816805724896298,0.5928888417669358,3.2192318393915187,354.0721776884901,0.3831920222573206,8.489965397923877,10.538314003212943,1.0530458990298435,1.794593455538128,0.24982698961937716,0.7556011629495021,0.24290657439446367,0.8202253852462514,0.1908233857353241,0.8797001153402539,0.8792387543252597,0.9904463392471984,0.9596803427253255,-0.3973293604997759,0.837922127481117,0.23685121107266438,2.8467128027681667,0.276874079572802,2.4424354037317344,0.785924628000893,0.44844290657439445,5.693425605536333,2.184188303198353,0.5111051112893763,135.67396061269147,0.29687956370392005,0.8476076016643603,11.86652078774617,23.522975929978116,186.39387308533918,3.572482372963774,0.12582725504497932,4.347439713313776,112.89934354485777,0.2470445154154437,0.29370179948586117,11.930217525580684,0.5081165372225829,7.3764998811166596,0.054680605766848626,4.142857142857143,0.29591836734693877,1.693877551020408,16.571428571428573,4027.0714285714284,33256.0,555.4591865079365,0.15007936507936506,3.5714285714285716,0.25510204081632654,0.48418232625601176,10.006876594319868,0.043496442399482346,3.0930692077718867,0.03598971722365039,3255.025510204082,1.7168617249057896,0.04075111452602136,2.0748055963574,0.012528607962503161,0.31308897425238824,3.881824006400311,75.3547557840617,0.19371402515182956,5.28136874591101,149.06169665809767,0.5882726125256905,9.146529562982005,49.508997429305914,381.16195372750644,7.748765352756355,0.14527349328763212,0.052385993457651554,0.7667215513740487,0.0061008629984889325,93,e2b7b8fa-c1d2-463e-a87e-1a86b397ba67,389
518.4166666666666,539.0,1119.67220234572,2.1597920636792542,0.278727101392169,0.007806703309856538,0.02165397321252492,3.5877386698504075,37.12142238654117,37.12142238654117,36.0,19.0,35.623987425476884,19.41562085609436,0.0,0.545015374730597,0.0,538.5,539.0,93.84062043356597,0.17426299059158026,0.8766109986342387,1.1407568483147046,37.12142238654117,35.62398742547689,19.41562085609436,0.5450153747305969,8889199.0,8889199.0,1.4429771345806843,79.0,107.0,146.0,168.0,127.48979591836735,128.0,20.0,89.0,12.056870243459164,8.331326104464797,128.42126151133724,15.439311670418142,-0.22471731936926748,3.2528375713205535,238.37234485630984,0.4251431049734787,7.121347201584943,6.342165796273492,-0.36951122073631815,1.4955750974950455,0.19564140663694896,0.7686382480788752,0.19167904903417532,0.7167207939646844,0.1589005487983032,0.904820868416708,0.9045567112431897,0.9885616059202285,0.9617962687799241,-0.4266606967325475,0.8383095445791103,0.1882119861317484,2.6069836552748886,0.30439710810696113,2.236923596399954,0.7757038277635493,0.4487369985141159,5.213967310549777,2.027532259542342,0.42280412603299855,188.78076923076924,0.36303994082840235,0.5995525147928994,8.278846153846153,30.407692307692308,213.82692307692307,5.460069444444445,0.1890357905982906,4.704717198504417,74.48076923076923,0.14323224852071006,0.24118738404452691,13.217100591715974,0.34061681992943915,3.292754865859483,0.05899365015007538,4.090909090909091,0.371900826446281,1.4545454545454546,10.454545454545455,10119.545454545454,79892.90909090909,1461.570707070707,0.27146464646464646,1.5454545454545454,0.14049586776859505,0.3086121318724612,3.5685889534194293,0.104823656614934,3.277613436819112,0.02040816326530612,7718.545454545454,3.191653292914885,0.03011376466288459,1.0080600321220377,0.012538498594153782,0.14672842340169578,3.8927445278138553,113.11502782931355,0.20986090506366148,3.8206325876614775,229.152133580705,0.4354865913307472,7.454545454545454,53.8126159554731,382.7161410018553,9.96374458874459,0.18658524015666872,0.034756188206747,0.31414221551672966,0.007102327398406892,94,444ea095-ee8e-4c49-ac6e-d564cb0c7726,539
809.4166666666666,834.0,1718.2066428148646,2.122771513824604,0.2444500661949722,0.006411861248439198,0.014607317787729283,4.090815010057739,38.600518131237564,38.600518131237564,35.0,30.0,38.18026433163431,28.04717127633331,0.0,0.7345986668063684,0.0,833.5,834.0,112.3259018078047,0.13476412934349694,0.9111246996728324,1.0975446065276038,38.600518131237564,38.18026433163431,28.04717127633331,0.7345986668063683,9960871.0,9960871.0,0.9828243882506948,88.0,99.0,124.0,149.0,108.72541966426859,106.0,10.0,61.0,8.112850726612955,4.749470358628846,109.28627730723497,11.057736047787493,1.479609030600778,5.156092305820614,122.27352650253897,0.6305430475763275,3.9025851197982346,2.10648691803799,-0.07792964578691453,0.653860465707984,0.1582597730138714,0.6102553157326882,0.1582597730138714,0.6301300774447364,0.13321361725946929,0.9208701134930644,0.9208701134930644,0.9841740226986129,0.9604350567465322,-0.3082118474934533,0.6603204820996864,0.1582597730138714,1.9438839848675915,0.5262229088382108,1.5719029477281532,0.6290405534277285,0.7146910466582598,3.887767969735183,1.4136431747142826,0.20303005968046384,247.82282282282281,0.37210634057480907,0.5058955351748144,4.548048048048048,55.468468468468465,222.32432432432432,15.276026026026024,0.3999416082749416,4.581061568464769,99.62462462462463,0.14958652346039733,0.19964028776978418,30.378297216135056,0.3332135394506555,1.7863433591638471,0.13600247999190124,4.818181818181818,0.4380165289256198,0.8760330578512396,4.181818181818182,38912.72727272727,156347.9090909091,9909.790404040403,0.6085858585858586,1.3636363636363635,0.12396694214876033,0.18957918234704252,0.948189983048708,0.10528900344975885,3.277613436819112,0.013189448441247002,33164.3305785124,9.572873544308848,0.01824145224207044,0.44431245819129894,0.011442173628801976,0.04116438792376375,3.0219300104393865,227.0767386091127,0.2722742669174013,3.4108310473923016,525.8729016786571,0.2210619993214062,4.111510791366906,58.21342925659472,230.70383693045562,17.71139754862776,0.3300359712230216,0.027091741761541634,0.12323749182815502,0.01055459581692167,95,bd2aea18-3d48-4ccf-b9b9-d7219c628380,834
252.91666666666666,268.0,564.1097825407718,2.230417591594485,0.3428510308507432,0.010650182903933434,0.04030105161774126,2.9167186620924586,24.041630560342615,24.041630560342615,23.0,15.0,24.29097576196485,14.288944555004518,0.0,0.5882408633982644,0.0,267.5,268.0,66.04163056034258,0.24688460022557976,0.8779080630742233,1.1390714381848142,24.041630560342615,24.29097576196485,14.288944555004518,0.5882408633982643,2568809.0,2568809.0,1.754458084478403,70.0,73.0,124.0,150.0,95.89179104477611,91.0,31.0,80.0,16.55051236355536,12.72880165289256,97.90356586435054,19.745192305475737,0.6562486376103105,2.5535181310732478,389.87261918021824,0.34339496547115167,5.567179487179487,13.525731490170148,1.1440556707968763,2.140839973701512,0.3117948717948718,0.7457470096966119,0.30769230769230765,0.9058354997278009,0.21712031558185396,0.8468376068376067,0.8465641025641024,0.9880405359450452,0.9488156288156288,-0.3523606626535012,0.8308661518858503,0.3041025641025641,2.2605128205128207,0.22170992767915845,2.7407820833202834,0.7526552440708736,0.4123076923076923,4.521025641025641,2.4193849771981903,0.6131587113740959,119.85063291139241,0.3034193238263099,0.8225861240185868,8.243037974683544,12.805063291139241,64.84556962025316,3.930362869198312,0.22700492264416314,3.994547906248723,93.65316455696203,0.23709661913154942,0.36847014925373134,5.439679538535492,0.47283933031879444,5.159485384174037,0.06646650503888386,4.0,0.4,1.25,13.5,2429.2,12796.2,602.5546944444444,0.1776111111111111,2.2,0.22,0.41791409307334393,7.585143638755236,0.023952635067566022,2.846439344671013,0.03731343283582089,1710.9600000000003,2.0919588286654576,0.04517263604163139,2.7281623088838223,0.019179191854589505,0.41854246369030074,4.0446600769900085,41.11940298507463,0.15343060815326354,4.101748719091112,92.02985074626865,0.6946424593450656,6.291044776119403,40.73134328358209,193.63432835820896,13.61439572968491,0.28593387230514095,0.05441073990403237,0.6167269948678753,0.009375452580493226,96,bbe891e5-5070-4e4c-b3b9-280e6ab9bec3,268
583.4166666666666,604.0,1250.9435513265028,2.144168349652626,0.2699182811020431,0.007439561294654115,0.019665133485633535,3.7048250156199987,36.40054944640259,36.40054944640259,33.0,23.0,34.809908505544264,22.151997564995646,0.0,0.6363704622052494,0.0,603.5,604.0,95.49747468305839,0.15823939466952508,0.9119093778164709,1.096600193315764,36.40054944640259,34.809908505544264,22.151997564995643,0.6363704622052493,11293437.0,11293437.0,1.228820637818171,113.0,123.0,153.70000000000005,175.0,136.2003311258278,134.0,17.0,62.0,9.969261216613303,7.178437265214123,136.73969203374506,12.1331438093473,0.5628544110096623,2.707361216206776,147.21317869830273,0.5172251217051883,4.092226613965744,3.410730440324802,-0.056463519753718536,0.969947320293886,0.17874396135265702,0.6887867711567476,0.178743961352657,0.6773215774428973,0.14679455763261684,0.9106280193236714,0.9106280193236714,0.9894856493321966,0.9642512077294686,-0.363765102063945,0.7536051732767506,0.178743961352657,1.9734299516908211,0.41962318570555956,1.8872624284833255,0.7019047443156815,0.6262626262626263,3.9468599033816427,1.7085184671306692,0.2871728204116358,199.0989010989011,0.36465000201263936,0.5496115606005716,5.575091575091575,36.05860805860806,145.97069597069597,11.226343101343103,0.3245319495319496,4.356061151658377,76.56043956043956,0.14022058527553033,0.2259933774834437,16.4787934897825,0.3400084792061159,2.5897617585642942,0.08327224389114238,3.0,0.3333333333333333,1.1111111111111112,6.555555555555555,20009.333333333332,81652.22222222222,5263.4915123456785,0.4174382716049383,1.6666666666666667,0.18518518518518517,0.3347890018230102,3.7802147234384864,0.032982168739344314,2.947702779220087,0.014900662251655629,15505.432098765432,5.028806858564322,0.022408211397554067,1.2043700512852877,0.009886687670082097,0.12873054556384525,3.3342725634947614,146.85099337748343,0.24313078373755537,3.741261348186483,312.4039735099338,0.3206547958422876,4.413907284768212,55.466887417218544,219.47019867549668,18.87284998160412,0.336978016924209,0.031838471300342557,0.2023147736222279,0.008912121964158488,97,dc4a88b9-fd68-473b-a506-a0706a5eeb16,604
909.4166666666666,935.0,1923.7705205355312,2.1153895579974686,0.23596058552553625,0.006080762968350689,0.013137671414108145,4.2379959253482085,42.95346318982906,42.95346318982906,39.0,30.0,43.20630596751817,27.68233342387765,0.0,0.6407012310816111,0.0,934.5,935.0,118.81118318204327,0.12713877280047434,0.9120890965493519,1.0963841183753165,42.95346318982906,43.20630596751817,27.68233342387765,0.6407012310816111,13244950.0,13244950.0,1.0950810603510048,95.0,106.0,139.0,173.0,118.20534759358289,113.0,15.0,78.0,10.624223741027766,6.789483059351791,119.01983836795314,13.900277889809903,1.3589258336277248,4.601174659671928,193.21772541393804,0.5889891046355343,5.117465657415194,5.070512652130434,1.4197445735848375,0.9521540828934578,0.14493972525932158,0.7357751466971404,0.14493972525932153,0.5970307285204883,0.12393220130107392,0.9275301373703391,0.9275301373703391,0.9914741338082751,0.9710120549481356,-0.40442451363481163,0.743839633774099,0.14493972525932153,2.2171292402579197,0.5342063407293391,1.5896835865212837,0.7449200600770985,0.7188113260442949,4.434258480515839,1.444743861261963,0.27427345203819486,241.67536231884057,0.35025414828817475,0.6165091367359798,8.359420289855073,78.25507246376812,336.8463768115942,19.172463768115943,0.18560789049919488,4.394444723104435,125.55072463768116,0.18195757193866835,0.18449197860962566,48.87553035076664,0.41347017664118446,4.455484668036056,0.058545883789909846,5.266666666666667,0.3511111111111111,1.048888888888889,10.866666666666667,33953.8,145977.33333333334,8226.86574074074,0.2162037037037037,2.6,0.17333333333333334,0.3817107164782161,5.446472739911926,0.03099746203057742,3.373557262275182,0.016042780748663103,30068.35555555555,5.209968639425331,0.02008321981012484,0.8850732580298596,0.008185515224758388,0.09343560344191561,2.7441534149541,315.28449197860965,0.3372026652177643,3.8900626268981098,550.7048128342246,0.3285081071806457,5.46951871657754,60.501604278074865,277.4459893048128,14.648900772430185,0.2288770053475936,0.030739117027282294,0.270062799025334,0.005338691368803413,98,e1ca55f1-046b-4227-b8dd-0b9714b9a3bb,935
284.9166666666667,299.0,626.9956262528465,2.2006281120310494,0.3339628687477821,0.0102387314336626,0.03724727873951892,2.994344861599651,20.615528128088304,20.615528128088304,20.0,20.0,19.75613440106551,19.31513743339347,0.0,0.9776779728908782,0.0,298.5,299.0,65.35533905932733,0.21894585949523396,0.9371217714906809,1.0670971803475429,20.615528128088304,19.756134401065513,19.31513743339347,0.9776779728908781,2826247.0,2826247.0,1.995991477745167,63.0,71.0,130.0,180.0,93.89632107023411,85.0,31.5,117.0,20.003400409391393,13.727545932654873,97.22309964035774,25.215312672152987,1.2621356469977107,3.986737769118545,635.8119931544389,0.3009474166955627,5.315168029064487,45.898537462920515,6.246054657675586,3.387197337735243,0.5049954586739328,0.7405085076259188,0.40326975476839233,1.14932437613784,0.34236896356297347,0.814638207689979,0.8085376930063579,0.9868154257800035,0.9441741274166343,-0.3176428566081425,0.8329226570504535,0.32069330911292765,2.1435059037238875,0.18518999736842323,3.1338325020632007,0.7567008416311967,0.3578564940962761,4.287011807447774,2.6338175297345656,0.9730481991022941,111.09876543209876,0.22859828278209623,1.545343697607072,9.39917695473251,10.637860082304528,48.5761316872428,4.489807956104253,0.26720393232738915,4.198143845898344,144.53086419753086,0.29738860945994006,0.40635451505016723,4.581804941658622,0.558884286900781,7.185236918629504,0.0837651560322529,5.454545454545454,0.24793388429752067,1.4070247933884297,17.045454545454547,1106.9545454545455,4192.772727272727,429.87521464646466,0.1164141414141414,4.909090909090909,0.2231404958677686,0.46059362246239,10.103867670577708,0.024955348026165856,3.7201287774331835,0.07357859531772576,922.2417355371902,2.1484479305740987,0.04335521290506338,4.787113546572343,0.02541925277452989,0.6971405395449447,4.419789466776659,39.62876254180602,0.13253766736389974,5.572532745718728,89.98327759197325,1.183812261607812,6.37123745819398,38.625418060200666,149.2876254180602,17.82067911557042,0.37140932738758825,0.08369359399897701,1.2202591694116023,0.013791995748193989,99,c5bec031-ee26-4554-88a5-1289405b3d69,299
239.16666666666666,254.0,535.377731733203,2.238513164041267,0.3480360691333303,0.010892692890776823,0.04215729770724107,2.8732654132376916,24.596747752497688,24.596747752497688,22.0,14.0,24.22735677379302,13.481778562255222,0.0,0.5564692297278835,0.0,253.5,254.0,64.62741699796949,0.2549405009781834,0.8733274587984566,1.1450458701662973,24.596747752497688,24.22735677379302,13.481778562255222,0.5564692297278835,2945519.0,2945519.0,1.6274040799629224,79.0,86.0,139.70000000000002,163.0,105.72834645669292,99.5,27.0,84.0,16.625488250976506,11.675701653210304,107.68719281355139,20.446228297573693,1.0174395966352736,3.110877254910866,418.04825159650323,0.3721557443114886,3.142236699239956,18.078292214884016,3.8854137930329555,2.3089711532453627,0.3007600434310532,0.7695087955310631,0.28555917480998916,0.9029346878418857,0.21921600111289125,0.859753890698516,0.8587404994571117,0.9825764833620745,0.9433948606587044,-0.3738186309830218,0.8223582331004988,0.2722584147665581,1.6248642779587406,0.28162986698355774,2.4531905115661816,0.7791096604242497,0.4777415852334419,3.249728555917481,2.1442468983425664,0.652432799169104,105.3931623931624,0.30026541992353956,0.8704474801340898,6.222222222222222,17.08262108262108,36.12535612535613,13.798670465337132,0.3369539411206078,3.8354891030690155,98.11680911680912,0.27953506870885786,0.3454724409448819,8.703987792306881,0.5369487210335178,4.4346183287626495,0.09576927349080958,3.4444444444444446,0.38271604938271603,1.0617283950617282,11.444444444444445,2617.777777777778,5523.333333333333,1987.368827160494,0.1983024691358025,1.6666666666666667,0.18518518518518517,0.10341106777914383,1.6314260735443777,0.00663142470546224,2.641604167868591,0.03543307086614173,1821.2839506172836,6.210212157488694,0.05712342740564434,1.334981931425852,0.03022247919417724,0.34948073163664406,3.573011544268067,45.874015748031496,0.18060636121272242,5.3615227230454465,94.5275590551181,0.7708475416950833,3.7716535433070866,44.25196850393701,91.14960629921259,35.21073928258968,0.5977143482064743,0.04656711375859763,0.3547024658872006,0.014851699465146221,100,b11a12f0-35f8-41fd-8656-253ab76bd345,254
510.1666666666667,530.0,1100.1117244134048,2.1563771141719794,0.28066529702901355,0.007888273375669835,0.022108849956612792,3.5629627552302123,31.78049716414141,31.78049716414141,31.0,22.0,31.57929259220947,21.53788846767907,0.0,0.68202567884603,0.0,529.5,530.0,90.4264068711929,0.1707769723724134,0.9020749852726149,1.1085552934358238,31.78049716414141,31.57929259220947,21.53788846767907,0.68202567884603,8347278.0,8347278.0,1.0369101118319406,103.0,113.0,141.0,155.0,125.0754716981132,123.0,13.0,52.0,8.188679245283017,5.926847487585221,125.49733515925934,10.281415834891307,0.47661663858112285,2.66196317813043,105.70751156995371,0.49977216091135634,2.175553319919517,0.9691027761784701,0.28288596682174294,0.8316002655773678,0.16096579476861167,0.6756572661521308,0.16096579476861164,0.6366150441429419,0.13505580768312084,0.9195171026156942,0.9195171026156942,0.9839034205231388,0.9597585513078472,-0.35947541493571683,0.7162854059684223,0.16096579476861164,1.4170020120724347,0.3796577250221652,1.64206107703889,0.6792690993284688,0.5075452716297787,2.8340040241448694,1.481095282270279,0.24814151508649485,233.17256637168143,0.5158685096718615,0.26937798574673033,3.103982300884956,39.796460176991154,72.83628318584071,31.566002949852507,0.5035029498525074,4.222588916303237,58.61946902654867,0.1296890907667006,0.21320754716981133,17.797869841021225,0.27449658414211736,1.0639490477403168,0.10663199331631378,2.2,0.44,0.64,6.4,28076.0,61498.4,19721.066666666666,0.31666666666666665,2.2,0.44,0.60000595272704,5.4000167254934865,0.06666992620209515,1.3709505944546678,0.009433962264150943,16840.0,11.567112773835236,0.024740582323954253,0.6032260550606459,0.01382093377179052,0.08651703538819779,3.1735824441574327,131.9358490566038,0.24893556425774296,3.147326450694197,264.87924528301886,0.259437522249911,2.3811320754716983,56.35471698113208,117.6566037735849,41.03553459119497,0.6610062893081761,0.028905616404493312,0.11170130658832365,0.014496002034636357,101,0efe8f87-daed-46fc-862e-a9884146d849,530
728.1666666666666,751.0,1548.989310633058,2.1272455627828677,0.25269087927741246,0.0067388102354914645,0.016134989972181917,3.9574044099239796,36.235341863986875,36.235341863986875,33.0,29.0,36.114731390857514,26.50843531651285,0.0,0.7340061602458295,0.0,750.5,751.0,104.91168824543155,0.13978905828838314,0.9256704595284359,1.0802980582414068,36.235341863986875,36.114731390857514,26.50843531651285,0.7340061602458295,10662310.0,10662310.0,1.0069294662827277,95.0,106.0,137.0,166.0,118.49800266311584,115.0,12.0,71.0,9.331699766489773,5.785670518677775,119.1531928045823,12.478249892439058,1.1979934518353306,4.383008087127992,155.70672037815535,0.6144155772773452,4.982813048053314,3.650027438362092,1.1055661408095445,0.7979463106288834,0.12065941774815854,0.7372987909375758,0.12065941774815855,0.5312533756151855,0.10610072265683392,0.9396702911259208,0.9396702911259208,0.9929023871912849,0.9758681164503684,-0.4226867907284829,0.7359749026546998,0.12065941774815855,2.193967029112592,0.5621935284326753,1.4556028701768617,0.7575190439199152,0.7365836548579446,4.387934058225185,1.3349434524287043,0.22965143209426048,183.7605633802817,0.369739564145436,0.5666352238177557,7.492957746478873,86.08450704225352,373.7142857142857,20.91638721216186,0.20876648781578358,4.60118526224494,76.28772635814889,0.15349643130412252,0.16544607190412783,49.55136047674377,0.3652715269318128,3.452300490655946,0.07224931195881422,4.2,0.42,0.8400000000000001,7.6,34282.9,146845.6,8315.058333333332,0.29791666666666666,1.4,0.14,0.2613321617252007,2.1471263409298,0.05198163811782251,3.1219280948873593,0.013315579227696404,28642.890000000003,3.5678164210633474,0.028125720597868185,0.7306754717192018,0.00539963791483888,0.13956488136845754,2.6920764476059724,269.9693741677763,0.359479859078264,3.422600314538449,461.42609853528626,0.267315128873885,5.25965379494008,62.35019973368841,289.36617842876166,14.78848572274005,0.23043349607930166,0.02671685778666154,0.18631114925627004,0.005813557582965348,102,ae97af84-0f47-4e66-b3bf-bcc233538c65,751
366.4166666666667,385.0,805.1801213947772,2.197444042924113,0.3075444493927638,0.009048169272689113,0.02908865760139942,3.251562504133846,31.575306807693888,31.575306807693888,31.0,16.0,32.510466648719124,15.233069209688276,0.0,0.46855892209373873,0.0,384.5,385.0,81.69848480983498,0.212479804446905,0.8508227657547353,1.175332913327648,31.575306807693888,32.51046664871913,15.233069209688276,0.4685589220937387,6123902.0,6123902.0,1.2434088045563296,100.0,107.0,146.0,160.0,125.32467532467533,123.0,22.0,60.0,11.879777365491652,9.36337962558593,126.11993879255952,14.140888083981036,0.32345659423999557,2.2090047088210745,199.96471580367685,0.4547883285545622,2.3809859154929582,2.551375773182074,0.6767189559694995,1.0879641936123785,0.17535211267605633,0.7223939692645414,0.17535211267605633,0.6698029057780472,0.14460374925609998,0.9123239436619719,0.9123239436619719,0.9824647887323944,0.956161971830986,-0.3978801613648451,0.7757983499632416,0.17535211267605633,1.4672535211267608,0.35873115453283083,1.8541854156575424,0.7428483924864533,0.5014084507042254,2.934507042253521,1.6788333029814864,0.3158290765721088,153.08672086720867,0.4148691622417579,0.4324292565418879,4.186991869918699,34.50406504065041,66.2059620596206,26.964016862390846,0.4110207768744354,3.697935212360492,61.46612466124661,0.16657486358061413,0.2396103896103896,17.08644913007395,0.2978241380305128,1.98440215605433,0.05805590907743748,4.75,0.59375,0.484375,7.375,8383.875,18448.25,5881.809027777777,0.23958333333333331,2.5,0.3125,0.13103104134428525,1.1792310965806019,0.014562408235634431,1.9999999999999982,0.02077922077922078,6067.859375,9.63339783632084,0.03798966760920356,0.5263901936672567,0.021486265479374406,0.10762382251312744,3.001211619983562,94.56363636363636,0.2456198347107438,3.47880586945522,175.09350649350648,0.35803676842637877,2.7064935064935063,53.64935064935065,110.75844155844156,39.74437229437229,0.633982683982684,0.030580712371528696,0.14692456390925776,0.01303876103110797,103,36c86c84-b929-43ca-acf0-6dcb0f680041,385
210.41666666666666,223.0,470.60332140743327,2.236530636391762,0.3635375093101802,0.011628473782723516,0.048044942977980155,2.750747789127786,20.248456731316587,20.248456731316587,19.0,15.0,19.59291644058815,14.520282817691784,0.0,0.7410985935514921,0.0,222.5,223.0,56.87005768508877,0.25559576487680347,0.9297929971100665,1.075508207857176,20.248456731316587,19.59291644058815,14.520282817691784,0.7410985935514921,3009953.0,3009953.0,1.5556246276579573,86.0,96.0,138.0,165.0,114.95515695067265,111.0,25.5,79.0,14.04958877113957,10.60850138872117,116.17894424206906,16.81841180516199,0.6468478857386534,2.6319104062480965,282.8589756480122,0.39854008727301987,4.579728059332509,6.911360316276458,0.5004574105311753,1.5567021808119714,0.29295426452410384,0.6832338618744137,0.2904820766378245,0.8792532403191035,0.20857442767628093,0.8551709929954677,0.8550061804697158,0.9828110230495164,0.9419859909353111,-0.3066586728257904,0.7720106864949713,0.2883189122373301,2.064894932014833,0.2579784592677251,2.502368087907956,0.6966309920062107,0.4573547589616811,4.129789864029666,2.2029645315581092,0.4624141113340189,100.28075709779179,0.3163430823274189,0.7303485953686473,6.2239747634069404,13.753943217665615,61.26813880126183,4.444619698562916,0.31374868559411145,4.042360384676903,73.4416403785489,0.23167709898595867,0.35538116591928254,5.8360218531381545,0.42989748275369993,3.42525649734905,0.10851226240909934,3.4444444444444446,0.38271604938271603,1.5555555555555556,10.555555555555555,2142.1111111111113,9978.0,560.6581790123457,0.2970679012345679,2.3333333333333335,0.25925925925925924,0.45834754614003675,7.310514924365261,0.03006873596797694,2.281036112553421,0.04035874439461883,1528.172839506173,2.5842798223350254,0.054753150454537075,1.4318735777240914,0.021466843565668525,0.27309821031794135,3.8631576907275442,40.2914798206278,0.18067928170685113,3.6659494459973057,88.87443946188341,0.5175249854209817,5.112107623318385,41.573991031390136,179.61434977578475,14.458800448430493,0.3342987045341306,0.053469615133879496,0.5077842481869014,0.012382248687134712,104,88dd8f01-2259-4350-94d7-fbcc326958dd,223
355.6666666666667,372.0,775.7700365786154,2.181171611748684,0.31292954327934974,0.009286856316578457,0.030643593937590488,3.195607514459917,24.73863375370596,24.73863375370596,19.0,24.0,25.018783282092862,19.175007213275496,0.0,0.7664244498652325,0.0,371.5,372.0,73.11269837220807,0.19680403330338647,0.9345263006002488,1.0700608419021458,24.73863375370596,25.018783282092862,19.1750072132755,0.7664244498652325,3732482.0,3732482.0,2.084218126403916,61.0,70.0,141.80000000000007,173.0,96.33333333333333,86.0,38.0,112.0,22.908602150537636,16.828373521976214,100.16762832093441,27.448909856854954,0.9407758244478234,2.827877428347031,753.4426523297491,0.2659122441900798,5.956553222302679,49.03936855564824,6.29601471760229,4.162680549780538,0.4011585807385952,0.824201261584361,0.3721940622737147,1.0282334095291827,0.26263016074678536,0.8187303886072894,0.8167994207096306,0.9848013107020822,0.9386572876797351,-0.3944840957294598,0.89017521773635,0.34685010861694426,2.239681390296886,0.15877107386319245,3.199357581306798,0.8315809433169966,0.30485155684286747,4.479362780593772,2.7751021959748168,1.1409597826297833,132.8702163061564,0.22108189069243994,1.482875185838356,9.903494176372712,11.357737104825292,55.02495840266223,5.264206877426512,0.24943335182103904,4.209105096147529,183.28618968386024,0.30496870163703865,0.40389784946236557,5.227787298484778,0.5665024744377194,7.35880060542866,0.0824517889021742,3.1818181818181817,0.2892561983471074,2.0495867768595044,15.272727272727273,3013.4545454545455,13594.818181818182,1234.0680808080808,0.18042929292929294,1.0,0.09090909090909091,0.1265574087916935,3.0825260536520656,0.005857708688627408,3.4594316186372938,0.02956989247311828,1869.7851239669424,4.741337436778318,0.03930805347143148,2.5089832911611554,0.03808733965702907,0.34613342720648016,4.345409266097624,52.983870967741936,0.14242976066597293,4.720748063359926,98.91935483870968,1.3172259798820674,6.900537634408602,38.0,158.38978494623655,18.577658303464755,0.3708318399044206,0.05359905404316247,0.6537430657995975,0.011228959711622603,105,3b1e326e-231f-4f63-97dd-e4fc4613a484,372
376.1666666666667,394.0,824.1623414240294,2.190949955048372,0.3057676700417881,0.008969871527043753,0.02858740219463643,3.270456944854025,31.89043743820395,31.89043743820395,20.0,20.0,30.761073136035904,16.420044304154814,0.0,0.5337929607182366,0.0,393.5,394.0,81.59797974644668,0.20736462451447696,0.8617829430435157,1.1603849995781421,31.89043743820395,30.7610731360359,16.42004430415481,0.5337929607182366,3853173.0,3853173.0,2.0339968076694825,57.0,66.0,132.39999999999998,162.0,95.67766497461929,92.0,38.0,105.0,20.885322992089467,15.637237622175935,98.89199615516566,25.008225218071928,0.48577805777809974,2.4026422078975984,625.4113285578087,0.26229740524105233,5.790665751544269,30.54696102223793,2.690537309301498,3.599108556472928,0.3266986959505834,0.8335635577885778,0.31846259437199725,0.9297822842741083,0.22528027193644018,0.8421413864104325,0.84159231297186,0.9875002048102184,0.9471189985946336,-0.4328741974378736,0.9030587872155028,0.3112560054907344,2.2299245024021963,0.1590310945338081,3.0594770177772252,0.8477851902363545,0.2669869595058339,4.459849004804392,2.7135056781163627,0.9814518131058779,148.44194107452338,0.25726506252083775,1.105310741929961,9.362218370883882,13.216637781629116,60.41941074523397,6.6822751781243985,0.2245214712112459,4.230232696260636,145.75563258232236,0.25260941522066266,0.36611675126903553,5.756260343797026,0.48989488832037237,6.0157978301071635,0.0617048459467888,4.571428571428571,0.32653061224489793,1.3520408163265307,16.785714285714285,2869.1428571428573,15217.57142857143,1076.651607142857,0.1382936507936508,4.428571428571429,0.3163265306122449,0.5536209658060604,10.625581248716427,0.030190002196771797,2.4956029237290105,0.03553299492385787,2077.122448979592,3.5355422905706186,0.03946167295745066,2.355727149604587,0.029539155352369267,0.3351949734055378,4.302897775395095,60.035532994923855,0.15237444922569507,4.360431858589503,103.34517766497461,1.104202633409776,6.604060913705584,41.21827411167513,182.0964467005076,20.320057106598984,0.36729906937394247,0.0568726151628164,0.72654749435025,0.010167530615602133,106,198aa7b0-9379-4f45-bd37-59f10a879835,394
503.6666666666667,524.0,1088.9401515381512,2.1620254497779308,0.281131117829184,0.007907919798399318,0.02221911507974394,3.5570590965586475,35.11409973215888,35.11409973215888,32.0,20.0,35.64521082418436,18.770415756697147,0.0,0.5265901175133997,0.0,523.5,524.0,92.42640687119288,0.1765547409191841,0.8775405728655644,1.1395484504318136,35.11409973215888,35.64521082418436,18.77041575669715,0.5265901175133998,9827786.0,9827786.0,1.061126042051714,116.0,124.0,152.0,172.0,136.5114503816794,135.0,15.0,56.0,8.766796806712895,6.32175925925926,136.9500521865294,10.95174454520447,0.696937054721316,3.1531595567132418,119.94070858341586,0.5922513256803217,4.181030086690464,2.5637020090999387,0.08728792196712298,0.7646818207467856,0.1631820499745028,0.6482629507976182,0.1631820499745028,0.6418679719259786,0.13655366854062168,0.9184089750127487,0.9184089750127487,0.9836817950025498,0.9592044875063744,-0.3382446172648704,0.7043987299107305,0.1631820499745028,2.007649158592555,0.4893591791593389,1.683966911624384,0.6749617350674176,0.6863844977052524,4.01529831718511,1.520784861649882,0.23196596768032213,171.06153846153848,0.37595942519019443,0.49851950247554644,4.978021978021978,40.035164835164835,167.68791208791208,10.944932844932845,0.3547008547008547,4.517956770362525,63.558241758241756,0.13968844342470715,0.21708015267175573,18.81446202149499,0.3416644402541753,2.0097684985063817,0.12762309814549327,3.6,0.36,0.8,4.8,15940.8,65235.0,4093.5833333333335,0.49444444444444446,1.4,0.14,0.26722151953286166,0.8726282504569767,0.15828716577593843,3.321928094887359,0.019083969465648856,13195.040000000003,6.355344078646548,0.028275135777309925,0.4600795851614897,0.013616996629337711,0.06440580841672026,3.274721478936764,124.16793893129771,0.23696171551774373,3.6672833750946916,310.3396946564886,0.2501456791562263,4.419847328244275,56.4236641221374,237.53435114503816,16.330470737913487,0.3083121289228159,0.03159949412334909,0.1539908981510331,0.011432462084294185,107,8605c3a1-2f80-4768-89de-a6f31e3293da,524
244.91666666666666,260.0,548.1097825407724,2.237943991319928,0.3453786316165138,0.01076817422554491,0.04119897331831561,2.895373102034684,24.186773244895647,24.186773244895647,14.0,24.0,23.96191427845567,14.579126327286275,0.0,0.6084291162160809,0.0,259.5,260.0,66.04163056034258,0.25449568616702345,0.8646808199219413,1.1564961046438784,24.186773244895647,23.96191427845567,14.579126327286273,0.608429116216081,3832306.0,3832306.0,1.4858181013150875,97.0,100.9,147.1,170.0,120.16153846153846,116.5,24.25,73.0,13.920414201183428,9.732248520710057,121.40691274197883,17.344830241160462,0.8738995591519401,3.0117873671233557,300.8431360946745,0.4422781065088758,5.496288441145282,7.9810694382660525,1.5317509350864085,1.5070537048678156,0.24708377518557795,0.7182845951412457,0.24284199363732772,0.8137620364491773,0.18811154131182609,0.8792859667727113,0.8790031813361613,0.9855405152517,0.9515729939908096,-0.3496744959783974,0.7849308223276544,0.23913043478260873,2.276246023329799,0.35179179284992174,2.2593124085885226,0.7540689563355104,0.5662778366914104,4.552492046659597,2.0026889433011164,0.4385343700133484,91.87037037037037,0.28355052583447643,0.8867074378905655,7.817901234567901,20.95679012345679,100.73456790123457,5.131430041152263,0.2575660150891632,4.167374615461329,80.73456790123457,0.2491807651272672,0.31153846153846154,10.653482700807803,0.5039631770208752,4.7023984418605504,0.1271531148361718,3.5454545454545454,0.32231404958677684,1.6033057851239667,9.545454545454545,2656.3636363636365,12536.636363636364,622.6843434343434,0.3440656565656566,2.090909090909091,0.19008264462809918,0.4004225288021418,5.940204532579634,0.05024580410857817,2.7321588913645676,0.04230769230769231,2097.685950413224,2.2426430712144994,0.05790940677858243,1.1772127843531082,0.01951336065007478,0.2484135296654551,3.707656816242437,48.7,0.18730769230769231,5.242248520710059,114.99230769230769,0.5251331360946745,6.0115384615384615,47.59230769230769,234.08076923076922,11.687072649572649,0.2500534188034188,0.05333297296838964,0.5248424296712988,0.011897098513748646,108,8c92db18-4ed4-44b4-99c5-92d1a948d254,260
383.9166666666667,401.0,837.2375379821067,2.1807793479021664,0.30511255360617123,0.008941059643853898,0.028404047490575672,3.2774790423430615,28.284271247461902,28.284271247461902,28.0,19.0,28.051049535428515,18.30624776270244,0.0,0.652604735504874,0.0,400.5,401.0,79.01219330881975,0.19728387842401934,0.8978671338304237,1.1137505342620835,28.284271247461902,28.05104953542851,18.306247762702437,0.6526047355048739,4110797.0,4110797.0,2.091650054401319,64.0,70.0,138.0,164.0,97.90274314214464,93.0,40.0,100.0,21.645984788651816,16.464075739644972,101.24902019168167,25.815053263915843,0.6745344750607326,2.4657967137416286,666.416975018812,0.25568870840355473,6.054398925453324,40.8759957468885,4.277110264120262,4.003136499992558,0.3297515110812626,0.8477913529089617,0.32303559435863,0.9309210205783308,0.22539951585862927,0.8396015222744572,0.8391537944929484,0.9873706918819353,0.9463206370526721,-0.4457276481062514,0.9125448402073343,0.3171591672263264,2.266286098052384,0.15675959949862908,3.117757043768076,0.855526677747104,0.277367360644728,4.532572196104768,2.7749185591673062,1.0832220027684551,139.65989847715736,0.23631116493596846,1.2946825049172443,9.962774957698816,13.11336717428088,63.16751269035533,6.503989471705207,0.2251400639217898,4.217056849471429,146.09983079526228,0.24720783552497846,0.36845386533665836,5.747332377083207,0.49158981728228185,6.709616964509937,0.05637013078355369,4.0,0.3333333333333333,1.6666666666666665,17.666666666666668,3392.4166666666665,17676.833333333332,1279.066898148148,0.14905092592592592,2.8333333333333335,0.2361111111111111,0.4365430693142906,9.412823957461649,0.021222690177830742,2.855388542207531,0.029925187032418952,2275.7430555555557,4.34038578742077,0.039414718806802584,2.3112026866558164,0.03334994298053888,0.3316362536257197,4.273419047680997,60.910224438902745,0.15189582154339837,4.124439524629822,102.53117206982543,1.2290719585077208,6.912718204488778,40.755610972568576,182.62344139650872,19.856924355777224,0.36343031310612356,0.05305119350779011,0.7144332153522719,0.009764063598562174,109,cb322577-9895-41db-becb-3639b7f18d19,401
231.91666666666666,245.0,516.067423022571,2.2252278391199614,0.35372491679532786,0.011160852190773209,0.04425852736091141,2.8270555805335573,19.6468827043885,19.6468827043885,17.0,19.0,19.14356051739551,16.31103527190811,0.0,0.8520376999402217,0.0,244.5,245.0,59.69848480983496,0.24416558204431477,0.9284981765436436,1.0770080386399072,19.6468827043885,19.14356051739551,16.31103527190811,0.8520376999402216,2314005.0,2314005.0,1.8546609271415946,67.0,72.0,130.0,152.0,94.88571428571429,88.0,32.0,85.0,17.658775510204087,13.41796424452134,97.18496986338442,21.014747008630263,0.7859331078507397,2.5924145453546736,441.61959183673457,0.32001665972511456,5.502799552071668,19.074620958559418,2.1157374620875506,2.5831169140597074,0.34602463605823064,0.7637364872009693,0.3393057110862262,0.948028767085644,0.23089627048250105,0.8314669652855543,0.8310190369540873,0.9867448263980679,0.9436090225563909,-0.360524123189598,0.8474229053296812,0.3334266517357223,2.223404255319149,0.2025885040924247,2.8792218365492155,0.7698330259537255,0.39417693169092943,4.446808510638298,2.520372911265751,0.7322853875294846,105.67700258397933,0.27306719013948144,0.9772249263866354,8.550387596899224,11.007751937984496,53.64341085271318,3.8918690783807057,0.2377993109388458,3.995138394753511,108.7312661498708,0.2809593440565137,0.3948979591836735,4.5952099566666,0.5386503284192105,5.971673254210162,0.07820962015990408,2.111111111111111,0.2345679012345679,1.5802469135802468,13.444444444444445,2091.222222222222,10497.666666666666,594.0567283950618,0.19330246913580248,1.8888888888888888,0.20987654320987653,0.3891557374350011,8.030649482841314,0.0207409801864625,2.947702779220087,0.036734693877551024,1350.1728395061727,2.1203126293995855,0.05023869482897851,2.8047080428257583,0.02486100038492222,0.4549473401283076,4.137631596438218,33.96326530612245,0.1386255726780508,4.509354435651812,78.40408163265306,0.8444148271553519,6.314285714285714,38.624489795918365,168.72244897959183,14.879521541950115,0.3154625850340136,0.05840853026773824,0.6846884965626463,0.010464074093356163,110,b7ac81cf-2c6e-42d6-a7c7-af980256c42a,245
235.41666666666666,249.0,524.2601756569247,2.2269458788966716,0.35169165212674697,0.011064759195670022,0.043499691768822124,2.843399875865145,21.213203435596427,21.213203435596427,21.0,15.0,20.83215233768585,15.22059245578713,0.0,0.7306298556703967,0.0,248.5,249.0,60.87005768508877,0.2449499303222888,0.918045941938519,1.0892701054681744,21.213203435596427,20.83215233768585,15.22059245578713,0.7306298556703967,2443929.0,2443929.0,2.013458356595436,54.0,64.0,132.20000000000002,166.0,95.90763052208835,93.0,38.0,112.0,20.7717617457783,15.6908,99.0705602266105,24.833491724947667,0.42503968987341456,2.4044818853036083,616.7023112530443,0.2688182448670183,5.6736493936052925,26.21427963782766,2.181362578951277,3.266442917939486,0.39250275633958104,0.7854558163578542,0.3638368246968026,1.019917223957723,0.2601255213341291,0.822859242925395,0.8209481808158765,0.9851318510026642,0.9400430513991704,-0.3683788342512161,0.8697947551656356,0.33875413450937153,2.2260198456449833,0.15287990382289413,3.128814671823341,0.8072302167391029,0.2701212789415656,4.452039691289967,2.7017682020194136,0.9147364185697666,105.49261083743842,0.25983401684098134,1.0835739765585188,9.078817733990148,10.857142857142858,54.73891625615764,4.722465790914066,0.23112821565407773,3.9819411013433132,122.70443349753694,0.3022276687131452,0.40763052208835343,4.838942949355723,0.5636414009773173,6.580562280723612,0.07081543649960877,4.0,0.3333333333333333,1.3541666666666665,15.416666666666666,1345.4166666666667,6996.583333333333,471.56502314814816,0.15467592592592594,3.5,0.2916666666666667,0.5112233884657701,9.762256551758318,0.028020889424215295,2.7516291673878204,0.04819277108433735,914.8541666666667,2.1269859871031747,0.060972428020847694,2.453327261555533,0.029153571076863023,0.5002325409806845,4.392704525738782,36.24497991967871,0.14556216835212335,4.851534652666892,66.93574297188755,1.0489508233738165,6.606425702811245,37.78714859437751,165.35341365461846,17.932185408299866,0.35318496207050426,0.07098237305482955,0.9071722648973318,0.011631237461393404,111,82626cbe-6fd8-4b61-8018-f15e5e14a5c0,249
963.9166666666666,990.0,2033.3275986794952,2.1094433460840274,0.23207931221832448,0.00593134956539074,0.012499979081154078,4.308871783708441,37.8021163428716,37.8021163428716,35.0,36.0,36.685669263133946,34.64809274775064,0.0,0.9444585159188877,0.0,989.5,990.0,119.15432893255087,0.12041872555083463,0.9358430214771047,1.068555278022624,37.8021163428716,36.685669263133946,34.64809274775064,0.9444585159188877,14079528.0,14079528.0,1.0062984145707459,98.0,106.0,139.0,162.0,118.52323232323232,114.0,13.75,64.0,10.06388735843281,6.344486700148669,119.25495987398367,13.190483470993442,1.3091733272719401,4.119047623306201,173.9888541985512,0.6117865523926129,5.223983095615425,5.330549241070177,1.749050135146068,0.944250915807648,0.115689381933439,0.7817058523390551,0.115689381933439,0.5168418609113472,0.10230534884129787,0.9421553090332806,0.9421553090332806,0.9931947422392096,0.9768621236133123,-0.4569179307403185,0.7524931499142584,0.115689381933439,2.2398309561542527,0.5738020130885078,1.410430390055287,0.7917098003291764,0.745905969360803,4.479661912308505,1.294741008121849,0.26498507443527175,225.92156862745097,0.3691528899141356,0.5479516425306505,8.705882352941176,112.12091503267973,486.5522875816994,27.144948257080614,0.1621732026143791,4.3975367253899185,109.40522875816994,0.17876671365714042,0.15454545454545454,70.25240292195309,0.39435992991915025,4.179094879852131,0.05889623503969846,3.0,0.3,1.29,9.7,59624.6,256036.8,14433.668055555556,0.2833333333333333,1.4,0.14,0.2504365991275178,2.0875176413933643,0.12157453706107346,3.321928094887359,0.010101010101010102,49823.600000000006,4.313535955034097,0.023680363613748784,0.7457937205542519,0.0061701286481206895,0.10986457203766342,2.4579428560955954,414.6222222222222,0.41881032547699215,3.428980716253444,605.6686868686869,0.31280073461891644,5.533333333333333,63.7030303030303,300.46060606060604,14.824242424242424,0.21746632996632995,0.025732421532024707,0.19464575746123364,0.005656112239914047,112,712eaa51-7d23-46e6-a709-e9245be7d2a8,990
106.41666666666667,116.0,249.72573518778077,2.3466787958131317,0.4348711447218544,0.015213872220003357,0.0822397487456452,2.2995317397745594,15.811388300841896,15.811388300841896,15.0,10.0,15.577366684051407,9.47753393920204,0.0,0.6084169507870308,0.0,115.5,116.0,42.38477631085022,0.3669677602671015,0.8988475285824186,1.1125357396010311,15.811388300841896,15.577366684051407,9.47753393920204,0.6084169507870308,1870306.0,1870306.0,1.3559430393391065,100.0,105.0,151.5,165.0,125.79310344827586,123.5,28.0,65.0,14.326397146254463,10.5057232049948,126.97766569836956,17.303835154620028,0.48435331288660266,2.2974789818065147,299.4227110582639,0.42999405469678953,2.425373134328358,5.504768392932732,1.602265768260257,1.3590010148263656,0.2736318407960199,0.6647968465736805,0.26368159203980096,0.8602566564057518,0.20410385881537582,0.8698175787728027,0.8691542288557215,0.9730960581706851,0.9345771144278607,-0.2821319058164235,0.7109085638801923,0.25497512437810943,1.4676616915422884,0.3236924828593351,2.143249279797712,0.6651306107994002,0.5199004975124378,2.935323383084577,1.8514477648998284,0.40815821390559637,62.6144578313253,0.37719552910436926,0.49560894179126147,4.234939759036145,13.19277108433735,26.048192771084338,10.675033467202143,0.4322289156626506,3.571721039598918,42.2289156626506,0.2543910582087386,0.3577586206896552,5.379735810712731,0.5070789247737626,2.77521213789837,0.1272183866272233,3.0,0.42857142857142855,0.40816326530612246,5.0,772.5714285714286,1438.4285714285713,629.1230158730159,0.3174603174603175,1.8571428571428572,0.2653061224489796,0.44559496401195287,2.5015212560974143,0.09144584248970558,2.5216406363433164,0.0603448275862069,497.9591836734694,8.068589743589744,0.09215857630889013,0.7285009857185714,0.04113946641635865,0.26234418002266474,3.758488403655499,18.20689655172414,0.15695600475624258,5.377526753864448,49.87931034482759,0.47049643281807374,2.9051724137931036,43.05172413793103,81.14655172413794,35.16594827586207,0.648227969348659,0.06746274196140781,0.32430375686353724,0.02324237755047741,113,a7f4a154-b785-4788-b089-d7d7ccbc2b36,116
333.1666666666667,349.0,730.8486329250453,2.1936427201352036,0.3180028762209972,0.009513612299179765,0.03215830457280853,3.144625645791476,27.80287754891569,27.80287754891569,20.0,20.0,27.67894842990904,16.16275766489011,0.0,0.583936839429388,0.0,348.5,349.0,73.59797974644663,0.21118502079324714,0.8991671457805477,1.112140278581822,27.80287754891569,27.67894842990904,16.162757664890105,0.583936839429388,7712054.0,7712054.0,0.9909732714766729,132.0,137.0,162.0,167.0,148.3839541547278,148.0,14.0,35.0,7.5293963103751205,5.925417051400431,148.6525342240491,8.931857625361705,0.19805504869479082,2.038209673971883,79.77808063973202,0.5062437911018793,2.1582622187742437,0.9117372491348403,0.28731012957955715,0.8383908479038182,0.12723041117145073,0.7364796808775859,0.12723041117145073,0.5497933554797148,0.11104283364459432,0.9363847944142745,0.9363847944142745,0.9745539177657098,0.9575898629428496,-0.4399253966979346,0.7589138867090282,0.12723041117145073,1.4072924747866562,0.40614653681777124,1.5211615010523212,0.7364796808775863,0.5290923196276183,2.8145849495733124,1.3939310898808706,0.24140531476881727,148.21033210332104,0.5469015944771994,0.22654920276140034,2.959409594095941,45.16605166051661,88.07380073800738,34.43911439114391,0.5101476014760148,4.167641540910304,34.269372693726936,0.12645524979235032,0.19412607449856734,18.630247409485165,0.3307445467349633,1.2124753782263478,0.11031183886211711,2.5,0.625,0.1875,3.25,15186.25,32518.0,10853.3125,0.4375,1.0,0.25,0.31251746321337587,1.2500499251247332,0.07813434773553656,1.9999999999999987,0.011461318051575931,7573.6875,35.21451662561576,0.04271847206709406,0.13414943813503757,0.03349225369096595,0.04224183450252697,3.160272534469615,104.9025787965616,0.3005804550044745,3.634009572992012,176.67908309455586,0.24687810444906033,2.332378223495702,59.09169054441261,125.20343839541547,42.56375358166189,0.6669054441260746,0.02835182414789114,0.08294084671967057,0.014704568504946286,114,8d58ed02-e2fa-4365-92f1-4453f96d063d,349
512.4166666666666,533.0,1104.4938298937602,2.1554603933525978,0.2803730902350844,0.007875957601090782,0.022039867800136413,3.5666760999121925,30.610455730027933,30.610455730027933,25.0,26.0,28.092163891874552,25.05779450098621,0.0,0.8919852026149537,0.0,532.5,533.0,89.69848480983504,0.16844785879781227,0.9119680659801234,1.0965296234635866,30.610455730027933,28.092163891874552,25.05779450098621,0.8919852026149537,7674613.0,7674613.0,1.2376658806892906,94.0,103.0,141.0,162.0,119.16135084427768,115.0,19.0,68.0,11.537687133257538,8.386031240672569,119.99541110675514,14.123425634248196,0.7226075273704687,2.78077789295847,199.47115164613908,0.5090482208040439,5.3950000000000005,3.963378415632002,0.8595006720000009,1.0608840000000002,0.147,0.7565991436263743,0.14700000000000002,0.6022816025566393,0.12539100000000003,0.9265,0.9265,0.9913529411764705,0.9706,-0.4435103999690222,0.7993188190566629,0.14700000000000002,2.273,0.43959775,1.7874286980273442,0.7743458553014363,0.628,4.546,1.640428698027345,0.301971,147.80281690140845,0.34695496925213254,0.6398642244704534,7.676056338028169,51.8075117370892,243.7793427230047,12.261834898278561,0.21713615023474178,4.5380218229027305,63.23474178403756,0.14843836099539334,0.199812382739212,26.760541338799623,0.32241773278358715,3.241236928381796,0.06518132537807736,4.6923076923076925,0.3609467455621302,1.301775147928994,10.76923076923077,10975.461538461539,52122.0,2525.755341880342,0.24305555555555555,2.230769230769231,0.17159763313609466,0.3554380424975395,4.625126937311965,0.04198765847154166,3.1808329872054375,0.024390243902439025,9294.461538461539,3.181795511835834,0.03463926369669461,0.8548767486698607,0.008464830725647049,0.16737486594419157,3.1181765862045197,151.35647279549718,0.28397086828423485,3.591142212475668,271.32270168855536,0.34717993304915007,5.7073170731707314,58.373358348968104,293.8011257035647,13.60464873879508,0.22876276839691473,0.03221371616188689,0.2790148262070446,0.006296710398792119,115,66be4f3a-b3f7-4910-a096-f25f6b9037e1,533
487.6666666666667,507.0,1053.9189717790505,2.1611462169085107,0.28428827591412303,0.008041504354808347,0.022976128374103403,3.517556243867324,31.064449134018133,31.064449134018133,28.0,22.0,31.571961480638127,20.628673010046082,0.0,0.6533858538595031,0.0,506.5,507.0,89.25483399593908,0.1762188232891196,0.893846430718871,1.1187604107740918,31.064449134018133,31.57196148063813,20.628673010046086,0.6533858538595031,6077389.0,6077389.0,1.8513845701177822,69.0,83.0,141.0,168.0,107.29585798816568,103.0,25.0,99.0,17.028021894658217,11.480144188521113,109.4849786604,21.784384564444952,0.8106919879330029,3.154756112544834,474.5594108516275,0.320682048947866,8.001053740779769,22.72496804382602,2.8178756649483367,2.7358577771954504,0.27871443624868286,0.8150885654649797,0.2755532139093783,0.8611368857452927,0.2027848625528952,0.862750263435195,0.8625395152792413,0.9893053696058675,0.9541497315469918,-0.428527386866029,0.8838652539949061,0.27278714436248686,2.71786090621707,0.2163050007717069,2.786441691235885,0.819968509565604,0.351422550052687,5.43572181243414,2.499229817986497,0.7536430533610334,169.32615384615386,0.260501775147929,1.0855479289940828,11.683076923076923,18.04,121.42461538461538,3.6307564102564105,0.1480542735042735,4.465605561385577,136.24307692307693,0.20960473372781066,0.32051282051282054,8.3056,0.4378380971756075,6.751290133383089,0.04434079547849492,2.8,0.28,1.7600000000000002,16.2,8108.7,56450.4,1457.7135,0.1708611111111111,1.6,0.16,0.3089385606045429,6.794113504455034,0.01508139563740096,3.1219280948873593,0.01972386587771203,5538.21,3.1678610935524656,0.029506802402946185,2.202432875462629,0.02065839920788708,0.23630210334529475,4.147967740672714,80.38067061143984,0.15854175663005887,4.064431295200526,162.58579881656806,0.8553622072056299,8.721893491124261,45.485207100591715,308.92702169625244,9.253351961428885,0.18136094674556213,0.04082496566089362,0.5565771815519983,0.005301288768017332,116,079991f7-ca5e-408c-ab48-bfec0fc7eb4e,507
529.1666666666666,549.0,1140.01874788458,2.1543661377346397,0.2775239386997077,0.007756209885059798,0.021374765140570413,3.603292763447124,33.61547262794322,33.61547262794322,30.0,23.0,33.83952568330475,20.738155242630455,0.0,0.6128382364668291,0.0,548.5,549.0,92.91168824543149,0.16939232132257337,0.8935583067762428,1.1191211501438276,33.61547262794322,33.83952568330475,20.738155242630455,0.6128382364668291,8058946.0,8058946.0,1.1611657812082334,95.0,105.0,141.0,162.0,120.38979963570128,117.0,21.0,67.0,11.342065885647362,8.728009005452977,121.1582385204751,13.624056116297977,0.6221567551335537,2.6338225293128428,185.6149050600363,0.5100746181996743,5.532265890344494,2.4665519713830784,0.684907035803338,0.9340349801693661,0.1591460456089277,0.708838624425221,0.15914604560892773,0.6322627050757402,0.1338185817759688,0.9204269771955361,0.9204269771955361,0.9906384679053571,0.9681707908782144,-0.3879828670584631,0.7544576213512337,0.15914604560892773,2.310528869480835,0.42367730837312534,1.7494606029081183,0.7282843679074815,0.6035904900533722,4.621057738961669,1.5903145572991917,0.2732952564445735,188.53347732181425,0.4071997350363159,0.48825156622459404,7.75377969762419,46.90280777537797,222.5010799136069,10.872360211183105,0.1872600191984641,4.423240713236499,67.99352051835854,0.1468542559791761,0.21083788706739526,24.40694316808867,0.35441985269856946,3.443306901411355,0.06169643416762052,4.333333333333333,0.48148148148148145,1.111111111111111,12.222222222222221,17068.333333333332,86314.66666666667,3771.4375,0.19290123456790123,1.8888888888888888,0.20987654320987653,0.393715766593431,6.2733755835205,0.026235178311976096,2.4193819456463697,0.01639344262295082,13347.333333333334,3.8319296723391556,0.02807011222079776,1.0060018491041924,0.00829698855654528,0.14171000629563982,3.1966505701630505,141.735883424408,0.258171008059031,3.7743404965477882,280.0309653916211,0.3070859088058766,5.879781420765028,57.25865209471767,297.46448087431696,12.620003541793158,0.21095173041894352,0.03224311013955606,0.28941601085553287,0.005687176369813331,117,25ffc248-e69e-4fa0-a534-071123f7ab08,549
519.4166666666666,539.0,1116.1083246250514,2.1487726448741564,0.279976575793931,0.007859255785013935,0.02194649108762221,3.5717273745644436,28.600699292150182,28.600699292150182,25.0,26.0,27.63158536328107,24.895147776320847,0.0,0.9009670436573427,0.0,538.5,539.0,87.35533905932742,0.16221975684183365,0.9416908099327131,1.0619196762379504,28.600699292150182,27.631585363281072,24.89514777632085,0.9009670436573428,11589439.0,11589439.0,0.9054275032105515,133.0,136.0,161.0,174.0,146.34322820037104,144.0,14.0,41.0,7.71195197593289,6.111506172839507,146.63472342875622,9.241302663691444,0.6696832875629632,2.5307370921693906,85.40167492195059,0.5641072418172868,1.7948717948717947,1.0294804728050204,0.5566545315982582,0.700071533054009,0.11291913214990137,0.7222129675459931,0.11291913214990137,0.5086586351021481,0.10016840174441449,0.9435404339250494,0.9435404339250494,0.9774161735700198,0.9623602892833663,-0.43133790673593414,0.7238900227414339,0.11291913214990137,1.2837771203155819,0.49333626565363026,1.349906663299986,0.7222129675459931,0.6597633136094675,2.5675542406311638,1.236987531150085,0.20324766630097763,193.94117647058823,0.5432525951557093,0.22837370242214533,2.9411764705882355,68.5266106442577,97.60224089635854,61.25770308123249,0.5147058823529411,4.139880999727756,43.0672268907563,0.12063648989007368,0.16558441558441558,32.054484538913606,0.2450006445530049,0.9381886254851346,0.07170364931997249,2.5,0.625,0.1875,3.25,39281.75,56660.0,34937.1875,0.4375,1.0,0.25,0.028483129269237246,0.11392691822359415,0.00712218203064802,1.9999999999999987,0.0074211502782931356,21124.1875,407.7503273809525,0.03304718376696875,0.11228113007485237,0.02499336060783267,0.03235684982954875,2.686867157342541,185.10018552875695,0.3434140733372114,2.8649013324338,304.05380333951763,0.21794637909135653,1.9628942486085343,61.775510204081634,103.0352504638219,51.46057513914657,0.7592764378478665,0.022335467977474783,0.056350492406128945,0.013831711870311238,118,1de03769-8c68-4203-9ec5-02db3ee092a5,539
514.1666666666666,534.0,1108.7473989037965,2.1563968860365574,0.2799330154954383,0.0078574216768727,0.021936249013242592,3.5722831700653606,34.48187929913333,34.48187929913333,30.0,21.0,34.10991726777915,19.953348653889833,0.0,0.5849720624429109,0.0,533.5,534.0,91.2548339959391,0.17104936081713046,0.897255779611913,1.1145093993515724,34.48187929913333,34.10991726777915,19.953348653889833,0.5849720624429109,7660722.0,7660722.0,1.7241822802339242,91.0,97.0,146.7,167.0,118.32584269662921,115.0,28.75,76.0,15.539620418297353,11.820297734078023,119.77446033405705,18.571922314266928,0.6284955824505404,2.452582519910968,344.91629844716584,0.3440993701693108,5.214178731902146,12.655147104002776,0.8317971309726737,2.187643148357843,0.2271592611083375,0.8118609951540062,0.22715926110833745,0.773026292944158,0.1755579312010516,0.8864203694458311,0.8864203694458311,0.9866376905230388,0.9545681477783323,-0.4558775816858403,0.8828490596277346,0.22715926110833745,2.173489765351972,0.2430040660427232,2.5598432494132157,0.821424716121255,0.42336495257114326,4.346979530703944,2.3326839883048796,0.603700602366545,172.3639455782313,0.29313596186774027,0.8378684807256236,7.697278911564626,22.166666666666668,103.47278911564626,8.09013605442177,0.2540863567649282,4.462422489223583,93.37755102040816,0.15880535887824518,0.2752808988764045,8.97049840344301,0.34153859122423114,3.7351176224528557,0.05758382750438992,4.833333333333333,0.4027777777777778,1.3055555555555554,11.333333333333334,8069.666666666667,39862.25,2256.810185185185,0.24247685185185186,2.5,0.20833333333333334,0.40521461148147625,5.587399989913627,0.04891837776508364,3.0220552088741974,0.02247191011235955,6089.416666666666,6.130379174643693,0.027794247961299718,1.1577720125860191,0.024849315517525405,0.13316754007528062,4.0077236236636145,96.61797752808988,0.18093254218743424,3.5134031898329336,183.74906367041197,0.668283325618258,5.709737827715355,49.72284644194757,231.2191011235955,18.329614024136497,0.32649292550977943,0.03831714219187467,0.35032109216276336,0.008984756798540225,119,19f7bcc1-2d52-4f5d-a56c-a2766e03b946,534
260.9166666666667,275.0,578.9956262528463,2.2190825662836646,0.34104371920094523,0.010566081606691445,0.03966707409262895,2.932175388958837,24.20743687382041,24.20743687382041,20.0,17.0,23.942886315587348,14.736578872395416,0.0,0.6154888211118297,0.0,274.5,275.0,65.35533905932733,0.2380886668827954,0.8986592197976454,1.1127688649599277,24.20743687382041,23.94288631558735,14.736578872395418,0.6154888211118297,2399014.0,2399014.0,1.9691437306627495,52.0,58.0,133.39999999999998,171.0,89.16363636363636,84.0,37.0,119.0,21.899504132231403,15.041051575520566,93.40068132903139,27.812465247447875,0.9700204662487202,3.426890684292862,773.5332231404958,0.28973223140495863,4.656716417910448,45.38732482033279,6.762553813935689,3.6400524739486646,0.41393034825870645,0.7957907734629602,0.36019900497512436,1.0530556086795402,0.2841870250736368,0.8288557213930347,0.8252736318407958,0.9845071723610065,0.9412461502013739,-0.37965033759112576,0.8686614664273212,0.31318407960199,1.9621890547263683,0.1938857949060667,2.997750231838296,0.8101588873516424,0.32935323383084575,3.924378109452736,2.560086842417558,1.0134957055518425,107.04186046511627,0.24893455922120064,1.2295511087074094,8.683720930232559,12.82325581395349,43.63720930232558,8.28852196382429,0.259452842377261,3.9033363224986366,144.4,0.3358139534883721,0.39090909090909093,6.279177934018388,0.6005384479965988,6.77827468247213,0.07828840461279364,3.3333333333333335,0.2777777777777778,1.222222222222222,12.333333333333334,1683.4166666666667,5093.833333333333,995.6402314814815,0.17275462962962962,1.8333333333333333,0.1527777777777778,0.26059999195573985,4.29663629094691,0.01878805405611058,3.584962500721152,0.04363636363636364,1158.2430555555557,3.7579610874200426,0.0546104325784564,2.5019301775499923,0.03284782284426318,0.5246738658701591,3.994851080457917,41.43636363636364,0.15067768595041323,5.711074380165289,79.67636363636363,1.183788429752066,5.570909090909091,40.2,118.02909090909091,26.423402020202023,0.46781818181818186,0.06334238358643121,0.6756226075952267,0.013460613218351314,120,943354d1-280c-4c33-9522-da63f5e00f3b,275
1121.9166666666667,1150.0,2359.819679630435,2.103382318618823,0.22126482184791538,0.00552163170313435,0.010832710006789415,4.519471245579842,44.94441010848846,44.94441010848846,42.0,35.0,44.792082043887255,32.9072634430134,0.0,0.734666975533106,0.0,1149.5,1150.0,131.29646455628185,0.11422049983147615,0.91539047243729,1.092429984919366,44.94441010848846,44.792082043887255,32.9072634430134,0.734666975533106,16089395.0,16089395.0,1.5926559335191695,82.0,96.0,139.0,167.0,117.1608695652174,117.0,26.0,85.0,13.68282797731569,10.70722373598396,118.28262028239637,16.25142774009971,0.18626126146746522,2.295704513057699,264.1089035916824,0.3665920604914934,5.08142435926514,8.375958622019484,-0.07203332720531586,1.8869640291737129,0.19256067135404853,0.8148031891083773,0.19256067135404853,0.7067975571893655,0.15548105920172664,0.9037196643229757,0.9037196643229757,0.988672901685056,0.9614878657291903,-0.47319397809887415,0.8779760987497914,0.19256067135404853,2.1581991381265597,0.2586545510608134,2.376942775058341,0.817996717190101,0.41052392832841916,4.316398276253119,2.1843821037042934,0.5198811751319403,341.78653846153844,0.3286409023668639,0.689167899408284,6.311538461538461,32.34230769230769,156.97115384615384,10.708600427350428,0.3026575854700855,4.859349374060033,134.8326923076923,0.1296468195266272,0.22608695652173913,12.77869822485207,0.21948411154678532,1.8193714391545248,0.05575946240552176,4.090909090909091,0.371900826446281,1.3553719008264462,10.909090909090908,41976.0,226029.36363636365,10084.328914141415,0.25883838383838387,1.7272727272727273,0.15702479338842976,0.3031522705298215,4.824673550949369,0.019142625937472412,3.0271691184406153,0.009565217391304347,31046.247933884297,10.754975328458473,0.013349220471855976,1.1177372126792389,0.017164583270908428,0.06963783802636224,3.9129099640957947,239.8608695652174,0.20857466918714557,2.749489603024575,421.58086956521737,0.5466079395085065,5.390434782608696,54.46434782608696,272.0234782608696,18.57399154589372,0.32875,0.026635921735844097,0.18889649388741003,0.007785598442275461,121,aafe9998-2dce-4210-a35c-52dde25f9b65,1150
169.41666666666666,181.0,383.6751181771575,2.2646834324278853,0.3859146309140121,0.012718495565766102,0.05747430548173637,2.5912466641432306,16.492422502470642,16.492422502470642,16.0,14.0,15.943742858022848,14.504034254289065,0.0,0.909700713530429,0.0,180.5,181.0,51.213203435596405,0.28372965892297175,0.9299542700522806,1.0753216929083853,16.492422502470642,15.94374285802285,14.504034254289067,0.909700713530429,2109358.0,2109358.0,1.9183732669811562,67.0,76.0,136.0,153.0,105.54696132596685,104.0,40.0,86.0,19.535484264827076,15.48677050103209,107.95328435119491,22.666066201809315,0.14419732414145017,1.931524574591715,513.7505570648026,0.28750648637098986,7.651771956856703,20.368889665572343,0.6008148633632908,3.117381012865591,0.32819722650231126,0.8094965757837382,0.32819722650231126,0.9130738749161742,0.2204838070185019,0.8359013867488443,0.8359013867488443,0.987377029749911,0.9453004622496147,-0.3984412534399422,0.8810323583266007,0.32819722650231126,2.63713405238829,0.16015987616363683,3.008807865798562,0.8161282395977983,0.29738058551617874,5.27426810477658,2.680610639296252,0.8613945598419757,80.79166666666667,0.28052662037037035,0.9575617283950617,9.791666666666666,9.597222222222221,73.61111111111111,2.1861998456790124,0.19316840277777778,4.055293555980145,72.29166666666667,0.25101273148148145,0.39779005524861877,3.2775848765432096,0.4320905452587414,5.226500859088492,0.05939849257287112,2.111111111111111,0.2345679012345679,1.5802469135802468,13.444444444444445,989.4444444444445,7546.222222222223,190.6331172839506,0.19330246913580248,2.3333333333333335,0.25925925925925924,0.45201875948233755,8.446521235606319,0.029122150171738605,2.947702779220087,0.049723756906077346,584.9876543209876,1.3644511265249901,0.06851966605450839,2.7743679793626557,0.027405052445838372,0.5552843596249473,4.1637413625670385,35.79558011049724,0.197765635969598,2.8341625713500807,52.03867403314917,0.9215225420469462,8.430939226519337,36.67955801104972,262.7403314917127,9.256081952117864,0.222549109883364,0.059654872743040335,0.788902945514199,0.008484501868068694,122,a16bead9-7206-46bb-9403-a34a37b5aaaa,181
330.4166666666667,346.0,723.4809076270844,2.1896017380895367,0.3194711757873456,0.009579578423446321,0.03260581352283019,3.130172847473555,24.515301344262525,24.515301344262525,24.0,19.0,23.79629546602664,18.710541033052618,0.0,0.7862795727917054,0.0,345.5,346.0,71.35533905932735,0.20652775415145397,0.9234268193714387,1.0829228467510652,24.515301344262525,23.79629546602664,18.71054103305262,0.7862795727917054,4657299.0,4657299.0,1.5528693451283595,87.0,94.0,138.5,150.0,114.86416184971098,113.0,29.0,63.0,14.258294630625816,11.748660979964294,116.01897144046765,16.328688149004694,0.22843887504102597,1.8131438902589423,266.62605666744633,0.3576297236793745,4.43203125,6.745567151528597,-0.11876914215088069,1.8184545898437499,0.22812499999999997,0.7770670623980798,0.228125,0.7747284105134348,0.17608398437499997,0.8859374999999999,0.8859374999999999,0.9865808823529412,0.954375,-0.4170107178201047,0.8477374144499704,0.228125,2.00859375,0.23475708007812499,2.407043861076636,0.7948460075715341,0.38046875,4.0171875,2.178918861076637,0.5116448974609374,152.5,0.3851010101010101,0.537362258953168,6.088383838383838,18.707070707070706,76.33333333333333,8.447881593714927,0.2894219977553311,4.027503407571443,66.4040404040404,0.16768697071727376,0.2861271676300578,6.492398734822976,0.29209528513539434,2.317094770447337,0.0559736897925336,1.0,0.25,1.25,7.5,10703.5,52328.25,3478.293402777778,0.3559027777777778,1.0,0.25,0.25007091288897276,4.000275643896925,0.015668992323881123,1.9999999999999987,0.011560693641618497,3221.25,4.035016748906808,0.03612019135349928,1.395958480515877,0.020219599336782218,0.20443542021272845,3.751038234587121,64.02312138728324,0.18503792308463363,2.7488389187744326,123.73988439306359,0.5449981623174847,4.88728323699422,47.786127167630056,196.7543352601156,21.062801059730248,0.37991730892742454,0.0298165765717548,0.19754191261175846,0.009006346216232157,123,ad220304-20a0-4828-aa18-3aaf0c4710a7,346
720.6666666666666,744.0,1535.1820632674126,2.130224879649509,0.25320980971209006,0.006759579298164297,0.01623459955008688,3.9492940701509194,35.17101079013795,35.17101079013795,29.0,34.0,34.26619930473735,28.184323401719066,0.0,0.8225109283661508,0.0,743.5,744.0,106.08326112068535,0.14268091610045106,0.9111682044412236,1.0974922030046612,35.17101079013795,34.26619930473735,28.184323401719066,0.8225109283661508,11993835.0,11993835.0,1.1687995639707651,108.0,113.0,144.0,164.0,126.41532258064517,124.0,18.0,56.0,10.039466267776621,7.8515417716735545,126.96749965145386,11.828448105028869,0.6153808410531493,2.464394336350838,139.91218457336103,0.4723414556596138,2.4023395958879834,2.2569768888243655,0.5323450696107109,1.0586612961657271,0.12265154200638073,0.7923470599097786,0.12265154200638072,0.5369349168557642,0.10760814124983774,0.9386742289968097,0.9386742289968097,0.987734845799362,0.9693371144984049,-0.5016106646810452,0.8222637097194464,0.12265154200638072,1.4725274725274724,0.3895268948727458,1.6838222577189252,0.8029197837517994,0.5008862105636299,2.9450549450549453,1.5611707157125452,0.29532820954302696,221.5189620758483,0.44215361691786087,0.3883092099234664,3.7824351297405188,66.6067864271457,126.31137724550898,52.115324905744075,0.44632956309603017,4.568805046622664,50.0059880239521,0.09981235134521377,0.16834677419354838,31.32176365831211,0.23431365200778173,1.271599102138631,0.0808842093390451,3.8,0.38,0.61,5.9,25825.4,58488.7,17686.019444444442,0.33055555555555555,2.4,0.24,0.45328957341866705,2.8795961998869695,0.10036622997871406,2.92192809488736,0.013440860215053764,20290.04,12.148986581920905,0.025949015184301077,0.40236698597303866,0.012964470354113612,0.07965515730526963,3.098030592771851,231.57258064516128,0.31125346860908776,2.9818981963232742,351.4220430107527,0.314427607237831,2.592741935483871,61.553763440860216,138.5470430107527,42.87294653524492,0.6376568100358423,0.027570713308720542,0.11005228165290408,0.01322811559410702,124,cf91b3f0-b968-43e8-b6f5-bad1ce006144,744
480.4166666666667,502.0,1049.8717545567793,2.1853358290860974,0.28254865858110284,0.007967806004893907,0.022556917408369397,3.539213404946885,40.8166632639171,40.8166632639171,29.0,17.0,41.68263506456392,15.919371736338906,0.0,0.3819185546134679,0.0,501.5,502.0,101.15432893255078,0.20170354722343128,0.784794457809413,1.2742189882320112,40.8166632639171,41.68263506456392,15.919371736338906,0.3819185546134679,6224421.0,6224421.0,1.747568162965844,78.0,86.0,142.0,185.0,109.32868525896414,105.5,29.0,107.0,16.92813606133236,12.16827662437524,111.35189724436813,21.130158529142065,0.8636239582021542,3.2200362926884525,446.4835994666752,0.33209790320788557,3.798495432563138,18.126044036665487,3.037191791280068,2.5055130610186005,0.26921010209564755,0.805955343095564,0.2573885008060182,0.8513826142902935,0.20296126174847787,0.8731416801003044,0.8724879097259538,0.9897579463457697,0.9573737877741102,-0.4309265621106535,0.8713467189517741,0.24831333213923218,1.7998387963460503,0.23644949457471603,2.592463483312309,0.8203704422726353,0.369693713057496,3.599677592692101,2.3093952199146175,0.693680790778562,172.9512987012987,0.2807650952943161,0.9520128815989204,6.952922077922078,21.47077922077922,58.86038961038961,14.791532287157287,0.3064470598845599,4.243556576746637,133.57142857142858,0.21683673469387754,0.30677290836653387,10.844872659807725,0.45187848156939386,4.50987392118683,0.07003009153010939,5.285714285714286,0.37755102040816324,1.086734693877551,14.357142857142858,5925.428571428572,17843.64285714286,3512.668908730159,0.1465873015873016,4.142857142857143,0.29591836734693877,0.5229608110954843,9.152962321681454,0.03294557499656382,2.9502120649147443,0.027888446215139442,4639.69387755102,4.369818281643367,0.032305657734396434,2.316843293074388,0.01761128806098548,0.3640909933522948,3.8692082380189414,90.21513944223108,0.17971143315185473,4.4431199504769765,166.71314741035857,0.7987531943937398,4.372509960159363,47.29083665338646,135.42828685258965,30.561732514386897,0.5119317175741478,0.04808910772882268,0.4925055716915658,0.012255427380299912,125,42a8cc20-bed7-42ff-a287-06af145f6032,502
412.1666666666667,431.0,898.5478466927374,2.1800594743859376,0.29807450222611204,0.008633484586233453,0.026483445249696546,3.3548659564360337,31.622776601683793,31.622776601683793,30.0,17.0,32.07314422920244,17.30760807782932,0.0,0.5396292909153206,0.0,430.5,431.0,83.94112549695427,0.19498519279199597,0.8762271826468969,1.1412565368940182,31.622776601683793,32.073144229202434,17.307608077829318,0.5396292909153206,4683163.0,4683163.0,2.0723927773908337,65.0,70.0,137.0,163.0,101.2737819025522,99.0,40.0,98.0,20.94312584449911,16.493672520661153,104.23918372950725,24.686606160998664,0.40716369872645725,2.1683243108031176,609.4285237482572,0.2583373259187881,6.800124921923797,31.45086056072538,1.7546944439410441,3.6425750458118573,0.33041848844472205,0.8336677441854687,0.3266708307307933,0.9261539111820015,0.22370465679437546,0.8372891942535915,0.8370393504059962,0.987321418808205,0.9456440914904375,-0.4360501919846966,0.9081236185940926,0.32339163023110556,2.443785134291068,0.15189990952718882,3.1225020231660277,0.8504537867842907,0.27857589006870703,4.887570268582136,2.7818562764865367,0.9932483835641448,162.6796267496112,0.2530009747272336,1.1594174855907258,10.451010886469673,13.362363919129082,75.6547433903577,4.872810609987904,0.19889104890271297,4.185566899357166,157.8646967340591,0.24551274764239361,0.37296983758700697,6.1736272188347305,0.4826062511545154,6.697263353385115,0.05157692488012842,5.75,0.359375,1.18359375,16.6875,2809.5625,16970.625,782.6688715277778,0.12881944444444446,2.25,0.140625,0.2982275248107743,6.087803108309656,0.015360240080699403,3.6249999999999956,0.037122969837587005,2083.93359375,3.715639018288475,0.03502300670248872,2.360298669730964,0.03120244374653881,0.27438979585305795,4.296214146433645,71.95127610208817,0.1669403157821071,4.104144572865133,111.34338747099768,1.1145181173658623,7.651972157772621,40.29930394431555,216.96055684454757,15.488460299046148,0.29675238463521525,0.05218506578535857,0.7009001965055163,0.008394388663225977,126,be2a4ab8-ec59-492e-a833-0ce8eee44c4a,431
283.6666666666667,302.0,640.3550940583846,2.25742101313179,0.32603842963375707,0.009876477210421968,0.034658229887674634,3.067123103013691,34.058772731852805,34.058772731852805,34.0,12.0,34.5733134143842,11.359979820326217,0.0,0.3285765435371868,0.0,301.5,302.0,82.76955262170048,0.27452587934229017,0.7436660962605739,1.3446895119037523,34.058772731852805,34.5733134143842,11.359979820326208,0.32857654353718657,6727941.0,6727941.0,0.993790299867622,134.0,141.0,158.0,168.0,149.10264900662253,149.0,8.0,34.0,5.410179378097453,3.7797917534360685,149.25799921989383,6.808112097619816,0.2515677939276715,2.8197536345986527,46.35039033375729,0.5042980571027587,2.140754369825207,0.8603483255746728,0.26090586146800243,0.7972111658311956,0.16927322907083717,0.6497134770851717,0.16927322907083717,0.6560395312097325,0.14061980299076904,0.9153633854645814,0.9153633854645814,0.9661453541858325,0.9435755903097209,-0.3327675352916581,0.6910982044516492,0.16927322907083717,1.408463661453542,0.37613799955821453,1.6266965581482584,0.6497134770851719,0.5068997240110396,2.8169273229070835,1.4574233290774217,0.2416210987255082,164.90819672131147,0.5406826122010212,0.22965869389948937,2.9278688524590164,28.20327868852459,53.02950819672131,21.996721311475408,0.5180327868852459,3.7343713111205625,43.747540983606555,0.14343456060198873,0.25248344370860926,12.516484815909703,0.28820077095797114,1.047721458145294,0.09832059916114043,2.5,0.625,0.1875,3.25,10576.5,21887.25,7748.8125,0.4375,1.0,0.25,0.25130148950060155,1.0051784097930399,0.06283225942749199,1.9999999999999987,0.013245033112582781,4876.25,35.405007645259936,0.03912782945276104,0.1692533587708141,0.04228649438374231,0.03881610868510432,3.384267097482971,61.80794701986755,0.20466207622472699,3.4035787904039303,152.2980132450331,0.24785097144862067,2.3609271523178808,52.12582781456954,107.8841059602649,38.186258278145694,0.6597682119205298,0.03145787395777541,0.09298609286123083,0.01607581923191155,127,66adff02-58b3-47e6-9a85-a5683e3b020a,302
306.9166666666667,322.0,673.381131521555,2.1940194347702033,0.3267659759828311,0.009909554302309935,0.03489076485145065,3.060294135557559,23.08679276123039,23.08679276123039,22.0,18.0,22.483221938208228,18.320691655479703,0.0,0.81486059719694,0.0,321.5,322.0,67.69848480983495,0.21057071480508538,0.9388938017041691,1.065083184258878,23.08679276123039,22.483221938208228,18.320691655479703,0.81486059719694,2586335.0,2586335.0,1.8930777051867793,53.0,56.0,128.0,168.0,85.15217391304348,76.0,41.0,115.0,23.112206319200652,17.246222855108574,89.62196311893601,27.95001880455044,0.9227605923706995,2.9698977644801925,781.2035511747231,0.3189691755719301,4.23380992430614,51.49941929585593,8.607079203752061,3.926770557981384,0.3456686291000841,0.838186752829494,0.32716568544995794,0.9624582519587098,0.23863124336414326,0.8395009812167087,0.8382674516400336,0.9868522910053028,0.9459129320357242,-0.42108845929811545,0.8806654157948929,0.31097560975609756,1.827165685449958,0.24155614863187294,2.8013201376948214,0.8419277642854152,0.4482758620689655,3.6543313708999157,2.435968174190162,1.068109796770367,118.13207547169812,0.2476563427079625,1.2236154512172075,8.345911949685535,16.733752620545072,43.0356394129979,13.425220125786163,0.2759730957372467,3.8523068213784297,166.48008385744234,0.34901485085417683,0.3703416149068323,9.442620501122935,0.605309081336154,6.294360962646551,0.0901123190970733,1.5714285714285714,0.22448979591836735,1.9183673469387754,12.714285714285714,4708.571428571428,12446.714285714286,3548.315873015873,0.2306746031746032,1.2857142857142858,0.1836734693877551,0.28819416508049667,4.916133360185645,0.02170484690385688,2.807354922057602,0.021739130434782608,2592.5714285714284,5.5178048142333855,0.053440055384192275,2.279205687749595,0.030565437394918953,0.5480057481108774,3.5900534374563757,60.58385093167702,0.18814860537787895,5.576250916245515,102.7080745341615,1.2431715597392077,5.059006211180124,42.024844720496894,101.43167701863354,33.60026052449965,0.5572342995169083,0.0525153474951057,0.5182981137589612,0.013920897925537825,128,27d9154f-089c-41eb-a32b-bd3625a82cfc,322
291.9166666666667,307.0,644.6524805023387,2.208344209542696,0.3301143427671817,0.010062258444597585,0.03597436872705897,3.029253414491189,24.515301344262525,24.515301344262525,23.0,18.0,24.1542989579605,16.40482562851907,0.0,0.6791679467522924,0.0,306.5,307.0,69.35533905932732,0.22628169350514624,0.8948294569291637,1.117531382384031,24.515301344262525,24.1542989579605,16.40482562851907,0.6791679467522924,2175555.0,2175555.0,1.872791741838218,45.0,55.0,114.40000000000003,169.0,80.39413680781759,73.0,30.0,124.0,19.228957336417363,12.52343181968405,84.18134218064894,24.96559909678544,1.250608293781272,4.358649334306733,623.281138261414,0.3369478721259643,7.496894409937887,34.72244789657755,5.5657425089652115,2.8703887557877974,0.47559893522626445,0.715719853660235,0.38686779059449866,1.1199657550842514,0.3259322478267956,0.8211328009464656,0.8154392191659273,0.9875224825535385,0.9463070942662779,-0.2853812814061424,0.792893221435781,0.3113230799566204,2.626441881100266,0.22807014090694722,2.976116461993696,0.729560933557662,0.4259094942324756,5.252883762200533,2.4638048068485063,0.8364969227535156,115.34426229508196,0.23636119322762697,1.370695881483472,12.026639344262295,13.39344262295082,80.29098360655738,2.884924863387978,0.16141279599271405,4.141200445446704,172.6762295081967,0.35384473259876376,0.3973941368078176,7.0612066648750345,0.6170870639540076,9.053261337069962,0.08636854799829709,6.166666666666667,0.2569444444444444,1.6666666666666665,17.666666666666668,1216.7916666666667,6566.833333333333,262.00988425925925,0.14505787037037035,5.666666666666667,0.2361111111111111,0.45244937366088583,9.386151835959568,0.02962318170148671,3.7516291673878177,0.0781758957654723,1053.1649305555557,1.6076105060858425,0.042817635526085085,4.189918595814167,0.0204625525803224,0.5822553109517775,4.21753160793191,43.17589576547231,0.14063809695593588,6.251291790894333,103.44299674267101,1.0184935649184605,8.612377850162867,40.13355048859935,233.60912052117263,8.551943539630836,0.18951682953311616,0.08610192089261812,1.3716644872148402,0.010105325766752594,129,f73c835f-6020-45be-8865-0182cab662b7,307
405.4166666666667,424.0,885.0871448659527,2.1831543141606233,0.29929479018355,0.008686555777366486,0.026810040587639652,3.34118746065284,32.89376840679705,32.89376840679705,29.0,17.0,32.66350938315066,16.606550365665584,0.0,0.5084129255943334,0.0,423.5,424.0,84.18376618407356,0.1987810299505869,0.8665692780245716,1.1539758278525596,32.89376840679705,32.66350938315066,16.606550365665584,0.5084129255943334,5417462.0,5417462.0,1.7539087038666414,84.0,89.0,142.7,173.0,111.12735849056604,106.5,32.0,89.0,17.308161267354933,13.145043269070133,113.03553874276854,20.681953819142546,0.775782025882566,2.679910870351158,427.74321377714494,0.3210328408686366,3.8906547997457093,16.189467479525728,2.5372601948286975,2.492163329937126,0.27781309599491416,0.7994112199699055,0.2752701843610934,0.8588300269530845,0.2020394215967238,0.8627887264250901,0.8626191989828353,0.9837029280879549,0.9450307268489087,-0.41739457081540604,0.8660281488852528,0.2730451366815003,1.826764144945963,0.2214970200001698,2.628193123558849,0.8133443744152299,0.35727908455181184,3.653528289891926,2.344633686248803,0.6924941064830101,166.23104693140795,0.3000560413924331,0.80451980346414,6.866425992779783,19.462093862815884,56.458483754512635,13.19848074608905,0.291766947452868,3.989795322520947,133.73285198555956,0.24139503968512557,0.3266509433962264,10.090096312997694,0.47486254418966317,4.392841349155099,0.07491418381383891,3.909090909090909,0.35537190082644626,0.8099173553719008,10.363636363636363,5113.090909090909,16363.181818181818,2986.821338383838,0.18686868686868685,2.090909090909091,0.19008264462809918,0.3468941228939601,4.078509767732745,0.031904975573791565,3.095795255000931,0.025943396226415096,3627.3388429752067,8.441029657477028,0.03389395330388485,1.303742831616643,0.03242533865600232,0.18274307950115448,3.8483650392910196,74.05188679245283,0.17465067639729442,4.454165183339267,136.1179245283019,0.794182760768957,4.507075471698113,45.24528301886792,131.73349056603774,29.42257927148847,0.49854232180293506,0.04573782048196637,0.3656654524362156,0.012671312563285273,130,0d3216f0-0f63-4f36-ba72-d227a41ccf92,424
391.4166666666667,410.0,856.4514703755615,2.188081252822384,0.3021395476038854,0.008810696446535168,0.02758180754473337,3.309728924698835,31.78049716414141,31.78049716414141,31.0,17.0,32.393685633987516,16.32941800854847,0.0,0.5040926245025855,0.0,409.5,410.0,83.35533905932739,0.20355394153681902,0.8605942948113038,1.1619877171266428,31.78049716414141,32.393685633987516,16.32941800854847,0.5040926245025855,3721669.0,3721669.0,1.9294746371511098,57.0,65.0,125.10000000000002,156.0,92.56829268292682,90.0,37.0,99.0,19.278167757287328,15.151019283746555,95.27455832180296,22.54667720935015,0.39372425073621325,2.160864775808931,508.35265318262947,0.28167757287328965,5.069828722002635,20.786710823504496,1.8133097266398523,2.9951985918646855,0.3359683794466404,0.7982878778877988,0.31488801054018445,0.952619088981353,0.236813920264685,0.8460693895476503,0.8446640316205533,0.9872458875457376,0.948020578455361,-0.40034140207152885,0.87785178323285,0.2964426877470356,2.0988142292490117,0.17388874134019347,2.941644194693037,0.8248462496360387,0.27140974967061926,4.1976284584980235,2.572878127817043,0.8327917428278313,158.33904109589042,0.2711284950272096,0.9850083270782511,8.351027397260275,15.469178082191782,63.45890410958904,8.11125,0.24829480593607306,4.124571600336466,153.75,0.2632705479452055,0.35609756097560974,7.583083130043159,0.520868664114171,5.608639322295293,0.07199829148464584,8.666666666666666,0.48148148148148145,0.7932098765432097,13.833333333333334,2455.222222222222,10714.555555555555,1055.9644444444446,0.13185185185185183,2.888888888888889,0.16049382716049382,0.35006230448900605,5.551257100097632,0.022475184892584706,3.2607845582978485,0.04390243902439024,1936.3950617283954,3.3663001954513145,0.03787171517303218,2.4260447822700426,0.02517441622948565,0.32949144270502784,4.356645842541889,60.073170731707314,0.1465199286139203,5.162498512790005,115.48780487804878,0.9511243307555027,5.8341463414634145,43.0,171.7658536585366,22.218731707317072,0.3981246612466125,0.05829621564072784,0.6255707591302103,0.011526072136548085,131,676b9e71-95e8-438a-ad6b-153d7afb8f0c,410
613.1666666666666,635.0,1312.7897584219972,2.1409998778287536,0.2658732449808232,0.007272953839356699,0.018794202784887082,3.7611907887614926,34.20526275297414,34.20526275297414,32.0,24.0,33.7241874581774,24.04137403774336,0.0,0.712882232301607,0.0,634.5,635.0,97.59797974644671,0.15381872300464414,0.9149132501103983,1.0929998006688992,34.20526275297414,33.7241874581774,24.041374037743363,0.7128822323016071,7896767.0,7896767.0,1.2110228942720145,91.0,98.0,132.0,149.0,110.78267716535433,107.0,15.5,58.0,10.131415462830924,7.000225802692151,111.5161582162293,12.769180998950826,1.0308256500936213,3.228673677656528,163.0519833839668,0.5194791989583979,4.145598664997914,3.282677191945642,0.002753616400042569,0.9572785060730725,0.18189403420942846,0.6806558659422718,0.18189403420942846,0.6842030017427728,0.14880859452844775,0.9090529828952857,0.9090529828952857,0.9818105965790571,0.9545264914476428,-0.3535824632896911,0.7453409958400551,0.18189403420942846,1.9879015435961618,0.41665574528305005,1.8878862149752975,0.6813387155025239,0.624113475177305,3.975803087192324,1.7059921807658698,0.28479313507062526,209.25906735751295,0.36141462410624,0.5456969762051778,5.303972366148532,40.09326424870466,166.14162348877375,11.59019382076377,0.3461907503358281,4.442793989911758,86.30569948186529,0.14905993002049273,0.2279527559055118,20.848601453879446,0.33492459960421367,2.2192863733225767,0.104683213853893,4.2,0.42,0.89,5.3,20213.7,85009.2,5129.825,0.4805555555555555,1.2,0.12,0.15414520618515518,1.1820045693771224,0.03993839007852137,3.12192809488736,0.015748031496062992,16181.45,9.56310590817633,0.02125512848713216,0.513867169023971,0.01924678901776251,0.05040140153629942,3.380523057464936,147.08188976377951,0.2316250232500465,3.553142786285573,329.8692913385827,0.31376030752061507,4.453543307086615,55.05354330708661,225.4236220472441,17.827602799650045,0.3308398950131234,0.029738746446376745,0.1600025458127258,0.009971115245294513,132,562806d6-ad2a-4ef1-ba4b-b479d99096cd,635
370.6666666666667,388.0,810.6982398088917,2.187135539052765,0.30780848174549846,0.00905982379338084,0.029163641321509604,3.2487733746947813,28.442925306655784,28.442925306655784,27.0,18.0,28.531452867423024,17.452596959367632,0.0,0.6116967488639481,0.0,387.5,388.0,78.76955262170046,0.20327626483019473,0.8858953182950873,1.1288015404850633,28.442925306655784,28.531452867423024,17.452596959367632,0.6116967488639481,3650896.0,3650896.0,1.9372469696659873,64.0,71.0,130.3,168.0,94.02577319587628,85.0,33.0,104.0,19.485226910404933,13.813649569379967,97.00271013325285,23.847007110191175,1.0779296506207316,3.3576631000007002,568.6797481135085,0.3086273780422999,5.434933890048712,32.98208981991099,4.466344548941121,3.0960300130413585,0.3639526791927627,0.7896216764265039,0.34864300626304806,0.9786069945010366,0.24240073337662696,0.8282301090234285,0.8272094641614475,0.9861236476670933,0.9422573483116282,-0.3673423668781468,0.8599701655000651,0.3352470424495477,2.1798886569241476,0.19241983777964705,2.989688531714508,0.7961752894371661,0.3750869867780097,4.359777313848295,2.6053026036374956,0.8649956730585303,146.21322314049587,0.24167474899255514,1.2888846390273887,8.808264462809918,11.917355371900827,54.67768595041322,4.599474747474748,0.2653034894398531,4.271324410436226,172.5900826446281,0.28527286387541834,0.389819587628866,5.336646403934157,0.5451963402459975,6.264434713195029,0.09430928712594927,4.538461538461538,0.34911242603550297,2.2840236686390534,17.076923076923077,3344.923076923077,16172.846153846154,951.5464316239317,0.21277777777777776,2.5384615384615383,0.1952662721893491,0.4156921973637377,9.695767969502658,0.018496836605055154,3.0850551027564737,0.03350515463917526,2454.130177514793,3.6874726881305815,0.03549970253532271,2.5706520746921964,0.027973143045551364,0.3270735368678484,4.329262668881305,53.06185567010309,0.1367573599744925,4.924088638537571,119.74742268041237,1.0105417685195026,6.260309278350515,39.51546391752577,164.0798969072165,16.70685924971363,0.3495783218785796,0.059408582996963576,0.7480802625794496,0.012081118398581272,133,25a0e990-4c09-487f-8011-2a1154f0ec83,388
92.66666666666667,102.0,221.62935887060343,2.3916837288194612,0.44682678106887774,0.015845562823973324,0.08921083112701111,2.2380037239662482,16.492422502470642,16.492422502470642,15.0,9.0,15.678020096456569,8.489480178781896,0.0,0.5414893032762872,0.0,101.5,102.0,41.798989873223306,0.41181270811057447,0.8544214969534284,1.1703825378523998,16.492422502470642,15.678020096456569,8.489480178781895,0.5414893032762871,1300287.0,1300287.0,1.2263294676388647,94.0,97.1,131.0,146.0,112.12745098039215,109.0,16.0,52.0,10.61803152633603,7.484224965706447,112.9066506664062,13.24184659878056,0.9063115768185142,3.073524727564456,175.34650134563628,0.5111495578623607,4.213256484149856,3.0123827532321794,0.032322973741539696,0.9419561660673206,0.2507204610951009,0.5795667402460845,0.2507204610951009,0.8124180326179216,0.1878597114833609,0.8746397694524495,0.8746397694524495,0.9749279538904898,0.9373198847262247,-0.24145743036224593,0.6584954333953276,0.2507204610951009,2.010086455331412,0.3629338338496292,2.0701418484146012,0.5812915333334054,0.5763688760806917,4.020172910662824,1.8194213873195009,0.29816915679060535,57.4054054054054,0.38787436084733384,0.47479912344777214,4.918918918918919,12.891891891891891,55.513513513513516,3.7530030030030033,0.35060060060060055,3.6569580563234356,36.945945945945944,0.2496347699050402,0.3627450980392157,5.29218407596786,0.4825060810058106,2.558179823272491,0.16661619482185633,3.0,0.42857142857142855,0.7755102040816326,6.0,741.4285714285714,3077.8571428571427,198.4325396825397,0.38492063492063494,2.7142857142857144,0.3877551020408163,0.5728619213815566,4.0059876527705205,0.19139100440733145,2.1280852788913927,0.06862745098039216,529.1020408163265,2.329373079877112,0.0882834798198885,0.7613106508880781,0.02899683251061115,0.21501888131383534,3.745832319939827,15.607843137254902,0.15301806997308728,5.068819684736639,52.13725490196079,0.32112648981161096,4.519607843137255,42.254901960784316,178.81372549019608,12.788398692810455,0.32706971677559915,0.0779555248025136,0.4590666081247314,0.025345994107519552,134,a29a2b85-adfa-4d43-b15a-26af2576af16,102
356.9166666666667,374.0,780.6948400205388,2.1873308616031903,0.3116836596133664,0.00923145014555423,0.030279040119234924,3.208381219729221,27.018512172212592,27.018512172212592,23.0,19.0,26.07111765132128,18.502627162028187,0.0,0.7096982726051437,0.0,373.5,374.0,75.69848480983501,0.20267331943730926,0.9050301519640381,1.1049355624559738,27.018512172212592,26.07111765132128,18.502627162028187,0.7096982726051437,5440851.0,5440851.0,1.7717144185654492,85.0,94.0,145.0,163.0,119.1470588235294,118.5,28.0,78.0,15.659012268008807,12.003631082062455,120.6139707767059,18.753888136236878,0.2603902798670544,2.3011161450489706,351.7083202264863,0.3193256884669278,5.425992779783393,12.697721648494163,0.05654555361589031,2.385713876109424,0.25198555956678703,0.8089353501323493,0.251985559566787,0.8144100212322621,0.1884888373366002,0.8740072202166066,0.8740072202166066,0.9851773200254832,0.9496028880866427,-0.4384490552777324,0.8819912710255636,0.251985559566787,2.211913357400722,0.20356345058582803,2.679459588921229,0.8273327515943363,0.3285198555956679,4.423826714801444,2.427474029354443,0.6594248589190528,141.3521739130435,0.30728733459357277,0.7802410207939509,7.710869565217391,17.72608695652174,90.65217391304348,6.6580615942028984,0.24347826086956523,4.264772633742252,83.67826086956522,0.1819092627599244,0.3074866310160428,7.149451795841211,0.37914211824058,4.074267392944002,0.05075757740287908,3.4444444444444446,0.38271604938271603,1.0617283950617282,11.444444444444445,4865.777777777777,27137.88888888889,1370.4158950617284,0.1983024691358025,1.6666666666666667,0.18518518518518517,0.1994172189606158,2.9957834412930606,0.013836404133554046,2.947702779220087,0.02406417112299465,3138.9135802469136,4.65648194116917,0.0348905937331536,1.3209112313647093,0.030506536540899114,0.16767195684926947,4.193809810567241,63.13368983957219,0.16880665732505934,3.847321913694987,119.42780748663101,0.7145257227830364,5.96524064171123,46.62032085561497,229.47860962566844,18.03262403446227,0.32993538324420674,0.03921461345480953,0.357729708465878,0.00855221614225563,135,adc545ed-90cb-4323-b2ce-504881830726,374
438.9166666666667,458.0,953.2798975003068,2.1718926846409117,0.2929892849501911,0.008413495827879808,0.02515099747198567,3.4130941005914344,32.31098884280702,32.31098884280702,30.0,19.0,32.25072365658682,18.172617328071937,0.0,0.5634793662795965,0.0,457.5,458.0,85.35533905932739,0.18656904712421288,0.888320714403686,1.125719555770218,32.31098884280702,32.25072365658682,18.172617328071937,0.5634793662795965,7796660.0,7796660.0,1.3790501446682164,104.0,114.0,151.0,171.0,129.68558951965065,128.0,20.0,67.0,11.457256726607044,8.315513354144988,130.47327354355107,14.315131159405487,0.6997953728278224,2.9389430071383087,204.92298011098188,0.41310234358612535,2.9636789689513767,3.8606725141300777,0.5190821557684727,1.3287298003431203,0.19800820152314003,0.7406127295173132,0.19800820152314003,0.7179265670725863,0.15880095365271157,0.9009958992384302,0.9009958992384302,0.9801991798476861,0.9504979496192151,-0.40247830217710523,0.8069191504138122,0.19800820152314003,1.6373755125951963,0.30370757029619583,2.0898357519773394,0.761151661148828,0.3878148799062683,3.2747510251903926,1.8918275504541995,0.38168450046656505,171.64794816414687,0.37072990964178587,0.5089635161800447,4.727861771058316,30.557235421166308,80.17710583153348,19.27537796976242,0.3824094072474202,4.128573797294796,83.99352051835854,0.1814114914003424,0.2527292576419214,14.900941833940543,0.40253164324105134,2.681162668185814,0.08236276122825616,2.2,0.44,0.64,6.4,17126.8,48906.8,9488.68888888889,0.31666666666666665,1.0,0.2,0.009801286659862869,0.08814553456653032,0.0010946793457194477,2.321928094887361,0.010917030567685589,8736.24,12.813785674202341,0.030086493977969885,0.5421930217377848,0.02827767223051873,0.07748075760477588,3.524051791225035,107.51091703056768,0.23473999351652333,4.152361701721936,189.2008733624454,0.42449610037947405,3.3100436681222707,52.8471615720524,140.54585152838428,32.64252789907812,0.5413634158175643,0.030971373669959654,0.1533690450747661,0.012057221870836318,136,a661722a-eff7-4be9-bef4-d75c8d4ef942,458
316.6666666666667,332.0,694.1131823291237,2.1919363652498642,0.32368462115075325,0.009769716817923338,0.033912999017227295,3.0894269750747867,24.413111231467404,24.413111231467404,21.0,19.0,23.47139377810748,18.202208997575877,0.0,0.775506097748386,0.0,331.5,332.0,69.11269837220806,0.20848476130379504,0.9338752138985931,1.0708068756053175,24.413111231467404,23.47139377810748,18.202208997575877,0.775506097748386,2783060.0,2783060.0,2.078850057455215,48.0,54.0,127.0,161.0,87.06626506024097,81.5,43.75,113.0,23.75537088111482,18.03051904655825,91.55714523385652,28.322717592656208,0.596312249062555,2.4223351764135073,802.1763318333575,0.27582014806212807,9.177669111654442,45.465044976446116,5.826588494456273,3.914026232639824,0.40423797881010587,0.8127775610680495,0.36837815810920943,1.0365589317193045,0.2685355114381722,0.821787557728878,0.819396903015485,0.9892200268728387,0.948014902782629,-0.39775242339814165,0.8898978108126616,0.337000814995925,2.8810105949470253,0.17742932882727602,3.161823660802429,0.8329117843773043,0.3414832925835371,5.7620211898940505,2.746731333090398,1.0795660528624822,122.03201506591337,0.2298154709339235,1.4155574707140348,14.20527306967985,11.91713747645951,89.02824858757062,2.348884703912953,0.1292618748692195,4.096097429057153,161.07156308851225,0.30333627700284793,0.3998493975903614,5.66242849188363,0.5590189400274743,10.124428355608469,0.05038405499799183,3.1538461538461537,0.24260355029585798,2.2366863905325447,21.46153846153846,2280.769230769231,16730.153846153848,412.70788461538456,0.1361111111111111,1.9230769230769231,0.14792899408284024,0.29361936917809167,8.219319823385392,0.01213208091185271,3.5465935642949344,0.0391566265060241,1628.5562130177516,1.7280651980418325,0.044888406725534964,3.9464864506083153,0.025069782357488486,0.5340572421129209,4.167520676551843,47.15060240963855,0.14201988677601973,4.719516620699666,91.57228915662651,1.258890985629264,10.331325301204819,38.373493975903614,262.67469879518075,7.837104250334672,0.16791750334672023,0.058098975645590675,1.042942549677167,0.00605418325902923,137,ad260527-8d35-46d9-93ed-1673c97ccc80,332
438.1666666666667,456.0,948.7980159144214,2.1653815502040805,0.2940378558163734,0.00845870243964402,0.025422001580047836,3.40092263706514,27.784887978899608,27.784887978899608,26.0,22.0,27.487807799396315,21.223585522542916,0.0,0.7721090629500483,0.0,455.5,456.0,82.42640687119288,0.18095808314202608,0.9178733365659338,1.0894749418708785,27.784887978899608,27.48780779939631,21.223585522542916,0.7721090629500483,6476166.0,6476166.0,1.4333091840510621,76.0,99.5,140.5,162.0,118.01754385964912,116.0,23.0,86.0,13.431517389966142,9.56116411061466,119.17264124392239,16.552273631994705,-0.07250863662899099,2.7440535542885076,273.9777623884272,0.4260926438904278,5.177816901408451,6.231268538800457,0.11505933039219296,1.4481914963962175,0.17136150234741784,0.7883841992446663,0.17018779342723003,0.6624337585544071,0.14239761731578832,0.9151017214397495,0.9150234741784037,0.9899406241369786,0.9660015649452268,-0.46472925434081125,0.8520203410474563,0.16916079812206572,2.204225352112676,0.3294838229297538,2.138083146608142,0.7969185057965851,0.5146713615023474,4.408450704225353,1.9618977297783236,0.4048882496859089,160.78973105134475,0.393128926775904,0.5381722969135765,6.880195599022005,37.613691931540345,179.90709046454768,10.278253192067373,0.24069546318935073,4.5275762106237165,60.339853300733495,0.14753020366927505,0.22423245614035087,17.725145115105718,0.3514147730452837,2.9090512951506975,0.06076472129314319,1.4,0.28,1.04,7.8,16739.6,82844.4,4027.622222222222,0.30694444444444446,1.0,0.2,0.003788653093613821,0.05520123414422754,0.0003534982520734025,2.321928094887361,0.010964912280701754,8422.16,3.327202967715015,0.037527944621984145,0.94712294310012,0.011285515079388646,0.19289315375435345,3.6383898324035977,114.9342105263158,0.25204870729455214,3.878558787319175,194.2982456140351,0.4286511234225916,5.530701754385965,55.80701754385965,277.53508771929825,16.279757553606238,0.2772904483430799,0.028426887324130432,0.1928045708821215,0.006710103996610918,138,78f274c1-3ea5-421b-a1d6-98d0c21a3c01,456
219.91666666666666,233.0,491.43174853217954,2.2346271248147613,0.35853069555591827,0.011389073413606246,0.046087062824118355,2.789161464820897,21.587033144922902,21.587033144922902,21.0,14.0,21.253324047889166,14.027346188287307,0.0,0.660007166722726,0.0,232.5,233.0,58.87005768508877,0.2532045491831775,0.9181675699812627,1.0891258117735603,21.587033144922902,21.253324047889166,14.027346188287305,0.660007166722726,4287816.0,4287816.0,1.306004026037025,108.0,119.0,154.0,172.0,135.06437768240343,135.0,18.0,64.0,10.034187404446572,7.410561357351876,135.65634440314258,12.65929137389276,0.34080367500814734,2.7456302695871284,160.25765808911564,0.46582180552229735,3.6170212765957444,3.4301420647519807,-0.14146093342596144,1.11133606067211,0.18321513002364065,0.7169441713229233,0.18321513002364068,0.6870602644842595,0.14964734615406114,0.9083924349881796,0.9083924349881796,0.9816784869976358,0.9541962174940898,-0.3917949635433562,0.7860541329224364,0.18321513002364068,1.8398345153664302,0.3660355504138513,1.9744140694404024,0.7505740946706049,0.5591016548463357,3.6796690307328603,1.7911989394167624,0.3236377976739377,85.43153526970954,0.35448769821456244,0.5504381811607927,4.854771784232365,26.738589211618258,96.85477178423237,10.666436145689259,0.38669893960350393,4.1115421640924925,42.31120331950208,0.1755651590020833,0.25858369098712447,11.78319932508049,0.40268351264034613,2.600946340961068,0.1139330814169353,1.8,0.36,0.8,4.8,4985.0,18640.0,1715.6944444444446,0.49444444444444446,1.0,0.2,0.20839106988741438,0.27497960734282456,0.20098837996800625,2.321928094887361,0.02145922746781116,2813.4400000000005,4.418480603448276,0.056824417427780556,0.5295704704043147,0.023661775931637985,0.13761554364423553,3.5623600340339427,51.163090128755364,0.219584077805817,4.3987179723332535,108.53648068669528,0.3632411722448378,3.8969957081545066,52.44206008583691,181.23605150214593,22.646995708154506,0.4188125894134478,0.03731079019590668,0.17387860330112015,0.01593707726295096,139,57c7cd3b-4422-469f-817b-e86aaaac127b,233
1162.6666666666667,1198.0,2472.5994316171937,2.1266623551753385,0.21625550604282,0.005335186894267095,0.010113500990084703,4.624159718744887,71.19691004531025,71.19691004531025,41.0,25.0,71.28697422492787,21.520114802583034,0.0,0.30188004241394506,0.0,1197.5,1198.0,166.50966799187847,0.13904773945042043,0.736721320162303,1.3573653600518791,71.19691004531025,71.28697422492787,21.520114802583027,0.301880042413945,26669822.0,26669822.0,0.9999497384415376,129.0,138.7,158.0,168.0,149.02337228714524,149.0,10.0,39.0,5.928408783699042,4.243302969984909,149.20440651962926,7.347750474921068,-0.1205332060528865,2.6465164678138904,53.989437041702786,0.5000348382529591,2.3874725274725277,0.8881865521212315,0.061522005830904336,0.8849940345368916,0.11362637362637362,0.7724333035905727,0.11362637362637362,0.5107582171031523,0.10071542084289337,0.9431868131868132,0.9431868131868132,0.9772747252747253,0.9621245421245421,-0.488860670313341,0.7895989164784079,0.11362637362637362,1.4814285714285713,0.39997437507547395,1.5096351505176824,0.7724333035905733,0.46175824175824176,2.9628571428571426,1.3960087768913092,0.24965510204081634,390.4624505928854,0.5144432814135512,0.2427783592932244,2.7549407114624507,75.99472990777339,177.15678524374175,50.70421607378129,0.5612648221343873,4.776394592361853,76.133069828722,0.10030707487315152,0.1583889816360601,36.13355760735036,0.28073164244317245,0.8979151486678001,0.12643576588701544,8.333333333333334,0.5555555555555556,0.2222222222222222,3.0,38002.4,101434.4,22144.4,0.5,2.2,0.14666666666666667,0.280024775198825,0.907372628397578,0.12318781189913681,3.240223928941849,0.012520868113522538,31623.71555555555,71.48668664383563,0.014347915390414799,0.11635481785167825,0.029099550330596566,0.014341568352939165,3.119618907595048,402.4991652754591,0.3359759309477956,3.0855794716291203,599.041736227045,0.24998258087352043,2.4874791318864773,62.88313856427379,152.212020033389,40.55091819699499,0.6281302170283807,0.025789474804947022,0.07146422388283824,0.014370787535474217,140,140e5292-fad5-4ba8-9493-cbb4dc4b8d95,1198
287.9166666666667,303.0,636.6524805023388,2.21123871665067,0.33120195584926976,0.010112026895735926,0.036331110963304464,3.019305841463994,25.80697580112788,25.80697580112788,20.0,17.0,25.4618932347096,15.27146912527605,0.0,0.5997774393483833,0.0,302.5,303.0,69.35533905932733,0.22927384813000773,0.8889712633029869,1.1248957545427105,25.80697580112788,25.4618932347096,15.27146912527605,0.5997774393483835,3804039.0,3804039.0,1.912694935868728,72.0,80.2,144.0,158.0,109.67986798679868,108.0,35.0,86.0,19.195373002646804,14.58506932586572,112.04724074432106,22.910930073095148,0.3129220259447058,2.1152537732891457,524.9107168142557,0.2952542779030379,8.8001800180018,21.021353225612984,2.0589271574434793,2.9940461192833956,0.3069306930693069,0.8140364440484821,0.29432943294329433,0.9098963091638064,0.22030087797258574,0.854935493549355,0.8540954095409542,0.9882952486230057,0.9512451245124514,-0.41469137135365775,0.8855913168724238,0.28330333033303334,2.851035103510351,0.18676422097655312,2.931633504628179,0.8320079494058034,0.31053105310531054,5.702070207020702,2.6024533525820615,0.8252442030881757,109.36579572446556,0.2597762368752151,1.0933249078937717,11.978622327790974,14.460807600950119,114.67458432304038,2.5667432040116123,0.14724927421483242,4.404241635757813,95.55581947743468,0.22697344293927477,0.34735973597359737,6.17297352192777,0.45960269468426596,6.777584583425722,0.05702095793919408,5.133333333333334,0.3422222222222222,1.3955555555555557,17.933333333333334,1705.8,13080.533333333333,286.3654629629629,0.13024074074074074,2.466666666666667,0.16444444444444445,0.33771008802024344,7.638840512176188,0.016743791625669094,3.1395722619867197,0.04950495049504951,1297.7599999999998,2.005312518908453,0.0479982982215812,2.4586893236611513,0.02460993021872803,0.3526642462816782,4.445697550326023,44.57755775577558,0.14712065265932533,4.515461447134812,89.46204620462046,0.9044429195394788,9.570957095709572,43.21782178217822,341.036303630363,7.691260542720939,0.16534745141180784,0.05536450394850521,0.8530864483368217,0.006278209351901744,141,4b51179e-3593-4a11-a74c-96464689156a,303
172.91666666666666,186.0,394.88905057061305,2.2836957141433043,0.38010210025811475,0.012432237006995138,0.054916241716767185,2.630872071795797,19.313207915827967,19.313207915827967,18.0,13.0,19.201988705835006,13.017132149812644,0.0,0.6779054164247613,0.0,185.5,186.0,55.55634918610403,0.2994951438603991,0.8690468506964549,1.15068594886294,19.313207915827967,19.201988705835006,13.017132149812644,0.6779054164247613,1355013.0,1355013.0,1.7565283258086983,49.0,58.0,120.0,164.0,80.97311827956989,70.5,34.0,115.0,21.546826222684704,14.528306786703604,85.3523059385759,26.98833535279718,1.303129110635655,3.856813453360884,728.370245115042,0.3869811538906232,7.430513595166162,40.47903651322739,7.6223250599322645,3.084290942945025,0.6163141993957704,0.6669116667735456,0.4350453172205438,1.2353120052863409,0.4270497713602468,0.8104229607250754,0.8006042296072505,0.9842492038866659,0.9409797151488992,-0.2591705940276948,0.7479238098811435,0.29783484390735143,2.610271903323262,0.3060053303639068,2.752579707665229,0.7051247210512385,0.5332326283987915,5.220543806646525,2.2046589606470577,0.9251512855851992,72.72784810126582,0.23015141804198044,1.4840870854029802,13.667721518987342,12.556962025316455,68.13924050632912,2.834201828410689,0.12562412095639944,3.693330893202467,138.5253164556962,0.43837125460663356,0.42473118279569894,7.013619612241629,0.6864526467491338,11.487679433691332,0.06552042502921188,5.846153846153846,0.22485207100591717,1.6982248520710062,20.923076923076923,464.7692307692308,2079.346153846154,111.35054487179488,0.09917735042735044,7.153846153846154,0.27514792899408286,0.5273619700717778,13.802885914475146,0.057946469488504765,3.4594911601991494,0.13978494623655913,413.5917159763314,1.010653189577718,0.06944882771765655,4.54488755621953,0.025887901851347653,0.9265960221153704,3.6517058734402132,27.72043010752688,0.14903457047057464,7.895479246155625,71.97849462365592,1.19924268701584,8.865591397849462,39.27956989247312,189.03763440860214,9.153248207885305,0.18161439665471923,0.1277268386446574,2.5728767301424753,0.01444097332282176,142,6ef6c8a2-5343-4ac3-ba8e-ff480d8eb4b5,186
221.16666666666666,235.0,496.3565519741031,2.2442647414051384,0.3563172220398419,0.01128376668464737,0.04523873386189674,2.8064879779742564,23.08679276123039,23.08679276123039,22.0,13.0,23.297409971374165,12.967529724274193,0.0,0.556608212681477,0.0,234.5,235.0,61.455844122715675,0.2620718299476148,0.8833100409372995,1.1321053239006298,23.08679276123039,23.29740997137416,12.967529724274192,0.556608212681477,3497743.0,3497743.0,1.5481825059685732,94.0,100.0,143.0,162.0,120.85531914893618,120.0,29.0,68.0,14.345857854232685,11.681525312294545,122.00005231948651,16.673469925790165,0.26924108003332997,2.049820149695513,278.0045993662291,0.3937166138524219,5.710588235294118,6.119471068616516,0.44886176592713145,1.501541868512111,0.32000000000000006,0.6486493058088356,0.3105882352941177,0.9234402367814982,0.22353494809688584,0.8462745098039216,0.8456470588235294,0.9813425605536332,0.9381960784313726,-0.2710844006994604,0.7414470091107342,0.30235294117647066,2.327058823529412,0.24875570934256055,2.5445356684802913,0.6709208695423848,0.4211764705882353,4.654117647058823,2.205476844668332,0.45538546712802763,113.60571428571428,0.3245877551020408,0.7268244897959183,7.457142857142857,12.88,72.48571428571428,3.0380952380952384,0.24742063492063493,3.9625860979392287,90.18857142857142,0.2576816326530612,0.3723404255319149,5.666938775510204,0.502867472302627,4.44224639447308,0.1255711872085747,2.7142857142857144,0.3877551020408163,1.2653061224489797,11.142857142857142,3089.285714285714,17773.428571428572,651.0178571428571,0.23015873015873017,1.0,0.14285714285714285,0.19720021256111314,3.147531321636105,0.012791308165241478,2.807354922057602,0.029787234042553193,1962.2448979591836,2.4746114599686027,0.052178243417056416,1.380197048455265,0.02149933563670404,0.23597324647049103,3.8842735485442828,35.57872340425532,0.15139882299683113,4.105930285196921,92.52340425531915,0.5069443186962426,6.348936170212766,40.361702127659576,220.8595744680851,9.496099290780142,0.24166666666666667,0.047370184756329634,0.428703721796047,0.010225611000025612,143,d890a0bb-029d-4b44-b037-531adb15d394,235
334.9166666666667,351.0,734.9450092422221,2.1944115727560747,0.3173368108005846,0.009483738187654878,0.03195665826270934,3.1512259717905935,27.65863337187866,27.65863337187866,26.0,17.0,26.965391863213608,16.69349347543183,0.0,0.6190710507791737,0.0,350.5,351.0,74.18376618407353,0.2116512587277419,0.8946230121365709,1.117789265907395,27.65863337187866,26.965391863213608,16.693493475431826,0.6190710507791737,3038876.0,3038876.0,1.8963180172375267,64.0,70.0,122.0,166.0,90.37606837606837,82.0,29.0,102.0,17.680132466457255,12.185635946859843,93.04711914813043,22.134422211808364,1.2507287795010855,3.9377417944257003,489.9326466505955,0.3084958725984367,4.566358024691358,29.50368223411805,4.285263343849552,2.8421901196463955,0.41666666666666663,0.7442866047893644,0.37808641975308643,1.0500982615409706,0.27371732586495956,0.8173868312757201,0.8148148148148147,0.9842813635917083,0.937904174015285,-0.318767091468296,0.8224779479692441,0.3443287037037037,1.9899691358024691,0.18393698321521107,2.9758556968853402,0.7483250995886969,0.3194444444444444,3.9799382716049383,2.5432393926374948,0.8147141965782655,144.69284467713788,0.2525180535377624,1.2043590423020811,7.830715532286213,11.165794066317627,43.32984293193717,5.543017258095793,0.29998448710490594,4.061808723499727,178.87085514834206,0.3121655412711031,0.4081196581196581,5.162011275275714,0.5749405736398093,5.944139075430786,0.0979166192193153,4.5,0.28125,1.27734375,15.8125,2215.4375,7722.0625,1021.3656423611111,0.13489583333333333,2.5,0.15625,0.3207571278499195,6.550938366289655,0.016727443216402457,3.6249999999999956,0.045584045584045586,1734.18359375,3.98594462124784,0.036328146514160074,2.892247939339354,0.02889074287301575,0.36259620686517186,4.241565555710654,47.376068376068375,0.13497455377797257,5.100737818686537,108.28205128205128,0.976258309591643,5.433048433048433,37.99145299145299,127.42735042735043,20.45039173789174,0.42388493194048754,0.06447909062327052,0.7302945032872282,0.0138966124528845,144,ffaedaf3-3880-4b8f-9031-c71b60447aea,351
213.91666666666666,227.0,479.4317485321795,2.2412080180701808,0.36078938334661576,0.011496866834719828,0.04696358571320294,2.7717001834260877,21.93171219946131,21.93171219946131,20.0,14.0,21.694897486060576,13.38894504694041,0.0,0.6171471912021289,0.0,226.5,227.0,58.87005768508877,0.25991195445955306,0.9062428097026787,1.103457030823871,21.93171219946131,21.694897486060576,13.38894504694041,0.6171471912021289,2333474.0,2333474.0,1.990375695235636,68.0,72.0,135.20000000000002,159.0,98.59911894273128,93.0,39.5,91.0,19.963748568767098,15.604770303183003,101.38846653034284,23.61852851241117,0.6489260324482381,2.354628992808448,557.8348890915794,0.28731393972326263,6.184914841849148,30.111724028808865,3.3635609706611986,3.3564462085827103,0.38321167883211676,0.7950552214298802,0.3686131386861313,0.9952821184977193,0.24733603282007566,0.8181265206812652,0.8171532846715329,0.9853772580301651,0.9389120611748349,-0.3690410492477602,0.8687910694871122,0.35583941605839414,2.3327250608272507,0.16921001533261112,3.1061508152839203,0.7978786224877981,0.3467153284671533,4.6654501216545015,2.7033204248138727,0.9349144718537068,97.35509138381201,0.25419083912222457,1.1274465024643976,9.27154046997389,9.112271540469974,48.93472584856397,3.323946910356832,0.22755221932114883,4.012187804125589,105.08355091383812,0.27436958463143113,0.42180616740088106,3.491781933205625,0.5190524507346376,6.189755408009706,0.0711159829948242,2.0,0.25,1.984375,15.125,1830.875,10149.375,515.1047222222222,0.2007638888888889,1.25,0.15625,0.20165134331076384,4.755795695193173,0.00886555570540558,2.9999999999999973,0.03524229074889868,1025.734375,2.307918673087212,0.05525675205749391,2.7748415140310567,0.03250538114421144,0.47625523729693225,4.236908450389539,32.40088105726872,0.1427351588425935,4.154941877389431,65.22026431718062,1.0496225426458887,7.070484581497797,35.801762114537446,174.04845814977975,13.945966715614292,0.3063680861478218,0.055954109658221264,0.6564714602597442,0.010269966864621522,145,60cd77c8-a348-4007-97e8-9b1847d6e42b,227
130.66666666666666,142.0,305.57874185998,2.3386128203569903,0.4075093028917571,0.013800828793162426,0.06767255639075866,2.4539317088071995,19.72308292331602,19.72308292331602,16.0,10.0,19.366624517961636,9.41556998448828,0.0,0.4861750676146884,0.0,141.5,142.0,50.62741699796949,0.3577909328478409,0.8329086677108459,1.200611830284328,19.72308292331602,19.366624517961636,9.415569984488283,0.4861750676146885,2863020.0,2863020.0,0.4178642624458577,129.0,134.1,149.0,161.0,141.88732394366198,142.0,8.5,32.0,4.432057131521524,3.234782608695652,141.99335433764617,5.4863448818558735,0.18375495364519015,2.9772156772269223,30.09998016266614,0.8452687958738345,1.1538461538461537,0.36713731229655344,0.2206450525020433,0.16389794948286315,0.07489878542510121,0.3726984126984113,0.07489878542510121,0.383944586261177,0.06928895736694586,0.9625506072874495,0.9625506072874495,0.9850202429149798,0.975033738191633,-0.15491891944558178,0.31717965164928347,0.07489878542510121,1.0637651821862348,0.8113126751790721,0.631411491658457,0.3726984126984023,0.8987854251012146,2.1275303643724697,0.5565127062333561,0.059699183726991095,63.072072072072075,0.5682168655141628,0.21589156724291858,1.945945945945946,40.91891891891892,43.13513513513514,40.36486486486486,0.7635135135135135,3.7425839167615176,14.225225225225225,0.12815518220923627,0.1954225352112676,14.734031328625926,0.3154456049716518,1.0498675268935738,0.13184012449117136,3.4,0.68,0.16000000000000003,3.4,3392.0,3428.0,3383.0,0.4,1.4,0.28,0.42631568919481005,1.7052272538206605,0.10658779803834748,1.9219280948873614,0.035211267605633804,2585.44,3.7483153638814017,0.17869662921348314,0.07881797829228894,0.00684213393832545,0.15925680159256803,2.4301158005715067,43.49295774647887,0.30628843483435825,4.147391390597104,120.02816901408451,0.07736560206308271,1.2535211267605635,59.45070422535211,62.49295774647887,58.690140845070424,0.9366197183098591,0.039760089416569964,0.1047953006841756,0.023501286599668558,146,c7bed42d-f546-4a49-99a2-10b7421f6871,142
211.91666666666666,225.0,477.3387720033543,2.2524833912859816,0.36010914936989996,0.011464367796145064,0.04669845014298925,2.7769358311216124,23.430749027719962,23.430749027719962,15.0,16.0,23.59062200111167,12.336471493474459,0.0,0.5229396449526902,0.0,224.5,225.0,61.35533905932733,0.27329772409499925,0.8656866979585263,1.1551523228417546,23.430749027719962,23.59062200111167,12.336471493474459,0.5229396449526903,3842963.0,3842963.0,1.5913730297727762,100.0,107.0,158.6,183.0,129.21333333333334,125.0,27.0,83.0,15.772800000000002,11.187753731571076,130.68984488304957,19.589539158552057,0.7630161462212733,2.802594463742622,383.7500444444444,0.3720888888888889,3.2046855733662145,12.84791587871757,2.744702808195271,2.14171966532922,0.26757090012330453,0.7778840759515877,0.26757090012330453,0.8379573949742307,0.1959767135305091,0.8662145499383476,0.8662145499383476,0.9842605352868643,0.946485819975339,-0.3857379935186804,0.8298144094666983,0.26757090012330453,1.6541307028360048,0.2608454040543026,2.441139724380967,0.7815480406396419,0.44266337854500615,3.30826140567201,2.1735688242576634,0.6023226413631312,93.02614379084967,0.3040070058524499,0.7991050450681362,5.2973856209150325,15.294117647058824,37.40522875816993,11.356526870007261,0.4091548656499637,4.163387807946104,70.94117647058823,0.23183391003460208,0.34,6.643598615916954,0.479638593925542,3.3614017034903556,0.11633327102477675,3.0,0.3333333333333333,1.1111111111111112,8.222222222222221,2014.3333333333333,4689.0,1510.0416666666667,0.25540123456790126,1.8888888888888888,0.20987654320987653,0.31802073833954514,3.087299383502038,0.051143559140066526,2.947702779220087,0.04,1389.3333333333333,5.193034238488782,0.05967943617142209,1.4506013256493906,0.026854679365079372,0.3820318270328342,4.083610264365554,34.15555555555556,0.15180246913580248,4.726044444444444,83.72,0.6816000000000001,3.64,44.16444444444444,109.44444444444444,32.13981481481482,0.5927777777777777,0.05204299501693682,0.34005276448027777,0.01794989169536127,147,724ea6dc-ca6a-43ae-8482-e68b6bce337a,225
231.41666666666666,245.0,516.2601756569253,2.2308686020464905,0.35308444782899245,0.01113055346518592,0.044018553431361566,2.8321836494036825,22.20360331117452,22.20360331117452,17.0,18.0,21.510576097458937,14.515394080419028,0.0,0.6748026651937855,0.0,244.5,245.0,60.870057685088774,0.24895729114555737,0.9106272672701727,1.098144142990297,22.20360331117452,21.510576097458937,14.515394080419028,0.6748026651937855,1994297.0,1994297.0,1.7431758747595614,64.0,68.0,120.0,150.0,88.22448979591837,83.0,23.0,86.0,15.218159100374844,11.1576,90.22188068923215,18.879278464812597,0.9215233414399269,3.0338214391571356,356.4271553519367,0.34277384423157026,4.218855218855219,14.411580316297199,1.9851407391681046,2.153340362094571,0.34904601571268234,0.7210294790538794,0.3310886644219978,0.9658065277478571,0.23942631200394016,0.8374485596707818,0.8362514029180695,0.9867180499364406,0.9452461119127785,-0.31613827919925647,0.8031923300872461,0.3153759820426487,1.9410774410774412,0.21027269830113077,2.7589663374685394,0.7274409897518287,0.36924803591470257,3.8821548821548824,2.37881230971723,0.6255965944518133,105.70744680851064,0.28113682661837935,0.9424442621095517,6.710106382978723,11.712765957446809,44.659574468085104,5.414469562647755,0.32219710401891255,4.084798013812487,104.32978723404256,0.277472838388411,0.3836734693877551,4.919533725667724,0.5370073324807669,4.722406439076617,0.11307539324479363,3.6666666666666665,0.3055555555555556,1.0555555555555556,12.166666666666666,1679.4166666666667,6353.833333333333,680.0490509259259,0.17057870370370373,2.6666666666666665,0.2222222222222222,0.45537504835957554,6.285303481190955,0.03875965394780654,3.1887218755408635,0.04897959183673469,1262.576388888889,2.4191262038523274,0.04741396887404265,3.1119166853013644,0.021247123708173093,0.5144121619679858,4.257214902679656,33.75918367346939,0.13779258642232403,5.101307788421491,83.9795918367347,0.7330279050395668,4.8979591836734695,40.2734693877551,140.4408163265306,19.93346825396825,0.4178219954648526,0.06676048945655359,0.6328953194656547,0.015030976194332609,148,26d15150-eabe-48e6-ac49-68c4facec4d9,245
265.9166666666667,282.0,596.3093347518304,2.242466943598234,0.33535868290618637,0.01030298837710637,0.03771626391028044,2.9818819400592087,29.120439557122072,29.120439557122072,26.0,12.0,29.9369049036699,12.096414627684513,0.0,0.40406363538942996,0.0,281.5,282.0,73.35533905932735,0.2605873501219444,0.810797503491653,1.2333535755765863,29.120439557122072,29.936904903669898,12.096414627684506,0.4040636353894298,3280064.0,3280064.0,1.8675180234750242,73.0,78.0,139.0,168.0,105.21985815602837,101.0,35.0,95.0,19.856294954982143,15.183056325023085,107.8491197187695,23.668841833489562,0.6308887961164172,2.4801776338812656,560.2140737387456,0.32098485991650316,7.6062683643486775,22.463423171480905,3.4791630336572132,2.7927892321963546,0.3819784524975514,0.7593660447413934,0.3643486777668952,0.9984892930324032,0.2492284935070666,0.820763956904995,0.819588638589618,0.9854488110423805,0.9396949769133902,-0.34066610937802383,0.8360072678879399,0.34892262487757103,2.6464250734573946,0.2087317171907091,2.9233384992414595,0.7751122761739137,0.3966699314397649,5.292850146914789,2.521945574710156,0.7936919211734764,120.65957446808511,0.2567224988682662,1.1243141693073788,11.487234042553192,11.642553191489363,71.42553191489361,2.5165921985815602,0.158290780141844,3.9646491784261335,149.34468085106383,0.31775464010864646,0.4166666666666667,5.882553191489362,0.5741026927432467,8.103372031465476,0.07336501698911335,5.75,0.359375,1.359375,18.375,1514.375,9050.6875,307.8134548611111,0.12460069444444445,3.25,0.203125,0.4312652315827003,9.493792828370657,0.021165531555300626,3.249999999999996,0.05673758865248227,1203.734375,2.336385732323232,0.04571941197054179,2.6641993289857204,0.027759692226328552,0.3539685727376255,4.117367682553383,38.205673758865245,0.13548111262008952,5.122931442080378,90.51773049645391,0.9291408882852975,8.599290780141844,37.234042553191486,220.10283687943263,8.176206658786446,0.18958530338849489,0.07322127416109601,1.1253539426343164,0.008930219423269702,149,553098cb-926b-49cb-9585-e08eee5c801d,282
471.4166666666667,493.0,1029.3290565952118,2.1834804099597918,0.28457703300262965,0.008053759332153205,0.023046211401670683,3.51398701943301,39.0,39.0,32.0,18.0,39.16178933017334,16.4377543810697,0.0,0.4197396151254189,0.0,492.5,493.0,97.84062043356596,0.19866115824074307,0.8040607291588778,1.2436871541358485,39.0,39.16178933017334,16.4377543810697,0.41973961512541896,7933452.0,7933452.0,1.181901878167886,107.0,113.0,142.0,158.0,126.35699797160244,125.0,18.0,51.0,9.37132841525783,7.112103567188649,126.85501458817593,11.229594372495693,0.44855074328571504,2.438441913611466,126.10378977078695,0.4673090611358203,2.452159650082012,1.7384842157439906,0.3160070156176077,0.998891858613475,0.1673045379989065,0.7130765650024293,0.16730453799890652,0.6515014019553327,0.13931372956387897,0.9163477310005468,0.9163477310005468,0.9832695462001094,0.9581738655002735,-0.39413946293029506,0.7661494955922773,0.16730453799890652,1.4980863860032803,0.3556882747760176,1.80141399026036,0.7315318488582642,0.4548933843630399,2.9961727720065614,1.6341094522614545,0.2915490991530954,199.5835189309577,0.44450672367696586,0.38661514575820555,3.8285077951002227,35.55456570155902,73.00668151447661,26.434050977480823,0.43887651571393216,4.146703187357654,59.628062360801785,0.13280192062539373,0.22768762677484786,16.265058209036667,0.28766228475877886,1.6854454940840835,0.07256441610723498,6.6,0.66,0.41000000000000003,7.7,11333.7,28222.0,7116.847222222222,0.21388888888888888,3.2,0.32,0.32900353101110064,2.961008872035509,0.03655775131055406,1.9609640474436796,0.02028397565922921,8903.21,9.720930428909153,0.029973587458863395,0.5245032815567092,0.017387451944092778,0.08757427878240036,3.2835550654606465,113.28397565922921,0.22978494048525194,3.404243588741365,230.38336713995943,0.3164958506309427,2.718052738336714,54.935091277890464,125.18458417849898,37.54625873337841,0.6088009916610323,0.03196800846775492,0.15530306087952422,0.013154379088800272,150,a6dc66c9-10a8-4c3b-8d01-3a275e58a8a4,493
257.6666666666667,273.0,576.7488568195158,2.2383526137885474,0.3395232673276374,0.010495501361142428,0.03913890082039743,2.9453062462285025,27.85677655436824,27.85677655436824,24.0,14.0,27.70361631666382,12.628149309955731,0.0,0.45583035678846945,0.0,272.5,273.0,69.94112549695424,0.2566646807227679,0.836672642356807,1.1952105870022465,27.85677655436824,27.70361631666382,12.628149309955734,0.45583035678846956,5336943.0,5336943.0,1.3066458017682956,111.0,122.0,157.0,169.0,139.21978021978023,138.0,16.0,58.0,10.468622952139436,7.499109354845315,139.81860304781247,12.926505861904467,0.1080375700566246,2.54354431325233,167.09455379785052,0.4689315568436448,4.268686868686869,3.6073956695041867,-0.10191177358731773,1.0789399040914192,0.23939393939393938,0.6368234941749816,0.23939393939393938,0.7940309683438912,0.18208448117539028,0.8803030303030304,0.8803030303030304,0.9760606060606061,0.9401515151515152,-0.29241938654505273,0.7189697292263525,0.23939393939393938,2.014646464646465,0.3399015406591165,2.1243130282480314,0.6575669881875248,0.5505050505050505,4.029292929292929,1.8849190888540923,0.32958346087133966,131.14749262536873,0.3868657599568399,0.49460063869962845,5.734513274336283,18.336283185840706,77.39233038348083,5.584726319239594,0.29818092428711895,3.897986710974742,65.03539823008849,0.19184483253713422,0.31043956043956045,7.959902889811261,0.40606723970065944,3.017365484531907,0.08081651585036244,3.75,0.46875,0.734375,6.375,3999.625,16741.625,1043.013888888889,0.3506944444444444,1.25,0.15625,0.26487734741033286,2.3785210069592857,0.0300262913811871,2.749999999999998,0.029304029304029304,2835.109375,5.500056596409054,0.04068512530386992,0.66668475748579,0.028492396911401586,0.09671810630732493,3.653367889836167,46.18681318681319,0.16918246588576258,3.8761019200579643,128.018315018315,0.36286546176656065,4.706959706959707,46.34065934065934,188.56043956043956,15.767399267399268,0.3256003256003256,0.04092761137829165,0.26596408913585784,0.010160814766823838,151,41239d24-fba4-45cf-a936-0059deeb6953,273
395.1666666666667,413.0,862.7980159144216,2.1833775181301265,0.3018296192156372,0.0087971431832445,0.02749701606871106,3.3131274611109864,30.805843601498726,30.805843601498726,26.0,19.0,30.79039561373013,17.15956045193456,0.0,0.5573023701027968,0.0,412.5,413.0,82.42640687119288,0.19982159241501304,0.8734751217351543,1.144852297582906,30.805843601498726,30.79039561373013,17.159560451934556,0.5573023701027967,5740129.0,5740129.0,1.781523831449181,76.0,88.0,143.0,167.0,116.07021791767555,117.0,32.0,91.0,17.36786872174897,13.355731650471512,117.89239769134413,20.6475651338688,0.05472323262304903,2.1543898868659808,426.32194595735444,0.30986287074439084,4.973890339425587,13.392624083937676,0.5430961806249037,2.544408578693699,0.24281984334203655,0.8257625091490091,0.24281984334203655,0.7996982175975988,0.1838583670213854,0.8785900783289818,0.8785900783289818,0.9857164798034097,0.9514360313315928,-0.4549162206392299,0.8902851723571484,0.24281984334203655,2.0972584856396868,0.19938313370464045,2.6715224731451412,0.8362225147152319,0.3002610966057441,4.1945169712793735,2.428702629803106,0.6968071055089338,149.41463414634146,0.3036882807852469,0.7941205631568511,7.166666666666667,18.715447154471544,84.8780487804878,8.726851851851853,0.2737409665763324,4.375502190887363,85.41463414634147,0.17360697997223876,0.29782082324455206,7.441139533346554,0.3686132494854512,3.6773613080828342,0.055718731436117,3.4,0.34,0.8899999999999999,10.5,5133.1,25714.9,1850.1708333333331,0.19444444444444445,1.6,0.16,0.34282529066577144,4.0071927737367,0.0316988350352737,3.12192809488736,0.024213075060532687,3427.41,5.135054427772873,0.035493194989128604,1.2280453891051837,0.029188505445907374,0.17484115536925643,4.1751235328582545,71.98789346246973,0.174304826785641,3.766475737091734,127.97336561743342,0.7508398360780681,5.4891041162227605,47.55690072639225,215.5084745762712,21.487422652676887,0.38266747376916865,0.040779823520296826,0.34685081437740556,0.009797575513430594,152,399f9fff-e523-4d0b-9f55-62f6f69e14c3,413
326.6666666666667,344.0,722.6982398088919,2.2123415504353834,0.31739275435272096,0.009486246141503663,0.03197356223447494,3.150670537641488,31.622776601683793,31.622776601683793,27.0,15.0,32.10771300428866,13.689636597310118,0.0,0.4263659823881439,0.0,343.5,344.0,78.76955262170044,0.2293145636730726,0.8340842564303138,1.1989196442572443,31.622776601683793,32.107713004288655,13.689636597310118,0.42636598238814394,6017400.0,6017400.0,1.3973716752807728,108.0,112.30000000000001,151.0,165.0,131.50581395348837,131.0,24.0,57.0,12.020382639264469,9.495278837630554,132.2589953858153,14.094777646192906,0.12532069558593883,2.0062895194761827,198.66275689561922,0.4112189021092483,3.144329896907217,3.673606946975065,0.2882670337147444,1.3041032726440316,0.23076923076923078,0.6992985016592003,0.23076923076923075,0.7793498372920844,0.17751479289940827,0.8846153846153847,0.8846153846153847,0.976923076923077,0.9423076923076923,-0.3531502107034442,0.7792140595489798,0.23076923076923075,1.695876288659794,0.28610935897331086,2.178676081461475,0.7296589662531265,0.408406026962728,3.391752577319588,1.9479068506922448,0.3837181258533156,151.25615763546799,0.3725521124026305,0.5055509718750758,4.899014778325123,20.36945812807882,58.0935960591133,11.978379857690204,0.3646004378762999,3.981864783166624,74.58620689655173,0.18370986920332938,0.29505813953488375,8.88303525928802,0.40734415931160023,2.790238957357953,0.08809069029323088,5.666666666666667,0.6296296296296297,0.4444444444444444,7.555555555555555,5300.222222222223,16651.777777777777,2572.0864197530864,0.22530864197530864,3.2222222222222223,0.35802469135802467,0.5568192411219495,5.011296881860524,0.06187581985139,1.8799649487271095,0.02616279069767442,3839.283950617283,10.337147455548742,0.035706050826258474,0.6066228838068258,0.03281326129490245,0.08724739818422002,3.7608483183126986,57.77325581395349,0.1679455110870741,4.253785830178474,141.4593023255814,0.4284748512709573,3.552325581395349,48.33720930232558,135.6046511627907,28.151485788113696,0.5008074935400516,0.04698944893418177,0.29148247345342093,0.014101550254845692,153,ed614636-e143-460a-b221-50574226f677,344
392.1666666666667,409.0,853.1411616649292,2.175455575856173,0.3036992222541919,0.008879006962040498,0.028011156450453857,3.2927315143501232,26.92582403567252,26.92582403567252,24.0,23.0,26.040168971850296,20.295249537610925,0.0,0.7793824056806354,0.0,408.5,409.0,78.42640687119285,0.19198630813021506,0.9135632993549329,1.0946149004738916,26.92582403567252,26.040168971850296,20.295249537610925,0.7793824056806354,5799847.0,5799847.0,1.8407676646497275,89.0,94.0,146.0,164.0,117.46943765281173,114.0,31.0,75.0,16.675569849534615,12.987019706026366,119.08213557131455,19.531672477212883,0.44517217469255393,2.142407941178171,381.4862297571152,0.29995636085389255,5.120236530880421,15.93668030312924,1.0313778041809638,2.66302033599196,0.26412614980289095,0.8195333570870681,0.2641261498028909,0.832909175151185,0.19436352679319177,0.8679369250985545,0.8679369250985545,0.9844631676586534,0.9471747700394217,-0.4511857316039256,0.8931395245930182,0.2641261498028909,2.126149802890933,0.19605229304411337,2.742769552596655,0.8407608463428162,0.3304862023653088,4.252299605781865,2.478643402793765,0.7317866214487128,149.7015503875969,0.2901192836968932,0.8580726819301725,8.083333333333334,18.24031007751938,77.53488372093024,8.4567721791559,0.24203273040482343,4.219377776547731,108.96899224806202,0.2111802175350039,0.3154034229828851,8.187969472988403,0.43004263293613704,4.705267935247388,0.057820036385067546,2.5,0.3125,1.0,10.0,6124.125,29579.375,2168.012152777778,0.22135416666666666,1.25,0.15625,0.26485860309328274,2.487407411634005,0.02872052071411945,2.749999999999998,0.019559902200488997,3510.359375,6.214159234339955,0.0360445955873173,1.22081347022978,0.03379995733212534,0.16879870642619324,4.0256887147828335,69.51833740831296,0.16997148510589966,4.073421368834476,122.68215158924205,0.815729222087386,5.733496332518337,46.02200488997555,194.17848410757946,21.23906547133931,0.3711627275196957,0.040580375430983764,0.3595061343381869,0.009362163948935546,154,4223ff4a-2fff-46c0-a9ee-1a3067ef6950,409
132.16666666666666,143.0,305.4789657544508,2.311316260437207,0.41075617802663617,0.013966096330536453,0.06930304433162501,2.4345342894274213,16.76305461424021,16.76305461424021,16.0,11.0,17.056960667240837,10.732390527966647,0.0,0.6292088454292448,0.0,142.5,143.0,46.97056274847712,0.32961798419983945,0.9009207729009626,1.1099755162487845,16.76305461424021,17.056960667240837,10.732390527966649,0.6292088454292448,2026135.0,2026135.0,1.7202747090490662,87.0,94.0,144.0,162.0,117.61538461538461,118.0,27.0,75.0,15.371705217859068,11.847258979206048,119.03266872491864,18.313861568532502,0.25872992547318846,2.157792278896362,335.39752555137176,0.33424617340701257,4.78727634194831,10.602371538771425,0.5791851266231223,2.0781237031093753,0.32604373757455263,0.7287678619574006,0.32604373757455263,0.9108331091681778,0.21973921876296887,0.8369781312127237,0.8369781312127237,0.9808209566132616,0.9347912524850894,-0.33202497619736504,0.8161543791327006,0.32604373757455263,2.085487077534791,0.19068886877541902,2.7553115825968746,0.736475365463887,0.341948310139165,4.170974155069582,2.429267845022323,0.601041860170982,75.96995708154506,0.32605131794654535,0.7045626185783492,6.858369098712446,9.064377682403434,42.09442060085837,3.588221268478779,0.2708333333333333,3.7416011747769002,58.41630901287554,0.25071377258744865,0.40734265734265734,3.0376687726795484,0.46271944006501026,4.169464766235536,0.07440418676610686,2.75,0.34375,0.859375,9.125,753.375,3401.25,248.11197916666669,0.22743055555555555,2.0,0.25,0.05151649824866437,0.6142165579274839,0.004805483136058275,2.749999999999998,0.055944055944055944,433.859375,2.573959073679224,0.06910004837923799,1.754817351968861,0.03583142342739389,0.3445905275907067,3.9388370691072225,25.0,0.17482517482517482,3.590395618367647,47.7972027972028,0.6609614162061714,5.4825174825174825,36.55244755244755,154.25174825174824,15.844357031857033,0.35115578865578867,0.05222569538045728,0.4335182057801105,0.011584614129256985,155,47c96375-e00e-4178-bf22-4962941853cd,143
95.91666666666667,105.0,225.6259590822516,2.352312344906185,0.44911522463788833,0.015967449203478645,0.09058855509193667,2.226600090892661,12.806248474865697,12.806248474865697,12.0,10.0,12.494765705691421,10.751913399542467,0.0,0.8605134063974423,0.0,104.5,105.0,38.72792206135785,0.37060212498907036,0.9357048522854859,1.0687130643359082,12.806248474865697,12.494765705691421,10.751913399542465,0.8605134063974423,1383652.0,1383652.0,1.02303706553288,94.0,100.4,126.0,134.0,114.36190476190477,115.0,15.0,40.0,8.29968253968254,6.161660899653979,114.7938939806386,9.949514282974832,-0.234468148392744,2.254762980851328,98.99283446712018,0.6099773242630385,4.00275482093664,1.5585280462440936,-0.18564757295966713,0.5685404002458849,0.22865013774104684,0.4263601313722685,0.2286501377410468,0.7756507585291236,0.17636925225204714,0.8856749311294767,0.8856749311294767,0.9771349862258955,0.9428374655647385,-0.16048498941763872,0.5055493741273277,0.2286501377410468,1.9793388429752068,0.48811556587664784,1.6915384713601402,0.5042977439640305,0.6859504132231405,3.9586776859504136,1.462888333619094,0.19929763449673293,56.9,0.4064285714285714,0.4372959183673469,5.435714285714286,14.6,59.385714285714286,4.117857142857143,0.29583333333333334,3.452419267989497,29.5,0.21071428571428572,0.3333333333333333,5.6000000000000005,0.449654120375576,3.3110569576927804,0.10168436342722732,4.75,0.59375,0.484375,7.375,818.875,3269.875,213.20833333333334,0.23958333333333331,1.5,0.1875,0.32658203124999996,2.9291406249999996,0.03740071614583334,2.499999999999998,0.0761904761904762,646.609375,1.802599206349206,0.09708203542063382,0.7214842927424381,0.019750344078170442,0.2057761732851986,3.257063823511798,15.952380952380953,0.15192743764172337,5.117460317460317,64.04761904761905,0.23582766439909295,4.428571428571429,45.22857142857143,175.76190476190476,13.431216931216932,0.3015873015873016,0.06453311827376454,0.4626214726631393,0.013217966772246816,156,1b6f9536-875e-4e4d-a763-2887023e3cb5,105
199.66666666666666,213.0,453.4351483205314,2.270960676062762,0.3643392734038938,0.011666964025680675,0.04836352684205485,2.744694500423606,23.769728648009426,23.769728648009426,21.0,12.0,23.342033924577002,11.73551491767091,0.0,0.5027631677509687,0.0,212.5,213.0,61.94112549695423,0.29148764939743166,0.8342674642690797,1.1986563576180238,23.769728648009426,23.342033924577002,11.73551491767091,0.5027631677509687,3084337.0,3084337.0,2.2803205857331608,67.0,76.0,154.8,186.0,116.69014084507042,120.0,46.0,119.0,24.832903524432986,18.972595155709342,120.33476388417867,29.391604730239894,0.1576059055842469,2.2146733685145286,863.8664286186602,0.22916528907403735,10.934383202099736,75.52018039357091,3.1846788056364117,5.747053271884322,0.3779527559055118,0.8765869766688558,0.3727034120734909,0.9732446538493846,0.23904492253428955,0.8145231846019247,0.8141732283464567,0.9898063417748457,0.9468503937007874,-0.4510716683697209,0.9346803313748945,0.3681102362204725,3.0971128608923886,0.10985216414877273,3.551530075867811,0.8834513896954967,0.19291338582677164,6.194225721784777,3.163167271176258,1.5312515069474582,87.64516129032258,0.23560527228581338,1.4060874089490114,12.338709677419354,7.93010752688172,89.17204301075269,1.5223342293906812,0.1678965053763441,4.3203463962038375,102.0752688172043,0.27439588391721587,0.43661971830985913,2.684530003468609,0.5016795799352864,6.584132292112853,0.06438981909351797,3.727272727272727,0.33884297520661155,1.6528925619834713,15.545454545454545,859.3636363636364,8971.272727272728,137.03525252525253,0.163989898989899,1.5454545454545454,0.14049586776859505,0.30871915551407136,4.985760115927788,0.019543360266390693,3.0271691184406153,0.051643192488262914,484.41322314049586,0.9710054968809831,0.07112848287859659,3.8782081073502526,0.02952787593825916,0.8559552554859133,4.787657208284808,33.929577464788736,0.1592937909145011,3.2358658996230907,48.81220657276995,1.4922965020167958,11.624413145539906,33.563380281690144,364.018779342723,7.1385002608242045,0.18944705268648931,0.06067106637473282,0.8199434245094316,0.008015620266646912,157,1d437f97-f4e4-4c09-9af0-465b1fef43e2,213
153.66666666666666,165.0,351.57874185998014,2.2879310750107167,0.39462200359379634,0.013151364745084363,0.06145311359247815,2.534070555856152,18.027756377319946,18.027756377319946,17.0,12.0,17.866320322178638,11.790794894435384,0.0,0.6599453430709342,0.0,164.5,165.0,50.6274169979695,0.3077654528751945,0.898053299507519,1.113519654733619,18.027756377319946,17.866320322178638,11.790794894435384,0.6599453430709342,2905057.0,2905057.0,1.3226680616122066,112.0,116.0,149.6,159.0,132.12727272727273,131.0,21.0,47.0,10.484187327823692,8.39964357317888,132.68913316698567,12.197945001472714,0.2010224621746542,1.9263960523912318,148.78986225895318,0.44528925619834714,3.1245733788395906,2.70136129812004,-0.007876715991175565,1.1251499726263556,0.2286689419795222,0.6621868116740084,0.22866894197952217,0.775683744297663,0.1763794569534881,0.885665529010239,0.885665529010239,0.9771331058020478,0.9428327645051195,-0.3277547368079153,0.747224856113002,0.22866894197952217,1.703071672354949,0.31002108353038477,2.0847946781357374,0.7048243840072013,0.4590443686006826,3.4061433447098977,1.8561257361562156,0.33845472865146947,82.39423076923077,0.39612610946745563,0.46114552514792895,4.7548076923076925,15.278846153846153,45.33653846153846,8.309294871794872,0.3604433760683761,3.6948596275705667,37.32692307692308,0.17945636094674555,0.3151515151515151,5.21042899408284,0.3830469958620324,2.6522054013394314,0.08036595337207485,4.75,0.59375,0.484375,7.375,1487.125,4934.5,634.03125,0.23958333333333331,1.5,0.1875,0.2188083502375132,1.9688499014840504,0.024353517981434383,2.499999999999998,0.048484848484848485,1061.734375,4.164114422747517,0.0712666751679343,0.6220504033718319,0.029290530385847193,0.17003283702937338,3.473260283697885,30.672727272727272,0.1858953168044077,4.019247015610652,73.47272727272727,0.37663911845730025,3.5515151515151517,45.99393939393939,131.0787878787879,25.456734006734006,0.4765993265993266,0.04630372030967269,0.2874426177878559,0.013422662232682072,158,01191188-74f3-44f7-bf67-7d59a961956b,165
215.91666666666666,230.0,486.4529282912804,2.252966090117856,0.3577948460731083,0.011354028957309208,0.04580387715036266,2.7948977213485904,24.331050121192877,24.331050121192877,24.0,12.0,24.32040225317871,12.134716410865328,0.0,0.4989521260603041,0.0,229.5,230.0,62.041630560342576,0.27033390222371495,0.8655916805488436,1.1552791257951236,24.331050121192877,24.320402253178713,12.134716410865328,0.4989521260603041,3168082.0,3168082.0,1.7620199545829298,81.0,90.0,144.0,157.0,115.85217391304347,115.0,28.75,76.0,15.68181474480151,12.066179558243052,117.3638341450099,18.776138176934026,0.21814798603246555,2.2054403856588727,352.5433648393194,0.32071833648393194,4.761158021712907,11.56012961532234,0.6747616760683937,2.220993799846051,0.3353437876960193,0.7376373219794853,0.330518697225573,0.9335462886463862,0.22610117848032937,0.8355448331322879,0.8352231604342581,0.9803590434967715,0.9340570969039004,-0.33987820067052815,0.826000599208425,0.3262967430639324,2.0711700844390832,0.1841886616194319,2.8002011723871094,0.7558813066701638,0.3232810615199035,4.142340168878166,2.4543349676710076,0.6390843968855175,114.11845730027548,0.31437591542775617,0.7509505270587165,7.104683195592287,11.71900826446281,53.768595041322314,4.996212121212121,0.2677532904805632,3.761951154694927,97.53994490358127,0.26870508237901175,0.39456521739130435,5.295646168673969,0.5036730274865057,4.664773716486726,0.08240847428414684,3.4444444444444446,0.38271604938271603,1.0617283950617282,11.444444444444445,1858.2222222222222,9030.777777777777,621.4220679012346,0.1983024691358025,1.8888888888888888,0.20987654320987653,0.39123463082709614,5.481042560395604,0.029895331358017387,2.7254805569978657,0.0391304347826087,1205.1358024691358,3.711454556441866,0.052428352666966806,1.4833199527556988,0.03355900131894624,0.25390158927122614,4.0671230068592985,37.426086956521736,0.16272211720226842,4.010283553875237,73.76521739130435,0.7117013232514178,5.456521739130435,38.15652173913043,152.61304347826086,17.816394927536233,0.3685084541062802,0.057617826196501146,0.5383114695958899,0.01201596578647562,159,b639f87c-ce2b-499b-87bd-17e69dbaa60d,230
434.9166666666667,454.0,945.9155719906995,2.174935210555354,0.2934736521275035,0.008434368118697038,0.02527594199117529,3.407460917702884,33.13608305156178,33.13608305156178,33.0,18.0,32.69597632035739,17.856165401099656,0.0,0.5461273040493956,0.0,453.5,454.0,86.18376618407359,0.19004138078075763,0.8759273946146967,1.1416471343950607,33.13608305156178,32.69597632035739,17.85616540109966,0.5461273040493956,6376543.0,6376543.0,1.2220246029958386,94.0,103.0,134.0,153.0,117.87004405286343,117.0,19.0,59.0,10.241058433115333,7.638627609065663,118.51265290541096,12.32483726685456,0.3845991221855039,2.6435210000769946,151.90161365444698,0.5062683149294572,5.223076923076924,3.2763781136388004,0.45728317321029155,1.010565456391583,0.19289940828402366,0.6794266057181155,0.19289940828402366,0.7074975468687753,0.1556892265676972,0.9035502958579882,0.9035502958579882,0.9886529759832927,0.9614201183431953,-0.342942241125392,0.744092898795698,0.19289940828402366,2.2402366863905327,0.38732782465599946,1.9489561193084048,0.6923586548805571,0.5810650887573965,4.4804733727810655,1.7560567110243819,0.30086621616890163,170.74778761061947,0.3777605920588926,0.533494204714543,6.466814159292035,31.690265486725664,151.96902654867256,7.558075221238938,0.2508450098328417,4.475334025022788,77.65044247787611,0.1717930143315843,0.2488986784140969,15.548359307698329,0.40333954334636246,2.989133660735421,0.10170689120682659,4.076923076923077,0.3136094674556213,1.017751479289941,7.461538461538462,7180.461538461538,31479.923076923078,1730.321047008547,0.3301282051282052,1.7692307692307692,0.13609467455621302,0.21706002737248628,1.4808020316947244,0.0543303964248802,3.546593564294935,0.028634361233480177,5960.840236686392,4.0310153858546816,0.027217667903485187,1.2366490331202509,0.010794134929836779,0.1426055750998614,3.625261857316467,93.61233480176212,0.20619457004793418,4.3699664266723595,229.84581497797356,0.32287158687341105,5.5,53.49339207048458,270.88766519823787,12.700486417033773,0.2414188693098385,0.03821514000852421,0.25536729588229484,0.00937122266636119,160,5d235599-7334-4405-a4bc-d9e2e7a8e4c2,454
80.91666666666667,89.0,192.6047793231507,2.3802856353015533,0.4697236073559893,0.017079000771912288,0.10363994228767981,2.1289115223074795,11.704699910719626,11.704699910719626,11.0,10.0,11.163838985817314,10.177936346794692,0.0,0.9116878485729571,0.0,88.5,89.0,35.556349186104036,0.4017666574701021,0.9379061956858293,1.0662047063979203,11.704699910719626,11.163838985817314,10.177936346794692,0.911687848572957,1336741.0,1336741.0,1.4150149971690844,94.0,102.0,139.8,158.0,121.62921348314607,121.0,23.0,64.0,12.493119555611667,9.375,122.55432182404996,15.02984448436137,0.24485852854575874,2.3479264191424774,225.89622522408789,0.42911248579724776,5.483552631578947,4.080813583622364,0.28584250619623885,1.1888850415512464,0.3421052631578947,0.5530928417957702,0.33552631578947373,0.9438195852657449,0.22952735457063717,0.8333333333333334,0.8328947368421052,0.9799922600619195,0.9331140350877193,-0.19658147810185822,0.6416265570816128,0.3297697368421053,2.2960526315789473,0.26280622403047094,2.4333405451605223,0.557861434638871,0.4440789473684211,4.592105263157895,2.0769672036336737,0.38274757617728533,58.84313725490196,0.38459566833269254,0.5459438677431757,7.143790849673203,8.209150326797385,44.431372549019606,1.9091321713870735,0.2254448075526507,3.5255369145669766,41.5359477124183,0.27147678243410656,0.4297752808988764,2.7951642530650607,0.506809781525779,4.314875291680458,0.10173346087406156,1.4,0.28,1.36,9.2,679.0,3869.0,141.20138888888889,0.2972222222222222,1.0,0.2,0.25826354908591936,4.009919248246791,0.023666858051948892,2.321928094887361,0.056179775280898875,362.16,1.172676496872207,0.10173560174512758,1.7503401366684759,0.020926537645570675,0.5031239921394389,3.6165498886000744,13.719101123595506,0.15414720363590456,3.392248453478096,38.19101123595506,0.41838151748516594,6.146067415730337,34.325842696629216,175.8988764044944,8.205758426966293,0.23275593008739076,0.05671218976562744,0.5327580815930201,0.010506304920012116,161,70aaa13c-4c7d-4799-bad0-4be13f8a86d2,89
550.1666666666666,571.0,1181.8615551917208,2.1481882251288473,0.2747348173768692,0.007639579049324675,0.02073676968923358,3.6398735680750782,30.805843601498726,30.805843601498726,30.0,23.0,31.279594859040845,23.4050669360346,0.0,0.7482535193153167,0.0,570.5,571.0,91.94112549695434,0.16115885275539762,0.920922196205539,1.0858680615151683,30.805843601498726,31.279594859040845,23.4050669360346,0.7482535193153167,8894830.0,8894830.0,1.0564527677535716,104.0,115.0,140.0,161.0,124.40630472854642,122.0,11.0,57.0,7.751601792412613,5.100135808057946,124.81039911319527,10.035291255521562,1.0197911720547757,3.8022383975868235,100.70707058314753,0.5225385764367058,1.953932061423918,1.668692002588806,0.6679096112981852,0.8147103168528177,0.17310376919497442,0.6495215615165876,0.1731037691949744,0.6647558756803894,0.1431388542854674,0.9134481154025127,0.9134481154025127,0.9826896230805025,0.9567240577012563,-0.323860084508236,0.686544959974135,0.1731037691949744,1.339227547696603,0.41825767219746385,1.649478655042287,0.6531102271395502,0.5942298743601675,2.6784550953932063,1.4763748858473134,0.24695352151194805,235.67850098619328,0.4648491143711899,0.34341312356788006,3.3629191321499015,41.43589743589744,64.60355029585799,35.779859741398205,0.492548761779531,4.06429436000427,73.29191321499013,0.14455998661733754,0.22197898423817863,21.141494423242264,0.33201933853754173,1.6070184866156407,0.0895625605033336,5.166666666666667,0.4305555555555556,0.38888888888888895,5.833333333333333,13193.083333333334,20029.25,11488.023148148148,0.2546296296296296,2.6666666666666665,0.2222222222222222,0.45254451314685024,3.175916885571968,0.07519936242740204,3.0220552088741974,0.021015761821366025,10928.909722222223,17.016807687262233,0.02310954533496892,0.6006712500783733,0.015714584670530125,0.08101235154277783,3.1182537430957167,145.0105078809107,0.25395885793504497,3.666035866654807,298.36952714535903,0.27537027551749627,2.1943957968476355,55.85464098073555,97.02802101576182,45.66832068495816,0.7228059933839268,0.03510410585717066,0.14633222519402778,0.01594553767783951,162,82be154b-6251-448c-af73-4898b9d8c4f8,571
477.4166666666667,497.0,1033.379673605837,2.164523666131968,0.28586167041600846,0.008108355241569965,0.02335972799528988,3.498195468265197,33.83784863137726,33.83784863137726,31.0,20.0,33.726080314668984,18.820021787137502,0.0,0.5580257655661168,0.0,496.5,497.0,89.01219330881977,0.1792793420117216,0.887391074084675,1.1268988715392239,33.83784863137726,33.72608031466899,18.820021787137502,0.5580257655661167,8336274.0,8336274.0,1.3982215894361834,110.0,115.0,151.0,179.0,128.72032193158952,124.0,18.0,69.0,11.19815067467177,7.521368889655131,129.51133974573972,14.29216024834483,1.2453625748396169,4.0044566647704745,204.26584456436817,0.4154949819642199,2.6937567276641547,5.916122531349326,1.3961287350340097,1.4377083475756072,0.22335844994617868,0.7310662638258537,0.2233584499461787,0.7662526917604628,0.1734694527838191,0.8883207750269106,0.8883207750269106,0.9868612676502247,0.9553283100107642,-0.36437502473035477,0.7855190445567244,0.2233584499461787,1.5460172228202367,0.30038071771792996,2.1542558126069054,0.7312216246378938,0.4564047362755651,3.0920344456404734,1.9308973626607275,0.4152666993804466,199.91743119266056,0.3668209746654322,0.5443851527649188,4.4495412844036695,24.488073394495412,52.05871559633027,18.780555555555555,0.4204255861365953,4.105434029552737,92.148623853211,0.16908004376735966,0.27414486921529174,11.182311253261512,0.33937326510479354,2.1990306765382086,0.07788165264739111,2.142857142857143,0.30612244897959184,0.8163265306122449,7.428571428571429,13180.714285714286,27874.285714285714,9890.357142857143,0.2708333333333333,1.2857142857142858,0.1836734693877551,0.32164434069659403,3.1440108026896567,0.03402558125037004,2.5216406363433164,0.014084507042253521,8139.714285714284,8.110718599033817,0.024668654553215673,1.5522179368694557,0.017145061428119467,0.1835570242978553,3.537464752405586,101.10462776659959,0.20342983454044183,3.4395507855989056,206.5010060362173,0.4673513920545405,3.058350100603622,49.772635814889334,114.61167002012073,35.904147104851326,0.6107478202548625,0.03338910003229253,0.1709800035410244,0.013802250625826006,163,5f7ddfa8-2500-4d8b-a8cb-4a78600febac,497
454.4166666666667,481.0,1011.7063043714959,2.2263846786095636,0.28253082391943657,0.007967051616874872,0.022552646254512535,3.5394368165830614,49.8196748283246,49.8196748283246,46.0,13.0,50.82850927494068,12.429782636383424,0.0,0.24454352121854417,0.0,480.5,481.0,115.35533905932743,0.24007354642940154,0.6736183790643359,1.4845200651873725,49.8196748283246,50.82850927494067,12.429782636383424,0.24454352121854417,7895580.0,7895580.0,1.2860327834589698,104.0,111.0,147.0,165.0,127.45114345114345,127.0,19.0,61.0,10.752771642584532,8.159884633872776,128.12075255370317,13.08179146460028,0.4186394290187943,2.530097066645141,171.13326792328877,0.44028596003647985,2.59521094640821,2.5455535457840743,0.46544122479536426,1.1104135327103777,0.21835803876852905,0.6713384851762,0.21607753705815277,0.7610739498377982,0.17166853674741167,0.8923413150893197,0.8921892816419613,0.9782694500482414,0.9460946408209806,-0.3294593722544777,0.7407502649735865,0.21408209806157352,1.5401938426453818,0.31476173047694217,2.017185066236612,0.6915363028061873,0.4224629418472064,3.0803876852907637,1.7911818857936765,0.3321928928697267,223.3180987202925,0.4082597782820704,0.4422059496873423,4.197440585009141,28.014625228519197,59.751371115173676,20.4785699776559,0.41392443631931747,3.8398614247884733,101.83729433272394,0.186174212674084,0.2843035343035343,15.6427513878259,0.39926353705648016,2.3805452862362246,0.0914806220492187,9.461538461538462,0.727810650887574,0.33136094674556216,8.0,7765.7692307692305,19937.69230769231,4732.532051282052,0.1901709401709402,2.076923076923077,0.15976331360946747,0.24440476557140567,2.1996228413348566,0.027157701521331238,2.7192945256669767,0.02702702702702703,6396.7692307692305,12.378949618521444,0.026834451280500903,0.6001055523387582,0.025472826814453106,0.07212831715187709,3.51586283018097,96.41372141372142,0.20044432726345407,4.298909496414694,211.77754677754677,0.3711429324734938,2.9604989604989607,49.53222453222453,114.88565488565489,33.66972741972742,0.5837953337953338,0.03957690094594857,0.20897018158922923,0.014457348013895631,164,c9b55b0d-0cd3-40bf-a4a4-cf264b4e961e,481
132.91666666666666,144.0,310.7537145235858,2.337958980741712,0.4053100975010094,0.01368926126080949,0.06658283309258745,2.4672466986774477,21.095023109728988,21.095023109728988,14.0,10.0,21.119659892877696,8.823024905230012,0.0,0.4177635885228176,0.0,143.5,144.0,51.69848480983496,0.3602681868281182,0.821396915494809,1.2174382215662456,21.095023109728988,21.119659892877696,8.823024905230014,0.41776358852281764,2065737.0,2065737.0,1.6922723613410162,95.0,97.0,145.70000000000002,158.0,118.34027777777777,114.0,28.25,63.0,15.628665123456788,12.116920425165182,119.77226654502842,18.465494545549774,0.6089151113819962,2.18988863631234,340.97448881172846,0.3616898148148148,4.974051896207585,11.088191430688616,1.1725662662269143,1.9760239999043825,0.35928143712574845,0.692304542755952,0.35528942115768464,0.9547518913692938,0.23305086433918587,0.823020625415835,0.822754491017964,0.9789362451567454,0.9290751829673985,-0.29117505304539415,0.781899950333858,0.35179640718562877,2.1377245508982035,0.20914856912920665,2.7733259757613222,0.7044255661157859,0.3992015968063872,4.275449101796407,2.405338866270656,0.5838263592575328,75.36507936507937,0.29906777525825146,0.819853867472915,6.873015873015873,8.277777777777779,41.86507936507937,2.6931768077601412,0.2862654320987654,3.7701559161937137,71.83333333333333,0.28505291005291006,0.4375,3.05328798185941,0.5189644478088119,4.582603938584546,0.11598987522290255,2.142857142857143,0.30612244897959184,1.1428571428571428,10.142857142857142,1052.5714285714287,4907.714285714285,295.3382936507937,0.23710317460317462,1.2857142857142858,0.1836734693877551,0.21762019315920572,2.4767025070931825,0.02080964882942899,2.5216406363433164,0.04861111111111111,629.3877551020407,2.2776543309631543,0.07151916135269129,1.6843089950139434,0.03460473017769707,0.3443765969425318,3.9389137549150686,24.569444444444443,0.17062114197530864,3.0,52.083333333333336,0.6525848765432098,5.652777777777778,33.25,146.43055555555554,12.004677854938272,0.3217110339506173,0.05748948447691834,0.4872950282221942,0.013994973085684889,165,77f89618-cc78-4803-8875-85ad0670fd5c,144
409.4166666666667,431.0,909.1431035375642,2.2205815677693406,0.29328885127273574,0.008426402669200497,0.02522822314225538,3.409607953594111,43.9089968002003,43.9089968002003,22.0,16.0,44.794407337378786,12.914237765903374,0.0,0.2883002261562921,0.0,430.5,431.0,102.81118318204321,0.23881807940079725,0.7154036518787209,1.3978122663672472,43.9089968002003,44.794407337378786,12.914237765903374,0.2883002261562921,7926378.0,7926378.0,1.4272564502776293,109.0,115.0,154.0,173.0,134.8074245939675,135.0,22.0,64.0,12.241040907402523,9.44525676315515,135.6121978785724,14.752168918462068,0.22472281197882718,2.357690444022934,217.6264877988383,0.4074213640107449,3.6234920634920633,4.803059646984124,0.171221333333333,1.4469079365079365,0.20253968253968252,0.7544151384975438,0.20253968253968255,0.7269784723864648,0.16151735953640717,0.8987301587301587,0.8987301587301587,0.9797460317460317,0.9493650793650794,-0.41470830417652516,0.8259153609131044,0.20253968253968255,1.8199999999999998,0.2914791635172588,2.190640867647789,0.779021066605401,0.45396825396825397,3.64,1.9881011851081072,0.4123619047619048,178.6196581196581,0.3816659361531156,0.48777759514939,5.228632478632479,25.128205128205128,85.25213675213675,12.324192782526117,0.32983143399810066,4.137243567678863,78.75641025641026,0.1682829278983125,0.271461716937355,11.55811235298415,0.3749129137742675,2.616835962668922,0.07408642483952908,2.2,0.44,0.64,6.4,15051.8,56034.8,5896.05,0.31666666666666665,1.0,0.2,0.250057657519134,2.250395052776015,0.0277964379566146,2.321928094887361,0.01160092807424594,7621.360000000001,9.805906923288049,0.03166649800142623,0.5301914381016714,0.029514551365155225,0.07780691562303134,3.7657887402567134,79.04176334106728,0.1833915622762582,3.5946511915848856,175.59860788863108,0.4412982272920581,3.9907192575406034,50.220417633410676,167.0812064965197,25.23569218870843,0.44051301881928334,0.03215726403992893,0.1766389653953873,0.01054717665080125,166,c2e38d7c-6515-43ed-a29d-b2152db65298,431
164.41666666666666,176.0,374.3107926675491,2.27659884035002,0.3877474953052784,0.012809210969744389,0.058297106998648894,2.578997961579836,17.4928556845359,17.4928556845359,17.0,13.0,17.643496589497406,12.840402371229303,0.0,0.7277697085776507,0.0,175.5,176.0,52.04163056034258,0.2965335074663395,0.9023865157135297,1.1081725874519368,17.4928556845359,17.643496589497406,12.840402371229303,0.7277697085776507,2744340.0,2744340.0,1.1743953739598167,97.0,106.0,140.0,150.0,124.19318181818181,126.0,20.0,53.0,11.11402376033058,8.611188256298355,124.87129737890493,12.995941634485057,-0.20175121636632387,2.069703777413805,168.89449896694214,0.4752711776859504,6.2006369426751595,1.969579189849751,-0.15356316053182878,1.015091890137531,0.2038216560509554,0.6655683141953731,0.20382165605095542,0.7295058725683086,0.16227838857560148,0.8980891719745223,0.8980891719745223,0.988010490820532,0.9592356687898089,-0.32874387191939786,0.7330772858642781,0.20382165605095542,2.449044585987261,0.3247444115379935,1.9595303644376418,0.6807915809941429,0.40445859872611467,4.898089171974522,1.7557087083866876,0.3047283865471216,98.57843137254902,0.4832276047673972,0.38542868127643215,7.186274509803922,17.686274509803923,110.17647058823529,3.4206154684095864,0.20029956427015252,3.648008265019084,42.31372549019608,0.20742022299115725,0.2897727272727273,5.777008842752787,0.24319522791831943,1.9065521413509547,0.06341009998236041,1.0,0.25,1.25,7.5,3680.5,25293.0,629.1892361111111,0.3559027777777778,1.0,0.25,0.2656945945450674,4.0160510624902885,0.03126329629432188,1.9999999999999987,0.022727272727272728,1744.5,1.2797226313205692,0.07089165047500859,1.2133246986253345,0.009524564775000594,0.3797668862283354,3.187084957534996,37.53409090909091,0.21326188016528927,2.2964876033057853,83.64772727272727,0.3066890495867769,6.613636363636363,46.94318181818182,291.3068181818182,9.050071022727273,0.19337910353535354,0.03150973489143132,0.2608385101725876,0.00627683538108472,167,a10370af-74ad-46f6-aeb0-e4d9bf2f8db1,176
695.1666666666666,720.0,1489.66734464165,2.1428923682210264,0.2547538678756625,0.006821502721300192,0.01653340710541626,3.9253574767629007,43.18564576337837,43.18564576337837,43.0,23.0,42.70078588392122,21.9754039490216,0.0,0.5146369907279935,0.0,719.5,720.0,112.08326112068532,0.15577937612325965,0.848358806911475,1.178746530186429,43.18564576337837,42.70078588392122,21.9754039490216,0.5146369907279934,16290137.0,16290137.0,0.9999777360731128,134.0,140.9,160.0,173.0,150.22916666666666,149.0,11.0,39.0,6.182233796296295,4.5120329019049095,150.4167220683185,7.509178411561858,0.2104474723422513,2.5271380379791326,56.387760416666666,0.5000154320987654,2.353460972017673,0.8300080755127652,0.06002176083304861,0.8267838435193399,0.1715758468335788,0.6562845064929911,0.1715758468335788,0.6612969847367072,0.1421375756169191,0.9142120765832106,0.9142120765832106,0.9656848306332841,0.9428080510554737,-0.3381650024108374,0.7007946357365265,0.1715758468335788,1.4797496318114876,0.3586825792066215,1.6598681211660635,0.6562845064929913,0.43446244477172313,2.959499263622975,1.488292274332485,0.24958992258822965,322.0126984126984,0.5111312673217435,0.24443436633912824,2.723809523809524,40.542857142857144,90.5904761904762,28.03095238095238,0.569047619047619,4.34572366553162,82.5936507936508,0.1311010330057949,0.21875,19.644897959183677,0.2968755633067282,0.8638232411219408,0.15513864385292503,5.0,0.5555555555555556,0.2222222222222222,3.0,20067.777777777777,44386.444444444445,13988.111111111111,0.5,1.6666666666666667,0.18518518518518517,0.33480134999862154,1.3353356159945113,0.08466778349964917,2.641604167868591,0.0125,13667.777777777777,63.93048157115954,0.015907109215350275,0.17462492651381542,0.043664326897168336,0.01590366920368056,3.4377790282563905,169.01111111111112,0.23473765432098764,3.4791666666666665,360.0111111111111,0.24999228395061726,2.4916666666666667,56.041666666666664,134.25833333333333,36.4875,0.6270833333333333,0.030226213440623165,0.08528514476778366,0.01646148060883304,168,75cc966f-9b11-4c39-87f6-a3af0333782c,720
489.4166666666667,512.0,1072.1642832966643,2.1906983482989904,0.2801186074951475,0.007865237026608924,0.02197990830142709,3.569916361294646,45.17742799230607,45.17742799230607,28.0,17.0,45.67175604650251,14.473745895041482,0.0,0.3169080225490884,0.0,511.5,512.0,105.98275605729698,0.2071999140905122,0.7564714500475676,1.3219269543313488,45.17742799230607,45.67175604650251,14.473745895041478,0.3169080225490883,9687258.0,9687258.0,1.0318615745606756,116.0,125.0,151.0,166.0,137.15625,137.0,15.25,50.0,8.544921875,6.3887693543375415,137.55153863643255,10.420598216393337,0.3973747461680729,2.4946595844621324,108.5888671875,0.6051025390625,4.258711721224921,2.41106547485823,0.07971462488737635,0.7436614150839254,0.18109820485744454,0.6083345315857833,0.18109820485744454,0.6824736234545241,0.1483016450548556,0.9094508975712776,0.9094508975712776,0.9818901795142554,0.9547254487856387,-0.2922579764738225,0.6679643974289513,0.18109820485744454,2.0293030623020063,0.47742091682844395,1.7264205212405974,0.6128646738062679,0.67740232312566,4.058606124604013,1.5453223163831535,0.23118990498534248,202.01408450704224,0.4064669708391192,0.4421701233558291,4.9738430583501,31.806841046277665,134.17303822937626,8.598479767493854,0.3329420970266041,4.335847132290986,73.78068410462777,0.14845208069341603,0.24267578125,14.826471909930408,0.3098483801366708,1.878682473272867,0.10532907163235598,5.3076923076923075,0.40828402366863903,0.7928994082840237,5.769230769230769,7267.538461538462,29908.153846153848,1842.940170940171,0.405982905982906,2.076923076923077,0.15976331360946747,0.34900421051113006,2.5045363286022018,0.10949738624254371,3.1808329872054375,0.025390625,5716.390532544379,6.797251111983257,0.02586695311494458,0.5157813042260266,0.014342277627142649,0.059209505836123215,3.3301904153019155,105.796875,0.206634521484375,3.4418792724609375,309.8125,0.23919677734375,4.4609375,53.265625,225.8125,15.08984375,0.2996961805555556,0.03506179144473183,0.19282025756989715,0.011209626015602036,169,089fc7a0-0ed8-4129-8aeb-5335d477f834,512
291.4166666666667,307.0,643.5738841559098,2.2084319730829045,0.33028990717679413,0.010070286614351534,0.03603179590473369,3.0276432257578203,25.632011235952593,25.632011235952593,24.0,16.0,25.27804866753924,15.516257178324874,0.0,0.613823376258075,0.0,306.5,307.0,68.87005768508877,0.22469839375232878,0.9011347234435803,1.1097119819982275,25.632011235952593,25.27804866753924,15.516257178324874,0.6138233762580751,3498212.0,3498212.0,1.5971140923843519,76.0,85.0,135.0,161.0,104.94462540716613,100.0,26.0,85.0,15.932179651773495,11.298688730826921,106.74655667310078,19.530820763938735,0.9111514984583607,2.990959513196114,381.4529597131004,0.3753779880953644,3.1259982253771073,15.322931076393205,3.333289202339073,2.198258602079001,0.25820763087843834,0.7897731078781637,0.2546583850931677,0.831065206611148,0.19335673778017826,0.8732623484176278,0.8730257320319431,0.9848739495798319,0.9491866311742088,-0.39754051946905683,0.8342303418081073,0.25155279503105593,1.6251109139307898,0.28085847972922434,2.399475959529597,0.7946390783086242,0.47116237799467614,3.250221827861579,2.1346854696897197,0.61411655823936,121.76683937823834,0.3154581331042444,0.7808061961394936,5.733160621761658,21.27461139896373,49.53367875647668,16.574373920552677,0.3553540587219343,3.9536556511920957,94.70466321243524,0.245348868425998,0.31433224755700323,11.15364170850224,0.4748589468748307,3.6935690832447445,0.09569330120568369,2.142857142857143,0.30612244897959184,1.1428571428571428,10.142857142857142,5032.142857142857,11444.285714285714,3729.7569444444443,0.23710317460317462,1.5714285714285714,0.22448979591836735,0.29724423029093366,3.7550778227755464,0.025534545411690975,2.521640636343317,0.02280130293159609,3108.6938775510207,6.778806136275648,0.04602460428085217,1.3658918024449715,0.026561209201462554,0.2938066944778445,3.592194586725919,61.70358306188925,0.20098886990843404,4.399622277159439,115.24104234527687,0.6995936296406329,3.6351791530944624,46.45928338762215,106.6514657980456,35.561504705030764,0.5976067680057908,0.04221639530465341,0.30399228128336625,0.014258790053903092,170,08b86652-97c3-4e24-b9be-6601f7e067c5,307
208.41666666666666,221.0,465.33197242665005,2.232700387492923,0.36532230977522523,0.011714214419486267,0.04875605794542825,2.737308872856076,18.384776310850235,18.384776310850235,17.0,15.0,18.020190017768588,15.643787469179928,0.0,0.868125555488292,0.0,220.5,221.0,55.2132034355964,0.25040001558093605,0.9533805410992345,1.0488991088983355,18.384776310850235,18.020190017768584,15.643787469179928,0.8681255554882921,2636655.0,2636655.0,1.7078795067651986,76.0,81.0,139.0,160.0,107.04524886877829,104.0,35.0,84.0,18.402899203538013,14.2437037037037,109.22712854808428,21.722806114336397,0.5137488095911168,2.2728033220456423,471.88030548105075,0.3417825187854467,3.5628891656288917,19.76870582893103,3.896020791019686,2.6628691597046563,0.2764632627646326,0.8118870389403726,0.2764632627646326,0.850586885290969,0.2000313271061663,0.8617683686176837,0.8617683686176837,0.9837374551314921,0.9447073474470735,-0.41243125569948363,0.8574834556214375,0.2764632627646326,1.722291407222914,0.24878374836579512,2.5579987642278885,0.8145256198707433,0.4396014943960149,3.444582814445828,2.281535501463257,0.7348331056173223,91.66666666666667,0.3025302530253025,0.8162816281628162,6.260726072607261,16.38943894389439,45.33993399339934,12.154427942794278,0.3250595892922626,3.7505075797243643,83.41584158415841,0.2752998072084436,0.3427601809954751,7.87768083739067,0.5067038197025571,4.151175400067665,0.08660020681864664,1.4,0.28,1.04,7.8,3323.4,8841.8,2345.911111111111,0.30694444444444446,1.0,0.2,0.20158986901479398,1.8236609933745918,0.02235445365276087,2.321928094887361,0.02262443438914027,1369.7600000000002,6.070107953575696,0.06524716705193799,1.3496492164838045,0.03425970293934408,0.36739263348377205,3.5991759305939146,43.40723981900452,0.196412849859749,4.345242726397903,75.53393665158372,0.8240617513973916,4.149321266968326,43.50678733031674,111.07239819004525,32.70858471593766,0.5614630467571644,0.0430691436118607,0.2998894037672049,0.013812370567885274,171,d62ea376-6916-41f6-b90f-a617c15a8876,221
618.9166666666666,654.0,1378.781984886492,2.2277344578750378,0.2547279747924032,0.006820462745433473,0.016528366270749707,3.9257564891134336,69.92138442565336,69.92138442565336,34.0,13.0,73.68410133644441,11.55860112128646,0.0,0.15686696195844807,0.0,653.5,654.0,158.46803743153572,0.24249125850273254,0.5718551657577698,1.7486945294529115,69.92138442565336,73.68410133644441,11.558601121286468,0.1568669619584482,12415894.0,12415894.0,0.49421125664592935,122.0,129.0,148.0,162.0,137.59021406727828,137.0,10.0,40.0,5.8398282972813735,4.23957173089775,137.7844236501776,7.3130290257975075,0.4801328320302699,2.896835240911901,53.48039353215684,0.8359425413124597,4.1392617449664435,0.4227962772266787,0.09813571813942525,0.17403336983694428,0.08682885906040269,0.33429335916184916,0.08682885906040269,0.4257954365292389,0.07928960829467141,0.9565855704697986,0.9565855704697986,0.9913171140939597,0.9782927852348993,-0.13458149158877905,0.3223175050158694,0.08682885906040269,2.0291526845637584,0.7955394569782892,0.7602037745274094,0.33686463229877045,0.8905201342281879,4.058305369127517,0.6733749154670072,0.06521555722433674,206.5854214123007,0.4705818255405482,0.33564582998220227,5.462414578587699,70.0501138952164,283.04783599088836,17.55492280435333,0.2564540622627183,4.092647864061618,62.890660592255124,0.14325890795502305,0.16781345565749237,34.54046004327499,0.3660756009017775,2.7113759292968083,0.09299751675009355,13.0,0.6190476190476191,0.6258503401360545,7.238095238095238,16932.666666666668,67793.23809523809,4233.555555555556,0.28703703703703703,6.619047619047619,0.31519274376417233,0.5680193139507754,3.9633636314644773,0.19075877837011593,2.7013757559060463,0.03211009174311927,15962.78911564626,3.9097445667513395,0.03540947392927852,0.33466741469038325,0.0029221582309550474,0.06770960386063532,2.2496079380957914,237.36697247706422,0.3629464410964285,4.078407167372742,546.7064220183486,0.08565496731476027,4.308868501529052,62.71559633027523,253.48929663608564,15.768008834522595,0.2526333673122664,0.04209005712659965,0.25631214831611654,0.011783675417301364,172,de9ae5de-ab37-4fd6-8d3e-dc189fd7739f,654
226.66666666666666,242.0,516.6558802906908,2.2793641777530476,0.34796950591296094,0.010889568136850889,0.04213311410302582,2.873815041281618,30.886890422961002,30.886890422961002,18.0,12.0,30.505681912119893,10.187246178229408,0.0,0.3339458599082167,0.0,241.5,242.0,72.42640687119282,0.2999023058848564,0.7606179312325659,1.3147205172766836,30.886890422961002,30.50568191211989,10.187246178229406,0.33394585990821657,4893217.0,4893217.0,1.4972363702899512,107.0,121.0,163.0,178.0,141.32644628099175,141.0,21.0,71.0,12.596134143842637,8.976165322476746,142.19671219362874,15.707976962793241,0.15320459441919387,2.6065921008399306,246.74054026364317,0.40690526603374094,4.886442641946697,7.840082762414916,0.2910851465501453,1.740886100253904,0.19119351100811124,0.8020852661622717,0.19119351100811127,0.7039615264154586,0.15463855235650248,0.9044032444959444,0.9044032444959444,0.9887533228818759,0.9617612977983778,-0.47161090744253803,0.8717409175126007,0.19119351100811127,2.121089223638471,0.2908237319222471,2.3120304280501447,0.8192446996415549,0.47740440324449596,4.242178447276941,2.120836917042034,0.4830199028155039,97.68148148148148,0.3617832647462277,0.5765294924554183,6.003703703703704,20.881481481481483,99.88148148148149,6.5589506172839505,0.2877829218106996,4.373060257520958,43.74074074074074,0.16200274348422497,0.27892561983471076,8.027928669410151,0.3637053723770198,2.8425114267298492,0.07007292407369838,3.5,0.4375,0.6875,8.25,2869.5,13248.0,782.5833333333333,0.23350694444444445,1.25,0.15625,0.3030843800962011,2.78168165336914,0.033378397040312015,2.749999999999998,0.03305785123966942,1954.4375,2.204385351966873,0.059663678590988596,1.1645221053852968,0.015512703819552269,0.3077484818914759,4.071565705196898,43.33057851239669,0.17905197732395328,4.012567447578718,98.47107438016529,0.47121098285636226,5.12396694214876,49.82644628099174,234.3388429752066,16.934400826446282,0.32311753902662993,0.04230033729898448,0.2998654825413483,0.009833489173353591,173,f15de0ef-6039-42e5-aceb-9f93f9a18aaa,242
193.91666666666666,207.0,440.06742302257106,2.2693635910059533,0.3681642904969976,0.011851173895648843,0.04990280843170029,2.716178689275013,23.259406699226016,23.259406699226016,20.0,12.0,23.02697406963081,11.491851446057968,0.0,0.49906042414899965,0.0,206.5,207.0,59.69848480983495,0.28909677874012085,0.8532998149346745,1.1719210323238571,23.259406699226016,23.02697406963081,11.491851446057968,0.49906042414899965,4807626.0,4807626.0,0.9521807771746555,139.0,142.0,162.0,174.0,152.21256038647343,152.0,10.0,35.0,5.9919718079768485,4.3898961937716265,152.39831487523605,7.52215643321606,0.40848234056110777,2.884705784397372,56.58283740577376,0.5327778944666153,2.7975708502024292,0.9744320519205898,-0.37060022321040786,0.8542491909208295,0.0931174089068826,0.8034184255095814,0.0931174089068826,0.44679060190769476,0.08444655706535102,0.9534412955465588,0.9534412955465588,0.9813765182186235,0.9689608636977058,-0.5395888193995818,0.8036044304144168,0.0931174089068826,1.614709851551957,0.44187014302079297,1.4044668528587474,0.8034184255095818,0.5681511470985156,3.229419703103914,1.311349443951865,0.23684164995692802,83.65384615384616,0.5362426035502958,0.23187869822485208,2.9038461538461537,40.05128205128205,119.3974358974359,20.21474358974359,0.5240384615384616,4.2691465485601094,15.871794871794872,0.1017422748191979,0.18840579710144928,11.879684418145956,0.20357387498768018,0.613112318879147,0.10118926401481354,1.6666666666666667,0.5555555555555556,0.2222222222222222,3.0,7439.0,23827.0,3342.0,0.5,1.0,0.3333333333333333,0.08340989922085829,0.3334709343771083,0.020894640431795782,1.5849625007211552,0.014492753623188406,2678.0,5.358076372625554,0.10555537681047684,0.09153333577824233,0.021237002019111488,0.1062820269500854,3.1843882235529346,57.309178743961354,0.276855935961166,3.0035706784289014,110.28502415458937,0.23361105276669233,2.8840579710144927,59.14492753623188,170.15942028985506,31.391304347826086,0.5289855072463768,0.024407592568249342,0.0709336130676998,0.01277608744338673,174,d3b87cc1-0d19-47dc-bc6f-08b0e8bfdbbe,207
222.91666666666666,237.0,500.4529282912804,2.245022482054342,0.3552624037124566,0.01123369819189186,0.04483815663298441,2.814820790351301,22.80350850198276,22.80350850198276,18.0,15.0,21.65719370950554,14.378168830043245,0.0,0.6638980572876594,0.0,236.5,237.0,62.04163056034258,0.26233247594225195,0.8786932723154792,1.1380535523674384,22.80350850198276,21.65719370950554,14.378168830043245,0.6638980572876595,3095432.0,3095432.0,1.4690385134283555,79.0,97.0,138.0,173.0,112.9535864978903,108.0,18.0,94.0,13.274190389716749,8.428790034631803,114.2842706358488,17.3891291337878,1.019336294049786,4.006767800937505,302.38181203154767,0.451512400078335,4.515752625437573,8.156241808732748,0.9065848907063638,1.4550336374615531,0.22403733955659277,0.7331413113286491,0.22170361726954493,0.7716494437180268,0.17488484564619192,0.8895371450797355,0.8893815635939323,0.9868625163017365,0.9557370672889925,-0.37739669873761017,0.8039941618042882,0.21966161026837808,2.0513418903150527,0.34953209821240144,2.2348775273649397,0.7388057673480234,0.5647607934655776,4.102683780630105,2.0052910997278377,0.41976774425453645,84.63571428571429,0.3022704081632653,0.7995408163265306,6.457142857142857,20.892857142857142,88.44285714285714,6.50858134920635,0.3103174603174603,4.332100633348109,56.457142857142856,0.2016326530612245,0.29535864978902954,9.429795918367345,0.4306614481091128,3.648098393847386,0.10759210854893213,2.8,0.28,1.44,8.2,2454.9,10278.0,663.25,0.3770833333333333,1.8,0.18,0.24793866143171117,1.6610365424884708,0.11826965896640111,3.12192809488736,0.04219409282700422,1893.21,2.160049421144604,0.06291267879455921,1.1332960718982208,0.016680426097300034,0.30941031468547664,3.8043676457276976,43.312236286919834,0.1827520518435436,4.661574890063914,107.0084388185654,0.4858551870248714,4.936708860759493,48.71308016877637,200.28691983122363,16.662330051570557,0.33139943741209565,0.04548433840640491,0.3223132713391655,0.014494097949775315,175,fdab3453-7a6b-40a4-9174-487b4f13b194,237
180.41666666666666,193.0,409.33197242665005,2.268814627768961,0.37721842091655905,0.012291028225808721,0.05367581880717435,2.6509840043607005,21.18962010041709,21.18962010041709,19.0,12.0,20.57462768561438,12.029896700486024,0.0,0.5846957176725601,0.0,192.5,193.0,55.21320343559639,0.2868218360290722,0.8907941444279326,1.122593818398076,21.18962010041709,20.57462768561438,12.029896700486024,0.5846957176725601,2160844.0,2160844.0,1.1387426102400087,56.0,92.2,117.80000000000001,130.0,105.17098445595855,106.0,13.0,74.0,8.518886413058068,5.230894100559614,105.81154427355459,11.625271184747879,-0.9307823656136353,5.23998789051748,135.14693011892936,0.5628875942978335,7.813314037626629,3.4272012463666948,-0.9547383540353556,0.8889358948314174,0.1808972503617945,0.6618215631576366,0.1808972503617945,0.6820359654742112,0.14817343517333675,0.9095513748191028,0.9095513748191028,0.9893589852728356,0.9638205499276411,-0.32287696860045834,0.7027278436800042,0.1808972503617945,2.763386396526773,0.45463484410898025,1.7683395083762732,0.6867861058900399,0.6497829232995659,5.526772793053546,1.58744225801448,0.267458286298303,76.16504854368932,0.3697332453577151,0.5850928456970497,7.635922330097087,24.97087378640777,210.873786407767,3.310747033441208,0.21059196332254584,4.244722908377333,33.63106796116505,0.16325761146196627,0.266839378238342,10.926571778678479,0.37146942251968174,3.0826648647051824,0.09682829711144011,1.6666666666666667,0.2777777777777778,1.222222222222222,8.333333333333334,3357.1666666666665,29360.166666666668,400.4270833333333,0.28935185185185186,1.0,0.16666666666666666,0.1790202315355154,2.751680240011696,0.01763578681959887,2.5849625007211543,0.031088082901554404,2322.4722222222226,1.060540114878636,0.0708104061421432,1.118638018487623,0.009579578974782685,0.3583247765615265,3.3777720632507213,38.64766839378238,0.20024698649628178,4.13729227630272,108.63730569948187,0.3058874063733254,7.932642487046632,51.26943005181347,418.01554404145077,7.147128670120899,0.1633203799654577,0.037749290322538535,0.33955829146089445,0.007563790899150338,176,25727134-2a88-4a95-9247-ddae0150c2c4,193
260.6666666666667,275.0,579.0920025700236,2.221580572519272,0.3407691122008424,0.010553322527760482,0.03957133193045689,2.9345382671027425,25.079872407968907,25.079872407968907,23.0,15.0,25.500803734926837,13.813319621126052,0.0,0.5416817353959248,0.0,274.5,275.0,65.94112549695424,0.24022267940602637,0.8906760017521761,1.1227427235411722,25.079872407968907,25.500803734926837,13.81331962112605,0.5416817353959248,1990028.0,1990028.0,1.621382138195977,50.0,58.0,114.0,141.0,82.3709090909091,78.0,33.0,91.0,18.17541818181818,14.13812166008067,85.06741711457715,21.248500890242696,0.5194610759891055,2.2232093739167063,451.49879008264463,0.35243636363636366,3.3147410358565734,11.172738172814185,2.2582593488366176,2.202126751956318,0.32370517928286846,0.7436843083030809,0.30577689243027883,0.9353572444038285,0.23020567133855013,0.8500996015936255,0.8489043824701196,0.9812749003984064,0.9394422310756972,-0.3407924327382841,0.8047762825118284,0.2900896414342629,1.6867529880478087,0.247001039666037,2.539433811505752,0.7565436177960984,0.43725099601593626,3.3735059760956174,2.1858577129161114,0.6314579828097966,132.23857868020303,0.3356309103558453,0.6530186296992965,5.847715736040609,15.228426395939087,36.31979695431472,11.90725465313029,0.3281161872532431,3.7692288753016903,106.72081218274111,0.2708650055399521,0.35818181818181816,7.4338426653611265,0.5264987823964814,3.8547080802160036,0.09602460156627185,2.7142857142857144,0.3877551020408163,0.7755102040816326,8.142857142857142,3667.0,9732.0,2614.7628968253966,0.2509920634920635,1.2857142857142858,0.1836734693877551,0.29442592099965165,2.6896519273897224,0.032447064138850186,2.5216406363433164,0.025454545454545455,2123.6326530612246,5.397917789757412,0.04806185873308941,1.487372754430861,0.030406111495116465,0.2841194174938776,3.799331139421385,44.694545454545455,0.16252561983471076,4.865533884297521,96.92,0.7221685950413224,3.949090909090909,42.49818181818182,103.54181818181819,32.36290404040404,0.5643686868686869,0.049895304519114045,0.3299653519320186,0.015160798460798462,177,fbeb3afe-5513-4397-84de-9c69cd76ffaa,275
259.4166666666667,274.0,576.5527043968091,2.222496772490109,0.3411748641674505,0.010572176814776275,0.039712852426871906,2.9310482835253495,25.0,25.0,24.0,14.0,24.7536970576269,14.12483140361786,0.0,0.5706150225049246,0.0,273.5,274.0,65.69848480983495,0.24021383842718447,0.8923356494554181,1.1206545436241264,25.0,24.753697057626898,14.12483140361786,0.5706150225049246,2727930.0,2727930.0,1.5631220371168262,72.0,78.0,131.0,171.0,97.51824817518248,89.5,25.0,99.0,16.650114550588736,11.554505419373001,99.77950142744496,21.122030630434367,1.3110758270139864,4.178292239052398,446.1401779530076,0.43681069849219456,6.119999999999999,17.653107912157004,3.8373132780000025,1.9781589999999998,0.33699999999999997,0.7088752867513632,0.31900000000000006,0.9519231762952184,0.23523900000000003,0.8435,0.8423,0.9871816976127321,0.9472619047619049,-0.293694064022053,0.7516777308858824,0.30325,2.3895,0.34472699999999995,2.4181983183296123,0.7258763257251004,0.567,4.779,2.0630934830531964,0.57878975,111.77339901477832,0.27530393846004514,0.9949768254507511,9.935960591133005,17.97536945812808,89.29064039408867,4.231885604816639,0.18347222222222223,3.750938165561344,158.85714285714286,0.3912737508796622,0.3704379562043796,10.688029313984808,0.6491130720164452,7.650215351601571,0.10590451168815279,2.6666666666666665,0.2222222222222222,1.8888888888888886,13.0,2607.1666666666665,12118.416666666666,615.9252083333333,0.2409027777777778,1.6666666666666667,0.1388888888888889,0.16231672896997054,3.1364209392345224,0.02080545845838846,3.5849625007211516,0.043795620437956206,2085.805555555555,1.794980258812226,0.04812355559811646,2.3450737910047263,0.01794836391187089,0.4272321285785332,3.4378398731587785,49.1021897810219,0.1792050721935106,6.480419841227556,119.68613138686132,0.7098540145985401,6.95985401459854,42.91970802919708,202.0109489051095,10.277079278183292,0.2146461881589619,0.05974461175386618,0.6869407341200877,0.01071875465514673,178,6546291d-cdf9-4bad-a60d-563d3ffcc5de,274
285.4166666666667,301.0,632.8452331366925,2.217267970113959,0.3312629241542728,0.010114819186815987,0.036351178363181705,3.0187501440224236,26.476404589747453,26.476404589747453,26.0,15.0,26.465604604445087,14.563228251907452,0.0,0.5502700002350014,0.0,300.5,301.0,70.52691193458114,0.23469854221158448,0.8713092041748245,1.1476981939460313,26.476404589747453,26.465604604445083,14.56322825190745,0.5502700002350014,5209473.0,5209473.0,1.4053862129647654,95.0,108.0,149.0,161.0,130.68106312292358,132.0,22.0,66.0,12.081478129380471,8.682721129909059,131.5569050605212,15.155164471738692,-0.33888638647332686,2.440741608586015,229.6790101654507,0.4532069182459355,7.6176203451407805,5.706392555549803,-0.7905774171897418,1.359799241214947,0.2025431425976385,0.7407186226320345,0.20254314259763853,0.7269853135877359,0.16151941798431121,0.8987284287011806,0.8987284287011806,0.9880856974942565,0.9594913714804723,-0.39743415990834896,0.8117901672629846,0.20254314259763853,2.70708446866485,0.3363505722235833,2.1691295925513074,0.775442148663378,0.5231607629427792,5.414168937329699,1.9665864499536698,0.39058559595314646,112.2638036809816,0.3443674959539313,0.6545315969739169,9.236196319018404,25.791411042944784,205.3926380368098,3.8629430811179275,0.17145961145194272,4.327586053656833,59.90184049079755,0.18374797696563663,0.2707641196013289,12.151304151454703,0.41601158373536956,4.867895066251412,0.05526960920295408,2.7142857142857144,0.3877551020408163,1.2653061224489797,11.142857142857142,5794.142857142857,47553.28571428572,783.375,0.23015873015873017,1.0,0.14285714285714285,0.056118836060722224,0.8641344232784924,0.005604252145503988,2.807354922057602,0.023255813953488372,3945.142857142857,2.11131592039801,0.04255675117142995,1.3015944472535392,0.015138965033339625,0.21255304732959507,3.658212181897526,61.43189368770764,0.20409267005882936,4.344499508835444,136.41528239202657,0.41767750907826623,8.07641196013289,51.04651162790697,387.0265780730897,8.354097452934663,0.16805094130675524,0.03498303086461605,0.3596379609121857,0.005146816802510896,179,8125e364-d54f-429c-a35d-7fa214b17841,301
299.6666666666667,316.0,663.7700365786155,2.215027930740652,0.3262561987914157,0.009886373978850702,0.03472772355887452,3.06507586278637,28.160255680657446,28.160255680657446,28.0,15.0,28.470434570866445,14.315743928598492,0.0,0.5028284304183988,0.0,315.5,316.0,73.11269837220806,0.2317359694840192,0.8612154276367558,1.1611496588537435,28.160255680657446,28.470434570866445,14.315743928598495,0.5028284304183989,5118455.0,5118455.0,1.776217119308599,87.0,96.0,150.5,167.0,125.7373417721519,128.0,31.0,80.0,16.521450889280562,12.47037135402834,127.26995876900129,19.691706100192444,-0.2081291245327456,2.1403419082929998,387.7632891363563,0.32524835763499443,6.588591184096802,15.306640751553987,-0.44274903192187764,2.527155363355144,0.2480553154710458,0.8212349661496948,0.24805531547104576,0.8081812978574276,0.18652387593760572,0.875972342264477,0.875972342264477,0.9854085108546442,0.9503889369057907,-0.4446444193970461,0.8889799520738624,0.24805531547104576,2.4533275713050995,0.20141388818129324,2.7319325131227123,0.8232083352332791,0.32152117545375974,4.906655142610199,2.4838771976516676,0.6938026697065474,123.57868020304568,0.3136514725965627,0.7691836945038522,8.048223350253807,15.83756345177665,105.73096446700508,4.234560067681895,0.22981880992667794,4.374223437829128,70.61928934010152,0.17923677497487697,0.31170886075949367,5.545517792264681,0.3274913557038576,3.3666653068106753,0.04956149269337413,2.7142857142857144,0.3877551020408163,1.2653061224489797,11.142857142857142,4602.857142857143,32628.714285714286,920.7926587301588,0.23015873015873017,1.2857142857142858,0.1836734693877551,0.3216915871871709,5.145449910869808,0.020196536547457462,2.5216406363433164,0.022151898734177215,2564.9795918367345,3.127952461731088,0.04284332198441538,1.2619292518075833,0.02876273320295109,0.20719195770980875,4.311273065971546,54.87341772151899,0.1736500560807563,3.1929979170004805,102.77848101265823,0.7175432622977087,7.110759493670886,45.5253164556962,297.75632911392404,12.886976969057665,0.2620209212376934,0.03827087290026184,0.37104675804334863,0.0074513524240275115,180,bc7e057a-9363-4738-8409-213a66bc7650,316
425.9166666666667,445.0,928.5512464810904,2.180124233569377,0.29482298371682253,0.008492604169092095,0.02562618819958929,3.3918658151852235,33.54101966249684,33.54101966249684,33.0,19.0,33.244159479992916,17.371542204783424,0.0,0.5225441844976711,0.0,444.5,445.0,87.01219330881976,0.19575296582411644,0.8589357888433197,1.1642313814244991,33.54101966249684,33.244159479992916,17.371542204783424,0.5225441844976711,8189774.0,8189774.0,0.8557703725181145,118.0,126.0,151.0,166.0,135.2988764044944,132.0,13.0,48.0,7.950955687413209,5.493726902525716,135.66129336274932,9.90961959589196,1.017361228214176,3.329562530068625,98.20056053528594,0.686989016538316,4.104658197217181,1.2541238144762383,0.01259425945258863,0.43524230816104026,0.16212946158499697,0.45719074855537994,0.16212946158499697,0.6393796514944875,0.13584349927115597,0.9189352692075015,0.9189352692075015,0.9837870538415003,0.9594676346037507,-0.18742619646570927,0.49716782101781526,0.16212946158499697,2.0090744101633393,0.6010948580538273,1.372893679076618,0.45910122256900177,0.7695099818511797,4.018148820326679,1.2107642174916216,0.1493429424365093,151.6481012658228,0.38391924371094377,0.48566575869251727,5.415189873417722,44.63291139240506,181.39240506329114,11.551336146272854,0.31533052039381154,4.08857359647978,73.25316455696202,0.18545104951129626,0.22191011235955055,24.325909309405546,0.43049792350273786,2.9611660962613033,0.1311204568094241,4.2,0.42,0.8900000000000001,4.5,13399.5,54138.7,3352.2555555555555,0.5694444444444444,1.6,0.16,0.0906952055611105,0.31380863190672137,0.06590451038114023,3.12192809488736,0.02247191011235955,11419.250000000002,5.166504870904013,0.03080533959219598,0.5126229152399923,0.010503570196388463,0.06513069492382018,2.754130852637931,115.12134831460673,0.2586996591339477,4.466355258174473,305.7101123595506,0.17935109203383415,4.38876404494382,56.662921348314605,228.1685393258427,15.239700374531836,0.2826466916354557,0.032137444761508434,0.17647868063163677,0.010101934656509295,181,d967926f-b8c5-4909-8438-072e6325e697,445
233.16666666666666,248.0,524.6490807139865,2.2501032768291056,0.34918816650981244,0.01094682444713301,0.042577342684594635,2.863785477025606,25.553864678361276,25.553864678361276,22.0,13.0,25.5647082047864,12.715624624714064,0.0,0.49738978136794687,0.0,247.5,248.0,66.28427124746187,0.26781523736348234,0.8413603620364823,1.1885513569709134,25.553864678361276,25.5647082047864,12.715624624714067,0.497389781367947,1894009.0,1894009.0,2.225169489188492,38.0,50.0,126.30000000000001,175.0,81.93145161290323,75.0,39.25,137.0,24.42371227887617,17.331986565995805,87.39069209312929,30.403458703223656,0.9449844766092774,3.338809944172139,924.3703011186262,0.25959287200832465,8.560893854748603,85.73742065741607,9.51106842960809,5.156211104522332,0.3508379888268156,0.8725858502875805,0.33296089385474864,0.9677190259678818,0.23997503199026254,0.8364990689013035,0.8353072625698325,0.99302371666491,0.9586281812538797,-0.46597945288828263,0.9308814310484228,0.31731843575419,2.712849162011173,0.16127586529758747,3.3150053402665036,0.8903800242842645,0.3240223463687151,5.425698324022345,2.9453910961176897,1.3767622733372866,74.81395348837209,0.19331770927227931,2.1509524667988704,13.005167958656331,11.307493540051679,81.50387596899225,2.7701004001945306,0.1998865041279216,4.622283254019468,105.68733850129199,0.273093897936155,0.3901209677419355,4.736948233613098,0.5299359058502301,9.208583900008103,0.07350378674080597,3.0,0.21428571428571427,3.8826530612244894,21.642857142857142,1032.7142857142858,6487.214285714285,238.34185455134437,0.20322359896339487,3.2857142857142856,0.23469387755102042,0.4453985807104262,12.511485452379093,0.08742410639190257,3.324862957617353,0.056451612903225805,718.9183673469386,0.9731602277641634,0.06428855785877625,5.886913303995828,0.021251406421956893,1.3729434585817946,4.657375502238677,34.0,0.13709677419354838,4.799882934443288,64.37903225806451,1.5568255723204996,9.455645161290322,39.36290322580645,261.5040322580645,10.486289728256894,0.23719250603467196,0.06932446787705523,1.3233199553342845,0.012439441062499605,182,ec50086f-13ea-46af-889f-3ba16447203e,248
710.9166666666666,737.0,1528.5989476602767,2.1501802100484495,0.25200144563023935,0.006711250126582157,0.016003283411488108,3.968231203987995,47.70744176750625,47.70744176750625,36.0,22.0,48.399545627537904,20.37364383455205,0.0,0.4209470062247868,0.0,736.5,737.0,120.8111831820433,0.16403419305097527,0.7963136677536508,1.255786558104591,47.70744176750625,48.3995456275379,20.373643834552045,0.42094700622478676,14724194.0,14724194.0,0.685079733989675,124.0,130.0,154.0,179.0,141.00678426051562,140.0,12.0,55.0,7.511437508399782,5.148477777777777,141.3455114096591,9.779590388481628,0.9343782772871962,3.9440711822584764,95.64038816648224,0.7187726103662028,4.701659451659451,1.1894202272466816,0.623237348283106,0.45616128300110986,0.06637806637806637,0.7459404102028686,0.06637806637806637,0.35225956440593614,0.06197201868197538,0.9668109668109668,0.9668109668109668,0.9960954078601136,0.9867243867243867,-0.48400616746976904,0.6744687977718681,0.06637806637806637,2.1457431457431455,0.6886056764303519,0.950304572517265,0.7559875233457517,0.8210678210678211,4.291486291486291,0.8839265061391995,0.13063483734479406,169.36111111111111,0.47044753086419755,0.31104166666666666,6.602777777777778,132.55555555555554,563.55,32.22457561728395,0.1879436728395062,4.73596241540926,31.93888888888889,0.08871913580246914,0.12211668928086838,65.49765432098766,0.27178126574783423,2.333613157610694,0.043259883253087536,5.2,0.52,0.56,8.4,38374.7,157489.8,9482.93888888889,0.20902777777777776,2.2,0.22,0.4390917117487203,3.3268240751337763,0.13646161604443302,2.8464393446710132,0.013568521031207599,32943.009999999995,2.2136869313482217,0.04130629524006131,0.4938584179170103,0.0018115277428622167,0.22303495327460013,2.253744763550657,338.10719131614655,0.45876145361756654,2.7877990091481655,529.7354138398914,0.1480828250507669,4.849389416553596,67.15739484396201,303.41655359565806,15.825531433740391,0.22770616613900196,0.025708905226495844,0.16035361654586958,0.0058330094067824065,183,6c0f81c4-0f55-451e-8ccc-6280c135096d,737
333.9166666666667,350.0,731.6736602614392,2.191186404576309,0.31812082573066247,0.009518905788804018,0.03219410107263623,3.1434597144125727,24.041630560342615,24.041630560342615,23.0,19.0,23.77474118925909,18.855269597325535,0.0,0.7930799097760078,0.0,349.5,350.0,72.5269119345812,0.20751620009894475,0.9137540937542433,1.0943863418344943,24.041630560342615,23.77474118925909,18.855269597325535,0.7930799097760077,6248772.0,6248772.0,1.474849929322592,101.0,113.0,154.0,172.0,132.66285714285715,132.0,26.75,71.0,13.500930612244899,10.488434642280795,133.617492439105,15.94367023016229,0.17190863813229437,2.2148366530973522,254.20062040816325,0.3796571428571429,3.3083462132921175,5.348922744076532,0.6570187302044329,1.5808379657389113,0.21638330757341576,0.759202374480449,0.21638330757341573,0.7535083248163261,0.16956157177700432,0.8918083462132922,0.8918083462132922,0.9783616692426584,0.9459041731066461,-0.4062643584556457,0.8263338326346139,0.21638330757341573,1.7225656877897992,0.2680006879928525,2.2523539654709355,0.7724978335521755,0.3655332302936631,3.445131375579598,2.0359706578975203,0.44930531832808185,140.92746113989637,0.36509704958522377,0.5263295658943865,5.116580310880829,22.901554404145077,64.860103626943,14.323258491652274,0.35369890616004607,4.091967914114261,63.170984455958546,0.16365540014497035,0.2757142857142857,9.746838841311176,0.36447812090198295,2.5724525468608377,0.07370530043558485,3.0,0.5,0.5833333333333334,6.833333333333333,7523.666666666667,23309.666666666668,3947.1666666666665,0.2824074074074074,1.0,0.16666666666666666,0.209597092145381,1.886263180555277,0.02329821399236689,2.5849625007211543,0.017142857142857144,4120.888888888889,11.779344624447717,0.038289984902805954,0.5573730973569045,0.03508877878661668,0.0970069071373753,3.7159985351340366,70.60571428571428,0.20173061224489797,3.7576816326530613,132.88,0.49482448979591837,3.7142857142857144,49.92,147.06285714285715,29.6215873015873,0.5055555555555556,0.03367857007882518,0.18632138942878737,0.011844998740236836,184,7183d2b9-ade4-4222-8c54-84c89a5e6fbc,350
304.6666666666667,324.0,684.1049248367008,2.2454209786762607,0.32006980230167004,0.009606516417912008,0.03278944794488004,3.124318485557993,35.510561809129406,35.510561809129406,34.0,12.0,36.30781339842829,11.469087724132395,0.0,0.3158848371912387,0.0,323.5,324.0,84.2842712474619,0.26053870555629643,0.7564766693730816,1.3219178336705806,35.510561809129406,36.30781339842829,11.4690877241324,0.3158848371912389,7192419.0,7192419.0,0.9841095278800527,133.0,139.0,161.0,166.0,148.76234567901236,147.5,13.0,33.0,7.0533836305441255,5.636836452032337,148.99269805622714,8.281822393175972,0.28002642140916495,2.0188019662421777,68.58858215211099,0.5109739368998628,2.1587030716723548,0.9186003200752609,0.29227263023770234,0.8430696630129646,0.1220136518771331,0.7471437957850755,0.1220136518771331,0.5351214800253161,0.10712632063273889,0.9389931740614335,0.9389931740614335,0.9755972696245734,0.9593287827076223,-0.4546334352181895,0.7666766764349132,0.1220136518771331,1.406569965870307,0.4103320219222123,1.5062135819589297,0.7471437957850757,0.5324232081911263,2.813139931740614,1.3841999300817969,0.24127082872252442,134.86516853932585,0.505112990783992,0.24744350460800404,2.651685393258427,42.87640449438202,91.46067415730337,30.730337078651687,0.5870786516853933,3.805531763725983,37.95880149812734,0.1421677958731361,0.20601851851851852,19.31574296174725,0.20829305364425443,0.7491843661137162,0.07307022552688902,4.333333333333333,0.7222222222222222,0.13888888888888887,3.5,8505.333333333334,16723.333333333332,6450.833333333333,0.375,2.0,0.3333333333333333,0.5034163505828811,2.0136509497936594,0.1258577007801867,1.7924812503605767,0.018518518518518517,5589.333333333333,36.06682539682539,0.04990735891488904,0.1236859581509787,0.030592878271395268,0.04933630917420416,3.1906026266312026,89.37654320987654,0.2758535284255449,3.3329903978052124,165.55555555555554,0.2445130315500686,2.2777777777777777,57.382716049382715,123.0679012345679,40.96141975308642,0.6805555555555556,0.03279507813642146,0.09733670076969975,0.016659672478101895,185,514bfe04-b272-4c72-9220-f135433dd2a8,324
351.4166666666667,369.0,772.1589416356767,2.1972746738506332,0.3118834450975049,0.009240327440817889,0.03033730295273357,3.2063260032521685,30.59411708155671,30.59411708155671,30.0,16.0,30.33111810364372,15.65055856763273,0.0,0.5159901627811276,0.0,368.5,369.0,78.52691193458114,0.21309881122003022,0.8665730108106352,1.1539708570712934,30.59411708155671,30.33111810364372,15.65055856763273,0.5159901627811276,4703409.0,4703409.0,1.6963271072410195,75.0,87.0,140.0,171.0,111.1680216802168,108.0,28.0,96.0,15.966333972282811,11.605017323801587,112.89980448901821,19.698649937632364,0.4895404092119844,2.665269469666356,388.03680936538353,0.3435859019836811,4.111682586333578,12.286269928671354,1.4652714981847768,2.0825720811889514,0.2674504041146216,0.7723848126669538,0.26598089639970607,0.841861050739284,0.19670456686503035,0.8672544697526328,0.8671565025716383,0.9842935557764618,0.946852804310556,-0.3971650042987545,0.8489826899468855,0.264695077149155,1.9125642909625276,0.23170255047586247,2.574216016973975,0.7835240896726245,0.3798677443056576,3.8251285819250556,2.3012857378639007,0.5875056213258933,145.8613445378151,0.3064313960878469,0.7746054304074571,6.682773109243698,18.962184873949578,67.44117647058823,9.579219187675072,0.2950513538748833,4.106464518101015,119.3529411764706,0.25074147305981215,0.3224932249322493,9.346974083751146,0.4882106462975243,4.22083581631423,0.09036440420593965,4.714285714285714,0.336734693877551,1.0,10.0,3121.3571428571427,11710.92857142857,1280.6433531746031,0.2306547619047619,3.2857142857142856,0.23469387755102042,0.19162163263241522,2.1470206575137882,0.02001741901568758,3.128085278891391,0.037940379403794036,2426.6581632653056,5.090518303414289,0.038272284660056895,1.2915497476450106,0.026770310942596107,0.19575680980935226,3.9867115612771062,65.51490514905149,0.1775471684256138,4.763933872401054,126.78319783197831,0.6693693495200534,4.6802168021680215,45.981029810298104,156.00271002710028,23.987597862089732,0.42933227943390545,0.0448347794151285,0.3450792694875802,0.01211383116681381,186,75f23790-8dc2-4274-8680-5fe46102121b,369
442.1666666666667,462.0,962.2047009422291,2.176113157049896,0.2917028349327181,0.008358144048306855,0.024821152883867704,3.4281463196291946,32.28002478313795,32.28002478313795,32.0,19.0,32.74048410736233,18.4546216333257,0.0,0.5636636762245011,0.0,461.5,462.0,87.94112549695427,0.1905549848254697,0.8659618611092893,1.1547852681629756,32.28002478313795,32.74048410736233,18.454621633325704,0.5636636762245011,6385277.0,6385277.0,1.6643471944300545,78.0,91.0,139.0,177.0,116.00649350649351,116.0,27.0,99.0,15.734019227525721,11.652387559255406,117.56251905877947,19.064085390434215,0.14449970185368452,2.6222630983512762,363.43935177376727,0.34439009763685086,4.96218731820826,10.46233108858156,0.07557375102785024,2.0969941735271633,0.2181500872600349,0.8115451456265973,0.21815008726003488,0.7567752019426504,0.17056062668847405,0.8909249563699824,0.8909249563699824,0.99160961202846,0.9636416521233273,-0.4594797972631243,0.8802382104574795,0.21815008726003488,2.1195462478184988,0.23058933772729995,2.4992261068151578,0.8314727959778305,0.36881908086096565,4.239092495636998,2.2810760195551243,0.5787860651967995,178.73015873015873,0.354623330813807,0.6624464600655077,6.992063492063492,23.595238095238095,107.28174603174604,9.388407186948854,0.2564076278659612,4.374601958702737,88.29761904761905,0.17519368858654574,0.2727272727272727,10.15079365079365,0.32811087592571747,3.064379382280534,0.05433721415233741,1.8571428571428572,0.2653061224489796,1.6326530612244898,12.428571428571429,10495.714285714286,55804.28571428572,3065.496785714286,0.22694444444444445,1.8571428571428572,0.2653061224489796,0.43036102036644197,8.17115933063371,0.02369971127379073,2.5216406363433164,0.015151515151515152,6139.714285714285,2.882579318721258,0.031205826824547388,2.2668542528059143,0.012827309215572315,0.3409556002295587,3.9191703546138887,94.06926406926407,0.20361312569104778,3.3522235340417157,159.1082251082251,0.6173984745413317,5.415584415584416,49.83982683982684,227.4935064935065,20.131053992303993,0.3491576479076479,0.0344360034177211,0.3107133575933179,0.008298150534820666,187,02b4ace2-7ea9-427d-b3fe-c02833c6ec87,462
301.9166666666667,319.0,671.3305145109314,2.2235622892992484,0.3241946138163887,0.009792815440765903,0.034073550161389084,3.084566977310614,31.04834939252005,31.04834939252005,29.0,14.0,31.249104908335603,13.100389690769122,0.0,0.4192244779233543,0.0,318.5,319.0,76.52691193458116,0.24027287891548246,0.8266952867907535,1.209635540420242,31.04834939252005,31.2491049083356,13.100389690769116,0.4192244779233542,5464346.0,5464346.0,1.5697602173325302,98.0,109.0,157.0,173.0,129.64890282131663,126.0,25.5,75.0,14.828549247747175,11.126906277485428,130.8801409124641,17.91014468102529,0.5098810364496589,2.369126854393995,320.7732824952585,0.3632924204754277,7.4243986254295535,8.062438236066019,1.1908068388130206,1.9068002267332695,0.23367697594501718,0.7816589911327928,0.23367697594501718,0.7843662333301009,0.17907204685820902,0.8831615120274915,0.8831615120274915,0.9862542955326461,0.9532646048109966,-0.4091875908850223,0.8444299020709886,0.23367697594501718,2.6469072164948457,0.25043029132863337,2.426895684581247,0.7902873735131092,0.39261168384879724,5.293814432989691,2.1932187086362305,0.5351193006695716,129.13541666666666,0.3362901475694444,0.6453993055555556,9.520833333333334,18.979166666666668,126.21354166666667,3.649522569444444,0.1571361400462963,4.20394169886613,69.94791666666667,0.1821560329861111,0.30094043887147337,7.937391493055555,0.3661340558404877,4.087569572311098,0.05349279849142039,3.0,0.3333333333333333,0.8888888888888888,9.88888888888889,3699.4444444444443,24807.777777777777,691.886574074074,0.20910493827160492,1.2222222222222223,0.13580246913580246,0.16036527267918976,2.360212588280705,0.017238472768475916,3.1699250014423095,0.02821316614420063,2443.135802469136,3.6202063005587526,0.038579914745817595,1.4774165071348209,0.0229809408019067,0.19514486310532933,3.981106292228405,54.30407523510972,0.17023221076836903,3.7649590707638483,115.89028213166144,0.5737954619156651,7.943573667711599,47.225705329153605,325.9561128526646,8.78733455242076,0.1739594218042494,0.03790821559089211,0.3735553665910809,0.005799745174944728,188,163823fc-fc49-42ab-a353-3956ae8598e7,319
666.1666666666666,691.0,1433.5743681128258,2.1519755338196034,0.2573075299371852,0.006924327819096997,0.0170356020806126,3.8864000608304137,43.41658669218482,43.41658669218482,42.0,23.0,44.31116857340218,20.723853791944755,0.0,0.4676891731621871,0.0,690.5,691.0,114.56854249492397,0.16592113322943372,0.8130577340283421,1.2299249587670011,43.41658669218482,44.31116857340218,20.723853791944755,0.4676891731621871,10873069.0,10873069.0,1.1623081781266311,106.0,112.0,142.0,161.0,124.88422575976846,122.0,17.0,55.0,9.663571953648418,6.983376087721944,125.44028970292014,11.798153971521073,0.8143587451459195,2.971679180209342,139.19643713571847,0.4874099702396535,2.1871390065460146,2.93489936857677,0.9392394966844041,1.0479257708125354,0.12514439738159414,0.7866378316068737,0.12514439738159414,0.5439696804314764,0.1094832771855918,0.9374278013092029,0.9374278013092029,0.9874855602618405,0.9687139006546014,-0.4867069973303617,0.8088411692080363,0.12514439738159414,1.3987293030419714,0.41908883343225467,1.650955329577155,0.7918776782635716,0.5775895263765883,2.797458606083943,1.5258109321955617,0.29326754204853234,216.3089430894309,0.4396523233525018,0.39468900786568845,3.9065040650406506,63.6260162601626,102.16666666666667,54.54189250225835,0.43145889792231257,4.4720136178084715,58.609756097560975,0.11912552052349792,0.17800289435600578,32.065371141516295,0.30211109574872974,1.6978611296956037,0.0720666164700811,3.0,0.5,0.5833333333333334,6.833333333333333,38720.833333333336,71922.16666666667,30480.685185185182,0.2824074074074074,1.0,0.16666666666666666,0.21159208601565752,1.9043080487435222,0.023511474963321025,2.5849625007211543,0.008683068017366137,25457.472222222223,14.686369600044195,0.027291432524208778,0.41352816185874197,0.014165511754264807,0.08620848854624087,3.025305503345847,219.34732272069465,0.3174346204351587,3.2746182570615376,336.8002894356006,0.325508240118455,2.4240231548480464,60.67004341534009,119.5123010130246,46.68146004180737,0.6874095513748191,0.02491927511477336,0.09648549390008455,0.012647357993151698,189,672682f1-7160-464c-b9f0-5c6d41765438,691
1168.9166666666667,1199.0,2459.862039148637,2.1043947009184887,0.218153611960232,0.00540558236249094,0.010382148200217782,4.583925936474037,48.83646178829912,48.83646178829912,48.0,34.0,48.41160775586113,32.391078488769466,0.0,0.6690766944183532,0.0,1198.5,1199.0,137.63961030678954,0.1148432292922733,0.891621468396495,1.1215521781888165,48.83646178829912,48.41160775586112,32.39107848876947,0.6690766944183533,15832379.0,15832379.0,1.4689016452470733,81.0,97.0,129.0,188.0,113.86238532110092,112.0,19.0,107.0,11.577415430289767,7.648123143397245,114.9115009222467,15.492264301665049,1.2079860769529784,5.858767910655045,240.01025319264525,0.4562441178045925,4.489445048966268,8.919484526068914,0.861131272945105,1.4758673440994787,0.25767138193688793,0.7027220931763798,0.2250272034820457,0.8217832590850547,0.2070341396299379,0.8927094668117519,0.8907508161044614,0.99037866873485,0.9632571635836054,-0.36537874939271037,0.800658674047756,0.1985189215330673,2.0457018498367794,0.3397917971585238,2.291878075014389,0.7252891142218996,0.5516866158868335,4.091403699673558,1.9997049671183604,0.4333846815090917,350.93127147766324,0.30148734663029486,0.9086571958290525,6.563573883161512,37.487972508591064,157.7852233676976,11.954940339824361,0.314506252386407,4.819255109064367,227.17869415807561,0.19517069944851856,0.2427022518765638,20.511307140917086,0.44547712997386363,4.005139966948146,0.10546080276475672,9.333333333333334,0.2222222222222222,1.6763038548752833,11.404761904761905,14130.452380952382,57952.45238095238,3772.751706349206,0.25236772486772485,9.380952380952381,0.2233560090702948,0.4793689779350875,6.937047932541679,0.0938904266905933,4.317049340428034,0.03502919099249374,13315.485827664399,7.237773982056593,0.012004251332856158,2.197171856037849,0.010112183383151778,0.13487862760440497,3.838606873595334,265.3603002502085,0.2213180152211914,4.80893516351199,547.0366972477065,0.49191395943658917,4.8498748957464555,54.62969140950792,230.17597998331942,18.91544064498193,0.3394629784079325,0.04733751878875295,0.43955107527983234,0.012196518003843798,190,37f96975-99e9-4174-9b13-3d66f0f2e425,1199
402.6666666666667,422.0,883.2832972886607,2.193584347571177,0.29854827035951237,0.008654076223798579,0.026609926704574793,3.3495420984881217,35.4400902933387,35.4400902933387,32.0,17.0,34.9377162602615,15.939272697773854,0.0,0.45621965039264273,0.0,421.5,422.0,88.42640687119292,0.2097898146410271,0.823041517457239,1.2150055359169107,35.4400902933387,34.9377162602615,15.939272697773857,0.45621965039264284,5478360.0,5478360.0,1.60881274248545,83.0,90.1,138.0,155.0,112.54502369668246,110.0,29.0,72.0,15.189955301992319,11.828316843744835,113.93812239367979,17.762696183584826,0.3709883086811324,2.077471284212829,315.51337571033895,0.34552233777318575,4.217447081462476,8.195259633038788,0.39880537756931533,2.0127061268942237,0.20269403463758817,0.8170136139220661,0.20269403463758817,0.7272835522281218,0.1616091629599244,0.898652982681206,0.898652982681206,0.9880768214919066,0.9594611930724823,-0.4684587233785307,0.8775289494021947,0.20269403463758817,1.9403463758819757,0.23843551955353692,2.4028257793967516,0.8250408967858156,0.3630532392559333,3.880692751763951,2.200131744759165,0.5538500403829529,157.90786516853933,0.35484913521020073,0.5939856078777932,5.961797752808989,25.370786516853933,96.97977528089888,12.566385767790264,0.30496254681647944,4.409964966904864,71.6561797752809,0.16102512309051886,0.2636255924170616,10.981977023103145,0.32901679144594315,2.5213094522223805,0.06739999818424762,2.142857142857143,0.30612244897959184,0.9795918367346939,9.142857142857142,8725.142857142857,37911.71428571428,3423.9464285714284,0.24404761904761904,1.8571428571428572,0.2653061224489796,0.4444702220025105,5.111240384430497,0.04167922415547517,2.5216406363433164,0.016587677725118485,5090.775510204082,4.378261831048208,0.03730080561658712,1.1528723222920245,0.018465169034084218,0.20894547458529214,3.868373687229675,90.4739336492891,0.21439320769973721,3.357786213247681,145.81042654028437,0.5875878798769121,4.625592417061611,50.843601895734594,199.23696682464455,24.70250789889415,0.42041864139020535,0.03476016101982306,0.24077392333535133,0.010328588868065315,191,889fc63b-a470-4eff-82f2-5121bfe10808,422
423.9166666666667,444.0,927.5724262401893,2.188100867875422,0.29420945277326227,0.008466108115390725,0.025466535482667346,3.3989390571031985,35.17101079013795,35.17101079013795,16.0,34.0,36.33453089884215,15.703105262223328,0.0,0.43218131275567756,0.0,443.5,444.0,90.18376618407365,0.2033455832786328,0.8277961001956204,1.2080269522454687,35.17101079013795,36.33453089884215,15.703105262223328,0.43218131275567756,2243277.0,2243277.0,1.1243501339025341,49.0,56.0,87.0,125.0,69.78153153153153,67.0,17.25,76.0,10.487947406866326,7.061718848630225,71.0804169632936,13.526401324430172,1.0829719090762153,4.279829034690614,182.9635327895463,0.5526641506371236,5.3345498783454985,4.098026945659686,1.2956618229816197,0.9299772526802469,0.16605839416058393,0.6969835887377854,0.16362530413625304,0.6503792235975916,0.13928515400690264,0.9185928629359287,0.9184306569343066,0.993632500145211,0.9727870466921562,-0.36084378535358186,0.7207659807205186,0.16149635036496351,2.2679440389294405,0.4878917141740813,1.6647035298072013,0.7167853759437208,0.677007299270073,4.535888077858881,1.4934193258245385,0.27400891171020775,149.66165413533835,0.37509186500084796,0.567898442848977,8.293233082706767,44.16040100250627,200.62155388471177,10.467227791701475,0.17463868003341684,4.157836218167436,77.96741854636592,0.19540706402597974,0.22466216216216217,24.347862136544364,0.4464790260850344,4.795018284007916,0.06613456648453879,3.1818181818181817,0.2892561983471074,1.1074380165289257,11.818181818181818,9814.727272727272,44751.90909090909,2304.422196969697,0.1804040404040404,3.0,0.2727272727272727,0.506228481770237,7.400726162223669,0.04486426817535592,3.095795255000931,0.024774774774774775,8185.504132231405,1.8217370441458733,0.038983274068220726,1.6119637590652438,0.0049814383354775515,0.4125371199898452,3.026771715194676,124.32882882882883,0.2800198847496145,4.774226929632335,245.38288288288288,0.3280324243162081,5.740990990990991,56.653153153153156,271.0743243243243,13.024567692692694,0.2140696946946947,0.04142165478971035,0.4067275963605329,0.00669036152791113,192,dba49aea-70bb-4697-a046-0014389af1a9,444
691.9166666666666,714.0,1474.7001816815255,2.1313262893145017,0.25653674813815097,0.006893237705372152,0.01688296639227898,3.898077009464066,37.16180835212409,37.16180835212409,33.0,27.0,37.051182472647994,24.575844387865498,0.0,0.6632944685640716,0.0,713.5,714.0,103.15432893255084,0.14457509310798997,0.9179403542582362,1.08939540065005,37.16180835212409,37.051182472647994,24.575844387865498,0.6632944685640716,14268205.0,14268205.0,0.7618482894088465,112.0,129.0,150.0,168.0,141.09943977591035,142.0,9.0,56.0,6.434785678977474,4.28037388475099,141.36293853820692,8.62719462404245,-0.48382440340541033,3.9107209922957025,74.42848708110697,0.7287503236588753,4.221729490022174,1.5569208042279084,0.03202105214056644,0.46403642175909765,0.09866962305986697,0.6493031344932095,0.09866962305986696,0.4647641564449513,0.08893392854509072,0.9506651884700665,0.9506651884700665,0.9901330376940133,0.9753325942350333,-0.38929164731179833,0.6567933025860786,0.09866962305986696,2.0323355506282335,0.6616532394410822,1.167899100636568,0.7445017945414821,0.8089430894308943,4.064671101256467,1.0692294775767017,0.14067651120474117,183.5515587529976,0.4401716037242149,0.37556142136650394,5.5875299760191846,93.41486810551558,379.17026378896884,24.34212629896083,0.2634559019451106,4.664132978821931,41.930455635491604,0.10055265140405661,0.14600840336134455,46.507151113641456,0.2788460890317524,2.2196928345986318,0.04688731204704471,4.75,0.59375,0.484375,7.375,46215.25,186558.25,11620.75,0.23958333333333331,1.5,0.1875,0.2913775593837088,2.621665861071056,0.032456494207969935,2.499999999999998,0.011204481792717087,38249.6875,4.938638627953316,0.030865553998508603,0.310842841440836,0.00510833234527507,0.06818995051573985,2.5306643334646552,266.7142857142857,0.3735494197679072,2.9437422027634583,520.3277310924369,0.15151943130193254,4.355742296918767,64.28291316526611,262.29411764705884,17.741518829754124,0.27466542172424524,0.024425117489676646,0.14022727587507663,0.00577148594716154,193,d956e42e-3adf-4067-9fde-0ee9505f42b3,714
683.6666666666666,710.0,1481.0520688813688,2.1663365220107784,0.2534020172144636,0.006767277390801575,0.016271597892556073,3.946298498301467,54.20332093147061,54.20332093147061,21.0,26.0,57.788643123750916,16.779087711669277,0.0,0.2903526853146191,0.0,709.5,710.0,129.68124086713226,0.18277835217354793,0.7281217001054047,1.3733967822346698,54.20332093147061,57.788643123750916,16.779087711669284,0.2903526853146192,11404863.0,11404863.0,1.3964928067747684,87.0,110.0,148.0,166.0,125.8830985915493,123.0,21.0,79.0,12.109692521325135,9.122806183115339,126.740630122876,14.71845144483419,0.5071022715188128,2.625345229242839,216.63281293394166,0.4266058321761555,6.449302676215606,5.169395520797136,1.0103499251082013,1.3855722223587745,0.1978891820580475,0.7500549347068814,0.1978891820580475,0.7176863181868138,0.15872905368244444,0.9010554089709764,0.9010554089709764,0.9883594598789385,0.9604221635883906,-0.4047170439887596,0.810980049565357,0.1978891820580475,2.48039954768187,0.32440065645517335,2.112832248798579,0.7577352688950004,0.4866189219751225,4.960799095363741,1.9149430667405323,0.3958653511042055,254.41011235955057,0.3573175735386946,0.575968943315238,8.882022471910112,30.629213483146067,174.36797752808988,6.416783707865169,0.16123400436953808,4.421526492778451,119.81460674157303,0.1682789420527711,0.2507042253521127,14.71897487690948,0.39170093736867234,4.371387199296565,0.04875937232328991,4.5,0.375,0.8541666666666666,11.416666666666666,15344.0,80855.0,3315.737847222222,0.17245370370370372,1.6666666666666667,0.1388888888888889,0.23974624676405643,3.0911964410615416,0.02101337154604846,3.4182958340544856,0.016901408450704224,11843.305555555553,6.360422200905156,0.01921966423014562,1.2697107002025703,0.014934576477356945,0.09369533112656202,3.6931352064399774,144.89295774647888,0.20407458837532236,4.033771077167229,302.89014084507045,0.4404999008133307,6.853521126760564,52.95492957746479,312.6591549295775,10.88191510172144,0.19130477308294208,0.03388357481751177,0.3138138149886976,0.005181792382011056,194,64092bc6-ea97-47ba-899f-3e1ad642e2d9,710
559.4166666666666,579.0,1199.2866970770106,2.143816529856119,0.2737692769082822,0.007599341131445849,0.02051890244486172,3.652710820195572,29.546573405388315,29.546573405388315,27.0,28.0,28.077189775543072,26.337240582115534,0.0,0.9380297954554149,0.0,578.5,579.0,91.49747468305841,0.1581633097373525,0.9318532106468257,1.0731303906823175,29.546573405388315,28.077189775543076,26.337240582115538,0.9380297954554149,10389846.0,10389846.0,1.3213086147761781,112.0,120.0,150.0,161.0,133.46804835924007,131.0,19.0,49.0,9.82879182438902,7.822936139151488,133.95695697216894,11.434438701531336,0.3884291538685094,2.056298661649278,130.74638841907762,0.45373030148460364,3.4512139257901975,3.5051387139962253,-0.035088517103127104,1.1725336056803406,0.18689876316994963,0.7250341135719531,0.18689876316994963,0.69493864426458,0.1519676154954927,0.9065506184150253,0.9065506184150253,0.9813101236830051,0.9532753092075127,-0.39513097109582207,0.7935517573494657,0.18689876316994963,1.7901969766376546,0.3432006662904898,2.017621744482613,0.749391197028047,0.5226752175904719,3.5803939532753093,1.830722981312664,0.3398580922125725,196.67837338262476,0.3635459766776798,0.5268056348037625,4.920517560073937,32.02218114602588,104.75785582255084,15.312897925652084,0.3710720887245841,4.403145523202085,78.3641404805915,0.14485053693270147,0.23359240069084627,13.695552495720598,0.3512874011731674,2.4049813250270065,0.09697541926267325,5.923076923076923,0.4556213017751479,0.5562130177514794,6.615384615384615,10782.846153846154,37890.07692307692,4106.636752136752,0.2799145299145299,1.9230769230769231,0.14792899408284024,0.3169466109882685,2.438512059062611,0.04876985931524547,3.3346791410515912,0.022452504317789293,8799.171597633136,11.80493077849117,0.022962219839884827,0.5342163749179728,0.02441496780983866,0.056260301918780446,3.6387140612775406,124.47150259067358,0.21497668841221687,3.9344113637651716,262.7098445595855,0.3731643802518188,3.756476683937824,54.78929188255613,180.2607944732297,25.92573402417962,0.44329303396660913,0.03518445712257909,0.19470804063965508,0.011574781398998544,195,b9931b1d-66cb-4ccc-94d7-38ebf62e406e,579
804.6666666666666,830.0,1711.1314462567884,2.126509668090458,0.24449956601069153,0.006413808897841682,0.014616193293170092,4.089986809859089,41.0,41.0,40.0,26.0,41.88617111599971,25.385685644125857,0.0,0.6060636474463768,0.0,829.5,830.0,114.91168824543158,0.13853126973530028,0.888482589686689,1.1255144575794513,41.0,41.88617111599971,25.385685644125857,0.6060636474463768,16242829.0,16242829.0,1.1194455437805668,107.0,126.0,156.0,174.0,139.34096385542168,137.0,16.0,67.0,9.77333720423864,6.654800623746937,139.8916491216538,12.400374422491067,0.37938728419544704,3.0567789109314885,153.76928581797068,0.5543620264189287,4.595494923857869,3.2462176802154223,0.13262224910413045,0.9390186554665155,0.11611675126903553,0.7799017064012936,0.11611675126903552,0.5180946029274891,0.10263365134376046,0.9419416243654822,0.9419416243654822,0.9883883248730965,0.9709708121827412,-0.4965987603908739,0.8139959476272355,0.11611675126903552,2.0951776649746194,0.4776066762864284,1.6445644595337998,0.7801337792839989,0.6690989847715736,4.190355329949239,1.5284477082647647,0.26378385168388774,212.65543071161048,0.3982311436547013,0.4562309753257866,5.616104868913857,80.29962546816479,350.9438202247191,20.998959633791095,0.29125052018310443,4.94519083793036,55.59176029962547,0.10410442003675181,0.1608433734939759,41.64569568937704,0.2601370267287084,1.8308712757624424,0.059724192834761484,2.3333333333333335,0.3888888888888889,0.8055555555555555,5.5,62960.0,272906.0,15459.055555555555,0.4305555555555556,1.0,0.16666666666666666,0.17373051761371583,1.5604481943157102,0.019650576262263703,2.5849625007211543,0.007228915662650603,43823.88888888888,7.661856499356501,0.024398386598944697,0.3486401896032524,0.010739823445743653,0.05889756207930313,3.0449307250356603,295.93975903614455,0.3565539265495718,2.9876556829728558,460.12048192771084,0.2746407316011032,4.771084337349397,62.48192771084337,283.97831325301206,17.627242302543507,0.28480589022757696,0.02302528974552784,0.12842546527758805,0.006172993719650584,196,1300a98b-2709-4a0d-bd80-74052134a96b,830
488.9166666666667,510.0,1060.5936059992903,2.1692727581372906,0.2829816979002539,0.007986130432589961,0.022660789893781053,3.5337974413895927,35.12833614050059,35.12833614050059,35.0,19.0,35.64173006299525,18.52108569219677,0.0,0.5196460906768986,0.0,509.5,510.0,93.35533905932742,0.18322932101928835,0.857112572504059,1.1667078888814972,35.12833614050059,35.64173006299525,18.52108569219677,0.5196460906768985,8843249.0,8843249.0,1.3496678808761937,107.0,112.0,149.10000000000002,169.0,130.9156862745098,130.0,23.75,62.0,11.961422529796234,9.516322116593733,131.680309543867,14.169933268817916,0.2590168730670187,2.194515320316365,200.78700884275278,0.4269973087274126,3.10194429847609,3.7726054318858226,0.32534534171850216,1.2939720423735623,0.17551234892275355,0.7611239017409033,0.17551234892275352,0.6701606691382994,0.14470776429837118,0.9122438255386233,0.9122438255386233,0.9824487651077247,0.9561219127693117,-0.4349789142106831,0.8220540687614277,0.17551234892275352,1.6799789805570153,0.3210534905060434,2.0261908076183297,0.7785636550582202,0.44245927482921704,3.3599579611140307,1.8506784586955765,0.36737109782407895,175.96815286624204,0.37360542009817843,0.5028195870015011,4.579617834394904,32.717622080679405,90.828025477707,19.369544703939606,0.39525831564048125,4.276369307093355,60.20169851380042,0.12781676966836608,0.23088235294117648,13.958240361339879,0.27816038783497404,1.9211381611255314,0.06171061859980583,6.6,0.66,0.41000000000000003,7.7,10939.0,33390.5,5429.347222222223,0.21388888888888888,2.2,0.22,0.3755101728042437,3.3795624847738956,0.041726006768770335,2.370950594454667,0.0196078431372549,8338.0,11.25169449598021,0.029432796214574154,0.4912671584459124,0.023556947326754184,0.07553009890846288,3.5957747428548044,115.84705882352941,0.2271510957324106,3.5648442906574394,217.7686274509804,0.3982660515186467,3.3823529411764706,54.72941176470588,158.31176470588235,31.075653594771243,0.5155228758169935,0.033101848764197035,0.1795562342220839,0.01183587292941868,197,0936191c-ba0a-4473-881c-f9d29e663521,510
93.41666666666667,102.0,219.43320644789685,2.3489727719667814,0.4537305479110384,0.01621421421153845,0.09341014770736272,2.203951231857695,13.0,13.0,12.0,10.0,12.555602327691076,10.367009294643005,0.0,0.8256879299035155,0.0,101.5,102.0,37.55634918610403,0.37001329247393133,0.9509432165955825,1.051587500229554,13.0,12.555602327691076,10.367009294643005,0.8256879299035155,1900152.0,1900152.0,0.8704713491788294,123.0,126.1,150.0,167.0,136.11764705882354,133.5,15.0,44.0,8.24567474048443,5.91373266270386,136.48787922914835,10.046259783627857,0.9470552470072633,3.2424054220180993,100.92733564013844,0.6806997308727413,4.090651558073654,0.9361151413019744,0.09731962257829127,0.40175268239051753,0.2209631728045326,0.2903242435177065,0.2209631728045326,0.7619223325217139,0.17213844906868686,0.8895184135977336,0.8895184135977336,0.9779036827195468,0.9447592067988668,-0.08380191324232253,0.3499392721177158,0.2209631728045326,2.011331444759207,0.5517418485021146,1.4934786466199683,0.33169363497067333,0.7337110481586402,4.022662889518414,1.2725154738154363,0.15567896379876256,54.338345864661655,0.40855899146362146,0.44004748713889985,4.87218045112782,16.105263157894736,66.57142857142857,4.157059314954052,0.34106098579782795,3.568956829017689,30.112781954887218,0.22641189439764825,0.32598039215686275,6.694669003335405,0.4761654269001777,2.646568558060193,0.19492406117134534,2.7142857142857144,0.3877551020408163,0.8571428571428571,4.857142857142857,996.0,4023.8571428571427,249.51190476190476,0.511904761904762,1.2857142857142858,0.1836734693877551,0.24202349047506666,1.4796950308992949,0.1044957900142963,2.5216406363433164,0.06862745098039216,783.6734693877551,1.6243261455525606,0.09873470234391205,0.6779158681016266,0.014412716900165169,0.2133622954840066,3.1560780433224584,15.03921568627451,0.14744329104190695,5.179546328335256,69.43137254901961,0.18387158785082663,4.382352941176471,46.03921568627451,188.18627450980392,11.678921568627452,0.28513071895424835,0.05713116265024528,0.3159429512545759,0.020569101483185866,198,7b0723e1-1118-466e-99d1-d7d9b1ffebd0,102
74.91666666666667,83.0,179.96910483275917,2.402257239146952,0.47753491636870177,0.01750679211050519,0.10889686957235295,2.0940877111233185,12.529964086141668,12.529964086141668,11.0,9.0,12.058527080011476,8.768798267115372,0.0,0.7271865136539568,0.0,82.5,83.0,34.727922061357845,0.42094450983464055,0.927156629728809,1.0785664125515637,12.529964086141668,12.058527080011478,8.768798267115374,0.7271865136539567,1657100.0,1657100.0,0.6816559115981187,130.0,132.0,154.39999999999998,163.0,141.06024096385542,139.0,12.0,33.0,6.622441573523007,4.704315886134069,141.29777153573178,8.189545786116607,0.7457314225860804,2.8042717716190313,67.06866018290027,0.7038757439396139,1.309608540925267,0.5427412228658707,0.3311327034234342,0.2973366598700624,0.1494661921708185,0.3309523809523804,0.1494661921708185,0.6085028367187658,0.12712604956877446,0.9252669039145908,0.9252669039145908,0.9701067615658363,0.9501779359430605,-0.10642336397068052,0.3330131647944118,0.1494661921708185,1.1281138790035588,0.6494725244107852,1.0457138887912485,0.33095238095237867,0.797153024911032,2.2562277580071175,0.8962476966204302,0.11170071301022023,46.54838709677419,0.5005202913631633,0.24973985431841833,2.4516129032258065,20.49462365591398,24.043010752688172,19.607526881720432,0.6370967741935484,3.0439947997229506,20.483870967741936,0.22025667707249394,0.28012048192771083,7.750491386287432,0.45890685067336373,1.6754749510317866,0.154764825583758,2.5,0.625,0.1875,3.25,1193.25,1305.0,1165.3125,0.4375,1.0,0.25,0.3142901768550557,1.2569985101883892,0.07861309352172241,1.9999999999999987,0.04819277108433735,762.6875,6.936810776942357,0.15743621936293878,0.15305490464439517,0.025989448118667567,0.13727733289753227,2.7843178242208113,17.89156626506024,0.2155610393380752,5.532297866163449,58.42168674698795,0.14806212803019309,1.5421686746987953,51.21686746987952,56.674698795180724,49.852409638554214,0.8644578313253012,0.051518722281415914,0.15437012790390586,0.025805870875793422,199,f3d84c0a-df35-4101-9e8c-908f293bbc59,83
243.41666666666666,257.0,540.8958501473167,2.2220986654460115,0.3485544905713219,0.010917039970216393,0.042345966236956294,2.868991870857501,21.633307652783937,21.633307652783937,20.0,16.0,21.720065672114668,15.125602720134141,0.0,0.6963884432243298,0.0,256.5,257.0,61.69848480983496,0.24053990179272888,0.920182814337887,1.0867405741755187,21.633307652783937,21.720065672114668,15.125602720134143,0.6963884432243299,4549484.0,4549484.0,1.3668383145045013,108.0,114.0,152.0,167.0,132.3501945525292,132.0,19.0,59.0,11.218489303395964,8.61067105731577,133.04988678514857,13.627119117720026,0.15536070604791982,2.2786776684895527,185.6983754485306,0.4321185786310163,3.429637526652452,4.041119987892795,0.16702256745281274,1.2895706511608878,0.2121535181236674,0.7174534145977809,0.21215351812366737,0.7455789963083486,0.16714440287141813,0.8939232409381662,0.8939232409381662,0.9787846481876332,0.946961620469083,-0.37040209059034995,0.7899108307240668,0.21215351812366737,1.7777185501066097,0.3024939648392215,2.151500175688336,0.7271307119835544,0.4690831556503198,3.55543710021322,1.939346657564669,0.3754310423211388,110.81314878892734,0.3834365009997486,0.48356700710001077,4.750865051903114,20.719723183391004,67.28719723183391,10.323529411764707,0.36985774702037677,4.142862946059501,47.69204152249135,0.16502436512972785,0.2811284046692607,8.066809544904874,0.34233934077683376,2.1183497597054886,0.0934929466770711,1.5,0.375,0.6875,5.75,7003.25,24466.0,2812.0069444444443,0.3680555555555556,1.0,0.25,0.0023074918387591607,0.02036331989326201,0.000296468199278944,1.9999999999999987,0.01556420233463035,2875.1875,6.275801387068589,0.04696209335902312,0.5889767254546281,0.028591747360491915,0.11956998924146695,3.7110173362968237,47.568093385214006,0.18508985753001558,3.587790882526609,111.05447470817121,0.4013081197292919,3.77431906614786,49.16342412451362,158.18677042801556,24.77831820146995,0.4534154777345439,0.030718599912943994,0.14878282614386007,0.01166874886033099,200,245ee290-c09c-4a3c-bd48-4e7e30d6e0c0,257
398.1666666666667,416.0,870.7050393855965,2.186785364718953,0.30060047743494633,0.008743460974753413,0.027162453639786477,3.3266746897180575,34.40930106817051,34.40930106817051,22.0,20.0,34.088762696883464,15.76772062514826,0.0,0.4625489274971487,0.0,415.5,416.0,84.91168824543142,0.20436026051848719,0.850987087419043,1.175105961986918,34.40930106817051,34.088762696883464,15.767720625148263,0.4625489274971489,7563280.0,7563280.0,1.0537744644013265,113.0,121.5,148.0,172.0,134.39903846153845,133.0,14.0,59.0,8.396079881656805,5.742218387059849,134.83679593664905,10.856334513796257,0.7202351914246908,3.7392360110264913,117.85999907544382,0.5874630177514794,3.565217391304348,1.8723791020014877,-0.2762440339536103,0.707175405875568,0.20506164828033743,0.5504202611675721,0.2037637897469176,0.7344285881763016,0.16354196626831147,0.8983344148821113,0.8982478909798833,0.9795537363350473,0.9491239454899418,-0.23542600785337608,0.6113527638246968,0.20262816353017524,1.854639844256976,0.45017899246256654,1.753919986291768,0.5615231362396592,0.6495781959766386,3.709279688513953,1.5434004264690768,0.2280592635389764,170.8394495412844,0.39183359986533123,0.468999873748001,4.33256880733945,30.137614678899084,116.43577981651376,9.556957186544341,0.4089576962283384,4.178508611035067,84.13761467889908,0.19297618045619055,0.2620192307692308,15.571837387425303,0.4351304574902558,2.4139585841914264,0.15191821571189382,3.0,0.42857142857142855,0.7755102040816326,6.0,14243.714285714286,55587.71428571428,4003.2698412698414,0.38492063492063494,1.0,0.14285714285714285,0.16893519267118745,1.512193678670861,0.019683622317653554,2.807354922057602,0.016826923076923076,10711.959183673469,5.523686067019399,0.0348666796512055,0.5220217813799308,0.015255663640579504,0.0725186643851985,3.2596534361775964,87.4951923076923,0.21032498150887574,4.144600591715976,244.3846153846154,0.24842825443786984,3.8365384615384617,51.80769230769231,189.40865384615384,18.267494658119656,0.3763354700854701,0.03389398623587612,0.17516814961383415,0.011443441592716146,201,1f0ab4a5-1667-472c-83ac-ae467bfcc8da,416
422.9166666666667,443.0,925.5724262401902,2.18854563840045,0.2943813212133321,0.00847352767275596,0.025511191944608422,3.396954656899989,35.35533905932738,35.35533905932738,34.0,16.0,35.65738021042738,16.185800429073062,0.0,0.45392567635520814,0.0,442.5,443.0,90.18376618407356,0.20380512131994025,0.8268623197515403,1.2093911841338771,35.35533905932738,35.65738021042737,16.18580042907306,0.4539256763552081,8938786.0,8938786.0,0.44492719545508363,129.0,134.0,149.0,166.0,141.91422121896161,142.0,7.0,37.0,4.703453266003904,3.152469135802469,142.04874691854437,6.180640496282741,0.5894552684053038,4.0162313146676345,38.200316944290165,0.8320297173488782,1.1762195121951218,0.5029973482869141,0.28791493385542877,0.19642140095181443,0.05914634146341463,0.5371376613929787,0.05914634146341463,0.32404685166959446,0.0556480517549078,0.9704268292682927,0.9704268292682927,0.9881707317073172,0.9802845528455285,-0.2879251874227038,0.4330610076682209,0.05914634146341463,1.0685975609756098,0.8165680770374778,0.6174907591019859,0.537137661392968,0.901829268292683,2.1371951219512195,0.5583444176385716,0.06389193560380726,116.33624454148472,0.5080185351156538,0.24599073244217312,2.3100436681222707,112.73362445414847,117.73799126637554,111.4825327510917,0.6724890829694323,3.972116050935483,27.270742358078603,0.11908621117064892,0.12923250564334085,52.85711561564425,0.3260569689181908,1.2384259645513787,0.09796472000989385,3.4,0.68,0.16000000000000003,3.4,32582.2,33366.4,32386.15,0.4,1.4,0.28,0.4223777808030055,1.689507410432635,0.10559537339559803,1.9219280948873614,0.011286681715575621,24732.239999999998,9.341839657738094,0.07409541646613928,0.060930525821302324,0.005881803633466199,0.06446414182111201,1.8733023975606309,216.97742663656885,0.48979103078232245,3.1568670413607203,368.58916478555307,0.08398514132556088,1.2776523702031604,66.61625282167043,71.9864559819413,65.27370203160271,0.9305869074492099,0.026036630457717744,0.06069415260879035,0.017372249919949588,202,3be9be2a-a634-4581-9291-773910f2be45,443
97.41666666666667,106.0,228.7045554286799,2.347694324332043,0.4476770380558291,0.01589081259967408,0.08972107288932205,2.2337531635368166,14.317821063276353,14.317821063276353,12.0,11.0,14.064042338766027,9.610043938113446,0.0,0.6833059590288909,0.0,105.5,106.0,39.213203435596405,0.37168913209096116,0.9285361989382163,1.076963936509425,14.317821063276353,14.064042338766027,9.610043938113446,0.6833059590288909,1829156.0,1829156.0,1.2701397741895455,110.0,115.0,147.0,159.0,130.83018867924528,129.0,17.5,49.0,9.918120327518688,7.636560302866414,131.3628131521447,11.81737743318552,0.24156614333082624,2.201543338779097,139.6504093983624,0.4587041651833392,2.9373297002724796,2.298318821274497,0.058707087513320655,1.05233538002361,0.2452316076294278,0.6220131831914305,0.24523160762942778,0.8036325507579372,0.18509306624891417,0.8773841961852862,0.8773841961852862,0.9754768392370572,0.9386920980926431,-0.281364119642357,0.7034627795619174,0.24523160762942778,1.653950953678474,0.30040315096258785,2.085713403281265,0.6456105340642482,0.4332425068119891,3.3079019073569484,1.840481795651838,0.32439174691325945,62.4421768707483,0.424776713406451,0.4188069785737424,4.204081632653061,12.122448979591837,35.17006802721088,6.693121693121693,0.4030612244897959,3.6473158702181645,28.931972789115648,0.1968161414225554,0.3466981132075472,3.8029524735064095,0.38858815685508263,2.272593541699875,0.09794290369839041,2.2,0.44,0.64,6.4,1025.6,3319.0,460.69444444444446,0.31666666666666665,1.4,0.28,0.40575539658574594,3.6503610880068096,0.04522125768109726,1.9219280948873612,0.04716981132075472,576.1600000000001,2.9513149902818268,0.0916229423683049,0.7419135050272565,0.029986937056594387,0.24008480558385795,3.6830320416068223,16.547169811320753,0.15610537557849768,3.9487362050551797,48.62264150943396,0.34967960128159487,3.330188679245283,42.716981132075475,117.25471698113208,24.56472746331237,0.5013102725366876,0.05750455475691324,0.34384600643192287,0.01678338936902504,203,dbcfcc1f-4ecd-420a-90a8-8b20ace17a52,106
216.41666666666666,230.0,486.2601756569256,2.2468702764278428,0.35848904683780086,0.01138708895367688,0.04607100357887702,2.789485505403606,22.135943621178654,22.135943621178654,21.0,13.0,22.13016377882626,13.34385050862112,0.0,0.6029711592730405,0.0,229.5,230.0,60.87005768508877,0.26522900952108397,0.8822518213889073,1.1334632309692765,22.135943621178654,22.13016377882626,13.34385050862112,0.6029711592730405,3001703.0,3001703.0,1.64710307074526,87.0,93.0,137.1,159.0,112.99565217391304,110.0,25.0,72.0,14.047334593572781,10.38346238130022,114.24045959595774,16.818596804957085,0.5761862639126756,2.5458965015502297,282.8651984877127,0.3595085066162571,4.194945848375451,8.54371955722165,0.6956468750547994,1.7772970092432097,0.3212996389891697,0.6937957189059686,0.318892900120337,0.91326436998801,0.2196069572420105,0.8409546730846369,0.8407942238267148,0.9811424930983224,0.9363016446048936,-0.31020295191611796,0.7861607600247368,0.31678700361010836,1.957280385078219,0.22052794756726773,2.6214545922168164,0.7084278699768487,0.3898916967509025,3.9145607701564376,2.2945218735230495,0.5246491620580948,113.45892351274787,0.32141338105594297,0.7127575054771325,6.402266288951841,11.172804532577903,43.12747875354108,4.978871576959396,0.2991225999370475,3.857308364760496,86.41643059490085,0.24480575239348681,0.38369565217391305,4.380357759070372,0.4770675272404233,4.09440158594657,0.09021367925482078,3.5454545454545454,0.32231404958677684,1.2727272727272727,10.272727272727273,1566.909090909091,6447.909090909091,524.689393939394,0.26325757575757575,2.090909090909091,0.19008264462809918,0.39874126198311277,5.715833008550948,0.03075135188761012,3.0271691184406153,0.04782608695652174,1129.719008264463,3.5801824254881804,0.04621765212891855,1.648692605347734,0.029419267851109095,0.2425812424747101,3.9669474567334113,33.869565217391305,0.14725897920604916,4.160378071833648,82.68695652173913,0.6011531190926276,4.8304347826086955,39.3304347826087,139.77826086956523,18.6768115942029,0.39142512077294683,0.06013662610776999,0.5508551306593491,0.01320512127959074,204,12375b0d-f865-41e9-8650-11f76e350608,230
240.41666666666666,255.0,538.5527043968098,2.2400805728810114,0.34718873677981477,0.010852937911598796,0.0418501369095418,2.880277768440958,24.413111231467404,24.413111231467404,14.0,21.0,23.842214896291676,13.869104121159125,0.0,0.581703679020034,0.0,254.5,255.0,65.69848480983497,0.2581472880543614,0.8607825845438285,1.1617335410310952,24.413111231467404,23.842214896291676,13.869104121159125,0.5817036790200341,5036592.0,5036592.0,0.7103388893368312,121.0,130.0,152.0,163.0,140.29019607843136,139.0,11.5,42.0,6.668296808919646,4.862065092877518,140.53946483628928,8.366723417555225,0.4112697839008937,2.8577232288826915,70.00206074586697,0.7255824682814301,4.5270562770562774,1.0885763203112715,0.41790359349707507,0.4234588463484567,0.10281385281385282,0.6092753700600233,0.10281385281385283,0.47785235695564876,0.09224316448342425,0.9485930735930737,0.9485930735930737,0.9897186147186148,0.9742965367965368,-0.32872957011450443,0.5966434044015962,0.10281385281385283,2.1087662337662336,0.6592683561027717,1.1185642665913118,0.6424442173972703,0.8051948051948052,4.217532467532468,1.0157504137774596,0.13156817479057736,90.51832460732984,0.4739179298813081,0.3245525067843535,5.607329842931938,49.59162303664922,211.59162303664922,12.1282722513089,0.24374636416521234,4.33142636202895,22.476439790575917,0.11767769523861736,0.18725490196078431,21.072667964145722,0.28595142830142795,1.938086337506692,0.07686293959792526,2.2,0.44,0.64,6.4,9394.6,38729.8,2318.8,0.31666666666666665,1.0,0.2,0.26267737757426424,2.264074562200171,0.04029809295181287,2.321928094887361,0.0196078431372549,6793.6,1.8243100011230908,0.08241678963133685,0.3607965512622509,0.005038826193042898,0.1855139208708394,2.6534465314911873,78.15294117647059,0.30648212226066895,3.4499961553248752,185.0235294117647,0.14403690888119952,4.67843137254902,59.72941176470588,261.48627450980393,14.436165577342047,0.24161220043572987,0.02860449858955928,0.16968922013249743,0.006523583335940686,205,fc43ebd5-1145-489e-baaf-6465677cee15,255
261.4166666666667,276.0,579.9170299064178,2.21836288137616,0.34093671876635007,0.010561109429030126,0.03962974988097484,2.9330956302342948,23.40939982143925,23.40939982143925,16.0,22.0,22.665412982545618,15.746825844910008,0.0,0.6947513313362728,0.0,275.5,276.0,64.87005768508878,0.23546300430159267,0.9070295779175004,1.1024998791064295,23.40939982143925,22.665412982545618,15.746825844910006,0.6947513313362726,4965660.0,4965660.0,1.1269881425360144,114.0,120.5,147.0,161.0,133.7173913043478,133.0,14.0,47.0,8.557025834908632,6.124526524845929,134.13247831576973,10.544240223475523,0.4273227304002721,2.710118982341119,111.18100189035914,0.5476790590212139,3.479682854311199,2.351202767294964,-0.28087466669752675,0.8674319626827333,0.17839444995044598,0.6588450094671351,0.178394449950446,0.676552073586715,0.14656987017732384,0.9108027750247769,0.9108027750247769,0.9821605550049554,0.9554013875123885,-0.3367440345255383,0.7193388846058641,0.178394449950446,1.8186323092170464,0.42139377908044634,1.7995278564021695,0.6800204819038631,0.6164519326065411,3.637264618434093,1.6211334064517242,0.2614566031582949,112.86181818181818,0.41040661157024794,0.43998677685950416,4.454545454545454,25.70909090909091,93.19272727272727,9.783636363636363,0.3828282828282828,4.139954136959816,37.85818181818182,0.13766611570247933,0.24909420289855072,9.59251570247934,0.30358688672972817,2.005008559539449,0.08265673657690462,1.5,0.375,0.6875,5.75,10410.0,39445.0,3263.472222222222,0.3680555555555556,1.0,0.25,0.06320108702070122,0.5682210147494715,0.007084993977397526,1.9999999999999987,0.014492753623188406,5649.0,4.284507476771196,0.04909919163382304,0.5156029388044465,0.01666464627977383,0.11656526851642213,3.3727919698732904,57.31884057971015,0.2076769586221382,3.4637156059651333,151.15942028985506,0.27814534761604703,3.746376811594203,52.56521739130435,181.65942028985506,21.44303542673108,0.40197262479871176,0.029303236290490434,0.14508154741365145,0.01022178250325895,206,d4d9bf61-38f5-4241-8f53-c67f8b108a73,276
437.9166666666667,458.0,956.2081007305826,2.18353895504605,0.29164823696601916,0.008355797569654905,0.024807218180301106,3.4287880852731267,34.40930106817051,34.40930106817051,25.0,25.0,31.202740350405243,20.04214646693305,0.0,0.6423200732326947,0.0,457.5,458.0,91.01219330881983,0.19893375586627285,0.8331072245899022,1.200325684958801,34.40930106817051,31.202740350405243,20.042146466933048,0.6423200732326946,9145047.0,9145047.0,0.277990117326724,126.0,136.0,147.0,164.0,141.21615720524017,141.0,4.0,38.0,3.527726397284566,2.0939975406788895,141.30587931287317,5.034726662806331,0.561286982971222,5.8961922042007675,25.348472569172973,0.908544840868786,1.0912301353737492,0.27139513882156957,0.15628039571689967,0.10347464024297089,0.03825779870512066,0.4601405438435656,0.03825779870512066,0.23424643265396902,0.036794139543359125,0.9808711006474397,0.9808711006474397,0.9923484402589758,0.9872474004316264,-0.2425154677993542,0.32313000413383836,0.03825779870512066,1.0367863449087698,0.892339640982595,0.39957905905073066,0.46014054384353076,0.9440847557386698,2.0735726898175395,0.3613212603456103,0.03543310973702289,115.97979797979798,0.5857565554535251,0.2071217222732374,1.878787878787879,146.97979797979798,149.73737373737373,146.29040404040404,0.7803030303030303,4.466484489140785,18.626262626262626,0.09407203346597286,0.10807860262008734,61.3705744311805,0.28711440776004615,0.9340798959755344,0.12537303570617406,1.6666666666666667,0.5555555555555556,0.2222222222222222,3.0,63478.666666666664,63818.666666666664,63393.666666666664,0.5,1.0,0.3333333333333333,0.021863893417681444,0.08745031317076786,0.00546728847940984,1.5849625007211552,0.006550218340611353,40171.555555555555,5.486582847424683,0.10647495712993645,0.041012575583808004,0.0020323764893749098,0.0982513597286391,1.6358041580549942,245.65065502183407,0.53635514196907,2.6235960412654222,416.11353711790395,0.045727579565607065,1.1441048034934498,68.80786026200873,71.02183406113537,68.25436681222708,0.9639737991266376,0.020665458201718338,0.03545075660055386,0.01696913360200946,207,ef6228e6-cf36-427d-b845-379d72fc66b8,458
595.6666666666666,619.0,1284.54638877702,2.15648526375549,0.2665241275965141,0.007299677486889744,0.018932570879010294,3.7520055276717064,40.26164427839479,40.26164427839479,38.0,22.0,38.778714988229936,21.281755572823897,0.0,0.5487999171525748,0.0,618.5,619.0,105.25483399593908,0.1701775812383817,0.8375924102194982,1.1938981153589268,40.26164427839479,38.778714988229936,21.2817555728239,0.5487999171525749,12711730.0,12711730.0,1.1213684935524213,116.0,129.0,158.0,177.0,142.8659127625202,142.0,18.0,61.0,9.547323448889632,7.600384579130927,143.30356856170818,11.191234652716538,0.15900940309208714,2.3037240924023186,125.24373305216346,0.5148514593082282,5.305340223944874,2.262444495948868,0.3024346081985934,0.9291941070730407,0.13652024117140396,0.7437958090809331,0.136520241171404,0.5750525807908593,0.11788246492190568,0.931739879414298,0.931739879414298,0.9919693975781527,0.9726959517657192,-0.4408085751504816,0.7857252839065636,0.136520241171404,2.2599052540913007,0.42624447204250104,1.6990040363894114,0.7571485938131359,0.6012058570198106,4.519810508182601,1.5624837952180086,0.26642858706111117,203.30573248407643,0.4316469904120519,0.4225548929188022,6.477707006369426,54.225053078556265,263.8895966029724,12.566466147676339,0.23478414720452936,4.620805856236677,54.753715498938426,0.11624992674933848,0.19022617124394184,26.59005323632692,0.2603052408722703,1.9788960053503524,0.05882611689122208,4.2,0.42,0.8400000000000001,7.6,19275.7,95292.7,4328.397916666667,0.29791666666666666,1.8,0.18,0.28307982835684964,3.2331036803490676,0.028215799973160538,2.8464393446710132,0.01615508885298869,15444.090000000002,3.9342357976150035,0.02673067991733003,0.9246160511665813,0.006490001728981802,0.1456471921863642,3.232605378516943,171.52019386106625,0.277092397190737,3.264063931350007,318.6930533117932,0.27931861541232017,5.549273021001616,59.18739903069467,310.124394184168,13.481567492371207,0.22981735774546763,0.028010279891289968,0.19585801471908096,0.005835956808213755,208,c80c33c6-0c9f-45f6-bdb1-404ad8e53fc2,619
1153.1666666666667,1183.0,2428.401337321851,2.10585460672512,0.21899038541559418,0.005436713516951939,0.010502075685484297,4.566410521184418,47.38143096192854,47.38143096192854,47.0,34.0,47.411872532179764,32.15792112102192,0.0,0.6782672652128523,0.0,1182.5,1183.0,137.88225099390883,0.11660232642191021,0.8840913508710555,1.1311048332446019,47.38143096192854,47.411872532179764,32.15792112102192,0.6782672652128523,22973062.0,22973062.0,1.5215886733514576,104.0,116.0,160.0,180.0,138.43448858833474,138.0,22.0,76.0,13.10477181314037,9.817513472564176,139.35323980369807,15.9755379588044,0.042315807789864594,2.3809934420805328,255.21781307320026,0.38752358896711586,4.5524166850584855,7.220193494801181,0.05531995701995024,1.7606904367718965,0.12999337894504526,0.862490620732634,0.12955197528139484,0.5579487768598598,0.1132096646457341,0.9352975796365776,0.9352681527256675,0.9923611201267089,0.9741043183991761,-0.5799011367712963,0.9066861167345789,0.12916574707570072,2.0358640476715957,0.31113726908687256,2.113883250125879,0.8685708450547399,0.48179209887442065,4.071728095343191,1.9820625627878186,0.4726709539292354,268.4510800508259,0.3411068361509859,0.6375650056751306,6.062261753494282,67.66200762388819,290.66581956797967,25.380894395030356,0.30582909783989837,5.190857383743586,74.03939008894537,0.09407800519561037,0.16631445477599324,31.509368405586983,0.23984900866354789,2.1320316781797057,0.04815157903995296,4.166666666666667,0.3472222222222222,1.2430555555555556,10.75,44162.916666666664,202651.41666666666,12990.991319444443,0.2465277777777778,3.6666666666666665,0.3055555555555556,0.2918142231285273,3.937655506082784,0.023439408355832126,2.6174924611847525,0.01014370245139476,34444.24305555555,7.4480876363596,0.01850765760572685,0.7835650100038016,0.010618815302474603,0.1011613632053728,3.558032999190938,376.2882502113271,0.31807967050830693,2.9583840959092926,458.44040574809804,0.4944147470969761,4.78698224852071,61.77937447168216,274.9120879120879,23.65049427068658,0.36587184183338034,0.024435272958624608,0.16266767256039888,0.007286366402021745,209,5c265a21-9edd-46a3-a2f0-ccea0db1147f,1183
940.1666666666666,966.0,1985.8668968527084,2.1122498459699077,0.2337063723629624,0.005993833963789639,0.012764730874470213,4.278873485088074,41.43669871020132,41.43669871020132,40.0,31.0,41.50208487905099,29.695618991737327,0.0,0.7155211377519684,0.0,965.5,966.0,119.39696961967017,0.12366335538029019,0.9225454406275713,1.083957446388483,41.43669871020132,41.50208487905099,29.695618991737327,0.7155211377519684,20073885.0,20073885.0,1.087178696494418,120.0,129.0,160.0,183.0,143.63250517598343,143.0,20.0,63.0,10.407168790641652,8.207905142168885,144.15415101431657,12.252457366972404,0.3327377839071387,2.363011457631438,150.12271152947633,0.5240860049123619,5.466937669376694,1.9637079355352158,0.44127278521248486,0.8803628792385485,0.13523035230352304,0.7336918992691782,0.135230352303523,0.5716099169050537,0.11694310411938807,0.9323848238482385,0.9323848238482385,0.9920452733939105,0.9729539295392954,-0.4296191184397313,0.770672809002686,0.135230352303523,2.2979674796747966,0.43384401554042634,1.6471559380138456,0.7397031474339193,0.6043360433604336,4.595934959349594,1.5119255857103235,0.25389830788551787,302.5512630014859,0.4495561114435154,0.39042322306586685,7.0059435364041605,71.09658246656761,341.8365527488856,16.393263992075287,0.1995624896813604,4.674960881062463,81.8261515601783,0.12158417765256806,0.17417184265010352,38.13226355565662,0.2633630280656484,2.1677933724680165,0.05123334679745403,1.6666666666666667,0.2777777777777778,1.1388888888888888,9.166666666666666,73013.33333333333,336431.6666666667,17053.344907407405,0.2662037037037037,1.0,0.16666666666666666,0.17392416558143375,2.7740350455356144,0.01141166492980141,2.5849625007211543,0.006211180124223602,47092.33333333333,6.132440476190477,0.017070105258706947,0.8867172239134175,0.006055182734265293,0.0947004188672373,3.0521220490171337,300.0393374741201,0.3105997282340788,3.0108877829644776,506.2670807453416,0.2684438614765377,5.693581780538302,60.87163561076605,321.72670807453414,13.456492983666896,0.21559408787669657,0.0236084848113772,0.1634428160114594,0.004883984424152897,210,74e2b404-a124-47e8-b061-f97bd30fdecc,966
225.16666666666666,238.0,501.9710467053939,2.2293310734510463,0.3565673079352848,0.011295648257350993,0.04533405492133761,2.8045195892762416,21.470910553583888,21.470910553583888,16.0,19.0,21.034223405545262,14.438773801589496,0.0,0.6864419723612422,0.0,237.5,238.0,59.11269837220805,0.24889557209350757,0.9241786992484169,1.0820418181172584,21.470910553583888,21.034223405545262,14.438773801589496,0.6864419723612422,1577547.0,1577547.0,1.1178403026364796,61.0,70.0,95.0,112.0,80.83613445378151,79.0,12.0,51.0,7.567509356683851,5.135083430757786,81.41467152482898,9.688555416880051,0.6736327442361848,3.282793610207163,93.86810606595579,0.538203516700798,3.2979214780600463,2.0605031418635185,-0.2858381086609591,0.855938215041949,0.18244803695150116,0.6485931191765196,0.18244803695150114,0.6854032520584281,0.1491607507640448,0.9087759815242494,0.9087759815242494,0.9817551963048499,0.9543879907621247,-0.3243323878026016,0.7078506612224044,0.18244803695150114,1.76905311778291,0.40712921824747056,1.7960208717153643,0.6608381122531355,0.5958429561200924,3.53810623556582,1.6135728347638638,0.25959656299836253,101.31147540983606,0.4152109647944101,0.42945444772910507,3.9836065573770494,24.65573770491803,85.76229508196721,10.007513661202184,0.436247723132969,4.25603669573948,37.17213114754098,0.15234479978500404,0.25630252100840334,9.43294813222252,0.3575673043750873,1.8521718245130996,0.13960486337114486,2.0,0.3333333333333333,0.6666666666666666,4.666666666666667,4983.333333333333,18332.5,1677.523148148148,0.4537037037037037,1.3333333333333333,0.2222222222222222,0.37604042291379774,2.2172823545720006,0.10201089551097196,2.5849625007211543,0.025210084033613446,3409.8888888888887,4.021957788397048,0.05209081081306431,0.5720924003277662,0.01726813489207089,0.1319283145577532,3.5608666755994554,46.63025210084034,0.19592542899512747,4.039474613374762,128.0924369747899,0.2761280982981428,3.5252100840336134,52.33613445378151,174.5420168067227,22.56897759103641,0.43405695611577966,0.03966924865184169,0.18048719090810927,0.015601810499332009,211,379dfc27-0973-4317-9df8-8cdcd087afc9,238
520.6666666666666,541.0,1123.5758260285425,2.1579561319370213,0.2785618176939639,0.007799760338684359,0.0216154739763397,3.5898674422731873,34.438350715445125,34.438350715445125,31.0,22.0,33.465834336648,21.00115814598203,0.0,0.6275402529852343,0.0,540.5,541.0,93.25483399593912,0.1725343829712102,0.8837540719023201,1.1315365120156735,34.438350715445125,33.465834336648,21.00115814598203,0.6275402529852343,10106991.0,10106991.0,0.9461958469526518,120.0,125.0,151.0,166.0,136.3493530499076,135.0,12.0,46.0,7.635295765697125,5.487209547462219,136.68230903974452,9.53454389616452,0.6372740574018418,2.8278446040189875,90.9075273078881,0.6479853492368826,4.0517751479289945,1.8550204522927598,-0.06533510909434981,0.580105349563702,0.15285996055226825,0.5828998768629776,0.15285996055226825,0.6169513209526032,0.12949379301222724,0.9235700197238659,0.9235700197238659,0.9847140039447732,0.9617850098619329,-0.28562341138076125,0.6258677418263646,0.15285996055226825,1.9861932938856015,0.5594730965691365,1.4918662908906148,0.5921244835146651,0.7401380670611439,3.9723865877712026,1.339006330338347,0.18324132752899253,169.0896860986547,0.37912485672344104,0.4939220575519315,5.253363228699552,52.237668161434975,211.39910313901345,14.061659192825113,0.33028151469855505,4.3596608692426075,70.05829596412556,0.1570813810854833,0.20609981515711645,28.695590098332968,0.37159571633149613,2.5593846917788996,0.10503807864702447,5.4,0.54,0.65,6.9,18718.3,74951.1,4837.544444444445,0.30277777777777776,2.2,0.22,0.42694168751197514,3.04213926360946,0.1363639515986969,2.8464393446710132,0.018484288354898338,15791.49,5.9138810114616565,0.028374593587206984,0.4518115325691554,0.011062713678586475,0.06094324016169942,2.8914343460483045,154.08317929759704,0.28481179167762855,3.935807244064357,350.56007393715345,0.20829503794233312,4.304990757855823,57.975970425138634,232.13493530499076,16.791949065516533,0.3031423290203327,0.03415094378615416,0.19853192620582158,0.010020400129655478,212,ce05b3d5-044f-40e9-9c66-f9130ac67a0c,541
1029.4166666666667,1057.0,2170.4485545441275,2.1084256985776353,0.22715837768296343,0.005743703522792996,0.011721583216705947,4.402214922469922,44.384682042344295,44.384682042344295,43.0,31.0,43.98992657660799,30.818898375871264,0.0,0.7005899026041901,0.0,1056.5,1057.0,125.98275605729705,0.11924539144088694,0.914594483948113,1.0933807469330115,44.384682042344295,43.989926576608,30.818898375871264,0.70058990260419,19286988.0,19286988.0,1.3440886762864275,104.0,114.0,154.0,175.0,134.321665089877,134.0,18.0,71.0,11.22047457639255,7.861914451348935,135.0811382365605,14.30399226676538,0.08722243829596339,2.657424664021041,204.60419476768382,0.4541234765034473,3.798714144411474,4.522134019920053,-0.08435606976040294,1.2895970119976012,0.11646884272997032,0.8343337300477482,0.11646884272997032,0.5191247546743318,0.10290385140311177,0.9417655786350148,0.9417655786350148,0.9931488916041193,0.9767062314540059,-0.5718694893541216,0.8776095312528672,0.11646884272997032,1.8722799208704253,0.39272879018237555,1.8361900200879226,0.8844039113867175,0.5759149357072205,3.7445598417408505,1.7197211773579533,0.3515164636818929,254.20916030534352,0.38810558825243285,0.5060217936017715,5.948091603053435,77.82595419847328,269.0931297709924,33.79223918575063,0.287362171331637,4.62445332689527,64.37099236641221,0.0982763242235301,0.15491958372753076,36.159421945108086,0.2545785913127971,2.2398645281501564,0.03328445225836972,1.4,0.28,1.04,7.8,101411.0,392796.4,34042.990277777775,0.30694444444444446,1.4,0.28,0.40001179021877337,5.000078130472238,0.03472644284366157,2.321928094887361,0.004730368968779565,56721.04,6.182640534262485,0.020849091631649705,0.7464671560912255,0.00763344425171197,0.12484265402524738,2.9431557660055794,409.2081362346263,0.3871410938832794,2.865130333524577,480.00851466414383,0.3825324524792593,4.049195837275308,63.09271523178808,223.74834437086093,27.67024729317776,0.40645038368548303,0.022511830093823158,0.12716317722996556,0.007309308267264297,213,7c480f0d-0c30-45e3-bee1-ee298bd66025,1057
1432.1666666666667,1465.0,2997.3719000703277,2.092893215456996,0.2049930799188348,0.004923882466615902,0.008614252580217604,4.8782134518684295,47.80167361086848,47.80167361086848,42.0,43.0,46.27667236857883,40.65454424736439,0.0,0.8785105360118378,0.0,1464.5,1465.0,149.88225099390883,0.10234363331779367,0.9051059359493502,1.1048430468540869,47.80167361086848,46.276672368578836,40.65454424736439,0.8785105360118378,23827476.0,23827476.0,1.358672313191211,82.0,110.0,142.0,169.0,126.84232081911263,128.0,16.0,87.0,10.241833917692693,6.852172113956626,127.53230468081946,13.248184268897846,-0.3171947710260668,3.5935747355597183,175.51438642267237,0.4479833195494414,6.932813330969686,5.033747452150649,-0.7356332464645113,1.3445845826833016,0.1556461620280092,0.7925037030780747,0.15387342669739407,0.6251271144264536,0.1319691305844109,0.9233587425397387,0.9232405601843644,0.9908756269747749,0.9692844058382084,-0.4762424108270915,0.8462393428048378,0.15232228328310582,2.575961708916859,0.3491265216698431,2.014443276378384,0.8088676105744842,0.4931749689771317,5.151923417833718,1.851575409390977,0.3750576861778277,371.1109057301294,0.34298604965816026,0.6374457173509726,7.816081330868761,58.393715341959336,428.1626617375231,9.800960156089547,0.2068443212158554,5.109543022884658,133.14787430683919,0.12305718512646875,0.18464163822525598,29.061780573388774,0.32688071237244537,3.244734241170184,0.05817955768806427,6.7,0.335,1.2475,10.55,40606.05,321016.35,5799.5375,0.24097222222222223,2.2,0.11,0.27629150853095347,2.965676095187324,0.06921180552678935,4.021928094887357,0.013651877133105802,35240.4875,7.795032960873976,0.01170383566536491,0.9119120873913555,0.010086252883662291,0.05834864552362755,3.454744661390469,448.65870307167233,0.30625167445165347,3.5436750573681692,656.2955631399317,0.39153583617747445,7.151535836177475,60.137201365187714,420.24505119453926,11.22063898369359,0.19234926052332196,0.02846419574655801,0.24132211144475485,0.005546734009654649,214,ff959ad2-f5ee-42e2-a4a3-9a50e75cd35e,1465
567.1666666666666,593.0,1239.2312223623167,2.184950729995269,0.2673861512401636,0.007335120318370537,0.01911686750419718,3.7399094731043485,45.5411901469428,45.5411901469428,42.0,19.0,45.09886471449495,17.896785071704816,0.0,0.39683449206544485,0.0,592.5,593.0,118.56854249492395,0.2001156835357366,0.7277456664878741,1.3741064303770227,45.5411901469428,45.098864714494944,17.896785071704826,0.3968344920654451,10288742.0,10288742.0,1.607342337819927,69.0,94.4,151.0,163.0,130.212478920742,135.0,19.0,94.0,14.720178359671147,8.939257244193453,131.72062775967564,19.875465044077796,-1.210646779288616,3.9585500239852345,395.03411071835836,0.43280942075763046,14.380172805820827,26.740412125480635,-4.406299035953671,2.629260354607421,0.16780354706684858,0.8800145059493243,0.16780354706684858,0.6526554755125586,0.1396455166586325,0.9160982264665757,0.9160982264665757,0.9935460174205057,0.9720327421555252,-0.5414495034929878,0.9063793896312925,0.16780354706684858,3.710095497953615,0.3495305960934329,2.3211014437649773,0.898893354515905,0.5679854479308777,7.42019099590723,2.15329789669813,0.6992659754185675,154.0590405904059,0.28424177230702197,1.0453152871012104,14.309963099630997,38.07380073800738,580.9335793357934,2.9892332923329237,0.11822006970069703,5.082061441102236,75.42435424354244,0.13915932517258753,0.22849915682967958,18.921065889625687,0.3171238428634248,4.644712462370535,0.040873809779969336,2.5,0.3125,2.1875,16.25,18651.375,288738.625,1296.7862847222223,0.19795138888888889,1.25,0.15625,0.00913296167886021,0.16610901776613668,0.0028226035659525786,2.9999999999999973,0.013490725126475547,13156.859375,1.3350535357630913,0.03501868056653043,1.5408357450999801,0.011001476400436262,0.3541774600705109,3.897856215879788,134.1804384485666,0.2262739265574479,3.501610981404753,256.6559865092749,0.7106802521832851,14.662731871838112,54.93929173693086,816.858347386172,4.805844575604272,0.09712806820311036,0.026973458032891504,0.40265192069270406,0.0029180520406493255,215,d90a6789-a6b7-48ea-9f24-ffd390413ee0,593
1049.4166666666667,1078.0,2214.7410832840087,2.110449694227595,0.22548957471353645,0.005680526342875055,0.011465141063256384,4.434794829297129,48.104053883222775,48.104053883222775,44.0,30.0,47.67160180612668,29.055003655905942,0.0,0.6094824288486954,0.0,1077.5,1078.0,130.8111831820433,0.12140249019215155,0.889546586690191,1.1241682166650564,48.104053883222775,47.67160180612668,29.055003655905942,0.6094824288486953,16044689.0,16044689.0,0.9303104282391835,99.0,112.0,134.0,155.0,121.68552875695732,120.0,10.0,56.0,6.751863032276496,4.609316812833557,121.9990001175608,8.740029795390413,0.8745596093265492,3.945217487657263,76.38812082431218,0.5790046158453261,5.281727735986411,1.3000926791533618,0.6457374789353222,0.6948458723233919,0.1259403057510313,0.6931227422798725,0.1259403057510313,0.5461983963726739,0.11007934513836805,0.9370298471244843,0.9370298471244843,0.9925917467205275,0.9748119388497937,-0.38928933942287586,0.7020921797699627,0.1259403057510313,2.26704683329289,0.5020524487327972,1.4049376722353188,0.6996600301843829,0.6750788643533123,4.534093666585779,1.2789973664842884,0.2051965445186058,347.44225352112676,0.4893552866494743,0.3064153937710772,7.422535211267606,84.04225352112677,380.2845070422535,19.79546165884194,0.16402582159624415,4.483479792180712,87.99154929577465,0.12393175957151359,0.16465677179962895,47.15801626661376,0.31553771409956083,2.8963458772893538,0.042278267928932155,3.909090909090909,0.35537190082644626,0.8760330578512396,11.0,56740.0,248812.54545454544,13578.217803030304,0.18244949494949497,3.727272727272727,0.33884297520661155,0.5580898182351619,6.911696463974889,0.12465029352837803,2.7321588913645676,0.01020408163265306,47136.0,6.352402553763441,0.015551647072825612,0.8886292071341091,0.004896466272961308,0.0861215568242522,2.7422545089249364,378.0148423005566,0.3506631190172139,3.214748675655116,624.1669758812616,0.22506462527665816,5.517625231910946,62.23933209647495,310.51020408163265,13.85349025974026,0.20940914244485673,0.02734162860499109,0.21198510467369797,0.00522711744396599,216,87371f99-02bb-4d4f-bd17-b8d07db3642c,1078
512.4166666666666,532.0,1102.7439991154438,2.1520455341332454,0.28081798539035036,0.007894711353637807,0.022144952755207538,3.561025475665145,31.04834939252005,31.04834939252005,30.0,22.0,30.574930738162138,22.175969973734464,0.0,0.7252991074172901,0.0,531.5,532.0,88.18376618407359,0.16591489404341223,0.926761371407788,1.0790264148374673,31.04834939252005,30.574930738162138,22.175969973734468,0.7252991074172901,8593887.0,8593887.0,1.3209049589185902,100.0,110.0,148.90000000000003,171.0,126.18233082706767,122.5,20.0,71.0,12.2863502741817,8.626252543479097,127.09808390503306,15.229652634885513,0.8529441988249336,2.975800046577839,231.94231937927523,0.4421038498501893,2.4827413706853427,5.801567198428481,1.623685997684991,1.403848497535411,0.1840920460230115,0.7681373565656568,0.18409204602301152,0.6889475593278866,0.1502021646140729,0.9079539769884942,0.9079539769884942,0.9815907953976988,0.9539769884942471,-0.4158365967810319,0.8037259372366012,0.18409204602301152,1.4757378689344671,0.3505459583218322,1.9779134278484474,0.7683066652299285,0.5312656328164082,2.9514757378689342,1.793821381825437,0.3969851358896056,191.0281690140845,0.38436251310680986,0.48195814727398595,4.267605633802817,35.2635814889336,64.84909456740442,29.213056114464568,0.42231164766376034,4.225071256635267,74.78269617706238,0.1504682015635058,0.23355263157894737,16.93071102672372,0.3179493739685754,1.9087073246039088,0.07047830757048881,2.3333333333333335,0.3888888888888889,0.5555555555555556,6.0,19725.666666666668,36126.333333333336,16053.092592592591,0.3055555555555555,1.0,0.16666666666666666,0.20883055288042585,1.8773449752245808,0.02326380429027194,2.5849625007211543,0.011278195488721804,11863.888888888887,21.82806787406906,0.028877120833187133,0.5071131563738156,0.025553535481910528,0.08585561852055416,3.3895948168583496,119.28947368421052,0.22422833399287692,3.4262960031658096,235.19924812030075,0.44058454406693426,2.793233082706767,54.285714285714285,115.78947368421052,41.7063492063492,0.6582080200501254,0.028614357014039256,0.12556290575266585,0.013351661910587124,217,9b25cc96-636c-4555-af58-a2ea820c5b0b,532
668.9166666666666,691.0,1428.0645071911335,2.13489150196756,0.2590106630676405,0.006993190234605979,0.017376124956068086,3.860844909457842,35.4682957019364,35.4682957019364,33.0,28.0,34.15294741527306,26.242078900640465,0.0,0.7683693761934325,0.0,690.5,691.0,102.32590180780467,0.14819102361738548,0.9103348996309344,1.0984968283709846,35.4682957019364,34.152947415273054,26.24207890064046,0.7683693761934326,14553107.0,14553107.0,0.9247790396947104,120.0,133.0,160.0,170.0,144.7452966714906,142.0,15.5,50.0,8.808660449316308,6.6310221789594825,145.12386545350793,10.475467323706699,0.4990749188556751,2.3022003986431905,109.73541565004679,0.5652099245833865,5.420650095602294,1.1658140211201315,0.5870390664076239,0.769591524116273,0.07495219885277246,0.8225025020865141,0.07495219885277246,0.38413826554194375,0.06933436673990692,0.9625239005736138,0.9625239005736138,0.9925047801147229,0.981261950286807,-0.5759593863868832,0.8024815496859352,0.07495219885277246,2.2906309751434035,0.5137277582998512,1.2767312147182173,0.829325439101369,0.6669216061185469,4.581261950286807,1.2017790158654453,0.2111359307422614,169.33623188405798,0.4908296576349506,0.2888132745221592,6.750724637681159,113.14782608695653,544.7072463768116,25.7475040257649,0.18711755233494365,4.766903672250563,25.63768115942029,0.07431211930266751,0.1248191027496382,48.96218441503886,0.17197845818043064,1.1810673012561768,0.04137320177180762,1.0,0.3333333333333333,0.6666666666666666,4.666666666666667,89959.0,438313.6666666667,20310.703703703704,0.4537037037037037,1.0,0.3333333333333333,0.08334190834495198,0.08340302735009114,0.08333449392039678,1.5849625007211552,0.004341534008683068,36905.555555555555,4.577521231422505,0.04006238368284043,0.28537042675683555,0.00545741185558796,0.1148276010487046,2.6191786527086207,288.0014471780029,0.41678935915774656,2.354556516384945,390.56005788712014,0.2201218477803305,5.5615050651230105,66.37771345875542,351.4457308248915,14.21506673098569,0.2085544299726644,0.019457678794302734,0.11394317994121593,0.004343688344984775,218,d599f214-bbed-4b7a-a848-ca9eeb161177,691
875.1666666666666,901.0,1855.2312223623164,2.11986047118147,0.23849535507840228,0.0061790081020174385,0.013565623999662381,4.192953777532744,44.553338819890925,44.553338819890925,44.0,27.0,43.61183437995193,26.49860015473685,0.0,0.6076011369729973,0.0,900.5,901.0,118.56854249492397,0.1316696751748184,0.8971753014054045,1.1146093728098878,44.553338819890925,43.61183437995193,26.49860015473685,0.6076011369729973,15341882.0,15341882.0,1.2351238262911233,103.0,117.0,145.0,165.0,130.01775804661486,130.0,12.0,62.0,8.423192383355033,5.509615384615385,130.48990758768264,11.090472252066952,0.5622843142573816,3.522843314259073,122.99857477386702,0.4787047564612509,3.2031477703293496,2.9651340223994023,-0.0004672607671184492,1.0764433630618222,0.16846400466336348,0.7293549559897016,0.16846400466336345,0.6541789813568267,0.14008388379614573,0.9157679976683182,0.9157679976683182,0.9831535995336635,0.9578839988341591,-0.40635265558851974,0.7879436258658392,0.16846400466336345,1.7251530166132323,0.3614484697744033,1.901769437691973,0.7304186723872216,0.5290002914602157,3.4503060332264646,1.73330543302861,0.31122684193129646,292.5845539280959,0.3895932808629772,0.4717828514488449,4.077230359520639,48.55659121171771,163.09986684420772,21.11029738126942,0.44226216895990533,4.686884691169008,104.71238348868175,0.1394306038464471,0.2083795782463929,25.526816441814816,0.3244905911403758,1.7080873287583898,0.10422910996083261,3.25,0.40625,0.859375,4.375,45763.125,162567.5,16972.309027777777,0.5729166666666666,1.5,0.1875,0.2519317896550205,1.2592334678492678,0.1400092094148545,2.9999999999999973,0.008879023307436182,33078.734375,16.153472002739147,0.015425188711135848,0.5221841121840088,0.018740884860355297,0.04123079804375724,3.4720049194942266,234.15205327413983,0.2598801923131408,3.462942272798383,431.31298557158715,0.3299158291256108,3.420643729189789,57.23529411764706,182.43507214206437,27.886268343815512,0.47623011468738435,0.027521164999892343,0.11465395364994356,0.0120710601239098,219,b73de8b8-1804-4e80-b16c-050b9d6a17df,901
738.6666666666666,761.0,1568.7965579987033,2.123822055052396,0.2518932312892838,0.006706927677943937,0.015982675896232475,3.969935972005384,32.89376840679705,32.89376840679705,32.0,31.0,32.20400334626426,30.14789917019847,0.0,0.9361537708850008,0.0,760.5,761.0,103.74011537017776,0.13641040811331723,0.9423404086430359,1.0611876460227292,32.89376840679705,32.20400334626426,30.14789917019847,0.9361537708850008,13658138.0,13658138.0,1.22087857180856,113.0,121.0,151.0,166.0,133.49540078843626,131.0,13.0,53.0,8.969521050005092,6.327913631633717,133.96872367261858,11.251528376411938,0.8293692157521416,3.010642767098155,126.59689080520307,0.5102992293493069,3.708606982371241,3.249541133664696,-0.11200646751770926,1.004534229194777,0.17110266159695817,0.708919202966268,0.17110266159695817,0.6602209963789734,0.14182654079139498,0.914448669201521,0.914448669201521,0.9828897338403042,0.9572243346007605,-0.38547672037238145,0.7697568965976389,0.17110266159695817,1.8708952644313859,0.4035881573565954,1.8801167246758375,0.7120827609742643,0.6038714137573453,3.741790528862772,1.70901406307888,0.2939092226979339,233.43343653250773,0.3613520689357705,0.5307752398661926,4.7631578947368425,44.749226006191954,170.65944272445822,15.177416580667355,0.3877278981768146,4.6140278310328435,85.08978328173374,0.13171793077667762,0.21222076215505914,22.545581765376838,0.30188796662787115,2.0029241726681715,0.08522702911015176,5.5,0.4583333333333333,0.8541666666666666,5.916666666666667,23072.083333333332,90724.08333333333,6452.972222222223,0.41898148148148145,1.3333333333333333,0.1111111111111111,0.22312351678632555,1.339831312729423,0.09904474033788185,3.4182958340544856,0.01576872536136662,19050.40972222222,11.69616639141206,0.018804639842785163,0.48862392065476545,0.01854412481913087,0.04492943902744441,3.4143427666661763,188.62943495400788,0.24787047957162667,3.4697584787980404,388.3377135348226,0.31897997137040446,3.964520367936925,56.79237844940867,209.2706964520368,22.086435976054897,0.3902759526938239,0.02937301289328697,0.14878555333896834,0.010810768399292578,220,4a35bac4-1eb1-489b-a65b-08ac7e916569,761
626.9166666666666,649.0,1344.7001816815243,2.1449424671245905,0.26342998356713765,0.00717293151092077,0.01828081755451379,3.7960750953968017,38.27531841800928,38.27531841800928,32.0,24.0,38.383560500712754,21.80078134622084,0.0,0.5679718364276295,0.0,648.5,649.0,103.15432893255081,0.1590660430725533,0.8751297826212092,1.1426876560008923,38.27531841800928,38.383560500712754,21.800781346220845,0.5679718364276295,11237130.0,11237130.0,1.2972461658069363,107.0,118.0,149.0,162.0,131.06317411402156,128.0,16.0,55.0,9.559179584094053,7.029126492194676,131.58468773464853,11.703607878881934,0.5792675199003224,2.6084667409235216,136.9744373826273,0.4534153527650695,3.2089125102207685,3.355688241892155,0.13669398357301588,1.160326670138775,0.19419460343417827,0.7132645943286923,0.19419460343417827,0.7101642358105391,0.15648305943122048,0.9029026982829109,0.9029026982829109,0.9805805396565822,0.9514513491414555,-0.37521255465283404,0.7799553671120322,0.19419460343417827,1.722608340147179,0.32705047170978163,2.029479957312811,0.7148835359505553,0.4873262469337694,3.4452166802943585,1.8352853538786336,0.3386303183932384,237.4992,0.37999872,0.49009664000000003,4.232,29.3952,92.6944,14.768622222222225,0.4302222222222223,4.476631776176002,83.5888,0.13374208,0.24075500770416025,12.142807040000001,0.276612400939909,1.674366761389279,0.08268183653922852,7.166666666666667,0.5972222222222222,0.576388888888889,7.25,15517.583333333334,52114.5,6516.2245370370365,0.2708333333333333,2.3333333333333335,0.19444444444444445,0.2627179583830969,2.350837541730104,0.03070442704378401,2.7516291673878204,0.01848998459167951,12592.57638888889,14.508443715441116,0.019381530236445708,0.5794378694740968,0.023909421413459406,0.05077188992367433,3.6805247437750754,138.4668721109399,0.21335419431577798,3.4860553512456054,294.26656394453005,0.3628006581180957,3.4699537750385208,53.526964560862865,169.11864406779662,27.072119500085602,0.4835216572504708,0.031993158117552795,0.1620525370737235,0.012019892194974588,221,4c12ca2a-81ba-4acc-ad72-0c654f085b82,649
1045.1666666666667,1073.0,2201.9092563709128,2.1067541920308526,0.22619087169150967,0.005707047514561561,0.011572447595398268,4.421044901245394,43.41658669218482,43.41658669218482,42.0,32.0,43.07908686288502,31.913187158284668,0.0,0.7408046335768461,0.0,1072.5,1073.0,125.74011537017778,0.11724020081135457,0.9232721339386512,1.083104280136811,43.41658669218482,43.07908686288503,31.913187158284664,0.7408046335768461,17960330.0,17960330.0,1.3439683194247036,107.0,114.0,148.0,177.0,128.73066169617894,126.0,17.0,70.0,10.372949869238072,7.443986285714286,129.37706511086438,12.91672233830114,0.7719726222373916,3.2264860232996595,166.84171596476767,0.4268432394215728,2.8566212268743914,4.317940821371256,0.7214412764105909,1.319322072304829,0.17088607594936708,0.7706547556466345,0.17088607594936708,0.6597277370390033,0.14168402499599422,0.9145569620253164,0.9145569620253164,0.9899478778853313,0.9658227848101266,-0.4413840957336065,0.8241747633727601,0.17088607594936708,1.6029698149951312,0.32258304028807394,2.007729673118033,0.7746293123172354,0.4021421616358325,3.2059396299902634,1.836843597168667,0.372552037063549,326.9458239277652,0.36901334529093144,0.52966511931271,4.355530474040632,42.620767494356656,102.60496613995485,28.938127037873087,0.42788280662151995,4.675327000026064,107.06094808126412,0.12083628451609944,0.206430568499534,19.154069574876814,0.26357824804090774,1.7669152612421202,0.06574972763156822,7.117647058823529,0.4186851211072664,0.5951557093425606,7.294117647058823,25821.823529411766,64294.17647058824,16349.495098039217,0.2455065359477124,2.176470588235294,0.12802768166089964,0.29967316360547375,1.741044967623995,0.10121341752890514,3.7345216647797463,0.015843429636533086,21837.986159169548,11.883631412379481,0.01395552786429576,1.2377897169286722,0.011709097277658813,0.10261954419585603,3.532455962478923,260.9254426840634,0.24317375832624732,3.2559555088076473,458.00279589934763,0.4047444301324817,3.1043802423112767,57.25722273998136,152.30102516309412,35.735321528424976,0.5702728590659626,0.029245027927293936,0.13406735934855807,0.012806740973190981,222,2490b27e-045c-400f-a168-3fa4b11e40ba,1073
1331.9166666666667,1365.0,2798.103950877896,2.1008100738619,0.2092208595827447,0.005076990491265179,0.009158301697479885,4.779638139305657,56.88585061331157,56.88585061331157,55.0,32.0,56.375950263979504,31.152511311706167,0.0,0.5525851212411502,0.0,1364.5,1365.0,151.296464556282,0.11088051634758665,0.8654917297657351,1.1554125424984392,56.88585061331157,56.375950263979504,31.152511311706164,0.5525851212411501,21060250.0,21060250.0,1.1109858792416596,97.0,110.0,140.0,175.0,123.64981684981684,122.0,18.0,78.0,9.753430745079097,7.436661898909166,124.21253792896503,11.81005384243983,0.5465440096853089,2.962088402610599,139.4773717613278,0.49180265400045625,6.1213972132086285,1.8373755123104336,0.47594334340561184,0.9617308860918419,0.1374308074059935,0.7499352311512039,0.13666730292040463,0.5782148761536532,0.11875285571845584,0.9317935992873957,0.9317426989883565,0.9947202753476654,0.9772402948581609,-0.44443014044371726,0.7856225794197826,0.1359992364955144,2.432143538843291,0.3912392123020843,1.6805070927021701,0.7587252738192674,0.5168925367436533,4.864287077686582,1.5406023396318411,0.2747904233744588,413.924064171123,0.4426995338728588,0.39136377934742195,7.597860962566845,69.6,394.65668449197864,14.202458704694,0.1664738562091503,4.88560955218493,105.0042780748663,0.11230404072178216,0.17124542124542125,35.499396608424604,0.27604895787709655,2.6151321550293365,0.0404735794625771,5.588235294117647,0.328719723183391,0.9342560553633219,12.176470588235293,47310.529411764706,269552.23529411765,9597.780947712417,0.1526797385620915,3.1176470588235294,0.18339100346020762,0.40737838425124573,6.001521527992875,0.04366051165706315,3.572469458770131,0.012454212454212455,40863.384083044984,5.670331194739012,0.01210655197491323,1.5470614603584758,0.003896783553726297,0.13972156647315884,3.10864744223455,455.77069597069595,0.3338979457660776,3.16642380818205,671.3106227106227,0.287463940211193,6.31062271062271,61.38388278388278,365.13260073260074,12.05942083842084,0.18941676841676844,0.027132511972364583,0.22926064892107975,0.004514941806325026,223,6b18739b-52d7-4abd-a084-d2c36bc5d513,1365
725.9166666666666,749.0,1544.4500124598426,2.127585828207796,0.25291122963214113,0.006747626676928689,0.01617723667292691,3.953956498707068,36.71511950137164,36.71511950137164,34.0,27.0,36.01442051470821,26.499030576966128,0.0,0.735789447622626,0.0,748.5,749.0,104.66904755831224,0.13983840689153273,0.9265792324027505,1.0792385206032074,36.71511950137164,36.01442051470821,26.499030576966128,0.735789447622626,14443657.0,14443657.0,1.4786585252142361,114.0,122.0,156.0,174.0,138.18291054739652,138.0,25.0,60.0,12.121771618945422,10.117155998728622,138.8665590713056,13.762429326053415,0.26574123401088473,1.9332548877604636,189.40446095461505,0.38504922451118617,4.397115722827999,6.119092420134855,-0.016184838227446097,1.6667317855816823,0.18255364052057688,0.8025684537996435,0.18255364052057685,0.6856317057563641,0.14922780885326084,0.9087231797397116,0.9087231797397116,0.9817446359479424,0.9543615898698559,-0.4678499637006686,0.8628309530374744,0.18255364052057685,2.00650721069293,0.27643913523895447,2.23419135443679,0.8025698173280807,0.4463594794231446,4.01301442138586,2.051637713916214,0.46232135652556483,244.3125,0.36356026785714285,0.5444634885204082,5.388392857142857,34.470238095238095,147.51488095238096,13.024553571428571,0.3394097222222222,4.753308677313871,88.26190476190476,0.1313421201814059,0.22429906542056074,14.593501984126984,0.29211235414567294,1.809922026702866,0.08500055991490744,2.0,0.3333333333333333,0.6666666666666666,4.666666666666667,34772.833333333336,159274.66666666666,10908.11574074074,0.4537037037037037,1.0,0.16666666666666666,0.05549677562623186,0.3990716633311166,0.015904073626170887,2.5849625007211543,0.00801068090787717,19189.472222222223,15.196903692032368,0.020133315212624302,0.4782794126453088,0.028487700599011317,0.051818861594357474,3.8294326962995844,171.29906542056074,0.22870369215028138,3.148646793855982,288.4018691588785,0.4807371109855419,4.686248331108144,55.069425901201605,240.45927903871828,21.58948968995698,0.37512980269989615,0.026046473823668814,0.1333958473984461,0.009317836768883711,224,530624e3-74e3-405b-b0aa-247b4f873017,749
693.6666666666666,716.0,1476.8895345275275,2.1291055279109,0.25658818916713,0.0068953111686390935,0.01689312460153404,3.8972955195090644,34.40930106817051,34.40930106817051,31.0,29.0,33.220238821692035,27.476438967412452,0.0,0.8270993810396986,0.0,715.5,716.0,101.25483399593917,0.14151619007119381,0.9364702498006234,1.0678395818905109,34.40930106817051,33.220238821692035,27.476438967412452,0.8270993810396986,12530142.0,12530142.0,1.4517798962665172,109.0,115.0,152.0,163.0,131.55027932960894,129.0,25.0,54.0,12.12237445772604,9.828825764683804,132.2883151454517,13.954294404383534,0.3880028047929357,1.9179181759234512,194.7223323242096,0.38686760712836676,3.2374815905743746,6.246787759903233,0.9908323656040797,1.688755853600873,0.15058910162002945,0.8362579012788341,0.15058910162002945,0.6113125704064335,0.12791202409330188,0.9247054491899852,0.9247054491899852,0.984941089837997,0.9623527245949927,-0.5248434123930671,0.8794538271836714,0.15058910162002945,1.6890648011782035,0.301155089785941,2.086551644045112,0.8397324355878515,0.38880706921944036,3.378129602356406,1.9359625424250833,0.45983623880522556,205.43087971274687,0.36881666016651143,0.5134327588485377,4.813285457809695,48.51346499102334,130.32315978456015,31.87113504887293,0.37582286056253744,4.76832847878752,65.71095152603232,0.11797298299108136,0.1944832402234637,22.075036502937966,0.3035360134919073,2.0179840226063632,0.06406752613340368,4.6,0.46,0.44999999999999996,6.7,19240.8,54557.7,11234.241666666667,0.24166666666666664,1.8,0.18,0.3617188377440275,2.699899687724753,0.055624243923047434,2.92192809488736,0.013966480446927373,14114.240000000002,21.441136395561173,0.024626661063047596,0.41998341920846777,0.025524977902802146,0.06510811610186722,3.653475197740076,197.22067039106145,0.27544786367466684,3.556934864704597,276.9972067039106,0.4861017914546987,3.4902234636871508,58.97206703910614,180.0209497206704,35.08166511483551,0.5388345747982619,0.029979405467442512,0.1519470548021609,0.011281143839441423,225,c66a04bd-ad45-4c0a-978d-bcda437a6b42,716
1068.1666666666667,1098.0,2255.8586393602877,2.1118976183744307,0.22400871958243432,0.0056246598330564005,0.011240736592398258,4.464111941106846,48.507731342539614,48.507731342539614,32.0,46.0,47.79811814136886,30.24830260535346,0.0,0.6328345922718204,0.0,1097.5,1098.0,134.568542494924,0.12261370614571664,0.8726973312084892,1.1458726459209234,48.507731342539614,47.79811814136886,30.24830260535346,0.6328345922718204,15871714.0,15871714.0,1.1585414828147795,82.0,106.0,140.0,160.0,119.47176684881603,115.0,18.0,78.0,10.77721042730449,7.369794478638017,120.2294179167675,13.476270204581056,0.7368296564707804,3.1331905815680865,181.60985862687912,0.5396216336375792,5.276519666269369,3.5764293854638716,0.8892599818250457,0.9632145652708186,0.14255065554231228,0.7421683141065205,0.14255065554231225,0.5908799666679649,0.12222996614676929,0.9287246722288438,0.9287246722288438,0.9916146673210404,0.9714898688915375,-0.4306937712585571,0.7778139025460484,0.14255065554231225,2.25196662693683,0.4712582235790665,1.6922217470194714,0.7562717509991442,0.6591179976162098,4.50393325387366,1.5496710914771599,0.2764413052032828,295.9987421383648,0.37232546180926385,0.5696673391084213,7.958490566037736,74.57861635220125,331.84654088050314,18.013731656184486,0.1936844863731656,4.544965219339184,115.47798742138365,0.14525533008979075,0.18101092896174864,44.05820339385309,0.307621178050415,3.33450646358269,0.04603522984868856,5.615384615384615,0.4319526627218935,1.2544378698224852,11.692307692307692,49253.53846153846,225133.6923076923,11553.694978632479,0.22863247863247865,2.076923076923077,0.15976331360946747,0.3206070957641139,5.111795601136198,0.021053813976053944,2.9312089489103204,0.011839708561020037,42119.78698224852,6.301304085319765,0.016865045007281452,0.8615162847546265,0.007623101634962645,0.08097226355898329,2.8395782934830676,352.183970856102,0.320750428830694,3.294663919495954,592.5045537340619,0.3162199196419388,5.591985428051002,60.326047358834245,293.6739526411658,14.24206258854483,0.22594742967010725,0.02730048959811949,0.23610063932980604,0.004967455349382477,226,da9fb0b8-e6bb-4722-b21c-5edcb3abe1bd,1098
353.9166666666667,370.0,772.30933475183,2.182178482934297,0.3132998476391317,0.009303345558141479,0.03075250877121488,3.191830470188515,25.317977802344327,25.317977802344327,19.0,25.0,24.731888211478687,19.223081656892166,0.0,0.7772589578490111,0.0,369.5,370.0,73.35533905932738,0.1985259514460822,0.9289245154025889,1.0765137354208028,25.317977802344327,24.731888211478687,19.22308165689217,0.7772589578490111,1583343.0,1583343.0,1.5345601100366777,40.0,46.0,85.10000000000002,107.0,63.62432432432433,62.0,24.0,67.0,12.683067932797663,9.70536379983334,65.41640012569788,15.206931303803458,0.5644758014225111,2.5401972219651525,231.25075967859755,0.3888531775018261,4.101238164603059,7.109317279017106,0.3829989356604605,1.653222670703172,0.20538965768390385,0.7789860160218094,0.20538965768390385,0.7325773173899879,0.16320474620039266,0.8973051711580479,0.8973051711580479,0.9879182554303584,0.958922068463219,-0.4336603605271819,0.8495555799766674,0.20538965768390385,1.9337217771303714,0.28058981639983255,2.3102030940253444,0.7921668670928721,0.45957756737072103,3.867443554260743,2.1048134363414412,0.46465308209676903,134.33161953727506,0.3453255000958228,0.6204690690651,5.961439588688946,23.46529562982005,88.20565552699229,10.493216223936018,0.3081441016852328,4.299786017667548,56.83547557840617,0.14610662102418037,0.2628378378378378,8.990107123267755,0.3085158960698765,2.6871525746842457,0.05382939670930762,2.142857142857143,0.30612244897959184,0.9795918367346939,9.142857142857142,7404.285714285715,29596.14285714286,2606.3065476190473,0.24404761904761904,1.2857142857142858,0.1836734693877551,0.0895863040534542,1.1672253459501243,0.007462855162743581,2.807354922057602,0.01891891891891892,4610.408163265305,3.841566603074851,0.03782987947020642,1.2350461057099564,0.017313841844557695,0.21123421336307197,3.812798698717409,69.72972972972973,0.18845872899926955,3.459722425127831,143.87567567567567,0.5053981008035062,4.494594594594594,51.03243243243243,191.92702702702704,22.809628378378378,0.3985923423423423,0.031227360438669968,0.2051558229147515,0.00935282651321011,227,a9213cfe-946e-4823-b7fd-1940120f5872,370
443.6666666666667,462.0,960.9907685487749,2.166019763821431,0.2927314894919842,0.008402393968799823,0.025084666278880906,3.416099859073695,29.966648127543394,29.966648127543394,21.0,27.0,29.164834891944096,20.27047638995141,0.0,0.6950314124888296,0.0,461.5,462.0,83.5979797464467,0.18114405145492243,0.9109509695612589,1.097753922454937,29.966648127543394,29.164834891944096,20.27047638995141,0.6950314124888296,7688335.0,7688335.0,1.211852954387704,111.0,116.0,145.0,166.0,128.517316017316,126.0,16.75,55.0,9.162496954704745,6.7757901514515275,129.00161917169004,11.167686986259811,0.7747570445403136,3.001466798771164,124.71723262307675,0.46087029853263617,2.5979142526071843,2.1396242464734097,0.29786150323789284,1.036071587297538,0.18771726535341832,0.6932195207583601,0.18771726535341832,0.696671656584799,0.15247949364165267,0.9061413673232909,0.9061413673232909,0.9812282734646582,0.9530706836616455,-0.3604058191104829,0.752787768258598,0.18771726535341832,1.544611819235226,0.33310596977049256,1.9022910153017867,0.7016004146516854,0.4078794901506373,3.089223638470452,1.714573749948369,0.30594721316273904,191.79372197309416,0.43003076675581653,0.4044320215568381,3.7847533632286994,27.130044843049326,63.75784753363229,18.321873442949673,0.453288490284006,4.172329248263997,59.874439461883405,0.1342476221118462,0.24134199134199133,9.961471173761788,0.2523761003314724,1.4707075109262266,0.06977533814394755,3.0,0.5,0.5833333333333334,6.833333333333333,16372.0,43865.833333333336,9547.060185185184,0.2824074074074074,1.3333333333333333,0.2222222222222222,0.3756579271977536,3.380875470499957,0.04174358766849898,2.2516291673878213,0.012987012987012988,10443.0,10.316826471968099,0.027574638324455607,0.6002387361749488,0.020433152500462893,0.0808493446987471,3.4550324930014535,91.80952380952381,0.1987219130076273,3.168362661869155,212.92207792207793,0.3283156237701692,2.8593073593073592,53.142857142857146,130.17532467532467,34.36093073593074,0.5832732082732083,0.030438950772709278,0.1385680848818604,0.013210392326924355,228,544abb54-013e-4247-a9c0-6f1dd4f75a65,462
375.6666666666667,396.0,830.397453576584,2.2104634966546155,0.3032028109778448,0.008857246101758563,0.027874024016791066,3.2981224572916985,32.55764119219941,32.55764119219941,16.0,32.0,35.738147317043726,15.017984263633027,0.0,0.4202227980763531,0.0,395.5,396.0,89.11269837220814,0.2253165571990092,0.7911131098338849,1.2640417502498174,32.55764119219941,35.738147317043726,15.01798426363303,0.4202227980763532,6845889.0,6845889.0,1.2985299439951314,109.0,117.5,149.0,162.0,130.9419191919192,129.0,17.0,53.0,9.8350423426181,7.433662328587649,131.48231244105986,11.908496260459977,0.39712418892584106,2.371246375785356,141.81228318538925,0.4509106213651668,3.130763936682725,3.249149842936534,0.17093721782388643,1.165092608074331,0.20578114246386786,0.69978104492397,0.2057811424638679,0.7333407732060545,0.16343526387013319,0.8971094287680661,0.8971094287680661,0.9794218857536132,0.9485547143840332,-0.35685289851959967,0.7690974004762493,0.2057811424638679,1.7002752924982794,0.31553792163637046,2.061203505958665,0.7047536684335691,0.46455609084652444,3.4005505849965587,1.855422363494798,0.3427184376345497,171.9953488372093,0.39998918334234723,0.4552785289345592,4.244186046511628,21.767441860465116,67.02325581395348,11.270025839793282,0.4137596899224806,4.102913201621675,64.96279069767442,0.15107625743645214,0.27146464646464646,8.197641968631691,0.2752957447431282,1.6973151765188124,0.0804641569686014,3.75,0.46875,0.734375,6.375,7623.0,27295.375,2753.378472222222,0.3506944444444444,1.0,0.125,0.1432731693808875,1.2889813437859492,0.01597125035596209,2.9999999999999973,0.020202020202020204,5172.75,9.226369559285029,0.03074531319754401,0.5999270025987582,0.02496966733735462,0.08056295725325768,3.684096903918379,72.22222222222223,0.18237934904601572,3.2331394755637177,178.56060606060606,0.3642676767676768,3.426767676767677,49.85858585858586,150.01767676767676,26.695917508417505,0.49151234567901236,0.032335585398581425,0.16071651296601694,0.012387019365359311,229,622045da-b18a-4cde-b12a-2d8e253f2bdc,396
710.1666666666666,733.0,1512.3536361426666,2.129575643477118,0.2545292076406331,0.006812481175350086,0.01648970463491345,3.9288221940009675,36.24913792078372,36.24913792078372,33.0,27.0,35.82672794657614,26.128270916762844,0.0,0.7292954845255369,0.0,732.5,733.0,104.08326112068535,0.14209318924325645,0.9217812195165682,1.0848561229360412,36.24913792078372,35.82672794657614,26.128270916762844,0.7292954845255369,13237808.0,13237808.0,1.0123543167508589,113.0,123.0,147.0,177.0,133.96725784447477,131.0,13.0,64.0,8.351672935794333,5.728289497520911,134.38662637288505,10.608448214391112,1.106512021943371,4.445339668168402,112.53917351741798,0.6159943717440708,3.7323741007194244,2.2485308386804093,-0.21515039921895152,0.7061125200558976,0.1510791366906475,0.647502083106908,0.1510791366906475,0.6125342691044331,0.12825423114745615,0.9244604316546763,0.9244604316546763,0.9911129919593737,0.9697841726618706,-0.33999814715162013,0.6916629207871214,0.1510791366906475,1.8956834532374103,0.513356451529424,1.5888493065260034,0.6524810979153444,0.702158273381295,3.7913669064748206,1.4377701698353573,0.2142979141866363,215.67832167832168,0.37706000293412884,0.5102939019022935,4.566433566433567,52.43006993006993,203.95804195804195,15.795405982905983,0.39612470862470867,4.643579361081446,71.4055944055944,0.12483495525453567,0.19508867667121418,26.155484375764097,0.29692491775810936,1.9342158768622448,0.09389576079897473,3.909090909090909,0.35537190082644626,1.1074380165289257,6.2727272727272725,29275.18181818182,117081.18181818182,7597.775883838383,0.442550505050505,2.090909090909091,0.19008264462809918,0.38775632121070347,4.115298876859252,0.03987268456979943,3.0271691184406153,0.015006821282401092,24834.776859504134,4.932544917703228,0.021783176518661216,1.0503613910601044,0.005829888400329701,0.1319254769544905,3.0639082241701696,199.09549795361528,0.27161732326550514,3.3731902197886052,451.5238744884038,0.233114766913151,3.9386084583901773,58.7162346521146,220.92905866302866,19.853996134606643,0.355587767166894,0.02922162147158899,0.1674462338495097,0.009082310602857685,230,2505641a-7284-4045-a79a-2cc9113658bb,733
835.4166666666666,860.0,1770.206642814866,2.1189505948906127,0.24232352719917158,0.006328375633756104,0.014229405164850491,4.126714444768195,39.96248240537617,39.96248240537617,31.0,34.0,38.480306179743835,28.663299878896805,0.0,0.7448823235711483,0.0,859.5,860.0,112.32590180780466,0.13068749483165173,0.9252262770141622,1.0808166875968368,39.96248240537617,38.480306179743835,28.663299878896805,0.7448823235711483,14264523.0,14264523.0,1.2133524548180958,106.0,115.0,144.0,159.0,128.3360465116279,127.0,17.0,53.0,8.884329367225526,6.852453038073883,128.78918685651675,10.794156610317883,0.4908611601810821,2.5674723930122325,116.51381692806925,0.4643293672255273,2.7628205128205128,2.0146502179934656,0.07217585333374638,1.0466794431995894,0.15506715506715507,0.741930361540768,0.15506715506715507,0.6223769203410344,0.13102133248653394,0.9224664224664223,0.9224664224664223,0.9844932844932843,0.9612332112332111,-0.4314230258788118,0.7943851580202262,0.15506715506715507,1.5937118437118438,0.35903566993310576,1.8126170632349083,0.7658618118812336,0.45695970695970695,3.1874236874236876,1.657549908167754,0.3004366495666862,265.44940476190476,0.3950139951814059,0.4623702345521542,4.084821428571429,48.354166666666664,124.02380952380952,29.932787698412703,0.43712797619047616,4.629069414585701,82.36011904761905,0.12255970096371882,0.19534883720930232,22.14951814058957,0.3197258242892459,1.9672386376485247,0.08866701232051497,7.857142857142857,0.5612244897959183,0.37244897959183676,7.357142857142857,24306.571428571428,70030.07142857143,12901.093253968254,0.20436507936507936,2.857142857142857,0.20408163265306123,0.4221163200998806,3.084755002520864,0.06674362804266772,2.9852281360342485,0.01627906976744186,20533.102040816324,14.682784621292686,0.018167492511316326,0.48328779477659684,0.01730133672591672,0.049404916084540576,3.308448870965228,239.3813953488372,0.27835045970795025,3.601871281773932,399.3232558139535,0.3257585181179016,2.9872093023255815,58.913953488372094,156.27093023255813,34.98556201550388,0.5548772609819121,0.03168760253886223,0.1517996447394634,0.012623559832524743,231,63098876-a957-4d3e-b1d6-e4046aa73207,860
785.4166666666666,809.0,1666.5497885653729,2.121867104804719,0.24702025945295694,0.006513249836169711,0.015072931331044748,4.0482509500012975,36.76955262170047,36.76955262170047,30.0,35.0,35.41882023879455,29.51649239919597,0.0,0.833356170538574,0.0,808.5,809.0,108.3259018078047,0.13398379939122412,0.9304919728731673,1.0747002974267539,36.76955262170047,35.418820238794545,29.51649239919597,0.833356170538574,16440058.0,16440058.0,1.4112328666098297,115.0,123.0,158.0,182.0,141.92336217552534,142.0,19.0,67.0,10.760193191246191,7.849798933903383,142.55334481752794,13.38713514758411,0.19670004925575477,2.7566155224570204,179.2153874596818,0.44484561049136645,4.874593892137751,6.0921610741687005,0.15499761273586016,1.418063952145664,0.14132553606237816,0.8187424795010237,0.14132553606237816,0.5876997718341003,0.1213526289190596,0.9293372319688109,0.9293372319688109,0.9916867331728012,0.9717348927875243,-0.5236734542602981,0.8720720264168219,0.14132553606237816,2.134340480831709,0.3661740280115734,2.014640924960334,0.8371166695132815,0.5610786224821313,4.268680961663417,1.8733153888979568,0.3898473720520105,213.6273187183811,0.360248429541958,0.6007410798836339,6.829679595278246,56.158516020236085,260.02698145025295,16.464586846543003,0.2514287052651302,4.824807544784306,68.6256323777403,0.11572619287983188,0.18325092707045734,26.379685424955,0.3093437779037896,3.0126978377127,0.04407575961228378,5.428571428571429,0.3877551020408163,0.6938775510204083,10.571428571428571,20379.071428571428,93709.85714285714,5204.740575396825,0.1671626984126984,2.857142857142857,0.20408163265306123,0.4047412331055913,5.208368490951343,0.03410470732471749,3.18200581476021,0.0173053152039555,17039.882653061228,5.50970173199504,0.022233783277673076,0.8898012251897706,0.0106106807624503,0.11467656652899023,3.470552320901846,253.04944375772558,0.31279288474378936,3.6777691025407915,359.88009888751543,0.41665686246048395,5.149567367119901,60.43881334981459,282.0395550061805,18.9771751819805,0.30034507622579315,0.03169238845334407,0.25252981076146064,0.006835572411614058,232,2dd4d1c1-4742-40bd-b163-a82179dc902f,809
915.9166666666666,941.0,1935.5777679011762,2.11326842096389,0.23563735573968328,0.006068272680293473,0.013083755557829107,4.243809292719846,37.69615364994153,37.69615364994153,35.0,36.0,36.551038733506424,33.02364900913531,0.0,0.9034941318606755,0.0,940.5,941.0,117.63961030678945,0.12508198863029182,0.9241250756588547,1.082104605036337,37.69615364994153,36.551038733506424,33.02364900913531,0.9034941318606755,17310289.0,17310289.0,0.6574643666556986,113.0,126.0,146.0,166.0,135.39744952178535,135.0,10.0,53.0,6.178820324772638,4.373600832466182,135.63049525589048,7.947446530409744,0.3932880392822643,3.563422169917031,63.161906353721875,0.7766298768691817,3.893125521848037,1.1209732046065988,-0.2224084826464795,0.36089005983044153,0.08600055663790704,0.6151158539978053,0.08600055663790705,0.4229773892477069,0.07860446089587718,0.9569997216810464,0.9569997216810464,0.9913999443362093,0.9784998608405232,-0.35316788391116555,0.5923535132566464,0.08600055663790705,1.9556081269134427,0.7162869029204434,1.0075449279349336,0.6651282449341234,0.8433064291678263,3.9112162538268853,0.9215443712970272,0.11172265411708715,199.01666666666668,0.41461805555555553,0.4324826388888888,4.720833333333333,118.55833333333334,469.69166666666666,31.557407407407407,0.352199074074074,4.881639205944993,43.32083333333333,0.0902517361111111,0.1275239107332625,57.066597222222214,0.2708287264719048,1.8469105875678518,0.08205131675347362,6.2727272727272725,0.5702479338842975,0.6115702479338843,7.090909090909091,62247.545454545456,248216.54545454544,15803.073232323233,0.28535353535353536,1.7272727272727273,0.15702479338842976,0.30253140294110376,2.717522527204483,0.03419900014778005,2.8453509366224337,0.011689691817215728,54929.520661157025,5.649170474079434,0.026373199592210364,0.2624041121840102,0.0037384952126913833,0.05501840019198285,2.2440727321886182,410.90435706695007,0.4366677545876196,2.821058836948506,730.8087141339001,0.12250968682557843,4.0127523910733265,66.49840595111583,259.1307120085016,19.111376785925138,0.2999468650371945,0.024000728513942676,0.1265944988713004,0.006782377369218242,233,6b0b85ba-3a3f-4892-9f29-2a9a9964a842,941
734.4166666666666,758.0,1563.9141140749819,2.129464355940064,0.2517094813385224,0.006699590206949014,0.015947724491470562,3.9728340572721876,39.20459156782532,39.20459156782532,25.0,39.0,39.10570498322659,24.820708740448065,0.0,0.6347081263742538,0.0,757.5,758.0,107.49747468305847,0.1419108576674039,0.9076073173561432,1.1017980803779726,39.20459156782532,39.10570498322659,24.820708740448065,0.6347081263742538,13575878.0,13575878.0,1.4434038299671759,110.0,118.0,153.0,171.0,133.12137203166228,129.0,20.0,61.0,11.60193120348647,8.768973676113275,133.8287311738363,13.741528153983136,0.6360682599663576,2.50995460359256,188.82959600671117,0.39392304425616637,3.3850434782608696,5.048214806179113,0.489515341870961,1.4959127712665403,0.20208695652173914,0.7619705666443579,0.20208695652173914,0.7260824229422875,0.16124781852551986,0.8989565217391304,0.8989565217391304,0.9797913043478261,0.9494782608695652,-0.41510529121463213,0.8273138368890721,0.20208695652173914,1.7497391304347827,0.28125211342155004,2.201933957252965,0.7673137739072357,0.41182608695652173,3.4994782608695654,1.9998470007312266,0.4244999319470699,262.2710027100271,0.3553807624797115,0.5484977342998363,4.89159891598916,31.013550135501355,95.28726287262873,17.49555856669678,0.3824149352604637,4.452445794875716,106.47154471544715,0.14427038579328882,0.2434036939313984,14.134590668399909,0.3202747627519673,2.115281805893841,0.0825063833753308,8.647058823529411,0.5086505190311419,0.35986159169550175,7.0588235294117645,12497.64705882353,39161.76470588235,6179.133986928105,0.2042483660130719,4.647058823529412,0.27335640138408307,0.5236473716136146,4.238961285810215,0.07134651801710479,2.8138461086383817,0.022427440633245383,10509.53633217993,22.451608718843957,0.01719017339364401,0.560362763221831,0.032011638055212975,0.044492011643416485,3.8379558558875932,153.28232189973616,0.20221942203131418,3.6410147520554714,298.5936675461741,0.4621591328381172,3.7097625329815305,53.382585751978894,169.89182058047493,28.859498680738785,0.4911316329522134,0.038056099015390386,0.21645656958180517,0.01249418612928738,234,7fd773c7-8643-4af8-a41a-64f0962d2886,758
874.4166666666666,900.0,1850.5921480835739,2.1163733705330112,0.23895659831388052,0.006196941804823151,0.013644482907397223,4.1848603765544645,38.63935817272331,38.63935817272331,38.0,29.0,39.1544023242521,29.480099809930113,0.0,0.7529191625961874,0.0,899.5,900.0,114.66904755831226,0.12748087555120874,0.927169871178253,1.0785510089205057,38.63935817272331,39.1544023242521,29.480099809930113,0.7529191625961874,18393568.0,18393568.0,0.8400927317688833,121.0,131.0,155.0,165.0,142.65777777777777,143.0,15.0,44.0,7.951348148148148,6.302964607354721,142.9590772835981,9.27664903313425,0.10864018492021078,2.0712389141327985,86.05621728395062,0.6172913580246914,5.138403263403263,1.1879328327407084,0.6482021170077052,0.6644551180171809,0.07080419580419581,0.8074034712020056,0.07080419580419581,0.36891761099061016,0.0657909616607169,0.9645979020979021,0.9645979020979021,0.9929195804195804,0.982298951048951,-0.558964024995464,0.7722147641480183,0.07080419580419581,2.2338286713286712,0.5705929232480806,1.1693019362088866,0.815087581912224,0.7261072261072261,4.4676573426573425,1.0984977404046914,0.18381482845534416,200.25547445255475,0.4872395972081624,0.2837302644431421,6.625304136253042,144.74452554744525,659.6593673965937,33.961205731278724,0.18842930521762638,4.9751179511995005,31.447688564476884,0.07651505733449364,0.11416666666666667,68.02227076562417,0.24088855123583855,1.8664028862985675,0.04528088287269357,6.6,0.66,0.41000000000000003,7.7,49424.8,221039.5,11708.125,0.21388888888888888,3.2,0.32,0.33611347789139223,2.825020183856378,0.059568195242547785,2.3219280948873604,0.011111111111111112,41324.8,5.365324039421157,0.031389189621222585,0.2875068104735833,0.00475604199327193,0.08328590604026846,2.4426112509902804,421.0133333333333,0.4677925925925926,2.5369333333333337,555.5622222222222,0.1930506172839506,5.265555555555555,67.93111111111111,340.7922222222222,15.070154320987655,0.21632716049382716,0.02285410472831108,0.14328024988802104,0.004643234580926565,235,e9310283-0643-443d-8d25-f7eff51545d7,900
526.1666666666666,547.0,1134.4972296821127,2.15615564716271,0.27781961540539196,0.007768608498260079,0.021443156602295534,3.5994578659998817,34.36568055487916,34.36568055487916,34.0,20.0,34.829867506409215,20.053310741211128,0.0,0.5757504170097982,0.0,546.5,547.0,92.76955262170048,0.1697521548430018,0.8932942796463125,1.1194519239459768,34.36568055487916,34.829867506409215,20.053310741211128,0.5757504170097983,12112447.0,12112447.0,0.9904100752280629,134.0,138.0,161.0,172.0,148.57586837294332,148.0,11.5,38.0,6.779682429338689,5.103704037355674,148.80663010331787,8.283990580118138,0.3820361189259962,2.4657072030995755,68.62449993148604,0.5066324876591278,2.152046783625731,0.8977656790772682,0.2811796279696996,0.8266368284258404,0.1388888888888889,0.7123041128823374,0.1388888888888889,0.5813214987637021,0.1195987654320988,0.9305555555555556,0.9305555555555556,0.9722222222222223,0.9537037037037037,-0.40796411497343665,0.7407113647295798,0.1388888888888889,1.4071637426900585,0.3976383759105366,1.552214562226316,0.7123041128823377,0.5233918128654971,2.814327485380117,1.4133256733374275,0.24138142932868234,230.26365795724465,0.5469445557179208,0.2265277221410396,2.959619952494062,48.86935866983373,89.97149643705463,38.5938242280285,0.5100950118764845,4.235166980642733,51.066508313539195,0.12129811950959428,0.19241316270566727,21.858994250765907,0.23157652996706057,0.802495061462443,0.088846897093215,1.0,0.5,0.25,2.5,75794.5,163640.5,53833.0,0.625,1.0,0.5,1.3912567412702996e-05,3.9525571988893145e-05,7.509316268655459e-06,0.9999999999999993,0.003656307129798903,992.25,56.76127627028463,0.026918580082980797,0.13582838019419136,0.03364225692719603,0.026810079313151304,3.0366650585039388,159.10237659963437,0.29086357696459664,2.8736836124581817,277.12797074954295,0.24668375617043603,2.327239488117002,58.53564899451554,122.3528336380256,42.58135283363803,0.6681901279707495,0.022550443496512966,0.06004303950912074,0.013177294493361025,236,de11297e-37c2-4efe-a0b4-011a2aeba5c8,547
555.1666666666666,576.0,1191.8615551917205,2.146853596862901,0.27407782634738675,0.007612191914102847,0.020588357651845603,3.648598696680136,30.675723300355934,30.675723300355934,24.0,29.0,29.784356537185214,25.15656003287089,0.0,0.8446232505128453,0.0,575.5,576.0,91.9411254969544,0.15975868896082432,0.9249489849613234,1.0811407074973058,30.675723300355934,29.784356537185214,25.15656003287089,0.8446232505128453,8646390.0,8646390.0,1.1094890594990374,100.0,108.0,142.0,172.0,121.72916666666667,117.0,16.0,72.0,10.794704861111114,7.060112036771044,122.51976881303686,13.896176907296802,1.2538491330081247,4.1716072064058505,193.1037326388889,0.5402741608796295,1.9497464269248501,4.155543636997492,1.4611253582791828,1.0214181514492,0.14061779621945597,0.7579802991438056,0.14061779621945597,0.585854480349588,0.12084443160583955,0.9296911018902722,0.9296911018902722,0.9859382203780546,0.9648455509451361,-0.4372449684871133,0.7660107059333683,0.14061779621945597,1.315122176118027,0.48746322983164636,1.579315270078073,0.7685786319248961,0.6726602120792993,2.630244352236054,1.4386974738586178,0.290508986917164,169.62272727272727,0.3855061983471074,0.4797469008264462,4.220454545454546,65.13636363636364,95.00909090909092,59.17323232323231,0.42720959595959596,4.01990586204633,75.82272727272728,0.17232438016528925,0.1909722222222222,37.71685950413224,0.3983171356859826,2.5045773807616225,0.07949068501282625,1.5,0.375,0.6875,5.75,44797.0,63371.75,40420.53472222222,0.3680555555555556,1.0,0.25,0.2502730087429243,2.252387956457638,0.02781110034933664,1.9999999999999987,0.006944444444444444,24061.0,14.614841137123745,0.03295317045542311,0.4211113478514239,0.017197175505300043,0.09783747638940593,2.726150732530034,194.37847222222223,0.33746262538580246,3.84645061728395,311.1979166666667,0.34415690104166663,2.220486111111111,59.68055555555556,93.99479166666667,51.788724922839506,0.7566068672839505,0.027495255657561377,0.11377057640507335,0.013960761890436471,237,6a94efc0-c23c-4ecb-be75-f0738864d12e,576
195.66666666666666,208.0,440.5069450902558,2.251313177633335,0.3700064222397357,0.011940232137414313,0.050655637659641886,2.7026557916123872,20.12461179749811,20.12461179749811,17.0,14.0,19.712728723040858,13.62520172877408,0.0,0.6911880095447424,0.0,207.5,208.0,56.284271247461874,0.27124949998776804,0.907249912931639,1.1022321256208814,20.12461179749811,19.712728723040858,13.625201728774078,0.6911880095447422,4408480.0,4408480.0,0.833347774988053,135.0,137.0,155.3,166.0,145.42307692307693,144.0,10.0,31.0,5.540310650887576,4.174134814049586,145.5837057661859,6.836964446319484,0.6536038439537377,2.7029289410813013,46.744082840236686,0.6109929733727811,1.596,0.9633203200000007,0.5537280000000003,0.5584,0.128,0.6270396270396262,0.128,0.5519275534566066,0.111616,0.9359999999999999,0.9359999999999999,0.9744,0.9573333333333334,-0.32819814442665673,0.6267734651722628,0.128,1.22,0.545184,1.2708494419983674,0.6270396270396259,0.716,2.44,1.1428494419983677,0.1716,91.20224719101124,0.5123721752304002,0.24381391238479988,2.735955056179775,38.056179775280896,49.550561797752806,35.18258426966292,0.5660112359550562,3.7026488836036524,25.55056179775281,0.14354248200984723,0.21394230769230768,16.208433278626433,0.3087342686877037,1.1397031097197468,0.10099205842969279,1.6666666666666667,0.5555555555555556,0.2222222222222222,3.0,8411.333333333334,10236.333333333334,7955.083333333333,0.5,1.0,0.3333333333333333,0.0017040543523146367,0.006773498796759081,0.0004366932412035257,1.5849625007211552,0.014423076923076924,3604.2222222222217,31.719019933554815,0.07625092629688109,0.12610187288672867,0.025573115315019674,0.07313250914156365,2.6918210803171054,59.97115384615385,0.2883228550295858,3.522559171597633,127.08653846153847,0.19450351331360946,1.7932692307692308,56.64423076923077,79.82211538461539,50.84975961538461,0.8016826923076923,0.026088911570682403,0.0644197511180398,0.016506201683843053,238,4f5f11b3-8cad-41a1-aa4c-58b5e7e52f0a,208
1029.6666666666667,1058.0,2172.7376834956603,2.1101369538643513,0.2269557882834024,0.005736021521485998,0.0116902497744142,4.406144507542976,44.91102314577124,44.91102314577124,44.0,31.0,44.518299337093694,30.376608300110764,0.0,0.6823398187360733,0.0,1057.5,1058.0,127.74011537017783,0.12079443533822963,0.902438917638792,1.1081082391886135,44.91102314577124,44.518299337093694,30.376608300110764,0.6823398187360733,19272736.0,19272736.0,1.0634601412746163,101.0,120.0,148.0,169.0,134.52551984877127,135.0,14.0,68.0,8.638748432145398,6.245615373285078,134.96739086665897,10.912429004183494,0.2603640963608291,3.20162998356274,119.08110677134516,0.5841156228000901,3.689493201483313,2.6027167485468734,-0.23690318897679585,0.8205961059220968,0.12929542645241038,0.7277680197249422,0.12830655129789864,0.5560815953536105,0.11283285534645009,0.9360115368768026,0.9359456118665018,0.9871160977465057,0.9679728059332509,-0.4318243049852071,0.7658813191581583,0.12744128553770087,1.8752781211372065,0.49457279890478095,1.6038164601104516,0.7310764918682641,0.6833127317676143,3.750556242274413,1.4701325249932415,0.23747288309362685,268.14772727272725,0.38089165805785125,0.48860408057851235,4.465909090909091,71.51136363636364,270.87215909090907,23.397806186868685,0.4018308080808081,5.01204694697975,75.5909090909091,0.10737345041322315,0.166351606805293,35.37487086776859,0.2902103038750428,1.6546684379535805,0.10777200268253756,8.777777777777779,0.4876543209876543,0.8672839506172839,6.055555555555555,35056.333333333336,137901.38888888888,9509.637345679012,0.41512345679012347,3.4444444444444446,0.19135802469135801,0.39609256748752925,2.9802334376564743,0.10896576618521409,3.2607845582978485,0.017013232514177693,31601.5061728395,10.91308264735508,0.017678311306723427,0.3732581009688872,0.010850589464086511,0.04075727312458843,3.06527458924631,350.9943289224953,0.33175267383978757,3.2837575623300372,617.9943289224952,0.251965401781726,3.8648393194706996,62.10018903591683,230.54158790170132,22.69725372820836,0.3741073303927746,0.029039377303116162,0.14651750752285794,0.010524677007579853,239,c3cac2bb-35be-4666-9ffb-8b4189763a4b,1058
679.9166666666666,703.0,1453.7213614406257,2.138087552063673,0.2572211903699178,0.006920842923144378,0.01701845894036348,3.887704580489146,39.92492955535426,39.92492955535426,24.0,36.0,40.23896099601892,22.347111882512984,0.0,0.5553600622223799,0.0,702.5,703.0,106.32590180780467,0.15135359687943725,0.8836677824999968,1.1316470055871972,39.92492955535426,40.238960996018925,22.347111882512987,0.5553600622223799,10806050.0,10806050.0,1.2984237161276386,100.0,105.0,150.0,183.0,122.6344238975818,116.0,24.0,83.0,14.608746501986003,10.244647559665095,123.98119666546329,18.22457686500579,1.1866079057305357,3.6886496018255923,332.13520190850426,0.49540781329356615,2.3029732781332335,11.497350725085598,3.072213169846271,1.5813185613052434,0.17237485886337975,0.8034150588911879,0.17011667293940536,0.665165409203785,0.14343517645140713,0.9153180278509597,0.9151674821226948,0.9899001527596362,0.9660519382762515,-0.4514442953944914,0.8106422464362282,0.16814076025592772,1.396687993978171,0.4443551655330173,1.83591764662969,0.8093802975143863,0.6439593526533685,2.793375987956342,1.6595331878522406,0.43842335504215574,199.91721854304635,0.33098877242226216,0.7076526248848735,5.375827814569536,56.950331125827816,80.47350993377484,52.60306291390729,0.3682395143487859,4.168026020383946,126.76821192052981,0.20988114556379106,0.2147937411095306,35.275448445243626,0.43717930695402624,3.2953500786335685,0.07914775977812522,5.8,0.38666666666666666,0.7288888888888889,11.4,16268.466666666667,23675.333333333332,14662.69675925926,0.15694444444444444,5.933333333333334,0.39555555555555555,0.6375231948845158,8.216861100791723,0.053620082260409374,2.599581230646062,0.021337126600284494,14071.982222222221,8.1768938619797,0.030748915102543246,0.900180442233079,0.012346369573692215,0.22791914487078568,2.906970007384028,221.0199146514936,0.31439532667353287,4.3417258690149305,348.271692745377,0.5219006533673001,2.6685633001422473,57.364153627311524,96.71123755334281,49.68277817290975,0.7264402560455192,0.03924685896960333,0.2893431865001414,0.014228471108953566,240,7868e967-2552-41d8-a3c3-52b5a17a05b7,703
528.4166666666666,548.0,1134.7439991154426,2.147441726760024,0.2785504735884265,0.007799283889304022,0.021612833288886118,3.590013641396835,28.861739379323623,28.861739379323623,24.0,28.0,28.601076950629942,24.427763375747617,0.0,0.8540854394369088,0.0,547.5,548.0,88.18376618407365,0.16106623960561398,0.9406073128161287,1.063142914555972,28.861739379323623,28.60107695062994,24.427763375747617,0.8540854394369088,10543483.0,10543483.0,1.4030677634155657,115.0,122.0,156.0,167.0,138.10766423357666,138.0,23.0,52.0,11.284305237359476,9.334457549372914,138.70808369288295,12.892073599599092,0.14875931890891603,1.7999249904517225,166.20556169747988,0.4230912675155841,4.306834706737761,5.193984624416314,0.014076152216935256,1.4304295919448662,0.1759573436742608,0.7809278203492804,0.17595734367426077,0.6711528777550897,0.14499635688135887,0.9120213281628696,0.9120213281628696,0.982404265632574,0.9560106640814349,-0.451794241790235,0.843161170878318,0.17595734367426077,1.9983034415899175,0.31745449743642407,2.1264189042521533,0.7811978337318917,0.5104217159476491,3.9966068831798354,1.9504615605778934,0.4015967339047817,179.90650406504065,0.3656636261484566,0.5338546830590257,5.34349593495935,34.32113821138211,144.91056910569105,12.306120144534779,0.338696928635953,4.634639866014357,64.64227642276423,0.13138674069667525,0.22445255474452555,14.471577764558134,0.2708580098452012,1.6289025777325206,0.09323123019607969,2.4285714285714284,0.3469387755102041,0.693877551020408,5.285714285714286,17784.85714285714,78188.28571428571,5204.31746031746,0.40476190476190477,1.2857142857142858,0.1836734693877551,0.3303818757939303,2.7233153518601685,0.04961882235804158,2.521640636343317,0.012773722627737226,11656.204081632652,9.624339375901878,0.02695974101031559,0.4762283607646953,0.024481131896104676,0.06848405773865576,3.699206435141214,126.17883211678833,0.2302533432788108,3.188156001918056,231.85401459854015,0.4214396078640311,4.598540145985401,55.09124087591241,235.0036496350365,20.39294403892944,0.35989456609894566,0.02873053746370135,0.1578622787483471,0.009278229309450043,241,fb7f1ec3-5713-4c74-a8a5-dcffac0f33dd,548
515.9166666666666,535.0,1110.458269952265,2.152398520340362,0.28013556815755386,0.007865951375704125,0.021983901071277547,3.569700222563598,32.7566787083184,32.7566787083184,28.0,24.0,32.26539073675326,21.250808093974,0.0,0.6586254686129485,0.0,534.5,535.0,89.49747468305837,0.16744148677840667,0.915731187931293,1.0920235252214971,32.7566787083184,32.26539073675326,21.250808093974,0.6586254686129484,11578768.0,11578768.0,0.9869943876056955,129.0,134.0,160.0,175.0,146.77383177570093,147.0,16.0,46.0,8.429305616211021,6.556161097550711,147.11409520962223,9.999965761143235,0.25741748676101756,2.1998175449907835,99.999315224037,0.5192732989780766,2.066666666666667,1.0069435218653133,0.40590968279318207,0.8316467414172914,0.11243781094527364,0.7618056334808166,0.11243781094527364,0.5072256233978049,0.09979554961510854,0.9437810945273631,0.9437810945273631,0.9887562189054726,0.9718905472636815,-0.475694994404193,0.774475701869138,0.11243781094527364,1.37363184079602,0.43293631345758765,1.4673190223127537,0.7638992324801599,0.572139303482587,2.74726368159204,1.3548812113674809,0.23602113809064132,182.17977528089887,0.5117409418002777,0.25719606110339605,2.893258426966292,65.98314606741573,116.21348314606742,53.43804619225968,0.5391697877652935,4.523238632169816,36.2752808988764,0.10189685645751799,0.16635514018691588,29.84818836005555,0.2690518301564055,0.9526381038303052,0.11063965624479698,3.0,0.42857142857142855,0.4081632653061224,3.857142857142857,20073.85714285714,37750.142857142855,15654.944444444443,0.4444444444444445,1.5714285714285714,0.22448979591836735,0.30649178684490547,1.9315021867922124,0.05896934558823751,2.5216406363433164,0.013084112149532711,14232.530612244896,9.738817724239338,0.03262161496302811,0.4551201023012406,0.009605444712021707,0.1205104575764681,2.9879213533880953,181.17570093457945,0.3386461699711765,3.253160974757621,277.811214953271,0.24373831775700933,2.203738317757009,62.06915887850467,124.62990654205608,46.43104880581516,0.7011422637590862,0.027113032544274194,0.08549450766807243,0.01459450696166317,242,1b8cbdda-20aa-4615-8478-74c96074bd40,535
736.1666666666666,759.0,1567.5320085946255,2.1293167424876054,0.25152730599936474,0.006692318256464289,0.015913122935283807,3.9757114879707163,40.85339643163099,40.85339643163099,29.0,33.0,38.89735171325705,25.395198911151475,0.0,0.6528773243576951,0.0,758.5,759.0,108.22539674441636,0.1426834498937592,0.9020976220270164,1.1085274759432318,40.85339643163099,38.89735171325705,25.395198911151475,0.6528773243576951,5555588.0,5555588.0,1.5237362553634008,55.0,64.0,107.0,124.0,84.03952569169961,82.0,25.0,69.0,13.587880870919196,10.486180215888009,85.5547502086673,16.030390038349637,0.33227538893616687,2.1777468114579026,256.97340478161925,0.36047882155460775,3.6950329975686005,6.75487028839842,0.6037637187377467,1.8480469838179738,0.16985064258423063,0.8316558378761116,0.16985064258423063,0.6573629981461268,0.14100140179795456,0.9150746787078846,0.9150746787078846,0.983014935741577,0.9575373393539424,-0.5111733612207096,0.883878789078155,0.16985064258423063,1.8098298020145884,0.27061812666274243,2.213241969034427,0.8479751180073387,0.37443556790552274,3.619659604029177,2.043391326450197,0.5044744066005513,239.6501547987616,0.37097547182470836,0.5314054577346663,5.541795665634675,39.68730650154799,119.69349845201238,24.18524251805986,0.3237874097007224,4.5757273669355,81.60371517027863,0.12632154051126723,0.21277997364953888,17.600216622415626,0.2711167537805093,2.0247689200088628,0.05222264974790035,1.8,0.36,0.56,5.4,41335.4,149122.2,20006.922222222223,0.34444444444444444,1.4,0.28,0.40001258468229395,2.6000812197203453,0.0722264382332998,2.321928094887361,0.006587615283267457,18292.160000000003,20.916752532308767,0.02218013669192842,0.4372575351482484,0.03053881732536749,0.056913495294221905,3.6727520257643897,175.44532279314888,0.231153257961988,3.05758391615068,273.6034255599473,0.5388964399103598,4.0144927536231885,56.31488801054019,190.62055335968378,30.813424096032794,0.4806031327770458,0.02632756526950799,0.13552795881686497,0.009797454839030448,243,6f166a73-8270-4ad4-9633-8c4a3ac5b289,759
461.6666666666667,480.0,998.2621175295589,2.162300615587492,0.28937335950988724,0.00825822471631618,0.0242312399884008,3.4557431330019592,30.528675044947494,30.528675044947494,26.0,23.0,29.983681777122587,20.599646218089976,0.0,0.6870285767843031,0.0,479.5,480.0,85.25483399593907,0.17779944524700536,0.9105005755637945,1.098296944382255,30.528675044947494,29.983681777122587,20.599646218089973,0.6870285767843031,7609729.0,7609729.0,1.2177824900165226,106.0,111.0,145.0,169.0,125.21041666666666,121.0,19.0,63.0,10.829253472222222,8.0879325556318,125.91108800790077,13.264751844382749,0.9624617717017934,3.311123456102795,175.95364149305553,0.47334201388888897,2.255567928730512,3.632822762789594,1.1207814324947958,1.1395069964930733,0.1492204899777283,0.7684219642333058,0.1492204899777283,0.6078861379252738,0.126953735348535,0.9253897550111359,0.9253897550111359,0.9850779510022272,0.9626948775055679,-0.44910866335516336,0.8002968663978967,0.1492204899777283,1.4170378619153674,0.3985093079895437,1.7662964280839444,0.7770522438025061,0.5673719376391982,2.8340757238307352,1.6170759381062165,0.3221818716177003,161.5969387755102,0.4122370887130362,0.43585355060391506,4.145408163265306,47.14795918367347,77.41326530612245,40.22222222222222,0.4177295918367347,4.266426505297501,53.84183673469388,0.13735162432319867,0.20416666666666666,23.157955018742193,0.3360602793021753,1.9795443306578846,0.07509987791115287,3.857142857142857,0.5510204081632653,0.5306122448979592,7.142857142857143,15540.0,28882.14285714286,12276.051587301587,0.25793650793650796,1.5714285714285714,0.22448979591836735,0.35747339160107927,3.217222081143546,0.03972154837358083,2.2359263506290312,0.014583333333333334,10837.959183673469,12.349679919137468,0.036667362364390096,0.4437087650324679,0.018015050189485276,0.10929692039511911,3.1426696419459397,134.8125,0.280859375,3.594722222222222,227.20416666666668,0.3617664930555556,2.53125,57.8625,112.89375,45.069965277777776,0.6796875,0.030057115168598304,0.1381623644442345,0.013408889269442344,244,8dda35cd-bafa-4130-9f2c-a0020deb837d,480
391.1666666666667,409.0,854.798015914421,2.185252703658511,0.3025950680072581,0.00883062911194034,0.027706746778294582,3.30474652672136,29.546573405388315,29.546573405388315,26.0,19.0,29.27976622936476,18.60135816529823,0.0,0.6352973592611157,0.0,408.5,409.0,82.42640687119285,0.20177822979484175,0.8692297740184445,1.1504437950589352,29.546573405388315,29.279766229364764,18.60135816529823,0.6352973592611157,8380930.0,8380930.0,0.9392821119462135,125.0,130.0,160.0,182.0,142.64058679706602,139.0,18.0,57.0,9.903073271919705,7.371317263209155,143.14772577181597,12.03887003965523,0.871994549159946,3.172032134244456,144.9343918317083,0.5935103209569526,1.646437994722955,1.739476445978067,0.794486994190055,0.6498788646695581,0.1437994722955145,0.6376379054381498,0.14379947229551454,0.5941034432738275,0.1231211840630461,0.9281002638522428,0.9281002638522428,0.9856200527704486,0.9640501319261214,-0.32444599015383413,0.6435267688244026,0.14379947229551454,1.2328496042216361,0.5374919069068023,1.3805654471416766,0.6430433707239698,0.7137203166226913,2.4656992084432714,1.2367659748461626,0.19841958424126815,160.79289940828403,0.47571863730261543,0.3345120969153741,3.4437869822485205,51.633136094674555,65.01183431952663,48.39365548980933,0.4745233399079553,3.792488130140858,65.70414201183432,0.19439095269773468,0.20660146699266504,28.20524491439376,0.445306124730968,2.1015923396607272,0.11177368999918559,4.2,0.42,0.44,6.2,9697.1,12331.2,9039.797222222222,0.25555555555555554,3.2,0.32,0.5510126957014598,3.954047381792337,0.08914291306762936,2.4464393446710138,0.02444987775061125,8024.290000000002,9.775443193581777,0.03789812974781463,0.5185322485637879,0.012358088671952249,0.13419152996766412,2.753156990475862,128.25672371638143,0.3135861215559448,4.57383683741728,242.74572127139365,0.24052940859990077,1.9070904645476772,58.55501222493888,81.20293398533008,52.94464819342569,0.7922439554468894,0.04056498722372223,0.17542409318612892,0.01771682306672556,245,fc55b69d-4386-4681-9ebc-79e0dd8570fd,409
944.4166666666666,973.0,2006.6481067551836,2.124748723291468,0.2319825581797913,0.005927640775913983,0.012484351846137064,4.310668904793175,51.73973328110612,51.73973328110612,34.0,31.0,50.61436464177778,25.387171144321268,0.0,0.5015803581453308,0.0,972.5,973.0,133.29646455628188,0.13706577332265488,0.8293371239324777,1.2057822701319436,51.73973328110612,50.61436464177778,25.387171144321268,0.5015803581453308,18404617.0,18404617.0,1.11299422288805,114.0,124.0,155.0,170.0,137.0513874614594,135.0,15.0,56.0,9.173393864558916,6.70285695029899,137.53301761850423,11.499918701483358,0.6128415399631091,2.763029451154467,132.2481301407267,0.5643822044111884,4.400486749594375,3.3213755907504847,0.1228628749811912,0.9295138851310736,0.11141157382368848,0.7859374600452912,0.11141157382368848,0.5041590640755227,0.09899903504181728,0.9442942130881559,0.9442942130881559,0.9888588426176312,0.972147106544078,-0.5084778330630436,0.8178221799543912,0.11141157382368848,2.048404542996214,0.4904680032561124,1.6208476006437251,0.8009443663714465,0.6817198485667929,4.096809085992429,1.5094360268200373,0.2602313647386905,231.82508250825083,0.38254964110272416,0.48542354235423546,5.17986798679868,86.74917491749174,366.9174917491749,23.813806380638066,0.33273744041070774,5.063898319803781,61.82838283828383,0.10202703438660697,0.15570400822199384,45.50141053709331,0.23979233989589507,1.3622881237595335,0.09230617221164088,3.6666666666666665,0.4074074074074074,0.8888888888888888,4.888888888888889,58945.22222222222,248360.33333333334,14953.913580246914,0.5216049382716049,1.6666666666666667,0.18518518518518517,0.37484751740105726,2.2514240495709252,0.1663389204150018,2.9477027792200867,0.009249743062692703,47257.20987654321,8.315841336534614,0.022346371158974806,0.3115305702977414,0.009927509036332934,0.05294712723850505,3.0556239105127423,332.0441932168551,0.3412581636350001,2.779336008509299,549.1438848920864,0.2711398932535076,4.568345323741007,62.90955806783145,276.73484069886945,18.5431083704465,0.3020440790224963,0.02442779385173429,0.12244174873900683,0.008448581522788823,246,ee2c6aee-4f46-46c0-882c-1fba9ca4aa9c,973
1043.1666666666667,1073.0,2210.944035283418,2.1194542597380583,0.22497910029052703,0.0056612474806415816,0.011387451151453228,4.44485731656251,54.67174773134658,54.67174773134658,34.0,33.0,54.482022761661604,25.835566325059016,0.0,0.4742035081568084,0.0,1072.5,1073.0,141.19595949289365,0.1316512442824183,0.8222072717694101,1.216238331057296,54.67174773134658,54.482022761661604,25.83556632505902,0.4742035081568084,15850502.0,15850502.0,1.0985121730630425,95.0,108.0,138.80000000000007,168.0,120.9170549860205,118.0,16.0,73.0,9.731736106707988,6.684773506712393,121.54067659471698,12.296417389194241,0.9370197083271463,3.7114786087300256,151.20188060927853,0.5391551850079342,5.484462931245412,3.042391492544704,0.9649129384762887,0.93312225668658,0.12331783704428675,0.7665407858408999,0.12331783704428677,0.5388232803027658,0.1081105481110055,0.9383410814778566,0.9383410814778566,0.9927460095856302,0.9753364325911427,-0.4630797407558635,0.7851414696243488,0.12331783704428677,2.2982627844384633,0.4730292669788115,1.5902191712273597,0.774337762126069,0.6503547834597504,4.596525568876927,1.4669013341830737,0.26411002343271667,295.07616361071933,0.41618640847774235,0.4528677232678379,7.916784203102962,82.26516220028209,384.3074753173484,19.16564801755211,0.1724063626390848,4.701241012809926,91.33004231311706,0.12881529240213974,0.1651910531220876,45.619130223740314,0.3087154561433257,3.1133209370654833,0.04308502056470794,5.285714285714286,0.37755102040816324,0.7397959183673469,11.071428571428571,42267.5,194434.35714285713,9871.291666666668,0.1636904761904762,4.0,0.2857142857142857,0.5191512386866171,6.791338847187989,0.043703224174735655,2.896291529045925,0.0130475302889096,36393.37244897959,5.787143320814207,0.018053650902818748,0.8097157316184388,0.006180776649227189,0.09217428947477896,2.895366704068928,377.3019571295433,0.35163276526518483,3.2395831252404825,578.5135135135135,0.29221360705758304,5.751164958061509,62.19850885368127,320.19664492078283,13.792029098063582,0.21075385730558144,0.02848836213060351,0.23734448954584428,0.0047587401279416885,247,b608c538-1c07-45e8-8bd4-9feb6c9510d5,1073
407.6666666666667,425.0,884.0625653184993,2.168591738311936,0.30074927665547463,0.00874995388444028,0.027202810391589505,3.3250287785248998,25.612496949731394,25.612496949731394,24.0,22.0,25.069087993734247,21.652731981182292,0.0,0.8637223654324467,0.0,424.5,425.0,77.94112549695427,0.1836068916300454,0.9370809441248323,1.067143672347248,25.612496949731394,25.069087993734247,21.652731981182292,0.8637223654324467,7802876.0,7802876.0,1.0970187953392125,120.0,124.0,150.0,168.0,135.07294117647058,133.0,17.0,48.0,8.93345882352941,6.770903867856776,135.49800085349642,10.724215459968804,0.804738995472538,2.9149864814411055,115.0087972318339,0.5750754325259516,3.784363177805801,2.0936193395071343,-0.13695281675939658,0.714575756660184,0.22005044136191676,0.5291156147182735,0.22005044136191676,0.7602595967109524,0.1716282446183424,0.8899747793190416,0.8899747793190416,0.9779949558638084,0.9449873896595208,-0.21610809199318654,0.595962772801685,0.22005044136191676,1.9133039092055484,0.4441565065699396,1.810946043948054,0.5293007723703252,0.6488020176544766,3.8266078184110968,1.590895602586138,0.23365654950552517,168.4038876889849,0.3637232995442438,0.5247400510334983,4.717062634989201,27.788336933045358,110.13822894168466,8.27117830573554,0.3899088072954163,4.128658501911993,93.93736501079914,0.2028884773451385,0.2723529411764706,14.306910047628158,0.44224451487523564,2.6158602018091894,0.1559652990534074,3.75,0.46875,0.734375,6.375,12850.375,50840.375,3559.2638888888887,0.3506944444444444,1.5,0.1875,0.3160915655041397,2.594565716375095,0.06292723591881766,2.749999999999998,0.018823529411764704,10028.109375,7.546872604140046,0.025185473019162543,0.6433268670788427,0.020174046465645086,0.05748941421103944,3.3319375200952317,86.25647058823529,0.20295640138408305,4.480963321799307,244.4070588235294,0.2642823529411765,4.105882352941176,51.00941176470588,196.20470588235295,16.362875816993462,0.3490196078431373,0.03858293057963926,0.21303487691372847,0.01238243491841181,248,bd808a1f-b705-4b64-ad2b-33273b2646ca,425
1299.9166666666667,1330.0,2723.133388129417,2.0948522762711073,0.2115236267055202,0.005161039739456036,0.009464041856298573,4.72760426612855,46.17358552246078,46.17358552246078,44.0,38.0,46.766106949695995,36.34686115921374,0.0,0.7772051926047698,0.0,1329.5,1330.0,139.2964645562819,0.1047735724379706,0.9279167385903581,1.0776828980573698,46.17358552246078,46.766106949695995,36.34686115921374,0.7772051926047698,24798205.0,24798205.0,1.4169303456745028,111.0,118.0,155.0,175.0,135.8233082706767,134.0,23.0,64.0,12.082474984453615,9.458141392749015,136.54767269087097,14.046204031764654,0.2842708900034901,2.141384818618741,197.29584770196163,0.41774436090225564,3.9183115106507715,5.660305860832578,0.20185497592946328,1.5244204130288899,0.13328121946452998,0.8391975771127685,0.13328121946452998,0.5663687592363147,0.11551733600257777,0.9333593902677351,0.9333593902677351,0.9921599282667923,0.973343756107094,-0.5475475716978009,0.8844758437499324,0.13328121946452998,1.8895837404729334,0.33235465789408053,2.022149965208721,0.8398625696555124,0.5083056478405316,3.779167480945867,1.8888687457441922,0.41442540812335493,319.87005649717514,0.36143509208720354,0.5378709821571069,4.974011299435028,66.37966101694916,248.07005649717513,28.65841180163214,0.36823603264281235,5.153453848213802,86.32881355932203,0.09754668198793451,0.16635338345864661,30.243940119378202,0.2444278850161547,1.7024134562570852,0.062005502051838586,8.466666666666667,0.5644444444444444,0.5955555555555555,8.066666666666666,47748.0,185834.0,16654.909722222223,0.23564814814814816,4.733333333333333,0.31555555555555553,0.5593874940425249,5.500140125279516,0.05902604158173595,2.5967916319816338,0.011278195488721804,39886.222222222226,9.518248540675012,0.014369764472074442,0.9173485934150654,0.00982429850567345,0.08841256726591698,3.5302725479532695,415.0751879699248,0.31208660749618405,3.0078466843801235,555.6,0.42949629713381193,4.111278195488722,61.82406015037594,240.2842105263158,26.739123851294902,0.4189484126984127,0.028031871416068516,0.16450776755285795,0.008958353309840909,249,64829927-029b-493b-a403-6f7ff2a447ae,1330
1234.1666666666667,1265.0,2595.329540552124,2.1029003704676223,0.2143914637811234,0.005266354757528429,0.009854224868529044,4.664364813614596,48.877397639399746,48.877397639399746,46.0,40.0,49.14386295279195,34.606734774625565,0.0,0.7041923995244149,0.0,1264.5,1265.0,143.53910524340122,0.11351451581130978,0.8782013778193699,1.1386909941807013,48.877397639399746,49.14386295279195,34.606734774625565,0.7041923995244149,23840672.0,23840672.0,1.0056656433621434,113.0,124.0,150.0,168.0,136.91699604743084,137.0,15.0,55.0,8.112184224093488,5.997145604230515,137.28212202493077,10.00585933419987,0.2037686000817204,2.6008840701279032,100.11722101579467,0.6203796341139527,4.081632653061225,2.6149147052103503,-0.1339701298096061,0.7358877310286447,0.10245310245310246,0.755581266326726,0.10245310245310245,0.47672385886727486,0.09195646425083653,0.9487734487734487,0.9487734487734487,0.9897546897546897,0.9743867243867244,-0.487424906007088,0.7771343171551444,0.10245310245310245,1.9807256235827666,0.5616420028028827,1.4370651201339775,0.8041191934224182,0.7388167388167388,3.961451247165533,1.3346120176808758,0.20958520837043676,275.8130311614731,0.390670015809452,0.47689974239420907,5.651558073654391,108.09065155807366,427.699716713881,31.565785332074284,0.29666351904312244,4.862861297322462,77.08215297450425,0.10918151979391537,0.13952569169960474,56.72277283342295,0.3123175629848197,2.3960426259590544,0.06609998488526446,4.75,0.59375,0.484375,7.375,122197.625,486317.0,32228.197916666668,0.23958333333333331,1.75,0.21875,0.375179809830695,3.3765658738586324,0.04169241459463008,2.405639062229564,0.006324110671936759,97194.109375,10.072788810444113,0.017336537182834243,0.3099645745610247,0.008339021996513641,0.03892498486903654,2.6755220689383212,528.4624505928854,0.4177568779390398,3.029184020997047,784.7802371541502,0.22915902451217798,4.267193675889328,65.18339920948617,258.7225296442688,20.780171277997365,0.3158322353974528,0.023783263971669768,0.13282445362129627,0.006502012139010357,250,5262dcb4-8f6f-4bec-b591-7edf118414c7,1265
122.91666666666667,133.0,286.46118578370186,2.330531680952151,0.4173420919861978,0.01430333004406444,0.07269031754088359,2.396115846453062,16.401219466856727,16.401219466856727,13.0,13.0,15.584505750477915,10.996604813967412,0.0,0.7056113931383541,0.0,132.5,133.0,46.87005768508877,0.35373628441576427,0.8705974346775912,1.148636511168139,16.401219466856727,15.584505750477915,10.996604813967412,0.7056113931383542,2916954.0,2916954.0,0.8314743880097286,142.0,144.0,153.8,159.0,148.04511278195488,147.0,5.0,17.0,2.972921024365424,2.0220520158235837,148.0945136134557,3.824858661999514,0.934496841260709,3.5452238025590606,14.629543784272714,0.6121883656509695,1.6314655172413794,0.9638677908780241,0.5493383287547663,0.5807074910820452,0.1336206896551724,0.6258843112775688,0.1336206896551724,0.5672849798303395,0.11576620095124851,0.9331896551724138,0.9331896551724138,0.9732758620689655,0.9554597701149425,-0.3246684012008077,0.6312519604180595,0.1336206896551724,1.2327586206896552,0.5270697086801427,1.3114316310109022,0.6258843112775687,0.7004310344827587,2.4655172413793105,1.1778109413557303,0.17858204518430443,65.06153846153846,0.5004733727810651,0.2497633136094674,2.453846153846154,25.83076923076923,36.12307692307692,23.25769230769231,0.6365384615384615,3.785480068093491,17.892307692307693,0.13763313609467456,0.24436090225563908,9.083786982248519,0.3255095070674074,1.1033236096315098,0.13105598142638186,3.4,0.68,0.16000000000000003,3.4,2081.8,2564.8,1961.05,0.4,1.0,0.2,0.2627759266972095,1.0510412328196583,0.06570960016659724,2.321928094887361,0.03759398496240601,1374.2400000000002,21.258035714285707,0.1117224578940737,0.13459777262705633,0.027607106408680977,0.1056205205582799,3.2132630112501444,28.48872180451128,0.21420091582339307,4.163378370738877,81.42105263157895,0.19390581717451522,1.7894736842105263,53.796992481203006,80.4812030075188,47.12593984962406,0.8026315789473685,0.03801062676532602,0.10554327641666525,0.0211274643524912,251,f8cd1282-48d5-44a4-bab3-e116cd685832,133
379.4166666666667,397.0,829.4302906164611,2.186067095848349,0.305573134425603,0.008961312666437661,0.02853287324009902,3.2725390007853163,29.154759474226502,29.154759474226502,25.0,20.0,28.464918908842034,17.913433658691968,0.0,0.6293161668950875,0.0,396.5,397.0,80.18376618407358,0.20222891849703298,0.8803190030751454,1.1359518498485013,29.154759474226502,28.464918908842034,17.913433658691964,0.6293161668950875,8789814.0,8789814.0,0.9998855765546815,128.0,136.6,160.0,165.0,148.55919395465995,150.0,12.0,37.0,6.82087951830162,4.987323076923078,148.7971418430304,8.411617692016115,-0.2884549003184851,2.404335022508319,70.75531219663851,0.5000793101916768,2.3766145479265806,0.8565034783105031,0.053137013110795495,0.854045190935933,0.14479945615227735,0.7100661117334093,0.14479945615227735,0.5966714446727428,0.12383257365028205,0.9276002719238613,0.9276002719238613,0.9710401087695445,0.9517335146159075,-0.4029720961816657,0.7436624467966003,0.14479945615227735,1.483004758667573,0.3767451028056128,1.5956966668522474,0.7100661117334097,0.44459551325628827,2.966009517335146,1.4508972106999702,0.2497111617720526,172.42424242424244,0.5224977043158862,0.23875114784205692,2.8181818181818183,38.375757575757575,86.13939393939394,26.434848484848484,0.5454545454545454,4.293362616845816,38.987878787878785,0.11814508723599633,0.20780856423173805,15.219247015610652,0.27511294467451675,0.7969669435482545,0.14464944495608234,2.5,0.625,0.1875,1.75,17409.75,47710.5,9834.5625,0.8125,1.5,0.375,0.002973418366332361,0.0029919822632656053,0.00296877739209905,1.4999999999999991,0.010075566750629723,7559.1875,27.178892163661583,0.03545369793615209,0.1420947226545257,0.03549949590681899,0.035472223981757145,3.3475686384570107,95.21662468513854,0.2398403644461928,3.2664251406962803,198.53148614609572,0.24996034490416155,2.5188916876574305,57.10579345088161,136.30730478589422,37.30541561712846,0.6202770780856424,0.026055932611872997,0.06725851300031162,0.015755287514763346,252,c03d5ad1-94ef-476d-abac-898d1c4d8bf6,397
491.1666666666667,511.0,1062.7473989037983,2.163720527120051,0.2832739667381515,0.007998505965968936,0.022731075910888594,3.5301514343687113,31.78049716414141,31.78049716414141,30.0,23.0,30.39836415773163,22.707226476059983,0.0,0.7469884352406689,0.0,510.5,511.0,91.25483399593905,0.17875579627020383,0.8777016722953829,1.1393392898349848,31.78049716414141,30.39836415773163,22.707226476059986,0.7469884352406689,8327820.0,8327820.0,1.245073008953759,106.0,114.0,145.0,156.0,127.11545988258317,125.0,17.5,50.0,9.855423347796613,7.471838376258288,127.66011012920053,11.779795288501292,0.5263707832457196,2.3644624903964644,138.76357703899725,0.4516258745945366,2.5452642595499735,2.595614105767762,0.5161505340227718,1.1216305062458911,0.16169544740973313,0.7480056458779858,0.1616954474097331,0.6383502187382067,0.13555002969669935,0.9191522762951334,0.9191522762951334,0.9838304552590266,0.9595761381475667,-0.4300295573626418,0.7989350081163694,0.1616954474097331,1.5183150183150185,0.3516178197721144,1.856330049628969,0.765818872267366,0.45735217163788594,3.036630036630037,1.6946346022192365,0.32083148841390596,180.6787330316742,0.4087754140988104,0.4405724698511496,4.104072398190045,41.09954751131222,86.56108597285068,30.246983408748115,0.4250879839115133,4.368898163654474,59.619909502262445,0.13488667308204172,0.2162426614481409,19.714154091849064,0.322060151247557,1.9380696453334092,0.08462947763112713,5.923076923076923,0.4556213017751479,0.6982248520710059,6.384615384615385,8925.0,21842.384615384617,5719.6709401709395,0.33760683760683763,5.3076923076923075,0.40828402366863903,0.6397262217151192,4.142134246578441,0.21851791208048538,2.6535442970305656,0.025440313111545987,7379.905325443786,10.921904305200341,0.029914778007662127,0.4990060688896951,0.0196076542145097,0.08444227958341961,3.383782786438979,124.04500978473581,0.24274952991142038,3.7274596834417757,230.78082191780823,0.3511169151466178,2.808219178082192,56.5812133072407,131.71624266144815,38.49543378995434,0.6066536203522505,0.04099301910008042,0.20184731787547228,0.017397187393838453,253,6d99ec1a-030d-4621-ac94-a258c37c02a6,511
737.4166666666666,763.0,1578.4991715547474,2.140579733151426,0.25006240221363024,0.006633939022284425,0.015636703335825876,3.999001813738046,45.70557952810576,45.70557952810576,42.0,22.0,46.67850607421116,21.075918534107995,0.0,0.4515122763483636,0.0,762.5,763.0,117.15432893255085,0.15364502155088636,0.835538594601421,1.196832805164473,45.70557952810576,46.678506074211164,21.075918534108,0.4515122763483636,13830587.0,13830587.0,1.3458325979232466,112.0,119.0,153.0,175.0,134.02228047182174,131.0,18.0,63.0,10.370012831325608,7.625020028841532,134.63501946588522,12.83030801312412,0.7754984661841897,3.0494941658377783,164.61680371163698,0.4503898352540242,3.614370010413051,4.306254026953769,0.12872555780115508,1.257392959004048,0.17910447761194032,0.7506372471727291,0.17910447761194032,0.6781140523606053,0.14702606371129429,0.9104477611940299,0.9104477611940299,0.9894644424934154,0.964179104477612,-0.41963560458990085,0.8145405234510523,0.17910447761194032,1.8288788615064213,0.3388383671111922,2.0507717413008955,0.7515054838941718,0.5248177716070809,3.6577577230128426,1.871667263688956,0.3591243591539971,248.95633187772927,0.3623818513504065,0.5371284978462569,4.755458515283843,33.57787481804949,118.35516739446871,14.544517224648228,0.3880397865114022,4.6746000059509685,88.28675400291121,0.12851055895620264,0.22509829619921362,13.842036235430717,0.2799145036407878,1.816399612898973,0.0833356152275794,2.142857142857143,0.30612244897959184,1.1020408163265305,7.0,35269.28571428572,135898.85714285713,11493.088293650795,0.3779761904761905,1.2857142857142858,0.1836734693877551,0.2887265154269879,3.597898579175504,0.025207115929260733,2.807354922057602,0.009174311926605505,23388.28571428571,7.021503341687553,0.01906424345454133,1.2172841588632202,0.011350887157760588,0.12015051791148434,3.625139309483369,168.71428571428572,0.22111964051675717,3.1922929596045133,343.64744429882046,0.3845515649235875,3.887287024901704,55.02096985583224,194.4089121887287,24.542021625163827,0.42894459006844327,0.027997957301458525,0.14965068051151334,0.010263172318328923,254,c62f4176-e434-42aa-97d6-d23db61ebed7,763
621.6666666666666,644.0,1332.8895345275253,2.144058232483955,0.2642784113135218,0.007207612139138187,0.01845801787648684,3.78388834346998,37.8549864614954,37.8549864614954,37.0,22.0,38.10657873884001,21.927507579565898,0.0,0.5754257743746582,0.0,643.5,644.0,101.25483399593917,0.15735016937985885,0.8881032137765402,1.1259952497498953,37.8549864614954,38.10657873884001,21.927507579565898,0.5754257743746582,11228421.0,11228421.0,1.1527802183597455,113.0,120.0,145.0,161.0,131.66304347826087,130.0,15.0,48.0,8.368788819875776,6.268013227667385,132.04331234638022,10.013956133582502,0.4975095548197224,2.589786763824806,100.2793174453146,0.5184936923729794,3.2524711696869857,2.2890477357982633,-0.23494907043168284,0.9312189407489231,0.1684514003294893,0.6936329115427545,0.1684514003294893,0.6541499484931527,0.14007552605652346,0.9157742998352554,0.9157742998352554,0.9831548599670511,0.9578871499176278,-0.37256016553355853,0.7501111278500634,0.1684514003294893,1.7497940691927514,0.39717021555222026,1.8064060511734656,0.7064431730470101,0.5782537067545305,3.4995881383855028,1.6379546508439768,0.27491758526960314,223.20466786355476,0.4007265132200265,0.4530167704005492,4.095152603231598,36.23698384201077,120.90125673249551,15.709255934570116,0.4316776381408339,4.591053014795949,67.24416517055656,0.12072561071913206,0.21622670807453417,14.848434644430762,0.2904766605978927,1.6376560231828117,0.10443264558279987,4.555555555555555,0.5061728395061729,0.691358024691358,6.666666666666667,23068.222222222223,83966.44444444444,7900.086419753086,0.32407407407407407,1.2222222222222223,0.13580246913580246,0.23923984723101274,2.150898181186752,0.026833110570628798,2.947702779220087,0.013975155279503106,17948.024691358027,10.298245869776485,0.02127038155988145,0.524125174484557,0.016712508894879918,0.0544015179386811,3.4421478318363885,151.52173913043478,0.23528220361868754,3.5108502758381235,333.9099378881988,0.29125033756413715,3.468944099378882,56.36645962732919,183.14285714285714,25.69893029675638,0.4500517598343685,0.0295142502883371,0.1368102053335712,0.011721873366611424,255,f5440154-499c-4b20-b3fc-f8b18edbdede,644
392.1666666666667,410.0,858.7050393855965,2.189643109355537,0.3017314390702326,0.008792851186199357,0.027470191832740104,3.314205516937314,33.015148038438355,33.015148038438355,20.0,22.0,33.44325565107922,15.751743019393224,0.0,0.47099909122887423,0.0,409.5,410.0,84.91168824543146,0.20735455004989367,0.8448204330736361,1.1836834916051777,33.015148038438355,33.44325565107922,15.751743019393224,0.47099909122887423,7301528.0,7301528.0,1.436867793333866,97.0,105.9,150.0,172.0,132.30243902439025,138.5,29.0,75.0,15.066222486615107,11.848889534039776,133.44888488874224,17.45478462331409,-0.42837341604637585,2.046782325386627,304.669506246282,0.4223438429506247,7.868820039551747,5.160370020919622,-0.2977112216923722,1.4312474443670484,0.14436387607119316,0.8167519181938347,0.14436387607119314,0.5955542923857681,0.12352294735689431,0.9278180619644034,0.9278180619644034,0.9915080072899298,0.9711272247857613,-0.5423586675426987,0.8800980190046517,0.14436387607119314,2.747198417930125,0.3557225972053054,2.0019326604078294,0.8944480833437125,0.5181278839815425,5.494396835860251,1.857568784336637,0.39390283010956034,110.50877192982456,0.323125064122294,0.7314472829246605,10.032163742690058,43.76608187134503,341.8830409356725,6.599577647823262,0.15937703053931124,4.5522941141039865,58.900584795321635,0.17222393215006326,0.20853658536585365,20.77097226497042,0.4108648460263097,5.151971543516971,0.05895989418289461,3.4444444444444446,0.38271604938271603,1.0617283950617282,11.444444444444445,7696.222222222223,61159.77777777778,1100.4220679012346,0.1983024691358025,1.2222222222222223,0.13580246913580246,0.16951396672742,1.8676813944936659,0.020163919726146992,2.947702779220087,0.02195121951219512,5620.913580246914,2.0108662072243346,0.0484534772756146,0.9688930146444844,0.011099928973199821,0.22317920676240494,3.471485324978004,117.8780487804878,0.28750743604997026,4.2558239143367045,173.1609756097561,0.43198096371207617,8.190243902439024,58.009756097560974,438.9317073170732,9.202117208672087,0.15916327913279132,0.03166164604956707,0.32247482470856453,0.004677806576936706,256,30771358-1b45-4549-8d80-f835367df372,410
138.66666666666666,149.0,318.55756210087924,2.297290111304418,0.4067031998545645,0.013759899470144462,0.06727175659026954,2.458795505807666,17.204650534085253,17.204650534085253,14.0,13.0,16.898903106762695,11.243025985587328,0.0,0.6653109917582777,0.0,148.5,149.0,47.45584412271568,0.3195679738903413,0.9102872420496286,1.0985543395603037,17.204650534085253,16.898903106762695,11.24302598558733,0.6653109917582777,2749241.0,2749241.0,-3.203426503814917e-16,126.0,129.0,143.0,147.0,135.73825503355704,135.0,9.0,21.0,4.410522048556371,3.7221301775147917,135.8354956526262,5.138871436381326,0.26613768973870966,2.0188346872441443,26.40799963965587,1.0,1.0,0.0,0.0,0.0,0.0,1.0,0.0,-3.203426503814917e-16,0.0,1.0,1.0,1.0,1.0,0.0,0.0,0.0,1.0,1.0,-3.203426503814917e-16,1.0,1.0,2.0,-3.203426503814917e-16,0.0,69.0,1.0,0.0,1.0,85.04347826086956,85.04347826086956,85.04347826086956,1.0,3.4637107665812947,7.521739130434782,0.1090107120352867,0.11577181208053691,10.433942449065322,0.038546054928048544,0.038546054928048544,0.038546054928048544,1.0,1.0,0.0,1.0,22201.0,22201.0,22201.0,1.0,1.0,1.0,4.504301608035674e-05,4.504301608035674e-05,4.504301608035674e-05,-3.203426503814917e-16,0.006711409395973154,0.0,0.0,1000000.0,0.0,0.0,0.0,1.6797030715834131,65.69798657718121,0.44092608441061215,2.0281068420341426,149.0,0.0,1.0,67.21476510067114,67.21476510067114,67.21476510067114,1.0,0.017586703833907414,0.017586703833907414,0.017586703833907414,257,fe04b604-76a8-42a6-a4e8-0e7d9c1dc087,149
153.91666666666666,166.0,353.8678708115121,2.2990874118777183,0.39249436359817425,0.013045148089411276,0.06046447319362159,2.5478072878105698,18.788294228055936,18.788294228055936,18.0,12.0,18.921826902452313,11.54501820419814,0.0,0.610142892846244,0.0,165.5,166.0,52.384776310850214,0.31652432816223697,0.870560258069868,1.1486855628088453,18.788294228055936,18.921826902452313,11.54501820419814,0.6101428928462441,3174620.0,3174620.0,0.66394743486876,117.0,126.0,148.0,152.0,138.04819277108433,140.0,11.0,35.0,6.694730730149515,5.066404430412505,138.29033540876918,8.180057463576746,-0.5465929274857207,2.5211881253093025,66.91334010741764,0.7718827115691682,3.7802385008517883,0.8946456948448719,-0.3289911946535992,0.3462760724267127,0.1141396933560477,0.5041885971823874,0.1141396933560477,0.5122776155368538,0.10111182375663512,0.9429301533219762,0.9429301533219762,0.9885860306643952,0.9714650766609881,-0.2479039200567843,0.5136215817436406,0.1141396933560477,1.9293015332197612,0.684079241022843,1.0822790745890476,0.586423378560761,0.8228279386712095,3.8586030664395228,0.9681393812330006,0.11510394144569011,73.09722222222223,0.5076195987654321,0.3251832561728395,4.465277777777778,32.72222222222222,128.48611111111111,9.043595679012347,0.3342978395061728,3.903732866688909,17.01388888888889,0.11815200617283951,0.21686746987951808,11.459876543209878,0.2684200572950155,1.8394364020195684,0.06942454450208035,3.857142857142857,0.5510204081632653,0.5306122448979592,7.142857142857143,3033.4285714285716,12059.0,779.0992063492064,0.25793650793650796,2.7142857142857144,0.3877551020408163,0.5880372449075886,5.286470327217009,0.06598629355421966,1.66449777920046,0.04216867469879518,2471.0612244897957,1.3049872757073844,0.11522129114942822,0.34763774621349164,0.005130502291743058,0.23232349401091318,2.74582303906925,41.27710843373494,0.2486572797212948,3.845405719262593,128.13253012048193,0.12472782697053272,3.9578313253012047,56.626506024096386,217.45180722891567,16.56074297188755,0.3073962516733601,0.04788167788311219,0.32201257220871393,0.010213151832575958,258,c1a99725-281d-4732-a8f6-209af9e3e70b,166
418.1666666666667,435.0,905.1411616649291,2.1645464208806593,0.2987680024169006,0.008663632104759351,0.02666872481885531,3.347078642660672,25.96150997149434,25.96150997149434,25.0,23.0,24.687606454923433,22.532592446345095,0.0,0.912708669732194,0.0,434.5,435.0,78.42640687119284,0.18049805954244613,0.9421878603705861,1.0613594613781958,25.96150997149434,24.687606454923433,22.53259244634509,0.9127086697321941,6644525.0,6644525.0,1.0858473081746716,104.0,110.4,140.0,158.0,123.08275862068966,121.0,13.0,54.0,8.880951248513675,6.249472500225779,123.59114092418812,11.198421552324913,0.8068389122109199,3.1362120171504033,125.4046452635751,0.5150006605892457,1.9741697416974169,2.0371957668336687,0.7573782310219077,0.8400140551221009,0.1961869618696187,0.621334164602182,0.19618696186961868,0.7142361538181854,0.15769763786198748,0.9019065190651906,0.9019065190651906,0.9803813038130381,0.9509532595325954,-0.28693220791397983,0.6629572484181933,0.19618696186961868,1.3465559655596557,0.4013166653806759,1.7282430367116515,0.6215972111471123,0.5824108241082411,2.6931119311193115,1.5320560748420338,0.25905025424792993,199.21247113163972,0.4600749910661425,0.35116726847975077,3.399538106235566,30.189376443418013,46.47575057736721,26.29740826276623,0.4899281498588658,3.9522981183980423,70.75519630484989,0.16340691987263253,0.24885057471264369,14.041229085439682,0.3513410880714636,1.656485037809344,0.10248289409634963,3.0,0.42857142857142855,0.5306122448979591,6.428571428571429,12929.857142857143,19826.285714285714,11216.38492063492,0.2777777777777778,1.8571428571428572,0.2653061224489796,0.43099714657455357,3.878000693042856,0.047916894878112785,2.1280852788913927,0.016091954022988506,9068.122448979591,15.060242963356348,0.02684386260702833,0.6764709611597793,0.01896166462608347,0.09282161063282562,3.16739519016899,93.27586206896552,0.21442726912405866,3.6412947549213897,224.02528735632183,0.29010965781477077,2.2436781609195404,52.770114942528735,89.45287356321839,43.836973180076626,0.7171775223499361,0.03462154470132029,0.1490618417013464,0.016157631938471428,259,703ef695-5ffa-4494-a6d1-fadd147a3bdd,435
254.91666666666666,269.0,565.7242772720637,2.219251823231371,0.34367251057164494,0.010688482983498705,0.04059143327919966,2.9097468352550453,23.853720883753127,23.853720883753127,17.0,20.0,23.01973541248598,15.088277067394936,0.0,0.6554496303728585,0.0,268.5,269.0,63.69848480983495,0.23723830469212273,0.9119015945052557,1.0966095530763287,23.853720883753127,23.019735412485982,15.08827706739494,0.6554496303728585,4261823.0,4261823.0,1.250384573191333,105.0,109.0,147.0,165.0,124.95539033457248,121.0,22.0,60.0,12.309586655795247,8.90976843225978,125.86980646063877,15.144589950648696,0.9093542072344248,2.981055315103436,229.35860477328947,0.47585025082572097,2.2207527975584944,4.413387769315335,1.4302581233563871,1.2102880194227605,0.18209562563580875,0.7384404416382678,0.18209562563580878,0.6846400948063374,0.14893680876011214,0.9089521871820956,0.9089521871820956,0.981790437436419,0.9544760935910478,-0.4041044403847267,0.7775637139781911,0.18209562563580878,1.401322482197355,0.40335603530620756,1.8321810106019483,0.7578430025926506,0.5940996948118006,2.80264496439471,1.65008538496614,0.34809591126464234,98.91911764705883,0.36367322664359863,0.5246404628027681,4.393382352941177,30.38235294117647,50.625,26.163194444444443,0.4253472222222222,3.8567311527166885,52.18382352941177,0.19185229238754326,0.2527881040892193,14.733347750865052,0.4203961608980334,2.7215187436116746,0.08299223998360283,2.3333333333333335,0.3888888888888889,0.5555555555555556,6.0,5662.833333333333,9197.166666666666,4814.435185185185,0.3055555555555555,1.0,0.16666666666666666,0.18894098947659244,0.866959584203006,0.04415056118822175,2.5849625007211543,0.022304832713754646,3652.8055555555557,11.10316859066859,0.0611800968116278,0.4806875507453556,0.024742167786326943,0.16883484915446784,3.1348876001030566,63.20817843866171,0.23497464103591714,4.482773869902295,128.00371747211895,0.4125703072096848,2.5687732342007434,53.17100371747212,92.50185873605948,44.14787277984304,0.6986782321354813,0.037054025692612166,0.1733367327035454,0.01571913305112765,260,fd1f4142-70a6-46f0-9d7d-c8832b52758f,269
486.6666666666667,505.0,1048.2621175295585,2.153963255197723,0.28543154423941064,0.008090061584463702,0.023254440849923213,3.5034670140075086,28.0178514522438,28.0178514522438,27.0,25.0,27.15897796305904,23.786897935512442,0.0,0.8758392148580401,0.0,504.5,505.0,85.25483399593907,0.16898876907024593,0.9339346837542799,1.0707386901835012,28.0178514522438,27.158977963059044,23.786897935512442,0.87583921485804,9660069.0,9660069.0,1.2879316023738359,117.0,123.0,154.0,162.0,137.84356435643565,137.0,19.0,45.0,9.73236349377512,8.023557152995581,138.30708407363122,11.313764645938152,0.14176278203741643,1.8877007875429335,128.00127046368004,0.4816037643368298,4.156118143459916,4.144406681367311,-0.08452532406158364,1.1612488650323136,0.15928270042194093,0.7587597228436578,0.15928270042194093,0.6325907815053335,0.13391172176823513,0.9203586497890295,0.9203586497890295,0.9840717299578058,0.9601793248945146,-0.44462934250573555,0.8182438496910241,0.15928270042194093,1.97626582278481,0.38622894746212316,1.9365958842669915,0.7771369140011626,0.5896624472573839,3.95253164556962,1.777313183845051,0.33013289136356355,162.80751173708921,0.38217725759880095,0.49439044281337474,5.530516431924883,40.028169014084504,161.7417840375587,13.48604590505999,0.31077203964527905,4.538882349526392,52.586854460093896,0.12344332032885891,0.21089108910891088,17.54365315523816,0.31011180420814416,2.3311286944150877,0.06698417433351074,7.545454545454546,0.6859504132231405,0.38016528925619836,7.818181818181818,10825.181818181818,43690.90909090909,3123.0934343434346,0.20454545454545456,4.818181818181818,0.4380165289256198,0.636677048637873,5.729986115300157,0.07075346476630891,1.6729330318733657,0.02178217821782178,8717.537190082647,7.505146720969089,0.02951191179931733,0.4719878808353433,0.019936990766591046,0.07127855523750039,3.5427582044206574,126.4059405940594,0.25030879325556316,3.7951808646211154,243.20990099009902,0.35208312910498973,4.431683168316832,57.27326732673267,232.03564356435643,20.68938393839384,0.3488998899889989,0.03875791779858258,0.2546490490035398,0.00963682698815989,261,4bb956f6-0be6-4851-a634-5d9897e079b9,505
651.9166666666666,674.0,1392.79315821035,2.1364588902625847,0.26105111702816647,0.007075990004290686,0.017790029475301065,3.830667385698655,36.40054944640259,36.40054944640259,27.0,31.0,35.829053517370475,24.10197620402815,0.0,0.6726936337389751,0.0,673.5,674.0,100.66904755831223,0.1494714885795282,0.9138560099752645,1.09426429227846,36.40054944640259,35.829053517370475,24.10197620402815,0.6726936337389751,15671416.0,15671416.0,1.0697199460809634,134.0,138.0,165.0,182.0,152.13353115727003,152.0,17.0,48.0,8.740263628278843,7.075282682007538,152.48396325661628,10.331880180540857,0.21489580799420877,2.287411846607025,106.74774806505297,0.4999911947802657,2.6955668889760696,1.2154934255917218,-0.1626938706975279,0.9382957893471559,0.10239309533150254,0.8032205458538751,0.10239309533150254,0.476535946898743,0.09190874935993637,0.9488034523342488,0.9488034523342488,0.9897606904668498,0.9744017261671244,-0.5330216874734557,0.8200824834113901,0.10239309533150254,1.5768928991761475,0.412874701746129,1.5362394103037822,0.8164070276501953,0.5096116123970185,3.153785798352295,1.4338463149722804,0.2601722211696646,194.47549019607843,0.47665561322568245,0.3331831507112649,3.4387254901960786,72.8970588235294,192.25,43.18954248366013,0.47474128540305016,4.918604467700182,34.97549019607843,0.08572424067666282,0.1513353115727003,29.233467896962708,0.22382426603984965,1.1066919645221336,0.07898182701598651,3.0,0.5,0.5833333333333334,6.833333333333333,37846.0,112761.16666666667,19121.467592592595,0.2824074074074074,1.3333333333333333,0.2222222222222222,0.24537363974337456,2.2083399411809217,0.027265809239954836,2.2516291673878213,0.008902077151335312,25227.22222222222,7.1443551985720655,0.031573030198931956,0.3629338020589984,0.00923590682916307,0.0935506865732864,2.9525080491053854,250.07418397626114,0.3710299465523162,2.839885884352244,336.9940652818991,0.26652739744120313,2.8293768545994067,63.513353115727,170.87091988130564,36.74484833498187,0.5574925816023739,0.02342368536050534,0.09080885229407733,0.011065066265131176,262,5565650e-8bbb-441b-abb3-6a388f7e7e04,674
748.4166666666666,773.0,1594.93529383408,2.1310793370458705,0.2499405317932472,0.006629089938114084,0.015613852363374267,4.000951717695823,41.43669871020132,41.43669871020132,41.0,24.0,41.595521444026026,23.87033615635968,0.0,0.573867938847247,0.0,772.5,773.0,110.6690475583123,0.14326090298810654,0.8902828424595473,1.1232385398300406,41.43669871020132,41.595521444026026,23.87033615635968,0.5738679388472471,12402629.0,12402629.0,1.193007714336431,107.0,112.0,143.80000000000007,160.0,126.1228978007762,126.0,17.0,53.0,9.546719908155087,7.085605524308879,126.66806301856248,11.7393713293974,0.49041830653955026,2.567363087137049,137.8128392094777,0.4667706504621532,2.6498293515358364,1.7222114116197123,0.09555361419767278,1.0242803061188832,0.14744027303754267,0.7483354382259092,0.14675767918088736,0.6042755585333989,0.1259024566389824,0.9267349260523321,0.9266894197952218,0.9852874770280913,0.9633447098976108,-0.4464653524473274,0.7979782640603825,0.14616040955631399,1.5590443686006825,0.36693805402509055,1.761940933812846,0.7778870367004899,0.4395904436860068,3.118088737201365,1.6115060628822873,0.2929301447891064,240.88155668358715,0.40758300623280397,0.44181046206349617,4.052453468697124,56.3756345177665,134.11167512690355,37.23491257755217,0.43241210753901105,4.485080577443753,85.40609137055837,0.1445111529112663,0.19113842173350581,29.003793507233436,0.33225536576895187,1.9639607812153472,0.09959169704031445,11.823529411764707,0.6955017301038062,0.4429065743944636,7.764705882352941,16088.29411764706,44821.17647058824,8915.13888888889,0.22385620915032678,5.0,0.29411764705882354,0.5376352301475065,4.82910717504462,0.06080486313375259,2.2051099000738668,0.02199223803363519,14020.719723183389,11.712854565708968,0.023043249886073747,0.43591396324900156,0.01523538309526106,0.0618177637793024,3.126494783365163,243.09573091849936,0.3144834811364804,3.7032277931280317,360.8137128072445,0.3178255783401307,2.8745148771021993,59.51746442432083,150.46571798188876,36.99026160701452,0.5744933160845191,0.03549302840057014,0.1946705599133909,0.01310717090846688,263,99729a54-facb-492f-a752-03ef1a936531,773
615.6666666666666,638.0,1322.1608835083114,2.1475271524228123,0.2647058752074288,0.007225106414160294,0.018547729008848428,3.7777778797557104,39.6232255123179,39.6232255123179,38.0,23.0,38.01861473202842,21.59567418456842,0.0,0.568028959939336,0.0,637.5,638.0,102.91168824543146,0.16143009920851994,0.8697217354722491,1.149793042089504,39.6232255123179,38.01861473202842,21.59567418456842,0.568028959939336,12017816.0,12017816.0,1.1071229949970358,114.0,123.0,150.0,162.0,136.8244514106583,138.0,19.0,48.0,9.34477845146962,7.478641767455911,137.2468658817292,10.759725392860672,-0.1495124037276905,1.9916333460481024,115.77169052977074,0.5693094604023151,3.8572023313905075,2.65873126235625,-0.21778808115424325,0.8320210537846273,0.16902581182348042,0.6623019008789317,0.16902581182348042,0.6554713894815062,0.1404560867608938,0.9154870940882598,0.9154870940882598,0.983097418817652,0.9577435470441299,-0.3479356602056707,0.7223464950827199,0.16902581182348042,1.921315570358035,0.4591585488362806,1.7513546854844433,0.6969773899760308,0.6590341382181515,3.8426311407160694,1.5823288736609633,0.2502617164020269,210.34172661870502,0.3783124579473112,0.49338478857202006,4.868705035971223,45.95323741007194,179.16187050359713,14.161870503597122,0.3625599520383693,4.4201684304795785,83.4820143884892,0.15014750789296621,0.21786833855799373,24.8857978365509,0.35765650189149134,2.314579450555937,0.10133693578852933,6.846153846153846,0.5266272189349113,0.5562130177514792,7.0,17324.30769230769,68547.92307692308,4732.25,0.2692307692307692,2.6923076923076925,0.20710059171597633,0.4276121495657307,3.46210029412937,0.05839536924771523,2.93120894891032,0.02037617554858934,14915.763313609468,9.005261055449992,0.021417011538019334,0.49195663636981607,0.015765130734411784,0.05006721784658897,3.2959949868870866,163.69905956112854,0.2565815980581952,3.9088452354045264,363.2194357366771,0.26848448816344184,4.064263322884012,56.573667711598745,214.18652037617554,19.793234064785786,0.35584291187739464,0.03559126307843467,0.19955733467484288,0.010758478771586553,264,30c082a9-6d04-4323-860d-17a394865c36,638
716.6666666666666,743.0,1541.9666729582375,2.151581404127773,0.25116200462939237,0.006677744340711291,0.015843890128082405,3.9814939424280045,48.104053883222775,48.104053883222775,40.0,20.0,50.93007119530397,19.523108378884064,0.0,0.38333165300354427,0.0,742.5,743.0,123.05382386916256,0.16572905571604385,0.7849790156085236,1.2739194043611344,48.104053883222775,50.93007119530397,19.523108378884064,0.38333165300354427,14447526.0,14447526.0,1.252336998188768,118.0,123.0,154.0,165.0,139.0121130551817,139.0,18.0,47.0,9.355463011435578,7.879650737242125,139.4448037663749,10.976598807289177,-0.01749796970059231,1.9740008106415947,120.48572137618218,0.4960519808930004,4.350877192982457,3.785676838714755,-0.05937589121624476,1.0677709567253513,0.16362334407447188,0.7342470336784985,0.16362334407447188,0.6429077058255067,0.13685074534835887,0.9181883279627641,0.9181883279627641,0.9836376655925528,0.959094163981382,-0.4176070617963053,0.7952644346786506,0.16362334407447188,2.0309702828499825,0.4042114518560737,1.8962698312847008,0.7525559354754544,0.6093805943430004,4.061940565699964,1.7326464872102294,0.3078485751999558,248.43710691823898,0.3906243819469167,0.49545112930659385,5.852201257861635,40.003144654088054,165.66352201257862,12.351153039832287,0.2918413696715584,4.447189099450932,80.78616352201257,0.12702226968869904,0.21399730820995963,18.166627111269335,0.3146682540818312,2.4905261309651907,0.05978521624685929,5.4,0.54,0.44000000000000006,7.2,26058.9,107441.9,7052.927777777778,0.22777777777777777,3.0,0.3,0.5250551845039786,4.225409544568129,0.0722378591364403,2.52192809488736,0.013458950201884253,20538.410000000003,10.81736773984792,0.019446727333775535,0.4941596582388614,0.019186723813162037,0.04722377161223777,3.425773470810727,184.17900403768505,0.2478856043575842,3.647864591730082,368.56662180349934,0.3342058404235856,4.65814266487214,56.76312247644684,239.46837146702558,18.525123373710187,0.31875280394795874,0.03263821238080996,0.20314601795306625,0.008166103664671203,265,a3c569fd-b523-4e6b-bfeb-080099babca7,743
454.4166666666667,473.0,983.0871448659522,2.1634046833653815,0.29075572519823983,0.008317470889089159,0.02458016677402662,3.439313187446923,27.730849247724095,27.730849247724095,26.0,23.0,26.546146054929384,22.91738473063293,0.0,0.8633036480403669,0.0,472.5,473.0,84.18376618407358,0.17816670091867423,0.9153295587611316,1.0925026843375045,27.730849247724095,26.546146054929388,22.917384730632932,0.8633036480403669,9648669.0,9648669.0,0.3571044771642009,129.0,135.0,149.0,156.0,142.7293868921776,143.0,6.0,27.0,4.234077835238168,3.258924021451624,142.824638555242,5.215313587753086,-0.45543121018799987,2.835616112332889,27.199495818601967,0.8738473778544578,1.1345392877331826,0.32898034190216036,0.1976333259766595,0.14462313552191647,0.06670435274166196,0.3687110627230372,0.06670435274166196,0.35350280282246105,0.06225488206697789,0.966647823629169,0.966647823629169,0.9866591294516676,0.9777652157527793,-0.15625541065868895,0.3044285157214558,0.06670435274166196,1.0559638213680045,0.832081373801233,0.5737915954849884,0.3687110627230254,0.9106840022611645,2.111927642736009,0.5070872427433268,0.052831872065894604,129.2655601659751,0.5363716189459548,0.23181419052702257,2.095435684647303,118.65560165975104,121.76763485477179,117.87759336099585,0.7261410788381742,4.224426221447563,33.0,0.13692946058091288,0.1273784355179704,57.02332948812864,0.3660789391236293,1.2081225075883595,0.15556804700744667,7.222222222222222,0.8024691358024691,0.09876543209876544,3.6666666666666665,21631.444444444445,21698.777777777777,21614.61111111111,0.3333333333333333,1.6666666666666667,0.18518518518518517,0.36044715736298716,1.4417869154884595,0.09011221783161907,2.641604167868591,0.019027484143763214,18869.35802469136,10.549592648730577,0.05946399788077568,0.07110739204254125,0.004688494651445052,0.05688551789523584,1.883974850681616,224.615221987315,0.474873619423499,3.2406527540014927,413.32980972515855,0.06307631107277109,1.2029598308668077,66.93657505285412,69.87949260042284,66.20084566596195,0.9492600422832981,0.028204138694864055,0.06609256256335437,0.018732032727741477,266,9b7a22db-0946-446c-9486-43c742ba3c8e,473
883.1666666666666,911.0,1877.9092563709098,2.1263362027222983,0.23704891287606247,0.006122881140633354,0.013320296863169472,4.218538646168924,49.8196748283246,49.8196748283246,48.0,25.0,49.40708373385972,23.523636078884174,0.0,0.4761186919187243,0.0,910.5,911.0,125.74011537017776,0.13810007179591188,0.850689461240328,1.1755170900342098,49.8196748283246,49.40708373385972,23.523636078884177,0.47611869191872436,15682951.0,15682951.0,1.3022854406324664,102.0,114.0,147.0,180.0,130.5279912184413,130.0,20.0,78.0,11.08693719040728,8.46987072654385,131.20630473325704,13.324335264276023,0.42279880701693673,2.951612970862903,177.53791023482958,0.44539781497275044,2.988150289017341,3.5998631563222157,0.32943870903914,1.23483669684921,0.14364161849710982,0.7915939381882513,0.14306358381502887,0.5944620564273392,0.12317442948311,0.9285645472061655,0.9285260115606935,0.9915606936416184,0.9714065510597302,-0.4889104066970496,0.8401043115823777,0.14255780346820807,1.6478323699421962,0.3526600454408767,1.890616514924058,0.8071723117027589,0.4644508670520231,3.2956647398843932,1.7454631644393341,0.3446195788365799,258.20353982300884,0.38083117967995406,0.5147470871294194,4.508849557522124,55.26548672566372,149.90855457227138,32.85062274664045,0.40179449360865294,4.8207935763978,79.46312684365782,0.1172022519817962,0.18605927552140505,26.37882545400754,0.2908094873965621,1.9687755164875278,0.07147023960790196,5.4,0.36,0.7555555555555555,7.866666666666666,22880.6,70736.33333333333,11055.782407407407,0.25092592592592594,3.4,0.22666666666666666,0.4392769181222444,4.8120648089261,0.044460861059140426,3.1068905956085153,0.01646542261251372,19192.06222222222,7.517631629887728,0.019704354854512236,1.0068761260607144,0.008851852739825741,0.1398975741890522,3.3793784759573713,266.31284302963775,0.29233023384153434,3.356343555591436,405.75740944017565,0.3708449358432911,3.217343578485181,59.77936333699232,169.00439077936335,34.25388766922796,0.5311165995853153,0.03056109312042091,0.17456728466277757,0.011208257510732877,267,d6cfb87e-9ca4-4b62-9d5e-433223c4492a,911
505.9166666666667,526.0,1094.7507986921494,2.1638955006268805,0.2804711390921102,0.007880089396424218,0.022062998475561108,3.565429238947782,34.92849839314596,34.92849839314596,32.0,20.0,35.41498700260569,19.11713966780484,0.0,0.5398036618338523,0.0,525.5,526.0,94.32590180780458,0.17949743445823899,0.8615100065598069,1.1607526231682592,34.92849839314596,35.4149870026057,19.117139667804842,0.5398036618338524,10787437.0,10787437.0,1.2218061522662538,90.0,130.0,158.0,190.0,142.5684410646388,140.0,15.0,100.0,9.938426173574866,6.378647832429841,143.2076651622277,13.51573059865237,-0.025429590534205678,5.169571690722825,182.67497361534794,0.5371987451025747,10.664463650228774,5.859054580148748,0.34450625468873297,1.0750060285509067,0.14336553126588714,0.7646604106756312,0.14133197763091002,0.5937530532960861,0.1233908033648231,0.9296729367903744,0.9295373665480426,0.9945021232295744,0.9764930883385382,-0.4556647132851078,0.8017631653530796,0.13955261820030504,3.2297915607524152,0.46605906454982027,1.7446326138455983,0.8215241313444017,0.6553126588713777,6.45958312150483,1.595286925084517,0.30459288995419853,137.98789346246974,0.33411112218515676,0.772883701024219,12.946731234866828,51.96125907990315,516.3535108958838,5.5756752757600205,0.11923997847726661,4.727825498318955,59.464891041162225,0.14398278702460587,0.19629277566539924,26.008031940153252,0.36318198203199775,5.912793389188968,0.041641233838797746,2.5,0.3125,2.1875,16.25,18564.5,181395.5,1969.66,0.19795138888888889,1.25,0.15625,0.26526248427433036,6.501224357980692,0.015513277552969218,2.749999999999998,0.015209125475285171,14241.4375,1.3141156623147747,0.03778976407483543,1.3921119979330427,0.004766129143783103,0.34452693325629025,3.15942992644694,163.19391634980988,0.31025459382093135,3.857219274530498,282.5665399239544,0.3571686738278709,10.901140684410647,59.05703422053232,606.2851711026616,6.29504858470638,0.11006337135614704,0.029708192987094848,0.4294175493391273,0.0030731105441910763,268,bbf267fe-6d8c-438c-b2b7-075cecf30e56,526
500.1666666666667,519.0,1078.9975681254796,2.1572760442362138,0.28240571983648555,0.007961760510957601,0.022522700718478547,3.5410047664013513,32.449961479175904,32.449961479175904,27.0,25.0,32.42730572261845,20.603691936329234,0.0,0.6353809382923201,0.0,518.5,519.0,89.74011537017768,0.17307640379976408,0.8994824390162726,1.1117504429476794,32.449961479175904,32.42730572261845,20.60369193632923,0.6353809382923201,8190217.0,8190217.0,1.3439052002106089,92.0,109.0,146.0,168.0,124.77649325626204,122.0,21.5,76.0,11.936917371111631,8.69326530612245,125.6215146086156,14.546190677720867,0.6145262857333981,2.8253742918881453,211.59166323261346,0.44222808795631136,6.306783144912641,4.223963281441524,0.9323412220019074,1.2954269384375046,0.1670092497430627,0.7716013169082735,0.1670092497430627,0.6508172657027063,0.13911716024332202,0.9164953751284687,0.9164953751284687,0.9901759264857022,0.9665981500513875,-0.4509711251634155,0.8258865524890465,0.1670092497430627,2.454522096608428,0.3586288948579795,1.9681526724297003,0.8008946023442524,0.5169578622816033,4.909044193216855,1.8011434226866383,0.36560904704514174,157.75164835164836,0.3467069194541722,0.6060330877913296,9.035164835164835,41.683516483516485,228.34725274725275,8.852899877899878,0.1616910866910867,4.504261053942786,69.63736263736264,0.15304914865354427,0.21917148362235067,20.865856780582053,0.37687239915078014,4.477163463015631,0.04838305292865805,3.0,0.3333333333333333,0.9876543209876543,10.666666666666666,12510.555555555555,68543.22222222222,2625.247685185185,0.2037037037037037,1.2222222222222223,0.13580246913580246,0.0742581461567363,0.9230097773160839,0.010186097361928213,3.1699250014423095,0.017341040462427744,9185.111111111111,3.7493623833898377,0.032206499838435605,1.0740555705738835,0.011838883659117255,0.14850571885376954,3.3993203442779496,132.02504816955684,0.25438352248469526,4.054781501405177,229.51637764932562,0.411804232981018,6.695568400770713,56.56840077071291,328.9421965317919,11.524820702205098,0.19194230357525155,0.02993075186258047,0.2749774186239114,0.004779608803487141,269,cbdd1241-e92d-4a7d-aecf-675949dc7b6c,519
507.9166666666667,527.0,1093.8225954618724,2.1535473577592237,0.2814484599461879,0.007921313321416995,0.02229444316868603,3.5530483989544552,29.614185789921695,29.614185789921695,24.0,29.0,28.467890312796786,23.92645297707207,0.0,0.8404715879601634,0.0,526.5,527.0,88.66904755831223,0.1684122460746671,0.9173436863737232,1.090103976136816,29.614185789921695,28.467890312796786,23.92645297707207,0.8404715879601634,10581322.0,10581322.0,0.7898194885821703,124.0,129.0,154.0,169.0,141.40417457305503,141.0,14.5,45.0,7.6644138710757606,6.211585220025511,141.69830580205493,9.125200298385415,0.3261537815211918,2.3461990816311724,83.26928048565327,0.6474332892855986,5.021728145528044,1.0844946815951446,0.6157958630655423,0.5881278436212878,0.09044972208185953,0.7334137565006734,0.09044972208185953,0.4379691520647079,0.0822685698571739,0.9547751389590702,0.9547751389590702,0.990955027791814,0.977387569479535,-0.45567573474638867,0.7069924120106639,0.09044972208185953,2.212986356745831,0.579994055827727,1.1740196858943222,0.7371621972392287,0.7397675593734209,4.425972713491662,1.0835699638124632,0.1696443914257868,151.01298701298703,0.49030190588632144,0.27255861022094785,6.233766233766234,78.97402597402598,354.461038961039,18.680916305916305,0.19660894660894662,4.644014233047609,24.441558441558442,0.0793557092258391,0.1461100569259962,32.13155675493338,0.1928196448363957,1.431483639147082,0.038523890428177034,2.2,0.44,0.64,6.4,34985.0,149214.4,8488.761111111111,0.31666666666666665,1.4,0.28,0.40034433143279974,2.0030929460341245,0.22226064896089653,2.321928094887361,0.009487666034155597,23875.840000000004,3.715286563579921,0.04361820219462579,0.34792830047029033,0.00528224471044982,0.114099835050156,2.6208614906332284,192.42314990512335,0.3651293167080139,2.6375135473789197,341.1973434535104,0.1775687810779573,5.1233396584440225,63.963946869070206,309.3510436432638,14.506272401433693,0.22006114273666458,0.02368703186172916,0.13271172537115203,0.006132235716535386,270,d38ef3e6-6faf-437b-9f2d-8633d4ebf7be,527
617.4166666666666,640.0,1327.5286088062705,2.1501340674416585,0.2641349079881936,0.007201742330004655,0.01842796605842169,3.7859441132434424,39.824615503479755,39.824615503479755,34.0,22.0,41.07689304775362,20.11392042947894,0.0,0.4896650875248929,0.0,639.5,640.0,105.15432893255084,0.16443210153643603,0.8525071895048751,1.1730106353481742,39.824615503479755,41.07689304775362,20.11392042947894,0.4896650875248929,13177202.0,13177202.0,0.7219280948873616,126.0,132.0,155.10000000000002,174.0,143.18125,143.0,12.25,48.0,7.46673828125,5.359765105492538,143.48999311798715,9.407857005583152,0.7115141988099769,3.2412849133229513,88.50777343749998,0.6800000000000002,1.4491067719152473,0.9633121314241069,0.5588450850895313,0.46090572625300574,0.08890735355213959,0.6765906202753532,0.08890735355213959,0.43281215181930877,0.08100283603649443,0.9555463232239303,0.9555463232239303,0.9822185292895722,0.9703642154826202,-0.3968822755136989,0.6330070578061179,0.08890735355213959,1.1645201495637725,0.6440906240609331,1.0340339376207914,0.6765906202753517,0.7910261736601579,2.329040299127545,0.945126584068652,0.13745326995128632,192.00272479564032,0.5231681874540608,0.23841590627296957,2.8228882833787465,103.52043596730245,120.01634877384195,99.39645776566758,0.5442779291553134,4.092837239064519,45.479564032697546,0.1239225178002658,0.143359375,54.86315883256984,0.33417418044558533,1.2862439454422452,0.09615673919642043,5.285714285714286,0.7551020408163265,0.12244897959183672,3.5714285714285716,39042.0,43820.57142857143,37847.357142857145,0.35714285714285715,1.5714285714285714,0.22448979591836735,0.35759752715309334,1.4303884737421169,0.0893997905058375,2.2359263506290312,0.0109375,30682.816326530603,36.43333333333333,0.03430924062214089,0.09108333333333334,0.015595833333333337,0.03205984504408229,2.2601089951807123,280.54375,0.438349609375,3.169052734375,435.2,0.16,1.6,64.840625,85.11875,59.77109375,0.85,0.02517962032903439,0.06347955419146825,0.015604636863425924,271,a9dc9094-47e8-41be-a5ff-31618b11ba3d,640
1117.6666666666667,1147.0,2356.208584687497,2.1081496433231406,0.22104392808137105,0.005513365209043478,0.010800298753726923,4.523987646617818,46.17358552246078,46.17358552246078,46.0,34.0,46.13556700624564,32.41431257414682,0.0,0.7025883646289359,0.0,1146.5,1147.0,136.71067811865495,0.11924176024304836,0.8779899081310821,1.1389652554533714,46.17358552246078,46.13556700624564,32.41431257414682,0.702588364628936,16186909.0,16186909.0,1.4810847105270428,86.0,99.0,144.0,181.0,117.5387968613775,113.0,18.5,95.0,13.353234889697472,8.961705573531765,118.79557217596023,17.2342450079372,1.0750598237964697,3.813946444383939,297.0192009936083,0.46435149045043017,5.154249259512418,13.012308839583001,1.979993902440622,1.7581701514500017,0.16062884483937118,0.8325735575742952,0.16062884483937118,0.6358118309277171,0.1348272190449404,0.9196855775803144,0.9196855775803144,0.9938219675061781,0.9732285258601049,-0.5081558048040593,0.874558255046091,0.16062884483937118,2.180565048986102,0.3886683661659379,2.1248456533798157,0.8458073362843221,0.6008202323991798,4.361130097972204,1.9642168085404457,0.47969974907234325,248.24778761061947,0.2746103845250215,0.9750763568016291,7.584070796460177,53.573008849557525,239.7986725663717,14.935066371681415,0.27585453539823007,5.132075083263345,117.98672566371681,0.13051628945101418,0.1970357454228422,27.815138225389617,0.3206055596880983,3.3557257753523597,0.071688138873817,4.125,0.2578125,1.93359375,11.3125,37627.0625,163410.125,9482.916927083334,0.3148958333333333,2.375,0.1484375,0.3343441726081901,4.996795262304018,0.0318292314325562,3.749999999999995,0.013949433304272014,32487.96484375,4.7761166798787285,0.017534554754926712,1.5810698130894474,0.008199702081524849,0.17758153095781135,3.5196150629319827,324.29904097646033,0.2827367401712819,3.4874236950340105,532.6111595466434,0.5313949661335549,5.45074106364429,58.59895379250218,277.1176983435048,17.26481328102296,0.2902864961735929,0.029037474769041588,0.24245786918693985,0.007181257650921042,272,93c42aab-437e-42c2-ae1a-5930f43a1740,1147
580.1666666666666,600.0,1242.654422374971,2.141892138537727,0.27070873536000795,0.00747226528267363,0.01983840764694218,3.694007135270785,32.449961479175904,32.449961479175904,27.0,29.0,32.57295698192385,23.598763294064653,0.0,0.7244894378843355,0.0,599.5,600.0,93.74011537017773,0.1563638288076359,0.9259212302102835,1.0800054771105019,32.449961479175904,32.57295698192385,23.598763294064653,0.7244894378843355,10114819.0,10114819.0,1.4765854342441311,104.0,111.0,156.0,182.0,128.68833333333333,123.0,22.0,78.0,13.879766666666667,9.887799999999999,129.83848299586168,17.24368088766304,1.0455290110683828,3.3798220670740706,297.3445305555556,0.40574999999999994,2.8489399293286217,10.290240005813175,2.393716038465456,1.8324034433567655,0.1691696113074205,0.8309633406452872,0.16916961130742048,0.6558016712619221,0.14055125391751674,0.9154151943462896,0.9154151943462896,0.9900488463936811,0.9661660777385158,-0.4992713188149783,0.8664147781222601,0.16916961130742048,1.5598498233215548,0.33706398116470426,2.087548869136035,0.838682315064456,0.5119257950530035,3.1196996466431095,1.9183792578286158,0.5003932636660465,170.73410404624278,0.32896744517580495,0.6888747814271554,5.564547206165703,44.60115606936416,83.29094412331406,37.04081031898951,0.3501257760650824,4.398805596697586,79.35452793834297,0.15289889776173982,0.21625,23.217214073306824,0.3436799499236353,2.865946147023257,0.059002541915027476,2.75,0.34375,1.109375,10.875,18184.5,38336.125,13823.776909722223,0.2152777777777778,1.75,0.21875,0.38631529243842017,6.126117855954799,0.024527504324267427,2.4056390622295645,0.013333333333333334,12559.5,7.570355061258477,0.03299605343632291,0.9822357830849355,0.015146022789902992,0.21517638017799154,3.2547631989065464,157.10666666666665,0.26184444444444444,3.4737666666666667,243.45,0.5677083333333334,3.2083333333333335,56.32666666666667,129.11833333333334,41.72498842592592,0.6252893518518519,0.030415074640967498,0.20933832120811288,0.011788222329826993,273,8359aaf3-42f3-4d3c-bf89-4b4224c4c9f5,600
701.9166666666666,725.0,1496.4500124598428,2.131948254721372,0.2552381648312277,0.006840963873829189,0.01662787841066348,3.9179093795053523,37.107950630558946,37.107950630558946,36.0,25.0,37.110770212976654,25.127672270781503,0.0,0.6770991851307634,0.0,724.5,725.0,104.66904755831223,0.1444707350701342,0.9116032285481371,1.0969684712423056,37.107950630558946,37.11077021297666,25.127672270781506,0.6770991851307634,10714331.0,10714331.0,1.5482415746564684,80.0,101.0,142.60000000000002,168.0,120.45655172413792,119.0,20.0,88.0,13.132624970273485,9.090300241069473,121.56639168045952,16.389226123797908,0.1518862201490558,2.9790415204446954,268.60673293697977,0.3944504161712248,5.835820895522389,7.821092682922876,0.10753708830521191,1.7060589246580542,0.15981070258463778,0.8287011051026109,0.1598107025846378,0.6338565027497558,0.13427124192404225,0.9200946487076811,0.9200946487076811,0.9905993704361977,0.9680378594830724,-0.5224097534249227,0.8887551738304358,0.1598107025846378,2.3343647615580636,0.3107722903590494,2.2063086289695084,0.8458764152055652,0.46523480160174735,4.668729523116127,2.0464979263848715,0.466467406810673,185.42905405405406,0.3132247534696859,0.7453861166910154,8.059121621621621,46.391891891891895,250.8141891891892,11.543238551051052,0.21864442567567569,4.859440535307679,78.71621621621621,0.13296658144631118,0.20413793103448277,22.39513330898466,0.33809714948062636,3.7909812694586633,0.050673059025311135,3.4615384615384617,0.26627218934911245,1.1005917159763314,8.76923076923077,15501.923076923076,86685.07692307692,3374.2382478632476,0.26495726495726496,2.076923076923077,0.15976331360946747,0.3471600217671196,2.1097691864253187,0.11975672741152678,3.5465935642949344,0.01793103448275862,12391.715976331361,5.249733206557604,0.02518276005613978,0.9077709472385536,0.014069134119922657,0.11712134009391305,3.67848815280437,193.66482758620688,0.2671239001189061,3.7991800237812132,285.97655172413795,0.5061098692033293,6.173793103448276,58.070344827586204,321.43724137931036,15.337816091954021,0.25243295019157086,0.03280586267712704,0.260541685128713,0.007666646937617108,274,ab52559f-20bf-4479-a406-c6cbb82ba765,725
498.4166666666667,520.0,1082.6933821048203,2.1722656052930684,0.2807848555179485,0.007893314311359267,0.0221371159397657,3.5614456419145344,38.8329756778952,38.8329756778952,36.0,18.0,38.74551930507534,17.27158798522919,0.0,0.44576994437049017,0.0,519.5,520.0,97.01219330881979,0.1867414693143788,0.8328588107629229,1.200683701819725,38.8329756778952,38.74551930507534,17.27158798522919,0.4457699443704902,10422192.0,10422192.0,0.8001604499993945,121.0,128.9,154.0,184.0,141.22692307692307,140.0,12.0,63.0,7.766745562130177,5.485717187332501,141.57216153989077,9.88094738887801,0.7398251011372241,3.9292296243577627,97.63312130177516,0.6732470414201184,4.759545923632611,1.3193204732392412,0.6095441077902493,0.5124379500320034,0.10474716202270383,0.6605648452083228,0.10474716202270382,0.4838656004917331,0.09377519407089324,0.9476264189886481,0.9476264189886481,0.9938384022339586,0.9790505675954592,-0.3686354928178791,0.6446190867433279,0.10474716202270382,2.1581527347781218,0.6213371748134374,1.1883480498729706,0.6867776584148962,0.7770897832817337,4.3163054695562435,1.0836008878502676,0.15429627801367682,153.22028985507245,0.44411678218861583,0.37168662045788703,6.585507246376811,77.2463768115942,329.8376811594203,18.779106280193236,0.20819243156199677,4.4066359291482,48.03768115942029,0.13923965553455156,0.1658653846153846,40.89771056500735,0.3654927052869397,2.8832798314668624,0.07986975910004217,4.2,0.42,0.8400000000000001,7.6,17582.2,72122.1,4346.461111111111,0.29791666666666666,1.6,0.16,0.27334143765163016,1.7461811467968011,0.12792150581502937,3.3219280948873595,0.019230769230769232,14878.2,2.3892108523929987,0.03932871076920584,0.719832913189099,0.003233258454440037,0.21405129921107835,2.6154311246434387,187.76923076923077,0.361094674556213,3.720044378698225,350.08846153846156,0.17721523668639055,4.975,62.59615384615385,284.12884615384615,14.737019230769231,0.22860576923076922,0.030119274134155084,0.1862741405144679,0.007907874291988875,275,083abb81-18f7-4f7b-bf40-b0124fe1afa2,520
884.4166666666666,910.0,1872.4991715547496,2.117213799929991,0.2379580688314575,0.006158139610112222,0.013474147807964675,4.202421060612517,41.0,41.0,30.0,40.0,40.460167483665586,28.920637839328602,0.0,0.7147928354721795,0.0,909.5,910.0,117.1543289325509,0.12881179651737318,0.9125316639973607,1.095852384584095,41.0,40.460167483665586,28.920637839328602,0.7147928354721795,16427957.0,16427957.0,1.314144065194435,96.0,116.9,150.10000000000002,167.0,133.68021978021977,134.0,21.0,71.0,11.220521676126072,8.280827345731192,134.36033640922457,13.501808749650404,-0.2491570967655143,2.491706782100785,182.29883951213623,0.4731360946745562,8.318247333525512,4.770302087923517,-0.046322261734949854,1.2806079394806082,0.14269241856442777,0.7994907852613452,0.14269241856442777,0.5912468125644028,0.1223312922486619,0.9286537907177862,0.9286537907177862,0.9916063283197396,0.9714615162871145,-0.4965058632814222,0.8515931117608216,0.14269241856442777,2.8343903142115883,0.3734222256495596,1.9558079597526012,0.8032594328868371,0.5626981839146729,5.6687806284231765,1.8131155411881745,0.35582508951125896,250.47747747747746,0.37609230852474096,0.5323431539647756,9.105105105105105,56.111111111111114,477.7897897897898,7.517434100767434,0.15151609943276612,5.052137479128929,70.55255255255256,0.10593476359242125,0.18296703296703296,26.239798356915475,0.2748666078395463,2.9717533521570507,0.0424776093327149,5.833333333333333,0.4861111111111111,1.0555555555555556,12.166666666666666,30801.5,267133.6666666667,3784.0891203703704,0.17592592592592593,2.6666666666666665,0.2222222222222222,0.4429662957427119,7.008901678337451,0.032574972701754586,2.6174924611847525,0.013186813186813187,25050.80555555556,4.46979861608866,0.019643823859968212,0.9141380925533361,0.008622485074399095,0.10732960472995134,3.4848439403286453,265.76263736263735,0.29204685424465643,3.2223113150585676,430.55384615384617,0.36263253230286197,8.538461538461538,60.01758241758242,503.45274725274726,8.487851037851037,0.14384920634920634,0.028533883129971564,0.295704221106432,0.003938736683368912,276,3428b7d8-4778-4e5a-8946-5f7534c85d13,910
664.9166666666666,687.0,1418.7931582103504,2.133790938529165,0.25966286921931503,0.007019620835915983,0.017507718491947138,3.8511474628872926,34.828149534535996,34.828149534535996,29.0,30.0,33.77575317850019,26.096723272489182,0.0,0.7726466715507899,0.0,686.5,687.0,100.66904755831224,0.1466410015416056,0.9226335502933464,1.0838539306120565,34.828149534535996,33.77575317850019,26.096723272489182,0.7726466715507899,4337396.0,4337396.0,1.4601388169975014,52.0,59.60000000000001,105.0,157.0,77.14701601164484,72.0,17.5,105.0,13.827925139151091,8.17881616257089,79.45773276080577,19.02286035239294,1.6556261667236924,5.685637614853096,361.8692159866432,0.43917079299699774,2.7477893118031527,21.56991676852339,4.522138082753901,2.061083772677264,0.19492502883506344,0.8271947975518579,0.18723567858515958,0.7143651044346057,0.1598678294998183,0.9076637190824043,0.9071510957324107,0.9925640719698708,0.968977133336995,-0.4702698259564438,0.8504913934794485,0.18050749711649366,1.5103806228373702,0.36884351255786774,2.0898926821608024,0.8334647956992357,0.5613225682429834,3.0207612456747404,1.8877794249657118,0.5640022003780819,183.22115384615384,0.2936236439842209,1.012016662557528,6.081730769230769,47.782051282051285,78.97435897435898,41.78963141025641,0.3745339209401709,4.54733312509382,121.59935897435898,0.19487076758711375,0.22707423580786026,28.38819033530572,0.4356292650551991,3.7816305095192653,0.10020472487032918,3.4285714285714284,0.24489795918367346,1.530612244897959,13.285714285714286,14681.214285714286,25051.14285714286,12303.807678571427,0.17176587301587304,4.0,0.2857142857142857,0.5217008590146486,8.54733642961388,0.054669490890229634,3.1820058147602106,0.020378457059679767,12273.20918367347,5.6672939476885675,0.0276509751966325,1.9409349915519087,0.01104553321355113,0.4105180824577623,3.362241911767587,187.56768558951964,0.2730242876121101,4.499113289220267,301.7103347889374,0.6635944309901709,3.1441048034934496,56.10043668122271,112.87045123726347,44.60527130842633,0.6708139252789909,0.0393837741037436,0.3257146581879288,0.014930385363752487,277,a592b859-3545-449b-8b2f-26d743091a32,687
524.1666666666666,543.0,1125.7262191446944,2.1476493846957605,0.2792742812572697,0.007829703046664076,0.02178175297035983,3.580709242176124,31.622776601683793,31.622776601683793,24.0,30.0,30.13398064452599,23.07797373833793,0.0,0.7658455087821322,0.0,542.5,543.0,88.08326112068534,0.16236545828697757,0.9373707942820495,1.066813694324581,31.622776601683793,30.13398064452599,23.07797373833793,0.7658455087821322,11184190.0,11184190.0,0.7619792324769926,129.0,135.0,155.0,171.0,143.2744014732965,141.0,12.0,42.0,6.862543200078686,5.147006691074359,143.51667147335846,8.335518775730177,0.9026353276538766,3.3126822242498544,69.48087326055031,0.6556881658069045,1.5181017612524461,0.9768337145580828,0.5671771720859313,0.5107009777076528,0.10567514677103718,0.6571082409773288,0.10567514677103718,0.4867314625846556,0.09450791012595691,0.9471624266144814,0.9471624266144814,0.9788649706457926,0.9647749510763209,-0.36773208838978666,0.6350814703738784,0.10567514677103718,1.1903131115459882,0.5973040276346983,1.1460577489165595,0.657108240977328,0.7568493150684932,2.3806262230919764,1.0403826021455227,0.1540940311196725,176.23837209302326,0.5123208491076258,0.24383957544618712,2.73546511627907,83.20930232558139,101.36627906976744,78.67005813953489,0.5661337209302325,4.092692471383537,51.22093023255814,0.1488980530016225,0.15837937384898712,43.34329367225527,0.3812125917653416,1.388614870826084,0.1293620220001561,8.2,0.82,0.09000000000000001,3.7,18633.7,20856.1,18078.1,0.325,3.0,0.3,0.5129154432565274,2.051660096383419,0.12822927997480454,2.160964047443679,0.01841620626151013,15685.210000000001,44.21730093676815,0.03355262591668912,0.10977505192730613,0.020067117522301482,0.03159854797148607,2.5571092343014348,210.77532228360957,0.3881681810011226,3.6948064941715932,356.03867403314916,0.1721559170965477,1.6629834254143647,63.49355432780847,88.4659300184162,57.25046040515654,0.8342541436464088,0.03296366273472079,0.09330518470262396,0.017878282242744993,278,091ce83c-25a3-4782-9ed8-e19031c13cfe,543
976.1666666666666,1004.0,2063.9092563709137,2.1143000748208096,0.2305735616403481,0.0058737186368237075,0.012258251412348662,4.337010682776433,46.61544808322666,46.61544808322666,32.0,38.0,44.758176480864584,29.410845885346934,0.0,0.6571055435629939,0.0,1003.5,1004.0,125.74011537017773,0.12530155991049102,0.8930787707392793,1.1197220589760661,46.61544808322666,44.758176480864584,29.41084588534693,0.6571055435629939,19595376.0,19595376.0,0.9667650060920653,120.0,126.0,152.0,169.0,139.36653386454182,139.0,14.25,49.0,7.9068348121458385,5.964543103158369,139.7043548816871,9.709583487044183,0.17828323969959395,2.5033702041469357,94.27601149188108,0.6300038888271614,4.3710855949895615,2.200991012862829,0.1195956053341305,0.6566780103599619,0.12343423799582465,0.6835474939510752,0.12343423799582465,0.5391525664832533,0.10819822688621478,0.9382828810020876,0.9382828810020876,0.9876565762004175,0.9691414405010437,-0.3936873676438283,0.7137778856114708,0.12343423799582465,2.0585855949895615,0.5616398592121721,1.4531269927998285,0.6936402795449494,0.7398225469728601,4.117171189979123,1.3296927548040043,0.19502806208894663,262.8477929984779,0.40007274428992073,0.46828789131910414,5.905631659056317,85.05936073059361,352.6818873668189,22.23625909014037,0.27925756807035346,4.617076840168348,83.11872146118722,0.12651251363955435,0.16359561752988047,47.69507632358699,0.3231671141016623,2.400948602533617,0.07650459965811945,6.2727272727272725,0.5702479338842975,0.6115702479338843,7.090909090909091,56196.181818181816,227560.9090909091,14228.232323232323,0.28535353535353536,2.272727272727273,0.2066115702479339,0.4092503462737516,3.5012620481265486,0.06569342793213945,2.7321588913645676,0.010956175298804782,47865.47107438017,9.444463166394833,0.017848500943693772,0.39195621651318174,0.009332319772838533,0.04124985767022039,2.7314653588474487,359.0876494023904,0.35765702131712196,3.2393255662608533,632.5239043824702,0.21670290947762733,4.591633466135458,62.39442231075697,263.94223107569724,17.28524789729969,0.27805444887118197,0.02686695536448311,0.15885397625923617,0.006836475976953585,279,48b08a21-5961-4a1f-94ab-c2ba7d410a37,1004
408.6666666666667,427.0,889.0837450775991,2.1755719700104383,0.2995396131615358,0.008697216353666647,0.026875886216469854,3.3384566049389925,28.861739379323623,28.861739379323623,19.0,28.0,29.038576052574655,18.841568814823184,0.0,0.6488461686520138,0.0,426.5,427.0,81.11269837220813,0.1901821767226451,0.9025589984782875,1.1079608110782762,28.861739379323623,29.03857605257466,18.841568814823184,0.6488461686520137,6902764.0,6902764.0,1.3221956464420856,94.0,114.0,143.40000000000003,161.0,126.59016393442623,124.0,15.0,67.0,9.281836679847968,6.288950516221726,127.14449910788821,11.859765952618005,0.5531066403686309,3.2617900855032445,140.65404845087727,0.443368855201312,6.41095028319698,2.9698943253735894,0.48488598376771436,1.1419446390599943,0.196979232221523,0.7057648512413338,0.19697923222152303,0.7158452631849673,0.15817841429494234,0.9015103838892384,0.9015103838892384,0.9884129863399104,0.9606041535556954,-0.368482717879196,0.7724668993370433,0.19697923222152303,2.4848961611076152,0.3293998109247775,2.0103521395194095,0.7214490968712614,0.45689112649465075,4.96979232221523,1.8133729072978877,0.3347309678203793,153.80092592592592,0.3560206618655693,0.5819133659122084,8.233796296296296,28.550925925925927,168.2037037037037,5.761091820987655,0.1786426183127572,4.381381451249756,67.25,0.1556712962962963,0.2529274004683841,12.919152949245541,0.3549345523304837,3.7951726448908603,0.06077938453543886,3.0,0.3333333333333333,0.9876543209876543,10.666666666666666,6794.111111111111,34938.0,1489.2692901234568,0.2037037037037037,1.0,0.1111111111111111,0.15086585823317747,2.3460970063209126,0.013603596200288726,3.169925001442309,0.02107728337236534,4543.135802469134,3.443865521182936,0.03166204832831924,1.2291472341479395,0.012462771651194365,0.15560761300658468,3.54601664641206,90.5503512880562,0.2120617126183986,4.02755458539234,189.3185011709602,0.38075127928086044,6.730679156908665,52.70023419203747,319.25526932084307,10.315394873796514,0.18980939370283634,0.03366264449660513,0.30796867430726305,0.005918794930487494,280,a13288da-2a89-4513-bdb5-f251a135f0ac,427
317.9166666666667,334.0,699.6736602614383,2.2008083677948256,0.3219566973834839,0.009691590879906065,0.0333727804458089,3.1060077585803287,26.92582403567252,26.92582403567252,26.0,16.0,26.457567470691195,16.324495259515945,0.0,0.6170066570783452,0.0,333.5,334.0,72.52691193458114,0.2174719998038415,0.8925933866337165,1.1203309535726582,26.92582403567252,26.457567470691195,16.324495259515945,0.6170066570783452,2502783.0,2502783.0,1.400162201028791,55.0,68.0,106.69999999999999,118.0,85.45808383233533,84.0,20.75,63.0,11.470292947040052,8.621052777048408,86.5642089748939,13.794135824858648,0.2188143085586013,2.2198883039467487,190.27818315464876,0.42430707447380683,4.173170731707318,5.143700737323506,0.066918007573888,1.444116597263534,0.20975609756097563,0.7463455340699812,0.20975609756097563,0.7410162706298384,0.16575847709696612,0.8951219512195122,0.8951219512195122,0.9790243902439024,0.9475609756097562,-0.39645202566371807,0.8174516257388424,0.20975609756097563,1.9658536585365856,0.2902558001189768,2.231294081353941,0.7466284404172533,0.48048780487804876,3.9317073170731707,2.021537983792966,0.4134681737061273,137.6868131868132,0.3782604757879483,0.4935016906170752,4.118131868131868,22.521978021978022,95.15384615384616,8.112484737484737,0.4463522588522589,4.452283024876849,57.32967032967033,0.15749909431228112,0.27245508982035926,9.050658133075716,0.33829243191490505,1.3515657770388754,0.16796540720964392,3.2222222222222223,0.35802469135802467,0.7654320987654322,4.333333333333333,4468.888888888889,18168.777777777777,1375.5216049382716,0.537037037037037,1.2222222222222223,0.13580246913580246,0.1453647162393131,0.3830276962195104,0.11838479180288612,3.1699250014423095,0.02694610778443114,3091.6543209876536,6.9687848999534685,0.0390293249955032,0.5510633405324165,0.028252149778088362,0.09682519356797731,4.015228785346295,60.035928143712574,0.17974828785542687,3.680304062533615,141.7185628742515,0.4195650614937789,4.218562874251497,50.19760479041916,215.0988023952096,18.93238522954092,0.40161343978709246,0.03368199306225041,0.13770715466270783,0.015939842791216925,281,28f70263-9632-428d-9a64-6fd5c574db4a,334
1025.1666666666667,1053.0,2166.358977803649,2.113177347881953,0.22696036382099516,0.005736194983779571,0.011690956831803094,4.4060556793463075,51.0,51.0,30.0,40.0,51.21593294078839,26.443984287388588,0.0,0.5163233933073313,0.0,1052.5,1053.0,131.5391052434012,0.12497777220275648,0.8743012531977987,1.1437705211361096,51.0,51.21593294078839,26.443984287388584,0.5163233933073312,16633634.0,16633634.0,1.5190872395795305,95.0,105.0,146.0,183.0,124.5735992402659,123.0,22.0,88.0,12.736628220009036,8.681144967682364,125.68382374735774,16.66859094472315,0.8581350837164247,3.8980664676814003,277.8419240825066,0.41310360936825,6.405371798060185,9.907939828787814,1.4399377374819977,1.6482847047529194,0.21039542402387465,0.7736077114437789,0.1979607062919672,0.7446825273496985,0.1712069827882602,0.9030920998093342,0.9022631186272071,0.9920068183152506,0.9673026136592413,-0.4329376546142138,0.8441644730350981,0.18708032827654814,2.4588410843073865,0.3181187042090205,2.256691725709487,0.7861535032745692,0.48047749316090527,4.917682168614772,2.0286727921756262,0.46467003219419856,295.44490644490645,0.3071152873647676,0.8413529073612234,9.477130977130978,42.305613305613306,233.0914760914761,9.330678563178564,0.172246765996766,4.797339159112321,161.22661122661123,0.16759522996529233,0.22839506172839505,23.135416081362028,0.39871384641426316,5.156765940114441,0.049512255134285074,3.9411764705882355,0.23183391003460208,1.7785467128027683,14.235294117647058,26062.176470588234,145974.88235294117,5408.881552287582,0.1968137254901961,2.0588235294117645,0.12110726643598616,0.29052899444301344,4.211714304962409,0.08198491110050243,3.9698157824268048,0.016144349477682812,22225.46712802768,5.079930298073428,0.01582338234439907,1.7560448950106589,0.009505206581309055,0.14616356756557722,3.6947373809873145,247.95916429249763,0.23547878850189707,4.1087779770907344,434.9981006647673,0.5290126613330158,6.848053181386515,55.55840455840456,323.77302943969613,12.167943705814077,0.20566503112799409,0.03379159775654485,0.3485855060957942,0.006185907285066685,282,c47fd69e-c13a-4bb7-88f8-bf0b0ab73c93,1053
1089.6666666666667,1118.0,2295.280381457221,2.106405978700417,0.22310578106013979,0.005590686150565827,0.011105355646067003,4.482178790922691,44.94441010848846,44.94441010848846,35.0,43.0,43.564747734823015,33.57588502215671,0.0,0.7707122563071377,0.0,1117.5,1118.0,131.0538238691626,0.11727411531916118,0.9042301852337505,1.1059130919650644,44.94441010848846,43.564747734823015,33.57588502215671,0.7707122563071377,18360988.0,18360988.0,1.1456191984227384,104.0,115.0,142.0,165.0,127.72808586762075,127.0,12.0,61.0,7.883298504549075,5.272979187195795,128.15251144485748,10.421241299290083,0.666607784440992,3.577784878840345,108.60227021802925,0.4876744506065969,2.8297126839523474,1.7405607705628336,-0.1059938347641795,0.9704604053012389,0.1424900724129876,0.7439417561406084,0.1424900724129876,0.5907231209235972,0.12218665167672917,0.9287549637935062,0.9287549637935062,0.9857509927587013,0.9643774818967531,-0.43762531445496045,0.7871780763422002,0.1424900724129876,1.6194814295725297,0.38054650741058493,1.7255487680116843,0.7566542356264909,0.5057229619247839,3.2389628591450594,1.5830586955986972,0.2782376194285567,331.729088639201,0.4141436811975044,0.4249962203924246,3.647940074906367,60.80649188514357,182.08988764044943,30.890692190317658,0.48366625052018314,4.852782919756113,93.45443196004993,0.11667219970043688,0.17911449016100178,29.636365903419726,0.30853303522932846,1.629232803070642,0.0982411291346617,4.5,0.375,0.6875,5.75,48562.0,153368.83333333334,22426.587962962964,0.3680555555555556,3.6666666666666665,0.3055555555555556,0.5118213301389847,3.6979933076844698,0.08835769387470643,2.75162916738782,0.01073345259391771,39881.972222222226,16.35734227192561,0.014383104318429353,0.4747269400799155,0.014073368086028803,0.04057817137003477,3.22893199891844,350.07871198568876,0.3131294382698468,3.3546231610881945,545.2200357781753,0.2936626546894051,2.9964221824686943,60.61538461538461,171.33631484794276,33.3525641025641,0.5366726296958855,0.028539742513648936,0.12417587755800658,0.012060477519537597,283,06493ef1-c53c-4628-922c-87e0b6923b24,1118
275.4166666666667,290.0,610.4597278679842,2.2164952297778546,0.33534146007894583,0.010302194700128633,0.0377104532898521,2.9820350867577803,25.632011235952593,25.632011235952593,23.0,16.0,25.46339730557848,14.578686796708489,0.0,0.5725350243627787,0.0,289.5,290.0,68.18376618407353,0.2355225084078533,0.8846026374525298,1.1304510722235583,25.632011235952593,25.46339730557848,14.578686796708489,0.5725350243627787,7126331.0,7126331.0,1.104077645009774,136.0,144.9,171.0,182.0,156.45172413793102,155.0,15.0,46.0,8.223258026159334,6.402619871478002,156.7595457138537,9.819021676446225,0.3323323067404275,2.328739626969636,96.41318668252083,0.5279904875148632,3.1131008482563614,1.9691255250132258,-0.24598654097383865,0.905593837194118,0.1649387370405278,0.6918566683345485,0.16493873704052783,0.6459947431481254,0.13773395006400344,0.917530631479736,0.917530631479736,0.9835061262959472,0.958765315739868,-0.37236323915801367,0.7448481122116288,0.16493873704052783,1.7111215834118754,0.3947128107230832,1.7686097114841353,0.7004662349586221,0.5664467483506126,3.4222431668237507,1.603670974443608,0.2676331435586615,126.05109489051095,0.46004049230113486,0.36588257232670895,3.7627737226277373,28.05839416058394,90.01459854014598,12.99918896999189,0.4390713706407137,4.343333364928689,34.8978102189781,0.12736427087218286,0.23620689655172414,10.135222974052958,0.27531685350309826,1.3840507825402728,0.095823062151257,1.8,0.36,0.56,5.4,8796.4,30852.0,3305.611111111111,0.34444444444444444,1.0,0.2,0.2520325239499898,1.2680489708675633,0.05580618999837421,2.321928094887361,0.017241379310344827,5432.4,4.370080733442803,0.047672650928168504,0.5316638568103997,0.014861268058004291,0.12718662648629966,3.5384987223978803,59.37241379310345,0.20473246135552914,3.463686087990488,153.11724137931034,0.2728180737217598,3.317241379310345,54.02068965517241,169.84827586206896,25.745785440613027,0.4666666666666667,0.03127838485330275,0.12689460777925476,0.01243073610350909,284,a63376c2-1f21-4de2-9015-89207a6c8208,290
730.9166666666666,754.0,1556.3570359310174,2.1293221332997616,0.25212745174996287,0.006716284408952276,0.016027301370284377,3.966247995048589,36.68787265568828,36.68787265568828,36.0,29.0,36.344010152808124,26.841060092445915,0.0,0.7385277513293903,0.0,753.5,754.0,107.15432893255087,0.14220879752163354,0.9081066155540992,1.101192286094987,36.68787265568828,36.344010152808124,26.841060092445915,0.7385277513293903,7102312.0,7102312.0,2.01629392972925,57.0,66.0,133.0,164.0,93.48541114058355,87.0,42.75,107.0,22.72024709946598,18.386846454792778,97.05417011308438,26.076614815109316,0.5842778230242315,2.2008053377841623,679.9898402155786,0.26729238930830446,5.846503496503496,44.927277451992104,4.4969827376276585,4.681683578659102,0.18776223776223777,0.9228814756993314,0.18706293706293703,0.6982170940652799,0.15276969533962537,0.9065850815850816,0.9065384615384615,0.9927839401977333,0.9688394938394939,-0.594267613720288,0.951399584440847,0.18645104895104894,2.1732517482517486,0.19865665802728738,2.786042754615501,0.926315765539871,0.3374125874125874,4.346503496503496,2.5956053667737486,1.2173614541053353,171.18840579710144,0.2480991388363789,1.2332304137786179,7.940579710144927,35.06956521739131,162.4,21.23341304347826,0.2997640901771337,5.165560267814757,96.95072463768116,0.1405082965763495,0.22877984084880637,15.963797521529091,0.3350592507038883,3.213574018467742,0.06566723528881278,3.6153846153846154,0.2781065088757396,1.609467455621302,11.076923076923077,10765.846153846154,47173.53846153846,6430.437072649573,0.207008547008547,1.3076923076923077,0.10059171597633136,0.19798562494202143,3.391443843092165,0.018020111044352246,3.5465935642949344,0.017241379310344827,7401.846153846154,5.409045934908005,0.030812581122866965,1.698144625445636,0.022988383701541076,0.28209622756552,4.356821126482705,168.07161803713527,0.22290665522166483,3.7271492798795465,201.53846153846155,1.2600102723582098,6.153846153846154,55.13262599469496,297.2440318302387,28.959233348069553,0.45586170055997643,0.030960705580984724,0.26465150464842585,0.009900686564601252,285,60428f23-c9ed-4066-9ec0-7ce6f3469251,754
111.91666666666667,124.0,269.2321963211204,2.4056488129958633,0.41714493510786627,0.014293195671521137,0.07258734714469792,2.3972483322647027,21.213203435596427,21.213203435596427,21.0,7.0,22.724969408653223,7.054073186346674,0.0,0.31041067908591424,0.0,123.5,124.0,51.55634918610403,0.4174603172963889,0.7641106526825155,1.308710978559666,21.213203435596427,22.724969408653223,7.054073186346676,0.3104106790859143,2670795.0,2670795.0,0.9680496640252918,133.0,136.3,158.0,166.0,146.54032258064515,145.5,12.0,33.0,6.905176899063475,5.349658198143047,146.760585154321,8.037612381744191,0.29443816046417876,2.1598521256992296,64.60321279916752,0.5219823100936525,1.7928571428571427,0.7192913446557767,0.3411294676600807,0.5834467120181406,0.2714285714285714,0.3649867374005301,0.2714285714285714,0.8435070855739029,0.19775510204081637,0.8642857142857143,0.8642857142857143,0.9457142857142857,0.9095238095238096,-0.10397990597489533,0.41160528350252873,0.2714285714285714,1.3095238095238093,0.3748072562358277,1.6924311697673855,0.36498673740053017,0.5547619047619048,2.619047619047619,1.4210025983388144,0.213718820861678,103.25263157894737,0.5434349030470914,0.2282825484764543,2.942105263157895,13.094736842105263,20.894736842105264,11.144736842105264,0.5144736842105263,2.8085690871123266,51.61052631578947,0.2716343490304709,0.38306451612903225,6.2798891966759,0.5211013103170047,1.9406711078266519,0.1662088609395929,3.4,0.68,0.16000000000000003,3.4,1366.8,2092.2,1185.45,0.4,1.0,0.2,0.06471921028466483,0.2587701744719927,0.016206469237832873,2.321928094887361,0.04032258064516129,751.7600000000001,46.7852225672878,0.05761759859186483,0.2799323930925128,0.06930476328840926,0.055623613548323,3.2754715516377866,18.29032258064516,0.14750260145681582,4.640998959417274,64.7258064516129,0.23900884495317376,2.185483870967742,39.87096774193548,60.21774193548387,34.784274193548384,0.7036290322580645,0.0476864220897439,0.14863400273490518,0.02244952692845358,286,86ed6c85-09f4-4391-b720-4197e76cfa6f,124
365.6666666666667,383.0,800.0625653185002,2.1879559671426625,0.3090891469969202,0.009116423898331241,0.029529171900989717,3.2353125618155856,29.154759474226502,29.154759474226502,29.0,17.0,28.761784725841903,16.984676256943345,0.0,0.5905292880411188,0.0,382.5,383.0,77.94112549695426,0.20376764835805034,0.8895164395632554,1.1242063165139375,29.154759474226502,28.7617847258419,16.98467625694335,0.590529288041119,8223314.0,8223314.0,0.8816098276135043,130.0,136.0,156.0,170.0,146.3237597911227,146.0,9.0,40.0,6.009298584079242,4.228934240362811,146.52915659922928,7.75571107451028,0.444107109171322,3.1732437853851736,60.15105427128141,0.5797912590582799,1.7207334273624824,1.0060648602080653,0.559618832985374,0.6472653631229347,0.12411847672778561,0.6781926965133065,0.12411847672778561,0.5410845591365521,0.10871308046255974,0.9379407616361072,0.9379407616361072,0.9751763046544428,0.9586271744240714,-0.37937362182745976,0.683030973103249,0.12411847672778561,1.2609308885754584,0.50559499961208,1.342118250214972,0.6781926965133063,0.6770098730606487,2.521861777150917,1.2179997734871866,0.1928459599626801,152.5103448275862,0.52589774078478,0.23705112960761,2.8413793103448275,52.60689655172414,71.72413793103448,47.827586206896555,0.5396551724137931,4.054821664126134,36.220689655172414,0.12489892984542211,0.18929503916449086,24.69935790725327,0.3183699421826461,1.1729452608158466,0.10472611252434602,4.333333333333333,0.7222222222222222,0.13888888888888887,3.5,13626.166666666666,18592.666666666668,12384.541666666666,0.375,1.3333333333333333,0.2222222222222222,0.35324858787479824,1.4129873900378425,0.08831388733403704,2.2516291673878213,0.015665796344647518,9551.472222222223,122.31555451127814,0.0412005954953657,0.12674409318840735,0.027683464703032946,0.03963198867657467,2.9093880258856855,112.24804177545693,0.2930758270899658,3.5918303349262724,222.06005221932114,0.2101043704708601,1.9007832898172323,59.6266318537859,94.53785900783289,50.89882506527415,0.7748041775456919,0.030305715410620295,0.08481961416710578,0.01667724072149893,287,62cd423c-9bc2-43bf-805a-5bd4020ea0d9,383
442.4166666666667,461.0,958.4514703755608,2.16640000838326,0.2929554955657658,0.0084120404232137,0.02514229675737481,3.4134877656715927,28.861739379323623,28.861739379323623,27.0,21.0,28.40689976697674,20.913612200155182,0.0,0.7362159324569248,0.0,460.5,461.0,83.35533905932736,0.18101050827215498,0.9126123190653035,1.0957555350821901,28.861739379323623,28.40689976697674,20.91361220015518,0.7362159324569247,11029234.0,11029234.0,0.7381107523722341,141.0,147.0,161.0,170.0,154.58134490238612,155.0,9.0,29.0,4.455183252478578,3.3968144044321313,154.67574368108654,5.4031001718204,-0.09260879161791502,2.4716691543662903,29.193491466725636,0.6702443523228294,3.2764227642276422,1.0051312629696703,-0.5774679363109062,0.5767410474005189,0.11440185830429733,0.6689487590482246,0.11440185830429733,0.5130521581617895,0.10131407312082079,0.9427990708478513,0.9427990708478513,0.9771196283391405,0.9618660472319008,-0.37489097396058285,0.6603689480751594,0.11440185830429733,1.7778745644599303,0.553114474026771,1.241631300838185,0.6689487590482242,0.7206736353077816,3.5557491289198606,1.127229442533888,0.17278572642620404,181.6959247648903,0.5695797014573363,0.21521014927133186,3.0595611285266457,58.00626959247649,211.86206896551724,19.5423197492163,0.48510971786833856,4.467944974886568,33.5705329153605,0.10523678029893574,0.17299349240780912,24.59134639007085,0.2064156131479458,0.561831846605394,0.1175615547835837,2.5,0.625,0.1875,1.75,34748.25,134667.0,9768.5625,0.8125,1.0,0.25,0.007968537230990723,0.00797416680501962,0.007967129837483497,1.9999999999999987,0.008676789587852495,21465.6875,9.378891580291425,0.03876414026724673,0.11191773541259006,0.018190889747132847,0.0393221608463627,2.801260708515011,144.8655097613883,0.31424188668413944,2.770154478851502,308.98264642082427,0.16487782383858537,3.3752711496746204,60.77440347071583,210.9761388286334,23.223969631236443,0.4061822125813449,0.021474359788906324,0.06769829109437621,0.009918376962538852,288,ec7509be-f468-4c06-a21c-7580b42b3f79,461
301.4166666666667,318.0,665.3237149342262,2.207322250265611,0.32676030730678773,0.009909296439740492,0.034888949047239604,3.0603472258982882,24.08318915758459,24.08318915758459,19.0,20.0,21.52286595138603,19.603037442322616,0.0,0.9108005173010065,0.0,317.5,318.0,70.38477631085023,0.22168433483732355,0.8974247900268804,1.1142995057781357,24.08318915758459,21.52286595138603,19.603037442322616,0.9108005173010065,5167011.0,5167011.0,1.3686412556282064,77.0,96.7,144.0,156.0,126.21698113207547,131.0,18.75,79.0,13.535125192832563,8.27288818359375,127.46945620089129,17.825149033212817,-1.1246781492734905,3.585751434435288,317.73593805624785,0.4920493651358728,7.196917808219179,12.131006109234013,-3.219455062375164,1.9126008632013507,0.1506849315068493,0.8539369273095196,0.1506849315068493,0.6115516951951326,0.12797898292362545,0.9246575342465753,0.9246575342465753,0.9911361804995971,0.96986301369863,-0.5152335606814851,0.860987070375575,0.1506849315068493,2.5993150684931505,0.41626888252955524,1.9481698133163496,0.8787298983460784,0.6215753424657534,5.198630136986302,1.7974848818095015,0.51582144867705,86.31428571428572,0.30826530612244896,0.8152551020408163,7.464285714285714,37.06428571428572,296.22857142857146,6.954265873015872,0.2698412698412698,4.641791590999294,38.47857142857143,0.1374234693877551,0.22012578616352202,16.426734693877552,0.3220319736313075,3.0531061041455554,0.07550920308252652,5.0,0.45454545454545453,1.421487603305785,11.545454545454545,4507.636363636364,38108.90909090909,652.4854797979798,0.25441919191919193,3.0,0.2727272727272727,0.5101974189294017,6.79817633047384,0.11718221123632223,2.5503407095463864,0.03459119496855346,3671.9008264462814,1.3035104358266911,0.06543900749858708,0.7950995968571493,0.01369139695814848,0.3015870785859125,3.440764819741779,83.1006289308176,0.26132273248684784,4.01835370436296,156.47169811320754,0.5446382658913809,7.389937106918239,56.42138364779874,421.8805031446541,12.777275506638713,0.2405441998602376,0.042690687240421445,0.4284915049178301,0.010168671082682367,289,101cb2c6-0d8e-4845-b48e-6968d2c1f1bf,318
229.16666666666666,242.0,509.971046705394,2.2253282038053555,0.3551181773627611,0.01122685804718108,0.04478356978174826,2.8159639909913086,21.540659228538015,21.540659228538015,20.0,16.0,21.050100018869433,14.648868495824367,0.0,0.6959049354964125,0.0,241.5,242.0,59.11269837220805,0.24477307814578902,0.931928761128504,1.073043393133469,21.540659228538015,21.050100018869436,14.648868495824367,0.6959049354964125,4866765.0,4866765.0,1.621416039867025,108.0,118.0,165.0,181.0,140.77272727272728,142.0,25.75,73.0,14.29564237415477,10.80189349112426,141.81184426398846,17.13588135323264,0.10016568508648321,2.2128586336268,293.63842975206614,0.35465473669831293,4.691609977324262,7.604192697487159,0.07385811467444414,1.8843537414965983,0.2811791383219955,0.7403141361256544,0.27891156462585026,0.8630360002937921,0.20338747743995556,0.8609221466364323,0.8607709750566893,0.9835000666933439,0.9442932728647013,-0.3567060399738675,0.8216321495922031,0.2769274376417233,2.071428571428571,0.21234143695271007,2.5894557370807947,0.7479955403706913,0.36054421768707484,4.142857142857143,2.300614644098292,0.5413832199546484,109.5619335347432,0.3310028203466562,0.671936181670485,6.069486404833837,13.824773413897281,64.04833836858006,5.211899966431688,0.31210137630077206,4.15149293113609,67.2296072507553,0.20311059592373198,0.3419421487603306,5.272241034674749,0.4136224250008231,3.1913721301635625,0.09952848831838208,3.4444444444444446,0.38271604938271603,1.0617283950617282,11.444444444444445,2273.5555555555557,11149.777777777777,696.5563271604938,0.1983024691358025,3.2222222222222223,0.35802469135802467,0.5834079128781006,9.139161041087162,0.03785764332392996,1.8799649487271093,0.0371900826446281,1550.5432098765432,3.1362402049427365,0.048836998110233044,1.5228112904126891,0.025070890981689423,0.24711291117070766,4.197155907271301,40.388429752066116,0.16689433781845503,3.8143569428317736,85.82644628099173,0.5753022334539991,5.1570247933884295,43.05785123966942,196.63636363636363,16.94355486685032,0.3586145546372819,0.05550762143700455,0.5261182317662296,0.012762495847061742,290,8878b308-71d6-4865-bf1e-e291ba8f8857,242
426.6666666666667,446.0,930.6476227982666,2.181205365933437,0.29450408879586737,0.00847882887335895,0.025543122506633997,3.3955385953678228,31.016124838541646,31.016124838541646,21.0,29.0,29.221860088937298,19.976319802085456,0.0,0.6836087689588254,0.0,445.5,446.0,87.59797974644665,0.19662846183265242,0.8541510831550626,1.170753066666146,31.016124838541646,29.221860088937298,19.976319802085456,0.6836087689588253,2087657.0,2087657.0,1.3278453446277896,45.0,50.0,88.0,104.0,67.0067264573991,65.0,21.0,59.0,11.612952200929035,9.011824778285407,68.41670330759749,13.818245219387,0.48497151805256455,2.366449441727386,190.9439009431117,0.4655734078706589,4.971618357487923,4.543849184341338,0.08651792038957608,1.224198639408154,0.1678743961352657,0.7588138095502533,0.1678743961352657,0.6528191216275563,0.1396925832574856,0.9160628019323671,0.9160628019323671,0.9901250355214548,0.9664251207729468,-0.4391152413457744,0.8226304144546226,0.1678743961352657,2.1696859903381642,0.36825720845293936,2.007003705792499,0.7703042463542369,0.5640096618357487,4.3393719806763285,1.8391293096572339,0.348018258885855,156.24137931034483,0.3848309835230168,0.5272937950447718,6.485221674876847,36.118226600985224,169.70935960591132,9.665058839627806,0.25531951286261634,4.543664482514058,59.433497536945815,0.14638792496784683,0.22757847533632286,16.81021136159577,0.35895848524783536,3.0132028749859114,0.06583326991457455,4.714285714285714,0.336734693877551,0.8826530612244898,8.642857142857142,5988.571428571428,28289.785714285714,1449.3938492063494,0.24751984126984125,2.7142857142857144,0.19387755102040816,0.36870428410024925,4.296529129453284,0.04916875195754277,3.3787834934861722,0.03139013452914798,4973.69387755102,3.430174537481831,0.03363231718801367,1.0611294550634114,0.010656139423497262,0.17637615959004913,3.5887890057350047,108.50224215246637,0.2432785698485793,4.187556556536427,207.6457399103139,0.3694272959440166,5.266816143497758,55.73094170403587,267.9304932735426,15.883127802690582,0.2774040857000498,0.03935145076133758,0.3090787815915272,0.008518208314785251,291,60328c91-3c8e-4903-a4d3-c71425493a64,446
491.6666666666667,513.0,1068.5970057876432,2.173417638890122,0.2819144575681073,0.007940994583952045,0.022405366160924027,3.5471752978770574,37.94733192202055,37.94733192202055,33.0,19.0,38.214636273498144,17.27233564060376,0.0,0.4519822069478161,0.0,512.5,513.0,96.42640687119291,0.18814908657793739,0.8322539841686876,1.2015562785185927,37.94733192202055,38.21463627349815,17.27233564060376,0.45198220694781605,6667809.0,6667809.0,1.5183833287221216,86.0,96.0,136.0,168.0,112.88304093567251,110.0,20.0,82.0,12.338178128882962,8.305344213837563,114.00736100170505,15.97176983581916,1.0293075207668585,3.6855315644740703,255.09743168838278,0.4268397873609733,4.406593406593407,9.46939982892172,1.0378991958419799,1.6561448070755092,0.22291993720565148,0.7627330959360528,0.21873364730507588,0.7710011135443405,0.1750755287422702,0.8913308913308914,0.8910518053375196,0.9869609382214425,0.9563928135356706,-0.40625995783043295,0.8338360974381923,0.2150706436420722,2.012035583464155,0.3135149966278022,2.330962961944195,0.7734993196732677,0.521193092621664,4.02407116692831,2.095008839992834,0.4697661860702901,167.54774774774774,0.30188783377972567,0.832335037740443,6.10990990990991,25.877477477477477,107.2036036036036,8.82997997997998,0.3391391391391391,4.64581677129592,103.24864864864865,0.1860336011687363,0.27046783625730997,12.207470172875578,0.42265133552255746,3.341707082562641,0.11486022493314405,3.769230769230769,0.28994082840236685,1.621301775147929,8.461538461538462,7878.846153846154,33319.692307692305,2155.330662393162,0.3872863247863248,2.076923076923077,0.15976331360946747,0.33946083490548823,3.590884976277864,0.10544453346165193,3.5465935642949344,0.025341130604288498,6321.633136094676,5.045325750163078,0.02901777146585806,1.1722230133330045,0.018015954159421126,0.14746428379283863,3.970424615843928,99.24171539961014,0.19345363625654996,4.487808214493349,218.96881091617934,0.519438079713036,4.7407407407407405,51.22222222222222,208.81091617933723,19.208021983972277,0.3640486246480399,0.04159170492614055,0.29635168535683715,0.013436247697664808,292,bd9d5d45-6692-47fa-a8a4-b94d3acbc8cf,513
436.6666666666667,457.0,953.0331280669744,2.1825186138938344,0.29206273950583267,0.008373617305220333,0.02491313971207407,3.4239218658702932,33.54101966249684,33.54101966249684,31.0,20.0,32.4479705995755,19.23597463965291,0.0,0.5928251993640725,0.0,456.5,457.0,89.94112549695424,0.19702327600647151,0.8421064718326675,1.1874982955821614,33.54101966249684,32.4479705995755,19.23597463965291,0.5928251993640725,4199428.0,4199428.0,1.2354626419537034,71.0,79.0,113.0,141.0,94.81400437636762,92.0,19.0,70.0,11.40619299110841,8.3328,95.85989959367478,14.121788988210806,0.8748575361990213,3.4583673780933935,199.42492422755197,0.4999640888871864,5.786556603773585,4.019907202368757,1.1310091978455792,1.119536256229975,0.18985849056603774,0.7100057243537797,0.18985849056603776,0.7011753392395098,0.1538122441260235,0.9050707547169812,0.9050707547169812,0.9888318534961155,0.9620283018867924,-0.3640993780811339,0.758383533810175,0.18985849056603776,2.3567216981132075,0.3895563089622642,1.9230260774740733,0.7274939051956565,0.5784198113207547,4.713443396226414,1.7331675869080363,0.3273486866990032,159.09251101321587,0.3504240330687574,0.6158862000038813,7.6255506607929515,32.31718061674009,164.8281938325991,7.200930004894762,0.1993545031815957,4.5049165518464624,77.89427312775331,0.17157328882765044,0.24835886214442013,16.105028236527005,0.4027420135902409,3.8096135685496515,0.08042443276358664,2.5555555555555554,0.2839506172839506,1.580246913580247,7.555555555555555,8703.222222222223,45206.444444444445,1893.5817901234566,0.4220679012345679,1.2222222222222223,0.13580246913580246,0.2618195935030765,0.7510895906571371,0.23121528461083674,2.947702779220087,0.019693654266958426,6124.83950617284,3.2817832704929475,0.0340306839965363,1.0369805063755995,0.010436576846280075,0.16786273196783924,3.4523415226888745,102.36980306345733,0.2240039454342611,4.266786051166154,228.4835886214442,0.3680936944874048,6.0568927789934355,53.4507658643326,286.1181619256017,11.51659372720642,0.20927546802820324,0.034999095492804465,0.2505893169327055,0.010020444332067321,293,35035509-ab29-481d-850d-13950a500a7c,457
465.1666666666667,486.0,1010.5902062109367,2.172533585548413,0.2872861990783962,0.008169039990501042,0.023710695343542455,3.48084942196306,32.7566787083184,32.7566787083184,32.0,19.0,32.056787282551845,20.24064053312872,0.0,0.6313995334194165,0.0,485.5,486.0,90.28427124746187,0.18596142378467945,0.8651421116714707,1.1558794636270582,32.7566787083184,32.056787282551845,20.24064053312872,0.6313995334194165,9318809.0,9318809.0,0.7849479336718981,122.0,128.0,154.0,181.0,138.07201646090536,136.0,10.0,59.0,7.390836423986862,4.395262493502637,138.47203369354526,10.517717701375123,1.6113107091897014,5.863665347544884,110.62238564581959,0.7263882538230961,4.509110988404196,2.3083334993072175,0.6394022895576218,0.5473642422632901,0.07123136388735506,0.7696997418697845,0.07123136388735506,0.3705021486979571,0.06615745668610226,0.9643843180563225,0.9643843180563225,0.9958099197713322,0.9857537272225291,-0.5195624788153613,0.7299380070841907,0.07123136388735506,2.09525124240751,0.6902247172854034,1.0842197982219648,0.828241499920977,0.8255107675317505,4.19050248481502,1.0129884343346107,0.15464890153766128,103.80152671755725,0.3961890332731193,0.557077093409475,5.801526717557252,105.1145038167939,440.96946564885496,26.043946140797285,0.2832114079728583,4.915474056066155,26.862595419847327,0.10252899015208904,0.13477366255144033,50.06036944234019,0.27647960131273036,2.064267185107789,0.082763184150366,1.6666666666666667,0.2777777777777778,1.5833333333333333,7.833333333333333,28577.0,116991.5,7081.135416666667,0.41435185185185186,1.0,0.16666666666666666,0.0674712707900422,0.9706624056696588,0.011001317998172862,2.5849625007211543,0.012345679012345678,22015.999999999996,1.1192118945670912,0.08451423258679508,0.3768802304175314,0.0018988676090229408,0.399827788831873,2.255119414665366,220.40329218106996,0.45350471642195467,2.837507832478112,353.0246913580247,0.17535013294043927,4.6234567901234565,65.5925925925926,287.23251028806584,16.186914151806125,0.253386488340192,0.0212546019589058,0.12532988298199937,0.005441791574099707,294,5882ad93-7bb9-4493-aec7-2527cdd67fc8,486
299.4166666666667,318.0,668.6374234332093,2.2331336156967745,0.323701037715001,0.009770460074817185,0.033918159254640395,3.0892702941546912,31.016124838541646,31.016124838541646,29.0,13.0,30.547988680216232,13.795780942116565,0.0,0.451610123551313,0.0,317.5,318.0,78.38477631085021,0.24688118523102429,0.8058330466028293,1.24095183762409,31.016124838541646,30.547988680216232,13.795780942116563,0.451610123551313,3846910.0,3846910.0,1.6340446285845427,74.0,86.7,135.0,156.0,108.59119496855345,107.0,22.0,82.0,13.795617261975396,9.668791351875123,109.98727770911341,17.468647147482404,0.37542065694565535,2.7709394712097053,305.1536331632451,0.36796408369922073,8.316608996539792,8.955682170282909,0.5211950546366111,1.8341756863543301,0.23269896193771628,0.7748301164465814,0.23269896193771628,0.7826866110709414,0.17855015505082558,0.883650519031142,0.883650519031142,0.9910500399254726,0.9612168396770475,-0.41701289287948734,0.8535922326676764,0.23269896193771628,2.813581314878893,0.25895396068054743,2.475446000867945,0.7935592869319696,0.4204152249134948,5.627162629757786,2.2427470389302306,0.5167186620730115,111.76363636363637,0.2902951593860685,0.8775442739079102,10.207792207792208,18.929870129870128,153.62597402597402,2.8949090909090907,0.16168253968253968,4.519412154884081,73.12467532467532,0.18993422162253332,0.3026729559748428,8.014140664530276,0.4140720822474497,5.099509554243651,0.07254181093445707,2.272727272727273,0.2066115702479339,2.1487603305785123,12.272727272727273,3032.3636363636365,25594.18181818182,422.1826767676767,0.2697474747474748,1.7272727272727273,0.15702479338842976,0.3316077568954065,6.324314072469079,0.059287012032173306,3.095795255000931,0.03459119496855346,2196.628099173554,1.659174603174603,0.04259145874789531,2.259551313480157,0.013294089927863106,0.3516720426518194,4.074486663009869,52.18867924528302,0.16411534353862584,4.105454689292354,117.0125786163522,0.57375103832918,8.79874213836478,47.38364779874214,377.58490566037733,7.307334032145352,0.15572152341020265,0.04389587750427448,0.5435770326357889,0.007629578823143514,295,a52c760b-6b4c-4bcc-8856-baf3e4da26ad,318
82.91666666666667,92.0,199.62595908225165,2.407549255263336,0.4606400188205174,0.016585989069568326,0.09774284949067673,2.1708925823694822,14.560219778561036,14.560219778561036,14.0,8.0,14.616971629608368,8.302304581392496,0.0,0.5679907433476314,0.0,91.5,92.0,38.72792206135785,0.42325597881265414,0.8755708279332158,1.142112057753796,14.560219778561036,14.616971629608368,8.302304581392498,0.5679907433476316,857441.0,857441.0,1.7939069094530788,56.0,68.1,119.0,130.0,94.55434782608695,95.5,31.0,74.0,16.629253308128543,12.684931506849315,96.54020338473096,19.480404943136634,-0.05824325409574944,1.9997460772471407,379.4861767485822,0.3133270321361059,5.559485530546624,11.950069873587926,-0.022262262547119605,2.2885619462164373,0.3440514469453376,0.7386236445966481,0.3440514469453376,0.928642997438937,0.22568004880015713,0.8279742765273312,0.8279742765273312,0.9797616795914508,0.9311897106109325,-0.335574957715115,0.8273483066494881,0.3440514469453376,2.252411575562701,0.17153978970440753,2.860914620916163,0.7533989315059352,0.28938906752411575,4.504823151125402,2.5168631739708265,0.6581533482904437,48.353658536585364,0.29483938132064247,0.8472263533610946,7.189024390243903,7.2682926829268295,40.26829268292683,2.4900914634146343,0.2875592818428184,3.6854885518598626,44.8780487804878,0.27364663890541346,0.44565217391304346,2.233194527067222,0.49199732281123837,4.419135703570046,0.11457282482493902,1.4,0.28,1.36,9.2,525.6,3078.0,143.5625,0.2972222222222222,1.0,0.2,0.03576118377994529,0.5585535508645202,0.002923402818922992,2.321928094887361,0.05434782608695652,187.04,1.4017919146825397,0.11394146345778726,1.673294649297846,0.039980322823836525,0.543421741391214,4.142141576839956,14.543478260869565,0.15808128544423442,3.180529300567108,28.82608695652174,0.7414933837429112,6.1521739130434785,32.71739130434783,165.2173913043478,12.054272342995171,0.32450181159420294,0.05350413222857581,0.4652560074955908,0.013378382703725612,296,a876aa43-c63b-4a01-82e0-c43ded43b5d2,92
810.9166666666666,843.0,1745.454677234097,2.152446421417035,0.24093119377624114,0.0062739120406965386,0.01398553541972417,4.150562591445611,56.568542494923804,56.568542494923804,55.0,17.0,61.77654179803953,18.260914995008584,0.0,0.29559626459356275,0.0,842.5,843.0,138.18376618407376,0.16401633968436055,0.7446168533287024,1.3429725576712963,56.568542494923804,61.77654179803953,18.260914995008598,0.29559626459356303,14731884.0,14731884.0,1.1832942544801348,112.0,121.0,148.0,169.0,131.79596678529063,130.0,11.0,57.0,7.8814801681280064,5.364034013367394,132.1951000755541,10.264873263530072,0.8982145718047753,3.5752587329571193,105.36762311633451,0.5176015163603973,3.413825757575758,2.3247286607119366,-0.20595440077862037,0.88119476010101,0.21590909090909094,0.6064017263082175,0.21590909090909094,0.7526269564427308,0.16929235537190085,0.8920454545454546,0.8920454545454546,0.9784090909090909,0.9460227272727273,-0.2747082273178692,0.6764035034918581,0.21590909090909094,1.8020833333333335,0.38127188073921026,1.9205847407311498,0.6146717067168048,0.5785984848484849,3.604166666666667,1.7046756498220594,0.27427596275252525,328.48873873873873,0.369919750831913,0.5108034554825096,4.266891891891892,31.993243243243242,117.24324324324324,11.514076576576576,0.4347785285285285,4.2411533655703515,152.54954954954954,0.17179003327651976,0.26334519572953735,17.573776479181884,0.37151256187434006,2.1472015183040085,0.13559152124431198,6.230769230769231,0.47928994082840237,0.8284023668639053,6.153846153846154,26247.46153846154,100970.23076923077,7677.11111111111,0.39529914529914534,1.4615384615384615,0.11242603550295859,0.18204265641347503,1.019200188208455,0.0890250528317475,3.3927474104487807,0.01542111506524318,22042.43786982249,17.41482502828346,0.01306885324928359,0.6447466442103715,0.02234323672636621,0.032014841774653226,3.467116410334021,172.68208778173192,0.2048423342606547,3.8842128814646895,436.33807829181495,0.30294280298712867,3.6880189798339265,51.400948991696325,177.41043890865956,21.046592856201396,0.4215763806511138,0.03376308106389166,0.1623908705875039,0.013439240019851357,297,6692a31d-f7ec-4a11-848b-925501a6fb80,843
833.4166666666666,860.0,1774.791700294632,2.129537086644894,0.2413115946234156,0.0062887765122167745,0.014051884409165268,4.144019691886638,47.853944456021594,47.853944456021594,39.0,27.0,45.855484422883904,24.74006085439697,0.0,0.5395223966285392,0.0,859.5,860.0,121.98275605729705,0.14192292734996748,0.8519800609610549,1.1737363887037155,47.853944456021594,45.85548442288391,24.74006085439697,0.5395223966285391,12724895.0,12724895.0,1.4214210766428905,89.0,104.0,142.10000000000002,162.0,120.80116279069767,119.0,15.0,73.0,11.06361276365603,7.362293568781071,121.64041078064362,14.264242121440613,0.5714884746554505,3.1284862190622027,203.4686032990806,0.4560167658193619,5.492949110974862,7.305340524792038,1.0202614091258915,1.4461234677149242,0.17933782955242183,0.7793391576238488,0.17933782955242183,0.6786263188419388,0.14717577244384833,0.9103310852237889,0.9103310852237889,0.9894507159086809,0.9641324340895155,-0.44271778225537056,0.8366062878876531,0.17933782955242183,2.275137952176579,0.36323792995987836,2.1169905742969535,0.7849075633931084,0.5631514408338443,4.550275904353159,1.937652744744533,0.4063653243168364,239.956749672346,0.3144911529126422,0.7400703232222945,7.515072083879423,44.68938401048493,211.37614678899084,11.15061162079511,0.2386959370904325,4.821351154948122,113.67627785058978,0.148985947379541,0.22180232558139534,24.362640401670305,0.3230349751105542,3.1237398078917153,0.0683778507497483,4.714285714285714,0.336734693877551,0.8367346938775508,10.714285714285714,23290.85714285714,109900.21428571429,5504.775297619048,0.1736111111111111,1.7142857142857142,0.12244897959183673,0.2697175888203101,3.1957690978917292,0.025480288724421717,3.5216406363433146,0.01627906976744186,19517.387755102038,6.687229082746744,0.01831434643832482,1.023189989312521,0.013720282382293987,0.08835616003767517,3.5749415440364545,202.26279069767443,0.23518929150892373,3.542136289886425,392.1744186046512,0.45070173066522445,5.81046511627907,55.75116279069768,285.53372093023256,14.126623062015502,0.24953972868217053,0.03063881271716266,0.2417430680067031,0.006682123326948255,298,d50ac6b4-1706-4b96-b130-2b843c0e3ad9,860
1085.1666666666667,1122.0,2315.4566191067415,2.133733637634841,0.22055239205282073,0.005494985306901747,0.010728408885031638,4.534070071479919,68.18357573492314,68.18357573492314,68.0,22.0,69.50266937227661,22.134314553836017,0.0,0.3184671143388487,0.0,1121.5,1122.0,162.56854249492412,0.14495634640653066,0.7302441035275177,1.3694051005265215,68.18357573492314,69.50266937227661,22.134314553836013,0.31846711433884867,19009296.0,19009296.0,1.5888332707794894,67.0,101.10000000000001,148.0,165.0,128.6951871657754,133.0,19.0,98.0,14.296100355553017,8.389889576317644,130.16271182947187,19.49051952022258,-1.2703782227909273,4.526405106853239,379.88035116817747,0.44036305171882406,14.029418686749821,32.06129614299097,-5.215672101013578,2.5915956247039094,0.1849847022828901,0.8667535741826424,0.18168980936690987,0.693692009827398,0.151973515455106,0.909704244135875,0.9094845846081431,0.992911423065374,0.969796814936848,-0.5103040864967697,0.8953710583759467,0.17880677806542716,3.664391621558014,0.345566586597619,2.3615424060976897,0.8869051666540244,0.5624852906566251,7.3287832431160265,2.1666413777637383,0.6941450817466999,303.0816733067729,0.3018741766003714,0.9294535007380835,12.750996015936256,44.04183266932271,663.7749003984064,3.6165670650730406,0.134760402833112,5.032734448344288,141.53386454183266,0.140969984603419,0.22370766488413546,24.059864129140806,0.30998457489731956,3.67421195120634,0.0454513433255775,4.473684210526316,0.23545706371191136,1.6121883656509695,13.31578947368421,26688.315789473683,418452.05263157893,1798.4150730994152,0.19035087719298247,2.1578947368421053,0.11357340720221606,0.2742748704741866,3.698073015259839,0.06827817024667773,4.142664355548844,0.01693404634581105,23201.102493074788,2.7963721933860257,0.016566232155789933,1.5733609213168476,0.011032856097216149,0.17230920409031686,3.8563867664573137,266.4081996434938,0.23744046314036876,3.5653833077551225,494.0873440285205,0.6824115645285824,14.120320855614974,55.554367201426025,818.6087344028521,5.360954892057834,0.10817067736185385,0.03056451803504791,0.40893344543204485,0.004266353493713859,299,97ea0bd9-1e50-4a2c-88b2-828564df6821,1122
437.4166666666667,463.0,977.8634970643569,2.2355423823151614,0.2849723832379021,0.008070548255124496,0.02314239613757089,3.509111966001193,49.040799340956916,49.040799340956916,38.0,14.0,49.64868494141932,12.9136262141628,0.0,0.26010006567947647,0.0,462.5,463.0,116.32590180780467,0.25151546336822633,0.6553667029163982,1.525863299966225,49.040799340956916,49.64868494141932,12.91362621416281,0.2601000656794767,8654592.0,8654592.0,0.9046611922532315,116.0,124.2,149.0,170.0,136.35421166306696,135.0,11.5,54.0,7.604802933259941,4.994846509354629,136.7202374417698,9.997614109248515,0.8175805176769979,3.9597711775281264,99.95228787744497,0.6679463915025027,3.987514863258026,2.1801005003499867,-0.1579088381102673,0.6361506247163431,0.10642092746730084,0.7133719244849757,0.10642092746730082,0.48902509793255267,0.09509551366430032,0.9467895362663497,0.9467895362663497,0.9893579072532699,0.9733947681331748,-0.4351474716180717,0.7306227030107786,0.10642092746730082,1.9634363852556482,0.5897915750599834,1.372218045124482,0.7417304393482888,0.7598097502972652,3.9268727705112965,1.2657971176571818,0.18564288804591103,160.49570200573066,0.45987307164965807,0.3686833441433157,4.925501432664756,48.94555873925501,194.71633237822348,14.202960840496658,0.3083412925819803,4.58934534457892,36.55873925501432,0.10475283454158833,0.18844492440604751,20.78565857423174,0.26810798863264923,1.817535364752799,0.06323693576957443,3.857142857142857,0.5510204081632653,0.5306122448979592,7.142857142857143,20370.14285714286,81428.85714285714,5304.353174603174,0.25793650793650796,1.8571428571428572,0.2653061224489796,0.43446802966160236,3.90968976894264,0.04833185302080523,2.1280852788913927,0.01511879049676026,15995.265306122448,3.4391567034539134,0.048149508606854664,0.30309266651917455,0.006969113344186393,0.10370391244748885,2.963663652405986,138.44708423326134,0.2990217802014284,3.364413697876092,309.25917926565876,0.19430981158656338,4.159827213822894,59.50107991360691,233.9352051835853,18.64992800575954,0.31323494120470363,0.02982565748481618,0.17095864099579516,0.007769921811394922,300,607efd04-5d42-4eb5-9832-e0c96ef9b4a6,463
625.1666666666666,650.0,1348.3959956608658,2.1568584308091694,0.2622188325790255,0.007123520791732017,0.01802983028087364,3.8136086190477094,43.289721643826724,43.289721643826724,43.0,21.0,43.45854112501094,19.147065428632555,0.0,0.44058233279287823,0.0,649.5,650.0,110.42640687119297,0.17001756254225245,0.818128588257574,1.222301743702381,43.289721643826724,43.45854112501094,19.147065428632555,0.44058233279287823,9621157.0,9621157.0,1.429242567037013,82.0,104.0,139.10000000000002,160.0,120.86615384615385,120.0,14.0,78.0,10.446650887573966,6.583799415745512,121.66256614094576,13.897944252221974,0.04459879497610123,3.4104708897984852,193.1528544378698,0.4358911242603551,5.409762100082034,5.891380321053686,0.18101590269202794,1.358395004983307,0.21000820344544707,0.7322012575378034,0.21000820344544707,0.7414984202237789,0.16590475793106274,0.8949958982772764,0.8949958982772764,0.9876465762679149,0.9579983593109105,-0.40128785557360974,0.8161166971272411,0.21000820344544707,2.2633305988515175,0.31988070346395364,2.184707271320902,0.8202924908826157,0.5090237899917965,4.526661197703035,1.9746990678754563,0.39210080210718856,254.86350148367953,0.37813575887786277,0.5430729336350589,7.431750741839763,29.26706231454006,139.64688427299703,7.830098087701946,0.20654055390702275,4.362208348724172,118.95845697329376,0.17649622696334388,0.2592307692307692,14.386240963643246,0.40428057125075867,3.77103266159185,0.05590848954159812,4.166666666666667,0.3472222222222222,0.9722222222222221,11.0,14085.0,68492.5,3318.394097222222,0.18402777777777776,1.6666666666666667,0.1388888888888889,0.2940831818707265,3.8710454609447242,0.026372973593129703,3.251629167387819,0.018461538461538463,11150.97222222222,6.191942946133452,0.020018140248043815,1.1874033606245205,0.014692271076720782,0.10288174050947937,3.758703408200529,134.59384615384616,0.20706745562130177,4.240700591715976,283.3292307692308,0.4295763313609467,5.769230769230769,52.21230769230769,259.8369230769231,14.596912393162391,0.2558226495726496,0.03667327242862957,0.3073142854720236,0.00689372370109804,301,9c2caa8c-ffc0-43b5-b76e-a34b280f009c,650
493.1666666666667,515.0,1075.968130873957,2.1817535604068072,0.28055231684725995,0.007883510787235806,0.02208216133623778,3.5643975827311603,41.6293165929973,41.6293165929973,29.0,19.0,40.946145445691414,16.603873713300608,0.0,0.4055051710623902,0.0,514.5,515.0,101.74011537017765,0.19774560810530156,0.7903244100002381,1.2653031936590426,41.6293165929973,40.94614544569142,16.603873713300608,0.4055051710623902,10616733.0,10616733.0,0.8222083247315604,124.0,133.0,155.0,164.0,143.3495145631068,142.0,11.5,40.0,6.697709491940804,4.980050491980517,143.57930050665584,8.119865054433793,0.2941438633474334,2.323108571095121,65.9322085022151,0.6274710151757942,5.115585774058577,1.0776688301134476,0.5933978788874846,0.6243672970536229,0.10721757322175732,0.7068895829368392,0.10721757322175732,0.49146584828045214,0.09572196521419443,0.9463912133891214,0.9463912133891214,0.9892782426778243,0.9731956066945607,-0.41679045259736375,0.6999511453130149,0.10721757322175732,2.233002092050209,0.5419891272474222,1.2786200052753651,0.7135910558446348,0.7092050209205021,4.466004184100418,1.1714024320536085,0.18289621756884505,175.18696883852692,0.4962803649816626,0.2665939057371458,6.1331444759206795,61.43342776203966,284.028328611898,14.302171860245515,0.19830028328611898,4.523634567644288,36.81869688385269,0.10430225746133907,0.17135922330097086,27.37810270526206,0.2774650541839185,1.863153929759127,0.0559957346903549,3.0,0.5,0.5833333333333334,6.833333333333333,26344.833333333332,111648.83333333333,6412.166666666667,0.2824074074074074,1.0,0.16666666666666666,0.16938681939868747,0.1911425057746395,0.1669690596224527,2.5849625007211543,0.011650485436893204,18977.47222222222,4.638608294930875,0.035814412792649956,0.43055571571100426,0.006891789829844807,0.0965894528561667,2.874315239320884,169.51650485436892,0.32915826185314356,3.219734187953624,323.147572815534,0.18768969742671318,5.21747572815534,61.42330097087379,303.18252427184467,13.760194174757281,0.2174757281553398,0.025121768340561682,0.13604101599287682,0.006587330949499941,302,feffcbad-727a-43f4-845b-098824569293,515
581.4166666666666,609.0,1269.3631586209917,2.1832245812601263,0.26539325826394256,0.007253267699807289,0.018692597693963732,3.7679932283941677,50.44799302251776,50.44799302251776,47.0,15.0,53.329454534916046,14.794386653046573,0.0,0.27741492543037993,0.0,608.5,609.0,119.35533905932743,0.19614681850341403,0.7326446328744696,1.364918208813711,50.44799302251776,53.329454534916046,14.794386653046576,0.27741492543038,10274761.0,10274761.0,1.3801013620264948,104.0,114.0,150.0,167.0,129.13793103448276,125.0,21.0,63.0,11.799784836645715,9.196000000000002,129.89044897771421,13.961500770524589,0.5940091702146668,2.403248367486124,194.9235037653587,0.41230205915104845,2.7451327433628316,4.645988992310031,1.0312477134542513,1.4001206045892394,0.21150442477876105,0.7375265078109355,0.21150442477876105,0.7443485689101321,0.16677030307776644,0.8942477876106195,0.8942477876106195,0.978849557522124,0.9471238938053098,-0.3843240035953973,0.7965834295700509,0.21150442477876105,1.5646017699115045,0.3028371446471924,2.115870650301213,0.7460103449616174,0.4446902654867257,3.129203539823009,1.9043662255224525,0.40290625734200014,246.7981651376147,0.3773672249810622,0.4953286760373706,4.532110091743119,31.34250764525994,66.06116207951071,23.79094461433911,0.3972986748216106,4.0149728874718695,112.13761467889908,0.17146424262828605,0.2684729064039409,17.46859130825127,0.3751860656645649,2.3727104291225545,0.08728194935362207,6.2727272727272725,0.5702479338842975,0.6115702479338843,7.090909090909091,13526.636363636364,31899.272727272728,9060.64898989899,0.28535353535353536,2.8181818181818183,0.256198347107438,0.12331697632585005,0.9280187961772879,0.033905071236181056,2.7321588913645676,0.0180623973727422,10461.504132231405,22.763173709998473,0.02150622076978952,0.582091847517255,0.031570169014454086,0.05816139022514641,3.558181327048609,126.94417077175697,0.20844691423933823,3.9124786656636497,251.09195402298852,0.4468495285549813,3.1001642036124797,50.86535303776683,120.13136288998358,35.710864805692395,0.5935504469987228,0.03312831179117636,0.1610488536775776,0.01382551309520477,303,effa4081-32b1-447a-820f-f17cffa38669,609
222.41666666666666,241.0,514.6374234332128,2.3138437921313426,0.3449538360796645,0.010748313997716525,0.041047143223744156,2.898938627164759,34.23448553724738,34.23448553724738,33.0,9.0,35.62024976354931,8.88487439541331,0.0,0.24943324245034695,0.0,240.5,241.0,78.38477631085021,0.325924225824741,0.7013434559311186,1.4258349337164322,34.23448553724738,35.62024976354932,8.884874395413306,0.24943324245034681,4334423.0,4334423.0,0.12188456449183903,123.0,127.0,143.0,149.0,133.97095435684648,133.0,11.0,26.0,5.164649368984693,4.246789530438193,134.10875316827216,6.077916177795376,0.3414269812687709,2.097892594119662,36.94106506430675,0.9673559339543052,3.930424528301887,0.10966414785106257,-0.06761370124330823,0.04810430758276968,0.025943396226415096,0.2992788461538426,0.025943396226415096,0.17362113852253527,0.02527033641865433,0.9870283018867925,0.9870283018867925,0.994811320754717,0.9913522012578617,-0.1376179399839619,0.19100942446721744,0.025943396226415096,1.9811320754716981,0.9377058116767533,0.25148900155136406,0.2992788461537507,0.9681603773584906,3.9622641509433962,0.22554560532494927,0.018511925952296192,117.7536231884058,0.8532871245536652,0.0733564377231674,3.760869565217391,80.1159420289855,319.8550724637681,20.181159420289855,0.30978260869565216,3.3685849854199574,19.014492753623188,0.13778617937408108,0.14315352697095435,31.318630539802555,0.1271301147274529,0.33762673910304836,0.07450595863355405,1.0,0.5,0.25,2.5,28092.5,112346.0,7029.125,0.625,1.0,0.5,0.03125890170734747,0.03128560682938988,0.031252225426836866,0.9999999999999993,0.008298755186721992,13572.25,0.7245630699088146,0.35384494376130676,0.023453083993536118,0.0003777352534678921,0.35859124866595515,1.7801998844564193,98.53526970954357,0.40886004028856254,2.431190923021298,233.13278008298755,0.016322033022847404,3.9502074688796682,64.12863070539419,255.8921161825726,16.187759336099585,0.262448132780083,0.01936523748887906,0.07313868162909855,0.005921876453824191,304,2e0b5064-cc12-444b-97f1-8704a2ef0173,241
561.9166666666666,591.0,1240.2981614279688,2.2072635232293676,0.2655049569065614,0.007257847311605133,0.018716209635319104,3.766408023605856,51.478150704935004,51.478150704935004,48.0,20.0,52.822069438235935,18.453381818133145,0.0,0.3493498458955761,0.0,590.5,591.0,131.15432893255098,0.22210724628713122,0.6567986528305697,1.5225366186278761,51.478150704935004,52.82206943823594,18.453381818133153,0.34934984589557627,8706003.0,8706003.0,1.5156254165915066,89.0,99.0,142.0,164.0,120.36379018612521,119.0,22.0,75.0,12.766815257629242,9.566696263916398,121.37120557672321,15.605369434192717,0.14325972973543685,2.4437593764859,243.52755517763632,0.39879924759720686,5.453499079189687,7.175268838542552,-0.03404864824775117,1.6143506930666205,0.20395948434622468,0.7756604050509954,0.20395948434622468,0.7297767288368756,0.16236001309144682,0.8980202578268875,0.8980202578268875,0.9880023832737513,0.9592081031307549,-0.43131896371840966,0.8483731938302715,0.20395948434622468,2.2585174953959486,0.28379049530437617,2.3131428949847606,0.7918066981841876,0.4516574585635359,4.517034990791896,2.109183410638537,0.4545775443532113,235.71496062992125,0.3712046624093248,0.5787240374480749,7.192125984251969,24.938582677165353,125.43307086614173,7.073053368328958,0.22914479440069993,4.3220717060085345,111.01259842519686,0.17482298964597928,0.2686125211505922,11.079084878169757,0.30232586566085273,2.911410028992522,0.044468153065628055,3.0,0.3333333333333333,0.9876543209876543,10.666666666666666,13061.222222222223,64528.333333333336,3194.45987654321,0.2037037037037037,2.3333333333333335,0.25925925925925924,0.44499378008734447,6.341481057823136,0.033243650462379835,2.641604167868591,0.015228426395939087,8749.11111111111,5.573491800693788,0.023407870832913093,1.151451948979079,0.01601785909038152,0.11962425934080433,3.7840764945275858,121.69373942470389,0.20591157263063264,3.202871040795234,235.69035532994923,0.4814862531886934,5.862944162436548,50.1404399323181,258.8950930626058,14.68659522466629,0.270375070501974,0.03391924097457495,0.28823925716178556,0.006893021330686955,305,626a8363-47f8-46f1-ab10-ad1bff4c1528,591
1530.9166666666667,1581.0,3251.278053724979,2.12374593896357,0.19757457027837955,0.0046590293460163365,0.0077124637909082045,5.061380108740792,89.62700485902673,89.62700485902673,22.0,87.0,96.69396261565996,22.018982312180366,0.0,0.22771827440459358,0.0,1580.5,1581.0,210.1837661840737,0.1329856160607869,0.6705065310002577,1.4914097831503683,89.62700485902673,96.69396261565996,22.018982312180345,0.22771827440459333,25992819.0,25992819.0,0.8795461705554224,102.0,116.0,138.0,161.0,127.91587602783049,129.0,9.0,59.0,6.552875484935154,4.130913908056017,128.22147141001886,8.847281536324385,-0.45305642045664646,3.740657288027964,78.27439058298637,0.6038952440048473,3.1926147704590813,1.26716841147132,-0.6134679596447982,0.7332738603520393,0.06886227544910178,0.8283027721215295,0.06886227544910178,0.36166347061797754,0.06412026246907383,0.9655688622754491,0.9655688622754491,0.9931137724550899,0.9827844311377246,-0.5888633580559517,0.8003924309953535,0.06886227544910178,1.7396872920825017,0.5420679488218063,1.226221211751711,0.8333128979610542,0.697272122421823,3.4793745841650034,1.15735893630261,0.20053403395028527,358.26446280991735,0.49347722150126355,0.29014411583908206,3.049586776859504,137.37741046831957,471.702479338843,53.90327517600245,0.5243342516069789,5.2586622935470135,46.05234159779614,0.0634329774074327,0.11480075901328274,61.500352890285264,0.18487300090153047,0.5705061344468504,0.11530083967960555,4.75,0.59375,0.484375,2.375,179735.375,680942.375,54444.875,0.7951388888888888,1.0,0.125,0.01718542774649432,0.029531387376888152,0.01581361547949943,2.9999999999999973,0.005060088551549652,140679.734375,9.068319136188395,0.01907475105147475,0.26019383048735634,0.004644385552597058,0.05160951343838849,2.479974259586411,765.8905755850727,0.484434266657225,2.331735852815754,954.7583807716635,0.20254596707181782,3.239089184060721,67.64389626818469,221.6451612903226,29.23705109283857,0.4465528146742568,0.019076779457302635,0.0610273186335466,0.009268898842890403,306,0042a169-3248-4a9b-abbe-5df3c7df6674,1581
404.6666666666667,423.0,882.3550940583838,2.180449161594029,0.29985112448329304,0.008710787107808891,0.026959823554717002,3.3349883270346634,29.614185789921695,29.614185789921695,29.0,20.0,29.907573157371186,18.65853827130523,0.0,0.623873363884309,0.0,422.5,423.0,82.76955262170048,0.19590426656023782,0.8803344165239501,1.1359319608888587,29.614185789921695,29.907573157371186,18.65853827130523,0.623873363884309,8407443.0,8407443.0,0.5858203679920828,119.0,133.0,149.0,159.0,140.82978723404256,141.0,7.0,40.0,4.927418137920627,3.2086111966075044,140.98138803774648,6.536268099148819,-0.11274627227257428,3.7118889995935427,42.72280066395051,0.7918727539973958,4.362189688096754,0.9480219864789303,0.30635569415143604,0.33293044969674324,0.08211330362826225,0.6043149524818285,0.08211330362826225,0.4095821223566618,0.07537070899551507,0.9589433481858688,0.9589433481858688,0.9917886696371737,0.9794716740929343,-0.3393710218338479,0.5653937863214816,0.08211330362826225,2.073520050922979,0.7279378665103212,0.9423858821451283,0.6219341091065268,0.8497772119669,4.147040101845958,0.8602725785168668,0.10376093833125138,126.488,0.505952,0.300304,5.3,78.256,322.8,19.45777777777778,0.2538888888888889,4.596892009031896,21.736,0.086944,0.14775413711583923,32.450176,0.20518370015447543,1.3963733493707362,0.05582448386955864,2.2,0.44,0.64,6.4,28125.4,113174.2,7019.2,0.31666666666666665,1.4,0.28,0.009761350237137426,0.0551919417204651,0.004712910973216412,2.321928094887361,0.01182033096926714,20968.239999999998,2.22003486279802,0.06428392319362936,0.26975840185987454,0.0029183804744965756,0.1381763642083261,2.312848609116849,159.17966903073287,0.376311274304333,2.678447875973151,334.96217494089836,0.1089929525118902,4.446808510638298,63.79905437352246,270.3238770685579,15.792750197005518,0.24862096138691883,0.020551183983794026,0.10284558386002153,0.005174048332400507,307,61a7b237-66e0-4757-b625-c4d21523407a,423
316.4166666666667,336.0,713.9223715674036,2.2562729678190263,0.3145376955364066,0.009358536269533048,0.031118460390512772,3.179269175653554,39.35733730830886,39.35733730830886,23.0,12.0,40.45055621450872,10.875562993132583,0.0,0.2688606538673938,0.0,335.5,336.0,92.32590180780454,0.2751889770724427,0.7032789779138683,1.4219108368151332,39.35733730830886,40.45055621450872,10.875562993132588,0.2688606538673939,6450343.0,6450343.0,0.9252277800921751,120.0,126.0,152.0,169.0,138.2172619047619,137.0,13.25,49.0,7.656675170068026,5.560411608278413,138.55486063203233,9.666328998764643,0.5981125341942198,2.89857636868268,93.43791631235825,0.6486146541950113,4.420661157024793,1.9412506187774885,0.28714887943457773,0.6323208797213304,0.14132231404958678,0.6346576427286872,0.14132231404958678,0.5876913845859524,0.12135031760125678,0.9293388429752066,0.9293388429752066,0.9858677685950414,0.9646694214876034,-0.34048998066723307,0.6764569216966819,0.14132231404958678,2.0731404958677686,0.5494184140427567,1.490777134391034,0.6907074025040959,0.7305785123966942,4.146280991735537,1.349454820341448,0.1934107984427293,131.3344262295082,0.43060467616232195,0.4066003762429454,4.934426229508197,35.390163934426226,150.38032786885245,8.995992714025501,0.3224043715846994,4.415015752732046,41.544262295081964,0.13621069604944908,0.2269345238095238,15.972416017199677,0.31764284682474153,1.5913276231266307,0.1268268636253623,3.0,0.42857142857142855,0.7755102040816326,6.0,10246.285714285714,41745.0,2566.3690476190473,0.38492063492063494,1.2857142857142858,0.1836734693877551,0.2957090819776096,2.585478709267743,0.04128938688527091,2.5216406363433164,0.020833333333333332,7942.285714285714,3.5137453314659197,0.04687473530821501,0.41795269390534306,0.009643360579879507,0.10990239177408538,3.179571998346808,75.57142857142857,0.22491496598639457,3.6147604875283443,217.9345238095238,0.20279726473922902,4.580357142857143,55.232142857142854,244.14583333333334,14.032159391534393,0.27356150793650796,0.03165518023236631,0.1726404232879219,0.00912165758931071,308,0ec31c18-2e24-43cf-9741-3afaee863f54,336
205.16666666666666,219.0,466.2635754452777,2.2726088161427023,0.3607922248783273,0.011497002656798552,0.04696469535978856,2.7716783540366965,26.0,26.0,20.0,12.0,26.098307467380806,10.937715834212897,0.0,0.4190967497751912,0.0,218.5,219.0,63.94112549695423,0.29263672996317724,0.8195026762305991,1.2202522688511768,26.0,26.09830746738081,10.937715834212897,0.4190967497751911,6058135.0,6058135.0,0.4847183178847705,150.0,160.0,175.0,186.0,166.2054794520548,165.0,6.0,36.0,4.423343966973165,2.710555555555552,166.3211258228406,6.201249478110071,0.4510374429798278,4.1342468781131485,38.45549508976043,0.8120139279831529,1.231162196679438,0.6675562520734765,0.37859947734842986,0.25846492107997365,0.05874840357598978,0.6295968737145189,0.05874840357598978,0.32245638198875526,0.055297028653262414,0.9706257982120051,0.9706257982120051,0.9882503192848021,0.9804171988080034,-0.37184243427459895,0.5210090043395967,0.05874840357598978,1.086845466155811,0.7860963090187557,0.6933538448797094,0.6295968737145119,0.8837803320561941,2.173690932311622,0.6346054413037199,0.07930333116399087,76.7841726618705,0.5524041198695719,0.22379794006521403,2.014388489208633,62.489208633093526,68.05755395683454,61.097122302158276,0.7464028776978417,4.148377588387142,12.43884892086331,0.08948812173282956,0.158675799086758,22.77200973034522,0.2412927750481852,0.8490114164615851,0.08936311469483522,3.4,0.68,0.16000000000000003,3.4,7744.6,7928.8,7698.55,0.4,1.4,0.28,0.4131972476865896,1.6527733722540638,0.10330321654472112,1.9219280948873614,0.0228310502283105,5826.16,4.9480119047619056,0.1475340023530374,0.06190044291939582,0.006397003755302578,0.134185303514377,2.327322254353169,80.67123287671232,0.36836179395759056,3.3383790996851603,177.8310502283105,0.0939930360084235,1.3150684931506849,63.10045662100457,72.34703196347031,60.788812785388124,0.9212328767123288,0.031177552832396274,0.07709510694181274,0.01969816430504216,309,507c0d3c-551d-4a02-9253-01bd01ada077,219
788.6666666666666,819.0,1706.3151603697302,2.1635441593868094,0.24192859248357915,0.006312911122389306,0.01415994597215914,4.13345107221204,63.245553203367585,63.245553203367585,30.0,20.0,63.91898236296855,16.817906536942868,0.0,0.2631128643669759,0.0,818.5,819.0,146.50966799187842,0.1789977617493933,0.6922261312320855,1.4446146351339137,63.245553203367585,63.91898236296854,16.817906536942864,0.26311286436697584,14335764.0,14335764.0,1.2362154008342108,107.0,117.0,148.20000000000005,159.0,131.7997557997558,131.0,16.0,52.0,9.434660035392636,6.9346586682718385,132.30262789523627,11.524309919040075,0.2217089539006773,2.3167318920234954,132.80971911008547,0.4853368040181226,3.331919060052219,3.247189325149206,-0.0077476668408943405,1.0981676156698863,0.16024804177545693,0.7453177877637508,0.16024804177545693,0.6349026192260069,0.13456860688258834,0.9198759791122715,0.9198759791122715,0.9839751958224543,0.9599379895561357,-0.4275028079061203,0.8016465364135847,0.16024804177545693,1.7599543080939948,0.3710217172896401,1.8925085040624645,0.745712315596948,0.5476501305483029,3.5199086161879896,1.7322604622870081,0.3146039143613359,282.56756756756755,0.40194533082157546,0.4517562407807223,4.177809388335704,42.89331436699858,143.94594594594594,18.995732574679945,0.42049944681523627,4.699465274234047,91.7226173541963,0.1304731399063959,0.21459096459096458,21.17744921682932,0.3030380343086518,1.625148004972453,0.09610231079977277,1.5,0.375,0.6875,5.75,81352.75,289251.5,30625.284722222223,0.3680555555555556,1.0,0.25,0.25006112293939486,2.25050948425352,0.027788690045085485,1.9999999999999987,0.004884004884004884,39430.1875,14.066996713939817,0.017621483886931112,0.4921064345836,0.017966544183184687,0.04642516025214323,3.5155263885577837,195.32234432234432,0.23848882090640333,3.223786117559011,397.4908424908425,0.32910679064525217,3.5506715506715505,56.26984126984127,186.66422466422466,26.2163546330213,0.45458553791887124,0.026060886514873663,0.11346493282339845,0.010416373500628035,310,17449dce-348e-4bcc-b47d-d2fd30b8c95d,819
828.6666666666666,862.0,1800.464095570165,2.172724170036402,0.23696610984962907,0.006119673265899495,0.013306343089006105,4.220012729392263,71.56116265125938,71.56116265125938,29.0,20.0,72.45134261066445,15.535403527879192,0.0,0.21442533662022795,0.0,861.5,862.0,162.65180361560948,0.1888007006565403,0.6396960800581997,1.5632423445662194,71.56116265125938,72.45134261066447,15.535403527879213,0.21442533662022822,17485335.0,17485335.0,0.6950145207751092,124.0,133.0,151.0,165.0,142.2354988399072,143.0,11.0,41.0,6.06707543564042,4.5043595701184715,142.42405474114798,7.326270447661105,-0.13378295501058005,2.549472981111839,53.674238672272445,0.7124880895344017,4.686274509803922,0.9326865596909637,0.470028122398721,0.42633698359518096,0.11266728913787738,0.5819428719309018,0.11266728913787738,0.5079092534355498,0.09997337109619932,0.9436663554310614,0.9436663554310614,0.9887332710862122,0.9718331777155307,-0.29664887390712597,0.5679100778992368,0.11266728913787738,2.146591970121382,0.635370681799711,1.1178997994301232,0.585320138135966,0.7874260815437286,4.293183940242764,1.0052325102922464,0.1347510681832646,291.47236180904525,0.4882284117404443,0.2781916281575381,6.169179229480737,71.45058626465662,303.0820770519263,17.41392145914759,0.20091196724362553,4.390602819234526,75.93132328308208,0.12718814620281754,0.17314385150812064,38.09367327985544,0.33648025036165813,2.5404452189902025,0.057080654537487334,6.166666666666667,0.5138888888888888,0.4097222222222222,7.083333333333333,42756.666666666664,174164.75,10602.886574074075,0.2199074074074074,1.6666666666666667,0.1388888888888889,0.27309639055270735,1.5828666907422047,0.05812184406786086,3.4182958340544856,0.013921113689095127,37596.63888888888,7.223205285982187,0.02098059112774936,0.44706153985439046,0.005647678834809233,0.05038802570694485,2.657309250443926,277.8352668213457,0.32231469468833607,3.440985998137392,614.1647331786543,0.14609767389279774,4.827146171693736,61.42691415313225,272.4860788863109,14.662380768239238,0.2301172982727507,0.02801027112529295,0.16473406483629802,0.005732222684362718,311,97758bc6-00fa-446e-8231-bdf261622775,862
681.9166666666666,716.0,1503.0321541081744,2.2041287852007936,0.249270024533705,0.0066024323735345315,0.015488528859227973,4.011713810638251,68.35202996254024,68.35202996254024,39.0,15.0,71.44410547392835,13.860904548416297,0.0,0.1940104709334554,0.0,715.5,716.0,156.95331880577436,0.21936173138473006,0.6041423042671543,1.6552391596099778,68.35202996254024,71.44410547392835,13.860904548416297,0.1940104709334554,12857220.0,12857220.0,1.3719215964251026,100.0,116.0,152.0,180.0,133.231843575419,133.0,16.0,80.0,10.830740301488715,7.044126157407408,134.00377298115288,14.362695801256878,0.6002804702358718,3.6405421916307494,206.28703067944195,0.4534151555819107,3.525237191650854,5.323653980254286,0.413363160378933,1.2918529933856386,0.20834914611005695,0.7222385695569059,0.20759013282732447,0.740114785040619,0.16525548286279068,0.8963314358001264,0.896280834914611,0.9877575622279271,0.9585072738772928,-0.3762409426478755,0.792857151172525,0.20692599620493357,1.8039848197343453,0.32587162305700884,2.1374494380307927,0.7246780559754687,0.5081593927893738,3.6079696394686906,1.9270158364496395,0.37505053487392387,280.79870967741937,0.3623209157127992,0.5981269510926119,4.940645161290322,27.388387096774192,93.53032258064516,12.104874551971326,0.3781451612903226,4.431179027219674,138.26193548387096,0.1784024973985432,0.2706005586592179,13.731786056191467,0.3765434095605142,2.556275731795983,0.10089411808478316,3.923076923076923,0.30177514792899407,1.3609467455621302,9.461538461538462,17361.076923076922,63010.53846153846,6280.5491452991455,0.30822649572649574,2.076923076923077,0.15976331360946747,0.3584463329020017,4.415355585333897,0.09620232763600703,3.334679141051591,0.018156424581005588,14327.609467455623,7.649459151521973,0.018432727211543397,1.325731101756336,0.013619408105979074,0.11564589530407952,3.7264675166483925,140.75977653631284,0.196591866670828,3.805241721544271,324.64525139664806,0.4080767610249368,3.8533519553072626,50.52513966480447,168.25279329608938,23.732697082557415,0.4391294227188082,0.035971204382849765,0.22987726634208414,0.012610605578357973,312,0bd12c68-208e-4daa-bc4e-5bd32cf2e417,716
657.6666666666666,684.0,1420.1526260158878,2.1593805768107774,0.25752515484674626,0.006933114336913042,0.01707886363449912,3.8831158089977733,45.880278987817846,45.880278987817846,43.0,22.0,46.59346245138501,19.89765142403376,0.0,0.42704813888417725,0.0,683.5,684.0,118.08326112068535,0.17276263514365084,0.7848485366209048,1.2741311900833894,45.880278987817846,46.593462451385015,19.897651424033764,0.4270481388841772,13198444.0,13198444.0,1.057413227108662,109.0,125.0,154.0,171.0,138.46491228070175,138.0,14.0,62.0,8.779470606340412,6.2281951530612245,138.90993758631495,11.110302756067748,0.3102429526056773,2.9889770465348784,123.43882733148659,0.5920838890598816,4.330862270776434,2.845419114776748,0.041124382471779075,0.7933034849152127,0.10339445961763558,0.7693884317499996,0.10339445961763558,0.47966433780380197,0.0927040453380127,0.9483027701911821,0.9483027701911821,0.9896605540382364,0.9741513850955911,-0.4981651818753209,0.7921674736505836,0.10339445961763558,2.0392118611002727,0.5404651019056416,1.4886703176603948,0.7879436621488988,0.722590714007023,4.078423722200546,1.38527585804276,0.2241744861332121,166.56164383561645,0.38027772565209234,0.5008444361043347,5.5479452054794525,74.49771689497717,305.26940639269407,20.741882293252154,0.3120243531202435,4.765660372725103,44.210045662100455,0.10093617731073164,0.1600877192982456,35.478013385876025,0.27102035611328623,1.7863407260025737,0.09079508498206347,3.75,0.46875,0.734375,6.375,33834.5,137212.875,8747.961805555555,0.3506944444444444,1.25,0.15625,0.2952805283824862,1.6572782212910029,0.14394725193211996,2.9999999999999973,0.011695906432748537,26524.25,5.529099492461562,0.032316905460564836,0.31292409979869645,0.008922186616165274,0.07503216516278555,2.9223810028057007,235.2514619883041,0.343934885947813,3.096645121575869,404.98538011695905,0.2489719058855716,4.504385964912281,62.68421052631579,264.1593567251462,18.585729369720596,0.2993421052631579,0.02547990530411862,0.1312288909092985,0.008550733921269878,313,79e950d1-74ac-4140-89ab-ed1d5b79508e,684
241.41666666666666,255.0,536.8958501473172,2.223938626775218,0.3492252016228298,0.01094856603377153,0.042590891459420334,2.863481774376696,23.021728866442675,23.021728866442675,18.0,17.0,22.42676335447457,14.502520991996137,0.0,0.646661346658505,0.0,254.5,255.0,61.69848480983495,0.2424301957164438,0.9165883364806489,1.091002318270403,23.021728866442675,22.42676335447457,14.502520991996136,0.6466613466585049,5764856.0,5764856.0,0.9906502457899118,137.0,139.4,163.0,170.0,150.10980392156864,148.0,15.0,33.0,7.36409073433295,5.774419988102319,150.35716953764643,8.621206296149566,0.45144225049153125,2.062812383336393,74.32519800076892,0.5064667435601692,2.213978494623656,0.9314473801253473,0.2586371076524485,0.8742791074112615,0.1010752688172043,0.7927414460207869,0.1010752688172043,0.47239487752516096,0.09085905885073418,0.9494623655913978,0.9494623655913978,0.9797849462365591,0.9663082437275986,-0.5210825696203003,0.8004290795046355,0.1010752688172043,1.421505376344086,0.42146375303503303,1.452516070929994,0.7927414460207872,0.5279569892473118,2.843010752688172,1.3514408021127902,0.24383859405711644,94.44565217391305,0.5132915879017014,0.24335420604914937,2.744565217391304,44.0,91.31521739130434,32.171195652173914,0.563858695652174,4.4189610281689236,16.82608695652174,0.0914461247637051,0.1803921568627451,13.269848771266542,0.19498460716102448,0.6801890644307907,0.07368349284358292,1.0,0.5,0.25,2.5,16466.5,35620.0,11678.125,0.625,1.0,0.5,6.395400149660093e-05,0.00018142600400267031,3.458600087008358e-05,0.9999999999999993,0.00784313725490196,210.25,19.2827522675737,0.07871579335744541,0.09963867377016165,0.024768825895089545,0.07813953488372093,3.1817776792477726,71.56470588235294,0.28064590542099194,2.9055901576316803,129.14901960784314,0.2467666282199154,2.3294117647058825,60.01176470588236,131.6235294117647,42.108823529411765,0.6676470588235294,0.022585041423977,0.059168962029256145,0.013439061272657211,314,bd1576e9-05bc-44bc-9126-c3e8147c0d6d,255
105.16666666666667,115.0,249.09346048574116,2.3685590537471426,0.4325542043959538,0.015092447835071432,0.08093224975048745,2.311848988721456,17.4928556845359,17.4928556845359,9.0,13.0,17.440398167454596,8.492554141353606,0.0,0.48694726231660823,0.0,114.5,115.0,44.6274169979695,0.38975910041894757,0.8499745542938395,1.1765058082601096,17.4928556845359,17.440398167454592,8.492554141353605,0.4869472623166082,2034801.0,2034801.0,0.8428056713010523,115.0,119.4,144.60000000000002,152.0,132.70434782608694,134.0,15.0,37.0,7.774517958412099,5.888419273034657,133.0185014918242,9.136619023652287,-0.07914955366588121,2.054749278715139,83.47780718336487,0.6527788279773158,3.2962025316455694,1.188098957411668,-0.5078179373234173,0.6255792340970998,0.1468354430379747,0.6198015201301064,0.14683544303797466,0.601864010214628,0.12527479570581637,0.9265822784810126,0.9265822784810126,0.9853164556962025,0.9632911392405064,-0.3128373292432332,0.6456619301444766,0.14683544303797466,1.7822784810126584,0.5062778400897292,1.4544139697766194,0.6355653239033128,0.6860759493670886,3.5645569620253164,1.3075785267386455,0.19310366928376863,70.72357723577235,0.5749884328111574,0.24998347544451052,3.6260162601626016,20.666666666666668,74.2439024390244,7.362691960252936,0.40672990063233966,3.8750716363256283,17.69918699186992,0.14389582920219446,0.2673913043478261,6.680282900389981,0.2920422121893736,1.3053165452344595,0.09518252685041477,1.0,0.3333333333333333,0.6666666666666666,4.666666666666667,2877.6666666666665,10988.333333333334,851.4814814814814,0.4537037037037037,1.0,0.3333333333333333,0.08400460531945514,0.7507947287762452,0.009899667047850202,1.5849625007211552,0.02608695652173913,1408.2222222222222,1.3380268199233718,0.12348772281480419,0.5032740286318117,0.008914578465560631,0.3174219686480761,3.2335619707130316,23.08695652173913,0.2007561436672968,3.441512287334594,75.0695652173913,0.18404536862003784,3.4869565217391303,50.51304347826087,174.1478260869565,19.681642512077293,0.39758454106280194,0.030119355713299812,0.1256173387229288,0.011075777835288705,315,4771730a-d9e2-41f7-bacc-4e41f6abce34,115
524.4166666666666,547.0,1140.2572598254878,2.1743345173853257,0.27580296811327465,0.007684175590820323,0.02097958083359668,3.6257767885561383,40.311288741492746,40.311288741492746,40.0,18.0,41.52997633592191,18.172368403930857,0.0,0.4375723274422486,0.0,546.5,547.0,103.4974746830584,0.18938238734319926,0.8007007990879778,1.2489059598030001,40.311288741492746,41.52997633592191,18.172368403930857,0.4375723274422486,8263613.0,8263613.0,1.3813026321064905,91.0,106.0,143.0,171.0,122.00914076782449,120.0,18.0,80.0,11.864242051542567,8.340809975225733,122.91116127064886,14.863483239020313,0.699667786451868,3.2071131641041877,220.92313399663777,0.45549097787833914,5.80608738340697,6.780873231639699,1.2305469834416916,1.3969666231178763,0.19391261659302897,0.7562195649391126,0.19391261659302894,0.7095849703416264,0.1563105137190739,0.9030436917034856,0.9030436917034856,0.9885933754945279,0.9612174766813943,-0.40503414937951715,0.8116168898705816,0.19391261659302894,2.3463426607756506,0.35380379522766,2.116711027240715,0.7592354103465696,0.5488463426607757,4.692685321551301,1.9227984106476872,0.3977198099277264,197.10256410256412,0.3609937071475533,0.5877477223631069,7.767399267399267,32.798534798534796,164.12820512820514,7.6740689865689875,0.20094373219373218,4.462214040160175,85.54212454212454,0.15667055776945887,0.24954296160877515,16.7398730695434,0.3599283642021429,3.443215239050433,0.058768157379040314,4.5,0.375,0.7430555555555556,10.25,9958.916666666666,45378.0,2361.45775462963,0.18055555555555555,1.3333333333333333,0.1111111111111111,0.21339527067808564,2.653343591061077,0.018814241449608953,3.5849625007211516,0.021937842778793418,7881.076388888889,4.796721740587175,0.025073926281739954,1.1595733619115438,0.014058246872810596,0.12574076083781996,3.710639606172267,111.96160877513711,0.20468301421414462,3.904922646043401,249.15356489945157,0.42907800233281757,6.16453382084095,52.95612431444241,286.47166361974405,12.234473390209223,0.22182866138533414,0.03420768554561102,0.28134692029361,0.006266974640120491,316,788da429-489b-47aa-aac3-f8bb41be1335,547
400.9166666666667,420.0,876.0085485195225,2.1850140474400894,0.3001547271559176,0.008724020112511173,0.027041797882245523,3.331615028939866,32.64965543462902,32.64965543462902,27.0,19.0,31.463428808721638,17.599125003433763,0.0,0.5593517829994198,0.0,419.5,420.0,83.69848480983495,0.19951963005920131,0.8674677112951291,1.1527806591290877,32.64965543462902,31.46342880872164,17.599125003433763,0.5593517829994199,7437826.0,7437826.0,1.7932635379327575,77.0,106.0,156.0,167.0,131.5857142857143,133.0,31.0,90.0,16.811836734693877,13.06056564412982,133.0755782396211,19.857223364002614,-0.40707041878159805,2.4625135560023126,394.3093197278913,0.31035147392290247,8.251766217084137,14.958887072400456,-0.4845024773091906,2.554104796990739,0.24020552344251767,0.8280752701759521,0.23892100192678228,0.7985733589938748,0.18312227828082023,0.8807535859558983,0.8806679511881825,0.9858929313536591,0.9522586169985016,-0.45749864071869767,0.8936888954323627,0.23779704560051382,2.7700706486833657,0.1986534799024358,2.702097531227685,0.8318953194923667,0.3037893384714194,5.5401412973667306,2.457318845085068,0.6985775801083141,143.37246963562754,0.29022767132718125,0.8790219475815044,8.807692307692308,18.821862348178136,152.4655870445344,3.5128767431399006,0.2201979307242465,4.674677956888696,84.42105263157895,0.17089281909226509,0.29404761904761906,7.256355619662672,0.3357136412127766,3.1345591376411517,0.0790228843582147,5.0,0.45454545454545453,1.421487603305785,11.545454545454545,4482.545454545455,34255.09090909091,741.0568181818181,0.25441919191919193,1.5454545454545454,0.14049586776859505,0.3006206602327359,4.788802663869973,0.02010513856606473,3.0271691184406153,0.02619047619047619,3024.694214876033,3.894925516502897,0.03565893321975303,1.2304332335886974,0.02740881637109367,0.18033295419294795,4.406534264224913,73.15238095238095,0.17417233560090703,3.399637188208617,130.34761904761905,0.7499092970521543,8.457142857142857,47.59047619047619,393.7857142857143,9.023148148148149,0.2016865079365079,0.038063842622586955,0.38704090780933187,0.007385476923567535,317,5fb65165-84c2-4f7d-a198-b9ed20f1ef48,420
177.66666666666666,190.0,404.5069450902557,2.2767745502265804,0.3778291357103723,0.012320888976387084,0.053936943782216855,2.646699011498566,22.02271554554524,22.02271554554524,22.0,12.0,21.362395822251354,11.384567499181955,0.0,0.5329255947651546,0.0,189.5,190.0,56.28427124746186,0.2970146239971602,0.8670067762981711,1.1533935227930576,22.02271554554524,21.362395822251358,11.384567499181957,0.5329255947651546,2596198.0,2596198.0,1.6333762788650157,87.0,96.0,144.0,162.0,115.54736842105264,111.5,26.75,75.0,14.651080332409974,11.013149243918475,116.89396904887779,17.691965718074663,0.7009056980544197,2.546170064001117,313.0056509695291,0.37944598337950136,4.482300884955752,8.354556299521846,0.7097805728747503,1.6696339224336718,0.35988200589970504,0.6453518783710777,0.34218289085545717,0.9772213997271735,0.24279287510550723,0.831858407079646,0.830678466076696,0.979142807565504,0.9321533923303834,-0.2673363644604044,0.7465444989786979,0.3266961651917404,2.03834808259587,0.2384877437544052,2.6408597155844937,0.6640371105980741,0.4365781710914454,4.07669616519174,2.2651556930501675,0.5073789820833442,93.99350649350649,0.3051737223815146,0.7800957159723393,6.788961038961039,10.519480519480519,45.37012987012987,3.8685064935064934,0.28745039682539686,3.7648545832942695,84.53246753246754,0.2744560634171024,0.4052631578947368,4.430764041153651,0.5237691270463907,4.658042358100736,0.11184326233951031,4.833333333333333,0.4027777777777778,1.3055555555555554,11.333333333333334,1104.1666666666667,4798.916666666667,326.3645833333333,0.24247685185185186,3.0,0.25,0.4769910181378838,7.252915854129191,0.049869167779597295,2.6174924611847525,0.06315789473684211,853.4722222222223,3.0070723030447573,0.05274155284217817,1.687960396918524,0.031174228333992873,0.2646174912161694,4.0030494620998915,25.410526315789475,0.13373961218836566,4.720332409972299,72.09473684210526,0.595595567867036,5.184210526315789,37.873684210526314,145.00526315789475,15.289254385964911,0.3475877192982456,0.07431141013910438,0.7603227977350783,0.01564725719722587,318,f27b374b-ce52-40ee-b2dc-1b5f790b0a81,190
326.4166666666667,342.0,714.8452331366925,2.1899777374624225,0.32071577055084105,0.0096356130454185,0.03298837691430952,3.1180256533143456,24.413111231467404,24.413111231467404,20.0,22.0,23.534945696591905,18.594416032730372,0.0,0.7900768615507376,0.0,341.5,342.0,70.52691193458114,0.20652097198998867,0.9288496410815037,1.07660051290503,24.413111231467404,23.534945696591905,18.594416032730372,0.7900768615507376,7302261.0,7302261.0,0.8827159025839371,129.0,137.0,157.0,167.0,145.91520467836258,144.5,11.0,38.0,6.334171197975446,4.628357806297451,146.1220050193577,7.771318713625767,0.4959188581558029,2.651212889495424,60.39339454875005,0.5790670633699257,1.709881422924901,0.9773396801423733,0.5433140766951189,0.6322635879329468,0.1359683794466403,0.6460225941640413,0.1359683794466403,0.5735821848005236,0.11748097923729475,0.9320158102766798,0.9320158102766798,0.9728063241106719,0.9546772068511199,-0.3424690155575028,0.6572236477969101,0.1359683794466403,1.2592885375494072,0.49840303707291167,1.3685750450884167,0.6460225941640411,0.6727272727272727,2.5185770750988143,1.2326066656417767,0.1920579918448968,145.1818181818182,0.5279338842975206,0.23603305785123968,2.8545454545454545,46.79272727272727,64.42181818181818,42.38545454545454,0.5363636363636364,3.9196719757465734,36.50545454545455,0.13274710743801654,0.2010233918128655,22.04662479338843,0.31889555110258944,1.1965324300966114,0.099486331354084,5.285714285714286,0.7551020408163265,0.12244897959183672,3.5714285714285716,8745.142857142857,10500.142857142857,8306.392857142857,0.35714285714285715,1.0,0.14285714285714285,0.1952969665614174,0.7811803633758219,0.04882611735781628,2.807354922057602,0.02046783625730994,6358.122448979591,123.3237373737374,0.04201801122937494,0.13917729671807846,0.03044466916353272,0.04042737510828762,2.9151455739990837,98.15204678362574,0.2869942888410109,3.671044081939742,198.04093567251462,0.2104664683150371,1.9035087719298245,58.30994152046784,91.07309941520468,50.119152046783626,0.7741228070175439,0.02961175766061244,0.0823697231762534,0.0164222662817022,319,98bdf487-e578-41b4-8c7a-2b2fca8b3034,342
1892.6666666666667,1934.0,3949.4551611910165,2.0867145973182546,0.18735402424286174,0.004302227933819673,0.006576412977522184,5.337488767808522,69.3757882838098,69.3757882838098,36.0,67.0,68.8055992617087,36.86584008321428,0.0,0.535797093242245,0.0,1933.5,1934.0,183.88225099390888,0.09510331057352411,0.8476902903868677,1.179676128581845,69.3757882838098,68.8055992617087,36.86584008321429,0.535797093242245,37040082.0,37040082.0,1.1734792607807625,103.0,120.30000000000001,156.0,176.0,137.741468459152,137.0,14.0,73.0,9.869629521895778,6.145795928216648,138.39096410239839,13.392042857896758,0.25025609122868225,3.4663265214249157,179.34681190774356,0.5422104206123696,4.277256897937316,3.889090630200623,0.003986468368369744,1.0245584608973664,0.09282078757031878,0.8338598328229048,0.09282078757031878,0.44581580656545294,0.08420508896514453,0.9535896062148407,0.9535896062148407,0.9945399536723343,0.9814358424859363,-0.5806114311393104,0.8558055280065188,0.09282078757031878,2.0110500937583713,0.4862694361774628,1.6113551125428454,0.8408446468790676,0.676399678542727,4.022100187516743,1.5185343249725274,0.2793448121169213,356.60955347871237,0.3703110628024012,0.5308199864347417,5.580477673935618,142.6521287642783,582.1765316718588,42.39755682473751,0.3172305872851044,5.340610541416933,87.6085150571132,0.09097457430645191,0.12448293691830403,78.11935270641999,0.2687150889780609,1.893969706466003,0.07404933660146926,7.7,0.385,0.9875,6.05,97169.2,391264.9,25674.8375,0.4336805555555555,3.0,0.15,0.3187589835457654,1.7041108533029514,0.15311223683585923,3.921928094887357,0.010341261633919338,87818.31,8.409955427668697,0.01297481082034818,0.6318867888386701,0.00476438342407978,0.07540393831376113,2.8458427487405498,870.506721820062,0.4501068882213351,2.687676787984887,1048.6349534643227,0.295629613865632,4.43329886246122,66.75387797311272,280.8500517063082,21.802884062966793,0.32498132827760545,0.022981114235115323,0.11779099495039502,0.0077625762099357174,320,1a326094-f8bc-4511-9efe-532f95e691ee,1934
267.1666666666667,282.0,593.2847552043783,2.220654105568477,0.3381238329260618,0.010430678320454911,0.038656929057591875,2.957496344892884,26.1725046566048,26.1725046566048,26.0,14.0,25.768994082042273,14.165660969029116,0.0,0.5497172657934982,0.0,281.5,282.0,67.11269837220803,0.23841100665082782,0.8862156822726717,1.128393482538621,26.1725046566048,25.768994082042273,14.165660969029116,0.5497172657934983,5139819.0,5139819.0,1.1473486104755413,108.0,115.0,148.9,153.0,134.46453900709218,137.0,19.0,45.0,10.040465771339473,7.4913580246913565,135.00484624871174,12.066327537758887,-0.5596988876529994,2.2050036004588356,145.59626024847844,0.5302047180725317,3.5067961165048542,3.084129788639327,-0.24698634883186787,1.0607493637477612,0.1407766990291262,0.7656701699773822,0.1407766990291262,0.5862693076521976,0.12095862003958903,0.9296116504854368,0.9296116504854368,0.9859223300970873,0.9648058252427184,-0.473884125076344,0.8196783195495245,0.1407766990291262,1.8101941747572816,0.40996842303704406,1.794354331897152,0.8176110262233721,0.5932038834951456,3.6203883495145632,1.6535776328680263,0.3003815156942219,116.72839506172839,0.4803637656861251,0.35329980185947263,4.255144032921811,34.05761316872428,117.03703703703704,14.309556470050296,0.3691129401005944,4.394650050955457,27.732510288065843,0.1141255567410117,0.2154255319148936,12.50967840268252,0.2697830701432944,1.4676818324240961,0.06648714981614008,2.7142857142857144,0.3877551020408163,0.4897959183673469,5.714285714285714,5845.714285714285,21492.85714285714,1980.5952380952383,0.2976190476190476,1.5714285714285714,0.22448979591836735,0.35767032628315704,2.3259225612989605,0.06456920524546922,2.807354922057602,0.024822695035460994,4222.775510204082,3.848522927689594,0.05653924809101273,0.41190315751836465,0.01393376710984563,0.14436630167067271,3.421849377977177,70.80141843971631,0.25106885971530607,3.497962879130829,149.5177304964539,0.28771188572003425,3.6099290780141846,56.4468085106383,190.0,25.30437352245863,0.42631993695823484,0.03335510947877969,0.15620363111096813,0.011044929911775877,321,41938f29-5dc8-4837-b932-c7a0ffe91cf4,282
580.9166666666666,601.0,1242.843775220973,2.1394527761657836,0.2709007084491252,0.007480215126615659,0.019880642801871965,3.691389386631296,28.861739379323623,28.861739379323623,28.0,27.0,28.22795703519691,27.11681294370705,0.0,0.9606367513559555,0.0,600.5,601.0,91.84062043356603,0.15294025051384852,0.9458594973036267,1.0572394767412203,28.861739379323623,28.22795703519691,27.11681294370705,0.9606367513559556,5892264.0,5892264.0,2.058513137434735,58.0,69.0,132.0,230.0,94.0765391014975,84.0,31.0,172.0,22.393437448955012,13.38482916530129,99.01565448761448,30.882108482016896,2.0135220297555745,7.538340776398327,953.70462429506,0.3016298404489467,6.0303964757709245,162.2212378408412,18.0630989110704,5.03738574395001,0.6145374449339207,0.782538642371298,0.4224669603524229,1.2117474565463593,0.436059112344505,0.8156461086637298,0.8077869914485617,0.9909603458694535,0.9550651893383171,-0.34577947157051814,0.8667480439233622,0.30156326480665685,2.2191629955947136,0.1656099477963865,3.3280502042691404,0.8082113508825038,0.3246696035242291,4.438325991189427,2.75958793704308,1.4129807972209822,222.5700325732899,0.24166127315232344,2.497662810451275,9.276872964169382,12.20629750271444,65.00325732899023,5.00648387277459,0.36038220527081627,4.652658297117642,246.64386536373507,0.2678000709703964,0.3831114808652246,5.393120587191612,0.52317181481854,6.665367278885266,0.1535934964517436,6.365853658536586,0.1552647233789411,3.293277810826889,17.585365853658537,1991.2926829268292,7811.682926829269,800.6445551960622,0.18629172197334218,7.926829268292683,0.1933372992266508,0.41893446109987664,8.07880412572646,0.03463872394364064,4.4058556629435905,0.06821963394342762,1776.41998810232,2.8822784197784204,0.019704743443529987,11.497608714657172,0.019004312241085675,0.9605495515342877,4.848111402555156,78.4575707154742,0.13054504278781068,5.148867251198086,181.27953410981698,1.6234617290649802,6.797004991680533,40.374376039933445,203.891846921797,17.013075939194312,0.39875078289774035,0.0738567683343751,1.0137048321978697,0.01799145057188275,322,3fc816ba-bef4-4d8b-8d32-2a504789cfdc,601
