Image,ObjectID,ObjectType,Classification,Centroid_X,Centroid_Y,NumPixels,PixelWidth_um,PixelHeight_um,firstorder_10Percentile,firstorder_90Percentile,firstorder_Energy,firstorder_Entropy,firstorder_InterquartileRange,firstorder_Kurtosis,firstorder_Maximum,firstorder_Mean,firstorder_MeanAbsoluteDeviation,firstorder_Median,firstorder_Minimum,firstorder_Range,firstorder_RobustMeanAbsoluteDeviation,firstorder_RootMeanSquared,firstorder_Skewness,firstorder_StandardDeviation,firstorder_TotalEnergy,firstorder_Uniformity,firstorder_Variance,glcm_Autocorrelation,glcm_ClusterProminence,glcm_ClusterShade,glcm_ClusterTendency,glcm_Contrast,glcm_Correlation,glcm_DifferenceAverage,glcm_DifferenceEntropy,glcm_DifferenceVariance,glcm_Id,glcm_Idm,glcm_Idmn,glcm_Idn,glcm_Imc1,glcm_Imc2,glcm_InverseVariance,glcm_JointAverage,glcm_JointEnergy,glcm_JointEntropy,glcm_MaximumProbability,glcm_SumAverage,glcm_SumEntropy,glcm_SumSquares,gldm_DependenceEntropy,gldm_DependenceNonUniformity,gldm_DependenceNonUniformityNormalized,gldm_DependenceVariance,gldm_GrayLevelNonUniformity,gldm_GrayLevelVariance,gldm_HighGrayLevelEmphasis,gldm_LargeDependenceEmphasis,gldm_LargeDependenceHighGrayLevelEmphasis,gldm_LargeDependenceLowGrayLevelEmphasis,gldm_LowGrayLevelEmphasis,gldm_SmallDependenceEmphasis,gldm_SmallDependenceHighGrayLevelEmphasis,gldm_SmallDependenceLowGrayLevelEmphasis,glrlm_GrayLevelNonUniformity,glrlm_GrayLevelNonUniformityNormalized,glrlm_GrayLevelVariance,glrlm_HighGrayLevelRunEmphasis,glrlm_LongRunEmphasis,glrlm_LongRunHighGrayLevelEmphasis,glrlm_LongRunLowGrayLevelEmphasis,glrlm_LowGrayLevelRunEmphasis,glrlm_RunEntropy,glrlm_RunLengthNonUniformity,glrlm_RunLengthNonUniformityNormalized,glrlm_RunPercentage,glrlm_RunVariance,glrlm_ShortRunEmphasis,glrlm_ShortRunHighGrayLevelEmphasis,glrlm_ShortRunLowGrayLevelEmphasis,glszm_GrayLevelNonUniformity,glszm_GrayLevelNonUniformityNormalized,glszm_GrayLevelVariance,glszm_HighGrayLevelZoneEmphasis,glszm_LargeAreaEmphasis,glszm_LargeAreaHighGrayLevelEmphasis,glszm_LargeAreaLowGrayLevelEmphasis,glszm_LowGrayLevelZoneEmphasis,glszm_SizeZoneNonUniformity,glszm_SizeZoneNonUniformityNormalized,glszm_SmallAreaEmphasis,glszm_SmallAreaHighGrayLevelEmphasis,glszm_SmallAreaLowGrayLevelEmphasis,glszm_ZoneEntropy,glszm_ZonePercentage,glszm_ZoneVariance,ngtdm_Busyness,ngtdm_Coarseness,ngtdm_Complexity,ngtdm_Contrast,ngtdm_Strength,shape2D_Elongation,shape2D_MajorAxisLength,shape2D_MaximumDiameter,shape2D_MeshSurface,shape2D_MinorAxisLength,shape2D_Perimeter,shape2D_PerimeterSurfaceRatio,shape2D_PixelSurface,shape2D_SphericalDisproportion,shape2D_Sphericity,shape_Compactness1,shape_Compactness2,shape_Elongation,shape_LeastAxisLength,shape_MajorAxisLength,shape_Maximum2DDiameterColumn,shape_Maximum2DDiameterRow,shape_Maximum2DDiameterSlice,shape_Maximum3DDiameter,shape_MeshVolume,shape_MinorAxisLength,shape_SphericalDisproportion,shape_Sphericity,shape_SurfaceArea,shape_SurfaceVolumeRatio,shape_VoxelVolume
"ytma10_010704_benign1_ccd.tif","507f0e13-8f57-4bbe-a54b-40e02daf53f7","Detection","Unclassified",277.3941345214844,290.4266357421875,598.0,,,113.0,152.0,1.092186E7,1.4443483135223334,19.75,3.0270493901365643,180.0,134.24414715719064,12.287043769085374,135.0,91.0,89.0,8.548493955330926,135.14429300976926,-0.09851512335198993,15.572054686165005,1.092186E7,0.4534960459055268,242.4888871489135,8.55619724566859,8.038830751699908,-0.09776075593186911,1.5036026241163158,0.27365615282096845,0.6920469248799496,0.270990670812972,0.8531009209178616,0.2002202091533039,0.864948911594847,0.8647712127943138,0.9894959740851988,0.9548983520551715,-0.31524830207090077,0.7748147193668308,0.26865837405597515,2.8720568636161707,0.28958697659621535,2.450680841270221,0.49666814749000443,5.744113727232341,2.167713665453236,0.44431469423432124,4.098335463821625,93.07357859531773,0.15564143577812328,3.808525631704344,271.190635451505,0.43869755371863856,8.692307692307692,46.03678929765886,401.3344481605351,6.3523666852471194,0.15270856558900034,0.04060012046748589,0.3757272314661031,0.007033742211491413,263.27272727272725,0.351968886728245,0.6453859132374389,8.70855614973262,17.75668449197861,156.64705882352942,2.3665819964349373,0.175694073083779,4.4446666432578255,141.63903743315507,0.18935700191598273,0.31270903010033446,7.530369756069664,0.39872672575458235,3.596051093152233,0.07857389864688245,5.636363636363637,0.256198347107438,1.330578512396694,9.272727272727273,6361.272727272727,57216.0,729.5218308080807,0.2578156565656565,2.272727272727273,0.10330578512396695,0.20077297678595765,2.1561215872950004,0.03618222456037439,4.186704345910023,0.03678929765886288,5622.421487603306,3.130514698834445,0.019225332245714533,2.3986679110971814,0.010382211834790182,0.1734598691606859,0.7016997594468,33.35102235255882,35.4682957019364,597.5,23.402404362095375,96.42640687119295,0.16138310773421416,598.0,1.1128127608723608,0.8986237713666007,0.3560155744705052,45.0339706814643,0.7016997594468,23.402404362095375,33.35102235255882,34.0,23.0,35.4682957019364,35.4682957019364,597.5,23.402404362095375,1.1128127608723608,0.8986237713666007,96.42640687119295,0.16138310773421416,598.0
"ytma10_010704_benign1_ccd.tif","01caba92-9406-46a3-bada-baf5b66e4be2","Detection","Unclassified",612.30029296875,399.28070068359375,519.0,,,98.0,128.0,6710584.0,1.3312634451882024,16.5,4.385361451731939,153.0,112.8092485549133,10.826444808268464,115.0,66.0,87.0,7.107721088435378,113.70942923401063,-0.935040967029747,14.279626647789613,6710584.0,0.5101072538340741,203.90773720026323,9.378600823045266,10.23546152330627,-1.3745698017277554,1.4314891022709952,0.21399176954732507,0.7399036680251945,0.21296296296296294,0.7513484686049264,0.16863854595336078,0.8936899862825788,0.8936213991769547,0.9917777341148988,0.9645306682343718,-0.3725824371113628,0.7923304621340815,0.21206275720164602,3.0123456790123457,0.3766232546275126,2.158396615541009,0.5910493827160493,6.024691358024691,1.9399760981818968,0.4113702179545801,3.690674188074889,101.10019267822736,0.19479805911026465,3.5699228915841563,264.7456647398844,0.4099554129959421,9.53757225433526,51.177263969171484,484.5356454720617,6.812938342967245,0.1425786769428388,0.03330387817726105,0.35742134733005454,0.0047458713991297575,191.62385321100916,0.3516034003871728,0.647676121538591,9.68073394495413,27.16330275229358,253.95596330275228,3.3764913353720694,0.1594296636085627,4.567862891815288,88.81284403669724,0.16295934685632524,0.26252408477842004,12.653493813652045,0.3464277039722025,3.378699879297178,0.055127613776173666,3.1666666666666665,0.2638888888888889,1.3333333333333333,10.333333333333334,10809.75,98970.83333333333,1217.3933796296299,0.20935185185185187,1.6666666666666667,0.1388888888888889,0.2392758157402958,4.061137041995682,0.020156637584888466,3.584962500721156,0.023121387283236993,8939.1875,1.903590668590668,0.027539661382693655,1.9224605880828973,0.007720939786874442,0.24659771814742518,0.5833854445492059,33.98255522291317,33.83784863137726,518.5,19.824928085637143,90.66904755831216,0.17486797986173994,519.0,1.1232585713623444,0.8902669656792823,0.3388326433509751,40.79178725149135,0.5833854445492059,19.824928085637143,33.98255522291317,30.0,25.0,33.83784863137726,33.83784863137726,518.5,19.824928085637143,1.1232585713623444,0.8902669656792823,90.66904755831216,0.17486797986173994,519.0
"ytma10_010704_benign1_ccd.tif","92934d61-0883-4ca3-ba4b-94b65e4cebab","Detection","Unclassified",553.3565063476562,404.4761962890625,501.0,,,97.0,133.0,6336199.0,1.2462724982869513,14.0,3.4627754073700454,150.0,111.57485029940119,10.44892251425292,110.0,71.0,79.0,6.629050449626572,112.45934284182515,0.357457690136517,14.076809762207567,6336199.0,0.5255317707897579,198.15657308138228,9.40021287919106,4.935929575484568,0.04132863876054962,1.1336864892239116,0.1420968600319319,0.7772398266291591,0.1420968600319319,0.5897040657640362,0.12190534240099744,0.9289515699840342,0.9289515699840342,0.994534736152618,0.976317189994678,-0.47588433534052244,0.8293294898034304,0.1420968600319319,3.0252794039382644,0.4370165360907552,1.8640860755978843,0.6391697711548696,6.05055880787653,1.7219892155659526,0.31894583731396087,3.3881258821253417,132.9441117764471,0.2653575085358226,3.2078676977382563,263.2914171656687,0.3294090461790988,9.594810379241517,58.489021956087825,553.2475049900199,6.915946994899091,0.12377356398314482,0.027412498950197366,0.2852120840204197,0.004151997613071497,136.78571428571428,0.34894314868804666,0.6260347251145358,10.012755102040817,44.60204081632653,419.1734693877551,5.143877551020409,0.1417290249433107,4.956029856551408,41.892857142857146,0.10686953352769679,0.19560878243512975,18.46699291961683,0.2529437452573639,2.737444284924082,0.04612804326422308,2.3333333333333335,0.25925925925925924,1.5555555555555556,10.555555555555555,14092.111111111111,128729.0,1579.8125308641975,0.2320679012345679,1.6666666666666667,0.18518518518518517,0.1950701496747766,2.6158438889670212,0.04289930493650911,3.169925001442312,0.017964071856287425,10993.333333333332,1.4087144880754956,0.036861877361294315,1.454217465244614,0.004629134823455924,0.3311334719806245,0.69444859583334,30.35677688396269,30.59411708155671,500.5,21.081221081093886,85.5979797464467,0.17102493455833506,501.0,1.0793356995871657,0.926495806988029,0.35656102814580837,45.17207004492364,0.69444859583334,21.081221081093886,30.35677688396269,30.0,21.0,30.59411708155671,30.59411708155671,500.5,21.081221081093886,1.0793356995871657,0.926495806988029,85.5979797464467,0.17102493455833506,501.0
"ytma10_010704_benign1_ccd.tif","f442286e-2b53-4e9a-b391-e83cecdfc1d5","Detection","Unclassified",74.38483428955078,414.64471435546875,477.0,,,89.6,124.40000000000003,5520672.0,1.29895539034061,18.0,2.904358241095861,144.0,106.70020964360587,10.911321194221351,106.0,75.0,69.0,7.552014659584856,107.58129878866774,0.23064135671322988,13.740491660314078,5520672.0,0.4582492781139986,188.80111106716072,3.4834918858421937,4.265977011434382,0.2277843191075053,1.2670637185993854,0.17571348628987127,0.7564232569042304,0.17571348628987127,0.6706093911177206,0.1448382570257305,0.9121432568550644,0.9121432568550644,0.9824286513710129,0.9560716284275321,-0.4299718279121102,0.8197170947042732,0.17571348628987127,1.7918298824846108,0.33164566951078933,2.034865947958066,0.5081141578063794,3.5836597649692217,1.8591524616681945,0.3606943012223141,3.8056200520113315,97.26834381551363,0.2039168633448923,3.252007436414699,218.58490566037736,0.36201099640045886,3.59748427672956,54.74842767295598,195.79454926624737,24.76059864896343,0.46243885394828793,0.03195867257144335,0.13505231780576193,0.01275077794153525,179.01839080459771,0.41153653058528206,0.4302602721627692,3.703448275862069,30.170114942528734,109.39310344827587,12.683652618135378,0.4773946360153257,4.61739718087791,53.170114942528734,0.12223014929316951,0.2279874213836478,10.931304003170832,0.2583316985870948,1.1312840783479294,0.10225299523945049,3.2222222222222223,0.35802469135802467,0.54320987654321,5.0,9915.888888888889,37163.555555555555,3334.3425925925926,0.3703703703703704,1.6666666666666667,0.18518518518518517,0.3434717274947177,1.964327182499199,0.0694974727414541,2.94770277922009,0.018867924528301886,7106.888888888889,9.904566985244802,0.028262676993533402,0.5266833735387195,0.021033584576770393,0.07715638729804868,0.8438896547096866,26.879642219908153,27.80287754891569,476.5,22.683451991678204,83.01219330881979,0.17421236790938047,477.0,1.072767243973377,0.9321686559855635,0.35544723114886584,44.89030097383974,0.8438896547096866,22.683451991678204,26.879642219908153,25.0,25.0,27.80287754891569,27.80287754891569,476.5,22.683451991678204,1.072767243973377,0.9321686559855635,83.01219330881979,0.17421236790938047,477.0
"ytma10_010704_benign1_ccd.tif","0d20fb90-855e-46c3-9cb6-853ce2ce0390","Detection","Unclassified",160.67828369140625,639.4130249023438,456.0,,,101.0,143.0,6934373.0,1.5580118502484843,24.0,2.997022319530483,180.0,122.18640350877193,13.564635272391506,121.0,86.0,94.0,10.117077333333317,123.31649659852219,0.42533925133208333,16.656564199284926,6934373.0,0.39715104647583865,277.4411309249003,6.111438679245284,9.644487506938429,0.9319135557930428,1.7805682488207544,0.19516509433962265,0.8024378188329432,0.19516509433962265,0.7121522478827527,0.15707568029102886,0.9024174528301887,0.9024174528301887,0.9924936502177069,0.9674724842767295,-0.4649995935324362,0.8708052798758961,0.19516509433962265,2.390625,0.28854014857378074,2.3438743612928525,0.43985849056603776,4.78125,2.14870926695323,0.4939333357900944,4.039462934548689,92.49561403508773,0.20284125884887658,4.083160203139427,181.10087719298247,0.5173082102185287,6.432017543859649,52.89912280701754,324.31359649122805,11.794126461988306,0.23625609161793376,0.040602274880875026,0.38216452969670656,0.008898649712845213,146.07625272331154,0.3182489166085219,0.785519339665181,7.139433551198257,27.81263616557734,165.13289760348584,6.053166303558461,0.26316388283708547,4.825412831381515,72.85185185185185,0.15871863148551602,0.25164473684210525,12.021102994574735,0.3717188383890912,2.9927637994638885,0.09829337080837529,3.533333333333333,0.23555555555555555,1.7955555555555553,9.266666666666667,4267.866666666667,22349.533333333333,942.7562592592593,0.3507037037037037,2.466666666666667,0.16444444444444445,0.3763015906316847,5.780567498976137,0.05172853581092984,3.640223928941851,0.03289473684210526,3343.706666666666,2.206787681669011,0.03632826893010194,1.9182427010641536,0.009517071915697969,0.33852138043529406,0.5155370113938234,33.84013787527398,33.24154027718932,455.5,17.445843545373677,88.32590180780454,0.19390977345291885,456.0,1.1674517959775543,0.8565664153719167,0.30958600828163246,34.05374622383922,0.5155370113938234,17.445843545373677,33.84013787527398,24.0,31.0,33.24154027718932,33.24154027718932,455.5,17.445843545373677,1.1674517959775543,0.8565664153719167,88.32590180780454,0.19390977345291885,456.0
"ytma10_010704_benign1_ccd.tif","359682be-218b-4ddb-a34a-a6bde23ba5f2","Detection","Unclassified",826.6014404296875,308.1855773925781,452.0,,,98.0,135.0,6179061.0,1.3213003197893542,16.0,4.385764269581011,176.0,115.92256637168141,11.150599107212779,115.0,83.0,93.0,6.941398668219416,116.92086613625943,0.7922167627605504,15.246230480227375,6179061.0,0.523151773827238,232.44754385621425,4.490532544378699,7.206406306233987,0.8072061007593212,1.179224817058226,0.20710059171597628,0.7012236948046765,0.19289940828402366,0.736086771551254,0.16989040999964988,0.9059171597633138,0.9049704142011834,0.9921475993910192,0.9681882220343762,-0.3770478419116166,0.7749647177156824,0.18047337278106507,2.06094674556213,0.4395728440880922,1.975096375051745,0.6479289940828402,4.12189349112426,1.7544940265896034,0.3465813521935506,3.2568906536624356,107.71681415929204,0.2383115357506461,4.447920745555643,236.4646017699115,0.41218478345994203,4.913716814159292,54.69469026548673,218.51106194690266,17.72175762045231,0.3043534906588004,0.0382723208711541,0.35564640134159203,0.007657086561476443,137.2685185185185,0.31775120027434844,0.7566658093278464,7.263888888888889,35.58796296296296,145.875,10.524611625514403,0.2501292438271605,4.294365250732656,76.09722222222223,0.17615097736625515,0.23893805309734514,18.07218792866941,0.4120922269196623,4.406073704489349,0.05160364300677884,4.076923076923077,0.3136094674556213,0.9822485207100592,11.923076923076923,7965.538461538462,32021.46153846154,2115.866324786325,0.16600427350427352,1.7692307692307692,0.13609467455621302,0.2580068679933138,4.265892978480514,0.01827124708822651,3.392747410448785,0.028761061946902654,6756.639053254437,2.4165117359000345,0.03316426847055316,1.9407570165910257,0.007734869794758065,0.3753382907283778,0.7749620394911637,27.337919218207734,27.65863337187866,451.5,21.185849632786944,81.01219330881979,0.17942899957656652,452.0,1.0755152704673943,0.9297868914175648,0.34934717268206134,43.36273952052723,0.7749620394911637,21.185849632786944,27.337919218207734,22.0,27.0,27.65863337187866,27.65863337187866,451.5,21.185849632786944,1.0755152704673943,0.9297868914175648,81.01219330881979,0.17942899957656652,452.0
"ytma10_010704_benign1_ccd.tif","be9e8b0a-91b9-4ec8-a48a-71533601ac76","Detection","Unclassified",788.555908203125,398.3442077636719,430.0,,,102.0,150.0,6528698.0,1.5479854349211664,25.0,2.8545135362267673,175.0,121.86511627906977,14.898345051379108,118.0,88.0,87.0,10.814019366725933,123.21939216150663,0.7391748809407787,18.218453253225633,6528698.0,0.41750135208220657,331.9120389399676,5.739700374531835,8.38609932908028,1.3805182029806136,1.6071939569919624,0.30399500624219733,0.6818786503164297,0.2802746566791511,0.909281135260474,0.22544112306558128,0.8638160632542654,0.862234706616729,0.9884966404726186,0.9538523274478331,-0.3083649063194694,0.7672445681323921,0.25951935081148564,2.326779026217228,0.3109233776131895,2.4366526131530186,0.5230961298377028,4.653558052434457,2.104366340556488,0.4777972408085399,3.81643931526597,71.80465116279069,0.16698756084369928,5.0894753921038385,179.52558139534884,0.5681773931855056,6.395348837209302,46.70697674418604,234.5767441860465,11.555277131782944,0.23612338501291985,0.05289181234509308,0.5886246206062097,0.008521599272185664,159.9160583941606,0.29181762480686235,0.8564221588790026,8.702554744525548,21.23722627737226,105.77007299270073,5.131552108678021,0.21345346715328473,4.161117305660376,138.20437956204378,0.2521977729234376,0.3186046511627907,11.385875646012042,0.5088606632558977,5.649883074115752,0.0857115675690854,8.555555555555555,0.47530864197530864,1.1388888888888888,13.38888888888889,4180.555555555556,20376.777777777777,959.7564660493827,0.18123456790123457,3.0,0.16666666666666666,0.3520604732173866,5.718316763481371,0.02506229044770244,3.2390979179887864,0.04186046511627907,3609.8765432098767,2.8193978532996598,0.029307232046338533,2.5648406000898456,0.014799196381031434,0.259964014185698,0.6024830403370142,30.176927979762016,30.528675044947494,429.5,18.18108731727813,81.25483399593904,0.1891847124468895,430.0,1.106019263898167,0.9041433839728055,0.330837264128604,38.889386113064496,0.6024830403370142,18.18108731727813,30.176927979762016,23.0,27.0,30.528675044947494,30.528675044947494,429.5,18.18108731727813,1.106019263898167,0.9041433839728055,81.25483399593904,0.1891847124468895,430.0
"ytma10_010704_benign1_ccd.tif","897cb6e5-d532-4822-add4-ccd739a3dee2","Detection","Unclassified",819.2785034179688,572.22265625,429.0,,,101.60000000000001,140.2,6461216.0,1.4778150242810935,21.0,4.159633254097107,150.0,121.46853146853147,13.351785743394116,123.0,64.0,86.0,8.637217485911483,122.72371228539967,-1.070137117648092,17.50729619295729,6461216.0,0.4098054237914378,306.5054199879369,11.595252966895693,15.098083308957143,-2.711135765419616,1.9743789113690267,0.20174890693316677,0.8145799109442288,0.19925046845721425,0.7288387997261071,0.16204815775274747,0.9007911721840516,0.9006246096189883,0.9922603081297001,0.9668510752208439,-0.4574747027776417,0.864211922353457,0.1970643347907558,3.3394753279200495,0.2864443717055354,2.3161437580179394,0.3928794503435353,6.6789506558401,2.106191458729404,0.5440319545755483,3.985332510315089,83.20979020979021,0.19396221494123592,3.90656429817269,175.80652680652682,0.5284800669416054,11.811188811188812,52.71095571095571,639.2331002331002,5.628164983164983,0.11897047397047397,0.03590699020262512,0.47088114964107025,0.004167996141375771,152.37962962962962,0.35273062414266115,0.7060185185185185,11.268518518518519,28.23611111111111,349.81944444444446,2.783148148148148,0.14167116769547328,4.761348005775831,67.0,0.1550925925925926,0.2517482517482518,12.45756172839506,0.36386284604060165,4.159052839299828,0.05011855638437069,1.75,0.21875,1.734375,13.125,8767.625,109576.375,784.9700694444444,0.20965277777777777,1.75,0.21875,0.3771189883238665,7.388662553540064,0.025216272286417356,2.75,0.018648018648018648,5891.984375,1.2984332831493253,0.03868831205222085,1.7280792124696023,0.008726315191260497,0.37513534312015073,0.8644501844984877,25.161472593055212,26.30589287593181,428.5,21.750839625320218,79.25483399593908,0.18495877245259995,429.0,1.0800538653190164,0.9258797474000329,0.34263935900720954,41.71351084083975,0.8644501844984877,21.750839625320218,25.161472593055212,23.0,26.0,26.30589287593181,26.30589287593181,428.5,21.750839625320218,1.0800538653190164,0.9258797474000329,79.25483399593908,0.18495877245259995,429.0
"ytma10_010704_benign1_ccd.tif","317a048e-df3e-454e-9786-a619ab76460a","Detection","Unclassified",842.1801147460938,493.7301330566406,422.0,,,139.0,176.0,1.0677443E7,1.3357398990003195,20.0,2.3684680273519687,191.0,158.45734597156397,11.531558141101966,157.0,126.0,65.0,8.586764705882352,159.06601657906617,0.0709689059831813,13.902055171082788,1.0677443E7,0.44939466768491276,193.2671379798297,3.816274634456453,4.577164955803388,0.09988163372219483,1.301769489829364,0.16719643992371266,0.7723617184888457,0.16719643992371266,0.6512510606284139,0.139241790400549,0.9164017800381438,0.9164017800381438,0.9832803560076286,0.9582008900190719,-0.4495734676551561,0.8324271438528129,0.16719643992371266,1.8795295613477432,0.3428511325696785,2.0359096074529193,0.5346471710108074,3.7590591226954864,1.8687131675292064,0.36724148243826915,3.7153867809150727,92.80568720379146,0.2199186900563779,3.274050448103142,189.64454976303318,0.3809269782799129,3.8412322274881516,55.23696682464455,215.77488151658767,22.09827540810953,0.4345050026329647,0.027012184700982385,0.11228532643090587,0.012073483141330568,141.47619047619048,0.3742756361803981,0.5082514487276394,3.753968253968254,33.55026455026455,131.75132275132276,12.233392122281012,0.5055114638447972,4.642271220176981,47.285714285714285,0.12509448223733938,0.22393364928909953,13.608605582150554,0.26533641382083006,1.1129420043914509,0.13098680773765792,2.7142857142857144,0.3877551020408163,0.8571428571428571,4.857142857142857,10896.0,41200.42857142857,3718.781746031746,0.5119047619047619,1.0,0.14285714285714285,0.05855647428657681,0.471718725329151,0.01264862757531599,2.8073549220576046,0.016587677725118485,7261.632653061226,7.608324222546161,0.03537344692326453,0.4671890348618556,0.020995687494700536,0.09175945380954069,0.7903706912197159,26.13838619742475,26.92582403567252,421.5,20.659014366226483,78.76955262170048,0.18687912840261087,422.0,1.082317442078978,0.9239433470453383,0.3401614345002267,41.1123587883597,0.7903706912197159,20.659014366226483,26.13838619742475,22.0,25.0,26.92582403567252,26.92582403567252,421.5,20.659014366226483,1.082317442078978,0.9239433470453383,78.76955262170048,0.18687912840261087,422.0
"ytma10_010704_benign1_ccd.tif","3a142088-09be-4475-9819-b88b09e2946c","Detection","Unclassified",790.1698608398438,584.8684692382812,418.0,,,91.7,147.0,6984534.0,1.5696336011674408,19.75,4.364148953894039,162.0,127.52631578947368,15.376227650466003,133.0,64.0,98.0,8.862171895499712,129.26488882621447,-1.360399525865287,21.12936971177853,6984534.0,0.4638973466724663,446.45026441702396,13.593329057087876,41.88219818435758,-7.40739078949578,3.0436115320383084,0.23540731237973062,0.8564160051837026,0.222578576010263,0.7947674928740296,0.1858660898809742,0.890848834723113,0.8899935856318152,0.9910479580360804,0.9632090167689911,-0.456076935341607,0.8738673293642867,0.21135343168697884,3.5904425914047464,0.35409390157750675,2.4414523984659415,0.5785760102629891,7.180885182809493,2.1887059736815595,0.8197547111045098,3.8850202595749908,85.88516746411483,0.20546690780888716,4.292346786932534,193.9090909090909,0.7955003319521075,13.897129186602871,51.17224880382775,745.2224880382776,5.706319112174374,0.12563596491228066,0.03554755018257525,0.5044653021141116,0.004419321830175352,127.98666666666666,0.28441481481481484,1.0880444444444446,12.784444444444444,27.61777777777778,415.19555555555553,2.538258024691358,0.14874691358024691,4.764443462861279,83.90222222222222,0.18644938271604938,0.26913875598086123,13.812424691358029,0.41330083629868564,5.150878686901421,0.05626790877114539,2.111111111111111,0.2345679012345679,1.8024691358024694,14.444444444444445,8809.555555555555,136369.88888888888,629.8258333333333,0.19080246913580248,1.0,0.1111111111111111,0.15501874191030648,3.4178106172893252,0.008023951395450611,3.169925001442312,0.0215311004784689,6652.469135802468,1.1784462458228906,0.03889301993688191,1.724810886416838,0.014401791296764528,0.4201421654866963,0.9360918375328279,23.912125368487562,24.73863375370596,417.5,22.38394537550287,77.59797974644665,0.1858634245423872,418.0,1.0713151405097718,0.9334321547291515,0.34459257990182385,42.190443368014165,0.9360918375328279,22.38394537550287,23.912125368487562,23.0,24.0,24.73863375370596,24.73863375370596,417.5,22.38394537550287,1.0713151405097718,0.9334321547291515,77.59797974644665,0.1858634245423872,418.0
"ytma10_010704_benign1_ccd.tif","3855c020-4e89-47b2-9edc-53b5904a8391","Detection","Unclassified",836.4950561523438,555.0678100585938,414.0,,,128.0,163.0,8676297.0,1.240613460036878,20.0,4.742220985903138,208.0,144.03140096618358,11.456696772386751,141.0,119.0,89.0,8.408582341806373,144.7661532625454,1.0955530183797961,14.566903107841268,8676297.0,0.5182034586571448,212.1946661532356,5.78988326848249,7.802635062018113,1.77027462400664,1.324695386085415,0.17963683527885865,0.7611739844062549,0.17833981841763946,0.6811858892873508,0.14783174444562203,0.9110462602680502,0.9109597924773023,0.9931012120398945,0.9703075782842319,-0.4193237376043494,0.8064423158969333,0.17720492866407267,2.3459792477302206,0.3957322930282399,1.980578075616118,0.5862516212710766,4.69195849546044,1.7965297980258692,0.37608305534106834,3.567323228239523,85.68599033816425,0.2069709911549861,3.6702140073280596,214.53623188405797,0.3686667133422017,5.768115942028985,54.44444444444444,295.4782608695652,11.739769189479334,0.22533413848631242,0.03748166953308431,0.27316394045093434,0.010515340898217899,143.34536082474227,0.36944680624933574,0.6888085875225847,6.608247422680412,29.54639175257732,156.68041237113403,6.497988258877433,0.25301260022909505,4.698411129586119,50.628865979381445,0.1304867679880965,0.23429951690821257,11.330215750876821,0.31458984307976645,2.538167148316544,0.10128903433664016,3.3333333333333335,0.2777777777777778,1.5208333333333333,9.083333333333334,7287.0,33908.166666666664,1694.9913425925924,0.33087962962962963,2.5,0.20833333333333334,0.4072950220484834,3.8314218889247456,0.12351501955152287,3.2516291673878226,0.028985507246376812,6096.75,1.8509665210323105,0.03977008008222993,1.7091867683629502,0.005917261887112281,0.425302872508064,0.6487714397943857,28.52789819474694,28.30194339616981,413.5,18.508085586113626,78.66904755831214,0.1902516265013595,414.0,1.0913428394052724,0.9163023423005646,0.3343449278868797,39.71839811049139,0.6487714397943857,18.508085586113626,28.52789819474694,25.0,24.0,28.30194339616981,28.30194339616981,413.5,18.508085586113626,1.0913428394052724,0.9163023423005646,78.66904755831214,0.1902516265013595,414.0
"ytma10_010704_benign1_ccd.tif","428163cf-5cd5-49fe-849c-65280390b117","Detection","Unclassified",791.8408203125,560.6961059570312,414.0,,,97.0,142.0,6239924.0,1.6105479133909975,24.0,3.387218357180503,155.0,121.3623188405797,14.719526710074918,124.5,68.0,87.0,10.133804119081798,122.76921516909977,-0.8210822112927183,18.532883177589675,6239924.0,0.38569161474013397,343.46775887418636,11.948734587929916,18.83550259063789,-2.916200226180124,2.2484299996504795,0.2550292018170019,0.7962585516332691,0.2459441920830629,0.8298916235641018,0.19454065619761132,0.8785420722474583,0.8779364049318624,0.9902634790526667,0.9592256110750593,-0.4108226787451316,0.8588528017702439,0.2379948085658663,3.3838416612589226,0.24862118322418886,2.58786499304781,0.3867618429591175,6.767683322517846,2.3126329879069365,0.6258648003668704,4.188938339760856,72.09178743961353,0.1741347522695979,3.4891596069919957,159.67632850241546,0.605854278979673,12.123188405797102,47.67632850241546,592.8381642512078,5.179928878153517,0.11942028985507244,0.03580649147742833,0.4842559554238585,0.004143674059310062,164.33059548254622,0.33743448764383205,0.7526869025884497,11.722792607802875,18.817248459958932,236.6776180698152,1.9196680355920601,0.13497832534793525,4.576815086347515,81.88295687885011,0.16813748845759774,0.2940821256038647,7.254455683499954,0.3370844801820551,3.9738487397178797,0.04512978916940268,1.8571428571428572,0.2653061224489796,2.2448979591836737,15.0,9438.285714285714,122561.0,818.0814285714285,0.22051587301587303,1.2857142857142858,0.1836734693877551,0.28903230575871686,7.188952387155296,0.012957681355911386,2.5216406363433186,0.016908212560386472,5940.408163265306,1.3949179178998532,0.037492629716186526,1.898677958091818,0.011567956097380453,0.3492666317443688,0.7021858780379605,27.446239810522886,27.892651361962706,413.5,19.27236200019244,78.7695526217005,0.19049468590495888,414.0,1.0927371041721308,0.9151331973463194,0.33370522696522825,39.56655737750148,0.7021858780379605,19.27236200019244,27.446239810522886,27.0,20.0,27.892651361962706,27.892651361962706,413.5,19.27236200019244,1.0927371041721308,0.9151331973463194,78.7695526217005,0.19049468590495888,414.0
"ytma10_010704_benign1_ccd.tif","f0103841-7ee1-4ba9-a657-11b02e619867","Detection","Unclassified",293.0244140625,44.64448547363281,410.0,,,92.0,130.0,5030793.0,1.4819013142093107,22.75,2.459259130293041,154.0,109.83658536585367,11.952349791790635,108.0,81.0,73.0,9.395788263926475,110.77105591835935,0.432857838871234,14.357971459709571,5030793.0,0.39120761451516955,206.1513444378346,3.8150594451783357,5.463277280107288,0.24908781699047244,1.5264109177400185,0.2569352708058124,0.7118503715587365,0.24108322324966971,0.8333803723986647,0.1988141502733623,0.8821003963011889,0.8810435931307793,0.9851659025565311,0.9523117569352706,-0.3516479506138816,0.797579207280026,0.2272126816380449,1.8702113606340818,0.26213530605585206,2.369454234464675,0.4299867899603699,3.740422721268164,2.079091259197064,0.4458365471364577,4.129086263483851,66.78048780487805,0.16287923854848305,4.564759071980964,160.39512195121952,0.4754848304580607,4.197560975609756,48.96585365853659,179.27073170731708,22.849068428184285,0.42698170731707324,0.05266819259320711,0.3387560295798536,0.014720978184759797,171.22964509394572,0.3574731630353773,0.5552015550838778,5.215031315240084,20.488517745302715,74.2964509394572,9.458536302482022,0.35247042449547666,4.289246960915211,89.52609603340292,0.18690207940167625,0.2920731707317073,8.766114164425714,0.4184195037548569,2.7633918142734157,0.10245991528228279,7.9411764705882355,0.4671280276816609,0.5813148788927336,7.588235294117647,3584.470588235294,13094.64705882353,1405.327205882353,0.23733660130718956,4.176470588235294,0.24567474048442905,0.47712549159808887,3.9999664633906926,0.07957073077877491,3.219528282299548,0.041463414634146344,3002.8096885813147,5.193380868248359,0.02789634127820161,1.5987469505915508,0.019822222562633274,0.16001155170876105,0.4384698243675119,34.616866274632585,35.17101079013795,409.5,15.178451275591796,86.42640687119291,0.21105349663294973,410.0,1.2047989289352932,0.8300140180932278,0.28754729269965784,29.377904327567503,0.4384698243675119,15.178451275591796,34.616866274632585,18.0,34.0,35.17101079013795,35.17101079013795,409.5,15.178451275591796,1.2047989289352932,0.8300140180932278,86.42640687119291,0.21105349663294973,410.0
"ytma10_010704_benign1_ccd.tif","2682a028-bca2-45e9-8232-e5c82d17b672","Detection","Unclassified",409.35333251953125,461.439208984375,409.0,,,119.0,162.0,7797208.0,1.6124371737164709,21.0,3.2400065359296693,189.0,136.93887530562347,13.741847549930942,133.0,92.0,97.0,9.227170252188268,138.07272808056197,0.30354968935339066,17.65850134183838,7797208.0,0.4080499279655191,311.82266963970784,9.547900262467191,14.522126762781447,-0.12070869787335825,1.9609963247704272,0.2513123359580053,0.7728053590177988,0.2473753280839895,0.8204497334677449,0.1901177830133438,0.8769685039370075,0.8767060367454065,0.9903654698998166,0.9588645169353829,-0.3993287386527482,0.8487390962967593,0.24393044619422571,3.02001312335958,0.28074086703728973,2.5538454476702888,0.49015748031496065,6.04002624671916,2.290461519168679,0.5530771651821081,4.140943978910651,67.05867970660147,0.16395765209438012,3.6088378237815415,166.89242053789732,0.5631960593253268,9.948655256723717,47.479217603911984,467.2885085574572,6.230947432762838,0.14192135289323551,0.039726970204907106,0.45947690375163003,0.005223054980196118,149.24279835390948,0.3070839472302664,0.8034556046673103,10.24074074074074,19.386831275720166,189.46913580246914,2.4146307727480565,0.15657064471879287,4.5514499545869755,84.63374485596708,0.17414350793408864,0.29706601466992666,8.055157580992057,0.3592871647277831,4.046207550848392,0.05317680837635056,4.571428571428571,0.32653061224489793,1.3520408163265305,10.785714285714286,4626.928571428572,44334.07142857143,515.2723214285714,0.1982936507936508,2.0,0.14285714285714285,0.25753480895891523,3.9240857601135266,0.019752317668979138,3.4677201004745006,0.034229828850855744,3773.454081632653,1.8090819114531054,0.0330915583199706,2.2009686868877076,0.01294370638266052,0.27311379546396386,0.8104392340298647,25.449541429177092,25.942243542145693,408.5,20.625306862273593,76.76955262170048,0.18793036137503177,409.0,1.071489815164469,0.9332799862838681,0.342636487988189,41.71281179808154,0.8104392340298647,20.625306862273593,25.449541429177092,23.0,23.0,25.942243542145693,25.942243542145693,408.5,20.625306862273593,1.071489815164469,0.9332799862838681,76.76955262170048,0.18793036137503177,409.0
"ytma10_010704_benign1_ccd.tif","fdf9ae76-4b33-44d0-a207-a90e2ec20ede","Detection","Unclassified",853.1890869140625,525.4532470703125,408.0,,,101.0,138.0,6136931.0,1.4536473624763584,18.25,4.758634294457809,150.0,121.56127450980392,12.170607458669787,125.0,66.0,84.0,7.5729159930156005,122.64378316498399,-1.3105967715090323,16.258969480619108,6136931.0,0.41838475586312956,264.3540885717035,11.868421052631579,16.342963995762183,-3.265141075480204,1.9592689577562334,0.27039473684210524,0.7574569317362317,0.25855263157894737,0.8559265969565953,0.20354527354570637,0.8726973684210524,0.8719078947368419,0.9896944366885383,0.9571898496240601,-0.3594679233086931,0.8086367338173823,0.24819078947368423,3.383223684210526,0.2660803324099723,2.4211037237075463,0.4151315789473684,6.766447368421052,2.1258612560791383,0.5574159236495846,4.066716435898872,65.16666666666667,0.1597222222222222,4.000192233756247,170.70098039215685,0.5379121011149559,12.061274509803921,47.14705882352941,597.6446078431372,4.912288262527234,0.11803444989106754,0.03745953628364925,0.4632108059273091,0.004508203227171357,185.80241935483872,0.37460165192507805,0.6320523868366285,11.20766129032258,19.54032258064516,255.86693548387098,1.8674820788530466,0.13726534498207885,4.368163882301673,98.10483870967742,0.19779201352757544,0.30392156862745096,8.714099895941725,0.42245137421644885,4.7341480677636065,0.05635088655245009,2.8,0.28,1.1600000000000001,11.4,5475.2,77331.5,431.2435833333333,0.19219444444444445,1.0,0.1,0.1345356200352871,3.0052821799428933,0.007331770747263551,3.321928094887362,0.024509803921568627,3810.559999999999,1.6623209526049363,0.028861708272569675,2.3681322977972807,0.011806536526076774,0.3007919198680629,0.734314401695318,26.620976364666372,26.92582403567252,407.5,19.54816633176519,77.01219330881976,0.18898697744495646,408.0,1.0761944641260475,0.929200096575554,0.34018365133722084,41.117729276068424,0.734314401695318,19.54816633176519,26.620976364666372,22.0,25.0,26.92582403567252,26.92582403567252,407.5,19.54816633176519,1.0761944641260475,0.929200096575554,77.01219330881976,0.18898697744495646,408.0
"ytma10_010704_benign1_ccd.tif","a5116d9a-004a-44d9-98f4-837d9696f292","Detection","Unclassified",92.54339599609375,468.49285888671875,398.0,,,86.7,135.0,4949091.0,1.632587632306101,30.0,2.1374819965860903,159.0,109.96733668341709,15.7755612232014,109.0,70.0,89.0,12.206209178870553,111.51189178760376,0.13128597052323088,18.495590631451652,4949091.0,0.3392464836746546,342.08687280624207,8.908412483039347,8.809452869517152,0.42870928874452496,2.159302169306422,0.28222523744911804,0.7688125583450589,0.2754409769335142,0.8707094582689434,0.20635750567502928,0.8634102216191768,0.8629579375848032,0.9891991693329829,0.9542547005233573,-0.3737850928711345,0.8387704817365128,0.26950474898236093,2.9050203527815466,0.19881910602409195,2.644834741499751,0.2835820895522388,5.810040705563094,2.346202718307422,0.6103818516888851,4.332342465088936,60.095477386934675,0.15099366177621779,3.8312921390873966,135.02010050251258,0.614536249084619,9.153266331658292,44.688442211055275,392.5603015075377,6.8297654941373525,0.14872138470128418,0.04812875673720074,0.5843097051774367,0.006389371240888873,176.04816955684007,0.33920649240238937,0.6353035517391159,9.77456647398844,14.292870905587668,127.14065510597302,2.173117105544851,0.14368015414258187,4.316200025476416,96.90366088631984,0.18671225604300548,0.3260050251256281,4.883698827966931,0.39793524907629174,4.450248235712841,0.05371953178250427,2.8333333333333335,0.2361111111111111,1.5208333333333333,12.083333333333334,2647.6666666666665,26217.25,342.5112962962963,0.19185185185185186,2.6666666666666665,0.2222222222222222,0.43842473767171675,8.191487999908686,0.043349446884928595,3.0220552088742,0.03015075376884422,1547.638888888889,2.4352857491970394,0.02995427296377784,2.627514209812802,0.015752913977716783,0.2568649030517645,0.5743638636744717,29.948694616247224,30.265491900843113,397.5,17.201447951794602,80.76955262170051,0.20319384307346042,398.0,1.1428103865174213,0.8750357992872125,0.30895176499361543,33.91435855571931,0.5743638636744717,17.201447951794602,29.948694616247224,30.0,18.0,30.265491900843113,30.265491900843113,397.5,17.201447951794602,1.1428103865174213,0.8750357992872125,80.76955262170051,0.20319384307346042,398.0
"ytma10_010704_benign1_ccd.tif","904d3eef-2784-4a46-843d-7f4df68b8083","Detection","Unclassified",353.3084716796875,35.254695892333984,391.0,,,81.0,124.0,4489638.0,1.4841497037480678,22.0,2.793750793733809,149.0,105.83120204603581,13.38608460174905,108.0,60.0,89.0,9.378284730011215,107.15619500466242,-0.49716433589794456,16.79901191643082,4489638.0,0.4421412732779089,282.2068013683847,7.69442532690984,9.620928726925062,-1.5336002647530063,1.7200049829268442,0.19752236751548524,0.7939822162433081,0.19614590502408813,0.7193499549357122,0.15904915145776663,0.9021564579031887,0.9020646937370955,0.9884053277195254,0.9608167010782289,-0.45147309058456575,0.8538277326696804,0.19494150034411561,2.7044046799724706,0.34687991572601296,2.2392671762729686,0.5547143840330351,5.408809359944941,2.037332309875087,0.4793818376105824,3.746525693400506,81.84398976982096,0.20931966693048842,3.8205532407558818,172.87723785166241,0.49582354903487014,7.984654731457801,52.53452685421995,422.6291560102302,8.69071469167377,0.19195794259732882,0.03633297683002347,0.3483098613841672,0.0066875076682354805,115.52658227848102,0.2924723601986861,0.8418266303477006,8.00253164556962,29.90886075949367,249.18481012658228,4.415646976090014,0.24092827004219414,4.70124107608403,64.66075949367088,0.16369812530043262,0.25255754475703324,14.231270629706781,0.355948700819363,3.105175314103978,0.09032652341559011,4.0,0.3333333333333333,1.3333333333333333,10.333333333333334,5422.25,45597.833333333336,711.386574074074,0.25810185185185186,1.6666666666666667,0.1388888888888889,0.27833413580311156,3.808063759262265,0.023437001731885437,3.418295834054489,0.030690537084398978,4360.576388888889,2.1687735404896427,0.04244026071996484,1.007262172802645,0.01533006181091503,0.19872360765049626,0.7449686797890217,25.861569023570645,26.68332812825267,390.5,19.266058932762082,76.18376618407358,0.19509287114999635,391.0,1.0875443770899271,0.9195027081798904,0.33132365544686243,39.0038191979908,0.7449686797890217,19.266058932762082,25.861569023570645,26.0,20.0,26.68332812825267,26.68332812825267,390.5,19.266058932762082,1.0875443770899271,0.9195027081798904,76.18376618407358,0.19509287114999635,391.0
"ytma10_010704_benign1_ccd.tif","802282ef-e700-44ef-8fdb-bca050410516","Detection","Unclassified",263.1315002441406,315.11065673828125,388.0,,,111.0,134.0,5906540.0,1.101448830879356,13.0,3.6961177895812214,149.0,122.97938144329896,7.635295993198028,123.0,90.0,59.0,5.222143111427567,123.38168922945334,-0.2389017271592876,9.955550056977023,5906540.0,0.48978371771707946,99.1129769369752,5.897222222222222,1.6580745795355902,0.06281872106481445,0.9276215277777777,0.17916666666666664,0.676240372700036,0.17916666666666664,0.6782506252539505,0.14706597222222217,0.9104166666666667,0.9104166666666667,0.9820833333333334,0.9552083333333332,-0.3507052374363335,0.7331396968535968,0.17916666666666664,2.3895833333333334,0.35391203703703705,1.8131515948354653,0.48194444444444445,4.779166666666667,1.6339849281687986,0.2766970486111111,3.5926598133680017,81.81958762886597,0.21087522584759272,3.800669571686683,190.03608247422682,0.27840365607397166,6.097938144329897,54.108247422680414,321.4226804123711,10.890750286368844,0.20375143184421535,0.038354584125555535,0.27673092311093966,0.00680189892341477,172.2108108108108,0.4654346238130022,0.33072315558802035,6.486486486486487,30.08108108108108,170.25405405405405,6.245045045045047,0.20795795795795796,4.343643759428135,50.77837837837838,0.13723886048210374,0.23840206185567012,12.486457268078887,0.3264929951789239,2.3249157721503293,0.06624468001363878,6.2727272727272725,0.5702479338842975,0.4132231404958678,7.363636363636363,6164.181818181818,35575.63636363636,1240.712121212121,0.21717171717171715,2.272727272727273,0.2066115702479339,0.41206317291321476,3.675534031458355,0.04793928105786654,2.5503407095463886,0.028350515463917526,4920.016528925619,6.310381723539617,0.03111638628312704,0.6681160647622768,0.016619766614129936,0.0962875188125034,0.656053376235954,27.460252992381307,27.730849247724095,387.5,18.01539168794522,77.01219330881975,0.19874114402276064,388.0,1.103617826301837,0.906110771471448,0.32348752121024077,37.18067845449752,0.656053376235954,18.01539168794522,27.460252992381307,26.0,21.0,27.730849247724095,27.730849247724095,387.5,18.01539168794522,1.103617826301837,0.906110771471448,77.01219330881975,0.19874114402276064,388.0
"ytma10_010704_benign1_ccd.tif","bcc0b70b-f952-4f69-9622-f63b13adcff6","Detection","Unclassified",300.47772216796875,171.27130126953125,380.0,,,96.9,146.0,5511316.0,1.621384768289578,21.0,3.301568717165699,175.0,118.96842105263158,14.458836565096949,116.0,76.0,99.0,9.534770223058317,120.43032490986121,0.5954111123465318,18.70769761725115,5511316.0,0.3984349030470914,349.9779501385043,5.0850144092219,9.53822825507056,0.8927702290952523,1.6730284903952362,0.35086455331412103,0.6532775737288348,0.3090778097982708,0.9744867816916044,0.25533546080442493,0.8524255523535063,0.8496397694524497,0.9868377299933495,0.9494819541649514,-0.2991362637023899,0.7699647955125546,0.27251440922190195,2.180475504322766,0.2867492255562293,2.55457771665683,0.5021613832853026,4.360951008645533,2.1682293746567667,0.5059732609273394,3.991010541314061,58.305263157894736,0.15343490304709143,6.096842105263157,151.40526315789472,0.602292243767313,5.807894736842106,44.536842105263155,189.68684210526317,14.880386695906434,0.28908552631578954,0.07041623693824509,0.7757651585975521,0.010772525760222869,163.84586466165413,0.3079809486121318,0.7835095256939342,8.191729323308271,16.101503759398497,72.72556390977444,4.956702172096909,0.21864609440267332,3.913587801608585,156.16165413533835,0.29353694386341794,0.35,7.938238453276045,0.5577552245639976,5.909872610581714,0.07458055102895439,9.173913043478262,0.3988657844990548,0.6843100189035917,12.782608695652174,2206.8695652173915,9087.0,601.4839251207729,0.12734299516908212,4.043478260869565,0.17580340264650285,0.3970005644944098,6.372568477497806,0.026427703676016944,3.4357554339416274,0.060526315789473685,1933.9017013232515,2.8214241622574945,0.031176795087974832,2.704929317402041,0.017010416061361854,0.29056512786441935,0.32718322635040326,39.019066863177734,38.01315561749642,379.5,12.766384185476598,90.66904755831216,0.23891712136577645,380.0,1.3129501330681748,0.7616435497539762,0.24799804850857293,21.852381453832486,0.32718322635040326,12.766384185476598,39.019066863177734,21.0,34.0,38.01315561749642,38.01315561749642,379.5,12.766384185476598,1.3129501330681748,0.7616435497539762,90.66904755831216,0.23891712136577645,380.0
"ytma10_010704_benign1_ccd.tif","fd0d3557-6b2a-4bdf-84c0-031b906c99f0","Detection","Unclassified",880.6107177734375,654.1268310546875,378.0,,,105.0,154.0,6758546.0,1.7081582954301746,24.75,2.9338698104400316,182.0,132.4126984126984,14.777105904090067,134.0,84.0,98.0,10.523654916512081,133.71518733020315,-0.2805887664600718,18.617965028947122,6758546.0,0.37198006774726355,346.62862181909804,8.181623931623934,15.617033844619879,-1.1026573484043944,2.257958031996494,0.2770655270655271,0.7814098996633837,0.26709401709401714,0.8655348163131491,0.20572631309810802,0.8681149097815763,0.8674501424501424,0.9894229824601176,0.9557217473884141,-0.3919257098533386,0.8565644847387992,0.2583689458689459,2.772435897435898,0.24173048514216605,2.7144310239125584,0.4408831908831909,5.544871794871795,2.410627358737555,0.6337558897655052,4.31911958984179,59.81481481481482,0.15824025083284343,4.3448951597099725,140.60846560846562,0.6478891968309957,8.526455026455027,46.354497354497354,390.1296296296296,8.296420487948266,0.19253453850676072,0.042576505616944024,0.4286685119864132,0.007202844707787528,139.7983193277311,0.2936939481675023,0.8792590565638018,8.86344537815126,18.483193277310924,159.47899159663865,2.9293043884220347,0.20725198412698417,4.569059375928449,98.34453781512605,0.20660617188051691,0.3148148148148148,8.393227879387048,0.4432570647069711,4.4190519118876725,0.07766028297308454,3.3076923076923075,0.25443786982248523,1.4556213017751476,10.923076923076923,3710.153846153846,32254.53846153846,488.7249786324786,0.24506410256410258,1.9230769230769231,0.14792899408284024,0.16942641917127213,2.1239806474462055,0.0164238117801964,3.085055102756477,0.03439153439153439,2864.6863905325445,1.8160645372476052,0.037652384722182033,2.2061274761402836,0.015039264692752751,0.30602476840859577,0.7862882960975891,24.78314965849696,25.632011235952593,377.5,19.48670051691112,74.18376618407355,0.19651328790483058,378.0,1.0770738154264985,0.9284414732559636,0.333333300649859,39.47840986260672,0.7862882960975891,19.48670051691112,24.78314965849696,24.0,21.0,25.632011235952593,25.632011235952593,377.5,19.48670051691112,1.0770738154264985,0.9284414732559636,74.18376618407355,0.19651328790483058,378.0
"ytma10_010704_benign1_ccd.tif","696fc56d-f477-4a65-b7f8-0ee232c07fa8","Detection","Unclassified",407.2809143066406,318.4598388671875,374.0,,,126.30000000000001,166.0,8100032.0,1.5249792899287773,25.0,2.399825167684614,184.0,146.27272727272728,13.551774428779785,147.0,106.0,78.0,10.113733333333341,147.166027235203,-0.08430397672601186,16.190393089448463,8100032.0,0.3927335640138408,262.1288283908605,5.822638788752704,6.734732323805597,-0.3953252615344932,1.6457828356730977,0.20259552992069213,0.7807856511503709,0.20115356885364094,0.729684308787221,0.16213277165813564,0.8996635424176882,0.8995674116798845,0.9881080622587897,0.9598173515981738,-0.43649637223487303,0.851819048205837,0.19989185291997114,2.3370583994232152,0.27819140447735663,2.315997376197575,0.4030281182408075,4.674116798846431,2.1081852024199437,0.4620945913984475,3.9752710646312446,69.9572192513369,0.18705138837255855,4.166290142697818,146.88235294117646,0.4898981955446253,6.216577540106952,52.19786096256684,300.2967914438503,13.59493835412953,0.25410353535353536,0.04582876795499345,0.4138834279503047,0.010127692526224856,132.4935400516796,0.34236056860899117,0.6606574124151192,7.364341085271318,24.899224806201552,146.96124031007753,5.998169681309216,0.23686477174849271,4.483733969042241,59.423772609819125,0.1535498000253724,0.2586898395721925,9.956105736167034,0.34469258467836056,3.4641433122700875,0.0581485323418515,3.5454545454545454,0.32231404958677684,1.2727272727272727,10.272727272727273,4921.818181818182,30091.363636363636,1008.241792929293,0.26325757575757575,3.727272727272727,0.33884297520661155,0.5537520520082717,6.222352944893013,0.1287541867277428,2.845350936622437,0.029411764705882353,3765.818181818182,3.2662918732161637,0.03612079910024534,1.2030396545931177,0.0174124169180113,0.17566434254099816,0.668225388047474,26.708753740005648,26.627053911388696,373.5,17.847467332179697,75.25483399593904,0.20148549931978324,374.0,1.0984597979434125,0.9103655881373597,0.3227855366770044,37.01948557967398,0.668225388047474,17.847467332179697,26.708753740005648,24.0,23.0,26.627053911388696,26.627053911388696,373.5,17.847467332179697,1.0984597979434125,0.9103655881373597,75.25483399593904,0.20148549931978324,374.0
"ytma10_010704_benign1_ccd.tif","5bae2de7-d452-4985-92af-3434d84d82b2","Detection","Unclassified",186.39004516601562,49.95827865600586,373.0,,,96.0,133.0,4822240.0,1.4239636414081587,17.0,4.018801333777256,165.0,112.73458445040214,11.204896175491793,112.0,86.0,79.0,7.416136284829027,113.7024950150794,0.9178215247902579,14.804419659321415,4822240.0,0.4576112816163417,219.17084144930237,4.010174418604651,5.241210966350115,0.2871144600475427,1.1956462952947537,0.2834302325581396,0.6167470347601526,0.26598837209302323,0.8775419788170107,0.21268041846944297,0.8699127906976745,0.86875,0.9836354309165529,0.9473837209302325,-0.2704928609915852,0.7110935741417354,0.2507267441860465,1.944767441860465,0.33726423066522443,2.252318094447307,0.5486918604651163,3.8895348837209296,1.9451361711130097,0.36976913196322336,3.7668869353081242,59.0053619302949,0.15819131884797563,5.236190873218381,170.68900804289544,0.44177705582588817,4.538873994638069,47.22520107238606,172.92493297587131,18.166126750074472,0.36187444146559433,0.060510684936272194,0.5476122599273052,0.013601036066546566,150.72765957446808,0.32069714803078314,0.7118198279764598,6.159574468085107,18.017021276595745,68.76170212765958,6.731117021276597,0.31545508274231676,4.051721767233591,106.11063829787234,0.22576731552738796,0.31501340482573725,7.939773653236758,0.47805280382001974,4.010246099328261,0.11200490678824446,6.0588235294117645,0.356401384083045,0.9273356401384083,10.647058823529411,3597.9411764705883,14030.64705882353,1085.8410947712418,0.20383986928104575,4.764705882352941,0.28027681660899656,0.5280275170661831,7.150830306828994,0.05427883299213018,2.9398290174664026,0.045576407506702415,3116.5259515570933,4.3844197587031974,0.03010402375654442,1.4978786265880062,0.019274049188387925,0.15716683390692304,0.48349528821002336,31.372700499404473,31.016124838541646,372.5,15.168552869886307,79.35533905932738,0.2130344672733621,373.0,1.1598667029275314,0.862168038340937,0.2972946633381374,31.403385671133854,0.48349528821002336,15.168552869886307,31.372700499404473,29.0,18.0,31.016124838541646,31.016124838541646,372.5,15.168552869886307,1.1598667029275314,0.862168038340937,79.35533905932738,0.2130344672733621,373.0
"ytma10_010704_benign1_ccd.tif","df60cb2d-6cb5-4112-8d9d-b3f314e11450","Detection","Unclassified",814.6082763671875,741.2099609375,370.0,,,81.9,151.10000000000002,4831130.0,2.055064367565509,37.0,2.6871993506438203,191.0,111.15675675675676,21.562571219868584,107.0,66.0,125.0,15.58628560993426,114.26770369666185,0.6632225113527707,26.481758541065958,4831130.0,0.27905040175310447,701.2835354273199,8.69411764705882,33.465249138454936,3.744070672673263,3.396236483564014,0.5007352941176472,0.7430131277904515,0.4125,1.1454601594099383,0.3305790441176471,0.8079044117647057,0.8025735294117644,0.9868660572337045,0.9426207983193279,-0.3302949061748324,0.8496446943519764,0.3405024509803921,2.8231617647058824,0.17077205882352944,3.2347193611063663,0.31985294117647056,5.646323529411764,2.706826563489754,0.9742429444204154,4.427095092362847,49.03243243243243,0.1325200876552228,6.163593864134405,103.24864864864865,1.1690357925493065,9.95945945945946,37.82702702702703,249.46216216216217,8.026633633633631,0.17506306306306305,0.08550360862563244,1.5509606655975705,0.007735054061525623,145.78846153846155,0.2336353550295858,1.342637964332676,13.716346153846153,11.256410256410257,81.98397435897436,2.230412215099715,0.1326896367521368,4.012389370006535,226.32692307692307,0.3627034023668639,0.42162162162162165,5.6309993425378035,0.6239785641337148,10.656953976513805,0.053650697637054205,9.466666666666667,0.31555555555555553,1.1733333333333333,20.533333333333335,1075.9333333333334,6897.433333333333,207.35022222222224,0.09001851851851853,4.8,0.16,0.3623884834121228,8.965316137937721,0.016025703802668476,3.986569246460625,0.08108108108108109,923.8222222222222,1.911938025899065,0.038079676700114216,4.272730848567473,0.025038479795176184,0.4413624949823885,0.4448501399433176,32.69396568611607,33.24154027718932,369.5,14.54391521077076,82.42640687119291,0.22307552603841113,370.0,1.2096346400424698,0.826695902131978,0.27857359808679594,27.572881439074305,0.4448501399433176,14.54391521077076,32.69396568611607,18.0,32.0,33.24154027718932,33.24154027718932,369.5,14.54391521077076,1.2096346400424698,0.826695902131978,82.42640687119291,0.22307552603841113,370.0
"ytma10_010704_benign1_ccd.tif","065ad5e7-75b2-4dac-b281-3cc0a9681b9a","Detection","Unclassified",139.5546417236328,383.1792297363281,365.0,,,108.0,133.0,5242525.0,1.239983444651352,11.0,5.909246899675598,152.0,119.1917808219178,8.570388440607996,119.0,71.0,81.0,5.0079365079365115,119.84607708131637,-1.1332384339784216,12.506061581518304,5242525.0,0.500018765246763,156.40157628072814,10.365583456425405,5.10591900683456,-0.4112826326826362,1.0800560296206432,0.22304283604135894,0.6576731943849121,0.22304283604135894,0.7656848389282642,0.1732947293319864,0.8884785819793206,0.8884785819793206,0.9914214293830248,0.962826193993107,-0.3173192856648539,0.7315890256254898,0.22304283604135894,3.1861152141802065,0.3682420270155283,2.031493375189797,0.5672082717872969,6.372230428360414,1.8084505391484376,0.32577471641550065,3.644042043250667,66.58904109589041,0.18243572902983674,4.311608181647589,182.5068493150685,0.34007130793769935,10.756164383561643,50.06849315068493,511.1232876712329,5.3771073059360734,0.11158219178082192,0.03816481110455344,0.499490371871732,0.004247002465933665,162.0049019607843,0.39707083813917726,0.5575199442522106,11.816176470588236,24.00980392156863,239.4313725490196,2.599997276688454,0.1195200163398693,4.236992049670231,75.38235294117646,0.18476066897347174,0.27945205479452057,11.204632833525569,0.41514936646335004,5.43858490814871,0.0525399145913018,3.2222222222222223,0.35802469135802467,1.358024691358025,13.222222222222221,6540.111111111111,61506.444444444445,713.7752777777778,0.19040123456790126,1.2222222222222223,0.13580246913580246,0.23966320949002096,4.646078628891659,0.024105206642409824,3.169925001442312,0.024657534246575342,4895.358024691359,1.5415383685050075,0.032506378555120105,2.313264960813169,0.007180096558394986,0.3103617713119782,0.8827012540707981,23.005255170012475,24.698178070456937,364.5,20.30676758878872,72.76955262170044,0.19964211967544704,365.0,1.0752167135812307,0.9300450666073576,0.33128215217358553,38.994048179521414,0.8827012540707981,20.30676758878872,23.005255170012475,23.0,21.0,24.698178070456937,24.698178070456937,364.5,20.30676758878872,1.0752167135812307,0.9300450666073576,72.76955262170044,0.19964211967544704,365.0
"ytma10_010704_benign1_ccd.tif","1d848bb6-5281-40c4-a4fe-4a937c51ecb4","Detection","Unclassified",477.67584228515625,604.5385131835938,364.0,,,112.0,142.0,6073936.0,1.2444097259662426,18.25,3.275230719854124,173.0,128.53296703296704,10.319436058447048,130.0,91.0,82.0,7.345269018858679,129.17676789050483,-0.08395260487234919,12.880751078239673,6073936.0,0.48060318802077046,165.9137483395725,7.084758364312267,3.1496923366129845,-0.42598843376628437,1.1013689694725057,0.19033457249070632,0.7052968172535568,0.18884758364312268,0.7044942949113039,0.1546711626428601,0.9058240396530359,0.905724907063197,0.9888300896566805,0.962280049566295,-0.3677479259990602,0.77008398412047,0.18754646840148698,2.6185873605947956,0.3463022899075469,1.9951407935072536,0.5003717472118959,5.237174721189592,1.799554983486302,0.3229258854908031,3.6667511086432207,76.84615384615384,0.21111580726965343,3.9065934065934065,174.93956043956044,0.33156472648230884,7.3598901098901095,52.90659340659341,380.7664835164835,8.847508394383395,0.1728670634920635,0.03516597855564692,0.32617242679530095,0.0054981860886114935,147.5934065934066,0.405476391740128,0.4833957251539669,7.791208791208791,27.63186813186813,202.85714285714286,4.476495726495727,0.18332188644688646,4.460680983994181,53.137362637362635,0.14598176548726,0.25,11.631868131868131,0.3400778919535061,3.0309228652260654,0.061225973884440066,2.75,0.34375,1.25,10.25,7431.75,59274.625,1041.756076388889,0.2326388888888889,1.25,0.15625,0.2866248680342642,4.5296145967277655,0.0212362881361904,2.75,0.02197802197802198,5361.5,2.294621429684543,0.03708083952883468,1.11759983103513,0.009922940506444594,0.1963707282081171,0.5540204033558926,28.965696928653667,29.274562336608895,363.5,16.047587095897246,75.94112549695431,0.2089164387811673,364.0,1.1236211096597943,0.8899797195006207,0.30989454732333716,34.12165721228174,0.5540204033558926,16.047587095897246,28.965696928653667,16.0,29.0,29.274562336608895,29.274562336608895,363.5,16.047587095897246,1.1236211096597943,0.8899797195006207,75.94112549695431,0.2089164387811673,364.0
"ytma10_010704_benign1_ccd.tif","55280be0-155e-4057-9ebe-af16e022f70c","Detection","Unclassified",239.85179138183594,649.1209106445312,364.0,,,100.0,150.0,5490673.0,1.7191703298900232,29.0,3.103294448695489,188.0,121.16758241758242,16.494611158072686,117.0,78.0,110.0,12.32363407053737,122.81802181893536,0.708969861469944,20.066974226197022,5490673.0,0.3645845912329429,402.6834545948556,5.873692077727953,14.102835696162181,1.7434351584692123,2.0535619725579304,0.32959641255605365,0.7233952937288392,0.3206278026905829,0.9340932496828757,0.22679422469786237,0.8411808669656202,0.8405829596412555,0.9873945831499565,0.9467755712150333,-0.3234123386864484,0.8069321783917526,0.3127802690582959,2.3329596412556057,0.2372176641843235,2.729621290594535,0.4342301943198804,4.6659192825112115,2.387460971326488,0.5957895962784963,4.17865055114219,49.65934065934066,0.13642676005313367,4.416827677816688,132.7087912087912,0.6781487743026205,6.549450549450549,40.747252747252745,210.26373626373626,10.99289835164835,0.2573458485958486,0.05314895150673211,0.5458851921415696,0.010203645596839334,151.6395563770795,0.28029492860828,0.9450903885117241,8.33826247689464,13.578558225508319,74.60998151571164,3.3778404189772027,0.23893355925241316,4.138047591006812,136.1053604436229,0.25158107290873,0.3715659340659341,6.3353958746895085,0.49993967383755533,5.348021754479506,0.094126484661093,4.25,0.265625,1.609375,9.875,2723.625,13751.875,623.8247222222222,0.3223784722222222,1.75,0.109375,0.22640228642829435,3.3306757614457956,0.025426744470425977,3.702819531114783,0.04395604395604396,2206.0625,2.9428337413594465,0.031171951605178112,2.8832702550032274,0.020203847608033395,0.27765064320710137,0.4316073070388814,32.814638038677565,32.7566787083184,363.5,14.163037555329263,80.52691193458124,0.22153208235098001,364.0,1.1914721773387407,0.839297819134635,0.2838036073628215,28.61792023781491,0.4316073070388814,14.163037555329263,32.814638038677565,15.0,32.0,32.7566787083184,32.7566787083184,363.5,14.163037555329263,1.1914721773387407,0.839297819134635,80.52691193458124,0.22153208235098001,364.0
"ytma10_010704_benign1_ccd.tif","398399c8-05b7-4b6d-95fe-ac80f2414134","Detection","Unclassified",446.96942138671875,549.3609008789062,363.0,,,95.0,136.0,4702142.0,1.4800372554691261,21.0,2.975313197921931,156.0,112.73278236914601,12.466255340785834,111.0,75.0,81.0,8.801223520818136,113.81370404591065,0.48133226938373763,15.648610416292597,4702142.0,0.42790792978621683,244.87900796090113,4.140495867768595,6.73621257925728,0.5122181720188116,1.4055479884689266,0.2599549211119459,0.6878361249127276,0.2599549211119459,0.8266783402162574,0.1923783601016279,0.8700225394440272,0.8700225394440272,0.9847085340522385,0.948009015777611,-0.32153303407238754,0.7695326535822099,0.2599549211119459,1.963185574755823,0.29784466919287567,2.3410789110542702,0.5033809166040571,3.926371149511646,2.0811239899423244,0.4163757273952181,3.851365159724501,57.666666666666664,0.1588613406795225,4.13447776032299,155.3305785123967,0.4697918326768814,4.6143250688705235,45.44077134986226,171.9917355371901,17.983088460361188,0.3665442301805937,0.04450447059754419,0.31518977264918824,0.01158682668174912,155.4625267665953,0.33289620292632827,0.6630137237549808,5.942184154175589,17.13918629550321,68.11991434689507,6.34216630977873,0.3183737806328813,4.087511496260301,92.82012847965738,0.1987583050956261,0.3216253443526171,7.472013719169696,0.4176594891616708,3.3951500415405302,0.09150232505891609,4.090909090909091,0.371900826446281,0.9256198347107436,8.363636363636363,4817.727272727273,19159.363636363636,1459.1931818181818,0.2765151515151515,1.5454545454545454,0.14049586776859505,0.2900514400188602,2.6915949764699953,0.033229292445019536,3.0271691184406193,0.030303030303030304,3728.7272727272725,4.374532918944022,0.031125389220481102,1.5006402136971828,0.01968610403052932,0.16963579617142271,0.41059614446907233,33.96625980899156,33.24154027718932,362.5,13.946415319606745,82.76955262170043,0.2283298003357253,363.0,1.226342192051795,0.8154330875030064,0.27159837229533906,26.209369398795168,0.41059614446907233,13.946415319606745,33.96625980899156,32.0,17.0,33.24154027718932,33.24154027718932,362.5,13.946415319606745,1.226342192051795,0.8154330875030064,82.76955262170043,0.2283298003357253,363.0
"ytma10_010704_benign1_ccd.tif","3edfd706-b3ec-49c0-95ce-6e3be8d263d3","Detection","Unclassified",58.17108154296875,470.140625,359.0,,,77.0,109.0,3157186.0,1.1236456791508054,18.0,2.9405267161759845,131.0,92.96378830083566,9.958519874923338,93.0,69.0,62.0,7.73301800591236,93.77840888042859,0.5095107517977361,12.333857340761591,3157186.0,0.5493982821362342,152.1240369022586,5.0895410082769015,2.8511019627874674,0.673839047728406,0.8598566107343223,0.1768246802106847,0.6588639502705854,0.1768246802106847,0.6730811263884154,0.14555771267907378,0.9115876598946577,0.9115876598946577,0.9895985482229009,0.9646350639578629,-0.3296020732262245,0.7082747490981555,0.1768246802106847,2.21783295711061,0.4525285620705217,1.7648000345297468,0.6471030850263356,4.435665914221218,1.5879753543190622,0.25917032273625173,3.311721275760466,75.6016713091922,0.21058961367463008,3.9353201790799264,197.23398328690809,0.28798659228280354,5.403899721448468,54.270194986072426,260.13370473537606,12.82927112349118,0.2338672237697307,0.034124168521220515,0.2514595369510644,0.007181211955132936,132.87134502923976,0.38851270476385896,0.5129441537567113,6.83625730994152,32.44444444444444,149.11111111111111,7.767909356725146,0.22847628330084468,4.272143942291712,51.865497076023395,0.15165350022229063,0.2381615598885794,14.814267637905687,0.3532363738075489,3.091215204538004,0.07509624631766014,3.4,0.34,1.01,8.3,6518.9,27623.8,1591.848611111111,0.29305555555555557,1.6,0.16,0.1604508352142181,1.498216119208571,0.028013279775266593,3.121928094887362,0.027855153203342618,5230.089999999999,2.7636415667665664,0.037849962477628736,1.119541513123509,0.008758684938537022,0.19474158244543738,0.6211146245284722,27.176125873860894,27.459060435491963,358.5,16.879489218281606,73.59797974644664,0.20529422523416077,359.0,1.096519555024466,0.9119764398343881,0.3203431073020522,36.46137261181713,0.6211146245284722,16.879489218281606,27.176125873860894,25.0,20.0,27.459060435491963,27.459060435491963,358.5,16.879489218281606,1.096519555024466,0.9119764398343881,73.59797974644664,0.20529422523416077,359.0
"ytma10_010704_benign1_ccd.tif","e1d3d448-3f99-4836-9532-d46744550d62","Detection","Unclassified",57.45523452758789,54.63218688964844,357.0,,,117.0,160.40000000000003,6716539.0,1.6714081153589553,22.0,3.022650069872848,189.0,136.07002801120447,13.902439407135436,134.0,97.0,92.0,9.89177954912221,137.1635328135491,0.5894207437186296,17.28531778485964,6716539.0,0.35870818915801617,298.78221092358496,8.604704097116844,10.60383600255027,1.1005015968713747,1.9392403766225095,0.2738998482549317,0.7524785414172301,0.26479514415781485,0.860194947357322,0.20378337988537373,0.8691198786039454,0.8685128983308041,0.9895378416779703,0.9560842546426764,-0.37337572645548894,0.8338594590379322,0.2568285280728377,2.861532625189681,0.23785262307123728,2.588867371252887,0.3945371775417299,5.723065250379363,2.3021672737524987,0.5532850562193602,4.1984117319761385,56.05882352941177,0.1570275168891086,4.489466374785208,128.05882352941177,0.625348178487081,9.210084033613445,46.24929971988796,372.7450980392157,7.113352007469656,0.1468860877684407,0.048127488208687355,0.5984274613725561,0.006478162454723218,131.04415011037528,0.2892806845703648,0.8832653538587488,11.114790286975717,17.13907284768212,138.71081677704194,2.631417709099828,0.136518886436105,4.436117680270022,90.71302428256071,0.20024950172750708,0.3172268907563025,7.201964826104118,0.42789393749948107,5.823409913642327,0.05347228601838385,3.6666666666666665,0.24444444444444444,1.4488888888888887,13.466666666666667,2507.0,20096.133333333335,367.1537407407407,0.1602037037037037,2.2,0.14666666666666667,0.27483436894357943,3.983418946653564,0.03818856124314251,3.640223928941852,0.04201680672268908,1940.56,2.0910612494183343,0.03475706563577683,2.5056483786424786,0.015908133634809078,0.2896221803090846,0.6052875857443398,27.532275415587797,28.635642126552707,356.5,16.66494451634938,75.3553390593274,0.21137542513135318,357.0,1.1258468814218794,0.8882202513516385,0.30747765159923923,33.59149688185447,0.6052875857443398,16.66494451634938,27.532275415587797,17.0,28.0,28.635642126552707,28.635642126552707,356.5,16.66494451634938,1.1258468814218794,0.8882202513516385,75.3553390593274,0.21137542513135318,357.0
"ytma10_010704_benign1_ccd.tif","5e980f28-f77b-4089-a612-f150eab2fb96","Detection","Unclassified",198.695068359375,305.2594299316406,354.0,,,106.0,169.0,6804767.0,2.010090492200169,35.0,2.3509502964775004,183.0,136.60734463276836,19.71409875833891,134.0,80.0,103.0,14.797168359495219,138.64525108966956,-0.13252549976881936,23.684151707451292,6804767.0,0.27449008905486927,560.9390421015679,9.861937452326464,31.859635884975198,-1.683328333052031,3.6793522625254473,0.433257055682685,0.7893030812508806,0.4042715484363082,1.0540013895946654,0.26982157080759467,0.8026951436562421,0.8007627765064835,0.9835669209929445,0.9333115397188624,-0.3534988759606722,0.872381454276563,0.3789092295957285,3.0083905415713197,0.1305066383665528,3.3337642180347586,0.22654462242562928,6.016781083142639,2.855264589736546,1.0281523295520332,4.682497042796339,48.46892655367232,0.13691787162054328,4.057518592996904,97.16949152542372,0.9905598646621341,9.805084745762711,34.52542372881356,370.69209039548025,6.6972182988072815,0.19596751412429383,0.06460854594505723,0.5924525480311397,0.012429963238521328,178.3896103896104,0.28959352335975713,0.9454693034238486,9.016233766233766,8.905844155844155,98.59415584415585,1.552332251082251,0.19832927489177496,4.072284625436329,185.12662337662337,0.3005302327542587,0.4350282485875706,3.621816495193117,0.5500456072663327,4.675552362285359,0.10557951648253824,3.625,0.2265625,1.68359375,10.3125,1736.75,19048.4375,214.06661458333332,0.24621527777777777,2.25,0.140625,0.3418949191358949,3.8822529545787745,0.04768297018383956,3.702819531114783,0.04519774011299435,1247.234375,2.3281017397542816,0.03579454106766343,2.7256206738248783,0.030834073914735163,0.27148088372466056,0.7440204445665348,24.64677857088445,25.079872407968907,353.5,18.337707149442394,72.18376618407353,0.20419735837078792,354.0,1.0830285280573329,0.9233367119089059,0.32520347329708726,37.57617734748535,0.7440204445665348,18.337707149442394,24.64677857088445,23.0,21.0,25.079872407968907,25.079872407968907,353.5,18.337707149442394,1.0830285280573329,0.9233367119089059,72.18376618407353,0.20419735837078792,354.0
"ytma10_010704_benign1_ccd.tif","b39fdc4c-24e9-4f93-984b-a4e637505af2","Detection","Unclassified",436.7969665527344,145.3346405029297,350.0,,,126.0,160.0,7338871.0,1.281857478739194,19.0,2.3647201614352014,167.0,144.26,10.458857142857168,146.0,108.0,59.0,8.346153404194185,144.80401533501362,-0.4519374485406081,12.540145818245389,7338871.0,0.44501224489795926,157.2552571428573,5.725096525096525,3.5683643956831492,-0.39117293925588537,1.2487088743459402,0.22471042471042474,0.6949810215539622,0.22471042471042474,0.7686758011431166,0.17421564973688525,0.8876447876447877,0.8876447876447877,0.9775289575289574,0.9438223938223937,-0.3428625368904529,0.7668056603252574,0.22471042471042474,2.338610038610039,0.29077950537409997,2.142841553239643,0.4046332046332046,4.677220077220078,1.9181311285292182,0.3683548247640912,3.851840172165028,61.49142857142857,0.17568979591836734,3.85090612244898,155.75428571428571,0.36154285714285717,5.837142857142857,49.24,302.75714285714287,10.594047619047618,0.24468253968253964,0.04037251781665047,0.26226135991433613,0.009506579812995157,164.56565656565655,0.41556983981226403,0.4207733904703602,5.404040404040404,21.2979797979798,135.510101010101,4.310606060606061,0.2918069584736252,4.204426206614566,68.44444444444444,0.1728395061728395,0.28285714285714286,8.799255178043058,0.3717819600749314,2.06022753532862,0.11399294517926577,5.363636363636363,0.48760330578512395,0.7768595041322315,6.363636363636363,4495.636363636364,25088.636363636364,939.0025252525254,0.36616161616161613,1.7272727272727273,0.15702479338842976,0.32460945476122627,2.8761292078642273,0.04110612889051804,2.845350936622437,0.03142857142857143,3483.239669421488,6.832960758377424,0.03161870678843956,0.6893807326057697,0.026568890967412908,0.08894100222167366,0.6733883863010254,25.73894581465134,26.076809620810597,349.5,17.3323071872176,72.18376618407356,0.2065343810703106,350.0,1.0892084842283023,0.9180978797722954,0.3215236603036264,36.730608300023945,0.6733883863010254,17.3323071872176,25.73894581465134,20.0,24.0,26.076809620810597,26.076809620810597,349.5,17.3323071872176,1.0892084842283023,0.9180978797722954,72.18376618407356,0.2065343810703106,350.0
"ytma10_010704_benign1_ccd.tif","c81b6883-a8ff-4dd6-b6e8-94a486a407c2","Detection","Unclassified",186.18240356445312,294.4885559082031,350.0,,,106.9,155.10000000000002,5881003.0,1.763008494618831,23.75,3.1329109774020947,175.0,128.1342857142857,15.356457142857087,126.0,74.0,101.0,10.33321428571429,129.6258682296312,-0.06223994567302267,19.607920307251103,5881003.0,0.3339755102040816,384.47053877551025,13.929347826086957,16.76196559724031,-0.22470910028584246,2.510471721769992,0.35093167701863354,0.7547135946178021,0.3214285714285714,0.9746411443883191,0.24761535048802127,0.8442028985507246,0.8422360248447205,0.9906349672654019,0.9546084738243124,-0.34929849077282493,0.8454388849983387,0.2956133540372671,3.6591614906832297,0.1773070700397361,2.9641126399275923,0.2826086956521739,7.3183229813664585,2.5592987948005983,0.7153508496971567,4.525359855259034,55.537142857142854,0.15867755102040818,3.686563265306122,116.89142857142858,0.6841551020408163,13.871428571428572,40.93142857142857,583.2028571428572,3.5823904761904766,0.09233650793650794,0.05499120190404204,0.8038111232588273,0.007093689087326579,170.32544378698225,0.3359476208816218,0.7173029266793491,13.518737672583827,11.838264299802761,167.89743589743588,1.032560815253123,0.09887793118562352,4.305848232763065,108.48323471400394,0.21397087714793678,0.36214285714285716,4.21325895062809,0.4285165344461953,5.686259023576674,0.04642352201691123,3.8,0.25333333333333335,1.4933333333333334,15.933333333333334,2364.5333333333333,31685.266666666666,199.34962962962967,0.14040740740740743,3.1333333333333333,0.2088888888888889,0.4413871880529354,7.555682059002492,0.08750870408092362,3.3735572622751846,0.04285714285714286,1820.088888888889,1.1968817624599208,0.03478783561682737,3.984342589102473,0.011982177643624279,0.4721943135325496,0.534323557457211,28.926661746145605,29.410882339705484,349.5,15.456196809561941,77.25483399593904,0.22104387409424617,350.0,1.1657277679505695,0.8578332158614266,0.2903913984944188,29.961927075584175,0.534323557457211,15.456196809561941,28.926661746145605,22.0,25.0,29.410882339705484,29.410882339705484,349.5,15.456196809561941,1.1657277679505695,0.8578332158614266,77.25483399593904,0.22104387409424617,350.0
"ytma10_010704_benign1_ccd.tif","00b5da51-76a4-41e3-b7c6-7fc030188311","Detection","Unclassified",441.6551513671875,616.9453125,348.0,,,104.7,156.3,6000157.0,1.951538737240752,26.25,3.4994865877582493,191.0,129.52586206896552,16.380945303210467,128.0,73.0,118.0,10.654029294549998,131.30815077431453,-0.25444795935458114,21.56111117408921,6000157.0,0.3087428986656097,464.8815150614345,14.671572424477151,36.71985283290555,-1.781906710923745,3.2995924235051564,0.4515879163439194,0.7592288957442724,0.4113090627420604,1.0800348332897134,0.2824127712501672,0.8010586108959462,0.7983733539891557,0.9879582138296311,0.9419608277083101,-0.3187960803601461,0.847381557294752,0.37606506584043375,3.736250968241673,0.14134588442539398,3.3383093922546343,0.273431448489543,7.472501936483346,2.825747533715023,0.9377950849622694,4.688767906567538,53.9080459770115,0.15490817809486063,3.3244153785176382,107.44252873563218,0.8932074910820448,14.698275862068966,33.764367816091955,508.03735632183907,3.1516123882503186,0.1015086206896552,0.06013539015010006,0.8586444133847664,0.0058953741456124935,182.08250825082507,0.3004661852323846,0.9411413913668596,14.397689768976898,8.346534653465346,126.13531353135313,0.7573689035570222,0.10748028969563626,4.172255976301617,167.67656765676568,0.2766940060342668,0.4353448275862069,3.0701891971375357,0.5106913329577648,7.167101772761023,0.05454824882487929,4.875,0.3046875,1.24609375,13.0625,1833.625,28653.8125,132.65104166666666,0.1505034722222222,2.375,0.1484375,0.31367806741366994,4.257216555167697,0.026455611951333842,3.452819531114783,0.04597701149425287,1360.5625,1.2508275188969182,0.034664318081642116,4.130057779998747,0.017365071544571623,0.4559946993164609,0.9468739852591882,21.638010169957294,22.20360331117452,347.5,20.488468922706307,69.11269837220804,0.1988854629416059,348.0,1.045864719432881,0.9561466042589609,0.3412267724673355,41.37027833924322,0.9468739852591882,20.488468922706307,21.638010169957294,21.0,20.0,22.20360331117452,22.20360331117452,347.5,20.488468922706307,1.045864719432881,0.9561466042589609,69.11269837220804,0.1988854629416059,348.0
"ytma10_010704_benign1_ccd.tif","184c1ab5-4c31-44e3-8dc6-8b6dcd3b22dc","Detection","Unclassified",328.0506286621094,76.79737854003906,347.0,,,103.0,133.40000000000003,4760203.0,1.208058138533287,15.5,4.427099360193208,169.0,116.27953890489914,10.49768704997135,115.0,78.0,91.0,6.655335876979999,117.12456729964761,0.5190442733109093,14.043970136458258,4760203.0,0.5432567333006668,197.23309719373137,4.808444096950743,3.956137564222178,0.5601060777407075,0.9350334170619272,0.17982799061767002,0.677398483113784,0.17982799061767002,0.6797006087246705,0.1474898844080812,0.910086004691165,0.910086004691165,0.9894218829048429,0.9640344018764663,-0.3515849978064166,0.7352692656438004,0.17982799061767002,2.1493354182955433,0.45769790584781783,1.8235536129490613,0.6591086786551994,4.298670836591087,1.6437256223313912,0.2787153519198993,3.3249081435124164,83.84726224783861,0.24163476152114874,4.822081405874976,188.51008645533142,0.32871296996071725,5.138328530259366,54.46974063400577,242.2507204610951,14.591618635926991,0.26400896573807237,0.04097588806042216,0.31843739766693313,0.009635604592431724,118.42772861356931,0.3493443321934198,0.6214181916272922,6.790560471976401,35.36283185840708,154.96755162241888,9.061496230744018,0.25335955424451,4.335580906407307,70.17994100294985,0.20702047493495532,0.2442363112391931,18.598759147588346,0.46047277663930386,3.8789212210391875,0.10017706484626306,3.3636363636363638,0.30578512396694213,1.1735537190082643,9.636363636363637,5860.090909090909,25396.636363636364,1435.405303030303,0.2676767676767677,2.4545454545454546,0.2231404958677686,0.2931783441404987,3.4802136240806205,0.045859814849842986,3.277613436819116,0.03170028818443804,4864.97520661157,2.77991925792399,0.03937658336135364,1.1164248742341893,0.010479690056378175,0.20162780067039734,0.6530738249278203,26.215829249986047,27.294688127912362,346.5,17.120871881943017,74.5269119345812,0.21508488292808425,347.0,1.129422862812505,0.885407966250821,0.30384956088841336,32.803446268526535,0.6530738249278203,17.120871881943017,26.215829249986047,17.0,27.0,27.294688127912362,27.294688127912362,346.5,17.120871881943017,1.129422862812505,0.885407966250821,74.5269119345812,0.21508488292808425,347.0
"ytma10_010704_benign1_ccd.tif","a0303a5d-be6e-434e-9660-731a58f9c231","Detection","Unclassified",188.99008178710938,244.7813262939453,345.0,,,101.0,127.0,4501094.0,1.002103027585164,13.0,3.7911292911436174,151.0,113.71594202898551,8.197202268430985,112.0,86.0,65.0,5.581035508827601,114.2219299231208,0.6093970953532527,10.739357700660047,4501094.0,0.6260785549254358,115.33380382272625,4.373919874312648,2.607888470575695,0.34329140056777613,0.7450776875946064,0.1736056559308719,0.6220555055136748,0.17203456402199524,0.6677870089817196,0.14400976471263394,0.9142445666404819,0.9141398271798902,0.9898156277436346,0.965645456925897,-0.3159324083846508,0.6849331690500837,0.17065985860172822,2.0569520816967795,0.4996269736610699,1.68774503727348,0.6944226237234878,4.113904163393558,1.5076732279280416,0.22967083588136963,3.263734179061098,77.5391304347826,0.22475110270951482,3.974963243016172,215.99710144927536,0.22953161100609112,4.524637681159421,54.61159420289855,240.37391304347827,14.317652979066022,0.28802334943639285,0.03491220272327933,0.2062863437108606,0.010735808126405566,133.7753846153846,0.41161656804733726,0.46280710059171587,4.827692307692308,36.19692307692308,153.17538461538462,9.318547008547009,0.3477777777777778,4.423400310621039,52.753846153846155,0.16231952662721894,0.23550724637681159,18.16710059171598,0.3690551515805838,1.8624704755007755,0.14580812913591573,3.4,0.34,1.1600000000000001,6.0,7260.3,29536.5,1814.8645833333333,0.4756944444444445,1.2,0.12,0.2413130451077674,2.744218429554117,0.03612852902721918,3.321928094887362,0.028985507246376812,6070.05,2.274509006755066,0.04427352237119087,1.052324613936391,0.006039659416931785,0.24415410156045836,0.6701770939633495,25.667350632195458,25.709920264364882,344.5,17.201670456423095,73.11269837220807,0.212228442299588,345.0,1.1112026478172958,0.8999258613757553,0.31090311319067665,34.344119594804205,0.6701770939633495,17.201670456423095,25.667350632195458,18.0,25.0,25.709920264364882,25.709920264364882,344.5,17.201670456423095,1.1112026478172958,0.8999258613757553,73.11269837220807,0.212228442299588,345.0
"ytma10_010704_benign1_ccd.tif","00bee03b-f319-442b-8852-52ae1f4a2d9f","Detection","Unclassified",129.39324951171875,177.50291442871094,344.0,,,116.30000000000001,153.0,6522782.0,1.4828675602127754,20.0,3.288044598108194,169.0,136.90116279069767,11.89872904272579,139.0,88.0,81.0,8.354909090909073,137.70103696557752,-0.6486611576229616,14.820499585042445,6522782.0,0.4234552460789617,219.64720795024326,9.451968503937007,8.311018315575065,-1.0067391459507307,1.5561094922189849,0.3078740157480315,0.6696601504979847,0.30157480314960633,0.9045576877266551,0.2169266538533077,0.850262467191601,0.8498425196850394,0.9820009263547939,0.9398950131233595,-0.2843663128964502,0.7521882153334424,0.29606299212598425,3.0232283464566927,0.259499348998698,2.5165015153137396,0.45984251968503936,6.046456692913385,2.190106812605115,0.46599587699175404,4.125951881977597,52.46511627906977,0.15251487290427257,3.3919348296376413,145.66860465116278,0.47376115467820434,9.526162790697674,41.58720930232558,398.7005813953488,5.28125,0.14228036175710593,0.040419144994345714,0.3836046365143818,0.006806254581569624,165.63092783505155,0.3415070677011372,0.6415984695504307,9.395876288659794,13.822680412371135,130.49484536082474,1.7542955326460479,0.16227090492554413,4.170185475721379,106.49278350515463,0.2195727494951642,0.35247093023255816,5.773467956212137,0.4156851355471945,3.6738478640640144,0.07864322764647501,3.0,0.3,1.0900000000000003,9.5,3967.6,37268.1,449.2319444444444,0.22222222222222224,1.0,0.1,0.10792546082329568,1.6565969802845815,0.009253416137346916,3.321928094887362,0.029069767441860465,2784.24,2.95632609322095,0.02933954646154165,1.7578089436370536,0.021464296491490974,0.16960904771068644,0.6597177189212474,25.91411720381554,25.495097567963924,343.5,17.096002289559042,72.28427124746187,0.2104345596723781,344.0,1.100209787728642,0.908917563862504,0.31534510550025563,35.3325055193189,0.6597177189212474,17.096002289559042,25.91411720381554,25.0,17.0,25.495097567963924,25.495097567963924,343.5,17.096002289559042,1.100209787728642,0.908917563862504,72.28427124746187,0.2104345596723781,344.0
"ytma10_010704_benign1_ccd.tif","08311f02-f484-49dd-8b62-f603a38c8163","Detection","Unclassified",226.0697479248047,481.8628234863281,344.0,,,117.0,162.0,6829736.0,1.6478723914729303,28.25,2.1852842134132797,180.0,139.8372093023256,14.636560302866357,140.0,95.0,85.0,11.395459976105151,140.9038101717985,-0.10515056362799942,17.304294711655267,6829736.0,0.3451358842617631,299.4386154678204,9.982731554160125,8.57290140990578,-0.24782655162202108,2.0442597882046196,0.34144427001569855,0.7137580674860331,0.3335949764521193,0.9453050147071915,0.2301586617016085,0.8345107273678701,0.8339874411302982,0.9869299892983107,0.9445877251999701,-0.31030966753358197,0.7981638302152373,0.3267268445839874,3.0914442700156983,0.18330996207201633,2.759431826174559,0.282574568288854,6.1828885400313975,2.397820674077286,0.5964260145550794,4.412480639950502,48.645348837209305,0.14141089778258517,3.963899405083829,118.72674418604652,0.6035610465116279,10.369186046511627,39.54651162790697,427.4331395348837,4.721650516795865,0.1296237080103359,0.056420513430393684,0.6746117457534264,0.007368205327907073,174.8544061302682,0.3349701266863375,0.664086698668546,10.07088122605364,11.471264367816092,128.45977011494253,1.3082790549169858,0.14026766709237976,4.1203764270999645,125.10727969348659,0.23966911818675593,0.3793604651162791,4.522687570646349,0.475334456654539,5.02282234730488,0.06769033605541205,4.066666666666666,0.27111111111111114,1.3955555555555554,12.066666666666666,2176.9333333333334,23353.8,226.91925925925926,0.1784814814814815,2.3333333333333335,0.15555555555555556,0.3610198224752964,5.7132942615922,0.03996611082021852,3.5898980954642865,0.0436046511627907,1650.9955555555555,2.1314076154806494,0.030223911741491836,2.995883449327748,0.017814408407697855,0.25796316938722536,0.7680206230443669,23.89930389084545,24.351591323771842,343.5,18.355158264573785,70.18376618407352,0.204319552209821,344.0,1.0682388459174996,0.9361202354901352,0.32960728412825724,38.600759312293846,0.7680206230443669,18.355158264573785,23.89930389084545,20.0,23.0,24.351591323771842,24.351591323771842,343.5,18.355158264573785,1.0682388459174996,0.9361202354901352,70.18376618407352,0.204319552209821,344.0
"ytma10_010704_benign1_ccd.tif","cd5c8a32-e36c-4592-a061-3e04ae6b9853","Detection","Unclassified",808.6822509765625,357.146240234375,343.0,,,67.0,93.0,2208188.0,1.2095743292190595,16.0,3.0235763113876684,113.0,79.49854227405248,8.829348315752773,78.0,55.0,58.0,6.329395085066154,80.23631278425516,0.4509265189896147,10.855766463659723,2208188.0,0.4743006740388784,117.84766551351915,2.876,2.033260623551283,-0.015571580927999013,1.00491584,0.1912,0.6802985235945039,0.1912,0.7039750282603722,0.15464255999999998,0.9044,0.9044,0.98088,0.9521999999999999,-0.3496508242535785,0.7448403458981891,0.1912,1.6347999999999998,0.3403081599999999,1.909715410164902,0.472,3.2696,1.718515410164902,0.29902895999999995,3.641558395920301,67.57725947521865,0.19701824919888822,4.047293219661875,162.6851311953353,0.3206827087353059,3.1603498542274053,51.588921282798836,144.35568513119534,28.90905409782961,0.5182215743440234,0.04450527163138228,0.23978104958104612,0.014999396286967436,153.15512465373962,0.42425242286354464,0.41646396206290626,3.9750692520775623,24.764542936288088,68.34349030470914,14.239150507848567,0.43167128347183753,4.240652837418699,57.526315789473685,0.15935267531710162,0.2631195335276968,10.320332103037881,0.3675201194447301,2.0021844813403824,0.11158820358864818,5.181818181818182,0.47107438016528924,0.6115702479338843,6.636363636363637,4883.909090909091,15635.818181818182,2204.214646464646,0.29797979797979796,2.8181818181818183,0.256198347107438,0.4852982630080721,3.8928747929104577,0.06879889449866822,2.7321588913645707,0.03206997084548105,3911.603305785124,6.95800802879291,0.03582537628333233,0.6027143121418891,0.02106126615429537,0.09646135793663578,0.3855244338228057,34.21711699880211,34.66987164671943,342.5,13.191534658011884,84.08326112068528,0.2454985726151395,343.0,1.2816644174943406,0.7802354394413198,0.25062322760746664,22.317466086578094,0.3855244338228057,13.191534658011884,34.21711699880211,29.0,23.0,34.66987164671943,34.66987164671943,342.5,13.191534658011884,1.2816644174943406,0.7802354394413198,84.08326112068528,0.2454985726151395,343.0
"ytma10_010704_benign1_ccd.tif","986f0e52-cb5a-4dcd-935b-6bd186d3f182","Detection","Unclassified",102.19265747070312,141.4998779296875,342.0,,,104.0,140.0,5136344.0,1.3250988832558244,20.0,2.5318736643454742,151.0,121.76023391812865,11.49916213535787,123.0,86.0,65.0,8.66367346938776,122.55019260532535,-0.24498660628948238,13.89226921006541,5136344.0,0.4390239731883314,192.9951438049314,6.0703557312252965,4.220391218228738,-0.5344788161892015,1.3076536112109236,0.24110671936758893,0.688645538490093,0.24110671936758893,0.796875876157559,0.18297426924338764,0.8794466403162053,0.8794466403162053,0.9858172518019064,0.951778656126482,-0.32738639566346905,0.7649262737440243,0.24110671936758893,2.409090909090909,0.2778187442390914,2.2473094475516664,0.36205533596837947,4.818181818181818,2.006202728184078,0.3871900826446281,4.004675326162382,54.22222222222222,0.1585445094217024,3.6054170514004307,150.14619883040936,0.3762867207003866,6.181286549707602,47.35087719298246,299.50877192982455,10.116410818713451,0.22967430149447693,0.039446783938830034,0.2902743171125933,0.008542439092722497,166.67156862745097,0.40850874663590925,0.45241613802383696,6.046568627450981,18.352941176470587,120.92156862745098,3.662411492374728,0.2526382080610021,4.264953091301144,70.29901960784314,0.17230151864667437,0.2982456140350877,7.110726643598614,0.3628862592770887,2.336270900913047,0.09152251440857534,2.8,0.28,1.04,7.8,3957.0,26849.6,703.0340277777777,0.30694444444444446,1.8,0.18,0.28652762821576644,3.361761638754035,0.03595329702743029,3.121928094887362,0.029239766081871343,2787.3599999999997,3.057114170969592,0.033695845961847035,1.3621407504490939,0.013544689023784454,0.17703053669309066,0.9361319991534712,21.60491605426669,23.259406699226016,341.5,20.225053257423603,70.52691193458115,0.20652097198998873,342.0,1.0766005129050304,0.9288496410815035,0.32529955491480717,37.59838444887596,0.9361319991534712,20.225053257423603,21.60491605426669,21.0,21.0,23.259406699226016,23.259406699226016,341.5,20.225053257423603,1.0766005129050304,0.9288496410815035,70.52691193458115,0.20652097198998873,342.0
"ytma10_010704_benign1_ccd.tif","e1d8dc7b-8618-4889-ab18-07458d939d13","Detection","Unclassified",584.7172241210938,372.28155517578125,340.0,,,96.0,123.0,4102486.0,1.0418793173553051,14.25,2.535231272780189,137.0,109.35882352941177,8.44328719723185,109.0,84.0,53.0,6.296065055690443,109.84596166504095,0.12856374425566003,10.333586520691783,4102486.0,0.5923702422145329,106.78301038062293,3.6214915797914995,2.006107252011671,-0.2274609628797148,0.730754612995809,0.2157177225340818,0.544164759103476,0.2157177225340818,0.7522707409515494,0.1691835867187907,0.8921411387329592,0.8921411387329592,0.9784282277465919,0.9460705693664797,-0.2277909577255365,0.6095943381572054,0.2157177225340818,1.8688853247794706,0.43552963359054514,1.8072377128646038,0.6383319967923016,3.7377706495589416,1.591519990330522,0.23661808388247266,3.5686061627130656,58.15294117647059,0.17103806228373702,3.9095501730103805,201.40588235294118,0.2440397923875432,3.820588235294118,49.51176470588236,183.89705882352942,17.323937908496735,0.37655228758169934,0.045789781190253884,0.24172676987461653,0.016974124603545127,159.54450261780104,0.417655766015186,0.42753762232394954,4.099476439790576,20.759162303664922,78.96858638743456,6.782722513089006,0.4200116346713206,4.175688368064269,62.09947643979058,0.16256407444971355,0.28088235294117647,8.084071160330035,0.36408403546605017,1.8047457127169748,0.15070534616430736,6.733333333333333,0.4488888888888889,0.9155555555555555,5.466666666666667,4368.933333333333,17265.133333333335,1157.9944444444445,0.4759259259259259,2.6,0.17333333333333334,0.38774783034762855,2.750713917871201,0.12519560887825834,3.3735572622751846,0.04411764705882353,3855.1555555555556,5.720612129987128,0.033465202165676666,0.6140752236449583,0.01706825929242337,0.07759110653022161,0.4701585111594066,30.655229449408928,30.23243291566195,339.5,14.412817037184096,77.59797974644667,0.22856547789822287,340.0,1.1880250370436913,0.8417331022656078,0.28021360689022556,27.89848929804956,0.4701585111594066,14.412817037184096,30.655229449408928,22.0,25.0,30.23243291566195,30.23243291566195,339.5,14.412817037184096,1.1880250370436913,0.8417331022656078,77.59797974644667,0.22856547789822287,340.0
"ytma10_010704_benign1_ccd.tif","2c43da82-e360-4ced-a71e-45c6c407be91","Detection","Unclassified",180.60165405273438,278.0402526855469,337.0,,,100.0,150.0,5225457.0,1.730562745353242,25.0,2.833983727514669,180.0,123.02967359050444,15.372416768660463,122.0,79.0,101.0,10.895329334889773,124.52231575770554,0.30510587862420857,19.22255284491768,5225457.0,0.3446627160580792,369.5065378756527,6.75221953188055,15.233740811216952,0.6264202126376637,2.4123766139607237,0.33091202582728,0.7587479341197922,0.3147699757869249,0.9431717528525876,0.23183188817037875,0.84530535377993,0.844229217110573,0.9874010657178396,0.9479226718936162,-0.3497688148070897,0.8416641766993389,0.30064568200161407,2.4963680387409206,0.183401178148172,2.907193380334893,0.3058918482647296,4.99273607748184,2.5382756268655706,0.685822159947001,4.472362733781832,53.80712166172107,0.1596650494413088,3.251538712148562,116.1513353115727,0.6585247734857224,6.753709198813056,40.43620178041543,277.91097922848667,9.91756841411144,0.25263270689086714,0.05006523853634211,0.37152240135531084,0.013494435915576806,168.48875255623722,0.34455777618862415,0.6844651870810177,6.656441717791411,11.775051124744376,80.8997955010225,2.7149091115655533,0.2608503749147921,4.2514961275844225,103.5439672801636,0.2117463543561628,0.36275964391691395,4.175952760317998,0.414887658402738,2.778904351358181,0.10326022117793345,2.6363636363636362,0.2396694214876033,1.5206611570247934,7.545454545454546,3359.3636363636365,20791.090909090908,680.3874747474748,0.380530303030303,2.8181818181818183,0.256198347107438,0.46551433998293795,4.406153644870528,0.1407850909312285,3.277613436819116,0.032640949554896145,2420.776859504132,2.379991688667253,0.03634423335082842,2.637739412734714,0.01692442166363104,0.33952529352088884,0.5246261649418117,28.646962685172394,28.600699292150182,336.5,15.028946170753176,75.01219330881975,0.2229188508434465,337.0,1.1535446195282495,0.8668932116461671,0.2922216145897552,30.340792346600658,0.5246261649418117,15.028946170753176,28.646962685172394,22.0,24.0,28.600699292150182,28.600699292150182,336.5,15.028946170753176,1.1535446195282495,0.8668932116461671,75.01219330881975,0.2229188508434465,337.0
"ytma10_010704_benign1_ccd.tif","5e3cbcfe-8ff1-4427-9c75-04423f65244c","Detection","Unclassified",29.820083618164062,684.5127563476562,337.0,,,85.0,136.40000000000003,3999574.0,1.6802873999363086,26.0,3.0086382951227515,166.0,107.1454005934718,15.922566897656885,102.0,73.0,93.0,11.137620675099708,108.94114056142853,0.7654287993729144,19.698610064910074,3999574.0,0.34577217374459585,388.0352384893765,8.24132364810331,17.371400132904093,3.081621035381583,2.5603649484307747,0.22356739305891848,0.8393873373091484,0.22356739305891848,0.7666281665857949,0.17358501381975755,0.8882163034705407,0.8882163034705407,0.9914012541131184,0.9627387678235134,-0.46729101342467366,0.8868941023456135,0.22356739305891848,2.767150928167877,0.2341173757638649,2.5329685634184607,0.3817594834543987,5.534301856335754,2.3094011703595427,0.6959830853724234,4.190331701594459,55.14836795252226,0.16364500876119364,3.7017848180401334,116.52522255192878,0.7094189435497362,8.572700296735905,48.71513353115727,386.9347181008902,8.45033053082756,0.16267639301022094,0.0385329314987892,0.3669952419642437,0.0076083633055360955,132.8341968911917,0.344130043759564,0.7174487905715591,9.639896373056995,20.476683937823836,153.75647668393782,3.7150374208405292,0.14645797351755901,4.4787805295235295,66.79274611398964,0.1730382023678488,0.28635014836795253,8.281027678595398,0.3681357088988058,3.897920261895793,0.050839593632231624,2.8,0.28,1.1600000000000001,11.4,3136.7,20109.3,624.4958055555555,0.19219444444444447,1.4,0.14,0.262043421439685,2.446813366525905,0.11186877669224482,3.321928094887362,0.02967359050445104,2001.0099999999998,2.1742297283877057,0.04040600123610276,2.2432219251029966,0.015727608470854297,0.36778268329108943,0.5562455693016767,28.076988510935465,28.30194339616981,336.5,15.617700458541933,75.01219330881976,0.22291885084344654,337.0,1.1535446195282497,0.8668932116461668,0.29222161458975504,30.340792346600644,0.5562455693016767,15.617700458541933,28.076988510935465,21.0,25.0,28.30194339616981,28.30194339616981,336.5,15.617700458541933,1.1535446195282497,0.8668932116461668,75.01219330881976,0.22291885084344654,337.0
"ytma10_010704_benign1_ccd.tif","315288f9-ac84-4a4d-b661-878f2fcb0eb5","Detection","Unclassified",115.20268249511719,195.16940307617188,336.0,,,103.0,160.0,5581331.0,1.8219859848253785,30.0,2.4306231729207757,177.0,127.11011904761905,17.390430130385504,124.0,79.0,98.0,12.91550939902589,128.88407258721563,0.314722413933242,21.310133795140285,5581331.0,0.31985189909297057,454.12180236678006,7.670427074939563,18.761619361514036,1.0919645450526712,2.840084385171948,0.4254633360193393,0.7394229866810043,0.37872683319903316,1.0631015678354614,0.28202932183437107,0.8184260005372013,0.8153102336825142,0.9840079340482238,0.9379916350101685,-0.30421512654172617,0.8222049703491826,0.3378323932312651,2.6583400483481063,0.15491490382648707,3.1413288138246163,0.2868654311039484,5.316680096696213,2.6565869469729932,0.816386930297822,4.569070273885124,46.74404761904762,0.13911918934240364,3.8956916099773236,107.4702380952381,0.7893990929705216,7.648809523809524,37.095238095238095,290.76190476190476,7.88958167989418,0.2256382275132275,0.05641657930809008,0.4274491305009659,0.012907309913366496,171.84191176470588,0.3158858672145329,0.8016733347750865,7.481617647058823,9.632352941176471,76.32352941176471,1.9631290849673202,0.2379728349673203,4.1346880117933145,136.61764705882354,0.25113538062283736,0.40476190476190477,3.5285467128027674,0.4805779560087925,3.5238002197406746,0.11588314590158978,4.0,0.2857142857142857,1.2448979591836735,7.857142857142857,1558.2857142857142,11769.857142857143,286.3709523809524,0.32279761904761906,1.7142857142857142,0.12244897959183673,0.268516715601432,2.3724198282388493,0.04085507204520517,3.4677201004745006,0.041666666666666664,982.2857142857143,2.562970071206052,0.03828793875666213,2.6451204087783076,0.02161757557213173,0.31892458371608595,0.7748193096003435,23.518332256530787,24.08318915758459,335.5,18.22245796195667,70.76955262170043,0.2109375637010445,336.0,1.0899215910052265,0.9174971926904462,0.3179420081174922,35.91683602685003,0.7748193096003435,18.22245796195667,23.518332256530787,24.0,19.0,24.08318915758459,24.08318915758459,335.5,18.22245796195667,1.0899215910052265,0.9174971926904462,70.76955262170043,0.2109375637010445,336.0
"ytma10_010704_benign1_ccd.tif","029067af-38d8-46ca-89b2-830c7ab304f7","Detection","Unclassified",235.78887939453125,313.3867492675781,336.0,,,119.0,157.0,6342812.0,1.5407975286846918,22.25,3.2679904409911598,168.0,136.51190476190476,12.282667233560092,137.0,87.0,81.0,9.038559080792917,137.39511150934982,-0.44880835693359006,15.553665964759261,6342812.0,0.40260062358276644,241.91652494331066,9.454180064308684,10.657397913424171,-1.1848895427781085,1.8280744357481833,0.33038585209003213,0.6938689546881338,0.3223472668810289,0.9336671674849397,0.22647809162436283,0.8401661307609861,0.8396302250803859,0.9807073954983923,0.9357984994640943,-0.2935461174690178,0.7751256163175085,0.3153135048231511,3.013263665594855,0.21976936239286196,2.6692713892945266,0.3995176848874598,6.026527331189711,2.322165824285344,0.5396150719595538,4.201551674169137,52.773809523809526,0.15706490929705216,3.206065759637188,135.27380952380952,0.5178217120181408,9.482142857142858,39.779761904761905,400.0238095238095,5.3085110780423275,0.14899553571428573,0.04153326627718989,0.36063990297948983,0.006607952685363902,185.96370967741936,0.3749268340270552,0.5584636771592091,8.8125,11.540322580645162,115.46370967741936,1.4961357526881718,0.1657566084229391,4.0411213397264,111.10483870967742,0.2240016909469303,0.36904761904761907,4.197970863683663,0.41634735383444804,3.3068213716686765,0.07244518409590833,3.0,0.3333333333333333,0.691358024691358,7.222222222222222,4440.444444444444,43658.444444444445,492.83101851851853,0.2507716049382716,1.2222222222222223,0.13580246913580246,0.1277143842443284,1.1319843407580374,0.015592301432773419,2.94770277922009,0.026785714285714284,3046.666666666666,2.9621524577572957,0.030492211975323612,1.690133732626109,0.02364971114116076,0.1748079956556593,0.9028275692845535,21.789137790501858,22.135943621178654,335.5,19.671834308205,68.28427124746186,0.20352986959005026,336.0,1.051645782706911,0.9508905150801099,0.33545677688974057,39.98300083135154,0.9028275692845535,19.671834308205,21.789137790501858,19.0,21.0,22.135943621178654,22.135943621178654,335.5,19.671834308205,1.051645782706911,0.9508905150801099,68.28427124746186,0.20352986959005026,336.0
"ytma10_010704_benign1_ccd.tif","bfa78480-5abf-4d0a-b1d4-8d2518117711","Detection","Unclassified",593.5987548828125,385.24676513671875,335.0,,,104.4,138.0,4892773.0,1.2207221120165395,17.5,2.5581805622871037,153.0,120.20597014925373,10.1066785475607,119.0,95.0,58.0,7.230647137447092,120.85235842677392,0.3272593698361877,12.482679111078424,4892773.0,0.49670750723991985,155.81727779015364,5.5894736842105255,3.443473398581621,0.5065880644277398,1.0951997246307923,0.21133603238866394,0.6764940702874055,0.21133603238866394,0.7440287676275532,0.16667311380288152,0.8943319838056679,0.8943319838056679,0.9875684686830197,0.9577327935222671,-0.3311774532654711,0.7467955200636447,0.21133603238866394,2.317004048582996,0.34645412971856604,2.0553687489419983,0.5255060728744939,4.634008097165992,1.844032716553334,0.32663393925486406,3.734172487432981,56.38507462686567,0.1683136556025841,3.2612697705502343,166.39701492537313,0.32153263533080867,5.659701492537313,49.7044776119403,275.355223880597,10.755617744610284,0.23194444444444443,0.03227133747362959,0.20249759046791738,0.008056210493994295,149.21857923497268,0.4077010361611275,0.4672056496162919,5.898907103825136,20.579234972677597,110.71584699453553,4.542311778992106,0.26214329083181537,4.314560179148661,54.43715846994535,0.1487354056555884,0.27313432835820894,7.174833527426917,0.29564292822347693,1.8933314262358327,0.09318089079778802,3.0,0.3333333333333333,1.1111111111111114,6.555555555555555,5504.555555555556,25006.222222222223,1298.0625000000002,0.4174382716049383,1.2222222222222223,0.13580246913580246,0.15036602742382935,1.2053804146149179,0.03638189756292318,3.169925001442312,0.026865671641791045,4119.061728395062,3.077553422814592,0.035759756955647606,1.2634227014379416,0.010829350173778755,0.18995795824801012,0.6049696403403603,26.63592464526266,26.570660511172846,334.5,16.11392575277749,72.18376618407358,0.2157960125084412,335.0,1.1133623849567853,0.8981801554565854,0.30772436157814875,33.645423937664894,0.6049696403403603,16.11392575277749,26.63592464526266,19.0,25.0,26.570660511172846,26.570660511172846,334.5,16.11392575277749,1.1133623849567853,0.8981801554565854,72.18376618407358,0.2157960125084412,335.0
"ytma10_010704_benign1_ccd.tif","11335f65-882c-494d-8d7b-db50bd6a3518","Detection","Unclassified",616.4693603515625,682.8946533203125,332.0,,,134.0,158.0,6933675.0,0.9481107637235944,11.0,3.53725079165216,176.0,144.1777108433735,7.688543329946285,142.0,118.0,58.0,5.125761316872422,144.51492398023137,0.6784417787331326,9.866658450388828,6933675.0,0.6029721294817826,97.35094897662927,4.829228243021347,1.317223465598379,0.39821374330324155,0.5631354801135673,0.18801313628899835,0.4993983023241414,0.1863711001642036,0.6996715641069781,0.1532789493125827,0.907088122605364,0.9069786535303777,0.9889693808557906,0.9627805145046524,-0.2063147615820724,0.5458598800570721,0.18493431855500822,2.176108374384236,0.5079304413005791,1.5378215182327066,0.6945812807881774,4.352216748768473,1.345263678367726,0.18778715410064142,2.9668074969773257,75.83734939759036,0.22842575119756134,4.439178400348381,200.1867469879518,0.21868195674263316,5.186746987951807,53.102409638554214,236.5421686746988,12.846657463186077,0.2295222556894244,0.03437310940663637,0.2521788448199449,0.006634953457063325,154.83333333333334,0.46081349206349204,0.3562570861678004,6.755952380952381,32.041666666666664,139.79761904761904,7.788277116402117,0.20295965608465613,3.8345807961492,66.01785714285714,0.19648171768707484,0.25301204819277107,16.4203514739229,0.4395188046133645,3.5783410889385565,0.07758726295203548,2.0,0.3333333333333333,0.8888888888888888,8.0,10950.0,48482.333333333336,2611.459490740741,0.2743055555555556,1.0,0.16666666666666666,0.23151388773196355,3.2132407361130393,0.02173752543093327,2.584962500721156,0.018072289156626505,7888.222222222223,2.7971898570302827,0.0350740393249807,1.2840824223521343,0.007096760620032821,0.1908469944748979,0.4579212324583375,30.454710178354585,30.01666203960727,331.5,13.945858419033607,76.08326112068522,0.2295120999115693,332.0,1.1788062258507588,0.848315845361512,0.2818220161179541,28.219679763804347,0.4579212324583375,13.945858419033607,30.454710178354585,26.0,22.0,30.01666203960727,30.01666203960727,331.5,13.945858419033607,1.1788062258507588,0.848315845361512,76.08326112068522,0.2295120999115693,332.0
"ytma10_010704_benign1_ccd.tif","5fe91502-fca1-4f8c-bfc5-2f161b8385a3","Detection","Unclassified",125.27182006835938,467.7464599609375,329.0,,,111.0,157.0,6147781.0,1.5791092404937461,24.0,2.4526640166531797,176.0,135.67477203647417,13.557986345285045,137.0,95.0,81.0,10.034591591970724,136.69771189632243,-0.21955524304728552,16.691934295962746,6147781.0,0.37500577415212355,278.6206705407373,9.03621399176955,7.933006628017205,-0.14622317922891148,1.8236176734576368,0.2609053497942387,0.7496738132570743,0.2592592592592593,0.8323897765854003,0.19368998628257889,0.870644718792867,0.8705349794238684,0.9899782777177416,0.9568293160885754,-0.3735799038011037,0.830321525839498,0.2578189300411523,2.9403292181069958,0.23357550508899388,2.5454632863677222,0.40411522633744856,5.8806584362139915,2.278480782336124,0.521130755812969,4.257681396887479,50.62917933130699,0.15388808307388144,4.206927134819524,123.37689969604864,0.5316839275320813,9.440729483282675,46.161094224924014,427.38601823708206,6.226903073286053,0.1426832151300236,0.04746601224076258,0.49227206327763573,0.009827710568604589,137.944578313253,0.3323965742488024,0.6841283205109595,9.771084337349398,16.187951807228917,149.83614457831325,2.1849236947791164,0.1575977242302544,4.40336421313227,79.55903614457831,0.19170852083030918,0.31534954407294835,6.1321759326462475,0.41580224218667106,4.3165280506195804,0.07597618542299829,3.3076923076923075,0.25443786982248523,1.5384615384615385,10.538461538461538,2814.3846153846152,26286.76923076923,337.38662393162394,0.25574786324786325,2.076923076923077,0.15976331360946747,0.3107463570805112,3.6085893018107686,0.10523241014652394,3.546593564294939,0.03951367781155015,2173.9053254437868,1.4638681862691758,0.04279265259631367,2.2135909181293747,0.011558296062480957,0.35400787486905316,0.7108449261797799,24.315733773743634,25.079872407968907,328.5,17.284715979403977,69.35533905932733,0.21112736395533435,329.0,1.0794618053043432,0.926387571182345,0.32087847777738865,36.58334591817352,0.7108449261797799,17.284715979403977,24.315733773743634,23.0,19.0,25.079872407968907,25.079872407968907,328.5,17.284715979403977,1.0794618053043432,0.926387571182345,69.35533905932733,0.21112736395533435,329.0
"ytma10_010704_benign1_ccd.tif","e9c9fa71-f949-4d46-910e-f850a0c5d382","Detection","Unclassified",114.2956771850586,668.51220703125,328.0,,,85.7,106.0,3024530.0,0.9625809917339332,13.0,2.9018735813603804,125.0,95.64024390243902,7.11488697204047,95.0,76.0,49.0,5.285866856532565,96.02670487307417,0.33050611353810166,8.606497258610084,3024530.0,0.5406937834622249,74.07179506246288,1.9016528925619833,0.9902204825710024,0.4625026448425992,0.7231227375179293,0.171900826446281,0.6158741884182283,0.171900826446281,0.6620346477363818,0.14235093231336657,0.9140495867768593,0.9140495867768593,0.9828099173553718,0.9570247933884296,-0.29935989765268395,0.652436320315339,0.171900826446281,1.328099173553719,0.418486442182911,1.5751963437492515,0.5892561983471074,2.6561983471074377,1.4032955173029706,0.2237558909910525,3.315431511873168,75.71341463414635,0.23083358120166567,4.176977989292088,177.34756097560975,0.23556476799524093,2.076219512195122,54.72560975609756,98.1310975609756,43.87762533875339,0.7343326558265583,0.036336390275396514,0.12114639024082983,0.01852142415937694,153.16774193548386,0.4940894901144641,0.2698126951092612,2.7580645161290325,31.851612903225806,54.30967741935484,26.251433691756272,0.574820788530466,4.052893510850825,48.03225806451613,0.15494276795005202,0.23628048780487804,13.939604578563998,0.3701099558650229,1.3633124551406004,0.13614624860885252,3.75,0.46875,0.359375,3.875,6205.0,9336.875,5422.170138888889,0.4201388888888889,1.25,0.15625,0.2849297308488287,1.7600801938117916,0.055031003996976864,3.0,0.024390243902439025,4524.0,10.392126861757918,0.03476030315849182,0.6983117033609205,0.014535556843380003,0.13004973882454549,0.6647214877260803,25.07533299963645,25.80697580112788,327.5,16.66811265674522,69.94112549695424,0.2135606885403183,328.0,1.0902398008287852,0.9172294014948031,0.3158911383661051,35.45497079285334,0.6647214877260803,16.66811265674522,25.07533299963645,21.0,21.0,25.80697580112788,25.80697580112788,327.5,16.66811265674522,1.0902398008287852,0.9172294014948031,69.94112549695424,0.2135606885403183,328.0
"ytma10_010704_benign1_ccd.tif","40e7613b-402e-49b9-87ae-1123a6e01364","Detection","Unclassified",762.771484375,211.135498046875,324.0,,,119.30000000000001,157.0,5992213.0,1.4451302556116308,18.0,3.2919193286793593,179.0,135.20679012345678,11.596517299192199,134.0,103.0,76.0,8.043589093782144,135.99442844433457,0.7556310467834761,14.615350574404369,5992213.0,0.4255258344764518,213.60847241274212,3.6502092050209214,5.571246464077018,0.5958280133364401,1.3544818893226656,0.2861924686192469,0.6511282482914512,0.27949790794979085,0.8762621854934945,0.20807338807093717,0.8613668061366805,0.8609205020920503,0.9832832882106817,0.944323570432357,-0.286055620881543,0.7392878974705515,0.2736401673640168,1.8393305439330543,0.269592619176835,2.3692853496852426,0.45271966527196655,3.678661087866109,2.0683681534822607,0.4101685894854782,4.056776535296778,51.54320987654321,0.159083981100442,3.6872046944063412,137.87037037037038,0.449502743484225,4.052469135802469,43.876543209876544,160.66975308641975,19.182055898491086,0.42935528120713295,0.0475548152502885,0.3343915888257452,0.01483936518391333,151.03248259860788,0.3504233935002503,0.6234785557786617,4.726218097447796,15.429234338747099,58.44547563805104,6.169276875483372,0.4112367878319155,4.216853969929954,88.26218097447796,0.20478464263219945,0.3325617283950617,6.387422548328227,0.39626654153701846,2.4303818299877267,0.1321881612621576,3.6666666666666665,0.3055555555555556,1.222222222222222,8.333333333333334,3355.5,12782.583333333334,1094.2094907407406,0.3327546296296296,2.1666666666666665,0.18055555555555555,0.37701474110435246,4.694259370563906,0.034038650443668515,3.2516291673878226,0.037037037037037035,2626.5,4.295150793650793,0.033526180317781776,1.7047102228234043,0.01911906142156088,0.19947614050355356,0.6869253874405861,24.541386462250728,25.0,323.5,16.858101403910734,69.11269837220804,0.21364048955860293,324.0,1.083966286462597,0.9225379169894559,0.3176600313472893,35.8531563486616,0.6869253874405861,16.858101403910734,24.541386462250728,24.0,17.0,25.0,25.0,323.5,16.858101403910734,1.083966286462597,0.9225379169894559,69.11269837220804,0.21364048955860293,324.0
"ytma10_010704_benign1_ccd.tif","a14bb67c-ede9-47e5-b74c-08d7c5be4164","Detection","Unclassified",866.6176147460938,381.35845947265625,324.0,,,72.0,91.69999999999999,2184644.0,0.8174479987222909,9.25,3.876663249813983,113.0,81.74074074074075,6.034750800182901,81.0,63.0,50.0,4.167186455780797,82.11411812265737,0.5520931139387149,7.821745215534401,2184644.0,0.6783455265965554,61.17969821673529,3.463865546218488,1.1161589512988184,-0.482286179523713,0.5234206623826001,0.1411764705882353,0.5751517315244554,0.1411764705882353,0.5873116089977589,0.12124567474048444,0.9294117647058824,0.9294117647058824,0.9858823529411765,0.9647058823529412,-0.2781511804678177,0.5938677277169476,0.1411764705882353,1.835294117647059,0.5635378857425324,1.3461277799919367,0.7361344537815127,3.670588235294118,1.2049513094037012,0.16614928324270886,3.023547459623642,84.23456790123457,0.25998323426306963,4.16399939033684,219.78395061728395,0.1734015393994818,3.6141975308641974,57.58024691358025,209.59567901234567,19.672410836762687,0.3738854595336077,0.04255947666560909,0.20888154707470552,0.015077419663853193,127.71532846715328,0.4661143374713623,0.35617241195588467,3.6861313868613137,42.92700729927007,163.96350364963504,12.830089213300893,0.4460665044606651,4.270682651588637,39.35036496350365,0.14361447066972136,0.21141975308641975,20.55479780489105,0.35941414822351725,1.7166534501527875,0.131057733572956,4.090909090909091,0.371900826446281,0.8099173553719008,5.181818181818182,6244.909090909091,24693.18181818182,1634.4570707070707,0.45959595959595956,2.8181818181818183,0.256198347107438,0.48866927410196637,3.205845025700795,0.14888150904176545,3.027169118440619,0.033950617283950615,5377.338842975208,3.9161754159495112,0.041533022690252115,0.5117661378566761,0.009012003875599197,0.10227647641042563,0.5144587881288362,28.385831115727218,28.42534080710379,323.5,14.603340275826834,73.01219330881973,0.22569456973360041,324.0,1.1451261188099682,0.8732662573788944,0.2925541453231475,30.409883652008347,0.5144587881288362,14.603340275826834,28.385831115727218,23.0,22.0,28.42534080710379,28.42534080710379,323.5,14.603340275826834,1.1451261188099682,0.8732662573788944,73.01219330881973,0.22569456973360041,324.0
"ytma10_010704_benign1_ccd.tif","d48c1589-82d9-4859-ab0c-9321b910e762","Detection","Unclassified",52.79392623901367,195.45025634765625,323.0,,,97.2,154.0,5198844.0,1.9445243428309582,34.0,2.579705512066756,174.0,124.74303405572755,19.00363273873995,123.0,65.0,109.0,13.870650802235444,126.86801117721488,-0.1654738050974381,23.122882922194524,5198844.0,0.2920281034036557,534.6677146335152,13.632550335570471,33.27023072190917,-1.5169110829701489,3.568014954281338,0.3187919463087248,0.8359620354382267,0.30872483221476504,0.9227306654262365,0.2234809242826899,0.8473154362416109,0.8466442953020135,0.9878188809570434,0.9487855544902524,-0.4274175785313955,0.9020830488874714,0.29991610738255026,3.580536912751678,0.15713678437908202,3.0918443055383014,0.2651006711409396,7.1610738255033555,2.7490916646284473,0.9717017251475158,4.500383839567269,51.05572755417957,0.1580672679695962,3.339723375092256,94.3250773993808,0.94263340010927,13.39938080495356,41.030959752321984,611.8266253869969,4.024539043687651,0.11604747162022702,0.0388879387037466,0.4704848157586622,0.00502981180532642,140.66233766233765,0.3044639343340642,0.8778180693765106,11.716450216450216,12.056277056277056,181.77489177489178,1.140258537758538,0.13644961519961518,4.346880262205706,98.54978354978356,0.2133112198047263,0.35758513931888547,4.235659001892767,0.40998171286228685,4.24505682401562,0.05993530791559921,2.0,0.25,1.609375,9.875,3715.625,48233.75,338.546875,0.2532638888888889,1.0,0.125,0.14285233030815683,2.064689189500026,0.01417791599027884,3.0,0.02476780185758514,2085.484375,1.5072242760320391,0.049515069137139885,2.184079223821715,0.021608790205880968,0.43526931878440184,0.8082500252986349,22.602301784990825,23.08679276123039,322.5,18.268310989526213,68.52691193458115,0.21248654863436015,323.0,1.0764438228553095,0.9289848469262991,0.3207473230932234,36.55344614653001,0.8082500252986349,18.268310989526213,22.602301784990825,22.0,19.0,23.08679276123039,23.08679276123039,322.5,18.268310989526213,1.0764438228553095,0.9289848469262991,68.52691193458115,0.21248654863436015,323.0
"ytma10_010704_benign1_ccd.tif","56d90381-3679-43ad-8413-ce16635d079f","Detection","Unclassified",535.61962890625,551.968505859375,322.0,,,88.0,126.0,3753660.0,1.4120473457066187,20.75,2.6531459709792657,151.0,107.01863354037268,11.653678484626393,106.0,72.0,79.0,8.641385591811378,107.96911221523767,0.047805024253542,14.29479862390532,3753660.0,0.4319856487018248,204.34126769800542,7.690579083837512,4.140521032989862,0.06940999964933132,1.2662452965639237,0.2757130509939499,0.6423858641439708,0.2705272255834054,0.859557085161785,0.2025280712120952,0.8656006914433879,0.8652549697493518,0.9894369184000512,0.955035601103017,-0.2814606251359538,0.7304183916493698,0.26598962834917894,2.7281763180639578,0.2782521781288449,2.32789610267652,0.4407951598962835,5.456352636127916,2.037812970038794,0.3854895868894683,3.991827735125261,49.47826086956522,0.15365919524709695,4.789089927086146,139.09937888198758,0.41761506114733243,8.229813664596273,43.98757763975155,326.01863354037266,7.04985679779158,0.1541097308488613,0.0583908090496378,0.7105423989529098,0.007475559431783346,160.9591836734694,0.364986811050951,0.5713463011810921,9.517006802721088,14.616780045351474,111.61451247165533,2.283022171831696,0.14544028722600155,4.0470463731966575,99.6077097505669,0.22586782256364374,0.3423913043478261,6.086671705719326,0.4686289898605753,5.3347031365123785,0.062084362077058836,6.875,0.4296875,1.0,13.25,2459.875,20043.875,333.96430555555554,0.1492013888888889,3.25,0.203125,0.4107804752311273,6.870828843753343,0.039143860982502075,3.1493974703476995,0.049689440993788817,2054.859375,1.9605265709852597,0.03185445875861591,2.8110053792479035,0.011286630651039315,0.28263456813473664,0.29746632221706204,38.07827349646285,38.58756276314948,321.5,11.327003973368232,90.32590180780461,0.28095148307248713,322.0,1.4210746280178945,0.7036928112598797,0.21129420276554728,15.862710902364777,0.29746632221706204,11.327003973368232,38.07827349646285,33.0,23.0,38.58756276314948,38.58756276314948,321.5,11.327003973368232,1.4210746280178945,0.7036928112598797,90.32590180780461,0.28095148307248713,322.0
"ytma10_010704_benign1_ccd.tif","9945a500-3c83-4b46-a913-0687dde4b0b4","Detection","Unclassified",82.82600402832031,389.408935546875,319.0,,,83.0,124.0,3227257.0,1.4235857406627028,18.5,3.8855458776815803,155.0,99.21316614420063,12.874519707943128,94.0,69.0,86.0,8.624388954947827,100.5822703235927,1.0746579833347467,16.539067902742236,3227257.0,0.46010750680516116,273.5407670915185,6.0519591141396925,11.20402905092525,2.5008348676345347,1.6417067408849895,0.19505962521294717,0.7876054039171724,0.19505962521294717,0.7119366181256646,0.15701136782473174,0.9024701873935266,0.9024701873935266,0.9924977067225789,0.9674900624645087,-0.41947939975808524,0.822641798979367,0.19505962521294717,2.3854344122657576,0.37203179914617973,2.127490608976107,0.5766609880749574,4.770868824531515,1.93243098376316,0.45919159152448424,3.7537349907699302,65.01880877742947,0.20382071717062528,4.602490148485175,146.7742946708464,0.5162292037224477,6.47962382445141,52.55485893416928,287.77115987460814,11.684711772901428,0.21160484151863462,0.04053994031723917,0.366510770481419,0.006767213097989302,106.55891238670695,0.32193024890243793,0.7638667043929865,8.607250755287009,28.21752265861027,144.04229607250755,6.46534407519302,0.187743370258476,4.507853541250685,57.79154078549849,0.1745967999561888,0.25940438871473354,13.356614123638888,0.40467300140609935,4.367737837311665,0.06281152379715936,3.2,0.32,1.0900000000000003,10.7,4481.5,21201.7,1039.1839166666666,0.19705555555555557,1.4,0.14,0.22890116286342227,2.234425387498607,0.02636833537568778,3.121928094887362,0.03134796238244514,3463.8900000000003,1.751594932844933,0.04490131463193691,2.0794783993659642,0.010667503906747046,0.42894827959855225,0.701986786010947,24.207218612919707,25.0,318.5,16.993147592347878,69.94112549695424,0.21959537047709338,319.0,1.105536196343988,0.9045384522976302,0.3072101605178763,33.53307626279426,0.701986786010947,16.993147592347878,24.207218612919707,21.0,21.0,25.0,25.0,318.5,16.993147592347878,1.105536196343988,0.9045384522976302,69.94112549695424,0.21959537047709338,319.0
"ytma10_010704_benign1_ccd.tif","251daec2-8b81-47d6-b6b7-86fd3bf16de2","Detection","Unclassified",781.420654296875,320.2145080566406,315.0,,,74.0,120.60000000000002,2768747.0,1.5222258069220203,20.0,4.544974408074476,156.0,91.81904761904762,14.371095993953121,86.0,65.0,91.0,8.945285740039667,93.75325602811358,1.416857580940426,18.94559342443729,2768747.0,0.47019400352733687,358.9355102040815,5.255411255411255,21.631812773652584,3.857064720403561,2.0784573002754816,0.2571428571428572,0.7798057545713727,0.2571428571428572,0.8224042259549893,0.19102040816326535,0.8714285714285716,0.8714285714285716,0.99010989010989,0.957142857142857,-0.37743667328325115,0.8189687725554265,0.2571428571428572,2.190909090909091,0.34740315961095175,2.3876446529972255,0.5714285714285714,4.381818181818181,2.1305017958543684,0.5839000393545847,3.871627317190318,49.8063492063492,0.1581153943058705,4.025034013605442,148.11111111111111,0.6402015621063241,5.663492063492064,45.596825396825395,212.64126984126983,12.999770723104056,0.29067019400352734,0.04623520028234692,0.3579840035073406,0.013772446530052353,114.03980099502488,0.28368109700254945,1.055666938937155,7.218905472636816,18.686567164179106,91.03482587064677,4.9983485351022665,0.2971282476506357,4.351550589631372,81.64676616915423,0.20310140838098067,0.319047619047619,8.862552907106258,0.4171425167469861,4.022975364762113,0.11137804052778011,3.6666666666666665,0.3055555555555556,1.5833333333333333,7.833333333333333,3786.75,16293.0,947.9097222222222,0.4090046296296297,1.6666666666666667,0.1388888888888889,0.2938325013216475,1.9505208568571035,0.11554958878565706,3.418295834054489,0.0380952380952381,3097.6875,2.180723858059645,0.04089678646467839,2.4093357746126727,0.015207085631710764,0.42979274061817185,0.5062815592646833,28.275868911093177,28.442925306655784,314.5,14.315551001872038,71.69848480983501,0.22797610432379972,315.0,1.1404985067736841,0.8768095653442498,0.29226764930915033,30.350352487316457,0.5062815592646833,14.315551001872038,28.275868911093177,14.0,28.0,28.442925306655784,28.442925306655784,314.5,14.315551001872038,1.1404985067736841,0.8768095653442498,71.69848480983501,0.22797610432379972,315.0
"ytma10_010704_benign1_ccd.tif","c9b6c0da-653e-45c8-9ac8-7b42487d23f3","Detection","Unclassified",796.498291015625,74.33984375,314.0,,,75.0,132.0,3396288.0,1.8600729408056993,38.0,2.0312355652409955,152.0,101.71337579617834,18.56590531056026,98.5,65.0,87.0,14.796984057290782,104.0009799071915,0.3370763866855643,21.693155736348128,3396288.0,0.3107225445251329,470.5930058014537,6.828947368421054,17.371085508915737,1.3768243292133144,2.6841612803939667,0.4385964912280702,0.7190966938173674,0.37894736842105264,1.0802695870455488,0.2949953831948291,0.82046783625731,0.8164912280701757,0.9836055656382336,0.9382623224728488,-0.30141292637618655,0.8140513709811465,0.32675438596491224,2.503508771929824,0.176955216989843,3.0620654487571137,0.35350877192982455,5.007017543859649,2.5871565253782305,0.7806894429055093,4.440368175829246,43.84076433121019,0.1396202685707331,4.383585540995578,97.56687898089172,0.8447097245324354,7.614649681528663,37.17197452229299,228.98407643312103,9.764823956121726,0.23788658881811747,0.06717466114778065,0.8569237250514737,0.009948544166133074,142.33073929961088,0.27690805311208344,0.9596852336901391,9.23929961089494,10.809338521400779,67.09727626459144,2.7771173800259397,0.208672719412019,4.078492899838439,141.68093385214007,0.27564384017926086,0.40923566878980894,4.838256445971929,0.5204298360938381,5.8121335625108,0.0859962905540186,5.25,0.328125,1.08984375,14.6875,1611.25,8966.5625,375.85602430555554,0.13770833333333332,3.0,0.1875,0.4079274469407395,8.162603212313025,0.02170778967836134,3.4056390622295662,0.050955414012738856,1226.109375,3.1510195623342176,0.033040545695127314,3.310743442264289,0.029969965397129896,0.2695712975107841,0.4406833188845381,31.468922377109756,31.32091952673165,313.5,13.867829154864635,79.840620433566,0.2546750253064306,314.0,1.2720383316557613,0.7861398317284513,0.24792867195919346,21.840156915967107,0.4406833188845381,13.867829154864635,31.468922377109756,30.0,19.0,31.32091952673165,31.32091952673165,313.5,13.867829154864635,1.2720383316557613,0.7861398317284513,79.840620433566,0.2546750253064306,314.0
"ytma10_010704_benign1_ccd.tif","51ef00b2-38e7-441a-a1b5-5e4c17a07a98","Detection","Unclassified",426.7385559082031,176.2704620361328,314.0,,,88.0,116.0,3407766.0,1.0608365343629607,15.0,3.059624805991141,132.0,103.59872611464968,8.737758124061825,105.0,74.0,58.0,6.235734076216144,104.1765710790264,-0.4144644864739344,10.957276541424044,3407766.0,0.5342407399894519,120.06190920524166,7.230902777777779,1.334184340405297,-0.3594001003417111,0.7970731758777008,0.21614583333333334,0.573348246788934,0.21614583333333334,0.7530671999230701,0.1694268120659722,0.8919270833333333,0.8919270833333333,0.9872855392156862,0.9567708333333332,-0.24740792009184528,0.6343931207650961,0.21614583333333334,2.6618923611111107,0.3673122076340663,1.8238171099145042,0.5381944444444444,5.323784722222221,1.6076712765811711,0.2533047523027585,3.655142141207819,54.59872611464968,0.17388129335875696,4.3650452351008155,167.7515923566879,0.25807334983163627,7.5,49.94904458598726,376.0987261146497,7.604166666666666,0.15768754423213024,0.041484261285311484,0.34546258884539893,0.008487865799939803,162.74504249291786,0.46103411471081546,0.3572133634007175,7.569405099150142,22.28328611898017,173.47308781869688,3.248819641170915,0.1670797922568461,4.105149854340085,61.87818696883853,0.17529231435931594,0.28105095541401276,9.623397988909309,0.39732046380308117,3.341596489261664,0.06620757640984463,2.5555555555555554,0.2839506172839506,1.0617283950617287,8.777777777777779,5345.333333333333,43858.555555555555,712.2669753086419,0.23996913580246915,1.4444444444444444,0.16049382716049382,0.271342700817047,2.5890882580066563,0.12219486113230836,2.94770277922009,0.028662420382165606,4128.098765432099,2.5442341993475566,0.03041308805151683,1.5035382406213538,0.009648560486414827,0.1754291722479575,0.5237815605603542,27.706764250139848,27.313000567495326,313.5,14.512292217016082,71.35533905932736,0.22760873703134726,314.0,1.1368489618299418,0.8796243244048344,0.29344242137810567,30.59482979250875,0.5237815605603542,14.512292217016082,27.706764250139848,18.0,25.0,27.313000567495326,27.313000567495326,313.5,14.512292217016082,1.1368489618299418,0.8796243244048344,71.35533905932736,0.22760873703134726,314.0
"ytma10_010704_benign1_ccd.tif","6512190c-6269-4f5d-a049-1c8eee9b8566","Detection","Unclassified",513.2757568359375,725.0903930664062,313.0,,,57.0,129.0,2635789.0,1.889592615977703,39.0,2.410946636268971,153.0,87.78594249201278,22.134879400626783,86.0,51.0,102.0,16.96456692913387,91.76628530245115,0.6080057444191289,26.73348871733518,2635789.0,0.299002745766518,714.6794189998874,4.155381944444445,24.402782830789118,3.954066629762997,3.136549207899305,0.4800347222222222,0.7345369378964798,0.3810763888888889,1.1210354358397052,0.3348155080536266,0.8257378472222222,0.819357638888889,0.9823538486460015,0.9388279183201063,-0.34734009377115543,0.8408038401685025,0.2965374228395061,1.8684895833333335,0.20870519567418974,2.92004995532687,0.3845486111111111,3.7369791666666665,2.4316016362228967,0.9041459825303818,4.003616391854337,54.0926517571885,0.17281997366513896,7.337606793985851,93.58785942492013,1.1083710153211732,5.172523961661342,42.30990415335463,109.49201277955271,30.137680156194538,0.5080209442669509,0.08891558590659077,1.030148070469461,0.01615588917646102,125.15734989648033,0.2591249480258392,1.0994003146312086,8.556935817805384,14.79503105590062,41.892339544513455,10.600012652403954,0.2582683459857373,3.717935699499859,198.32505175983437,0.4106108732087668,0.38578274760383385,8.0758801315107,0.6630385647617005,7.0712579442774715,0.09078435747158685,10.925925925925926,0.4046639231824417,0.6858710562414265,13.592592592592593,970.4814814814815,2287.222222222222,685.9700411522634,0.11690329218106996,5.444444444444445,0.20164609053497942,0.41561870891159636,6.632394995283734,0.029063022443856338,3.598617837390372,0.08626198083067092,836.0932784636489,4.1141793671196,0.04889354459044031,2.5920727005785444,0.03226636144556617,0.4474012210199766,0.6861157288264902,24.19725406537067,24.698178070456937,312.5,16.602116608661554,68.76955262170043,0.22006256838944135,313.0,1.0974032858034997,0.9112420319279593,0.3091582118768125,33.959698014359496,0.6861157288264902,16.602116608661554,24.19725406537067,20.0,22.0,24.698178070456937,24.698178070456937,312.5,16.602116608661554,1.0974032858034997,0.9112420319279593,68.76955262170043,0.22006256838944135,313.0
"ytma10_010704_benign1_ccd.tif","aa70783f-4c99-4d46-88c8-5bc867636b2f","Detection","Unclassified",200.07691955566406,137.2569580078125,312.0,,,107.0,141.90000000000003,4908604.0,1.4044378941796758,21.0,3.687490466633284,183.0,124.55128205128206,11.900312294543044,125.0,89.0,94.0,8.516346510540147,125.4300806354087,0.261925101427065,14.821716081045192,4908604.0,0.42907626561472717,219.68326758711368,6.397033158813264,6.0034194571122335,-0.06341314191846918,1.3912965348781254,0.24781849912739967,0.6976191493750105,0.24781849912739967,0.807802183142479,0.18640449061764267,0.8760907504363001,0.8760907504363001,0.9904685192643308,0.9586969168121,-0.33742019495229825,0.7811416245401813,0.24781849912739967,2.4720767888307154,0.2706081400059087,2.3209583051797846,0.3621291448516579,4.944153577661432,2.0731398060523856,0.4097787585013813,4.0531523296815255,51.083333333333336,0.16372863247863248,3.6980604865220243,133.87179487179486,0.4166255752794215,6.634615384615385,46.282051282051285,302.7307692307692,9.39544960826211,0.2121340811965812,0.047586234725371636,0.39701018278275224,0.00879825839537039,151.39378238341968,0.3922118714596365,0.5347324760396251,6.862694300518135,16.968911917098445,111.84974093264249,3.3430310880829017,0.22297855497985036,4.343535517330109,69.18134715025907,0.17922628795403903,0.3092948717948718,6.5155843109882134,0.378545686066936,2.82043519964728,0.08285866848637748,3.3636363636363638,0.30578512396694213,1.0578512396694215,9.0,3361.6363636363635,22652.0,597.6886111111111,0.2189141414141414,2.8181818181818183,0.256198347107438,0.4795002538876384,5.3164637421298675,0.059885603376036385,3.0271691184406193,0.035256410256410256,2557.1404958677685,1.9056336152882203,0.03590462095266435,2.4510729883640945,0.009268679092897844,0.38511013041499287,0.6468100792914164,25.051532938410674,25.553864678361276,311.5,16.203584006264936,70.18376618407353,0.2253090407193372,312.0,1.1217671347248865,0.8914506130947134,0.29890151093435835,31.74376730488927,0.6468100792914164,16.203584006264936,25.051532938410674,23.0,20.0,25.553864678361276,25.553864678361276,311.5,16.203584006264936,1.1217671347248865,0.8914506130947134,70.18376618407353,0.2253090407193372,312.0
"ytma10_010704_benign1_ccd.tif","e644cdf5-1bc0-426b-8930-d141fca06efd","Detection","Unclassified",610.7083740234375,652.9967651367188,312.0,,,112.1,136.0,4815789.0,1.1456778024858745,12.0,3.490666850708832,150.0,123.86858974358974,7.356426692965167,124.0,96.0,54.0,4.955917911835821,124.23856548530394,-0.20184781657659798,9.580899163460995,4815789.0,0.47824211045364895,91.79362878040757,6.195993031358886,1.834314361147467,-0.17729587342215142,0.9357252121550584,0.2369337979094077,0.5959033344290215,0.2369337979094077,0.7899040024329002,0.18079617331763165,0.8815331010452963,0.8815331010452963,0.9860627177700348,0.9526132404181186,-0.25875182319658835,0.6678640669095345,0.2369337979094077,2.45383275261324,0.3067613422525464,1.98742193749809,0.3893728222996516,4.907665505226481,1.7504881395886822,0.29316475251611646,3.7689391932828644,50.60897435897436,0.16220825115055884,3.3520710059171597,149.21153846153845,0.29450197238658776,6.448717948717949,47.11538461538461,298.5064102564103,9.013109864672364,0.19526798433048434,0.034027911526671444,0.258540157070663,0.006226496926590621,172.1451612903226,0.46275580992022197,0.3410437622846572,6.685483870967742,17.77956989247312,113.23655913978494,3.366114097968937,0.20026881720430106,4.044661483107134,63.913978494623656,0.1718117701468378,0.2980769230769231,6.524627124523066,0.34488004193078076,2.5516631007761195,0.0659314921312629,1.4,0.28,1.0400000000000003,7.8,7029.2,40405.6,1420.7736111111112,0.30694444444444446,1.0,0.2,0.20563998572658257,3.2062715693692603,0.01806615495582351,2.321928094887362,0.016025641025641024,3135.4399999999996,3.106335899629314,0.030071819877509648,1.5529230087360675,0.011348536712471479,0.1713266517293252,0.671208276854993,24.35330495199909,24.73863375370596,311.5,16.346139852555474,68.28427124746186,0.21921114365156294,312.0,1.0914069658664813,0.9162485042470733,0.3114598688558992,34.46723450257005,0.671208276854993,16.346139852555474,24.35330495199909,16.0,24.0,24.73863375370596,24.73863375370596,311.5,16.346139852555474,1.0914069658664813,0.9162485042470733,68.28427124746186,0.21921114365156294,312.0
"ytma10_010704_benign1_ccd.tif","dccbc729-81b9-4168-ba7b-e4fb79c05f69","Detection","Unclassified",878.65380859375,634.0601196289062,311.0,,,97.0,134.0,4189506.0,1.4962826988998588,24.0,2.463388135914732,156.0,115.12540192926045,12.34127025154829,113.0,87.0,69.0,9.531951904296875,116.06498346121491,0.41368739388788106,14.738460451428587,4189506.0,0.4122889548288376,217.22221647832453,4.628947368421052,6.070338679505619,0.2635341292597434,1.4651769775315484,0.2666666666666667,0.692043022983031,0.2666666666666667,0.8366407419411672,0.19555555555555557,0.8666666666666666,0.8666666666666666,0.9843137254901961,0.9466666666666669,-0.32039227472092924,0.7757134473941788,0.2666666666666667,2.080701754385965,0.27056401969836874,2.4131273995796363,0.46842105263157896,4.161403508771929,2.1464607329129697,0.43296091104955375,4.055541924889417,47.263665594855304,0.1519732012696312,4.247536729355568,128.22186495176848,0.47102490669037755,5.070739549839228,44.90353697749196,205.55305466237942,14.801446945337624,0.3259646302250804,0.04619583676628922,0.3684608651129858,0.011257242273902665,138.06372549019608,0.33839148404459823,0.6438809592464437,5.963235294117647,15.5,72.8970588235294,4.764910130718954,0.3124489379084967,4.137516597716502,82.45588235294117,0.2020977508650519,0.3279742765273312,6.2034794309880805,0.43156300061989,3.3787976739117136,0.1058263318808041,3.5454545454545454,0.32231404958677684,1.0578512396694217,9.0,3275.7272727272725,13993.363636363636,912.7386363636364,0.2720959595959596,1.3636363636363635,0.12396694214876033,0.22747498444772277,3.3139299830573035,0.021253067314668913,3.277613436819116,0.03536977491961415,2476.380165289256,3.78368320610687,0.03485794825668227,1.5833538307989365,0.02092181904282141,0.17830044297082054,0.5296445461978474,27.488345020178713,27.51363298439521,310.5,14.559052023942412,71.11269837220807,0.2290264037752273,311.0,1.138443348436459,0.8783924130905615,0.29212312021982373,30.320342842176057,0.5296445461978474,14.559052023942412,27.488345020178713,26.0,16.0,27.51363298439521,27.51363298439521,310.5,14.559052023942412,1.138443348436459,0.8783924130905615,71.11269837220807,0.2290264037752273,311.0
"ytma10_010704_benign1_ccd.tif","b7291e5f-18c0-49fe-9fbe-82222e17e8a7","Detection","Unclassified",114.91935729980469,618.1484985351562,310.0,,,88.0,136.10000000000002,4063119.0,1.7059074728884964,25.75,2.7068324832984385,168.0,112.9258064516129,15.096649323621238,112.0,72.0,96.0,10.71166594087192,114.4850884782423,0.211785099231073,18.83076528247934,4063119.0,0.3494693028095734,354.5977211238293,9.300263388937667,10.70153907017558,0.5595668370465199,2.008759589954992,0.30377524143985946,0.7372794240191992,0.29675153643546964,0.9003241704546329,0.21571376706304762,0.8527948492829969,0.8523266022827042,0.9883722284194567,0.9507086416656212,-0.3466315454689725,0.82417961760689,0.29060579455662855,2.978928884986831,0.21686151692603456,2.71202635799327,0.3863037752414399,5.9578577699736615,2.3885162808671465,0.5781337078487129,4.307432519850566,42.84516129032258,0.138210197710718,4.517377731529657,108.33548387096774,0.6353381893860562,9.987096774193548,42.87741935483871,369.8838709677419,6.192033154121864,0.135581541218638,0.05343456546298328,0.7387085720787718,0.006595700608084068,132.2367816091954,0.3039926014004492,0.8183696657418419,11.898850574712643,13.577011494252874,119.15862068965517,1.9476871008939975,0.1250338441890166,4.25886972295106,98.10344827586206,0.22552516845025763,0.35080645161290325,5.451235301889286,0.4664638748193197,6.669069628768726,0.05365986477977593,3.6153846153846154,0.2781065088757396,1.597633136094675,15.23076923076923,2331.230769230769,20391.846153846152,303.93707264957266,0.1602777777777778,3.0,0.23076923076923078,0.32921177787260686,5.805643254873844,0.03956914588425032,3.392747410448785,0.041935483870967745,1762.5917159763314,1.6550859149630002,0.0411109427099121,2.5537914871361638,0.016585644945501275,0.326063745481223,0.6435313025885201,24.810880099369832,25.0,309.5,15.966577988715057,69.35533905932735,0.2240883329865181,310.0,1.112102048005987,0.8991980563231697,0.3023192964143128,32.47386512039476,0.6435313025885201,15.966577988715057,24.810880099369832,18.0,24.0,25.0,25.0,309.5,15.966577988715057,1.112102048005987,0.8991980563231697,69.35533905932735,0.2240883329865181,310.0
"ytma10_010704_benign1_ccd.tif","814381df-cf0f-4ae0-a845-ed2698f9dfdd","Detection","Unclassified",848.9121704101562,336.0100402832031,308.0,,,94.0,123.0,3569708.0,1.1060698550169983,11.25,4.572573724981324,142.0,106.95454545454545,8.760920897284533,107.0,65.0,77.0,5.360159999999997,107.65668134844692,-0.5588699556691608,12.275432602259247,3569708.0,0.606995277449823,150.68624557260924,8.294951284322408,5.416215739573084,-1.396009053179356,0.9264883210252925,0.2134632418069088,0.6254871719697269,0.20992028343666963,0.7526557188311643,0.1693967164087771,0.8956303513433715,0.8953941541186891,0.9875058615120095,0.9581340419250073,-0.27679401999980224,0.663382385303903,0.20682019486271036,2.848981399468556,0.4876639775434809,1.8052795359172051,0.687333923826395,5.697962798937112,1.5793371702289447,0.28498789070805036,3.2949311130643917,58.9025974025974,0.1912421993590825,5.104908078934053,186.95454545454547,0.3020218417945691,8.633116883116884,51.41558441558441,438.4123376623377,6.941039862914863,0.14950847763347763,0.058354633249403653,0.6628195539579469,0.007628985892697627,117.6508875739645,0.3480795490353979,0.641547914988971,9.168639053254438,25.7396449704142,225.07100591715977,3.2428500986193294,0.17096071663379356,4.112120119298164,69.42603550295858,0.2054024719022443,0.27435064935064934,12.453835650012254,0.4536546754374428,4.932429926620438,0.0689247612870712,9.0,0.5,1.0,12.11111111111111,3128.222222222222,27879.166666666668,358.0304783950617,0.15895061728395063,4.111111111111111,0.22839506172839505,0.46165660296751615,6.033842089946286,0.050599196206840016,2.858278308418045,0.05844155844155844,2835.432098765432,1.7197920211438549,0.0426611297779204,1.243911691767712,0.010418967508936006,0.21349232082925196,0.5507490852462263,26.72082284664296,27.459060435491963,307.5,14.716468739815078,70.76955262170044,0.23014488657463558,308.0,1.138463098234693,0.8783771749392715,0.2914073546829473,30.171941929445218,0.5507490852462263,14.716468739815078,26.72082284664296,24.0,19.0,27.459060435491963,27.459060435491963,307.5,14.716468739815078,1.138463098234693,0.8783771749392715,70.76955262170044,0.23014488657463558,308.0
"ytma10_010704_benign1_ccd.tif","c7964b9e-e838-4c63-a8b3-7f4f61071e68","Detection","Unclassified",819.0148315429688,281.4642333984375,307.0,,,96.0,144.0,4245912.0,1.6607861169604936,27.0,2.460976185400253,164.0,116.14332247557003,15.495188277859734,111.0,84.0,80.0,11.851647999999978,117.6024330001595,0.5974001156389366,18.46783397945607,4245912.0,0.36691105475920166,341.0608918927522,4.835543766578249,10.347305868857097,0.977624834911357,1.90443579815207,0.2900088417329797,0.7356881677833794,0.2900088417329797,0.8687326675166682,0.20590371344967526,0.8549955791335102,0.8549955791335102,0.9829406563686482,0.941998231653404,-0.34948507884113905,0.8187737100746395,0.2900088417329797,2.1052166224580016,0.23495947734491587,2.6207383687375723,0.4270557029177719,4.210433244916004,2.3307295270045922,0.5486111599712624,4.168431855488081,47.16938110749186,0.15364619253254677,3.8846247705545944,112.64169381107492,0.6116775774809282,5.374592833876221,42.71335504885994,190.92508143322476,15.349280673181326,0.3371561708288093,0.046283671992141055,0.39758095260664283,0.011714700622846422,125.25882352941177,0.2947266435986159,0.8273162629757784,6.689411764705882,13.435294117647059,63.00705882352941,4.531732026143791,0.30485294117647066,4.265664622641826,88.18117647058824,0.20748512110726644,0.34609120521172637,5.086593771626297,0.4261413759078614,3.7516527518640723,0.10227521483271507,3.0,0.3,1.29,9.7,3249.7,15056.2,880.4604166666666,0.2833333333333333,1.2,0.12,0.2369255187893587,3.562100502845481,0.016939170734511774,3.121928094887362,0.03257328990228013,2307.2100000000005,4.383900611392782,0.03654956152006378,1.5575717768731934,0.02927654098636672,0.178082741883079,0.8353095798696003,21.67866172845243,22.135943621178654,306.5,18.108393820528782,66.52691193458115,0.21705354627922072,307.0,1.071956577076162,0.9328736083019065,0.31868343924762305,36.08454529243404,0.8353095798696003,18.108393820528782,21.67866172845243,19.0,21.0,22.135943621178654,22.135943621178654,306.5,18.108393820528782,1.071956577076162,0.9328736083019065,66.52691193458115,0.21705354627922072,307.0
"ytma10_010704_benign1_ccd.tif","6472a806-dd60-4cc2-95af-e2ed67e50937","Detection","Unclassified",798.5914916992188,535.9759521484375,307.0,,,105.0,141.0,4581740.0,1.2559237444855305,20.5,2.5799700383361417,162.0,121.38762214983713,11.37351059427686,119.0,90.0,72.0,8.580309901738477,122.16478431891613,0.3705773837900376,13.757896514208324,4581740.0,0.4758777281456567,189.27971649566558,5.8868258178603,4.117298621589618,0.6188499546112266,1.2440388661005144,0.13969938107869143,0.798084093775,0.13969938107869143,0.5834509760287205,0.12018346400492198,0.9301503094606545,0.9301503094606545,0.9917823893483122,0.9720601237842617,-0.49889248103104133,0.8472489347524957,0.13969938107869143,2.3687002652519893,0.37948702313469534,1.903489944571565,0.5349248452696729,4.737400530503979,1.7637905634928739,0.3459345617948014,3.5185033568800983,71.28013029315962,0.2321828348311388,3.129539835966429,146.09446254071662,0.33931394497554346,5.993485342019544,56.986970684039086,329.27035830618894,12.029474303293522,0.21749457111834966,0.030515113362270953,0.18892728858342706,0.008828340966116613,98.94509803921568,0.38801999231064976,0.5067896962706652,6.533333333333333,37.082352941176474,204.8549019607843,7.9450435729847495,0.23730936819172116,4.744318744567424,29.149019607843137,0.11430988081507112,0.20765472312703584,13.891518646674355,0.24009714516133998,1.6412790198762168,0.06848902172927453,2.142857142857143,0.30612244897959184,1.1020408163265307,7.0,6311.857142857143,33638.57142857143,1352.0882936507935,0.3779761904761905,1.2857142857142858,0.1836734693877551,0.32659282304926673,1.7990072391390421,0.16511523444703505,2.8073549220576046,0.02280130293159609,4388.408163265306,1.850395802650958,0.061086321737875995,0.8317912529800895,0.00780017689365046,0.3030857214444779,0.8613814970804164,21.351757607120305,22.135943621178654,306.5,18.39200893291946,66.52691193458114,0.21705354627922066,307.0,1.0719565770761619,0.9328736083019067,0.31868343924762316,36.084545292434065,0.8613814970804164,18.39200893291946,21.351757607120305,19.0,21.0,22.135943621178654,22.135943621178654,306.5,18.39200893291946,1.0719565770761619,0.9328736083019067,66.52691193458114,0.21705354627922066,307.0
"ytma10_010704_benign1_ccd.tif","60968f4c-0fc9-40df-a3db-101432e03638","Detection","Unclassified",700.86181640625,189.34564208984375,305.0,,,53.0,77.0,1240034.0,0.5735625689939448,11.0,3.827880501412603,100.0,63.13442622950819,7.066723998924992,61.0,50.0,50.0,4.938810495071491,63.762726148602205,1.0024932550025074,8.929136048489056,1240034.0,0.7761461972588014,79.72947057242676,1.2233096085409254,0.6700249102229459,0.3478570167596139,0.24172376236369852,0.09964412811387899,0.41620679101086094,0.09964412811387899,0.46786649027333405,0.08971517584630385,0.9501779359430605,0.9501779359430605,0.9900355871886121,0.9750889679715301,-0.1699910026509489,0.3737591295568024,0.09964412811387899,1.0898576512455516,0.7522400298881726,0.8099259013908267,0.8638790035587188,2.179715302491103,0.7102817732769477,0.08534197261939437,2.0178454890564215,127.97049180327869,0.4195753829615695,4.546240257995162,236.72459016393444,0.12050524052674012,1.4,62.855737704918035,66.89508196721312,61.849544626593804,0.9036429872495445,0.03301755665836462,0.10603941458186189,0.01840507942703493,100.89423076923077,0.4850684171597633,0.2832609097633136,2.7548076923076925,69.09615384615384,73.86538461538461,67.92521367521368,0.5826655982905983,3.4131948564057746,48.94230769230769,0.23529955621301776,0.17049180327868851,34.69341715976332,0.4879796131694739,1.995489506549903,0.132469661191888,3.0,0.5,0.3333333333333333,4.333333333333333,11890.833333333334,12186.166666666666,11817.185185185184,0.35185185185185186,1.0,0.16666666666666666,0.21591383775955175,1.6969816178330135,0.03083207792637149,2.584962500721156,0.019672131147540985,9306.805555555555,4.462536212203512,0.06496842615635937,0.4277666807568724,0.004845765638439825,0.2514661912761022,0.8490441429962147,21.58232244831134,22.135943621178654,304.5,18.324344466994468,66.4264068711928,0.21814911944562496,305.0,1.0738464377003545,0.9312318455341745,0.3173227568481409,35.77706282320449,0.8490441429962147,18.324344466994468,21.58232244831134,21.0,21.0,22.135943621178654,22.135943621178654,304.5,18.324344466994468,1.0738464377003545,0.9312318455341745,66.4264068711928,0.21814911944562496,305.0
"ytma10_010704_benign1_ccd.tif","f592538b-97eb-442f-ac0d-7d99b3b43ac8","Detection","Unclassified",75.61124420166016,208.73248291015625,305.0,,,107.0,139.0,4750799.0,1.1711486545842413,18.0,2.5488838332410246,146.0,124.2,10.060327868852474,125.0,91.0,55.0,7.37907330292815,124.80540919340966,-0.41705664786976426,12.278035833732778,4750799.0,0.4716689062080086,150.75016393442615,6.507142857142857,2.7724087155762724,-0.6814067397048098,1.040532525510204,0.24464285714285716,0.6192848689058659,0.24464285714285716,0.8026763111675901,0.18479272959183674,0.8776785714285713,0.8776785714285713,0.9755357142857143,0.9388392857142858,-0.26878423537455365,0.6840650744822598,0.24464285714285716,2.5116071428571427,0.3061734693877551,2.0321351680705844,0.44375,5.023214285714285,1.787492310927727,0.32129384566326524,3.5769982079822182,53.50491803278688,0.1754259607632357,3.3428218220908357,143.85901639344263,0.31544208546089764,6.508196721311475,46.21311475409836,329.05245901639347,8.111657559198543,0.20218579234972678,0.04140917623880153,0.25600503647117623,0.010849918594402614,175.28877005347593,0.46868655094512285,0.32826217506934713,5.689839572192513,18.09625668449198,133.75935828877004,2.9832144979203803,0.24049316696375522,3.8592497936622547,68.86096256684492,0.18412022076696502,0.30655737704918035,7.4554033572592875,0.34513153401834124,1.8079033184215378,0.09314025133498119,3.2222222222222223,0.35802469135802467,0.617283950617284,5.555555555555555,3472.1111111111113,27211.666666666668,504.01234567901236,0.3549382716049383,1.6666666666666667,0.18518518518518517,0.3628315508500219,2.363900767789891,0.1403471630729625,2.94770277922009,0.029508196721311476,2323.654320987654,5.061454190884064,0.03225875906522124,0.8047761482924329,0.023769788273865076,0.10623229341479906,0.6716274738640514,24.129034900827108,24.186773244895647,304.5,16.205722757220045,68.52691193458115,0.22504732983442086,305.0,1.107803112250959,0.9026874802401371,0.3028451469205784,32.58693266094874,0.6716274738640514,16.205722757220045,24.129034900827108,17.0,24.0,24.186773244895647,24.186773244895647,304.5,16.205722757220045,1.107803112250959,0.9026874802401371,68.52691193458115,0.22504732983442086,305.0
"ytma10_010704_benign1_ccd.tif","049790c8-975e-4e22-8b36-9d29892ac578","Detection","Unclassified",165.88916015625,275.89654541015625,305.0,,,107.0,142.0,4851098.0,1.2644496635490274,19.0,2.8726918735453744,155.0,125.41639344262295,10.676248320343998,127.0,86.0,69.0,7.8123901227399575,126.11597576937783,-0.32805532944308763,13.265277988323417,4851098.0,0.4628540714861596,175.96760010749776,6.743957027752909,3.8490694937805077,-0.641784290509816,1.1655805252751288,0.23903312444046554,0.6596457332037676,0.23724261414503134,0.7974040330631026,0.1827490664740973,0.8816771113100565,0.8815577439570277,0.985970825214598,0.9526111608475082,-0.3040949398907943,0.7341535367255697,0.2356759176365264,2.551924798567592,0.30206085009966427,2.1591414655869086,0.4458370635631155,5.103849597135183,1.9134797426742955,0.3511534124288985,3.8777115686070855,48.9344262295082,0.16044074173609243,3.3232356893308252,141.17049180327868,0.3464015049717818,6.819672131147541,46.79672131147541,328.9049180327869,8.519330601092895,0.19592440801457195,0.03744176538253431,0.287523822431219,0.0069442319884845255,155.1525885558583,0.4227590968824477,0.41862364409862723,6.580381471389646,16.637602179836513,120.84468664850137,2.856494096276113,0.21476687859521645,4.136725403394395,61.735694822888284,0.16821715210596264,0.3008196721311475,5.586959588385095,0.32119683832849694,2.2260426802296354,0.06668287304629499,2.5555555555555554,0.2839506172839506,0.8888888888888888,8.0,2743.222222222222,18947.777777777777,471.96373456790127,0.24537037037037038,1.2222222222222223,0.13580246913580246,0.23372199564404003,2.9039702434156207,0.021690945369173147,3.169925001442312,0.029508196721311476,1594.7654320987654,2.6196024006529317,0.034405993679879496,1.416011490939711,0.01290870661128431,0.1875040780419904,0.5958789041568547,25.73192567925511,25.80697580112788,304.5,15.333111675600163,70.76955262170047,0.23241232388078972,305.0,1.1440575451841566,0.8740819062899777,0.2885643561006745,29.586092920178622,0.5958789041568547,15.333111675600163,25.73192567925511,21.0,22.0,25.80697580112788,25.80697580112788,304.5,15.333111675600163,1.1440575451841566,0.8740819062899777,70.76955262170047,0.23241232388078972,305.0
"ytma10_010704_benign1_ccd.tif","138ea9bc-fcc6-4390-9a49-6d7c7fa14f1f","Detection","Unclassified",442.6940002441406,184.2041473388672,304.0,,,101.0,122.0,3807769.0,0.8150175591200035,11.0,5.062656914159018,148.0,111.40460526315789,7.751882790858727,112.0,74.0,74.0,4.690472991131419,111.9176300725343,-0.7408352644388821,10.703730527839525,3807769.0,0.7164343836565096,114.56984721260379,8.739518287243532,1.7502987134262222,-0.45451118484158237,0.4952902221079848,0.12756467439785907,0.5903871829105473,0.12578055307760927,0.5508934369092263,0.11174392686534979,0.9374070770145704,0.9372881355932203,0.9925276801175421,0.9749033600951533,-0.3275090913409983,0.6266964341040802,0.12421944692239073,2.9406779661016955,0.6374246901064028,1.273642077834736,0.7930419268510259,5.881355932203389,1.1387272288069208,0.15571372412646095,2.7379634648670286,92.52631578947368,0.3043628808864266,4.464984418282548,217.79605263157896,0.16997056786703602,8.973684210526315,60.026315789473685,522.6118421052631,7.228527046783626,0.12362938596491227,0.04863142013018658,0.581134203833824,0.00740945489665706,96.54893617021277,0.4108465368945224,0.4831869624264373,10.106382978723405,51.719148936170214,459.336170212766,5.996631205673759,0.13268321513002362,4.263685430701133,36.67659574468085,0.1560706201901313,0.19325657894736842,24.94402897238569,0.3905806079921194,4.908756976729577,0.05085687957657302,7.923076923076923,0.6094674556213018,0.8639053254437871,13.384615384615385,5066.923076923077,45332.46153846154,571.2115384615385,0.1527777777777778,4.230769230769231,0.3254437869822485,0.5742232307704378,8.032539863607584,0.10802279082615113,2.5073801024236357,0.04276315789473684,4520.082840236686,1.105027654412369,0.059392538254181296,0.9436917552021433,0.003923003595628215,0.31129771378648813,0.9864463541805889,19.85780010577465,20.615528128088304,303.5,19.588654516388313,65.35533905932732,0.21533884368806366,304.0,1.0582707493469594,0.9449377681629042,0.3240874031677441,37.318703554233224,0.9864463541805889,19.588654516388313,19.85780010577465,20.0,20.0,20.615528128088304,20.615528128088304,303.5,19.588654516388313,1.0582707493469594,0.9449377681629042,65.35533905932732,0.21533884368806366,304.0
"ytma10_010704_benign1_ccd.tif","f192ca4b-c489-4b30-9bd2-a8cad4ba0dbf","Detection","Unclassified",18.77992820739746,706.4603271484375,304.0,,,82.3,107.0,2715253.0,0.8637409950906534,16.0,2.6054526705157866,123.0,93.99013157894737,8.159950657894745,92.0,75.0,48.0,6.103906404917728,94.50795357785336,0.5294087380102334,9.879699147537075,2715253.0,0.5914343836565097,97.6084552458448,1.7144136078782455,1.000585881461834,0.5574291153244185,0.6417849319822488,0.12623097582811102,0.6712803093154673,0.12623097582811102,0.5470102635454395,0.11029671656959386,0.9368845120859444,0.9368845120859444,0.9747538048343778,0.9579230080572962,-0.37143941377011114,0.6770602830498594,0.12623097582811102,1.2591763652641004,0.5056953295252262,1.3443783132227192,0.6777081468218442,2.5183527305282003,1.218147337394608,0.19200397695258997,3.0091219191304828,88.73026315789474,0.2918758656509695,4.316135734072023,179.79605263157896,0.20428280817174516,1.8585526315789473,59.38815789473684,96.81907894736842,50.030427631578945,0.7853618421052632,0.046135281262846266,0.14544409552319953,0.021308077697757954,120.675,0.5028125,0.24859375,2.6125,45.09166666666667,66.84166666666667,39.65416666666667,0.596875,4.014797068123812,35.583333333333336,0.1482638888888889,0.19736842105263158,19.420555555555552,0.36915884830010737,1.3488427205758697,0.12423788023116686,8.2,0.82,0.09,3.7,5303.2,7086.1,4857.475,0.325,4.2,0.42,0.6500189898888495,2.600069588640747,0.16250634020087512,1.5709505944546687,0.03289473684210526,4379.039999999999,74.03370708748614,0.04774695013925259,0.1377878031839467,0.02993923909706909,0.044889779559118236,0.6101336705727206,25.216251539777414,25.0,303.5,15.38528411004941,68.18376618407353,0.2246582081847563,304.0,1.1040702469222268,0.9057394697372388,0.3041321133899103,32.864483087513676,0.6101336705727206,15.38528411004941,25.216251539777414,19.0,23.0,25.0,25.0,303.5,15.38528411004941,1.1040702469222268,0.9057394697372388,68.18376618407353,0.2246582081847563,304.0
"ytma10_010704_benign1_ccd.tif","ca4a3e09-136a-4d26-981f-a6e8ff676f74","Detection","Unclassified",60.622718811035156,134.09950256347656,302.0,,,94.0,125.0,3824442.0,1.153045054640414,15.5,2.9179712073810236,142.0,111.90066225165563,9.385290118854396,114.0,79.0,63.0,6.5459872309437905,112.533173916797,-0.5921840017369773,11.914571726628377,3824442.0,0.5463576158940397,141.95701942897233,3.879387938793879,2.7321752609933982,-0.2851385443894446,0.9017022314292635,0.22502250225022502,0.6005723571623738,0.22502250225022502,0.769232977037873,0.1743873757312725,0.8874887488748875,0.8874887488748875,0.9774977497749775,0.9437443744374439,-0.2851789278733048,0.6910484348222942,0.22502250225022502,1.926192619261926,0.3926498860507112,1.951931825183741,0.6003600360036003,3.852385238523852,1.726909322933516,0.2816811834198721,3.6349093926601554,50.496688741721854,0.16720757861497304,3.75224770843384,165.0,0.28783825270821456,4.052980132450331,48.66887417218543,179.6953642384106,17.97626931567329,0.3655261221486387,0.04534959887805993,0.27575398598242334,0.0128777529683691,140.04322766570604,0.4035827886619771,0.4488202709099817,4.778097982708934,18.997118155619596,71.88472622478386,6.665385846942043,0.3532660902977906,4.106832659454404,55.85302593659942,0.16095972892391766,0.28725165562913907,6.877891187535815,0.3453896337740585,2.1869579444597234,0.09921287612968183,7.166666666666667,0.5972222222222222,0.576388888888889,7.25,4056.8333333333335,15757.166666666666,1166.6574074074074,0.2708333333333333,2.1666666666666665,0.18055555555555555,0.393093280569367,3.4634896860634767,0.05193736621001436,2.7516291673878226,0.039735099337748346,3423.4722222222226,5.303924603174602,0.03795931284785377,0.5991812312109032,0.02100768410546437,0.08693304896160124,0.7315433587640262,22.953925700389586,23.08679276123039,301.5,16.791791903682903,66.28427124746186,0.21984832917897798,302.0,1.076866571431448,0.9286201526998173,0.3152075790122187,35.301694222492195,0.7315433587640262,16.791791903682903,22.953925700389586,17.0,22.0,23.08679276123039,23.08679276123039,301.5,16.791791903682903,1.076866571431448,0.9286201526998173,66.28427124746186,0.21984832917897798,302.0
"ytma10_010704_benign1_ccd.tif","32658373-b496-4ecb-9e1d-4d0c97a85826","Detection","Unclassified",574.3119506835938,513.3541259765625,301.0,,,122.0,162.0,6047021.0,1.5409103762540468,24.0,2.425887303366657,179.0,140.86046511627907,13.225990883102837,139.0,100.0,79.0,10.03648212846011,141.73838846311045,0.09449483788695065,15.751194600573276,6047021.0,0.3788148033686162,248.10013134512874,4.986351228389446,6.540083930806712,-0.16744031100176363,1.6914326118292666,0.27752502274795265,0.7180995488432196,0.27388535031847133,0.860176097975976,0.20251183762888095,0.8636639369123446,0.8634212920837124,0.9837392281753465,0.9453442523506217,-0.33452444850179247,0.798107978484277,0.2707006369426751,2.152411282984531,0.22790219580874665,2.522394406589737,0.38034576888080074,4.304822565969063,2.2336710215033286,0.4922394086443048,4.281752918767007,45.59136212624585,0.1514663193562985,3.843909007626847,114.02325581395348,0.509751547996159,5.332225913621262,43.730897009966775,223.56478405315616,14.053202288667404,0.3234588409007014,0.04524226637252661,0.30591519178115445,0.01244287002822539,140.6980198019802,0.34826242525242623,0.6044260366630723,5.7227722772277225,13.797029702970297,72.95049504950495,4.12881600660066,0.3210602310231023,4.255632051448978,78.53465346534654,0.1943927065973924,0.33554817275747506,4.9154494657386545,0.4027810101897292,2.718343234747455,0.10905608232009899,2.6,0.26,1.05,7.3,2720.1,13342.5,699.3125,0.32083333333333336,1.2,0.12,0.24070770663949587,2.4205729247759473,0.03618357897613135,3.321928094887362,0.03322259136212625,1814.0900000000001,3.9145554400103992,0.034982944361843515,1.648078920423357,0.022871683412155026,0.1828567680066255,0.4964098980432845,28.14302325467544,26.92582403567252,300.5,13.970475304483221,71.4558441227157,0.23778983069123363,301.0,1.162814888628613,0.8599821087424916,0.280680931390976,27.991621958205243,0.4964098980432845,13.970475304483221,28.14302325467544,14.0,26.0,26.92582403567252,26.92582403567252,300.5,13.970475304483221,1.162814888628613,0.8599821087424916,71.4558441227157,0.23778983069123363,301.0
"ytma10_010704_benign1_ccd.tif","f1a9fd39-582d-4a28-a0bd-bc2099a457d1","Detection","Unclassified",152.44398498535156,698.4168090820312,301.0,,,88.0,114.0,2995419.0,1.1484157936955066,10.0,3.5914465515766896,128.0,99.22591362126246,7.788567455105346,98.0,68.0,60.0,5.193102656985032,99.75749665832079,0.1254477163583333,10.284755979635342,2995419.0,0.484442776569795,105.77620556064491,5.868349864743012,1.7081028435719379,0.26211923005191307,0.89598099328309,0.21911632100991885,0.6070005403091793,0.21911632100991885,0.7585506453559854,0.17110435887699704,0.8904418394950406,0.8904418394950406,0.9871108046464754,0.9561767357980162,-0.27204848523520747,0.6740236965585222,0.21911632100991885,2.387285843101893,0.33748509002090443,1.9235928275537117,0.48512173128944996,4.774571686203788,1.7044765065437928,0.27877432857325224,3.4726396097193724,56.136212624584715,0.18649904526440106,3.275107338771095,145.81727574750832,0.2923146543636384,6.222591362126246,48.8936877076412,277.2990033222591,10.072282207456627,0.19857419712070878,0.03071091605708359,0.22328201524857508,0.005952897250665712,157.18934911242604,0.46505724589475156,0.36353769125730895,7.1420118343195265,20.668639053254438,111.98816568047337,4.415023011176857,0.188732741617357,4.0372766854442155,55.023668639053255,0.16279191905045343,0.2807308970099668,7.97986765169287,0.32398823521528997,2.6423574887366326,0.06276948890612008,1.4,0.28,1.0400000000000003,7.8,7136.6,36991.4,1551.9625,0.30694444444444446,1.0,0.2,0.034829706060577795,0.36898617915493387,0.013901851841645673,2.321928094887362,0.016611295681063124,3512.5600000000004,3.0065123186288827,0.034122700827155655,1.4229245464936529,0.010543089583506778,0.1899363648573522,0.9513905798542441,20.08127520970752,21.02379604162864,300.5,19.105136065976296,65.11269837220806,0.21668119258638288,301.0,1.059591640621571,0.9437598048748159,0.32267922087497825,36.99510339588154,0.9513905798542441,19.105136065976296,20.08127520970752,20.0,19.0,21.02379604162864,21.02379604162864,300.5,19.105136065976296,1.059591640621571,0.9437598048748159,65.11269837220806,0.21668119258638288,301.0
"ytma10_010704_benign1_ccd.tif","73dc8c3b-456b-4246-96c9-c13791a8ef42","Detection","Unclassified",372.6042785644531,197.20645141601562,299.0,,,101.0,146.2,4744812.0,1.6678507221812129,20.0,3.3846275988977443,177.0,124.76923076923077,13.003344481605323,125.0,83.0,94.0,8.31729166666667,125.97196694046457,0.26240858701999764,17.365929520297385,4744812.0,0.3649064328139506,301.5755081039362,6.437043795620437,9.324003264416495,-0.1380010348637447,1.7999360647876814,0.3631386861313869,0.6642384309861755,0.354014598540146,0.9686717537593456,0.23781235015184615,0.8245133819951337,0.8239051094890508,0.9861057329280333,0.9412148070907196,-0.2666278613398933,0.7569867245438152,0.3460310218978102,2.4653284671532845,0.20054886048803877,2.7663410741266814,0.29744525547445255,4.930656934306569,2.383701937020811,0.5407686877297673,4.246564598227642,41.508361204013376,0.1388239505150949,4.110625160792385,109.10702341137124,0.5965928792742813,7.023411371237458,37.39464882943144,233.4046822742475,8.845190449646973,0.23101356373095502,0.06370576082532603,0.6852618643146593,0.012999773906218006,150.7432712215321,0.31209787002387596,0.7880954524216744,8.043478260869565,9.879917184265011,63.56935817805383,2.239361628709455,0.2206418219461697,4.066112979797367,125.13250517598344,0.25907350968112514,0.40384615384615385,3.7483979098885922,0.5029466354818647,4.86796977219756,0.09491972572382529,4.375,0.2734375,1.5625,12.125,1766.3125,12347.75,316.18164930555554,0.2181076388888889,2.75,0.171875,0.37288418850167676,5.693135441029344,0.08257483346681753,3.577819531114783,0.05351170568561873,1417.08984375,2.4044058518626166,0.03162641044522773,3.26068312707191,0.019519437750582916,0.2875175643789815,0.6056749291954823,25.389712106663662,24.698178070456937,298.5,15.377912082497193,69.01219330881972,0.23119662750023356,299.0,1.1268049091228913,0.8874650721733217,0.2937518794253439,30.65939311308177,0.6056749291954823,15.377912082497193,25.389712106663662,20.0,23.0,24.698178070456937,24.698178070456937,298.5,15.377912082497193,1.1268049091228913,0.8874650721733217,69.01219330881972,0.23119662750023356,299.0
"ytma10_010704_benign1_ccd.tif","95d90c98-529d-4eec-b3a1-9758594280a5","Detection","Unclassified",797.6046142578125,674.1768798828125,298.0,,,92.0,154.0,4452242.0,1.9266294816549212,36.0,2.176583320886925,176.0,120.08053691275168,19.27548308634738,117.0,75.0,101.0,14.894922608081817,122.2309674181349,0.33466665616538366,22.82704647383091,4452242.0,0.28205936669519394,521.0740507184363,5.545961002785514,21.15608133452706,1.7543776806567637,2.958806961460572,0.4401114206128134,0.7410285442957064,0.3714020427112349,1.0820891999811808,0.30217194328273544,0.8257505416279793,0.8211699164345406,0.9836193966440819,0.9397355971172127,-0.3192766359321707,0.8340624035837854,0.3112813370473538,2.2172701949860723,0.1525330429707336,3.1311490457614517,0.28319405756731664,4.434540389972145,2.631923170435654,0.8497295955183465,4.67028396592892,40.56375838926174,0.13611999459483806,5.1177874870501325,84.05369127516778,0.9265461015269582,6.365771812080537,38.66442953020134,198.33892617449663,16.151210850111855,0.3455620805369128,0.069391131732335,0.7305109132268367,0.013222710222655155,132.35564853556485,0.2768946622082947,0.9371728436126818,7.830543933054393,10.740585774058577,56.69037656903766,4.369697814969782,0.26404927940492795,4.090582529082488,142.79497907949792,0.29873426585669016,0.401006711409396,4.521927137129952,0.5609026255783578,5.272279797088523,0.1005557826193006,5.375,0.3359375,0.984375,12.375,904.375,4414.0625,375.49946180555554,0.1552777777777778,2.5,0.15625,0.3596809237635806,6.218411142425457,0.021778357743993917,3.25,0.053691275167785234,557.484375,3.091922498328505,0.03758976787056938,3.2927256908960327,0.031764703896907553,0.33010777655246254,0.33623896749997323,33.85510798607619,32.7566787083184,297.5,11.383406553838357,78.04163056034264,0.2623248086061937,298.0,1.276373908151687,0.7834694783506636,0.24345714883211528,21.059463803352646,0.33623896749997323,11.383406553838357,33.85510798607619,12.0,32.0,32.7566787083184,32.7566787083184,297.5,11.383406553838357,1.276373908151687,0.7834694783506636,78.04163056034264,0.2623248086061937,298.0
"ytma10_010704_benign1_ccd.tif","4e7b4c3b-f3ee-446a-8350-0822c2559a7f","Detection","Unclassified",167.90318298339844,302.7966613769531,297.0,,,119.6,143.0,5275128.0,0.7097836941681255,9.0,8.058665404572384,150.0,132.7138047138047,7.936219660125391,136.0,82.0,68.0,3.8681772764991784,133.27180398484046,-2.158998290708065,12.182765521828086,5275128.0,0.7586867553197518,148.41977575984316,8.195592286501379,6.649059407509669,-2.029663063211441,0.8181742291434253,0.11570247933884298,0.7522103757638797,0.108356290174472,0.5066243113443072,0.1039613937184686,0.9470462197734925,0.946556473829201,0.9933236104359099,0.9785736149372511,-0.3941047182069726,0.6533139306000764,0.1019283746556474,2.8319559228650135,0.6938261486220415,1.1339210451219712,0.830119375573921,5.663911845730027,1.0112337005655758,0.23346917712056706,2.578410091305562,96.65656565656566,0.3254429820086386,3.8685848382818087,225.32996632996634,0.2275504767087259,8.245791245791246,61.10774410774411,529.6868686868687,8.323349233071456,0.1594884025439581,0.035346504326883514,0.2779878862319339,0.006465156284625224,94.40845070422536,0.44323216293063544,0.465031188697128,6.868544600938967,57.248826291079816,504.4413145539906,7.089332290036515,0.2325247782994262,4.388276439417736,27.995305164319248,0.1314333575789636,0.17929292929292928,26.140712821530123,0.3460467326601537,1.9914093785005909,0.0875760570051304,2.5,0.3125,0.75,7.0,8137.875,72824.625,927.7890625,0.2682291666666667,1.75,0.21875,0.4109047152816528,3.9222743819793195,0.05823806250043055,3.0,0.026936026936026935,6759.609375,0.7876000955226303,0.08047266887148277,0.614593555262603,0.003617840971236691,0.4482660123653443,0.7018821961041899,23.324408220536625,23.853720883753127,296.5,16.370986864660868,67.69848480983495,0.2283254125120909,297.0,1.1090769202993527,0.9016507166428894,0.3003179829306297,32.045342885414776,0.7018821961041899,16.370986864660868,23.324408220536625,19.0,21.0,23.853720883753127,23.853720883753127,296.5,16.370986864660868,1.1090769202993527,0.9016507166428894,67.69848480983495,0.2283254125120909,297.0
"ytma10_010704_benign1_ccd.tif","8b327170-2a03-4bcd-b6ce-9745d71c6c04","Detection","Unclassified",148.60118103027344,631.191650390625,297.0,,,96.0,135.0,4046789.0,1.495764051149946,21.0,2.3819384090792726,153.0,115.84848484848484,11.718396082032397,116.0,87.0,66.0,8.925381091211996,116.72854059120327,0.06398714216681269,14.30666791613495,4046789.0,0.3986554659955333,204.68074686256517,4.630797773654917,5.163549431478444,0.01554199355710821,1.4699083715118701,0.36456400742115025,0.6025407505637229,0.3311688311688311,0.9861939690144783,0.25489121268342047,0.8395176252319109,0.8377551020408162,0.9792622503546874,0.9348263980917043,-0.23868276838542526,0.7101871580812441,0.3063285920428777,2.086734693877551,0.22464081770336744,2.5898365702544672,0.39888682745825604,4.173469387755103,2.179431528221007,0.45861809473325504,4.338267574188077,39.71380471380471,0.13371651418789465,4.453173712432972,118.4006734006734,0.4734437529050323,5.03030303030303,40.01010101010101,196.43097643097644,12.699798915076693,0.33508698092031425,0.0694010085952326,0.49984626435684637,0.016868566173784922,160.17516629711753,0.3551555793727661,0.5776274452927961,5.299334811529934,11.676274944567627,57.40133037694013,3.569567627494456,0.3460673811283568,4.030280382010173,110.45454545454545,0.24491030034267286,0.37962962962962965,4.737547996322535,0.4888758464129509,2.8950865391686094,0.15752056261704755,7.823529411764706,0.4602076124567474,0.6505190311418685,8.294117647058824,1780.8823529411766,8064.35294117647,470.9726307189543,0.22630718954248366,5.0,0.29411764705882354,0.5301397254119637,5.210628963116739,0.0575721289590704,2.8138461086383852,0.05723905723905724,1475.6608996539792,4.032678888606951,0.03270351409405053,1.893729284312867,0.024446142036199076,0.16144678990288444,0.40874597021421843,30.829455213746417,30.083217912982647,296.5,12.601415582518573,75.59797974644665,0.25496789121904434,297.0,1.2384911537320167,0.807434108016551,0.2544980603758279,23.012892019628882,0.40874597021421843,12.601415582518573,30.829455213746417,18.0,28.0,30.083217912982647,30.083217912982647,296.5,12.601415582518573,1.2384911537320167,0.807434108016551,75.59797974644665,0.25496789121904434,297.0
"ytma10_010704_benign1_ccd.tif","1ccc1836-9b9c-4daf-89dc-7bd7d4608ad1","Detection","Unclassified",493.6044921875,407.891845703125,296.0,,,82.0,113.5,3015422.0,1.2269023676711606,12.0,3.574973115876427,128.0,100.23648648648648,8.754656683710754,101.0,66.0,62.0,5.500529623614151,100.93184079608618,-0.7168085018677389,11.82722551281147,3015422.0,0.4763741782322864,139.88326333089856,6.5964912280701755,4.472792203498342,-1.1747456472528581,1.2041054183302937,0.24469067405355496,0.6622151656263222,0.24469067405355496,0.802754075576241,0.1848171480847719,0.8776546629732225,0.8776546629732225,0.9856064309380261,0.951061865189289,-0.29921700180239585,0.7232263647313905,0.24469067405355496,2.5212373037857803,0.30504378504700785,2.1041360586910467,0.46814404432132967,5.0424746075715605,1.859445384637492,0.36219902309596225,3.8456069327646123,50.486486486486484,0.17056245434623812,3.533053323593864,141.00675675675674,0.35617923666910156,6.827702702702703,46.13513513513514,326.22635135135135,8.997208145645645,0.20572916666666669,0.03810546303105827,0.29067107285857285,0.0072752508508130195,161.97267759562843,0.4425482994416077,0.38624623010540765,6.540983606557377,17.672131147540984,131.44262295081967,3.085382513661202,0.21926229508196718,4.05099725797556,66.19125683060109,0.1808504284989101,0.3091216216216216,7.207082922750755,0.37042208272658317,2.4909175702369035,0.07566477729000026,1.6666666666666667,0.2777777777777778,0.9166666666666666,7.166666666666667,6002.666666666667,48841.833333333336,835.9363425925926,0.2974537037037037,1.3333333333333333,0.2222222222222222,0.3342148151504749,4.167998215387485,0.02971033775962408,2.584962500721156,0.02027027027027027,3568.8888888888887,2.637155638954611,0.032050868895137044,1.5896740997952425,0.01436783453650261,0.17957238382968285,0.5055953399962176,27.3660579394926,26.92582403567252,295.5,13.836151368273953,68.87005768508877,0.2330628009647674,296.0,1.1301777997319709,0.8848165308477628,0.29170030199855135,30.232635196117815,0.5055953399962176,13.836151368273953,27.3660579394926,26.0,14.0,26.92582403567252,26.92582403567252,295.5,13.836151368273953,1.1301777997319709,0.8848165308477628,68.87005768508877,0.2330628009647674,296.0
"ytma10_010704_benign1_ccd.tif","3f525100-4afc-4d6a-bdb6-0276cb610130","Detection","Unclassified",676.0477294921875,323.9383850097656,294.0,,,54.0,111.0,2352055.0,1.7454100307915423,28.0,2.304746618420047,137.0,87.0578231292517,16.707459854690146,91.5,46.0,91.0,12.341505100678326,89.44376487396946,-0.37926146803650496,20.521269620222316,2352055.0,0.3359942616502383,421.1225068258593,9.004677268475211,12.933312101845818,-1.2942681403634386,2.2465834938364186,0.36669784845650144,0.7193583082525996,0.34611786716557535,0.9871280024737935,0.24690027048525462,0.8303710632990333,0.8289990645463049,0.9860600030271975,0.9428036883602835,-0.3350514914578003,0.8277846324295235,0.32811038353601507,2.921421889616464,0.1808650277704612,2.8719794105652197,0.32179607109448083,5.842843779232928,2.470661988485006,0.6533203355732301,4.406833358559451,44.36734693877551,0.1509093433291684,4.209172104215837,98.78231292517007,0.6732842796982738,9.591836734693878,38.197278911564624,326.7891156462585,6.511145124716553,0.1598469387755102,0.06340952597340271,0.832459289082224,0.007168791671927583,156.04291845493563,0.3348560481865571,0.7271638821860781,10.841201716738198,10.630901287553648,93.3862660944206,1.691890796375775,0.14598772055317122,4.022126888056957,121.50214592274678,0.26073421871834074,0.39625850340136054,4.262318333364034,0.5057420977045778,6.3321704552832925,0.058011558420699286,6.647058823529412,0.39100346020761245,1.065743944636678,13.941176470588236,1287.764705882353,10763.411764705883,179.6816993464052,0.14277777777777778,2.764705882352941,0.16262975778546712,0.3206090638122553,5.695659258703696,0.02022175722417089,3.381580488309164,0.05782312925170068,988.6782006920412,2.134302854076313,0.03168120924312365,3.3053574360629527,0.02297852507060618,0.26644293595708435,0.45380109860107154,28.92634643645069,28.071337695236398,293.5,13.126807791376512,73.11269837220807,0.24910629769065784,294.0,1.2038817417116372,0.8306463711113641,0.2648768177691251,24.928155579091914,0.45380109860107154,13.126807791376512,28.92634643645069,28.0,14.0,28.071337695236398,28.071337695236398,293.5,13.126807791376512,1.2038817417116372,0.8306463711113641,73.11269837220807,0.24910629769065784,294.0
"ytma10_010704_benign1_ccd.tif","ba24c330-6f37-4586-8995-70f51a01a32a","Detection","Unclassified",53.26343536376953,421.164794921875,292.0,,,92.1,120.0,3260267.0,1.2191492942893105,16.0,2.313454118806781,131.0,105.11301369863014,9.048508162882356,104.0,86.0,45.0,6.7297979332829945,105.66597345032827,0.37041938497926746,10.79593888446358,3260267.0,0.4708200412835429,116.55229639707272,3.019607843137255,2.9648983135475824,0.16804301975840713,1.1350544575128525,0.1988795518207283,0.7018150066957416,0.1988795518207283,0.7196815306860975,0.15932647568831457,0.9005602240896357,0.9005602240896357,0.9801120448179271,0.950280112044818,-0.3626652993386233,0.7688890020179097,0.1988795518207283,1.6690009337068161,0.32110839978692995,2.0192239341933513,0.45751633986928103,3.338001867413632,1.8203443823726229,0.3334835023333953,3.7915359797219534,52.26712328767123,0.17899699756051793,3.7382248076562217,137.4794520547945,0.3253893788703321,3.164383561643836,51.02739726027397,149.03424657534248,28.08580669710807,0.519786910197869,0.03520106974169678,0.12278645968153877,0.0168131464914733,139.4774193548387,0.4499271592091571,0.3729032258064517,3.6129032258064515,23.825806451612902,69.78709677419354,12.880286738351256,0.4650537634408603,4.2679144652224785,47.94838709677419,0.15467221644120707,0.2654109589041096,9.62992715920916,0.3446942722325298,1.3954279700217591,0.13960144913926467,2.75,0.34375,0.609375,4.125,4733.25,14959.0,2195.7013888888887,0.4965277777777778,1.25,0.15625,0.20612731559500524,0.660585702633144,0.09775963241571749,2.75,0.0273972602739726,3401.0,6.4118758267195775,0.0395316798191806,0.6321238503278505,0.021613913437167002,0.11253066763375627,0.7953331947924114,21.746389257953396,22.847319317591726,291.5,17.29562524372745,66.52691193458115,0.22822268245139332,292.0,1.099190973050865,0.9097600185202075,0.30308718610336743,32.639041578470064,0.7953331947924114,17.29562524372745,21.746389257953396,19.0,21.0,22.847319317591726,22.847319317591726,291.5,17.29562524372745,1.099190973050865,0.9097600185202075,66.52691193458115,0.22822268245139332,292.0
"ytma10_010704_benign1_ccd.tif","f23a59ad-65da-4c4f-ba9b-cd7e1cd95726","Detection","Unclassified",204.30535888671875,120.10420227050781,288.0,,,99.7,137.0,4188385.0,1.3508159790567316,16.25,2.9769217600530005,147.0,119.83680555555556,10.479938271604926,121.0,80.0,67.0,7.149772513768906,120.59437579017614,-0.5668251518620534,13.496055218551504,4188385.0,0.4267216435185186,182.1435064621913,5.3846880907372405,4.245853646279352,-0.42415047745617784,1.336352607373473,0.26937618147448017,0.6644810962531887,0.26937618147448017,0.8405680709857114,0.1968126543287081,0.8653119092627599,0.8653119092627599,0.9730623818525519,0.93265595463138,-0.29640861499692783,0.7432088430511795,0.26937618147448017,2.2622873345935726,0.2560520974410469,2.3097951958609118,0.3950850661625709,4.524574669187146,2.0404190143864316,0.40143219721198825,4.053924124300825,45.6875,0.1586371527777778,3.9200906635802477,122.89583333333333,0.3988715277777777,5.555555555555555,44.47222222222222,255.77777777777777,10.97067901234568,0.27391975308641975,0.04326719576719576,0.2535577598130302,0.011342437537107607,151.46437994722956,0.3996421634491545,0.4507208944521411,5.37467018469657,14.606860158311346,86.2005277044855,3.4396071533274695,0.3050425095279977,4.049082190127915,74.45646437994723,0.1964550511344254,0.3289930555555556,5.367826734706663,0.41545063537180804,2.352141412885332,0.12417597613065749,3.2222222222222223,0.35802469135802467,0.617283950617284,5.555555555555555,3183.777777777778,16401.777777777777,727.0555555555555,0.3549382716049383,1.4444444444444444,0.16049382716049382,0.23264684659733958,1.5059281053662157,0.043020831126866915,3.169925001442312,0.03125,2159.777777777778,7.517059075342464,0.032802102523654814,0.7945530470325066,0.03520957951966776,0.08959650355108095,0.8629826242829087,20.622271069561734,21.37755832643195,287.5,17.79666160628389,64.52691193458114,0.2244414328159344,288.0,1.073537019359787,0.9315002482134789,0.3129331633698704,34.79408553856609,0.8629826242829087,17.79666160628389,20.622271069561734,21.0,18.0,21.37755832643195,21.37755832643195,287.5,17.79666160628389,1.073537019359787,0.9315002482134789,64.52691193458114,0.2244414328159344,288.0
"ytma10_010704_benign1_ccd.tif","6096ec45-cbae-4325-9812-610c04bb534f","Detection","Unclassified",213.31224060058594,238.39892578125,287.0,,,91.0,121.0,3306903.0,1.0878313155542954,14.0,3.53279348875961,137.0,106.7212543554007,8.818366132889807,108.0,72.0,65.0,6.146111111111103,107.34202394463045,-0.5616442225528461,11.527531103383955,3306903.0,0.5755927594119147,132.8839733394845,7.821022727272727,2.5168103623417983,-0.6887256692267005,0.8186409550045912,0.2026515151515152,0.60314695139084,0.2026515151515152,0.7271995328889924,0.1615838785583104,0.8986742424242423,0.8986742424242423,0.9880793226381461,0.959469696969697,-0.270600454630172,0.656838236147302,0.2026515151515152,2.7689393939393936,0.4356132346189165,1.8043059062294948,0.6325757575757576,5.537878787878788,1.6016543910779797,0.25532311753902664,3.4098587955943587,54.67247386759582,0.1904964246257694,4.282120700749068,165.1951219512195,0.26854763321152375,8.13588850174216,51.44599303135889,419.5853658536585,7.021365660085172,0.14868854045683316,0.03983639923255403,0.41203654377611154,0.005774950071581664,120.37254901960785,0.3933743432013328,0.5099000384467514,8.316993464052288,26.601307189542485,225.83660130718954,3.4101307189542482,0.17066085693536676,4.217345406688465,55.549019607843135,0.18153274381648085,0.2665505226480836,12.526549617668417,0.41257858062787683,4.011158072656361,0.07163257747865358,3.6,0.36,1.2,10.2,4508.5,39714.9,526.1048611111112,0.21736111111111112,2.0,0.2,0.24120936407400304,3.614849013248675,0.026708269992037903,2.9219280948873623,0.03484320557491289,3684.81,1.7176239029426947,0.04313146455367576,1.249666928784345,0.008954372609537685,0.22452920927791112,0.8853625356685622,20.32293160908436,21.02379604162864,286.5,17.993162261637703,63.35533905932733,0.22113556390690167,287.0,1.0558834294495842,0.9470742433388547,0.32053455909949535,36.504967626832425,0.8853625356685622,17.993162261637703,20.32293160908436,20.0,19.0,21.02379604162864,21.02379604162864,286.5,17.993162261637703,1.0558834294495842,0.9470742433388547,63.35533905932733,0.22113556390690167,287.0
"ytma10_010704_benign1_ccd.tif","49bc99b3-0653-41da-80ac-57d6094515ad","Detection","Unclassified",235.4338836669922,417.1498718261719,286.0,,,78.0,138.0,3304386.0,1.8386828720498725,33.75,2.1934910637086493,153.0,105.27272727272727,18.105530832803577,103.0,69.0,84.0,13.751634958382878,107.48859103550107,0.3736436028446899,21.712901587746995,3304386.0,0.31673920485109297,471.45009535918604,7.333971291866029,15.589583686156768,1.3079088655913245,2.457355829765802,0.3808612440191388,0.7316193694013431,0.34641148325358856,1.0115965640527047,0.2608603282891876,0.832535885167464,0.8302392344497607,0.9856256266419606,0.9430849851902483,-0.3242002642274255,0.8244784809071468,0.3162679425837321,2.610526315789474,0.1931127950367437,2.9429837668732866,0.3550239234449761,5.221052631578948,2.519186160770189,0.7095542684462351,4.355745413811241,39.36363636363637,0.13763509218054673,4.703701892513084,90.58741258741259,0.8028754462320895,8.202797202797203,39.53846153846154,250.0909090909091,9.087247474747475,0.20125679875679875,0.06718902239735573,0.9451963903600807,0.007950862198134024,126.42663656884876,0.2853874414646699,0.923714260964387,10.487584650112867,12.009029345372461,78.6997742663657,2.615669676448457,0.16601956358164036,4.049415898337586,115.92099322799098,0.2616726709435462,0.38723776223776224,5.340276893130665,0.5055250339415335,6.671105796379802,0.05816335730830142,5.375,0.3359375,1.15234375,15.6875,1385.0,8711.125,280.8468402777778,0.1332638888888889,3.25,0.203125,0.41601683312282867,8.399417757477913,0.02193983129517737,3.2806390622295662,0.055944055944055944,1065.484375,2.2935999871646766,0.042013073998552,2.788409689850061,0.024502673146372105,0.33008809025612557,0.5511999678802794,25.739638124633558,25.96150997149434,285.5,14.187687707548031,67.69848480983495,0.2371225387384762,286.0,1.1302407472402944,0.8847672519697215,0.2891763376954293,29.711717194428306,0.5511999678802794,14.187687707548031,25.739638124633558,15.0,25.0,25.96150997149434,25.96150997149434,285.5,14.187687707548031,1.1302407472402944,0.8847672519697215,67.69848480983495,0.2371225387384762,286.0
"ytma10_010704_benign1_ccd.tif","cbe23579-3b75-473f-9cd8-97e281a3018b","Detection","Unclassified",479.908447265625,297.4828186035156,284.0,,,114.0,153.0,4922969.0,1.546527914316432,19.0,3.4495788497962208,184.0,130.71478873239437,12.293369371156553,127.0,96.0,88.0,8.289008823150185,131.6601605928078,0.8322715518762719,15.74934582671453,4922969.0,0.3831829002182106,248.0418939694504,7.433365292425694,6.368483582826963,0.8722120132876484,1.5233033261050024,0.32981783317353786,0.6440407239190524,0.314477468839885,0.9411999809659021,0.23092175476559704,0.8453179929689998,0.844295302013423,0.9874367705888188,0.9479523352965346,-0.2593959117838211,0.7287378268311369,0.3010546500479387,2.6711409395973154,0.2330010874671025,2.540751432875031,0.32981783317353786,5.342281879194631,2.180354838461237,0.4632802898196349,4.152760157907526,40.23943661971831,0.1416881571116842,4.393027177147392,108.82394366197182,0.5255281690140845,8.088028169014084,41.5,288.03169014084506,7.310403951486697,0.16408157276995305,0.06511720288663198,0.8790226322662608,0.008094087070433572,135.95399515738498,0.32918642895250605,0.6924939467312349,9.692493946731235,12.702179176755449,87.93704600484261,2.2827737422652676,0.14933279526499865,4.04271553640388,94.53026634382567,0.22888684344751978,0.363556338028169,5.136349512513996,0.4664459155672736,5.566677015462762,0.06221216796439141,5.428571428571429,0.3877551020408163,1.1683673469387756,15.5,2162.5714285714284,15515.357142857143,357.97732142857143,0.14150793650793653,4.857142857142857,0.3469387755102041,0.5715365556316734,10.805199641516982,0.04764198370995509,2.556656707462823,0.04929577464788732,1751.0612244897961,1.936442298470244,0.036923642693178556,2.9069528069740946,0.015026766009791137,0.3186993186008285,0.7286235936578933,22.32680217971426,22.80350850198276,283.5,16.267834839072293,63.69848480983496,0.22468601343857128,284.0,1.0672044765960325,0.9370275536976863,0.3146186578041447,35.169904911141586,0.7286235936578933,16.267834839072293,22.32680217971426,16.0,22.0,22.80350850198276,22.80350850198276,283.5,16.267834839072293,1.0672044765960325,0.9370275536976863,63.69848480983496,0.22468601343857128,284.0
"ytma10_010704_benign1_ccd.tif","566b48b2-3d44-4dda-bd37-5a5252cbdf16","Detection","Unclassified",151.91461181640625,437.5610046386719,284.0,,,84.0,118.70000000000002,2829734.0,1.3587399879315958,17.0,3.6381930254914914,144.0,98.79577464788733,11.03074786748661,98.0,70.0,74.0,7.402899338236747,99.81909693378346,0.7860956652756551,14.2564730701503,2829734.0,0.44343880182503476,203.2470243999207,5.972061657032756,3.5600339209976823,0.6420294425630533,1.1434663889724197,0.28227360308285165,0.6040321451936818,0.27456647398843936,0.8716449249717306,0.20688685444440733,0.8640012845215157,0.8634874759152216,0.9835316785673808,0.9453436095054594,-0.24625533457629997,0.6828970927415553,0.2678227360308285,2.3993256262042393,0.30383806490174897,2.236241864720951,0.4797687861271676,4.798651252408478,1.9330042456203702,0.35643499801381784,3.840515630018443,43.40845070422535,0.1528466574092442,5.1510117040269785,125.93661971830986,0.40392531243800833,6.496478873239437,45.232394366197184,247.15845070422534,9.725449921752741,0.20295383411580595,0.0588975381167073,0.5620394229353192,0.01159857667709175,139.21108179419525,0.3673115614622566,0.5676512973315418,8.068601583113457,17.70976253298153,93.8311345646438,3.9011287012606277,0.1862906772207564,3.9338999994587667,97.84432717678101,0.2581644516537757,0.3336267605633803,8.725586705745574,0.5171362453001437,4.884061870360364,0.08959620517398831,4.846153846153846,0.3727810650887574,1.2071005917159765,11.153846153846153,2686.4615384615386,14949.76923076923,556.7564102564103,0.23237179487179488,3.1538461538461537,0.24260355029585798,0.4532795445331042,5.37930758414061,0.10800506288945871,3.180832987205441,0.045774647887323945,2209.2071005917164,3.0392392347367156,0.03922940271359724,1.482297464293285,0.01665921004144817,0.18838511299528038,0.800274117385876,21.77400450976172,22.360679774997898,283.5,17.425172241005644,66.87005768508878,0.23587321934775585,284.0,1.1203410116396233,0.8925853732128366,0.29250317202969506,30.39928761768397,0.800274117385876,17.425172241005644,21.77400450976172,18.0,21.0,22.360679774997898,22.360679774997898,283.5,17.425172241005644,1.1203410116396233,0.8925853732128366,66.87005768508878,0.23587321934775585,284.0
"ytma10_010704_benign1_ccd.tif","ca3bb1e5-2565-42dd-90ad-582da4c0f8a6","Detection","Unclassified",482.384033203125,707.6127319335938,284.0,,,93.0,129.0,3417337.0,1.3869255148483568,17.0,3.6262362642701182,158.0,108.70774647887323,11.62986014679631,104.0,81.0,77.0,7.78858879655279,109.69447005461753,0.8641531928290268,14.68000735859499,3417337.0,0.45891192223765115,215.50261604840304,3.808653846153847,5.655198205359971,0.49914658660958067,1.2905981878698227,0.24134615384615385,0.684915244928788,0.23557692307692307,0.8050817421486524,0.18584966715976328,0.883173076923077,0.8827884615384617,0.9859049773755655,0.9530769230769229,-0.3297067586328419,0.7652120354456774,0.23052884615384614,1.883173076923077,0.31843842455621313,2.23106893904572,0.5192307692307693,3.7663461538461545,1.9753218610501977,0.38298608542899415,3.9458864820844535,50.809859154929576,0.17890795477087879,4.453977385439395,130.33098591549296,0.41453828605435433,4.151408450704225,48.274647887323944,182.99647887323943,19.435983959311425,0.40043035993740217,0.05394296499898863,0.3444611302071689,0.01859164734512306,120.13609467455622,0.3554322327649592,0.6229823885718287,4.887573964497041,18.674556213017752,73.02958579881657,6.925665680473374,0.39114891518737677,4.329798335733147,62.094674556213015,0.1837120549000385,0.2975352112676056,7.378593186513078,0.4014488658202243,2.549898794702223,0.12842730514256914,4.384615384615385,0.33727810650887574,1.1715976331360947,7.230769230769231,2622.0,10363.0,758.315170940171,0.3878205128205128,2.6923076923076925,0.20710059171597633,0.4260105373863024,3.6618455677795465,0.1287942260542472,3.334679141051595,0.045774647887323945,2144.7455621301783,3.401295748779287,0.03927450170146702,1.557427141549993,0.01663644177186818,0.23231933905501106,0.6473537637706992,23.696202543792072,24.166091947189145,283.5,15.339825903796616,65.69848480983497,0.2317406871599117,284.0,1.1007124785455942,0.9085024649864344,0.3003620753564191,32.05475331507891,0.6473537637706992,15.339825903796616,23.696202543792072,16.0,23.0,24.166091947189145,24.166091947189145,283.5,15.339825903796616,1.1007124785455942,0.9085024649864344,65.69848480983497,0.2317406871599117,284.0
"ytma10_010704_benign1_ccd.tif","5f6e6dd6-d6a0-4088-9636-848d1eaac34f","Detection","Unclassified",837.6870727539062,682.8114013671875,282.0,,,130.0,158.0,6006870.0,1.1853959756637042,12.75,3.173414955359242,170.0,145.58156028368793,8.035108897942752,147.0,114.0,56.0,5.47028728846911,145.9484753151211,-0.5539485613659164,10.342473213668185,6006870.0,0.48204315678285803,106.96675217544392,5.477756286266924,2.139086345537291,0.006560998714125188,0.9204157297906012,0.2727272727272727,0.5428422709570604,0.2727272727272727,0.8453509366224365,0.1983471074380165,0.8636363636363636,0.8636363636363636,0.9727272727272727,0.9318181818181819,-0.20982040100021107,0.6211253842875346,0.2727272727272727,2.3056092843326885,0.3053913554242786,2.07936431988031,0.47195357833655704,4.611218568665377,1.8066370471530373,0.29828575062946844,3.923298360399279,41.49645390070922,0.14715054574719583,3.832151300236406,135.93617021276594,0.30949147427191787,5.6879432624113475,43.94326241134752,241.34751773049646,9.73404255319149,0.2338455476753349,0.04739305917402422,0.26452119730214124,0.016398519819851878,159.45212765957447,0.42407480760525124,0.4049060660932548,5.957446808510638,13.872340425531915,75.61170212765957,3.1183510638297873,0.2541371158392435,3.9145061366881375,72.65957446808511,0.19324354911724761,0.3333333333333333,4.872340425531915,0.40824419834444525,2.563732082959137,0.11871067609695223,3.8,0.38,0.76,5.6,3221.2,15603.4,737.9833333333333,0.40555555555555556,1.6,0.16,0.34334949937897147,1.427959549682943,0.2182060736940969,3.121928094887362,0.03546099290780142,2425.96,7.512415099268548,0.029418387013486036,0.9334771426531898,0.02824810875864008,0.08376540176623758,0.7084642163760814,22.620936694092286,22.47220505424423,281.5,16.026124188673037,64.76955262170043,0.23008722068099619,282.0,1.088997206459134,0.9182760011400692,0.3046822239137326,32.9834803774262,0.7084642163760814,16.026124188673037,22.620936694092286,19.0,21.0,22.47220505424423,22.47220505424423,281.5,16.026124188673037,1.088997206459134,0.9182760011400692,64.76955262170043,0.23008722068099619,282.0
"ytma10_010704_benign1_ccd.tif","f5b2380f-02d0-49cb-8505-371ebaa81e22","Detection","Unclassified",182.72525024414062,623.3635864257812,280.0,,,88.0,140.0,3757063.0,1.7365918408421792,27.25,2.398318276405435,164.0,114.23214285714286,15.623979591836704,113.0,77.0,87.0,11.501989171146342,115.83644565876986,0.17754021697110303,19.211967133077465,3757063.0,0.3289030612244898,369.0996811224487,4.568226120857699,9.836592719265695,0.5040078123517997,2.0911239545691167,0.3528265107212476,0.7112654157830254,0.31578947368421056,0.9779577017896268,0.25310351903149686,0.8482781026640676,0.8458089668615985,0.9798990941405799,0.9380766731643926,-0.328404080179861,0.8141354363870829,0.2833820662768031,2.0331384015594542,0.19909497319213132,2.7667724910518743,0.3460038986354776,4.0662768031189085,2.364815296999774,0.6109876163225912,4.385770485438321,39.7,0.1417857142857143,5.8774999999999995,92.09285714285714,0.6879464285714286,5.203571428571428,43.7,180.61785714285713,19.61041666666667,0.3833829365079364,0.07971676418583307,0.8154139452407947,0.01446764423913304,119.44611528822055,0.29936369746421193,0.80556026658124,6.912280701754386,13.774436090225564,59.02756892230576,6.095412141464773,0.2866889445836815,4.0847648412928965,106.61904761904762,0.2672156581931018,0.35625,5.895088598689707,0.5239297621234378,4.733616034917606,0.09339286951816475,8.714285714285714,0.41496598639455784,0.6031746031746031,11.714285714285714,1100.857142857143,4485.380952380952,415.61243386243376,0.13690476190476192,5.476190476190476,0.26077097505668934,0.5035881868815972,7.069230617347337,0.038345782791047736,3.0396330438946317,0.075,923.0793650793652,4.451570071719324,0.04267242599273263,1.522229547053012,0.0341062896562433,0.19964838557523265,0.7622056430333631,21.76126705519309,22.360679774997898,279.5,16.58656054902419,64.52691193458114,0.2308655167605765,280.0,1.0887923065011693,0.918448811613573,0.304225457954361,32.88465979032642,0.7622056430333631,16.58656054902419,21.76126705519309,17.0,22.0,22.360679774997898,22.360679774997898,279.5,16.58656054902419,1.0887923065011693,0.918448811613573,64.52691193458114,0.2308655167605765,280.0
"ytma10_010704_benign1_ccd.tif","1a15b6a0-66dc-49e3-9ae3-5ab14f52f591","Detection","Unclassified",671.7543334960938,572.1466064453125,279.0,,,50.0,100.0,1578581.0,1.7239193209396904,28.0,2.2956954049195084,123.0,72.82078853046595,15.83062910291494,72.0,42.0,81.0,12.25046913580246,75.21965445128427,0.4363637101702539,18.844871280318365,1578581.0,0.3424287971634486,355.129173571768,5.967647058823528,9.49779042658156,0.2757959306752349,1.9566743560169164,0.3607843137254902,0.6886379736251413,0.33529411764705885,0.9845623722234801,0.2483621683967705,0.8366013071895426,0.8349019607843138,0.9792272202998846,0.9337908496732026,-0.30760445440891476,0.7967104418994037,0.31299019607843137,2.359803921568627,0.2119554978854287,2.77064263521463,0.3803921568627451,4.719607843137255,2.3774069705666694,0.5793646674356017,4.243674764870406,37.46594982078853,0.13428655849744994,5.284567258899552,95.53763440860214,0.6643542606081627,6.727598566308243,40.727598566308245,218.91397849462365,11.28492134607726,0.25495320589406617,0.071019946475869,0.827164524279113,0.01072919281766426,123.56941176470588,0.2907515570934256,0.8593162629757788,8.581176470588236,12.663529411764706,70.32941176470588,3.2517973856209146,0.22186274509803922,3.9614497822584833,119.37176470588236,0.28087474048442906,0.38082437275985664,5.768271280276817,0.5404230879960874,5.83793589606865,0.08757700252827058,10.789473684210526,0.5678670360110804,0.9861495844875344,13.052631578947368,1306.0526315789473,7343.421052631579,285.09685672514615,0.17616959064327486,3.3157894736842106,0.1745152354570637,0.38052384371632997,6.041550527296662,0.02542607380312532,2.970840013101986,0.06810035842293907,1090.4265927977838,3.6172020484171323,0.043090189517037226,1.550455394111895,0.03318605820156454,0.18328296144166023,0.6658737004510976,23.215236922906126,24.186773244895647,278.5,15.458415716704454,65.94112549695426,0.23677244343610146,279.0,1.114650778629141,0.8971419741256137,0.29343757835482215,30.59381991636595,0.6658737004510976,15.458415716704454,23.215236922906126,16.0,24.0,24.186773244895647,24.186773244895647,278.5,15.458415716704454,1.114650778629141,0.8971419741256137,65.94112549695426,0.23677244343610146,279.0
"ytma10_010704_benign1_ccd.tif","6b819d49-cd1f-4a5e-b874-c1f0153db1f9","Detection","Unclassified",697.400634765625,736.5679321289062,279.0,,,105.0,148.0,4515629.0,1.4457139220507902,21.5,3.291734091903226,181.0,126.15412186379929,12.954792461556213,126.0,96.0,85.0,9.350877192982455,127.2204786157145,0.566617570384525,16.437387748214412,4515629.0,0.4168625788466233,270.1877159851492,6.621197252208048,5.083518309112401,0.7112996099511778,1.3197568090481058,0.29833169774288515,0.6312541662698792,0.2865554465161924,0.897589286851779,0.2162176738147909,0.858684985279686,0.8578999018645733,0.9886194141549292,0.9525211458479368,-0.26485702550463436,0.7173468340624347,0.27625122669283614,2.5230618253189405,0.2684239874186338,2.3674693064512216,0.3974484789008832,5.04612365063788,2.0511569968245267,0.4045221266977477,3.9486836860799137,43.30107526881721,0.15520098662658496,5.186135841009237,116.30465949820788,0.456700196554515,7.172043010752688,44.30465949820788,272.03225806451616,8.678552369573875,0.18457586618876945,0.06033755218535045,0.732189083452311,0.007612941141617348,135.98172323759792,0.35504366380573865,0.6347306205645958,8.793733681462141,15.66579634464752,99.00261096605745,3.0100101537568893,0.16641427328111405,4.0107124814253865,97.09399477806788,0.25350912474691356,0.3431899641577061,7.17534375447375,0.5107170281495697,5.501443364235618,0.06974431145351992,3.933333333333333,0.26222222222222225,1.2888888888888885,12.4,1495.0,9665.266666666666,273.30903703703706,0.16922222222222222,2.466666666666667,0.16444444444444445,0.3809778195338239,7.024526542074413,0.02695268663911543,3.4565647621309536,0.053763440860215055,1149.0400000000002,1.8978711127308057,0.03750174019211722,2.751881317766903,0.012252528101367607,0.3505162572949402,0.595645479156,24.73596274603611,24.413111231467404,278.5,14.733864382247644,66.76955262170043,0.23974704711562092,279.0,1.128654284524388,0.8860109013996234,0.2879934189731959,29.46913399597998,0.595645479156,14.733864382247644,24.73596274603611,20.0,21.0,24.413111231467404,24.413111231467404,278.5,14.733864382247644,1.128654284524388,0.8860109013996234,66.76955262170043,0.23974704711562092,279.0
"ytma10_010704_benign1_ccd.tif","6e965d35-8ce5-438e-ac14-05aaafba342a","Detection","Unclassified",115.17477416992188,154.44894409179688,278.0,,,118.7,158.0,5340803.0,1.5742305748469723,20.0,4.6011584496272,171.0,137.51438848920864,13.096501216293156,138.0,72.0,99.0,8.79751275510204,138.60563330086484,-0.9345060821226102,17.358414131850218,5340803.0,0.40228249055431914,301.3145411728173,17.030571992110453,19.716349143931108,-2.8268999249814897,2.082653501861513,0.34911242603550297,0.7128733304217201,0.32347140039447736,0.9709909994003444,0.24447867916233867,0.8425378040762654,0.8408284023668637,0.9867766389904729,0.9466986005447543,-0.303105732263015,0.7860039926872809,0.30103550295857984,4.07396449704142,0.2333324580138417,2.692298306491441,0.40927021696252464,8.14792899408284,2.313586262261946,0.6079414819742539,4.171110988174259,39.55395683453237,0.14228042026810206,4.049531597743388,111.83453237410072,0.5841441954350189,16.96043165467626,40.39568345323741,739.3992805755396,2.4544054756195046,0.07547062350119903,0.048319037513753174,0.6658928798004681,0.0058115237940033464,142.0411622276029,0.3439253322702249,0.7633626274410942,15.288135593220339,11.583535108958838,208.02905569007265,0.7360088781275222,0.09515536723163845,4.1282953281033254,94.51089588377724,0.2288399416072088,0.37140287769784175,4.334011455774497,0.4608324323586487,6.056900853741192,0.056504322854993946,4.0,0.4,1.0,10.0,3005.4,52592.5,179.44913888888888,0.20191666666666666,1.2,0.12,0.2383465000471372,1.9376273208165393,0.048920679629369704,3.121928094887362,0.03597122302158273,2232.56,0.9964495357891584,0.043866438042225404,2.896204739333487,0.01439823387506177,0.5370279429265011,0.639897318950493,23.822565002299207,23.40939982143925,277.5,15.243995475495106,67.59797974644661,0.24359632341061843,278.0,1.1447147818063614,0.8735800532094105,0.28170040806231805,28.19533106298441,0.639897318950493,15.243995475495106,23.822565002299207,22.0,20.0,23.40939982143925,23.40939982143925,277.5,15.243995475495106,1.1447147818063614,0.8735800532094105,67.59797974644661,0.24359632341061843,278.0
"ytma10_010704_benign1_ccd.tif","e20bf79c-3103-4238-9635-351681b7ae79","Detection","Unclassified",253.44174194335938,252.14414978027344,278.0,,,110.0,148.0,4700542.0,1.348844867329912,16.0,3.018687187940929,165.0,129.24460431654677,10.962269033693888,130.0,94.0,71.0,7.652480275856901,130.0323977339173,0.11934310012841759,14.291840871312443,4700542.0,0.45667926090782046,204.2567154909168,7.741871921182267,5.33676455087093,0.005923109961992412,1.3112805455119032,0.28571428571428575,0.6421850839743652,0.28374384236453204,0.8686455880496122,0.20520371763449732,0.858456486042693,0.8583251231527095,0.9832280498406258,0.9433169129720855,-0.28356509695128584,0.7372820645720478,0.28201970443349755,2.7359605911330047,0.26888446698536733,2.3738639518500766,0.44729064039408867,5.4719211822660085,2.0809862856096024,0.3992487078065471,4.0707941103547975,41.92086330935252,0.15079447233580043,3.5263702706899234,126.9568345323741,0.38068681745251276,7.874100719424461,42.431654676258994,349.07553956834533,6.308253397282174,0.1635191846522782,0.03846880602094288,0.28782238778138497,0.006832009189511581,164.44270833333334,0.4282362196180556,0.419894748263889,7.447916666666667,13.536458333333334,109.375,2.026186342592592,0.18183955439814817,3.924307120898287,79.734375,0.2076416015625,0.34532374100719426,5.150607638888888,0.4152526309038275,2.9578055983678184,0.07952085385551684,3.0,0.3333333333333333,0.6913580246913579,6.666666666666667,3487.3333333333335,28818.777777777777,467.82098765432096,0.26620370370370366,1.4444444444444444,0.16049382716049382,0.06834947796214105,0.4559583847913761,0.016679353598413996,3.169925001442312,0.03237410071942446,2533.20987654321,2.5312906625125997,0.03522302637473427,1.539899372501129,0.015701374960719605,0.1961788301798991,0.6315412396573716,23.8669330220971,24.515301344262525,277.5,15.072952467594664,66.28427124746187,0.23886223872959234,278.0,1.122468236223,0.8908938068171139,0.29011642844408175,29.905212365159144,0.6315412396573716,15.072952467594664,23.8669330220971,24.0,15.0,24.515301344262525,24.515301344262525,277.5,15.072952467594664,1.122468236223,0.8908938068171139,66.28427124746187,0.23886223872959234,278.0
"ytma10_010704_benign1_ccd.tif","21d3e21a-ce6a-474d-877e-37223fd873e9","Detection","Unclassified",134.1328887939453,711.7154541015625,278.0,,,85.0,108.30000000000001,2593757.0,1.0445883995613325,13.0,2.8192881110952532,121.0,96.13309352517986,7.6381139692562625,96.0,70.0,51.0,5.491071428571429,96.59224167126021,0.0823473751816167,9.406884731841863,2593757.0,0.5194606904404535,88.48948035815957,5.555882352941176,1.352793958627394,0.2937926740092436,0.8003421760861208,0.19019607843137254,0.6159742896067754,0.19019607843137254,0.7018814606071279,0.15402153018069972,0.9049019607843136,0.9049019607843136,0.9809803921568628,0.9524509803921569,-0.2936116775277459,0.6719150335922109,0.19019607843137254,2.3245098039215684,0.38337466359092665,1.7450060536095744,0.5519607843137255,4.649019607843137,1.5548099751782019,0.24763456362937333,3.529919193035812,54.84172661870504,0.1972723979090109,4.306040060038301,144.41007194244605,0.25595207287407484,5.773381294964029,52.50359712230216,287.363309352518,11.130795363709032,0.21033173461231014,0.042835704792175334,0.31125170838385974,0.007422088547982476,134.0909090909091,0.4688493324856961,0.31948995060883173,6.465034965034965,25.993006993006993,138.32867132867133,5.609168609168609,0.20483682983682985,4.086252371230495,45.48951048951049,0.1590542324808059,0.25719424460431656,10.875592938530003,0.37093589083932016,2.79369610157256,0.0691669150243629,6.6,0.66,0.41,7.7,3522.0,16720.7,808.4361111111111,0.21388888888888893,1.6,0.16,0.3373341927570256,2.985991028608545,0.04303759658979962,2.8464393446710154,0.03597122302158273,2749.16,5.259956314397102,0.03863461255614982,0.7595564315841747,0.017096718700093903,0.11248204129291932,0.9901326792034162,18.932615182881293,20.09975124224178,277.5,18.74580099535353,63.35533905932732,0.22830752814172006,278.0,1.0728692395778034,0.9320800365136025,0.3104654106461081,34.24748545896056,0.9901326792034162,18.74580099535353,18.932615182881293,19.0,20.0,20.09975124224178,20.09975124224178,277.5,18.74580099535353,1.0728692395778034,0.9320800365136025,63.35533905932732,0.22830752814172006,278.0
"ytma10_010704_benign1_ccd.tif","8308484e-b01d-4678-acd0-08b78b19e603","Detection","Unclassified",776.9476928710938,294.9651794433594,277.0,,,71.0,107.0,2307016.0,1.4435103218092782,22.0,2.3577446626380856,126.0,90.12274368231047,12.009566135359494,91.0,58.0,68.0,8.99226721938773,91.26104107081247,-0.03266808448364508,14.369018355513653,2307016.0,0.40976684174171435,206.46868850108828,4.648406374501993,5.218202095774813,-0.1416060334462546,1.4613696607990345,0.250996015936255,0.7068429724487454,0.24701195219123503,0.8199809331350034,0.18998111141092996,0.8771580345285525,0.8768924302788846,0.9853058354816029,0.9507304116865869,-0.3404683456824726,0.7872539349014452,0.2435258964143426,2.0846613545816735,0.265698163521214,2.3566460288444366,0.450199203187251,4.169322709163346,2.092475911077713,0.4280914191838224,4.176447352848194,43.87364620938628,0.1583886144743187,4.523635131436613,113.50541516245487,0.4432743812639289,5.0108303249097474,46.42238267148014,215.93501805054152,15.743105695948655,0.32834436421981555,0.05283436763527445,0.3605987160875849,0.013136013184485219,131.22857142857143,0.3749387755102041,0.5194775510204082,5.64,16.782857142857143,78.29142857142857,5.418809523809523,0.30706349206349204,4.201504330229595,67.95428571428572,0.19415510204081632,0.315884476534296,6.761110204081633,0.4210964984384589,2.789028111235749,0.10583744615516415,4.2,0.42,0.61,7.9,2966.3,13747.6,818.3673611111111,0.2229166666666667,2.4,0.24,0.44729866905060345,4.225252869452165,0.05877415271186572,2.9219280948873623,0.036101083032490974,2199.0099999999998,3.0953695255474454,0.040825049189025873,1.5177508926846504,0.01777726872575978,0.2190321938560263,0.420283341253345,29.047177560573793,29.546573405388315,276.5,12.208044839137141,71.8406204335659,0.2598214120562962,277.0,1.2187582667917167,0.8205072550050632,0.2561917190158657,23.320208106369055,0.420283341253345,12.208044839137141,29.047177560573793,18.0,27.0,29.546573405388315,29.546573405388315,276.5,12.208044839137141,1.2187582667917167,0.8205072550050632,71.8406204335659,0.2598214120562962,277.0
"ytma10_010704_benign1_ccd.tif","0bf734f9-8c42-4e5a-8e79-199d4cd24545","Detection","Unclassified",275.87945556640625,257.37310791015625,276.0,,,99.5,140.0,4241822.0,1.5496082078874436,15.25,3.285023090389124,167.0,123.04347826086956,11.46628859483303,125.0,84.0,83.0,7.4897777777777685,123.97144949485374,-0.4013902809258341,15.140103940263785,4241822.0,0.38657844990548207,229.222747321991,6.134653465346535,8.330048875034606,-0.6899913753359431,1.796236643466327,0.28811881188118815,0.7235415762297115,0.2841584158415842,0.8754165659801593,0.20737280658758947,0.8585808580858085,0.8583168316831683,0.9831217239370995,0.9433003300330033,-0.33401803190485985,0.8029905219488851,0.2806930693069307,2.399504950495049,0.22531957651210663,2.581276638105418,0.3485148514851485,4.799009900990098,2.2820536696927776,0.5210888638368787,4.248125877823863,42.51449275362319,0.15403801722327243,3.7835013652594003,106.69565217391305,0.5220016803192606,6.4855072463768115,42.891304347826086,277.39130434782606,10.51026570048309,0.2538747987117552,0.04078484899730155,0.31730890168735226,0.009061434095317617,136.76253298153034,0.3608510105053571,0.5908758641334996,6.612137203166227,13.282321899736148,90.0263852242744,2.9467165054236295,0.26016930518909415,4.202310158998518,75.65435356200528,0.19961570860687408,0.3432971014492754,4.797167939515876,0.40637566206650433,2.990703054611771,0.08908755467388395,2.3333333333333335,0.25925925925925924,1.1358024691358024,7.666666666666667,2271.1111111111113,16711.555555555555,387.6126543209877,0.3287037037037037,1.0,0.1111111111111111,0.1200651168389602,1.85708984442879,0.009043262269293304,3.169925001442312,0.03260869565217391,1330.6666666666665,2.8687608482378684,0.03811758578100934,1.5403866474959196,0.022933640066619687,0.19521606804674377,0.8231445157151537,20.82811398918271,22.135943621178654,275.5,17.144547802885818,64.52691193458114,0.23421746618722736,276.0,1.096667941199312,0.9118530435989618,0.2998716052466063,31.95015247968001,0.8231445157151537,17.144547802885818,20.82811398918271,21.0,18.0,22.135943621178654,22.135943621178654,275.5,17.144547802885818,1.096667941199312,0.9118530435989618,64.52691193458114,0.23421746618722736,276.0
"ytma10_010704_benign1_ccd.tif","a300f7b2-bbdb-434e-bf48-da0995a7a2b2","Detection","Unclassified",543.6737670898438,524.9635620117188,276.0,,,109.0,131.0,3971341.0,0.9125578913201491,12.0,2.6457056099406833,140.0,119.65579710144928,6.797994118882586,119.0,98.0,42.0,4.878481369020089,119.95381055500765,-0.09317135940623199,8.450259563082653,3971341.0,0.5873503465658475,71.40688668346982,5.204365079365079,1.0344375442934544,0.4547000574048335,0.6387225607835727,0.1875,0.5461271359567359,0.1875,0.6962122601251458,0.15234375,0.90625,0.90625,0.98125,0.9531249999999999,-0.23620687615535985,0.5875995836896312,0.1875,2.2564484126984126,0.44856770833333326,1.5813092658660919,0.6339285714285714,4.512896825396825,1.3938092658660919,0.20655564019589318,3.388781317603186,53.70289855072464,0.19457571938668347,4.271109010712035,162.1086956521739,0.21238972904851922,5.3731884057971016,52.36231884057971,262.3876811594203,11.639392109500806,0.2166867954911433,0.04978670235539197,0.3581126459910319,0.009238687374961911,136.459649122807,0.4788057863958141,0.2939489073561094,6.189473684210526,26.23859649122807,124.46315789473684,6.041130604288498,0.20555555555555557,3.9633079969206895,45.217543859649126,0.1586580486303478,0.25815217391304346,11.233167128347185,0.3542992040358475,2.6114011016587657,0.07002234278558155,8.5,0.7083333333333334,0.3541666666666667,7.916666666666667,3414.3333333333335,14555.916666666666,828.8449074074075,0.19675925925925927,3.1666666666666665,0.2638888888888889,0.4885914619925349,4.230645754924921,0.07280675697161203,2.4508257945180882,0.043478260869565216,2885.3333333333335,4.61650267249757,0.038128518632057164,0.777606227069267,0.014313831610034798,0.10245783794112244,0.5902589760582787,24.47759542403095,24.351591323771842,275.5,14.44812041135732,65.69848480983497,0.2384699993097458,276.0,1.1165794226967092,0.8955923597309791,0.29188624959680237,30.27119173972134,0.5902589760582787,14.44812041135732,24.47759542403095,15.0,24.0,24.351591323771842,24.351591323771842,275.5,14.44812041135732,1.1165794226967092,0.8955923597309791,65.69848480983497,0.2384699993097458,276.0
"ytma10_010704_benign1_ccd.tif","81135405-0923-4421-a8d7-78a15944044b","Detection","Unclassified",43.26350784301758,137.39071655273438,275.0,,,93.4,121.0,3219189.0,0.9816781961158377,14.5,2.678485840666608,134.0,107.69090909090909,8.440066115702475,108.0,81.0,53.0,6.154271604938262,108.19492510363791,-0.177318306110528,10.431199229013506,3219189.0,0.5970644628099174,108.80991735537197,3.3422885572139296,1.4773978943073858,-0.4611458191333375,0.693012549194327,0.15522388059701492,0.6340079837523637,0.15522388059701492,0.6227601269428678,0.13112942748941855,0.9223880597014924,0.9223880597014924,0.9844776119402985,0.9611940298507462,-0.3241254659309653,0.6736820122801528,0.15522388059701492,1.791044776119403,0.48181183634068464,1.5636913347827488,0.6666666666666666,3.582089552238806,1.408467454185734,0.21205910744783546,3.3248349889983895,61.20363636363636,0.22255867768595042,3.9913520661157023,164.19272727272727,0.2260628099173554,3.5054545454545454,55.46545454545455,191.16363636363636,21.807575757575755,0.41404040404040404,0.037381838796124514,0.18072961245104105,0.014704266875100212,107.68525896414343,0.4290249361121252,0.4049142077109886,3.749003984063745,32.38247011952191,116.21513944223108,11.716467463479416,0.45883134130146086,4.349453602171282,33.92430278884462,0.13515658481611403,0.22818181818181818,13.176425771019506,0.33190847700026754,1.6120937469434335,0.14373466947463542,3.6666666666666665,0.4074074074074074,0.8888888888888888,4.888888888888889,4899.222222222223,18672.88888888889,1460.9907407407406,0.5216049382716049,1.8888888888888888,0.20987654320987653,0.3131286714330555,2.337828118305652,0.08816094277389125,2.725480556997868,0.03272727272727273,3965.5802469135806,3.576180186170213,0.05112878411103313,0.5188104502499399,0.012316019321986654,0.12394553400512877,0.6870668130714147,22.67472893526685,23.021728866442675,274.5,15.579053746811985,65.59797974644661,0.23897260381219165,275.0,1.1169001724534702,0.8953351648279558,0.2914954068196317,30.190178293690487,0.6870668130714147,15.579053746811985,22.67472893526685,20.0,21.0,23.021728866442675,23.021728866442675,274.5,15.579053746811985,1.1169001724534702,0.8953351648279558,65.59797974644661,0.23897260381219165,275.0
"ytma10_010704_benign1_ccd.tif","7e072958-a85c-4924-b5ab-801f3b035056","Detection","Unclassified",560.588623046875,159.30752563476562,275.0,,,89.4,158.0,4543738.0,2.13238411317297,40.5,2.2939233229438543,205.0,125.83272727272727,22.121838016528933,129.0,74.0,131.0,17.261557642421927,128.5405913957285,0.03726921026590503,26.245159238821063,4543738.0,0.2455140495867769,688.8083834710745,12.558257345491388,33.122128490922236,0.04099022061777721,3.951265129561708,0.5997973657548127,0.7364143575826255,0.4964539007092198,1.2226233918394906,0.3533308902254127,0.7684903748733534,0.762107396149949,0.9882608194096449,0.9393617021276596,-0.2893559982993756,0.8370614163558757,0.4108127884723629,3.4235055724417416,0.10656415878559065,3.5655109104720553,0.1661600810536981,6.847011144883487,2.912794039733053,1.1377656238291303,4.757436758947291,36.12,0.13134545454545454,4.675517355371901,67.51636363636364,1.2286413223140493,13.876363636363637,29.385454545454547,325.05454545454546,4.015286332714904,0.11448229231086374,0.09726156691632881,1.929967707689136,0.008345796449631104,139.84115523465704,0.2524208578242907,1.2287042708754183,15.969314079422382,6.909747292418772,80.95667870036101,0.9095456666421081,0.09988662131519277,3.8637512130140674,217.00361010830323,0.3917032673435077,0.5036363636363637,2.9673004991593794,0.6484842707794001,11.450275726727872,0.058117405893478524,7.173913043478261,0.31190926275992437,1.553875236294896,22.0,555.3478260869565,5943.391304347826,70.15257813270236,0.09791629695356403,3.869565217391304,0.16824196597353497,0.39242801225377555,10.272093172432767,0.0268236981553542,4.088779347361362,0.08363636363636363,412.3894139886579,0.9174838811026418,0.04299093319357868,7.49134327691141,0.022109718447434187,0.7308934698957038,0.4023866230119263,30.688708640678634,31.400636936215164,274.5,12.348725834519598,77.11269837220811,0.2809205769479348,275.0,1.3129548568900418,0.7616408094705336,0.22870652843158795,18.584863239925603,0.4023866230119263,12.348725834519598,30.688708640678634,14.0,31.0,31.400636936215164,31.400636936215164,274.5,12.348725834519598,1.3129548568900418,0.7616408094705336,77.11269837220811,0.2809205769479348,275.0
"ytma10_010704_benign1_ccd.tif","c44578f2-4d0a-4b5a-97aa-019efdb684c9","Detection","Unclassified",448.6485900878906,161.70021057128906,275.0,,,107.0,136.0,3988896.0,1.2837954744792262,14.0,4.110789634052826,155.0,119.7090909090909,9.758677685950435,119.0,78.0,77.0,6.094551708605454,120.43702239609033,-0.2549144597277736,13.221570154689344,3988896.0,0.47760661157024786,174.80991735537202,5.207341269841269,4.0337592177172885,0.1918946562265031,1.1431868464978585,0.19940476190476192,0.7029554472755742,0.1974206349206349,0.7237239040274803,0.16042985481229532,0.9016203703703705,0.9014880952380953,0.9883053221288516,0.9605820105820106,-0.3697353802551295,0.7781967301050081,0.1956845238095238,2.2296626984126986,0.35862406305114636,2.0511164314767774,0.5525793650793651,4.459325396825397,1.8442061905618081,0.3356479021006551,3.6634383129570818,54.236363636363635,0.19722314049586775,4.489917355371902,131.34181818181818,0.34771570247933886,5.48,51.974545454545456,256.69454545454545,13.5775,0.25411616161616163,0.040482977736549165,0.30777267688220067,0.008157337372846633,115.79310344827586,0.39928656361474435,0.48351961950059463,6.5793103448275865,26.613793103448277,125.77241379310345,6.703208812260536,0.23675766283524902,4.209310602502238,51.57931034482758,0.17785969084423306,0.2636363636363636,12.22615933412604,0.4092612196464901,3.1340681456514075,0.07586789934498972,2.142857142857143,0.30612244897959184,0.9795918367346937,9.142857142857142,4665.857142857143,21226.714285714286,1126.2232142857142,0.24404761904761907,1.2857142857142858,0.1836734693877551,0.3220740019764405,4.1451136717989625,0.027498065679910404,2.8073549220576046,0.025454545454545455,3122.4897959183677,2.271946893983931,0.04981134223669746,1.1591663628380668,0.011004976189651888,0.2531876002536651,0.8575267317724939,20.218695021533147,21.095023109728988,274.5,17.338071462520112,63.35533905932733,0.2308026923837061,275.0,1.0787159817226515,0.9270280749925052,0.3071090278283123,33.511001914832136,0.8575267317724939,17.338071462520112,20.218695021533147,18.0,21.0,21.095023109728988,21.095023109728988,274.5,17.338071462520112,1.0787159817226515,0.9270280749925052,63.35533905932733,0.2308026923837061,275.0
"ytma10_010704_benign1_ccd.tif","0d30d46b-8f93-43f5-8f3a-3ef7adf73a44","Detection","Unclassified",174.84927368164062,472.44793701171875,275.0,,,105.4,165.6,4988171.0,1.9326415057756618,36.0,2.577317797894518,200.0,132.6,19.613090909090864,129.0,95.0,105.0,14.591730781259775,134.68037583985142,0.5675047199789798,23.580577523963143,4988171.0,0.29994049586776855,556.0436363636358,8.584905660377359,28.564047686082283,3.1478973940786066,3.390187259195561,0.397219463753724,0.790241982015385,0.3694141012909633,1.0235694138282654,0.26075268552111386,0.8199271764316451,0.8180734856007944,0.9893770632598835,0.9477230812881259,-0.35152549367691827,0.8603017211891081,0.34508440913604777,2.7994041708043698,0.1635068916788044,3.159616585624338,0.32075471698113206,5.598808341608739,2.722544432145938,0.9468516807373214,4.517340414270076,37.24,0.13541818181818183,4.172509090909091,82.48363636363636,0.9416727272727272,9.007272727272728,36.89090909090909,290.5709090909091,7.313715151515153,0.1849212121212121,0.05947490494514302,0.7467906267894363,0.008201497756762637,130.7560975609756,0.2899248282948461,0.992384501551123,10.17960088691796,9.720620842572062,75.65410199556541,1.9194382852919438,0.1697357723577236,4.1584073938225785,119.82926829268293,0.26569682548266726,0.41,3.7717808663674215,0.5112554622157565,5.781610472969649,0.07405376431832805,2.6923076923076925,0.20710059171597633,1.7869822485207096,13.76923076923077,1259.6153846153845,9144.846153846154,241.192094017094,0.1722863247863248,1.6153846153846154,0.1242603550295858,0.2440846714970363,5.4000593860395485,0.013758454965014287,3.5465935642949384,0.04727272727272727,812.1301775147926,1.5839485575251997,0.0422425181368526,4.67107050304423,0.019584890338541827,0.6006092984237714,0.8148951107683129,20.818372048844946,21.840329667841555,274.5,16.96478959675945,63.69848480983496,0.23205276797754085,275.0,1.0845585328103535,0.9220341454589437,0.30463076390560045,32.97233967607907,0.8148951107683129,16.96478959675945,20.818372048844946,17.0,21.0,21.840329667841555,21.840329667841555,274.5,16.96478959675945,1.0845585328103535,0.9220341454589437,63.69848480983496,0.23205276797754085,275.0
"ytma10_010704_benign1_ccd.tif","d3771446-a2e3-400b-9dfd-b598ed140cbc","Detection","Unclassified",418.6236877441406,581.2940673828125,272.0,,,95.0,127.0,3352214.0,1.2642824881338681,18.0,2.770617292392563,149.0,110.30882352941177,10.121647923875425,110.0,81.0,68.0,7.357588910955959,111.01493672686837,0.21599413382650676,12.501185064932109,3352214.0,0.49067365916955014,156.27962802768164,3.63914373088685,2.5740132763049655,-0.1607866732435494,0.9307754574426851,0.3241590214067278,0.4833849465926968,0.3058103975535168,0.9361775555376309,0.2306390221548878,0.8501529051987767,0.8489296636085627,0.9684309574217831,0.9244648318042813,-0.16581646688203996,0.5745756875575484,0.2897553516819572,1.8674821610601424,0.31870836411699965,2.216079814239489,0.5249745158002038,3.734964322120285,1.852528756720331,0.31373361971235325,3.832516832421782,38.0,0.13970588235294118,4.671064013840829,133.46323529411765,0.34018166089965396,4.051470588235294,41.55882352941177,148.8308823529412,16.174632352941174,0.3882761437908497,0.05793366883790554,0.3559060070787574,0.016645695025695458,149.18090452261308,0.37482639327289713,0.5004229691169415,4.776381909547739,13.819095477386934,51.76381909547739,5.086683417085427,0.3741624790619766,3.76818267183287,102.78894472361809,0.2582636802100957,0.36580882352941174,6.346152874927401,0.5083298269013825,2.9858328061680846,0.1603282906179248,8.076923076923077,0.621301775147929,0.5443786982248521,7.384615384615385,2591.230769230769,10046.307692307691,747.3760683760684,0.25854700854700857,2.076923076923077,0.15976331360946747,0.30061298553729865,2.7035167552297734,0.03362266620165489,2.8150724101159437,0.04779411764705882,2153.4556213017745,6.68594421882465,0.03401535246488483,0.8066237368277343,0.03402561054838333,0.0744142228720132,0.341300335089747,32.56018524676474,30.805843601498726,271.5,11.112802135305042,74.08326112068518,0.27286652346477047,272.0,1.2683240937607543,0.7884420117218331,0.2402230961771696,20.50367770143147,0.341300335089747,11.112802135305042,32.56018524676474,22.0,25.0,30.805843601498726,30.805843601498726,271.5,11.112802135305042,1.2683240937607543,0.7884420117218331,74.08326112068518,0.27286652346477047,272.0
"ytma10_010704_benign1_ccd.tif","190f2fda-fe44-4d95-9d56-e0fc87aefa4f","Detection","Unclassified",875.5298461914062,478.3925476074219,270.0,,,105.9,154.0,4504594.0,1.6452072785267573,22.25,3.421703977214907,189.0,127.8,14.51999999999996,124.0,98.0,91.0,9.78538512179065,129.16532615791857,0.8172023203041489,18.730762971152064,4504594.0,0.374238683127572,350.8414814814813,6.827760891590679,11.366271366376782,1.902755333402119,1.843148365427354,0.3698074974670718,0.665779599432784,0.3130699088145896,0.9949797093654892,0.27179472966189644,0.8529213103681187,0.8491388044579533,0.9862281274607024,0.9491725768321515,-0.2882495987144746,0.7672124876266954,0.2634245187436677,2.541540020263424,0.2544163281730376,2.6373337871066385,0.425531914893617,5.083080040526849,2.2165228185462706,0.5532389657236065,4.177058238811108,39.666666666666664,0.1469135802469136,5.650973936899864,101.04444444444445,0.6470370370370371,7.5814814814814815,44.45925925925926,270.7962962962963,9.029057613168723,0.19090946502057612,0.07212582467829382,0.8580110783339399,0.012106879551898873,106.57219251336899,0.2849523863993823,0.9197574994995568,9.88770053475936,15.470588235294118,94.05347593582887,3.185314913844325,0.1718092691622104,4.200420846379526,100.83957219251337,0.2696245245789127,0.34629629629629627,7.131773856844634,0.529250161445569,6.560690044194478,0.07755118721108868,5.421052631578948,0.2853185595567867,1.3019390581717456,13.368421052631579,1205.4736842105262,6428.368421052632,259.896432748538,0.18029239766081873,3.736842105263158,0.19667590027700832,0.4188200477915612,5.694826666069175,0.08164425808501996,3.642149881636906,0.07037037037037037,1003.5346260387811,2.12398018384569,0.040227794319615505,2.9620187277167465,0.020148299692991048,0.33082867643356995,0.6395883668921313,23.181246341346174,23.53720459187964,269.5,14.826455489985793,63.69848480983495,0.23635801413667887,270.0,1.0945731361787103,0.9135981570780397,0.29908193396196475,31.78210123733555,0.6395883668921313,14.826455489985793,23.181246341346174,15.0,23.0,23.53720459187964,23.53720459187964,269.5,14.826455489985793,1.0945731361787103,0.9135981570780397,63.69848480983495,0.23635801413667887,270.0
"ytma10_010704_benign1_ccd.tif","c93d8a4c-3ec0-4a01-9343-8ff6269f9131","Detection","Unclassified",691.467529296875,579.8064575195312,270.0,,,78.0,123.1,2658404.0,1.4493687279626153,24.0,2.7887166030133064,142.0,97.72592592592592,13.977558299039767,94.0,71.0,71.0,9.936198161005823,99.22671384632639,0.7139012618375051,17.192560677839115,2658404.0,0.4387105624142661,295.5841426611798,5.8133333333333335,6.3073234197150985,1.4539308490028477,1.4113914529914529,0.3107692307692308,0.639093803848078,0.3005128205128205,0.9128992664688764,0.22046127547666014,0.8514529914529915,0.8507692307692308,0.9819004524886878,0.9402393162393161,-0.26181410180321824,0.7120307024164267,0.2915384615384616,2.3533333333333335,0.3182863905325444,2.3476235741630243,0.5292307692307693,4.706666666666667,2.014428295477529,0.4305401709401709,3.706482716596863,42.02962962962963,0.1556652949245542,5.792098765432099,118.45185185185186,0.5052949245541838,6.444444444444445,42.86666666666667,215.82962962962964,9.766615226337448,0.21836419753086414,0.06413812194974011,0.6083828478579361,0.012237116507744691,122.55725190839695,0.31185051376182427,0.7469779668369494,8.312977099236642,16.70737913486005,91.98473282442748,3.71006502685892,0.2081212892281595,3.7283290741343067,127.48346055979644,0.32438539582645404,0.3638888888888889,9.155371676087253,0.5886404174228212,5.893599299185642,0.1175385103352921,4.5,0.375,0.7430555555555555,10.25,2490.0,11869.0,577.7152777777777,0.18055555555555555,2.1666666666666665,0.18055555555555555,0.36516125088755974,4.454665434621269,0.03331855177650126,3.2516291673878226,0.044444444444444446,1983.75,2.920554350772567,0.04385588353362401,1.535348133147938,0.02300116754413901,0.1908533872888774,0.41826934044600905,28.92115453204093,30.364452901377952,269.5,12.096832231053865,71.94112549695429,0.26694295175122185,270.0,1.2362118752198223,0.8089228230574801,0.24918275966104061,22.061662105459927,0.41826934044600905,12.096832231053865,28.92115453204093,14.0,29.0,30.364452901377952,30.364452901377952,269.5,12.096832231053865,1.2362118752198223,0.8089228230574801,71.94112549695429,0.26694295175122185,270.0
"ytma10_010704_benign1_ccd.tif","dd1e6eae-2c80-4c69-8663-61a4c1ad959a","Detection","Unclassified",38.14393997192383,713.3294677734375,270.0,,,98.0,150.0,3988204.0,1.7475429787029655,26.0,3.464202360024905,184.0,119.77777777777777,16.17942386831279,115.5,86.0,98.0,11.27119951627364,121.53652095533229,0.9901505282606814,20.601210560139666,3988204.0,0.3694650205761317,424.40987654321015,5.4862104187946885,20.088042196402736,2.8213952923905774,2.4054187999052625,0.32175689479060265,0.7640365485682542,0.30949948927477017,0.9286249603441208,0.22596696092925905,0.8472931562819204,0.8464759959141981,0.9877222738516811,0.9487085947760108,-0.35294762938185154,0.8342241722481791,0.2987742594484167,2.22829417773238,0.23775433229588464,2.7777652256109464,0.4463738508682329,4.45658835546476,2.437000845914338,0.6817939236739663,4.194462043014931,41.4,0.15333333333333332,3.923237311385458,99.75555555555556,0.7507407407407407,6.04074074074074,40.54814814814815,195.12962962962962,13.059094650205761,0.30316460905349796,0.05691210935677425,0.6065287575935725,0.012247014251135602,109.48743718592965,0.27509406328123026,1.039702280245448,7.6206030150753765,12.582914572864322,62.552763819095475,3.8368523171412625,0.2768774427694026,4.341032516274752,94.64321608040201,0.23779702532764324,0.3685185185185185,5.219464154945583,0.4765008942160681,4.583173001795049,0.10691000797308896,2.8333333333333335,0.2361111111111111,1.8541666666666667,12.416666666666666,2166.8333333333335,9995.583333333334,579.7179166666666,0.2449537037037037,2.8333333333333335,0.2361111111111111,0.461928119185463,7.574558949074315,0.05251295237594544,3.2516291673878226,0.044444444444444446,1660.5833333333333,2.058722193256865,0.047864712542644024,2.5900971448481958,0.019700986184597293,0.4573856582526374,0.41139869375049404,29.04033852299723,28.0178514522438,269.5,11.94715733443321,69.8406204335659,0.25914886988336144,270.0,1.2001175093702081,0.8332517375942421,0.26050838107420865,24.11268907576901,0.41139869375049404,11.94715733443321,29.04033852299723,21.0,23.0,28.0178514522438,28.0178514522438,269.5,11.94715733443321,1.2001175093702081,0.8332517375942421,69.8406204335659,0.25914886988336144,270.0
"ytma10_010704_benign1_ccd.tif","8fcc2f55-76d2-4149-9077-a37ab3c2654b","Detection","Unclassified",820.4774780273438,492.79376220703125,269.0,,,89.8,126.20000000000002,3370274.0,1.3022079121182792,17.0,3.522147684304066,146.0,110.9814126394052,11.23386907311947,113.0,72.0,74.0,7.213542455381292,111.93256732628261,-0.8410043621358898,14.561101497306403,3370274.0,0.5188015643786018,212.02567681485877,8.866598778004073,7.941941801055819,-1.1467506028156227,1.3168686043280058,0.20773930753564154,0.7274849409882629,0.20773930753564154,0.7371392284069106,0.1645836876402537,0.8961303462321792,0.8961303462321792,0.9877800407331976,0.9584521384928716,-0.3734026775419145,0.786251065265561,0.20773930753564154,2.930753564154786,0.39600486973257953,2.0971239316652603,0.6109979633401222,5.861507128309572,1.8893846241296186,0.3811519779659119,3.6915317290963485,49.66914498141264,0.18464366164093918,3.8865963709733147,139.55762081784385,0.3852351404762234,9.1635687732342,49.91449814126394,450.65799256505574,6.525144568360183,0.14560099132589838,0.0378938867299639,0.40790349300948525,0.005429332533044197,103.49664429530202,0.3473041754875906,0.6668731138237016,9.486577181208053,24.25503355704698,219.34228187919464,3.021905294556302,0.17030201342281878,4.41903446984536,53.1744966442953,0.17843790820233324,0.27695167286245354,11.217602810684204,0.3800854998927885,3.882631249328055,0.06880564555139619,2.142857142857143,0.30612244897959184,1.2653061224489799,9.428571428571429,5312.714285714285,48420.142857142855,608.2678571428571,0.2569444444444445,1.2857142857142858,0.1836734693877551,0.30473699626761686,4.639980882911927,0.024780286239718313,2.5216406363433186,0.026022304832713755,3835.959183673469,1.3714866934711851,0.05632898360037833,1.1440434218296125,0.011952359519760172,0.29546055506143243,0.6434371592862812,23.152856485739406,23.021728866442675,268.5,14.897408206547114,64.52691193458115,0.24032369435598194,269.0,1.1108714480293462,0.9001941689778516,0.29225236300803537,30.34717777745409,0.6434371592862812,14.897408206547114,23.152856485739406,21.0,18.0,23.021728866442675,23.021728866442675,268.5,14.897408206547114,1.1108714480293462,0.9001941689778516,64.52691193458115,0.24032369435598194,269.0
"ytma10_010704_benign1_ccd.tif","f1749f37-1e8b-463a-9441-20be295840b4","Detection","Unclassified",497.2175598144531,525.94970703125,269.0,,,100.0,138.20000000000002,3942018.0,1.4973086903060526,19.0,2.813849097448477,158.0,120.14126394052045,11.73068365556028,119.0,85.0,73.0,8.067644032921818,121.05511970765609,-0.021311756379876652,14.846504848251183,3942018.0,0.4058125233205733,220.41870620914585,5.5993914807302225,7.425042102489588,0.2218632830714028,1.591433208941407,0.32961460446247465,0.6568387291949443,0.32758620689655177,0.9212957148965552,0.22230188151360422,0.8365449628127114,0.8364097363083166,0.9806467008710177,0.934550371872887,-0.269873935300642,0.74712893748683,0.32581135902636915,2.29868154158215,0.22169912239918693,2.6185243828654605,0.3813387423935091,4.5973630831643,2.2818111976002533,0.48026195335097044,4.321547345426716,37.96654275092937,0.14113956412984896,3.9997236080208953,109.1635687732342,0.46892663174914667,5.83271375464684,39.2453531598513,219.14869888475837,10.430968608013218,0.2678645187938868,0.05910861336135721,0.4118094770952577,0.013731136838560597,155.40291262135923,0.37719153548873596,0.5301866339900083,6.165048543689321,10.995145631067961,61.75728155339806,2.7957456850053934,0.2683387270765912,3.9563415534724613,97.52427184466019,0.23670939768121407,0.3828996282527881,4.174427372985201,0.4618474106857178,3.101166168563407,0.11514940243063967,5.769230769230769,0.4437869822485207,0.8639053254437871,7.3076923076923075,2064.6923076923076,10819.76923076923,467.29059829059827,0.3231837606837607,2.230769230769231,0.17159763313609466,0.3657258348091292,3.106080197740561,0.06211678367973404,3.085055102756477,0.048327137546468404,1636.5207100591715,4.006460511033681,0.03275197941767977,1.8290380199189564,0.02410695725392306,0.16899675829262756,0.8915234521019181,19.62783844997781,20.396078054371138,268.5,17.498678292222976,61.941125496954236,0.2306932048303696,269.0,1.0663555051747828,0.9377735615816916,0.31074254268103935,34.30865369889974,0.8915234521019181,17.498678292222976,19.62783844997781,18.0,20.0,20.396078054371138,20.396078054371138,268.5,17.498678292222976,1.0663555051747828,0.9377735615816916,61.941125496954236,0.2306932048303696,269.0
"ytma10_010704_benign1_ccd.tif","0ab73018-5846-42fa-bfd7-f116846e327a","Detection","Unclassified",290.1324157714844,670.7374877929688,267.0,,,116.0,163.4,5194506.0,1.6209980706935823,21.0,3.9105552295824464,201.0,138.2921348314607,13.758616336321184,137.0,105.0,96.0,9.046810699588477,139.48146346982955,0.8160189176336147,18.175920759138847,5194506.0,0.3924728920310287,330.36409544249454,4.136082474226804,10.805908757569144,1.3892989668808011,1.7299989371877982,0.3876288659793814,0.6339027421158399,0.34639175257731963,1.021433945322261,0.2676416197257944,0.8336769759450171,0.8309278350515463,0.9854193442533292,0.9432498772704958,-0.2490054789189101,0.7287549002787329,0.31030927835051547,1.949484536082474,0.2423063024763525,2.662757541746997,0.4350515463917526,3.8989690721649484,2.2535961360672525,0.5294069507917952,4.200807455186628,35.46441947565543,0.1328255411073237,4.922358288094936,104.79026217228464,0.6168413079156673,4.752808988764045,39.71910112359551,144.1760299625468,17.194152101539743,0.3923938826466917,0.06348367037895752,0.5574045699914034,0.016179428492162577,123.78260869565217,0.2989918084436043,0.8715080865364419,6.214975845410628,12.043478260869565,47.52657004830918,4.707075952764359,0.3376617015566291,4.053170690542259,110.55072463768116,0.2670307358398096,0.38764044943820225,5.388573829027516,0.5183674815782416,4.243734732181637,0.12290778670338133,5.352941176470588,0.314878892733564,1.231833910034602,9.882352941176471,1477.3529411764705,5685.941176470588,468.8213888888889,0.26052287581699346,3.1176470588235294,0.18339100346020762,0.2769428926271248,4.001961550836081,0.028451408716258345,3.4992275471326932,0.06367041198501873,1230.6782006920414,2.685150613275613,0.037665061742286204,3.4230188435572844,0.019579238393618886,0.41895122984061567,0.6162250866935213,23.922209392855063,25.019992006393608,266.5,14.74146555701268,67.35533905932736,0.25274048427514956,267.0,1.1639075569935375,0.8591747634864376,0.27199707704615994,26.286376268374564,0.6162250866935213,14.74146555701268,23.922209392855063,16.0,25.0,25.019992006393608,25.019992006393608,266.5,14.74146555701268,1.1639075569935375,0.8591747634864376,67.35533905932736,0.25274048427514956,267.0
"ytma10_010704_benign1_ccd.tif","229b1698-ecb8-4512-a477-c5ed7a925c5e","Detection","Unclassified",467.1426696777344,316.4132080078125,266.0,,,108.0,154.5,4938751.0,1.606527919672058,29.0,2.3822984830176606,187.0,134.96616541353384,15.760218214709708,139.0,102.0,85.0,12.172011726068417,136.25979995107423,0.021997483151533943,18.7314515260668,4938751.0,0.3579060433037481,350.8672762733902,3.8961973278520037,8.558370371426633,0.7711287438132168,1.9391842861051054,0.24974306269270302,0.7718123784876957,0.24974306269270302,0.8108706344251075,0.18737146532957163,0.8751284686536486,0.8751284686536486,0.9853092316063116,0.9500513874614592,-0.41305066698541804,0.8512458439385943,0.24974306269270302,1.8638232271325796,0.2341836998760997,2.4773379272488825,0.35251798561151076,3.7276464542651593,2.2275948645561785,0.5472318371994521,4.043333174874634,42.10526315789474,0.15829046299960428,4.122053253434338,95.203007518797,0.5844310023178247,4.203007518796992,46.225563909774436,153.0375939849624,25.34557748538012,0.46514724310776945,0.042070092204244555,0.29077944530638766,0.012816575434476212,111.46706586826348,0.3337337301445014,0.6651457563914088,5.61377245508982,16.81437125748503,54.43712574850299,9.380572188955423,0.34077677977378573,4.238268086281832,62.84431137724551,0.1881566208899566,0.31390977443609025,6.666140772347522,0.40672807034515873,2.966490990147035,0.08500576465727566,2.25,0.28125,1.109375,9.375,2790.0,9375.75,1377.9765625,0.2387152777777778,1.25,0.15625,0.1900195812818353,3.014779972584151,0.012229053822974229,2.75,0.03007518796992481,1684.4375,3.9627952188940094,0.04511044123801754,1.4592882939560121,0.024432811473478984,0.26278696545098906,0.7940770108497766,20.712971566296417,21.37755832643195,265.5,16.447694547181072,62.526911934581136,0.23550625964060692,266.0,1.0825046875575424,0.9237835286018966,0.30296266927687066,32.61222899623199,0.7940770108497766,16.447694547181072,20.712971566296417,17.0,21.0,21.37755832643195,21.37755832643195,265.5,16.447694547181072,1.0825046875575424,0.9237835286018966,62.526911934581136,0.23550625964060692,266.0
"ytma10_010704_benign1_ccd.tif","2066c06d-d3f9-44a9-ae38-76ac2ecbf3ba","Detection","Unclassified",215.35719299316406,320.4704895019531,266.0,,,109.0,143.0,4228744.0,1.283156246343615,15.0,3.5152649390835244,151.0,125.3609022556391,10.283848719543188,126.0,83.0,68.0,6.921531567882096,126.08542276800465,-0.6998185603011934,13.497333819631432,4228744.0,0.45579173497653913,182.17802023856643,6.446611909650924,4.219685614792198,-0.8886236504189029,1.2328223756055807,0.2926078028747434,0.6163602805259205,0.29055441478439425,0.8779457962643816,0.20818593492404153,0.8550650239561943,0.8549281314168378,0.9828240125619035,0.9419575633127993,-0.24569935352182412,0.6882363397780883,0.28875770020533886,2.4922997946611907,0.26912981882117815,2.291326447000533,0.41581108829568786,4.984599589322382,1.9920953148071312,0.38135754462008103,4.008182656592556,40.6015037593985,0.15263723217818984,3.695630052575046,121.2406015037594,0.3702442195714851,6.657894736842105,42.17293233082707,293.12406015037595,8.128759398496241,0.21235380116959066,0.04301729498538485,0.29906993544424176,0.009355071657712558,155.83870967741936,0.41892126257370793,0.4286333680194239,6.360215053763441,13.370967741935484,94.85483870967742,2.4483646953405023,0.23556974313022702,3.9659174426475707,78.3225806451613,0.21054457162677767,0.34962406015037595,5.190137588160481,0.4271106288777535,2.761452938062961,0.10175669615890541,3.0,0.3,0.8099999999999999,6.1,2651.4,20655.9,392.4,0.33958333333333335,1.2,0.12,0.16615441527906288,1.5538297856072707,0.02844247195641709,3.321928094887362,0.03759398496240601,1943.8400000000001,2.761995437985621,0.03260229619734719,1.7600606988734737,0.016857401803320477,0.17838173415189346,0.9522867922668178,18.920250672834182,20.248456731316587,265.5,18.017504822117363,61.45584412271568,0.23147210592359957,266.0,1.063961697168869,0.9398834588321489,0.31091724202245585,34.34724116736856,0.9522867922668178,18.017504822117363,18.920250672834182,18.0,18.0,20.248456731316587,20.248456731316587,265.5,18.017504822117363,1.063961697168869,0.9398834588321489,61.45584412271568,0.23147210592359957,266.0
"ytma10_010704_benign1_ccd.tif","9cf21da0-cf4d-41f3-aa2c-15236fb3809e","Detection","Unclassified",595.7176513671875,643.8642578125,266.0,,,106.0,137.5,4021325.0,1.2994802623029438,17.0,3.4368589924469184,151.0,122.2593984962406,10.299762564305494,123.5,80.0,71.0,7.050188454671674,122.9543132952022,-0.5287019185845588,13.053836111740424,4021325.0,0.4417717225394313,170.40263723217834,5.977342945417096,3.758955366372505,-0.5579215324445729,1.2429158256800457,0.24716786817713698,0.6682496839659708,0.2389289392378991,0.8162206119474309,0.19008083017178934,0.8819086852042568,0.8813594232749744,0.9856061065002726,0.9524888431170615,-0.30957027577519475,0.7440304819510349,0.2317198764160659,2.3934088568486094,0.2835133389405,2.2019691186630874,0.36766220391349125,4.78681771369722,1.9344901171719646,0.37252092346429566,3.979085313615991,42.91729323308271,0.16134320764316806,4.716207812764996,117.51127819548873,0.37034315111085986,6.195488721804511,48.097744360902254,303.1203007518797,10.217340225563907,0.2296626984126984,0.05043332064098265,0.36459481683233025,0.010461522016755587,131.87227414330218,0.4108170534059258,0.44267815723838083,6.137071651090342,19.214953271028037,124.28660436137072,3.83705434406369,0.2526825891311873,4.151263222542197,64.26479750778816,0.2002018613949787,0.3016917293233083,8.228103376325931,0.4369725375226021,2.874082406799808,0.10273790929667818,5.615384615384615,0.4319526627218935,0.698224852071006,7.538461538461538,2048.153846153846,12421.23076923077,402.7932692307692,0.265491452991453,2.076923076923077,0.15976331360946747,0.310247022686446,2.9033093012812796,0.04616536876927219,3.334679141051595,0.04887218045112782,1629.4792899408287,2.542986155598263,0.039088727422603664,1.5195359779386581,0.014456653627619765,0.20902580338258944,0.6993444840721558,22.037678700636004,22.847319317591726,265.5,15.411929041044221,64.18376618407352,0.2417467652884125,266.0,1.1111891761430597,0.8999367717664444,0.29130758539279633,30.151285498693966,0.6993444840721558,15.411929041044221,22.037678700636004,22.0,18.0,22.847319317591726,22.847319317591726,265.5,15.411929041044221,1.1111891761430597,0.8999367717664444,64.18376618407352,0.2417467652884125,266.0
"ytma10_010704_benign1_ccd.tif","5c8f42e1-8fc2-41b2-b7e7-c1722623b7f9","Detection","Unclassified",409.0554504394531,167.16383361816406,265.0,,,101.0,133.6,3709308.0,1.2578361221487953,16.0,2.8554676285849263,146.0,117.60754716981133,10.227611249555002,118.0,85.0,61.0,7.013349946600214,118.31056030314996,-0.16466808702772087,12.878413254197433,3709308.0,0.47474546101815585,165.85352794588812,4.855222337125129,3.2038873464919577,-0.1748245315478617,1.0151889285404918,0.2885211995863496,0.5573844317664478,0.2864529472595657,0.8726041368898789,0.20646590859265804,0.8571182350913477,0.8569803516028954,0.9712433378410628,0.9284901758014478,-0.22506558665523754,0.6525058692776862,0.28464322647362983,2.1618407445708376,0.30715151178123157,2.187322712465429,0.5056876938986556,4.323681489141675,1.8911718749890922,0.3259275320317103,3.885348448085699,38.64528301886792,0.1458312566749733,4.206564613741545,125.80754716981131,0.340249199003204,5.230188679245283,42.83396226415094,197.72830188679245,12.382914046121593,0.27368972746331244,0.04718837975441748,0.3138376682259207,0.011074821827364379,156.06233062330622,0.4229331453206131,0.4143183437254428,6.075880758807588,13.436314363143632,63.55555555555556,3.6647094248720262,0.25195724179464024,3.7740845184335887,79.82384823848238,0.216324791974207,0.3481132075471698,5.184318564052848,0.44766540236971564,3.228253574323618,0.09095694315784235,6.2727272727272725,0.5702479338842975,0.6115702479338843,7.090909090909091,2627.0,11242.545454545454,663.3156565656565,0.28535353535353536,1.3636363636363635,0.12396694214876033,0.16518702584080427,1.30319879812976,0.038739847688169536,3.2776134368191165,0.04150943396226415,2046.6280991735534,6.601162973440199,0.0331224763827518,0.895676884933169,0.03185849344044228,0.08476081960564687,0.6569090814418053,22.893514212827508,23.345235059857504,264.5,15.038957392523432,63.94112549695424,0.24174338562175518,265.0,1.1090790616169182,0.9016489758107122,0.2918638623002292,30.266548395548337,0.6569090814418053,15.038957392523432,22.893514212827508,23.0,16.0,23.345235059857504,23.345235059857504,264.5,15.038957392523432,1.1090790616169182,0.9016489758107122,63.94112549695424,0.24174338562175518,265.0
"ytma10_010704_benign1_ccd.tif","2752cb3e-a924-4122-bf4d-ae66cc74df7e","Detection","Unclassified",803.3209228515625,294.14697265625,263.0,,,119.2,152.8,4907651.0,1.1678574112021511,14.0,4.7030866572419505,169.0,135.80608365019012,10.408593445040424,137.0,85.0,84.0,5.778530711293244,136.6025986648028,-0.7466806975804835,14.730159726722297,4907651.0,0.5866067168818401,216.97760557475152,9.175,8.996061401363654,-1.2224599225079582,1.197915581597222,0.11145833333333333,0.8297532399837906,0.11145833333333333,0.5042991216924517,0.09903537326388888,0.9442708333333333,0.9442708333333333,0.9934436274509805,0.9777083333333332,-0.5470052965322985,0.8404924096010746,0.11145833333333333,2.9838541666666667,0.5325037977430556,1.6278039808362599,0.71875,5.9677083333333325,1.5163456475029267,0.3273434787326388,3.1434017698958483,74.71102661596959,0.28407234454741287,3.261229741647269,154.27756653992395,0.35290375746360364,9.193916349809886,59.31178707224335,562.8441064638783,7.358523447401774,0.14739121250528092,0.026567433373856513,0.2078581816827562,0.0053769726094250936,67.76381909547739,0.3405217039973738,0.7132143127698797,8.241206030150753,45.618090452261306,422.7035175879397,5.500488553880514,0.21740647682858735,4.678311642237221,20.467336683417084,0.10285093810762354,0.18916349809885932,17.671725461478246,0.24855954141234662,1.3425392715394757,0.08240447917859856,1.4,0.28,1.04,6.8,8106.2,73959.6,917.3222222222223,0.33472222222222225,1.0,0.2,0.20306052276737666,0.8069365754485173,0.05258382734124745,2.321928094887362,0.019011406844106463,5339.44,0.6932614249403464,0.1033132539980574,0.5533253837909851,0.005744616732864335,0.5690047017040925,0.6977012813319289,22.024359318254536,22.47220505424423,262.5,15.366423716860998,63.11269837220805,0.24042932713222115,263.0,1.0988721403384958,0.9100239812176516,0.2953787499817064,30.99993210654446,0.6977012813319289,15.366423716860998,22.024359318254536,17.0,21.0,22.47220505424423,22.47220505424423,262.5,15.366423716860998,1.0988721403384958,0.9100239812176516,63.11269837220805,0.24042932713222115,263.0
"ytma10_010704_benign1_ccd.tif","1a9bde8a-bea6-4e04-89d0-de2c5c53f438","Detection","Unclassified",547.302734375,67.2823486328125,262.0,,,112.0,162.0,4920196.0,1.7358097278158695,29.0,2.4063061777173593,187.0,135.63358778625954,16.24986888875939,136.0,93.0,94.0,12.070249433106575,137.0378562507511,0.20534215426190217,19.56793065269174,4920196.0,0.3313618087524037,382.90391002855296,8.44900105152471,10.628988487387375,0.5923692217378549,2.0757053563629415,0.3669821240799159,0.699525930338512,0.35646687697160884,0.9745420113353037,0.23991348970202378,0.8235191026989134,0.8228180862250263,0.9859689786264355,0.9408392168644534,-0.28982380869291785,0.7878139134612663,0.3472660357518402,2.832281808622503,0.1817423908200013,2.859789909507187,0.29442691903259727,5.664563617245006,2.4682877856171874,0.6106718701107141,4.233020579593367,39.80152671755725,0.15191422411281394,3.8013519025697806,86.81679389312977,0.6703135015441989,9.240458015267176,36.404580152671755,279.7977099236641,6.183933418150975,0.15513146734520777,0.05815325030917088,0.7904698634118618,0.006732598212375768,134.57308584686774,0.3122345379277674,0.774823563611307,10.849187935034802,9.698375870069606,77.35962877030163,1.6086259345192058,0.14054331013147722,3.95299989720157,113.03712296983758,0.2622671066585559,0.4112595419847328,3.7859184651245426,0.4963401497832057,6.343561594813364,0.05990632428748072,3.3333333333333335,0.2777777777777778,1.576388888888889,14.416666666666666,1584.5,13117.916666666666,227.7160648148148,0.17030092592592594,1.6666666666666667,0.1388888888888889,0.29141503748804176,6.160647945813781,0.01925003076500435,3.418295834054489,0.04580152671755725,1107.8055555555557,1.8047145024107485,0.04128990813708369,2.97648632644364,0.02047611599500791,0.33430727018958384,0.5347912163941706,25.282243422998953,25.96150997149434,261.5,13.52072171335913,66.28427124746187,0.25347713670157507,262.0,1.1562978210361343,0.8648290966283417,0.2733889947319906,26.55610042376306,0.5347912163941706,13.52072171335913,25.282243422998953,25.0,14.0,25.96150997149434,25.96150997149434,261.5,13.52072171335913,1.1562978210361343,0.8648290966283417,66.28427124746187,0.25347713670157507,262.0
"ytma10_010704_benign1_ccd.tif","baac56be-51bc-4be0-bb5b-3f0b3fe6e040","Detection","Unclassified",791.9942626953125,455.263916015625,261.0,,,103.0,158.0,4376314.0,1.8652234223264466,33.0,2.34861931399032,186.0,127.7088122605364,17.984233936671515,125.0,89.0,97.0,13.72872908508369,129.48933002389933,0.40100226686834384,21.39966964794975,4376314.0,0.31336885835498596,457.94586104138176,7.219354838709678,18.115884084049185,1.6770968612195847,2.740779280841716,0.3913978494623656,0.750079364493433,0.3741935483870968,1.0060223185607602,0.25137703780783904,0.8157706093189964,0.8146236559139786,0.9850831408117281,0.9380440348182281,-0.3235576715382797,0.8316671186123651,0.3591397849462366,2.575268817204301,0.16900219678575554,3.0481078573938114,0.32903225806451614,5.150537634408603,2.6209870001270197,0.7830442825760204,4.52778999214538,36.02681992337165,0.13803379280985306,4.149939078991793,81.78927203065135,0.8324598875530306,7.862068965517241,34.632183908045974,238.12260536398466,7.995923797360579,0.22155172413793103,0.07973466600348099,1.0672754520426022,0.01094224868938241,128.7444933920705,0.2835781792776883,0.9470055696792101,8.958149779735683,8.533039647577093,58.60352422907489,1.956822075379344,0.20723507097405777,4.083238474788653,131.5022026431718,0.2896524287294533,0.43486590038314177,3.245065885229676,0.538756365511561,5.52970132137676,0.09829582299537204,4.888888888888889,0.2716049382716049,1.2222222222222223,14.666666666666666,990.5,5872.777777777777,217.4918209876543,0.13495370370370371,4.222222222222222,0.2345679012345679,0.48308013887760826,9.676873944885756,0.02792203676350323,3.4138338639736006,0.06896551724137931,780.25,2.3578020350334876,0.0427729197707306,2.981191767596039,0.027286564905684832,0.34529303123232097,0.29161833381867336,34.2645276431086,33.015148038438355,260.5,9.992164460367205,78.91168824543144,0.3029239471993529,261.0,1.3792168013296187,0.725049172135926,0.20966251403072386,15.618661917875047,0.29161833381867336,9.992164460367205,34.2645276431086,27.0,23.0,33.015148038438355,33.015148038438355,260.5,9.992164460367205,1.3792168013296187,0.725049172135926,78.91168824543144,0.3029239471993529,261.0
"ytma10_010704_benign1_ccd.tif","a10368ad-0467-4fd2-99a6-aa7fbef63fbd","Detection","Unclassified",67.2845230102539,310.4001159667969,260.0,,,97.9,142.0,3754505.0,1.6465856728884516,23.25,3.4614804453367074,175.0,118.72692307692307,14.600325443786973,116.0,74.0,101.0,10.017369614512472,120.16823143474254,0.4066868662833778,18.555904258220263,3754505.0,0.3847928994082841,344.32158284023683,10.700737618545835,9.507733485018596,0.20732103577399433,1.7336822854960185,0.34246575342465757,0.670095053912731,0.3087460484720759,0.964109616102177,0.24714163097753614,0.8512469265893924,0.8489989462592203,0.990880870332925,0.9564955592352853,-0.3022427957859917,0.7821128346840276,0.27924130663856694,3.2175974710221285,0.24799939151744219,2.6568730282249624,0.440463645943098,6.435194942044258,2.277219107146454,0.5190370097301691,4.243165219785977,37.11538461538461,0.14275147928994084,5.309822485207099,100.04615384615384,0.5853698224852071,11.45,43.36923076923077,440.5269230769231,4.995787393162392,0.11147542735042734,0.06868385092641047,1.1006329086477897,0.008780994009664644,113.39673913043478,0.30814331285444235,0.8342908199432891,13.44836956521739,14.01086956521739,145.1576086956522,1.5752823067632846,0.10599184782608696,4.194807706944385,95.7663043478261,0.26023452268431,0.35384615384615387,6.024102079395084,0.519234992671313,8.284329629435875,0.05046357157167099,4.875,0.3046875,1.43359375,17.9375,1425.625,13873.6875,156.80814236111112,0.12664930555555556,3.25,0.203125,0.4282271172464814,7.999156607347241,0.08111205602893579,3.577819531114783,0.06153846153846154,1161.5625,1.0029073479878037,0.043453952538892684,4.191427292990391,0.011063239475863375,0.5769100317432709,0.824271721090625,20.119722499800115,20.615528128088304,259.5,16.584118292776015,62.28427124746186,0.24001645952779135,260.0,1.090698646703715,0.9168435323745726,0.297848107353538,31.520415643985288,0.824271721090625,16.584118292776015,20.119722499800115,19.0,18.0,20.615528128088304,20.615528128088304,259.5,16.584118292776015,1.090698646703715,0.9168435323745726,62.28427124746186,0.24001645952779135,260.0
"ytma10_010704_benign1_ccd.tif","85796897-51b1-49cd-8bf0-f2c1f46c3065","Detection","Unclassified",516.2633056640625,422.19525146484375,260.0,,,95.0,127.0,3144250.0,1.3395376620543076,19.0,2.0698770473571715,135.0,109.33846153846154,9.984852071005907,108.5,89.0,46.0,7.953183684164554,109.96940133859614,0.282109477345049,11.763080343668394,3144250.0,0.44855029585798817,138.37005917159772,3.67199148029819,4.782359328932204,0.2989065342258048,1.3768595734932023,0.21938232161874335,0.7251264707554141,0.21938232161874335,0.7590380355112536,0.1712537185799136,0.8903088391906283,0.8903088391906283,0.9780617678381257,0.9451544195953142,-0.37327970491521584,0.7991752413200099,0.21938232161874335,1.8391906283280084,0.28732331429102864,2.2181649113581563,0.4653887113951012,3.678381256656017,1.998782589739413,0.3990604737779865,3.975649392448112,43.63076923076923,0.16781065088757396,3.3462130177514804,116.62307692307692,0.3828994082840236,3.876923076923077,47.41538461538462,176.80769230769232,21.28525641025641,0.4303418803418803,0.031038094511308793,0.1316264844613059,0.01209297259086446,138.0097719869707,0.44954323122791756,0.3866354019671297,4.130293159609121,17.830618892508145,66.67752442996742,7.804922186029678,0.39838943177705394,4.123938172050504,49.899022801302934,0.1625375335547327,0.2951923076923077,6.354635062440981,0.33418369695164096,1.5713769150459258,0.10469844229782116,1.0,0.3333333333333333,0.6666666666666666,4.666666666666667,10107.333333333334,37710.0,3660.3703703703704,0.4537037037037037,1.0,0.3333333333333333,3.5581927514663963E-4,0.0025737814106911927,1.03671900746518E-4,1.584962500721156,0.011538461538461539,2596.222222222222,6.286868018812463,0.04254737194000821,0.6223728250516208,0.027655599361796155,0.11360226528326609,0.47698301307452134,26.913324594085033,26.92582403567252,259.5,12.837198656739298,69.11269837220806,0.26633024420889423,260.0,1.210275484883051,0.8262581639391218,0.25481538836049944,23.070316326767536,0.47698301307452134,12.837198656739298,26.913324594085033,15.0,26.0,26.92582403567252,26.92582403567252,259.5,12.837198656739298,1.210275484883051,0.8262581639391218,69.11269837220806,0.26633024420889423,260.0
"ytma10_010704_benign1_ccd.tif","723f3e9c-a95f-4f82-8e9a-af8493824ec3","Detection","Unclassified",218.30764770507812,504.1961975097656,260.0,,,97.0,138.0,3770320.0,1.4707850552458974,22.25,2.6043859750338547,156.0,119.37692307692308,13.137455621301774,122.0,76.0,80.0,9.859392196940773,120.42105617055005,-0.38038784583037566,15.823432178802422,3770320.0,0.3931065088757396,250.38100591716,5.503680336487907,5.691819471376514,-0.8792374769791849,1.5562853203390974,0.35856992639327023,0.6254861279930618,0.34174553101997895,0.9749324238880757,0.24177991842114285,0.8319313003855591,0.8308096740273396,0.979204552483454,0.9322117069751137,-0.2522890115134459,0.7235121915172606,0.32702418506834907,2.281282860147213,0.20664119124149583,2.567384860948607,0.2912723449001052,4.562565720294427,2.171996614569979,0.4787138116830919,4.106941772350917,40.50769230769231,0.15579881656804734,4.000236686390533,102.20769230769231,0.47886094674556196,5.857692307692307,38.53846153846154,228.78076923076924,10.837927350427352,0.2815705128205128,0.054451105442176864,0.38584904766750006,0.01239350687647645,157.79802955665025,0.388665097430173,0.49205270693295133,5.921182266009852,11.05911330049261,68.07881773399015,2.828578270388615,0.2779659277504105,3.803957860095594,103.32512315270937,0.2544953772234221,0.3903846153846154,4.497439879637943,0.4869091873145916,3.205391014346242,0.11629153704765373,5.0,0.4166666666666667,0.9166666666666666,7.166666666666667,1837.3333333333333,10622.583333333334,402.23611111111114,0.34085648148148145,1.8333333333333333,0.1527777777777778,0.22875501518899702,2.1201062233074284,0.033793227676993186,3.2516291673878226,0.046153846153846156,1367.8888888888887,3.4789738359111775,0.03185621528033542,1.9902655222108159,0.025737679583902655,0.1680728437980216,0.8192717912582809,20.114321019986118,20.615528128088304,259.5,16.479095811988117,61.112698372208044,0.23550172783124487,260.0,1.0701825047635265,0.9344200597083817,0.30645395870285885,33.36819523251989,0.8192717912582809,16.479095811988117,20.114321019986118,17.0,20.0,20.615528128088304,20.615528128088304,259.5,16.479095811988117,1.0701825047635265,0.9344200597083817,61.112698372208044,0.23550172783124487,260.0
"ytma10_010704_benign1_ccd.tif","4d65a063-395c-4e87-ad7d-8a22684d35e7","Detection","Unclassified",603.0584716796875,594.4267578125,260.0,,,96.9,160.1,4313265.0,1.9770489372271274,36.25,2.254956380259163,183.0,126.78076923076924,18.592781065088786,126.0,87.0,96.0,13.982248520710048,128.80015826555015,0.30794115590637966,22.718215653638094,4313265.0,0.2782248520710059,516.1173224852068,6.8101802757158,20.33183000702479,-0.003143939991061828,2.963125063958464,0.43690349946977736,0.7430001005466563,0.41145281018027574,1.0515042136091124,0.2676100844645314,0.7985153764581124,0.7968186638388124,0.983398544630124,0.9320305004292279,-0.31368477147670065,0.83489819715925,0.3891834570519618,2.4856839872746557,0.1381975127326543,3.2099173849396,0.22905620360551432,4.971367974549311,2.7328195070958587,0.8500071408570603,4.443741908969,38.176923076923075,0.14683431952662723,3.8231360946745556,72.33846153846154,0.946094674556213,7.746153846153846,32.56923076923077,196.90769230769232,10.668741452991451,0.2686709401709402,0.07254914651045603,0.913796874091517,0.011307490102918344,126.48837209302326,0.26741727715226904,1.0355921673095578,9.363636363636363,8.101479915433403,56.04228329809725,2.3352525252525247,0.21900164435048153,3.899343746810975,149.3340380549683,0.31571678235722683,0.4548076923076923,3.2670597016926726,0.5656541700861917,6.553882046184894,0.0886524072668563,6.066666666666666,0.40444444444444444,1.448888888888889,13.933333333333334,1143.4666666666667,7862.8,242.63685185185187,0.20024074074074075,2.6,0.17333333333333334,0.3612072744402165,6.41692237777696,0.022716569319483567,3.2402239289418517,0.057692307692307696,843.0222222222224,2.2457248637406764,0.04359018677916023,3.185192583006387,0.03347416382187832,0.33698704592807327,0.5170736848476385,25.63488906410196,25.612496949731394,259.5,13.25512654903563,66.76955262170043,0.25730078081580127,260.0,1.1692432010026743,0.855254064460207,0.26834575304683783,25.585369823242505,0.5170736848476385,13.25512654903563,25.63488906410196,21.0,20.0,25.612496949731394,25.612496949731394,259.5,13.25512654903563,1.1692432010026743,0.855254064460207,66.76955262170043,0.25730078081580127,260.0
"ytma10_010704_benign1_ccd.tif","fed1e03d-97e4-4476-98dd-896134682a48","Detection","Unclassified",720.7387084960938,332.4034423828125,259.0,,,76.0,127.0,2724326.0,1.6882663346245301,34.5,1.851023474752702,140.0,100.76447876447877,16.443106095615722,100.0,70.0,70.0,13.45754716981133,102.56038808737614,0.16058402253507084,19.1089775748498,2724326.0,0.3466108137922809,365.1530239561125,6.707027027027028,9.284066512784083,0.8281548853572338,1.9832683710737768,0.38270270270270274,0.6764941829218172,0.3589189189189189,1.0061216894659755,0.2538799123447772,0.8245045045045044,0.8229189189189189,0.9779077901430844,0.929009009009009,-0.28455545358178175,0.7794580368076157,0.33810810810810815,2.5113513513513515,0.1962115412710007,2.819407482042997,0.33405405405405403,5.022702702702702,2.402734695376149,0.5914927684441197,4.261814806556716,37.5945945945946,0.14515287488260462,3.7751971497145242,89.77220077220078,0.6348742564958781,7.366795366795367,35.857142857142854,239.8146718146718,6.9749570999571,0.21535821535821537,0.06142985307951294,0.583236478096172,0.015626533318155104,124.99074074074075,0.2893304183813443,0.8562885802469133,8.041666666666666,10.180555555555555,65.2824074074074,2.1315264917695473,0.24098186728395063,3.977752642394843,117.25462962962963,0.2714227537722908,0.416988416988417,4.429441015089163,0.5090783503153049,4.353762296889552,0.14902829720386226,5.571428571428571,0.3979591836734694,1.4948979591836733,10.928571428571429,1374.7857142857142,8117.857142857143,279.2757936507937,0.2837301587301587,1.7142857142857142,0.12244897959183673,0.26048050218913466,3.963398266872805,0.028963368450873526,3.4677201004745006,0.05405405405405406,1032.5357142857142,3.5662842951750227,0.04007980590143641,1.7641605974381,0.034747469175513516,0.17813233422661792,0.32449766525268603,32.43397797572987,31.144823004794873,258.5,10.524750127981381,75.2132034355964,0.29096016802938646,259.0,1.319650359950066,0.7577764765190068,0.22358593578044772,17.761973160422723,0.32449766525268603,10.524750127981381,32.43397797572987,11.0,31.0,31.144823004794873,31.144823004794873,258.5,10.524750127981381,1.319650359950066,0.7577764765190068,75.2132034355964,0.29096016802938646,259.0
"ytma10_010704_benign1_ccd.tif","6430742b-5584-4ba8-aa76-0be74fc63536","Detection","Unclassified",851.5001831054688,450.53466796875,259.0,,,119.0,154.0,4837693.0,1.2259583633032296,14.5,3.517762529522173,174.0,136.011583011583,10.044036314306615,135.0,98.0,76.0,6.67951228195087,136.66876509046006,-0.14975398098336296,13.386584255687291,4837693.0,0.5243660649066054,179.20063803461485,8.969312169312168,3.7500490678367413,-0.27534684575596324,0.997042635984435,0.18624338624338624,0.6852098600932712,0.18412698412698414,0.6961341481246054,0.15234063995968758,0.908289241622575,0.9081481481481481,0.989081854964208,0.9632451499118166,-0.36185868638346097,0.7560757960946899,0.18227513227513226,2.9608465608465613,0.42126872148036165,1.9190399522266475,0.6285714285714286,5.921693121693122,1.7246926211466982,0.2958215055569553,3.5275914364428145,53.57915057915058,0.20686930725540764,4.554493820903088,135.8108108108108,0.32032915430598824,9.38996138996139,53.01544401544402,469.5907335907336,6.668168168168169,0.1265015015015015,0.03946596438518207,0.42516669852554206,0.007507337657682517,98.4469696969697,0.37290518824609736,0.550275482093664,10.674242424242424,27.818181818181817,250.0,3.3641098484848486,0.12828808922558924,4.230223581099274,45.65151515151515,0.17292240587695132,0.2548262548262548,12.418503213957763,0.4065594521718438,5.232716548451288,0.050004953013844756,4.333333333333333,0.48148148148148145,1.1111111111111114,12.222222222222221,3776.1111111111113,33670.0,437.6929012345679,0.19290123456790123,1.2222222222222223,0.13580246913580246,0.18740448388992753,1.3308068541983695,0.11589483340300709,2.94770277922009,0.03474903474903475,2947.950617283951,1.346742277992278,0.05649704309808221,1.2856534809374294,0.009889674298677606,0.30548500909037873,0.618218875415004,23.157537909409047,23.021728866442675,258.5,14.316427043735183,63.01219330881971,0.24376090254862556,259.0,1.1055780073565178,0.9045042442468992,0.2915739471408614,30.206449327028906,0.618218875415004,14.316427043735183,23.157537909409047,19.0,21.0,23.021728866442675,23.021728866442675,258.5,14.316427043735183,1.1055780073565178,0.9045042442468992,63.01219330881971,0.24376090254862556,259.0
"ytma10_010704_benign1_ccd.tif","b6ad6efa-387f-44f0-a1d3-56123a3e39a1","Detection","Unclassified",294.87152099609375,360.4223327636719,258.0,,,67.0,116.0,2032541.0,1.7080564539237408,23.75,3.085432027837038,146.0,86.80232558139535,15.088065621056435,81.5,61.0,85.0,11.210062014149715,88.75846940699726,0.9323953922359483,18.53165305994872,2032541.0,0.3369689321555195,343.4221651343068,3.8885350318471334,13.648255538999372,2.1349687187733597,2.059417555817004,0.41295116772823776,0.665946940846195,0.38535031847133755,1.036952761240746,0.26445629978227647,0.8119249823071478,0.8100849256900213,0.9761958286499313,0.9238499646142958,-0.24450378383813498,0.7393057996039132,0.36119957537154984,1.8646496815286624,0.18338246762320767,2.839340645263439,0.29936305732484075,3.729299363057325,2.384362564288956,0.6180921808863105,4.314094727430095,35.24031007751938,0.136590349137672,4.094765939546902,86.93798449612403,0.6961721050417643,4.542635658914729,35.333333333333336,121.11627906976744,19.21597760551249,0.4561800172265289,0.06232394321495466,0.46080047695219345,0.01732906595343021,134.8409090909091,0.30645661157024795,0.7712345041322316,5.661363636363636,8.668181818181818,32.377272727272725,4.4050505050505055,0.36867108585858593,3.8893503790203785,121.42272727272727,0.2759607438016529,0.4263565891472868,3.16702479338843,0.5214331366384939,3.6871644441867657,0.13004603611225635,3.5,0.2916666666666667,1.0208333333333333,8.583333333333334,1361.8333333333333,5069.666666666667,549.7997685185186,0.27025462962962965,1.5,0.125,0.2780281438881817,3.662289135114731,0.02316707848593297,3.418295834054489,0.046511627906976744,899.5833333333334,5.429677152317879,0.0393349646671393,1.917897613303093,0.038095335082466084,0.2112126654388634,0.6875381382084732,21.90117760784454,22.47220505424423,257.5,15.05789487707054,61.941125496954236,0.24054806018234653,258.0,1.0888938468992024,0.9183631653789377,0.2980119357183152,31.555100157404866,0.6875381382084732,15.05789487707054,21.90117760784454,21.0,17.0,22.47220505424423,22.47220505424423,257.5,15.05789487707054,1.0888938468992024,0.9183631653789377,61.941125496954236,0.24054806018234653,258.0
"ytma10_010704_benign1_ccd.tif","0680c95b-09a6-472c-a8a2-503a60836bff","Detection","Unclassified",695.7576293945312,623.4444580078125,257.0,,,70.6,138.4,2920425.0,2.1032236305501373,41.0,2.1945304905591345,167.0,103.38132295719845,21.864767066874624,100.0,58.0,109.0,16.601784651992862,106.59981895283974,0.27200757373079587,25.99660486289785,2920425.0,0.2507986494875017,675.8234643976441,7.210065645514225,36.626552181672785,2.2990634832304258,3.9150690211588266,0.613785557986871,0.7289444616688698,0.5131291028446389,1.2268303269079495,0.3504840818007268,0.7599380014587892,0.7535010940919036,0.9772307166515362,0.9168555277690946,-0.2657146198501171,0.8175273338245025,0.4276379771456358,2.5268052516411377,0.10533208203055792,3.601782403998157,0.212253829321663,5.053610503282275,2.9215788882506826,1.1322136447864246,4.816321001782573,33.16342412451362,0.12904056079577284,4.782237429786975,64.45525291828794,1.1647716089569862,8.124513618677042,27.94941634241245,166.94163424124514,10.587088197146565,0.28209035884133166,0.10813404137415164,1.3173882946679176,0.016786868766507503,137.92193308550185,0.25636047041914845,1.1131859703431408,9.596654275092936,6.111524163568773,40.74349442379182,2.06141160677406,0.2178629698471706,3.7856364435111787,221.0185873605948,0.4108152181423695,0.5233463035019456,2.4604413979906306,0.6655498620278314,7.198057106295648,0.10772926781879938,8.12,0.3248,0.8704000000000001,14.12,513.96,3079.68,149.94719999999998,0.11945555555555556,5.48,0.2192,0.4350136257391579,7.274128494261142,0.028674300309633586,3.2888840705376357,0.09727626459143969,408.2816,2.910511047804336,0.042947784065035216,3.340259396964128,0.04615221357169339,0.32364239344166984,0.3270726193108314,33.3167226969822,32.69556544854363,256.5,10.896987759354595,78.42640687119282,0.30575597220737943,257.0,1.3813817097196706,0.7239128714125903,0.20836221036120134,15.42553224560551,0.3270726193108314,10.896987759354595,33.3167226969822,18.0,30.0,32.69556544854363,32.69556544854363,256.5,10.896987759354595,1.3813817097196706,0.7239128714125903,78.42640687119282,0.30575597220737943,257.0
"ytma10_010704_benign1_ccd.tif","a01f2b66-d9b0-488a-922d-ef890ffee572","Detection","Unclassified",461.6317443847656,732.6326904296875,257.0,,,100.0,125.0,3293710.0,0.9618041518067724,14.0,2.7583237047627303,144.0,112.7704280155642,8.038214053202925,113.0,91.0,53.0,5.755933627389197,113.20773921379595,0.10061875772029831,9.940964897095512,3293710.0,0.6408726854305137,98.8227830852852,4.131270010672358,2.003357538015723,0.042167270176831806,0.6477199081060949,0.19957310565635006,0.5289159655167316,0.19743863393810032,0.7241761772814476,0.16059109148500686,0.9016364283173248,0.9014941302027748,0.9801412035136688,0.9507470651013874,-0.22376785256823448,0.5901780282719249,0.1955709711846318,2.004802561366062,0.4927782188209378,1.6994365621098702,0.6905016008537886,4.009605122732124,1.491558833956098,0.21182325344061123,3.353433822221067,48.31517509727627,0.18799679026177535,4.081545519235719,164.704280155642,0.2136292752350527,4.291828793774319,51.14007782101167,212.25291828793775,14.260051880674448,0.3067444876783398,0.041636719106146566,0.2310302699765596,0.012473515103187838,118.14909090909092,0.4296330578512397,0.4126413223140495,4.589090909090909,25.585454545454546,104.64,6.953131313131313,0.3572727272727273,4.148460861175739,48.39636363636364,0.17598677685950415,0.26750972762645914,11.611451239669428,0.36850495549598183,1.7897315309099222,0.1433891084999603,4.6,0.46,0.8099999999999999,6.1,4132.5,16572.1,1050.1555555555556,0.3916666666666667,1.8,0.18,0.3303912346176894,2.7607751300479366,0.06034755842816607,2.8464393446710154,0.038910505836575876,3472.0099999999998,3.826035777107675,0.044308280381845935,0.572100232174746,0.014176309930845978,0.10327847969355433,0.7189330038182423,21.52713780836189,22.47220505424423,256.5,15.476569848174867,62.52691193458115,0.24376963717185635,257.0,1.1013322675045216,0.9079911934895656,0.29269274828443426,30.4387049723521,0.7189330038182423,15.476569848174867,21.52713780836189,17.0,21.0,22.47220505424423,22.47220505424423,256.5,15.476569848174867,1.1013322675045216,0.9079911934895656,62.52691193458115,0.24376963717185635,257.0
"ytma10_010704_benign1_ccd.tif","d242d88d-6cb3-42e7-b888-6abbc01f56f4","Detection","Unclassified",593.0787963867188,423.9535217285156,256.0,,,93.0,134.0,3172739.0,1.5248746333407832,19.0,4.005202169738603,169.0,110.12890625,12.644256591796875,106.0,82.0,87.0,8.577367734255164,111.32615020178324,1.0781758836460584,16.282988881919405,3172739.0,0.410064697265625,265.13572692871094,3.781350482315113,9.178167892327195,1.2335368036236178,1.5289888786647508,0.33976420150053593,0.6363733602831203,0.33118971061093255,0.94468144554778,0.23007757708598275,0.8358342265094676,0.8352625937834939,0.9801651850450793,0.9340478742408002,-0.24584834044189527,0.7125369419145117,0.3236870310825295,1.8665594855305465,0.24842186403274483,2.528268175338919,0.43086816720257237,3.733118971061094,2.16966627696255,0.4671882700413216,4.1341768552036395,34.515625,0.13482666015625,4.6083984375,104.9765625,0.5239105224609375,4.29296875,39.4921875,136.45703125,18.20073784722222,0.4208984375,0.06251217196948224,0.4432409548020597,0.017954870768475212,130.14646464646464,0.32865268850117335,0.6926589123558823,5.343434343434343,11.994949494949495,44.464646464646464,5.131207912457913,0.3706158810325478,3.9266684274199837,106.11111111111111,0.2679573512906846,0.38671875,5.308284868890928,0.5190450703226979,3.4892510323944492,0.14884654619707838,4.846153846153846,0.3727810650887574,1.0059171597633136,7.846153846153846,1921.076923076923,7067.0,678.2339743589744,0.3194444444444444,2.076923076923077,0.15976331360946747,0.3353362670527013,3.4742904228331266,0.043796490874810044,3.334679141051595,0.05078125,1533.2899408284027,4.001858019281332,0.039245573922717755,1.8185878996010487,0.026065181930367918,0.21837173435528345,0.6617314601995412,22.25425832438256,22.47220505424423,255.5,14.726342856651465,62.52691193458115,0.2447237257713548,256.0,1.10348541182289,0.9062195016679572,0.29155164595194133,30.201828790950124,0.6617314601995412,14.726342856651465,22.25425832438256,21.0,17.0,22.47220505424423,22.47220505424423,255.5,14.726342856651465,1.10348541182289,0.9062195016679572,62.52691193458115,0.2447237257713548,256.0
"ytma10_010704_benign1_ccd.tif","3e9f4d23-ea03-469e-8d5e-680ef1d92d65","Detection","Unclassified",684.636474609375,531.0618286132812,256.0,,,57.0,92.0,1362713.0,1.0760701198031297,18.0,3.2889428806287926,119.0,71.68359375,10.830657958984375,69.0,51.0,68.0,7.8442548876986455,72.95956178767797,0.9348497534265247,13.585287753115903,1362713.0,0.5426025390625,184.56004333496094,1.8051668460710442,2.369457523809144,0.9657616035212533,0.8024647728207583,0.19483315392895584,0.6092779324951872,0.18622174381054896,0.7136430450671738,0.16015461606111414,0.9083243631144601,0.9077502691065663,0.980914134304877,0.9538751345532832,-0.284567374302761,0.6443873536224406,0.17868675995694294,1.2857911733046286,0.47357020118395304,1.6172046451769362,0.6630785791173305,2.5715823466092576,1.4068601054956276,0.24932448168742855,3.054860124443248,64.359375,0.25140380859375,5.84765625,138.90625,0.308349609375,2.15625,53.9765625,79.1796875,47.79730902777778,0.7543402777777778,0.05392989454896542,0.28730233467084754,0.01945831229627268,111.28030303030303,0.42151629935720847,0.4166523186409549,3.7916666666666665,31.553030303030305,44.015151515151516,28.631102693602692,0.457807239057239,3.5494816031170853,66.37121212121212,0.2514061065197429,0.2578125,16.50803489439853,0.5130335067674914,2.675696479043805,0.11862197245262178,5.363636363636363,0.48760330578512395,0.42975206611570244,6.909090909090909,3027.818181818182,3861.4545454545455,2821.0252525252527,0.22979797979797978,2.6363636363636362,0.2396694214876033,0.43491672414357985,3.898748797630061,0.048756685569939305,2.2998963911678914,0.04296875,2486.1983471074377,8.663975694444444,0.051297979140157705,0.6060367816350426,0.020725842888753843,0.1610280891102809,0.5102694603366472,25.437962497380646,25.495097567963924,255.5,12.980215395602293,64.87005768508877,0.2538945506265705,256.0,1.144837640382733,0.8734863047180106,0.2758986287194401,27.04589328058901,0.5102694603366472,12.980215395602293,25.437962497380646,13.0,25.0,25.495097567963924,25.495097567963924,255.5,12.980215395602293,1.144837640382733,0.8734863047180106,64.87005768508877,0.2538945506265705,256.0
"ytma10_010704_benign1_ccd.tif","c687e7d9-ed9a-4ab1-83af-d77eaca34f39","Detection","Unclassified",737.9414672851562,682.91796875,256.0,,,103.0,177.0,5053651.0,2.08651444504393,55.25,1.6094916439376872,190.0,137.54296875,25.60882568359375,132.5,90.0,100.0,21.657743425393534,140.5020434682357,0.19248466572063275,28.683723018229752,5053651.0,0.260040283203125,822.7559661865234,10.503743315508022,48.3602453529961,3.3415303363422177,5.158649089193286,0.30802139037433157,0.8873093260237281,0.2994652406417112,0.9075876558761772,0.21834196002173353,0.8516934046345811,0.8511229946524064,0.9882211095192839,0.9502928444104916,-0.4814306167972868,0.9313021626603081,0.29197860962566846,3.048128342245989,0.15302696674197144,3.1855804000664936,0.3037433155080214,6.096256684491978,2.86297754331426,1.366667619891904,4.709799207435204,40.7734375,0.159271240234375,3.47015380859375,66.5703125,1.3676605224609375,10.72265625,41.2734375,422.55078125,7.228461371527778,0.18036241319444443,0.04943013370712869,0.6037692095429027,0.008868708268465647,84.24931506849315,0.2308200412835429,1.4192081065866011,11.32876712328767,12.602739726027398,123.07945205479452,2.272339421613394,0.18794368340943685,4.63396659914869,77.24109589041096,0.21161944079564646,0.3564453125,4.732024770125727,0.41059477884911366,4.831346426585368,0.08247986774339466,2.8181818181818183,0.256198347107438,1.96694214876033,12.090909090909092,1441.2727272727273,12469.545454545454,263.4066666666667,0.2615404040404041,1.5454545454545454,0.14049586776859505,0.30826520743920355,4.201150742057556,0.04826283603654855,3.2776134368191165,0.04296875,899.6528925619834,1.948433159722222,0.06843105326350633,2.1837684469633234,0.03535285426037652,0.509430207246429,0.7965903931581129,20.23968277019814,20.8806130178211,255.5,16.12273685530762,60.87005768508877,0.2382389733271576,256.0,1.0742449705910493,0.9308863689162075,0.3035361338040655,32.735806310734255,0.7965903931581129,16.12273685530762,20.23968277019814,16.0,20.0,20.8806130178211,20.8806130178211,255.5,16.12273685530762,1.0742449705910493,0.9308863689162075,60.87005768508877,0.2382389733271576,256.0
"ytma10_010704_benign1_ccd.tif","0301cc53-faa4-4e0e-ae37-b938ac73d405","Detection","Unclassified",275.6031494140625,38.27865219116211,255.0,,,71.0,124.0,2513348.0,1.8303047863602404,37.0,1.875916490609897,143.0,97.2,17.53098039215688,97.0,63.0,80.0,14.530176770512792,99.27873219711594,0.12735812597563467,20.209568690762953,2513348.0,0.3039292579777009,408.4266666666663,5.801742919389978,14.094990830649383,-0.09822768015318739,2.609861591695502,0.3649237472766885,0.7546554082434922,0.3540305010893246,0.9732728189727443,0.2395861515751302,0.8248002904865649,0.824074074074074,0.978726130975266,0.9295570079883804,-0.33328956535604415,0.8340395357135973,0.3444989106753813,2.28921568627451,0.15969047991987884,2.9741805017154923,0.2559912854030501,4.578431372549019,2.5826357235692123,0.7436963347430476,4.434594649459147,39.29803921568627,0.15410995770857364,3.5550019223375626,77.50196078431372,0.7934794309880814,6.47843137254902,35.93333333333333,201.41176470588235,12.986383442265796,0.3177559912854031,0.05791032585873855,0.5427445786956758,0.01273945713401959,120.45971563981043,0.28544956312751285,0.8759293367175043,7.462085308056872,9.616113744075829,56.976303317535546,3.2124802527646126,0.27384478672985785,4.078240639370988,113.35545023696683,0.26861481098807305,0.4137254901960784,3.773926910895982,0.5021229429666918,4.445350050107831,0.10887162365421278,3.6,0.36,0.96,11.2,1504.1,8128.0,467.61111111111114,0.18958333333333333,1.6,0.16,0.31402187564749173,4.322693270256282,0.024538084166822807,3.121928094887362,0.0392156862745098,853.85,3.4955261610817163,0.0450311055199474,1.5981805587592564,0.04149405973896336,0.20566179096326065,0.41451818833244913,28.49013239568042,28.178005607210743,254.5,11.809678066009067,69.94112549695426,0.27481778191337625,255.0,1.2367553319146478,0.8085673651003212,0.24547876248602668,21.410662054619728,0.41451818833244913,11.809678066009067,28.49013239568042,17.0,25.0,28.178005607210743,28.178005607210743,254.5,11.809678066009067,1.2367553319146478,0.8085673651003212,69.94112549695426,0.27481778191337625,255.0
"ytma10_010704_benign1_ccd.tif","a2e6087c-a31c-477c-9cc9-9ebccbedf77c","Detection","Unclassified",640.268798828125,365.90765380859375,255.0,,,69.0,99.0,1739246.0,1.2961465354508248,16.0,2.728006532372915,114.0,81.79607843137255,9.1503883121876,81.0,62.0,52.0,6.72077104461893,82.58675770981452,0.6259226105076029,11.400618503763654,1739246.0,0.4584851980007689,129.97410226835822,3.2034445640473628,2.6915896287570638,-0.06636487261669838,1.081436455510225,0.22927879440258342,0.6501470560934794,0.2271259418729817,0.7809139659727933,0.17769260093089437,0.8867958378184427,0.8866523143164694,0.9771714829841848,0.9433261571582345,-0.3110624015489382,0.7309117241014027,0.2252421959095802,1.7292787944025836,0.32043205363360483,2.0742821097188364,0.4865446716899892,3.4585575888051667,1.8371836503762313,0.3276788124782021,3.6426687454311772,44.21568627450981,0.17339484813533257,4.512971933871588,116.91372549019607,0.36072279892349096,3.5725490196078433,48.5921568627451,147.04705882352943,24.84553376906318,0.4657952069716776,0.04031533971613337,0.2240493592498728,0.013172684505901127,115.97674418604652,0.38530479796028744,0.48039204865288465,4.627906976744186,19.11627906976744,60.46511627906977,9.458287190845331,0.380952380952381,4.012005047100757,60.04983388704319,0.1995011092592797,0.2950980392156863,7.632962108585998,0.44150196932679325,2.785330931468051,0.10745092624031187,3.0,0.5,0.5833333333333334,6.833333333333333,4922.166666666667,16934.166666666668,1983.0555555555554,0.2824074074074074,1.0,0.16666666666666666,0.21929901130842397,1.973435878920111,0.024391909174592347,2.584962500721156,0.023529411764705882,3115.9166666666665,6.0710568725306695,0.045854335632329594,0.6258035172480328,0.02747409889704853,0.1102458922804559,0.6041338675681424,23.273078182764593,23.706539182259394,254.5,14.060054732769327,62.76955262170043,0.24663871364125906,255.0,1.109941802268619,0.9009481379619112,0.28872826448343086,29.619713052425006,0.6041338675681424,14.060054732769327,23.273078182764593,17.0,22.0,23.706539182259394,23.706539182259394,254.5,14.060054732769327,1.109941802268619,0.9009481379619112,62.76955262170043,0.24663871364125906,255.0
"ytma10_010704_benign1_ccd.tif","eb6453ed-62b3-4dc3-bf0f-82f75ccbdf1a","Detection","Unclassified",28.060413360595703,747.3233642578125,255.0,,,72.4,115.6,2250003.0,1.5042307238073729,20.0,3.628429672996532,145.0,92.32549019607843,13.11507881584005,90.0,57.0,88.0,8.368657332136184,93.93370628518066,0.7631641751630588,17.307369428206403,2250003.0,0.43941560938100727,299.54503652441366,4.788399570354458,8.074728296966754,0.7782713610301955,1.5063598846740913,0.271750805585392,0.6943375830604395,0.26315789473684215,0.8565746178830644,0.2024987280230652,0.8698532044396706,0.8692803437164339,0.9841662980981865,0.9476548514142498,-0.3345173205446293,0.7831830358356371,0.2556390977443609,2.1165413533834587,0.3186005138671445,2.3656639715366143,0.5349087003222341,4.2330827067669174,2.0811022416404183,0.44452767256487086,3.8371381452238302,39.03921568627451,0.15309496347558632,4.9716262975778545,112.05098039215686,0.5135870818915802,5.301960784313725,46.082352941176474,192.8470588235294,15.522712418300655,0.3055010893246187,0.05275411954905419,0.4735650371259615,0.013044366494883273,103.38787878787879,0.3132966023875115,0.7514784205693296,7.2,17.187878787878788,75.76363636363637,5.286784511784512,0.253030303030303,4.066808249161755,76.41818181818182,0.2315702479338843,0.3235294117647059,7.634159779614323,0.4807768249899552,4.711327841066274,0.07738094698303356,4.2,0.42,1.49,11.1,2835.9,12459.8,742.7444444444444,0.27361111111111114,1.8,0.18,0.36525620859197894,4.3422309041259535,0.11667862609573024,2.9219280948873623,0.0392156862745098,2185.65,2.734252617537501,0.04929245082203562,1.2610844891162054,0.020164646857985444,0.24780956377794877,0.7394367826795725,20.98890264233647,21.587033144922902,254.5,15.519966641824057,61.35533905932733,0.24108188235492073,255.0,1.084934538640768,0.9217145960279077,0.29876815809847623,31.715449100076018,0.7394367826795725,15.519966641824057,20.98890264233647,17.0,21.0,21.587033144922902,21.587033144922902,254.5,15.519966641824057,1.084934538640768,0.9217145960279077,61.35533905932733,0.24108188235492073,255.0
"ytma10_010704_benign1_ccd.tif","38ecb104-f08a-42f6-afbc-2e0110b2fd81","Detection","Unclassified",401.40411376953125,206.75132751464844,253.0,,,84.0,152.8,3507580.0,1.9460620422498223,41.0,2.3458727065549927,176.0,114.86166007905139,21.80409004983677,109.0,79.0,97.0,16.573428221321535,117.74528682359205,0.5869559637911347,25.898872814360374,3507580.0,0.2820384633410927,670.7516130544149,4.671444321940464,30.5550564783002,4.383142237857594,3.3412500349480765,0.4707828004410143,0.7530017076083438,0.4178610804851157,1.1053974044623194,0.2961749178568259,0.7998897464167587,0.7963616317530323,0.9823140969588144,0.9316165275371451,-0.30486827081099543,0.8233020396333417,0.3715545755237045,1.988423373759647,0.15836219335342294,3.148925847427356,0.29768467475192945,3.9768467475192946,2.6286183750360954,0.9530082088472728,4.450957876042211,31.798418972332016,0.12568545048352575,5.061444484369386,71.35573122529644,1.0580074676998548,5.529644268774703,33.8300395256917,112.09881422924902,21.950643390426,0.4535375494071147,0.08994497063208244,0.9180722299899319,0.01830705787292226,122.37826086956522,0.2660396975425331,1.038804347826087,7.541304347826087,8.665217391304347,30.847826086956523,5.501972222222222,0.29158152173913043,3.880122296300279,155.8608695652174,0.33882797731569,0.45454545454545453,3.825217391304349,0.5972985542622047,5.508109443956246,0.1092313910845343,6.1,0.305,0.9399999999999998,12.5,782.05,2666.55,456.56694444444446,0.1428888888888889,4.9,0.245,0.47492650620956667,6.62231486932953,0.03907702537890498,3.446439344671015,0.07905138339920949,622.0274999999999,3.508549925205684,0.047192122033338266,3.263816910113264,0.035860339691961195,0.4480222228855687,0.4634964732836869,27.721693624402725,28.653097563788805,252.5,12.848907228361533,72.18376618407355,0.28587630171910317,253.0,1.2814566358720245,0.7803619506168503,0.2322881952122051,19.17151905483945,0.4634964732836869,12.848907228361533,27.721693624402725,19.0,25.0,28.653097563788805,28.653097563788805,252.5,12.848907228361533,1.2814566358720245,0.7803619506168503,72.18376618407355,0.28587630171910317,253.0
"ytma10_010704_benign1_ccd.tif","c83d07e9-38b1-4451-b4f6-7a37b52fdcbc","Detection","Unclassified",687.413330078125,221.5714111328125,252.0,,,83.0,114.0,2405302.0,1.1263262428720155,17.0,2.5394146022004884,127.0,96.97619047619048,9.687452758881353,95.0,72.0,55.0,7.127014798755771,97.69774412108606,0.40914729752729617,11.851906474269438,2405302.0,0.5104875283446713,140.46768707482983,5.59432933478735,1.8271999856616983,0.5818296501342685,0.8776378332930983,0.18320610687022898,0.6546030948868451,0.1788440567066521,0.6896767403754566,0.1512209102509368,0.9113049800072699,0.9110141766630315,0.9893001475399321,0.9643765903307888,-0.33334405008082124,0.7143731138824108,0.17502726281352232,2.3282442748091605,0.4004214587180948,1.7849847127005158,0.5747001090512541,4.65648854961832,1.5876301035451095,0.2652109850408318,3.488785867931148,55.333333333333336,0.21957671957671956,4.936444948349711,128.64285714285714,0.28840702947845803,5.900793650793651,53.82539682539682,292.2420634920635,11.353339947089948,0.20745149911816582,0.047986281079157124,0.3677431055461573,0.012013902948745638,105.32411067193677,0.4163008326954022,0.4428439750660063,7.043478260869565,28.695652173913043,150.83794466403162,6.221947738252086,0.2025142731664471,4.130156361411439,48.17786561264822,0.19042634629505226,0.2509920634920635,12.82188442250309,0.4349315055485286,3.6645384861564234,0.08983254480510194,4.833333333333333,0.4027777777777778,0.8541666666666666,8.416666666666666,2469.5,11957.583333333334,560.0081018518518,0.2627314814814815,2.1666666666666665,0.18055555555555555,0.3385620542691497,2.8618563992383526,0.12571003937143627,3.418295834054489,0.047619047619047616,2028.5,2.0347808556106606,0.05243279447374992,1.1768337918214329,0.008972299811188756,0.2645609772558548,0.6357076163490705,22.59935859269778,23.769728648009426,251.5,14.366584381981788,63.012193308819704,0.25054550023387556,252.0,1.1208581911527775,0.8921735219435051,0.28367832768250156,28.59266014606759,0.6357076163490705,14.366584381981788,22.59935859269778,17.0,23.0,23.769728648009426,23.769728648009426,251.5,14.366584381981788,1.1208581911527775,0.8921735219435051,63.012193308819704,0.25054550023387556,252.0
"ytma10_010704_benign1_ccd.tif","6a4521c2-6229-47f2-a1c2-248ed0f7a59f","Detection","Unclassified",842.5914916992188,702.7442016601562,251.0,,,93.0,135.0,3318645.0,1.6914387347918347,26.0,2.856051137410711,171.0,113.65338645418326,14.503325344042171,111.0,82.0,89.0,10.845828527489408,114.98562182765127,0.6022892431812097,17.452821393336517,3318645.0,0.3426771003634863,304.60097458770485,4.294182217343578,9.576063594808554,0.7385372538950007,1.9377121436859654,0.32491767288693746,0.712796436688813,0.31174533479692645,0.9333525596828859,0.22773251911928968,0.8463227222832052,0.8454445664105378,0.9811196487376509,0.9380900109769484,-0.3299903670864822,0.8075045117044941,0.3002195389681669,1.9725576289791438,0.21298412740489753,2.6714238504730208,0.37102085620197583,3.945115257958287,2.330223738549678,0.5656574541432257,4.0643286306546225,36.37848605577689,0.14493420739353344,4.3606291963619634,86.01195219123505,0.6436723226615451,4.952191235059761,40.88844621513944,147.88446215139442,19.878154050464808,0.3940349712262063,0.057542389650267665,0.5168283523753311,0.012320398426450406,119.11320754716981,0.32105985861770836,0.7216309093947297,6.711590296495957,12.091644204851752,46.52291105121294,5.677785265049416,0.28367400419287214,3.8487957222312574,86.49326145552561,0.23313547562136283,0.3695219123505976,4.76812868258731,0.46281884568931975,4.221047217972546,0.07352882622942919,4.333333333333333,0.3611111111111111,0.8055555555555555,10.833333333333334,1606.5833333333333,6110.083333333333,624.3020833333334,0.17650462962962962,1.6666666666666667,0.1388888888888889,0.3098026193319757,4.28281188584882,0.024062116856389645,3.251629167387823,0.04780876494023904,1169.0763888888887,4.111503458929409,0.043052346867474174,1.6143037362789252,0.03192920822701305,0.22206939706751777,0.6302530022022722,22.55128185450561,23.021728866442675,250.5,14.213013092311785,63.94112549695424,0.25525399399981735,251.0,1.139649959427108,0.8774624100392118,0.2764154915168522,27.147322636179215,0.6302530022022722,14.213013092311785,22.55128185450561,21.0,18.0,23.021728866442675,23.021728866442675,250.5,14.213013092311785,1.139649959427108,0.8774624100392118,63.94112549695424,0.25525399399981735,251.0
"ytma10_010704_benign1_ccd.tif","ba921ca2-8f2e-4131-b225-8e1f6ac30a39","Detection","Unclassified",765.803955078125,48.96793746948242,250.0,,,109.9,156.1,4239148.0,1.6367562548406802,23.0,3.1545739017108496,184.0,128.976,14.459200000000031,124.0,93.0,91.0,9.981999999999998,130.2174796254328,0.7484590472151156,17.938322775555143,4239148.0,0.37334399999999995,321.7834240000003,6.860745614035087,12.090403280224681,2.0040212904577883,1.9049659510618653,0.3245614035087719,0.7088518310004984,0.3201754385964912,0.921072229694763,0.2220490920283164,0.8406432748538012,0.8403508771929825,0.9875517706733675,0.9467418546365914,-0.30352087038466946,0.7811795505166033,0.31633771929824556,2.542763157894737,0.23785082910126185,2.633212715625051,0.4133771929824561,5.0855263157894735,2.2976588910888176,0.5573818386426592,4.147843667905862,33.032,0.132128,4.663424,93.336,0.625616,7.532,40.376,240.956,8.583076666666665,0.1919455555555555,0.059060898841017874,0.6380007048374905,0.00812995778043728,120.52910052910053,0.31886005430978975,0.7614638447971781,9.431216931216932,12.555555555555555,73.97883597883597,2.690407113462669,0.16653586125808345,4.060821969263656,99.29100529100529,0.26267461717197166,0.378,5.55687130819406,0.5131735706830872,5.747825781760532,0.07069829554903069,4.0,0.3333333333333333,1.0763888888888888,12.75,1865.6666666666667,11001.25,375.0562268518518,0.16652777777777777,2.1666666666666665,0.18055555555555555,0.3098804799853691,3.803427277687252,0.029523953508891043,3.084962500721156,0.048,1431.638888888889,1.9444471184700287,0.043319154905172325,2.85640232271456,0.018242962559999992,0.37914951989026086,0.8264122512891806,19.64378971098758,20.248456731316587,249.5,16.233868478908487,60.28427124746186,0.2416203256411297,250.0,1.0766233838074029,0.9288299093630777,0.30073888879594196,32.13523110749875,0.8264122512891806,16.233868478908487,19.64378971098758,18.0,18.0,20.248456731316587,20.248456731316587,249.5,16.233868478908487,1.0766233838074029,0.9288299093630777,60.28427124746186,0.2416203256411297,250.0
"ytma10_010704_benign1_ccd.tif","d7d61d5b-023e-40a4-b143-db0dfa66c1fa","Detection","Unclassified",155.50787353515625,14.049463272094727,249.0,,,119.0,149.0,4487802.0,1.188919199601323,15.0,2.752138575157262,164.0,133.75100401606426,9.149562103837058,134.0,105.0,59.0,6.4402019409861975,134.2508890280406,0.09851147335014628,11.574546622396923,4487802.0,0.5205238625183465,133.97012951404002,3.517279821627648,2.6842722329124924,-0.1470812485580838,0.9281551660495966,0.22185061315496096,0.6141747856112312,0.21516164994425863,0.7697450002242819,0.1755560775482253,0.8935340022296543,0.8930880713489407,0.9781236600634593,0.9465440356744703,-0.28227731982990256,0.6904534986915175,0.20930880713489408,1.827759197324415,0.37803454845769796,1.970550262654179,0.5785953177257525,3.655518394648829,1.7290291314506383,0.28750144480113937,3.661978257680919,42.55020080321285,0.170884340575152,4.37870356929727,129.61044176706827,0.30476927791487224,3.8072289156626504,48.98393574297189,174.67469879518072,19.49788041053101,0.40528781793842045,0.03943705535166617,0.202438036980373,0.012805517073332382,115.54671280276817,0.39981561523449194,0.45598113049412736,4.346020761245675,20.173010380622838,74.73356401384083,7.317185697808535,0.4018646674356017,4.0637854478970805,51.581314878892734,0.17848205840447312,0.2901606425702811,8.2955663845021,0.3979115381602055,2.246656893865416,0.11303414023949891,3.6666666666666665,0.4074074074074074,0.6666666666666666,6.111111111111111,3023.8888888888887,11584.666666666666,911.3487654320987,0.3395061728395061,1.6666666666666667,0.18518518518518517,0.0923273210834858,0.8218528641956586,0.010884458863013799,2.6416041678685933,0.03614457831325301,2258.444444444445,4.6485625633232015,0.04748665374383088,0.6080858477911977,0.02172746363385384,0.11130855967348628,0.4224331619961183,27.768610685572238,26.40075756488817,248.5,11.73038201614548,68.66904755831207,0.2763341954056824,249.0,1.2288330834712695,0.8137801736059626,0.24638253600504836,21.568606555686504,0.4224331619961183,11.73038201614548,27.768610685572238,22.0,21.0,26.40075756488817,26.40075756488817,248.5,11.73038201614548,1.2288330834712695,0.8137801736059626,68.66904755831207,0.2763341954056824,249.0
"ytma10_010704_benign1_ccd.tif","9778a4cc-fa8d-4261-86f0-ce43cae7d07e","Detection","Unclassified",469.10504150390625,419.1855163574219,248.0,,,85.0,118.30000000000001,2664992.0,1.4119646270485329,15.0,3.5979653106233145,143.0,102.68548387096774,10.643795525494276,104.0,65.0,78.0,6.835599999999994,103.66260407625774,-0.22059975174757884,14.199538233907159,2664992.0,0.4458571800208117,201.62688605619124,7.158536585365854,7.662162380912907,-0.7689690690081231,1.4936947212648906,0.3348115299334811,0.6337868358786833,0.3325942350332594,0.9271512764555193,0.22419260475612218,0.8340724316334075,0.8339246119733926,0.9803443328550934,0.9335550628233555,-0.26220075090480305,0.7313406705943717,0.3306541019955654,2.620842572062084,0.24074181051223936,2.536487280067468,0.4146341463414634,5.241685144124168,2.1939246231708602,0.45712656279959296,4.196570323473329,36.62096774193548,0.14766519250780438,3.432817377731529,110.5725806451613,0.4316954994797086,7.407258064516129,37.806451612903224,291.3024193548387,7.025565636200717,0.1952564964157706,0.047534508240273415,0.3412325487243882,0.009114885654269175,164.35218508997428,0.4224991904626588,0.44353394439634947,7.118251928020565,10.082262210796916,78.4370179948586,1.7562482147957723,0.2034418737503571,3.7945745030429334,92.34704370179949,0.2373959992334177,0.39213709677419356,3.579106667283457,0.46401214759126236,3.217344194161442,0.08962796621252592,3.6,0.36,0.6400000000000001,6.4,2279.4,19222.7,301.21736111111113,0.26458333333333334,1.2,0.12,0.15497506546363207,1.180498225433087,0.023720855587126,3.321928094887362,0.04032258064516129,1664.3600000000001,2.7311414004786183,0.03306792639719608,1.8058876656767646,0.021560943848598305,0.1831713635074153,0.6245358548493719,22.52600955806228,22.80350850198276,247.5,14.068300635689548,61.94112549695424,0.2502671737250676,248.0,1.110673880487592,0.9003542962232932,0.2864386566612932,29.151808525094257,0.6245358548493719,14.068300635689548,22.52600955806228,22.0,16.0,22.80350850198276,22.80350850198276,247.5,14.068300635689548,1.110673880487592,0.9003542962232932,61.94112549695424,0.2502671737250676,248.0
"ytma10_010704_benign1_ccd.tif","58b5d52c-9d1d-47c5-8386-e75044bfd252","Detection","Unclassified",522.3064575195312,178.94168090820312,247.0,,,62.0,135.8,2394159.0,2.064395067711641,47.0,2.1295405332581017,169.0,94.28744939271255,24.43800095067941,88.0,52.0,117.0,19.136720742781346,98.4527877563863,0.4662196109905282,28.33422495888529,2394159.0,0.2536511006572801,802.8283040207181,5.193548387096774,30.621917853630478,3.310935379572925,3.8128158911847776,0.9642857142857142,0.5962883798906585,0.6163594470046083,1.4665999638291913,0.5843867463738877,0.742031490015361,0.7266129032258066,0.9667290848914218,0.9050019201228879,-0.18470325577022853,0.7186749212587643,0.3853686635944699,2.116935483870968,0.12628944657988067,3.5710238709719455,0.2857142857142857,4.233870967741935,2.7120203484906087,1.194275401367623,4.309920468973614,38.38461538461539,0.155403301152289,5.513481617466274,62.65182186234818,1.3612417839990818,6.668016194331984,27.60728744939271,93.72064777327935,19.159057579847055,0.4334457939721098,0.11710841447840194,1.3290358540327212,0.02171652389775822,129.3276836158192,0.24355495972847307,1.2301062912956044,8.800376647834275,8.534839924670433,38.218455743879474,5.376029504080351,0.27282695124503026,3.400300512946297,265.76082862523543,0.5004912026840591,0.5374493927125507,5.0728575937807,0.7328640667801525,7.520356878756684,0.12286528610930224,7.571428571428571,0.27040816326530615,1.1020408163265307,12.857142857142858,411.10714285714283,1448.892857142857,274.7733928571428,0.1384027777777778,5.714285714285714,0.20408163265306123,0.4064493974929505,6.121523455797573,0.03765033009908643,3.869331261111518,0.11336032388663968,333.28954081632656,4.275003100198414,0.037615713462103274,4.268922923519279,0.06546203078951054,0.32379899483540603,0.26532299660269093,35.54685475027385,34.52535300326414,246.5,9.431398022143256,81.21320343559643,0.32946532833913356,247.0,1.4591947137245291,0.6853095002294415,0.1900211863000861,12.82939853261786,0.26532299660269093,9.431398022143256,35.54685475027385,10.0,34.0,34.52535300326414,34.52535300326414,246.5,9.431398022143256,1.4591947137245291,0.6853095002294415,81.21320343559643,0.32946532833913356,247.0
"ytma10_010704_benign1_ccd.tif","69e753c6-268f-4cb5-a1e3-3d8ab4c0a65d","Detection","Unclassified",590.985107421875,248.80831909179688,247.0,,,126.2,176.0,5571768.0,1.7563124837005466,26.5,2.486563810960414,199.0,148.96356275303643,15.509973938271392,148.0,112.0,87.0,11.222342870129522,150.1924271798889,0.2555382525812433,19.17347527467074,5571768.0,0.3305905686046321,367.62215410841014,6.3765363128491614,12.833200122204232,0.5596677831946824,2.2550407290658843,0.36089385474860336,0.7240803673138053,0.3296089385474861,0.9873807238536597,0.25225180237820294,0.8404096834264431,0.8383240223463687,0.9793230364771606,0.93512104283054,-0.3150541405605766,0.8132685629280082,0.3022346368715084,2.429608938547486,0.19020317717923907,2.895878221469157,0.3396648044692737,4.859217877094972,2.4793959133821626,0.6539836459536219,4.412107494598948,35.8663967611336,0.14520808405317248,4.278549066531168,81.65587044534414,0.6953400317985869,6.955465587044534,39.93927125506073,244.6315789473684,10.492324561403507,0.25098403058929375,0.06046381088047755,0.6002081242228485,0.010620304479670774,111.11764705882354,0.29710600817867255,0.815872630043753,8.008021390374331,11.705882352941176,71.97860962566845,2.8687611408199647,0.23386437908496735,4.172076317962191,92.68449197860963,0.2478194972690097,0.3785425101214575,4.7272441305156,0.48682001910386546,4.591123039947677,0.08906286821221257,4.733333333333333,0.31555555555555553,1.2,10.2,1123.0,7064.266666666666,227.81064814814815,0.23472222222222222,2.2,0.14666666666666667,0.31891510611249163,4.078958682751109,0.028943645164393697,3.506890595608518,0.06072874493927125,851.8488888888888,3.2676024713682934,0.04784214582215949,1.536251249833045,0.03412074778732873,0.21400154780243405,0.5292229345971357,24.533709262044876,24.698178070456937,246.5,12.983801612212318,63.94112549695424,0.259396046640788,247.0,1.1488594017688638,0.8704285297751235,0.2720016712930302,26.287264271459964,0.5292229345971357,12.983801612212318,24.533709262044876,18.0,21.0,24.698178070456937,24.698178070456937,246.5,12.983801612212318,1.1488594017688638,0.8704285297751235,63.94112549695424,0.259396046640788,247.0
"ytma10_010704_benign1_ccd.tif","f9eaa377-8e5d-46d4-88bd-4040a99aabd9","Detection","Unclassified",818.1475219726562,613.864501953125,244.0,,,107.3,152.70000000000002,4311234.0,1.6837690272110648,27.0,2.5631713061929484,171.0,131.7295081967213,14.63759742004837,134.0,85.0,86.0,10.552556063343616,132.92475993312416,-0.4459252993565781,17.78562547476532,4311234.0,0.3560870733673744,316.32847352862115,8.226966292134833,12.238421896776055,-1.0079771564423454,2.1380179270294155,0.36404494382022473,0.7090041596783665,0.35955056179775285,0.9600872325265654,0.2347683373311451,0.8209737827715358,0.8206741573033709,0.9786649041639128,0.928239700374532,-0.2965076539323359,0.7945283796919576,0.3556179775280899,2.7898876404494386,0.18381643731852038,2.866001929849463,0.349438202247191,5.579775280898877,2.491591573790074,0.62551571771241,4.367885738651168,40.26229508196721,0.16500940607363612,3.066917495296963,86.88524590163935,0.6267132491265789,8.39344262295082,35.42622950819672,303.75409836065575,6.106386612021859,0.19131375227686703,0.05276838311979314,0.4022591296688681,0.014510277368828024,130.0891089108911,0.3220027448289383,0.7206156259190276,8.188118811881187,8.747524752475247,74.62871287128714,1.4738036303630362,0.211891501650165,4.048350566748152,102.17326732673267,0.252904127046368,0.4139344262295082,2.9112341927262033,0.46570806758255184,3.677232070748175,0.10693132678370823,2.6,0.26,1.24,7.0,1795.4,15327.6,244.63472222222222,0.39583333333333337,1.4,0.14,0.22448721243721384,1.1257344456790535,0.12463879856622868,3.321928094887362,0.040983606557377046,1200.04,2.640830498866213,0.042305483736868814,1.6778671206554292,0.031232209095562655,0.21480933611706665,0.8220144680529299,19.545210408251542,20.396078054371138,243.5,16.06644573672148,59.59797974644661,0.24475556364043782,244.0,1.077400377752481,0.9281600606879844,0.29859100586671306,31.67784939792855,0.8220144680529299,16.06644573672148,19.545210408251542,18.0,20.0,20.396078054371138,20.396078054371138,243.5,16.06644573672148,1.077400377752481,0.9281600606879844,59.59797974644661,0.24475556364043782,244.0
"ytma10_010704_benign1_ccd.tif","9c70a7b9-2a37-44be-9d90-2ef2425bcd65","Detection","Unclassified",233.198974609375,243.62783813476562,243.0,,,112.2,139.0,3985727.0,1.1184136506085187,13.0,4.441578087100565,153.0,127.50205761316873,9.04675777743907,130.0,88.0,65.0,5.559766763848392,128.07095191447527,-1.218387817169285,12.057944629497966,3985727.0,0.563684397703602,145.39402868803884,7.324660633484163,6.612007678938616,-2.0109824435158092,1.2199112937900534,0.22511312217194568,0.6884300089530586,0.22285067873303166,0.7735365385586064,0.17545069716017278,0.8889517345399698,0.8888009049773755,0.9867979771093958,0.9555052790346907,-0.30466919767869377,0.7028593577185749,0.2208710407239819,2.6600678733031673,0.42251643086750884,1.8953814227827737,0.6278280542986425,5.320135746606335,1.6645224707583495,0.36125610399049973,3.404768689723312,45.05761316872428,0.1854222764145032,3.9766634489999833,136.97530864197532,0.3510982404443767,7.506172839506172,48.36625514403292,392.95473251028807,7.87185642432556,0.1922153635116598,0.033440222682580116,0.23246419848994315,0.007290967104254359,117.0,0.4119718309859155,0.46002777226740743,6.535211267605634,21.408450704225352,178.21830985915494,3.165737480438185,0.23716255868544614,4.059662980804708,53.62676056338028,0.18882662170204326,0.29218106995884774,9.694703431858759,0.41572355093931396,2.4314235909472,0.10288858407397068,1.4,0.28,1.04,6.8,6398.6,55762.4,787.9,0.33472222222222225,1.0,0.2,0.05175404105684282,0.8039879691998557,0.004327898901596344,2.321928094887362,0.0205761316872428,4036.6400000000003,1.3497912659555862,0.05508807696137926,1.1420105061685466,0.010563449571101542,0.2975721415437728,0.7104801014587122,20.886715594489793,21.213203435596427,242.5,14.839595814712375,60.28427124746186,0.24859493297922416,243.0,1.092051731498016,0.9157075357851916,0.29230132478162696,30.357346907287088,0.7104801014587122,14.839595814712375,20.886715594489793,15.0,21.0,21.213203435596427,21.213203435596427,242.5,14.839595814712375,1.092051731498016,0.9157075357851916,60.28427124746186,0.24859493297922416,243.0
"ytma10_010704_benign1_ccd.tif","2013756e-4f44-43d6-926b-eb50407f1d29","Detection","Unclassified",735.6525268554688,206.69082641601562,242.0,,,110.0,150.0,4047493.0,1.4859890906682234,18.75,3.2732410718285867,180.0,128.400826446281,11.977767912027854,126.0,96.0,84.0,8.247365301862976,129.3258585355242,0.6385530627505555,15.440383863830625,4047493.0,0.39638685882111874,238.40545386244116,6.963718820861677,4.461785113609685,0.6468462529627517,1.326681012541071,0.37755102040816324,0.5569253328083525,0.3412698412698412,1.006267444932379,0.26108591584782065,0.8351284958427817,0.8329931972789117,0.9858057281267945,0.9439652845265092,-0.19867236316073464,0.6528140259046812,0.3122008062484252,2.5935374149659864,0.23564512728749853,2.517927188484159,0.34807256235827666,5.187074829931973,2.097843526489735,0.4260580082373086,4.130349094809014,31.96694214876033,0.13209480226760467,4.84570726043303,95.92561983471074,0.48434191653575576,7.632231404958677,39.95867768595041,259.301652892562,7.429257346189164,0.1724276859504132,0.0719304484496584,0.8291863237872438,0.010162215962593247,128.3548387096774,0.3450398890045092,0.6206786911781709,9.080645161290322,11.172043010752688,74.60215053763442,2.063191457586619,0.15718413978494622,3.9080051497376385,96.66666666666667,0.25985663082437277,0.384297520661157,4.400855590241646,0.5141682240150142,5.568043925181581,0.07267734340171197,6.0,0.375,0.99609375,12.8125,1196.875,7543.1875,224.69390625,0.15223958333333334,3.625,0.2265625,0.4490119019812441,6.711635169105487,0.05337674131105625,3.202819531114783,0.06611570247933884,968.109375,1.8794358239163433,0.03800532613012001,3.3188671347501844,0.015559079020866746,0.33327671991112623,0.780589494986212,19.928195035462256,20.615528128088304,241.5,15.55573969871822,59.112698372208044,0.244773078145789,242.0,1.0730433931334689,0.9319287611285041,0.2997926783054752,31.933335976234474,0.780589494986212,15.55573969871822,19.928195035462256,16.0,20.0,20.615528128088304,20.615528128088304,241.5,15.55573969871822,1.0730433931334689,0.9319287611285041,59.112698372208044,0.244773078145789,242.0
"ytma10_010704_benign1_ccd.tif","ae097bb4-005f-4785-bffd-9722e953d423","Detection","Unclassified",704.8505859375,227.92616271972656,242.0,,,63.1,94.0,1577025.0,1.0516700091422913,15.75,2.4891881223120738,107.0,79.9297520661157,9.209446076087698,81.0,53.0,54.0,6.756164807132366,80.72566030330727,-0.24102303529542723,11.307827645230155,1577025.0,0.5363704664981901,127.86696605423134,2.9590909090909094,1.3151022022114696,-0.3155325648009014,0.8177221074380167,0.18863636363636366,0.6251109936303773,0.18863636363636366,0.6986101065696975,0.15305268595041321,0.9056818181818181,0.9056818181818181,0.9811363636363636,0.9528409090909091,-0.30119408117508695,0.6810853133412438,0.18863636363636366,1.6738636363636363,0.38143595041322315,1.758039360278161,0.5477272727272727,3.3477272727272727,1.5694029966417975,0.25158961776859506,3.553668604677216,45.04132231404959,0.18612116658698177,3.676115019465883,129.80165289256198,0.25517382692439045,3.1818181818181817,51.29752066115702,156.36363636363637,25.15036730945822,0.48209366391184577,0.03551369510920376,0.1616780988872439,0.013665482645460999,122.16535433070867,0.48096596193192387,0.3327546655093311,3.52755905511811,22.62992125984252,73.48818897637796,10.046587926509186,0.4599737532808399,4.072692023288397,37.10236220472441,0.14607229214458428,0.26239669421487605,8.106020212040425,0.30150345089702457,1.4260347924079484,0.10239161289462174,2.3333333333333335,0.3888888888888889,0.8055555555555555,5.5,4755.666666666667,17574.333333333332,1553.5925925925924,0.4305555555555555,1.0,0.16666666666666666,0.22709701982304362,2.041931365887858,0.025446046475564175,2.584962500721156,0.024793388429752067,3128.8888888888887,4.1820679596341845,0.04790240803388045,0.6439965438619643,0.016060921183629673,0.13202815222596193,0.6655961952148567,21.620491260990736,21.587033144922902,241.5,14.390516721991492,60.28427124746186,0.249624311583693,242.0,1.0943103724455914,0.9138175285364204,0.2910959584938677,30.10749326242575,0.6655961952148567,14.390516721991492,21.620491260990736,15.0,21.0,21.587033144922902,21.587033144922902,241.5,14.390516721991492,1.0943103724455914,0.9138175285364204,60.28427124746186,0.249624311583693,242.0
"ytma10_010704_benign1_ccd.tif","4a53965a-a42f-449d-b2c2-71c1387b162f","Detection","Unclassified",648.5029296875,342.1140441894531,242.0,,,72.0,108.0,2165907.0,1.5371267613037953,18.75,3.2703139041719855,140.0,93.46694214876032,11.301072331124931,95.0,59.0,81.0,7.643655489809337,94.60459251865014,-0.05766461293075403,14.627359672207566,2165907.0,0.39324499692643944,213.95965098012425,5.312072892938497,8.401510517805159,-0.11178870953689946,1.8044426917668548,0.26651480637813213,0.7426168266448185,0.2619589977220957,0.8451012916639307,0.19789228989056717,0.8697798025816247,0.8694760820045558,0.9844030550716868,0.9477600607441156,-0.3664578324460368,0.8256654805201874,0.2579726651480638,2.2198177676537587,0.2325745507754734,2.5516384758099218,0.3906605922551253,4.439635535307517,2.270374467510371,0.5177393745362466,4.22260185388033,38.59504132231405,0.159483641827744,4.018714568677002,95.16528925619835,0.49793388429752056,5.458677685950414,44.6198347107438,230.02892561983472,14.565484389348027,0.30400596877869607,0.04206138898779589,0.27875986142084624,0.010001473844818002,124.30817610062893,0.39090621415292115,0.5230509077963688,5.952830188679245,14.377358490566039,77.50314465408805,4.358927323549965,0.27017819706498963,4.155333155308282,60.9874213836478,0.19178434397373523,0.3285123966942149,5.111269332700448,0.4073589913671367,2.8426449980381805,0.08089509218705188,2.142857142857143,0.30612244897959184,0.816326530612245,7.428571428571429,2014.2857142857142,11079.285714285714,524.0873015873016,0.27083333333333337,1.2857142857142858,0.1836734693877551,0.15102873142833254,1.3856174401166865,0.016714938015825014,2.8073549220576046,0.028925619834710745,819.1020408163265,2.779509012644606,0.049189681781862823,1.3691043873248905,0.019501675611220938,0.2563576883171752,0.8926511418822881,18.91397540721924,19.6468827043885,241.5,16.88358174478777,61.69848480983495,0.2554802683637058,242.0,1.1199818873886083,0.8928715823535659,0.2811450558977886,28.084270496211605,0.8926511418822881,16.88358174478777,18.91397540721924,19.0,18.0,19.6468827043885,19.6468827043885,241.5,16.88358174478777,1.1199818873886083,0.8928715823535659,61.69848480983495,0.2554802683637058,242.0
"ytma10_010704_benign1_ccd.tif","4697a905-ca47-4c80-8a37-76962978dac6","Detection","Unclassified",887.2139892578125,303.75762939453125,241.0,,,89.0,129.0,2773365.0,1.5400007933012543,23.0,3.951646221423712,172.0,105.97095435684648,13.392916788622793,102.0,82.0,90.0,9.684866912314163,107.27412823794756,1.0631494576300866,16.670195617052,2773365.0,0.3778344036776226,277.8954219107797,2.9783105022831062,7.076503237099739,1.3916292034128925,1.5844266695857043,0.3527397260273973,0.6358188673660559,0.3207762557077626,0.9774901648392746,0.24984231980150542,0.8449391171993909,0.8428082191780821,0.9798146655922644,0.9369101978691019,-0.258395744412179,0.7220380971520735,0.2928082191780822,1.6341324200913243,0.24493794437146849,2.482914397289747,0.3881278538812785,3.268264840182649,2.098584203443042,0.48429159890327556,4.062683717190425,33.89626556016597,0.1406484048139667,5.511613092061088,91.05809128630706,0.5704102890790448,3.5643153526970957,42.16182572614108,100.68464730290457,29.368660673121255,0.5577455048409407,0.06850716039450973,0.48527616582978667,0.01876812608399745,118.35774647887324,0.3334021027573894,0.6585677444951399,5.157746478873239,13.481690140845071,32.304225352112674,9.670226917057903,0.3813380281690141,3.8555496953958177,95.40563380281691,0.26874826423328707,0.3682572614107884,6.107788137274351,0.5270549165861113,3.561814356352525,0.12480306742524173,6.428571428571429,0.45918367346938777,0.5510204081632653,8.714285714285714,1291.5,2850.0714285714284,922.3581349206349,0.1875,3.2857142857142856,0.23469387755102042,0.39057670712467546,4.069648522082939,0.039574108556188814,2.8962915290459286,0.058091286307053944,995.1683673469387,4.916594846348046,0.04480590967018832,1.8034630751782899,0.027909548406685688,0.2728279826020914,0.9009546471387105,18.56093494685061,19.697715603592208,240.5,16.722560595604353,60.04163056034258,0.249653349523254,241.0,1.0921694027770326,0.9156088766608222,0.2916496284259469,30.222132206874516,0.9009546471387105,16.722560595604353,18.56093494685061,18.0,17.0,19.697715603592208,19.697715603592208,240.5,16.722560595604353,1.0921694027770326,0.9156088766608222,60.04163056034258,0.249653349523254,241.0
"ytma10_010704_benign1_ccd.tif","8635635b-134b-4fcf-b1e8-cf23e8c1c40b","Detection","Unclassified",529.2550048828125,505.4833679199219,241.0,,,109.0,150.0,4189319.0,1.5966702519073024,22.0,4.205319070284231,168.0,130.5850622406639,13.831958816136074,135.0,71.0,97.0,9.033772064075098,131.84485727566886,-1.109982157864814,18.182626588131566,4189319.0,0.41808853153354797,330.60790964342897,14.048863636363635,17.61794837143978,-2.725541697971443,2.193987603305785,0.2886363636363636,0.7674747626062133,0.2863636363636363,0.8731706620558021,0.20663223140495865,0.8571969696969697,0.8570454545454544,0.9889166867615142,0.9523268398268397,-0.3656778898419297,0.8330502180400825,0.284375,3.6840909090909086,0.2627950671487604,2.6460029069751863,0.4727272727272727,7.368181818181818,2.351175275214277,0.6206559917355372,4.160471910302798,35.68879668049792,0.1480862932800744,3.914292109295639,100.75933609958506,0.6026755737676692,14.394190871369295,42.601659751037346,620.9336099585062,3.4348951129552785,0.09206431535269706,0.04019588337102168,0.5740074418810094,0.005233158709990323,107.29850746268657,0.32029405212742257,0.8523056359991086,14.223880597014926,14.119402985074627,208.84776119402986,1.116525704809287,0.10802321724709782,4.379522420356383,73.99104477611941,0.22086879037647583,0.3475103734439834,5.838752506126087,0.4550743531119051,6.563008113687926,0.05646454303261643,1.3333333333333333,0.2222222222222222,1.8055555555555556,11.833333333333334,3603.8333333333335,54608.833333333336,256.1770833333333,0.2543518518518519,1.0,0.16666666666666666,0.04424327924146527,0.07797196118905662,0.041932614853324425,2.584962500721156,0.024896265560165973,1990.4722222222224,1.006679529067147,0.047200495787068975,2.6900060265483776,0.01522110093637295,0.5112869433221381,0.9287361343305334,18.178110622379638,18.867962264113206,240.5,16.882668188861672,57.455844122715675,0.23890163876389053,241.0,1.045133424524349,0.9568156338078175,0.3115579445860795,34.4889447243795,0.9287361343305334,16.882668188861672,18.178110622379638,17.0,17.0,18.867962264113206,18.867962264113206,240.5,16.882668188861672,1.045133424524349,0.9568156338078175,57.455844122715675,0.23890163876389053,241.0
"ytma10_010704_benign1_ccd.tif","58f25748-e3e3-49a4-b396-dd9b691b0686","Detection","Unclassified",462.4213562011719,294.541748046875,240.0,,,101.9,132.0,3386970.0,1.2714908230047137,13.25,3.68508555281769,161.0,118.15833333333333,9.153055555555556,119.0,87.0,74.0,5.773416736019759,118.79551759220547,-0.03333189597719805,12.287524725870902,3386970.0,0.49895833333333334,150.9832638888888,4.722029988465976,2.9990557743649044,0.11332781689821408,0.9129919421462867,0.31603229527104953,0.4857183680361619,0.2998846597462514,0.9243215305976753,0.22610148611992453,0.8527489427143408,0.8516724336793543,0.981694823258023,0.9405613225682431,-0.16851075643321156,0.5761013730113417,0.28575547866205303,2.13840830449827,0.3427514570520523,2.191705044126244,0.5536332179930796,4.2768166089965405,1.8390780232714519,0.3072560593543341,3.780350764670769,33.775,0.14072916666666666,4.961388888888888,119.75,0.3433333333333334,5.183333333333334,42.375,189.00833333333333,11.562008101851852,0.2717303240740741,0.06961706611657008,0.6064046457703451,0.012419442319323133,132.4971098265896,0.3829396237762705,0.5172240970296367,6.271676300578035,14.063583815028903,63.2485549132948,3.6889049454078355,0.26131984585741813,3.774393145910878,85.74566473988439,0.24781984028868323,0.36041666666666666,6.3653646964482595,0.49364190912488715,3.759227416703645,0.10728767563671707,9.631578947368421,0.5069252077562327,0.6204986149584487,9.0,1343.7894736842106,5532.421052631579,337.952850877193,0.20431286549707603,3.3157894736842106,0.1745152354570637,0.38349094411752616,4.547262271790131,0.03598037475045727,3.221097250057958,0.07916666666666666,1184.2326869806097,2.993648753894081,0.037462488731985814,1.7972215584332845,0.017086907510801923,0.1879100981743883,0.5320250008757098,23.986488858726936,24.351591323771842,239.5,12.761411756069402,63.94112549695424,0.266977559486239,240.0,1.1655276628473807,0.8579804940510832,0.26427748590134176,24.815474252961526,0.5320250008757098,12.761411756069402,23.986488858726936,16.0,23.0,24.351591323771842,24.351591323771842,239.5,12.761411756069402,1.1655276628473807,0.8579804940510832,63.94112549695424,0.266977559486239,240.0
"ytma10_010704_benign1_ccd.tif","7e210c6b-9484-45af-8e11-189b8e7a5461","Detection","Unclassified",38.31568908691406,160.86041259765625,239.0,,,73.8,106.20000000000002,2023291.0,1.2968760379856787,17.0,2.6829335444985736,120.0,91.2092050209205,9.75956303286008,92.0,60.0,60.0,6.885227926866045,92.00898173366159,-0.25231012707947914,12.105107976262014,2023291.0,0.4635948250205705,146.53363911696223,4.6352128883774455,3.287150898263909,-0.06313794562245811,1.053311810329188,0.28998849252013814,0.5682447299311519,0.28998849252013814,0.8687063809028126,0.20589516672603592,0.855005753739931,0.855005753739931,0.9710011507479861,0.9275028768699656,-0.22195509495560461,0.6534923198655201,0.28998849252013814,2.1081703107019565,0.3029830724838809,2.230859156719825,0.5074798619102416,4.216340621403912,1.9408706641996867,0.33582507571233156,3.8510791555055626,35.2092050209205,0.1473188494599184,3.8687698044502024,110.79916317991632,0.3596925824127729,5.075313807531381,41.85355648535565,189.2510460251046,12.205485820548585,0.2926545792654579,0.044702010007474244,0.29091469150034105,0.011113387843127336,132.93510324483776,0.39213894762489016,0.48405426336352786,5.8053097345132745,14.218289085545722,65.5575221238938,3.867912159947558,0.29031465093412,3.798769303711629,79.85545722713864,0.23556182072902254,0.35460251046025104,6.26555633870224,0.4664928399047263,3.187843571138714,0.11375628003201987,3.888888888888889,0.43209876543209874,0.8395061728395062,5.777777777777778,2709.8888888888887,12289.0,658.6913580246913,0.4228395061728395,1.2222222222222223,0.13580246913580246,0.15535305628635238,1.320504681325778,0.02588959271174457,3.169925001442312,0.03765690376569038,2004.691358024691,5.628033252774794,0.039911644096919524,0.8041388604666972,0.03258303100750629,0.09753237926824948,0.6928603945426329,20.98834493950379,21.095023109728988,238.5,14.54199295558147,59.69848480983496,0.25030811241020945,239.0,1.0904711617798382,0.917034796562457,0.2917215310263473,30.23703582788241,0.6928603945426329,14.54199295558147,20.98834493950379,19.0,17.0,21.095023109728988,21.095023109728988,238.5,14.54199295558147,1.0904711617798382,0.917034796562457,59.69848480983496,0.25030811241020945,239.0
"ytma10_010704_benign1_ccd.tif","b191af83-6c27-4018-b13f-43ea45173c8e","Detection","Unclassified",711.8389282226562,405.1495361328125,239.0,,,94.8,133.20000000000002,3178919.0,1.5387098958905152,21.5,3.045599899673166,162.0,114.24686192468619,12.51350641620419,114.0,82.0,80.0,8.725034949699841,115.3295986206127,0.43811269316809204,15.766130100735568,3178919.0,0.4018312004341661,248.57085835332015,4.4544405997693195,5.900298372944126,0.16812983144273577,1.487660455321283,0.40715109573241065,0.5702463440166424,0.36101499423298733,1.044296675400945,0.2768192696713667,0.8271818531334102,0.8241061130334487,0.9768641020422011,0.9293348712033835,-0.21520172230041026,0.6888762773074929,0.3206459054209919,2.0455594002306805,0.22204329184010935,2.6684728489297918,0.4083044982698962,4.091118800461362,2.2105980402887107,0.4737028877634234,4.345648549613063,32.32217573221757,0.13523922900509444,4.342080845923566,96.0376569037657,0.5053833091157368,4.899581589958159,38.02092050209205,166.84100418410043,13.769467689446767,0.3514063226406323,0.06918335852859663,0.5163701334400179,0.016666747341876297,132.22513089005236,0.3461390860996135,0.6389696006140183,5.5785340314136125,10.120418848167539,44.55497382198953,3.5391215823152997,0.3328424956369983,3.978764911709371,97.15183246073299,0.2543241687453743,0.399581589958159,3.857322990049615,0.4951388293818273,3.2534663548334475,0.14113248046672783,6.0588235294117645,0.356401384083045,0.9134948096885814,8.235294117647058,1148.5294117647059,4669.823529411765,330.7181372549019,0.2757352941176471,3.0,0.17647058823529413,0.36961111786312323,3.753338633662832,0.04589352752120131,3.4992275471326932,0.07112970711297072,950.8788927335642,3.681260816167029,0.038055925301503556,1.9078176398738402,0.027977415146015535,0.1933283667677152,0.5850654545829433,22.855608822491966,23.345235059857504,238.5,13.372027165501194,61.112698372208044,0.2562377290239331,239.0,1.1163036282365366,0.8958136251691079,0.28165421638008414,28.18608519072923,0.5850654545829433,13.372027165501194,22.855608822491966,14.0,23.0,23.345235059857504,23.345235059857504,238.5,13.372027165501194,1.1163036282365366,0.8958136251691079,61.112698372208044,0.2562377290239331,239.0
"ytma10_010704_benign1_ccd.tif","d0fa366b-a9ab-46e5-8b48-63167e9f7253","Detection","Unclassified",92.50845336914062,685.0401611328125,237.0,,,95.0,122.4,2859916.0,0.9974076061830099,12.0,3.3666736721590844,132.0,109.31645569620254,8.31640228595845,111.0,80.0,52.0,5.361108033240998,109.8506081828565,-0.5775135314748563,10.819825884165096,2859916.0,0.6192205665046555,117.06863216364901,3.713789107763615,2.050453511690354,-0.23910168467752707,0.6921689812545904,0.16801853997682503,0.6093443910083807,0.16801853997682503,0.6531519029018793,0.13978831020088106,0.9159907300115876,0.9159907300115876,0.9831981460023175,0.9579953650057939,-0.29844859319109357,0.660534321877147,0.16801853997682503,1.8928157589803014,0.4965009284758093,1.6341213486172772,0.6894553881807648,3.785631517960603,1.4661028086404522,0.21504688030785385,3.2900714673454035,49.46413502109704,0.20870943046876392,3.642080150972957,146.75527426160338,0.22692232370168597,3.9451476793248945,53.472573839662445,200.36708860759492,18.216361931551805,0.35278949835911866,0.03578848682776752,0.17181608281693675,0.014041315912988106,97.36521739130434,0.42332703213610584,0.4217202268431002,4.439130434782609,29.391304347826086,113.5391304347826,9.117632850241547,0.37693236714975853,4.269145879534355,33.48695652173913,0.1455954631379962,0.24261603375527427,12.40257088846881,0.33608605014569454,1.881720741054039,0.11418086641485099,3.25,0.40625,0.859375,5.375,4275.125,16847.625,1152.9722222222222,0.4618055555555556,1.5,0.1875,0.29242572043895726,1.5907015043453603,0.14817128318595602,3.0,0.03375527426160337,3397.484375,2.905317218350754,0.06217573859455599,0.4686124541139732,0.012370845788763084,0.13912037388017318,0.7682938447320052,19.82996800859912,20.248456731316587,236.5,15.235242362239283,58.28427124746187,0.24644512155374995,237.0,1.069130861668879,0.9353391954648396,0.29986732997926707,31.949241459981785,0.7682938447320052,15.235242362239283,19.82996800859912,17.0,18.0,20.248456731316587,20.248456731316587,236.5,15.235242362239283,1.069130861668879,0.9353391954648396,58.28427124746187,0.24644512155374995,237.0
"ytma10_010704_benign1_ccd.tif","bd76ddc0-fe89-45ac-a6a2-90e9effebe4d","Detection","Unclassified",371.35137939453125,59.89136505126953,236.0,,,90.5,130.0,2857576.0,1.4785383090403186,19.25,3.098935239903905,155.0,108.94915254237289,12.207986210858964,107.0,80.0,75.0,8.323227233280152,110.03805197001596,0.625251924651261,15.44198956270522,2857576.0,0.4031887388681414,238.45504165469697,3.7105882352941175,5.6704984087834225,0.49074699776104413,1.4523183391003462,0.2564705882352941,0.6998218046330794,0.2517647058823529,0.8295533765640378,0.1930851211072664,0.8749019607843137,0.8745882352941178,0.9849965397923874,0.9498039215686274,-0.3347814949500153,0.7820507757884061,0.2476470588235294,1.8470588235294116,0.266329411764706,2.352048055219845,0.4411764705882353,3.694117647058823,2.0868055664286884,0.42719723183390995,4.05650736376955,37.610169491525426,0.15936512496409078,4.054869290433785,95.15254237288136,0.47091353059465674,4.0423728813559325,45.101694915254235,164.5,20.281544256120526,0.44214924670433153,0.039144147732853345,0.20030141101481397,0.014917579594612483,104.61437908496733,0.34187705583322653,0.6208723140672393,4.647058823529412,16.045751633986928,59.59477124183007,7.102260348583879,0.4249046840958606,4.2490727537418405,62.43790849673203,0.20404545260369944,0.3241525423728814,6.528728266905891,0.4223079353029857,2.2731754535385558,0.16231015064085375,2.0,0.3333333333333333,0.8888888888888888,6.333333333333333,3535.6666666666665,13042.0,1428.3657407407409,0.32060185185185186,1.3333333333333333,0.2222222222222222,0.10201433218074511,0.908526297881444,0.017702085343648803,2.584962500721156,0.025423728813559324,1988.5555555555554,3.322457805907173,0.04495680527289987,1.6869590221475432,0.01961031156517724,0.2839869312356881,0.5210450703031261,24.31714348491637,25.298221281347036,235.5,12.670327736669456,63.79898987322332,0.2709086618820523,236.0,1.1727715308063609,0.852680998584977,0.26073256145551227,24.154207261854896,0.5210450703031261,12.670327736669456,24.31714348491637,12.0,24.0,25.298221281347036,25.298221281347036,235.5,12.670327736669456,1.1727715308063609,0.852680998584977,63.79898987322332,0.2709086618820523,236.0
"ytma10_010704_benign1_ccd.tif","b50cea57-e80e-4103-9659-3c41db626457","Detection","Unclassified",695.8984375,149.3984375,236.0,,,101.5,140.5,3352188.0,1.417906370369725,21.0,2.8102104283471143,160.0,118.22033898305085,12.158000574547545,117.0,83.0,77.0,8.495473064735178,119.18131749849876,0.3544771485456443,15.104234221254453,3352188.0,0.4454538925596093,228.13789141051413,5.066279069767442,4.89159291890088,0.25612953261976557,1.2452825851811793,0.2686046511627907,0.6451457615674603,0.2593023255813953,0.8520751832588241,0.20136695511087074,0.8718992248062015,0.8712790697674418,0.9843638850889193,0.9484496124031009,-0.2932486446520362,0.7374894440787503,0.25116279069767444,2.19593023255814,0.31799824229313145,2.2844754559631335,0.5232558139534884,4.391860465116279,1.9935410882989606,0.3784718090859925,3.8301656580438985,37.25423728813559,0.1578569376615915,4.880996839988509,105.12711864406779,0.42450086182131563,5.563559322033898,46.25423728813559,216.82627118644066,13.083480461393597,0.2673905367231638,0.06219934030580216,0.6046594095500724,0.013430042397791926,107.77887788778878,0.3557058676164646,0.6113344007668093,7.069306930693069,17.293729372937293,80.8976897689769,4.619499449944994,0.23934268426842684,4.039228685053806,64.84818481848185,0.21402041194218432,0.3209745762711864,7.587317147556339,0.4507580248683782,4.1072880097584195,0.07856680965038575,4.090909090909091,0.371900826446281,1.355371900826446,10.909090909090908,2101.090909090909,9743.181818181818,510.14204545454544,0.25883838383838387,3.727272727272727,0.33884297520661155,0.5688734984984746,7.731460053135295,0.12103997902841787,2.4040097573248604,0.046610169491525424,1640.793388429752,2.6881144793683895,0.0457736600571478,1.47887109957872,0.01847947783448834,0.22436947640248106,0.9220910012187674,18.099234694874525,18.867962264113206,235.5,16.6891414410903,57.45584412271568,0.24397386039369717,236.0,1.056169986381707,0.9468172859426374,0.30508064844083865,33.06979995159543,0.9220910012187674,16.6891414410903,18.099234694874525,17.0,17.0,18.867962264113206,18.867962264113206,235.5,16.6891414410903,1.056169986381707,0.9468172859426374,57.45584412271568,0.24397386039369717,236.0
"ytma10_010704_benign1_ccd.tif","f7df8e18-f5a3-41e6-bb58-edc7d92bd291","Detection","Unclassified",888.0760498046875,281.9101257324219,236.0,,,92.0,133.0,2913505.0,1.5726662733908117,23.0,2.721987902892119,160.0,109.92796610169492,13.334063487503586,106.0,80.0,80.0,9.907787615471067,111.10967630900346,0.6142745433982179,16.16175851311172,2913505.0,0.3654481470841712,261.2024382361392,3.592765460910152,6.105039576349733,0.6917833272682252,1.6292050230853334,0.3512252042007002,0.6453041370894276,0.32322053675612605,0.9745244199483779,0.24675368881978194,0.8430571761960327,0.8411901983663943,0.9798338938842751,0.9362893815635942,-0.2736788401506201,0.7474901625736629,0.29871645274212366,1.809218203033839,0.21299981346560484,2.5802974830089522,0.3372228704784131,3.618436406067678,2.194040377093882,0.4951075568215083,4.229141963112337,34.13559322033898,0.14464234415397875,4.092933065211147,86.2457627118644,0.5523376903188739,4.139830508474576,40.29661016949152,135.41949152542372,21.552524717514125,0.4626588983050847,0.05473136818286636,0.37254731318139306,0.01650850950667461,119.7840909090909,0.34029571280991733,0.6278086260330579,5.119318181818182,11.346590909090908,40.02272727272727,5.85507417929293,0.37687421085858597,4.024577268371594,82.60795454545455,0.23468168904958678,0.3728813559322034,4.154442148760331,0.47538309057840317,3.0208855866631166,0.12900428319973004,3.3636363636363638,0.30578512396694213,0.9586776859504131,7.909090909090909,1582.0,5753.0,668.5082070707072,0.28914141414141414,1.7272727272727273,0.15702479338842976,0.33154345168075205,3.7235742400260645,0.03329904795890782,3.277613436819116,0.046610169491525424,1121.702479338843,4.0670375128468645,0.04174639946780922,1.9051216560551971,0.028215454657688384,0.23993981420397054,0.7098280169143607,20.719643325530477,21.95449840010015,235.5,14.70738333293417,59.455844122715675,0.25246642939582026,236.0,1.0929345662954892,0.914967858862318,0.28981719649827387,29.843554498674223,0.7098280169143607,14.70738333293417,20.719643325530477,16.0,19.0,21.95449840010015,21.95449840010015,235.5,14.70738333293417,1.0929345662954892,0.914967858862318,59.455844122715675,0.25246642939582026,236.0
"ytma10_010704_benign1_ccd.tif","c1607a6a-0b04-4d35-9ab9-3b4c23738f7a","Detection","Unclassified",632.326416015625,335.09783935546875,236.0,,,92.0,123.0,2719127.0,1.2610836095829663,21.0,2.8981664242516083,152.0,106.58050847457628,10.616309968399854,104.5,80.0,72.0,8.075086805555538,107.33929651470233,0.39579801814338234,12.740478388661948,2719127.0,0.4672148807813847,162.31978957196216,3.079346557759626,3.548428570782569,0.2706742016570081,1.1239936333223957,0.21003500583430573,0.6851116990005878,0.21003500583430573,0.74154964697176,0.1659203021584889,0.8949824970828472,0.8949824970828472,0.9876449996568054,0.9579929988331389,-0.3431425813362698,0.755518632638099,0.21003500583430573,1.6884480746791133,0.3222456562674875,2.0420897731765044,0.47374562427071176,3.3768961493582266,1.8320547673421985,0.3335071597891753,3.877616842758493,40.016949152542374,0.16956334386670496,4.219118069520253,110.26271186440678,0.34918126975007185,3.2796610169491527,49.610169491525426,151.8728813559322,25.62891360640301,0.5079154896421846,0.05211331276076029,0.3042481589308667,0.017276450422447704,109.08239700374531,0.4085483033848139,0.47942880388278697,3.7790262172284645,20.224719101123597,62.741573033707866,10.161985018726591,0.48054515189346647,4.293237791558286,43.71161048689139,0.16371389695464938,0.2828389830508475,7.724389456998976,0.36777378632508523,1.772400218103632,0.14065194973107492,3.3636363636363638,0.30578512396694213,0.7768595041322315,6.363636363636363,1991.8181818181818,6432.0,894.5536616161615,0.3188131313131313,3.0,0.2727272727272727,0.48088641646927716,4.377539113465097,0.06627015765566746,3.0271691184406193,0.046610169491525424,1531.5206611570247,3.095894114688128,0.0447359139077376,1.6432221170187622,0.012762566010090882,0.343209227724656,0.6265650298647418,21.936819509476678,22.20360331117452,235.5,13.744843971092706,59.698484809834966,0.25349675078486184,236.0,1.0973948577614554,0.9112490303078981,0.28805207780589004,29.4811398331345,0.6265650298647418,13.744843971092706,21.936819509476678,18.0,18.0,22.20360331117452,22.20360331117452,235.5,13.744843971092706,1.0973948577614554,0.9112490303078981,59.698484809834966,0.25349675078486184,236.0
"ytma10_010704_benign1_ccd.tif","21591f82-8b5b-46a4-be1b-46754ddbfaca","Detection","Unclassified",559.0888061523438,518.0714721679688,236.0,,,103.5,146.0,3908246.0,1.4392306232806265,20.0,2.640600895731713,162.0,127.72881355932203,12.617638609594957,131.0,89.0,73.0,8.875115478290084,128.68707940884997,-0.5132210669587329,15.67528607418738,3908246.0,0.4449152542372881,245.7145935076128,7.107476635514018,8.10985741326528,-1.5739860795957779,1.6598597584941914,0.2675233644859813,0.7223973155141782,0.26051401869158874,0.8489377054391546,0.19965581055113982,0.8709112149532708,0.8704439252336446,0.9843870258383728,0.9481308411214953,-0.33945240833242035,0.790308166316766,0.2543808411214953,2.5998831775700935,0.300533889422657,2.39633862353094,0.5023364485981309,5.199766355140186,2.1093015895193403,0.48184578074504325,4.021446477296074,35.23728813559322,0.1493105429474289,4.322608445848894,105.0,0.47321172076989365,7.330508474576271,45.152542372881356,342.0,8.272510593220339,0.21230579096045196,0.04274756548099465,0.3232249223057082,0.009384994829128903,104.23376623376623,0.33842131894079946,0.6640664530274917,7.1103896103896105,16.396103896103895,127.81818181818181,2.7733134920634925,0.248015873015873,4.220804506028227,66.0909090909091,0.21458087367178277,0.326271186440678,7.002276943835385,0.4468461116329084,3.3546613586344045,0.1059497774638139,2.0,0.25,1.25,7.5,2379.0,18587.75,357.0251736111111,0.3559027777777778,1.0,0.125,0.14014276873445075,0.6726438406223879,0.0364374265786504,3.0,0.03389830508474576,1508.75,1.5474119884957036,0.058299966621034066,1.194103588205956,0.01703528775183372,0.27264943766053484,0.7045561068950633,20.77790612025884,21.587033144922902,235.5,14.63920064552068,60.76955262170042,0.25804480943397207,236.0,1.1170835368426593,0.8951881994666344,0.2804703241406632,27.949631027258814,0.7045561068950633,14.63920064552068,20.77790612025884,17.0,21.0,21.587033144922902,21.587033144922902,235.5,14.63920064552068,1.1170835368426593,0.8951881994666344,60.76955262170042,0.25804480943397207,236.0
"ytma10_010704_benign1_ccd.tif","2b21cccd-d054-4b11-a429-ead99c604a97","Detection","Unclassified",400.9101257324219,525.4486694335938,236.0,,,93.0,141.0,3125215.0,1.6639567550227259,23.5,2.7001830662104265,161.0,113.72457627118644,14.160945130709557,110.0,87.0,74.0,10.247577116164196,115.07578564006403,0.7250454370808809,17.582866450526893,3125215.0,0.3637963228957196,309.1571926170642,4.547479484173506,14.03075845202746,1.6810734200080195,2.185399026125295,0.24970691676436108,0.79491083951112,0.2473622508792497,0.8159141975823293,0.1885188336043122,0.8767096522078938,0.8765533411488864,0.9853527342941866,0.9506057053536539,-0.41616630589130515,0.8628084929752778,0.24531066822977726,2.015826494724502,0.23496685719940244,2.596091859176749,0.4114888628370457,4.031652989449003,2.338295756675661,0.608776485722414,4.282918794334013,36.6271186440678,0.15519965527147372,4.154194197069806,85.85593220338983,0.630996839988509,4.906779661016949,45.74576271186441,192.4322033898305,19.537311676082865,0.38759416195856883,0.04185962795350406,0.24316309382353068,0.015331317007953352,96.98671096345515,0.322214986589552,0.7460403306806769,5.940199335548173,16.358803986710964,68.37873754152824,6.687615356220007,0.32927279438907353,4.4128859294469125,57.91029900332226,0.19239301994459224,0.3188559322033898,6.5229743601064,0.41295167111668163,2.8895996432276894,0.10381827563410298,2.142857142857143,0.30612244897959184,1.1020408163265307,7.0,2817.4285714285716,11535.714285714286,977.7777777777777,0.3779761904761905,1.0,0.14285714285714285,0.19557608153542438,0.6238321189166556,0.14871145783061612,2.8073549220576046,0.029661016949152543,1680.7755102040815,3.2073574607884696,0.054585179892366095,1.361122140279758,0.025164224418955466,0.29293966944954114,0.5890306804128956,22.78513663249052,24.186773244895647,235.5,13.421144533936685,61.798989873223306,0.2624160928799291,236.0,1.136006950892578,0.8802763039559613,0.273491548651556,26.576027656003237,0.5890306804128956,13.421144533936685,22.78513663249052,21.0,14.0,24.186773244895647,24.186773244895647,235.5,13.421144533936685,1.136006950892578,0.8802763039559613,61.798989873223306,0.2624160928799291,236.0
"ytma10_010704_benign1_ccd.tif","062791ce-0b3e-4d77-b37d-d0eeccea29fa","Detection","Unclassified",391.55810546875,514.4230346679688,235.0,,,98.4,161.6,3988448.0,2.0551414178090743,34.0,2.71848048272211,195.0,127.9063829787234,19.978596650067875,126.0,72.0,123.0,14.098773199119252,130.27708604714863,0.25293241350275875,24.740176681590334,3988448.0,0.27739248528746036,612.0763422363061,13.304502369668246,33.589025395963525,2.0572071379117034,3.4672219289773367,0.5011848341232228,0.7474125693044421,0.46563981042654035,1.1000057701817352,0.2843644010691584,0.7731042654028437,0.7707345971563981,0.9865985653900345,0.9341147596479349,-0.290450795540207,0.8303096853008047,0.4345379146919432,3.544431279620853,0.1289293254868489,3.4411462648558366,0.26895734597156395,7.088862559241706,2.8886482587905262,0.9921016907751399,4.62980433567448,32.94042553191489,0.1401720235400634,3.794585785423269,65.18723404255319,1.0454685377999096,14.34468085106383,28.45531914893617,361.1446808510638,2.9042387706855792,0.10208037825059103,0.08036742667910347,1.4931367720847206,0.008013415869412295,119.70886075949367,0.25255033915504993,1.1947738076163006,15.567510548523206,6.3544303797468356,84.76793248945148,0.6293295827473044,0.10242674636661978,3.954392445560686,169.64556962025316,0.35790204561234845,0.5042553191489362,2.421656073634923,0.6115197969442467,10.288441254739869,0.06176538741630143,4.2631578947368425,0.22437673130193905,2.0941828254847645,18.94736842105263,602.1578947368421,6869.105263157895,60.310409356725145,0.13141812865497077,3.526315789473684,0.18559556786703602,0.2613060187709236,6.680574268270553,0.026168484269786112,3.7871439606981414,0.08085106382978724,449.1800554016621,1.070113411599566,0.049040395721709915,4.980663159259707,0.025012508143269618,0.566840875595843,0.45283499583905046,26.00766148028524,26.570660511172846,234.5,11.777179278208399,65.69848480983495,0.28016411432765437,235.0,1.210260887099701,0.826268130003296,0.2484476425787665,21.931685357626783,0.45283499583905046,11.777179278208399,26.00766148028524,25.0,14.0,26.570660511172846,26.570660511172846,234.5,11.777179278208399,1.210260887099701,0.826268130003296,65.69848480983495,0.28016411432765437,235.0
"ytma10_010704_benign1_ccd.tif","8026b855-fc3b-4303-b689-2f13467a6a2f","Detection","Unclassified",45.35163497924805,516.9511108398438,235.0,,,96.0,154.0,3512953.0,1.9320155794576077,32.0,2.724324647417182,182.0,120.31063829787234,18.019121774558613,115.0,88.0,94.0,13.787508218277454,122.26502431281305,0.747675914676102,21.773527104520735,3512953.0,0.2946310547759167,474.08648257129914,5.920187793427231,31.088344692982137,3.58667890111208,3.4910552910577706,0.30399061032863856,0.8397960824570874,0.30164319248826293,0.8929436993403252,0.21300199475412723,0.8495696400625978,0.8494131455399061,0.9883267331664611,0.949782025486251,-0.4338079230866491,0.9011327882854515,0.2995892018779343,2.2634976525821595,0.16650135555114723,3.0173877881825555,0.31572769953051644,4.526995305164319,2.705748309689607,0.9487614753466023,4.6175400625071665,35.58723404255319,0.15143503847894976,3.607532820280669,69.23829787234042,0.9460570393843368,6.285106382978723,40.48085106382979,223.82553191489362,15.6400390070922,0.34545744680851065,0.049155848785534695,0.4026649304717947,0.01316835591823631,95.01744186046511,0.27621349378042187,1.0348076663061114,7.241279069767442,11.511627906976743,63.11046511627907,4.360943152454779,0.2986030361757106,4.449858908476515,74.36046511627907,0.21616414277988102,0.3659574468085106,4.0447539210383985,0.437091907839609,3.7583802120528587,0.10154606749860483,2.5555555555555554,0.2839506172839506,1.506172839506173,9.222222222222221,1731.4444444444443,8701.444444444445,554.5747222222222,0.3107716049382716,1.4444444444444444,0.16049382716049382,0.27493315504324217,2.4501573216015395,0.05440333735296064,2.94770277922009,0.03829787234042553,1049.6543209876543,2.043191354410616,0.05892220716498815,2.653013147001913,0.02537963352463877,0.5426905998235387,0.6274971585878097,22.009029967610438,22.561028345356956,234.5,13.810603767949504,60.52691193458114,0.25811049865493024,235.0,1.1149930526310363,0.8968665747650278,0.280960414768228,28.047394097111443,0.6274971585878097,13.810603767949504,22.009029967610438,22.0,15.0,22.561028345356956,22.561028345356956,234.5,13.810603767949504,1.1149930526310363,0.8968665747650278,60.52691193458114,0.25811049865493024,235.0
"ytma10_010704_benign1_ccd.tif","16ff2605-6e86-43ef-bc55-24ff5f8dc1bd","Detection","Unclassified",702.619384765625,270.576904296875,234.0,,,116.0,153.0,4397139.0,1.4497142263874063,16.75,3.721831818944964,172.0,136.26068376068375,11.48962670757543,139.0,88.0,84.0,7.69074792243766,137.08096989623436,-0.6251135090022109,14.973922958371363,4397139.0,0.44177806998319824,224.21836876324096,8.678025851938894,7.691039814383727,-0.6459345298231158,1.5067170578333917,0.2467685076380729,0.7185394479460987,0.23971797884841367,0.8150836666645678,0.18930379825490443,0.8813160987074029,0.8808460634547589,0.9856086265293427,0.9522914218566393,-0.35456524003278705,0.7988190275844009,0.23354876615746178,2.8918918918918917,0.30812509234314783,2.35845580983135,0.518213866039953,5.783783783783783,2.091779205522987,0.4383713913678662,4.0081471114667835,39.256410256410255,0.16776243699320623,4.6913580246913575,103.37606837606837,0.44831616626488424,9.042735042735043,47.666666666666664,430.5042735042735,6.373812915479582,0.14909781576448242,0.04331808091232694,0.4315625746974953,0.006367256589575264,96.25874125874125,0.3365690253802142,0.6613648589173066,9.185314685314685,19.86013986013986,179.2237762237762,2.575563325563326,0.17064879564879568,4.303541429669888,62.72727272727273,0.2193261284170375,0.3055555555555556,9.149396058486966,0.4683424485880762,4.597169557784132,0.07952119101642949,2.5,0.3125,1.0,10.0,2530.5,22352.75,314.2517361111111,0.22135416666666669,1.25,0.15625,0.14994548493065615,1.4422907101655895,0.020189114715006437,3.0,0.03418803418803419,1674.9375,1.7511722636815916,0.04985999073115558,1.4432581918510563,0.017428435407925193,0.27623048736292505,0.7082947183309314,20.588317464200493,20.8806130178211,233.5,14.582596519213684,58.04163056034258,0.24857229362031086,234.0,1.071497667759689,0.9332731466329945,0.297921977314737,31.53605247739379,0.7082947183309314,14.582596519213684,20.588317464200493,20.0,14.0,20.8806130178211,20.8806130178211,233.5,14.582596519213684,1.071497667759689,0.9332731466329945,58.04163056034258,0.24857229362031086,234.0
"ytma10_010704_benign1_ccd.tif","96e8370b-ac56-435c-91c7-94a3409a007c","Detection","Unclassified",118.36616516113281,755.34228515625,234.0,,,64.0,111.0,1615539.0,1.56409044581966,22.75,3.7534068995433647,151.0,81.04700854700855,14.617430053327514,74.0,59.0,92.0,10.234819853867481,83.09038945938826,1.2032755945906328,18.31379878927209,1615539.0,0.3839944480970121,335.39522609394396,2.7743467933491686,9.173600091351135,2.096751767635628,1.7050231041350485,0.4085510688836106,0.6134026672930923,0.334916864608076,1.0420189520368581,0.2963817626847061,0.8445170229612032,0.8399049881235156,0.9849124727734045,0.9459125098970705,-0.2531477369586546,0.7146482480917354,0.2732911058326735,1.5653206650831353,0.27983085177808753,2.466332773827833,0.47268408551068886,3.130641330166271,2.027311248849533,0.5283935432546645,3.599633248069143,36.52136752136752,0.15607422017678427,5.861421579370298,89.85470085470085,0.6590875885747679,3.5085470085470085,42.376068376068375,80.81623931623932,34.02836419753086,0.6039221272554606,0.06553460593639165,0.5727070190611857,0.017499086806295805,110.79190751445087,0.32020782518627416,0.7568328377159277,5.696531791907514,14.606936416184972,29.566473988439306,11.848768464996787,0.35609425176621706,3.649020052401873,107.3121387283237,0.31015068996625345,0.3696581196581197,7.2888168665842485,0.5741478220770675,4.395806640710494,0.10791327602143698,4.6923076923076925,0.3609467455621302,0.8994082840236686,10.846153846153847,1545.6923076923076,3066.6923076923076,1187.128076923077,0.17348290598290597,2.076923076923077,0.15976331360946747,0.30848008114387154,5.218519356442887,0.02039873017561577,3.238901256602631,0.05555555555555555,1221.6923076923076,2.9685691964285725,0.049266158314904884,3.3508011155180943,0.020004998281420047,0.6167324013152947,0.5668574058182866,23.736777775914668,24.73863375370596,233.5,13.455368272540147,64.76955262170043,0.2773856643327641,234.0,1.1957008082989466,0.836329617793469,0.2527293047383892,22.694125457166166,0.5668574058182866,13.455368272540147,23.736777775914668,24.0,15.0,24.73863375370596,24.73863375370596,233.5,13.455368272540147,1.1957008082989466,0.836329617793469,64.76955262170043,0.2773856643327641,234.0
"ytma10_010704_benign1_ccd.tif","fad0da5d-76f5-42b2-ae5e-da97a4f64740","Detection","Unclassified",110.75770568847656,330.8638000488281,233.0,,,95.0,134.0,3182236.0,1.482921802705331,20.0,2.4163771129293035,153.0,115.931330472103,12.109782828934028,117.0,85.0,68.0,9.096952908587257,116.8660140333857,-0.040619296085570994,14.750994916260522,3182236.0,0.39387352870747294,217.59185101954378,4.5225118483412325,5.345616955977391,-0.18143587532737798,1.497993924215539,0.321090047393365,0.646976112807619,0.3092417061611375,0.9274091279490538,0.2254596145639137,0.8473538704581359,0.8465639810426541,0.9813214385280178,0.9385466034755134,-0.2685444095010847,0.7369767464788269,0.29887440758293843,2.0562796208530805,0.22809320320747514,2.5254011319995584,0.4028436018957346,4.112559241706161,2.177411118298903,0.45477099290222583,4.226880364387536,32.287553648068666,0.1385731916226123,4.577170329164287,91.7725321888412,0.47155040615962707,4.948497854077253,41.14592274678112,181.72103004291844,15.327521459227466,0.34445040534096333,0.058109605072357975,0.4135618789719035,0.013656076230630016,129.33139534883722,0.3759633585722012,0.5183545159545697,5.686046511627907,12.767441860465116,57.16279069767442,4.504925710594314,0.3036983204134367,3.9169530245531137,83.95348837209302,0.2440508382909681,0.36909871244635195,5.427122769064359,0.4858548846422364,3.2074146234890404,0.1136400736549784,7.0,0.5833333333333334,0.47222222222222227,8.5,1597.4166666666667,6897.583333333333,483.2575231481482,0.19270833333333337,2.8333333333333335,0.2361111111111111,0.2824978811717805,3.125408794004184,0.02738048466880651,2.617492461184755,0.05150214592274678,1220.4097222222222,3.3183790691417805,0.03966949385114738,1.877103957001768,0.023633336010136598,0.21341166167087733,0.629951002641054,21.74068590340857,22.847319317591726,232.5,13.695566882956456,60.28427124746186,0.2592871881611263,233.0,1.115289477220943,0.8966282031923953,0.2802476619040341,27.905270847181,0.629951002641054,13.695566882956456,21.74068590340857,15.0,21.0,22.847319317591726,22.847319317591726,232.5,13.695566882956456,1.115289477220943,0.8966282031923953,60.28427124746186,0.2592871881611263,233.0
"ytma10_010704_benign1_ccd.tif","45eaa58c-d342-4f92-9811-614b3c9b62ce","Detection","Unclassified",200.42169189453125,494.47686767578125,233.0,,,119.0,157.0,4471169.0,1.5003626391840905,22.0,3.617495214227942,199.0,137.6952789699571,12.33251671609351,137.0,113.0,86.0,9.400607638888877,138.526410924434,0.6826778310755246,15.151787782002675,4471169.0,0.40448341284606454,229.57667299084554,3.9162679425837323,5.653877755549607,0.33975388894955916,1.4246397174973104,0.32894736842105265,0.624829161822002,0.32177033492822965,0.9307599648012914,0.22541121998122754,0.8403110047846891,0.8398325358851676,0.9807768083309879,0.935885167464115,-0.24731323460549925,0.7128379674677683,0.31549043062200954,1.9084928229665075,0.24165684164739823,2.5142835719477348,0.4246411483253589,3.8169856459330145,2.1658766126550097,0.4383967714795906,4.123574800009695,32.76824034334764,0.1406362246495607,4.361878096852032,94.24463519313305,0.4803919762751203,4.412017167381975,39.08583690987125,141.39055793991417,17.256825226514067,0.39780042918454933,0.06576715521687931,0.4841058756597536,0.01604818191980337,126.50828729281768,0.3494704068862367,0.5979670950215197,5.4088397790055245,10.701657458563536,40.43646408839779,4.6106123388581945,0.34236878453038677,3.892188074207652,90.95580110497238,0.2512591190745093,0.388412017167382,4.073166264766033,0.49920688859725937,3.3897857497425985,0.12896235491518088,5.0,0.45454545454545453,0.6280991735537189,9.090909090909092,1919.909090909091,7400.545454545455,671.1294191919192,0.1957070707070707,3.0,0.2727272727272727,0.5037504365466495,5.3289411574573595,0.050475741359690504,2.7321588913645707,0.04721030042918455,1471.2396694214874,3.303072988904299,0.0428036242676342,1.8166196244951647,0.02365878938005152,0.23213990730611112,0.4559703182868606,26.009339912853143,25.495097567963924,232.5,11.859486998494793,65.69848480983495,0.28257412821434386,233.0,1.215455163702487,0.8227370534621999,0.24632868613886233,21.559179429320885,0.4559703182868606,11.859486998494793,26.009339912853143,14.0,25.0,25.495097567963924,25.495097567963924,232.5,11.859486998494793,1.215455163702487,0.8227370534621999,65.69848480983495,0.28257412821434386,233.0
"ytma10_010704_benign1_ccd.tif","36c4062f-4b49-4f76-aabd-8201d825cf60","Detection","Unclassified",521.6715087890625,663.5123901367188,233.0,,,148.2,175.8,6108684.0,1.0239568217255817,11.0,3.565835775082117,186.0,161.57081545064378,7.79093370664407,162.0,129.0,57.0,4.726953981008034,161.91827536444336,-0.33468292212798045,10.601862648125488,6108684.0,0.6115603529260071,112.39949160971838,4.140330188679245,2.9064915350081417,-0.10960093630144296,0.8346330989676042,0.14150943396226415,0.7100639933442363,0.14150943396226415,0.5881782735046226,0.12148451406194376,0.929245283018868,0.929245283018868,0.9858490566037736,0.9646226415094339,-0.4112121399388475,0.7595011609471217,0.14150943396226415,1.9917452830188678,0.4899013216447134,1.6613966429260671,0.6851415094339622,3.9834905660377355,1.519887208963803,0.24403563323246708,3.270665841104518,55.14592274678112,0.2366777800291035,2.993829320856895,142.49356223175965,0.23588572270625724,4.184549356223176,55.54077253218884,224.73390557939913,17.810920362422507,0.32784930853600386,0.027948453383896874,0.119443511787166,0.009125261395600116,97.30392156862744,0.4769800076893502,0.35666570549788545,4.495098039215686,31.852941176470587,129.14705882352942,9.522875816993464,0.3440904139433551,4.363689760345319,26.931372549019606,0.1320165321030373,0.21888412017167383,10.98058439061899,0.2015669109196497,1.010350662688672,0.06762308177701823,1.5,0.375,0.5,4.5,8211.75,33061.25,2187.152777777778,0.4027777777777778,1.0,0.25,0.25067506747272766,1.0036575868353763,0.06284035150451775,2.0,0.017167381974248927,4818.6875,2.5747906655016743,0.0691840928902139,0.3963122979584018,0.010851402100437727,0.16843876830977939,0.8851205007939464,18.37617511204186,18.973665961010276,232.5,16.265129317847745,57.698484809834966,0.2481655260638063,233.0,1.067451121634164,0.9368110443025223,0.2992963414284369,31.82768581851225,0.8851205007939464,16.265129317847745,18.37617511204186,17.0,18.0,18.973665961010276,18.973665961010276,232.5,16.265129317847745,1.067451121634164,0.9368110443025223,57.698484809834966,0.2481655260638063,233.0
"ytma10_010704_benign1_ccd.tif","e9934ef5-d7c5-4b05-84bb-5f0e136fea81","Detection","Unclassified",608.9524536132812,349.2627868652344,232.0,,,83.0,106.0,2078481.0,0.9491292949788532,12.0,3.0220905527583257,120.0,94.19396551724138,7.264082936979787,94.0,71.0,49.0,4.953072721553375,94.65183478193228,0.213891347990733,9.298746567304052,2078481.0,0.5875817479191439,86.46668772294889,4.930011862396204,1.1383444521443584,0.3455686748517328,0.5723359914669548,0.2206405693950178,0.44351301088854495,0.2206405693950178,0.7613354401616974,0.17195830853206018,0.8896797153024911,0.8896797153024911,0.9779359430604981,0.9448398576512456,-0.15900554777831255,0.49600379774886755,0.2206405693950178,2.2004744958481615,0.45834863624658595,1.6347757209948122,0.6512455516014235,4.400948991696323,1.4141351515997944,0.1982441402154932,3.3255901097945433,38.10344827586207,0.16423900118906065,4.680068370986921,136.31896551724137,0.2198090071343638,5.262931034482759,49.08620689655172,225.7198275862069,11.59925766283525,0.22641283524904215,0.05057145124173552,0.36995656939340227,0.008983106582751236,126.06273062730628,0.4651761277760379,0.330768916545254,6.479704797047971,20.929889298892988,94.64944649446494,4.992824928249282,0.208179581795818,3.631572711414088,52.45387453874539,0.19355673261529663,0.2920258620689655,9.203687313625903,0.4268249766827472,3.357251061854785,0.07870944599125378,8.5,0.7083333333333334,0.3541666666666667,7.916666666666667,2401.3333333333335,9980.916666666666,590.7893518518518,0.19675925925925927,1.8333333333333333,0.1527777777777778,0.3169403594350812,2.810781628069543,0.039845640127403124,2.8553885422075336,0.05172413793103448,2027.555555555555,4.3404716810966795,0.04049273642839853,0.8784258264379633,0.017349286118369993,0.10341464872721298,0.6902824495749271,20.70660266911854,20.8806130178211,231.5,14.293404412813869,58.28427124746187,0.25176791035620677,232.0,1.0806148738670929,0.9253990706433605,0.29352764012769694,30.612602490221807,0.6902824495749271,14.293404412813869,20.70660266911854,20.0,15.0,20.8806130178211,20.8806130178211,231.5,14.293404412813869,1.0806148738670929,0.9253990706433605,58.28427124746187,0.25176791035620677,232.0
"ytma10_010704_benign1_ccd.tif","4c1b7449-59fc-451a-aaf5-9b6226b020f0","Detection","Unclassified",313.8284606933594,67.30061340332031,231.0,,,97.0,141.0,3327697.0,1.505559173924765,23.0,2.2914375919917807,152.0,118.91341991341992,13.465077491051495,119.0,83.0,69.0,10.241874527588822,120.02339238088015,-0.12133475291717716,16.285370217142347,3327697.0,0.3897040910027923,265.21328310938696,5.370238095238097,6.328284428646387,-0.39936115497786207,1.6354747732426305,0.2654761904761905,0.7206911745299933,0.2607142857142857,0.8437389621950666,0.19750425170068028,0.870436507936508,0.8701190476190475,0.984467787114846,0.948015873015873,-0.3444057072949251,0.8016674159773839,0.256547619047619,2.2422619047619046,0.24111465419501132,2.473489380099402,0.38333333333333336,4.48452380952381,2.1925100054899898,0.47523774092970517,4.259423814257424,33.5974025974026,0.14544330128745714,4.576413485504394,90.02164502164503,0.4845486403927963,5.571428571428571,45.45887445887446,248.78354978354977,13.034541847041849,0.29770923520923526,0.055836040324419,0.382505685294801,0.016338575374344775,106.30897009966777,0.353185947174976,0.5922671935188354,5.847176079734219,15.800664451827242,88.0265780730897,4.224206349206349,0.3081164636397195,4.2574193499638335,62.348837209302324,0.2071389940508383,0.32575757575757575,6.3771923047206975,0.44117279172239443,2.9373643700199024,0.12007872719503866,3.5,0.2916666666666667,1.0833333333333333,7.333333333333333,1518.4166666666667,7979.583333333333,365.2228009259259,0.3483796296296296,2.1666666666666665,0.18055555555555555,0.39091660017269564,3.121396658515477,0.12875979787808953,3.584962500721156,0.05194805194805195,1147.8541666666667,2.5338849856882644,0.04981658950965935,1.4616058791702942,0.019609769704060327,0.25591998255792636,0.9231786786276214,17.909852786964933,18.973665961010276,230.5,16.533994230285508,57.698484809834966,0.25031880611642066,231.0,1.0720721437638703,0.932773046867129,0.2967217492441063,31.282467882233977,0.9231786786276214,16.533994230285508,17.909852786964933,18.0,17.0,18.973665961010276,18.973665961010276,230.5,16.533994230285508,1.0720721437638703,0.932773046867129,57.698484809834966,0.25031880611642066,231.0
"ytma10_010704_benign1_ccd.tif","4b084e95-1320-4123-910b-2db0068be1d8","Detection","Unclassified",682.4306030273438,239.7516326904297,231.0,,,96.0,132.0,3101234.0,1.4871263404088706,18.5,4.170041888353093,179.0,114.88311688311688,11.520436273683044,116.0,85.0,94.0,7.90114464099897,115.86740443824317,0.5567715338768884,15.070662443154774,3101234.0,0.43070782031820987,227.12486647551583,4.3208685162846825,8.167259312967742,0.7553153679446735,1.3913343354078118,0.3208685162846802,0.6251980120608893,0.31121833534378757,0.9247680924381256,0.22401166403052197,0.845999195818255,0.8453558504221955,0.9877356951105961,0.9483600436555805,-0.25181278561846515,0.7123133011316609,0.30277442702050644,2.0132689987937273,0.2811211787422463,2.457744426442879,0.4897466827503016,4.026537997587455,2.1165740174058874,0.4280507129231231,3.970604060040882,31.251082251082252,0.13528607035100543,4.687843181349674,99.49350649350649,0.4809130263675719,4.852813852813853,40.42857142857143,158.1861471861472,14.84366762866763,0.3430062530062531,0.0552380066183921,0.4565213842070418,0.013461319101554363,119.44699140401146,0.3422549896963079,0.6784016551588248,6.091690544412607,12.349570200573066,51.891117478510026,4.071614135625597,0.3066706462909901,3.8714816209993153,90.44412607449857,0.25915222370916496,0.3777056277056277,5.339972578221854,0.5108319604197886,3.9801743873652415,0.1134869131301691,3.2,0.32,1.3599999999999999,9.2,2079.7,8580.1,565.2706666666667,0.2908055555555556,1.2,0.12,0.24339664244698528,3.829656239699827,0.020145124280965647,3.321928094887362,0.04329004329004329,1546.0900000000001,1.951597767636029,0.04396900235185671,3.28191690548583,0.013975078755817499,0.4926989941266281,0.4195477532721066,26.592043281331776,26.627053911388696,230.5,11.156632013597363,65.5979797464466,0.28458993382406333,231.0,1.2188494551483369,0.8204458686641474,0.24477118860446315,21.28741072907323,0.4195477532721066,11.156632013597363,26.592043281331776,18.0,23.0,26.627053911388696,26.627053911388696,230.5,11.156632013597363,1.2188494551483369,0.8204458686641474,65.5979797464466,0.28458993382406333,231.0
"ytma10_010704_benign1_ccd.tif","15f93983-22ae-4b69-9dfd-7bf9d8f479c9","Detection","Unclassified",616.8380126953125,374.0972595214844,231.0,,,86.0,117.0,2453914.0,1.254083183288181,14.0,3.2517075119012313,134.0,102.32900432900433,9.482168625025787,104.0,70.0,64.0,6.306385655866628,103.06795975958934,-0.2059046639027113,12.319870211935765,2453914.0,0.4808568055321303,151.7792020389422,7.069129916567341,2.997370642490791,-0.4157087028465541,1.0837579785231581,0.22288438617401668,0.6588440843555963,0.22288438617401668,0.7653994431601443,0.1732069365738485,0.8885578069129916,0.8885578069129916,0.9868891537544695,0.9554231227651966,-0.31125799570653784,0.7314605735089538,0.22288438617401668,2.617997616209774,0.32664531957421356,2.0774173015612276,0.4862932061978546,5.235995232419548,1.854532915387211,0.32666059117429375,3.8283005540203,38.66233766233766,0.16736942710968686,4.133730627237121,111.07792207792208,0.3362005959408556,7.424242424242424,48.29004329004329,348.82683982683983,7.941348003848003,0.17210798460798463,0.049753749022456495,0.4279563880626806,0.008387505932975511,110.41911764705883,0.4059526384083045,0.4928498053633219,7.834558823529412,18.24264705882353,134.11029411764707,2.9749285130718954,0.1854575163398693,4.237864404243453,47.23529411764706,0.17365916955017302,0.2943722943722944,6.7026384083045,0.38704761648640296,3.4401397195359054,0.07715800425918753,2.5555555555555554,0.2839506172839506,0.8888888888888888,8.0,2674.777777777778,21208.777777777777,378.99768518518516,0.24537037037037038,2.3333333333333335,0.25925925925925924,0.45623877315066047,4.269429136682419,0.06724415271137502,2.94770277922009,0.03896103896103896,2015.9999999999995,1.7621820440152542,0.048158515077705376,1.373067423692909,0.012439167924960002,0.25156383221198897,0.6458372875842822,21.356107379160925,21.633307652783937,230.5,13.792570463115965,58.284271247461874,0.25286017894777385,231.0,1.082956403966617,0.9233982054468979,0.29225970215738284,30.348701975679443,0.6458372875842822,13.792570463115965,21.356107379160925,19.0,16.0,21.633307652783937,21.633307652783937,230.5,13.792570463115965,1.082956403966617,0.9233982054468979,58.284271247461874,0.25286017894777385,231.0
"ytma10_010704_benign1_ccd.tif","65ea4c1c-27e3-449f-8de4-d54a9e426b4c","Detection","Unclassified",133.03721618652344,584.1744995117188,230.0,,,101.9,141.0,3200771.0,1.41747340930646,20.75,2.738612745864937,155.0,116.9608695652174,12.490472589792027,113.0,84.0,71.0,8.981616371834903,117.96777378663171,0.6228693194047263,15.380202948014611,3200771.0,0.45833648393194704,236.55064272211732,5.0457831325301195,6.761527846718389,1.01202720593508,1.325562490927566,0.26987951807228916,0.6616868346829224,0.26746987951807233,0.8471712931253936,0.19833938162287706,0.8666666666666666,0.8665060240963854,0.9841672572643515,0.9465863453815262,-0.2875249366153173,0.7341926608322752,0.26536144578313253,2.186746987951807,0.3291892872695601,2.3062553174331155,0.5433734939759036,4.373493975903615,2.030089682388504,0.3988605022499638,3.9200451393280695,35.417391304347824,0.15398865784499055,5.173459357277885,105.41739130434783,0.4334404536862005,5.369565217391305,44.80869565217391,215.3608695652174,11.664613526570049,0.28079710144927533,0.049713685957474774,0.33234100419555906,0.013966066632190542,102.26045016077171,0.32881173685135595,0.6832642342407546,6.192926045016077,17.215434083601288,80.54019292604502,4.4605662736691665,0.30778849589138985,4.111218608215507,81.2508038585209,0.261256604046691,0.33804347826086956,8.46449064835971,0.5199908599396023,3.55525514834967,0.1648942468083004,3.6,0.36,1.04,6.8,2212.2,9574.9,546.7472222222223,0.38680555555555557,1.4,0.14,0.12973241359317783,1.0705043121283757,0.02633948797203901,3.321928094887362,0.043478260869565216,1683.2,2.5495403048437417,0.04844916286015571,1.507078859900885,0.01890394151850229,0.23405351342565558,0.7009518498506957,20.847925490139854,20.8806130178211,229.5,14.613391937863003,61.698484809834966,0.26883871376834406,230.0,1.1488893981382857,0.8704058037444221,0.2671751152320599,25.362628295429076,0.7009518498506957,14.613391937863003,20.847925490139854,16.0,20.0,20.8806130178211,20.8806130178211,229.5,14.613391937863003,1.1488893981382857,0.8704058037444221,61.698484809834966,0.26883871376834406,230.0
"ytma10_010704_benign1_ccd.tif","6f070ac4-91c3-4528-b7ea-92a1f617d676","Detection","Unclassified",677.988525390625,114.63949584960938,229.0,,,91.0,134.40000000000003,3101195.0,1.6442865785660916,24.0,2.9373415347197454,166.0,115.02620087336244,14.068610438397451,117.0,78.0,88.0,9.963476990504022,116.37154396389816,0.2371506436425577,17.64396092668415,3101195.0,0.3608817528269864,311.3093571823571,4.335336538461539,6.828699182186437,0.2972654048344959,1.6182261811205623,0.498798076923077,0.5287743397101922,0.4338942307692307,1.1344228404283963,0.31053387342825445,0.7938701923076923,0.7895432692307693,0.9718042986425339,0.9153846153846156,-0.17003992911464844,0.6423316326936646,0.3771033653846154,2.0138221153846154,0.18361541928624256,2.862849697430524,0.3449519230769231,4.027644230769231,2.3065087264600277,0.5292560645109097,4.294290171117065,31.480349344978166,0.13746877443221905,4.201102191033734,82.64192139737992,0.5933906676074063,4.986899563318778,32.81659388646288,131.04803493449782,13.684194565744784,0.37324114507520617,0.07843456685601623,0.6530260405148636,0.01760042072789006,134.85645933014354,0.3226231084453195,0.7032863258625033,5.944976076555024,7.91866028708134,34.20095693779904,3.053628389154705,0.32695374800637955,3.7004778464342136,135.02392344497608,0.32302374029898584,0.45633187772925765,3.116480849797395,0.5815021947321963,4.145695404176972,0.1460670414052044,4.5,0.375,0.7430555555555555,10.25,1417.75,5599.0,495.6666666666667,0.18055555555555555,3.5,0.2916666666666667,0.5088887229174018,6.3530336669371446,0.044258881416363284,2.792481250360578,0.05240174672489083,1053.576388888889,4.12347094034243,0.03899981570579915,2.06943998831956,0.03722316170859466,0.18624333518299602,0.7130964930220052,20.24462008410035,20.615528128088304,228.5,14.436367584534812,57.69848480983496,0.25250978034938715,229.0,1.0767537037792703,0.9287174926727677,0.2941471570597757,30.741960252100675,0.7130964930220052,14.436367584534812,20.24462008410035,19.0,16.0,20.615528128088304,20.615528128088304,228.5,14.436367584534812,1.0767537037792703,0.9287174926727677,57.69848480983496,0.25250978034938715,229.0
"ytma10_010704_benign1_ccd.tif","449521e6-deb1-490a-80e0-f31d4fee3fc8","Detection","Unclassified",99.67985534667969,215.72454833984375,228.0,,,92.7,121.0,2594342.0,1.033690549924039,15.0,2.4659842469436257,127.0,106.12280701754386,8.876115727916279,107.0,78.0,49.0,6.729732048385707,106.67095660232987,-0.2077969374551815,10.800130238718593,2594342.0,0.557517697753155,116.64281317328371,3.168878166465621,1.7410050147957152,-0.26032663755705976,0.8043321047492803,0.2147165259348613,0.5785941524876774,0.21230398069963813,0.7542992297907748,0.169643545713949,0.8942501005227181,0.8940892641737032,0.9786396956481395,0.9470446320868517,-0.2544114369460525,0.6443908070312485,0.21019300361881788,1.7382388419782873,0.38473912353890416,1.840720455634991,0.571773220747889,3.4764776839565745,1.6171583819909348,0.2547621576710353,3.609500694374788,38.08771929824562,0.1670514004309018,3.8605724838411812,127.1140350877193,0.24669128962757778,3.324561403508772,49.24561403508772,163.8421052631579,21.264132553606238,0.45297270955165697,0.039123488698598344,0.14802362221691798,0.01826081182757378,124.5813953488372,0.48287362538309,0.3221561204254552,3.364341085271318,20.813953488372093,73.48837209302326,7.877906976744186,0.4821274763135228,4.016582894151232,42.07751937984496,0.16309116038699598,0.28289473684210525,8.318550567874526,0.35554135998294634,1.3768822788637403,0.14315282372623706,3.0,0.42857142857142855,0.7755102040816327,3.7142857142857144,3766.5714285714284,14507.714285714286,1087.1587301587301,0.638888888888889,1.2857142857142858,0.1836734693877551,0.2908694307740013,1.4654897729556318,0.16035367503459022,2.8073549220576046,0.03070175438596491,2705.6734693877547,4.450124092009684,0.043419090117056074,0.7303475162608289,0.017636263253218112,0.11947045527930258,0.7868597179919208,19.31886420151066,20.12461179749811,227.5,15.201236037524891,57.11269837220806,0.25104482800970573,228.0,1.0681618110783453,0.9361877476133192,0.2973770475713083,31.42079265909727,0.7868597179919208,15.201236037524891,19.31886420151066,17.0,18.0,20.12461179749811,20.12461179749811,227.5,15.201236037524891,1.0681618110783453,0.9361877476133192,57.11269837220806,0.25104482800970573,228.0
"ytma10_010704_benign1_ccd.tif","15df1c93-8c6d-4352-8a23-04a14536a3e2","Detection","Unclassified",352.74212646484375,570.2289428710938,228.0,,,81.7,130.3,2465231.0,1.7090575066881364,26.0,3.0371584821268036,157.0,102.07456140350877,15.767274546014116,99.0,53.0,104.0,10.88407197198406,103.982771008791,0.4051604065707089,19.829285941454987,2465231.0,0.35206986765158504,393.20058094798446,6.822600243013366,10.611176872192367,1.1177113393442566,1.978512657807358,0.2624544349939247,0.7657668103766325,0.25273390036452004,0.8424026740442566,0.1985800106004615,0.8752531389226409,0.8746051032806804,0.9899829503885313,0.9581091245732802,-0.39965752922474723,0.8484101561232686,0.24422843256379104,2.5285540704738763,0.2579071618076295,2.5472273259719724,0.42284325637910086,5.057108140947752,2.2635175566452155,0.5602417732003206,3.9768241790338745,43.833333333333336,0.1922514619883041,5.6222683902739305,80.2719298245614,0.6608764235149278,7.425438596491228,46.96491228070175,284.80263157894734,10.166499756335282,0.21011574074074074,0.0546117767688622,0.689897570342302,0.00797483576651186,83.60750853242321,0.28534985847243416,0.9303311628557118,9.706484641638225,18.102389078498295,110.9283276450512,3.8524857792946534,0.19404342055365953,4.170999727396992,77.8259385665529,0.2656175377698051,0.32127192982456143,8.413936097100724,0.527831464777103,6.348133922904022,0.08083633495597106,2.0,0.25,1.75,14.0,2266.0,14207.375,448.1879513888889,0.2035763888888889,1.75,0.21875,0.4074735848294126,8.753806087320054,0.02081370715176363,2.75,0.03508771929824561,1453.75,1.3461391063274624,0.06444949891120325,2.2335904159265327,0.01565854759098809,0.5220475491253586,0.5330145813769801,23.43424958516271,23.706539182259394,227.5,12.490796732519172,61.11269837220806,0.2686272455921233,228.0,1.142972621390059,0.8749115956809369,0.2686638751633926,25.646068354410712,0.5330145813769801,12.490796732519172,23.43424958516271,16.0,21.0,23.706539182259394,23.706539182259394,227.5,12.490796732519172,1.142972621390059,0.8749115956809369,61.11269837220806,0.2686272455921233,228.0
"ytma10_010704_benign1_ccd.tif","8b4979d5-2ec1-428a-9975-b5b56ed22b0a","Detection","Unclassified",402.27520751953125,249.5176544189453,227.0,,,95.6,138.0,3257456.0,1.6463925865987383,21.0,3.0354803823787444,165.0,118.62555066079295,13.224048593995619,120.0,73.0,92.0,9.215443877093973,119.79159583091821,-0.22401259061289036,16.673486802157086,3257456.0,0.36276659744997963,278.00516214170653,10.637469586374696,8.747469922163155,-0.7385823727819532,1.8147299625268618,0.43065693430656937,0.6164073684460301,0.3868613138686131,1.0662317350054042,0.28099525813841975,0.8138686131386862,0.8109489051094891,0.9837847780208717,0.9365658672228017,-0.21787707116835964,0.7107390561622849,0.34854014598540145,3.208029197080292,0.18693057701529114,2.8771374411046207,0.3150851581508516,6.416058394160584,2.378876127023442,0.5613467242083576,4.405780575638746,30.480176211453745,0.13427390401521475,4.513303188495799,82.34801762114537,0.5841759009489803,11.268722466960352,35.863436123348016,400.431718061674,3.887732501223691,0.11843979441997061,0.07877384601254435,1.1389385607400082,0.009078058472997166,123.64766839378238,0.3203307471341513,0.7551880587398317,11.580310880829016,9.077720207253886,102.9119170984456,0.9775705238917675,0.127585636154289,3.981858278406923,110.66839378238342,0.28670568337405034,0.4251101321585903,3.544256221643534,0.5394956750843001,6.6916044491270465,0.07133155949522828,4.666666666666667,0.25925925925925924,1.3580246913580247,14.0,773.6111111111111,8392.333333333334,79.05174382716046,0.14893518518518517,3.3333333333333335,0.18518518518518517,0.3957058325088766,7.364019081404943,0.03755817876249677,3.6416041678685938,0.07929515418502203,614.5709876543209,1.508452443477391,0.03951821271898691,3.4844238650087362,0.020276430579194104,0.3371457812713828,0.6118305412179877,21.73762788435226,21.587033144922902,226.5,13.299744633278467,58.62741699796949,0.25884069314776814,227.0,1.0989089875112936,0.9099934674887923,0.28467028048159937,28.792972647449197,0.6118305412179877,13.299744633278467,21.73762788435226,13.0,21.0,21.587033144922902,21.587033144922902,226.5,13.299744633278467,1.0989089875112936,0.9099934674887923,58.62741699796949,0.25884069314776814,227.0
"ytma10_010704_benign1_ccd.tif","cad9b173-b19f-4e04-a8f3-9425cbdcf927","Detection","Unclassified",790.5535278320312,627.7426147460938,227.0,,,90.0,140.4,2991572.0,1.791530208200463,24.5,3.4133199652041752,177.0,113.03083700440529,15.629490189990122,111.0,71.0,106.0,10.80064280496713,114.79865538207771,0.67484453738301,20.06891037442253,2991572.0,0.34766830328552856,402.76116361660416,8.775485436893204,15.155154362016814,1.6521753996823971,2.0222555730983123,0.5012135922330097,0.6027582986795068,0.41140776699029125,1.1458770580039845,0.3319572414930719,0.8086569579288029,0.8032766990291262,0.9868636840724221,0.9428022422561255,-0.22408799030656704,0.7220909066872054,0.33855852211434734,2.8974514563106797,0.20986897916863048,2.9200776737900727,0.38349514563106796,5.79490291262136,2.4088008694957765,0.6308672913328306,4.200084438012706,29.405286343612335,0.1295387063595257,6.190494672902637,78.92070484581498,0.7704399464379281,9.90308370044053,37.34361233480176,288.68722466960355,5.770307146353402,0.14292339696524717,0.09851441110789232,1.7212920834429382,0.009818513326543066,102.80927835051547,0.2649723668827718,1.084566638325008,12.466494845360824,10.128865979381443,84.84020618556701,1.495475372279496,0.12882946735395187,3.923951314165576,137.73711340206185,0.3549925603145924,0.42731277533039647,4.652300988415346,0.6170468258876038,9.306094160154904,0.06867809974968773,6.0,0.3,1.3875,19.45,837.95,6791.9,117.30454166666668,0.10983333333333334,5.0,0.25,0.4980251919522377,11.771333994435217,0.03439933428961151,3.4841837197791885,0.0881057268722467,709.1275,1.102681619668351,0.04791940854160694,5.020592542300507,0.01810164841227916,0.5873260617909569,0.7473810988782191,19.738373446486875,20.223748416156685,226.5,14.752087236504023,57.698484809834966,0.2547394472840396,227.0,1.081497135128902,0.9246441507039327,0.29157256487544503,30.206162928112292,0.7473810988782191,14.752087236504023,19.738373446486875,20.0,15.0,20.223748416156685,20.223748416156685,226.5,14.752087236504023,1.081497135128902,0.9246441507039327,57.698484809834966,0.2547394472840396,227.0
"ytma10_010704_benign1_ccd.tif","ad49f1c9-6082-46b6-8b89-c71fae20db01","Detection","Unclassified",676.4423217773438,190.3019256591797,226.0,,,93.0,136.5,2947320.0,1.5043340628373252,19.0,3.9313155227585956,169.0,112.90265486725664,13.01534967499416,110.0,81.0,88.0,8.416410680529289,114.19824402350982,0.9040620053823067,17.15311814155748,2947320.0,0.4381705693476388,294.22946197822836,4.487148102815178,13.71015214856794,1.8870964097853862,1.8689087011171719,0.21542227662178703,0.793293599795295,0.21542227662178703,0.7517201809207419,0.1690155193568733,0.8922888616891064,0.8922888616891064,0.987328101375189,0.9569155446756427,-0.42642176055129677,0.849219740475478,0.21542227662178703,2.018359853121175,0.307840279015834,2.3564975784830846,0.5165238678090576,4.0367197062423505,2.1410753018612976,0.5210827444347397,4.059410350794168,40.123893805309734,0.17753935312083954,4.007831466833737,99.02654867256638,0.5281541232672881,4.743362831858407,48.530973451327434,207.1504424778761,18.378472222222225,0.36329277286135697,0.04527796033195318,0.2929811396453042,0.011956132682619832,93.26615969581749,0.35462418135291823,0.6618861050470588,5.55893536121673,18.73764258555133,78.5551330798479,6.7435044359949305,0.3338350232361639,4.421510512450223,43.243346007604565,0.16442336885020747,0.290929203539823,6.922870071852996,0.3542630971830709,2.2606598121621535,0.0976002243576542,3.5,0.4375,0.6875,8.25,2760.25,11023.5,846.8376736111111,0.23350694444444445,1.75,0.21875,0.4075165703815082,3.6743073572874696,0.0452903919455295,2.4056390622295662,0.035398230088495575,1962.1875,2.6303164160401002,0.05652711955855011,1.262727714488968,0.018868211454730142,0.3266324445499931,0.943346614816279,17.669342556213927,19.4164878389476,225.5,16.668314486433626,59.455844122715675,0.2636622799233511,226.0,1.1169052806511655,0.8953310699874132,0.2775107338019565,27.36288075055935,0.943346614816279,16.668314486433626,17.669342556213927,17.0,18.0,19.4164878389476,19.4164878389476,225.5,16.668314486433626,1.1169052806511655,0.8953310699874132,59.455844122715675,0.2636622799233511,226.0
"ytma10_010704_benign1_ccd.tif","af72b578-e241-4371-b00d-4dac494a7c35","Detection","Unclassified",535.030517578125,442.80950927734375,226.0,,,101.0,144.0,3384211.0,1.5251514421354533,26.0,2.506923595956606,175.0,121.2433628318584,13.725076356801578,120.0,91.0,84.0,10.470226843100185,122.36986947673113,0.3542992207297771,16.56598699065491,3384211.0,0.408998355391965,274.43192497454777,5.485889570552148,6.193825231914789,0.38238088348269267,1.4435530129097822,0.3226993865030676,0.6345942554865416,0.3006134969325153,0.930681364201967,0.23233091196507205,0.8530674846625766,0.8519018404907974,0.9878055878093209,0.9504016944200994,-0.2673402612034027,0.7338207678150864,0.2841854124062713,2.2815950920245394,0.2627264857540743,2.5057819468659672,0.4441717791411043,4.56319018404908,2.161466108072456,0.4415630998532123,4.118168361456172,30.5929203539823,0.13536690422116063,4.880570130785495,92.43362831858407,0.4954381705693476,6.057522123893805,42.27433628318584,224.44690265486724,10.650834562438545,0.2534033923303835,0.07175557333716837,0.762660378720482,0.012737267008846585,107.86503067484662,0.3308743272234559,0.7258082727991269,7.2392638036809815,13.411042944785276,71.93251533742331,3.274817655078391,0.24844580777096117,4.1116660003900725,80.12269938650307,0.2457751514923407,0.3606194690265487,5.721479920207761,0.49715746483543866,4.458661101758058,0.10734277580090848,4.0,0.2857142857142857,1.2653061224489794,11.142857142857142,1391.5714285714287,7248.357142857143,313.87835317460315,0.22557539682539685,4.285714285714286,0.30612244897959184,0.5417275524537162,7.893291027639002,0.05720652809450462,3.09306920777189,0.061946902654867256,1130.979591836735,1.8079237817576008,0.04555585631763547,2.9945959906878064,0.014399389518101428,0.44258213006884767,0.5266449543678429,23.481779452553862,23.430749027719962,225.5,12.36656066826598,61.355339059327335,0.27208576079524316,226.0,1.1525881635800979,0.8676125884321613,0.2647238493171174,24.899371479979468,0.5266449543678429,12.36656066826598,23.481779452553862,18.0,20.0,23.430749027719962,23.430749027719962,225.5,12.36656066826598,1.1525881635800979,0.8676125884321613,61.355339059327335,0.27208576079524316,226.0
"ytma10_010704_benign1_ccd.tif","041e56de-4ae9-4856-bb4c-d7b5c3e42889","Detection","Unclassified",871.0618896484375,533.0656127929688,226.0,,,111.0,153.5,3976818.0,1.5440141237756628,21.0,2.4645161288184356,169.0,131.69911504424778,13.113243010415852,130.5,96.0,73.0,9.578034858520803,132.6519499404696,0.0695577234288558,15.870819751066282,3976818.0,0.3807267601221709,251.88291957083558,7.538555691554467,6.1365050007253155,0.13767662141991854,1.5803406498084613,0.29865361077111385,0.6821133336735214,0.2839657282741738,0.8997071087764377,0.21801707593683187,0.8604651162790696,0.859485924112607,0.9826913384692922,0.9436964504283967,-0.30639131518117624,0.7740250853926051,0.2711138310893513,2.6866585067319457,0.2403050836792816,2.526335095419469,0.3684210526315789,5.373317013463892,2.1975299304015405,0.46974856514489377,4.104462415220856,32.56637168141593,0.14409898974077845,4.575377868274728,86.04424778761062,0.5092802881979794,8.132743362831858,43.389380530973455,312.6814159292035,7.511645771878073,0.16829523107177974,0.04420901087409725,0.44988562214462974,0.006438380947766776,105.17252396166134,0.3360144535516337,0.6507364574508265,9.460063897763579,14.012779552715655,102.5814696485623,2.4212815051473195,0.16016595669151582,4.075590019119845,72.98722044728434,0.23318600781879983,0.34623893805309736,5.671202114954729,0.4833498381874746,5.455614624753665,0.06706416461608801,2.142857142857143,0.30612244897959184,1.1428571428571428,10.142857142857142,2560.285714285714,18979.428571428572,407.469246031746,0.23710317460317462,1.2857142857142858,0.1836734693877551,0.02359967442342157,0.18080253844687896,0.010284453091224641,2.8073549220576046,0.030973451327433628,1517.918367346939,2.3687624501992026,0.047514178041511854,1.7221342626992078,0.023665723454432297,0.23201122203477967,0.5958000183499753,22.17014034303697,22.135943621178654,225.5,13.208970023202953,59.69848480983496,0.2647382918396229,226.0,1.121463397161714,0.8916920539099867,0.27582056707103275,27.03059093314307,0.5958000183499753,13.208970023202953,22.17014034303697,15.0,21.0,22.135943621178654,22.135943621178654,225.5,13.208970023202953,1.121463397161714,0.8916920539099867,59.69848480983496,0.2647382918396229,226.0
"ytma10_010704_benign1_ccd.tif","8355c651-d1d4-4e7b-8c2e-ce14d068bc59","Detection","Unclassified",448.24554443359375,98.2154769897461,225.0,,,113.0,161.6,4233518.0,1.6719560228462176,32.0,2.0374590102025887,182.0,135.9111111111111,16.012641975308647,134.0,104.0,78.0,12.90819747947737,137.17009716244849,0.27185947845965003,18.541991050013085,4233518.0,0.32792098765432104,343.8054320987654,4.1138613861386135,10.295095156584997,1.1311419816575454,2.3233981349867663,0.275990099009901,0.7876499590170456,0.27351485148514854,0.8561252144146174,0.20117972502695816,0.863655115511551,0.8634900990099008,0.9838089691322074,0.9453795379537955,-0.3914646336210275,0.8492127695143462,0.2713490099009901,1.8978960396039604,0.1981990123517302,2.6238660361716133,0.29455445544554454,3.7957920792079203,2.340347547970179,0.6498470584991668,4.253318391918412,34.82222222222222,0.15476543209876542,3.7130666666666667,73.78222222222222,0.6783999999999998,4.52,42.48444444444444,165.8,23.218827160493827,0.4662962962962963,0.047746012849584275,0.3203377844965146,0.01505493937972994,103.03205128205128,0.3302309335963182,0.6708477153188692,5.323717948717949,12.955128205128204,48.09615384615385,7.484063390313389,0.36934650997151003,4.185768514441491,62.46153846153846,0.20019723865877712,0.3466666666666667,4.634122287968441,0.3981736720935351,2.4706096391797994,0.11436685026401985,2.7777777777777777,0.30864197530864196,0.9135802469135802,7.444444444444445,1628.7777777777778,6486.555555555556,847.3348765432098,0.26080246913580246,1.8888888888888888,0.20987654320987653,0.26241777206932315,3.0868115010188353,0.0270338180753902,2.94770277922009,0.04,1003.7777777777778,3.672317855100873,0.052546489046559265,1.6213992699773032,0.02965457494404645,0.30095622352229173,0.4877526636671457,24.402736719305075,24.73863375370596,224.5,11.902499835609115,63.35533905932733,0.28220641006381886,225.0,1.1928068233482154,0.8383587186339146,0.2511693141983829,22.41482774453991,0.4877526636671457,11.902499835609115,24.402736719305075,24.0,15.0,24.73863375370596,24.73863375370596,224.5,11.902499835609115,1.1928068233482154,0.8383587186339146,63.35533905932733,0.28220641006381886,225.0
"ytma10_010704_benign1_ccd.tif","e720b669-334e-4a97-908e-da152167cd5b","Detection","Unclassified",127.1544189453125,160.9491424560547,225.0,,,103.0,132.0,3130950.0,1.1824958213517052,16.0,3.276049576411196,151.0,117.33333333333333,9.546666666666663,117.0,83.0,68.0,6.552360476574386,117.96327112001148,-0.07236833213305395,12.174654911833114,3130950.0,0.5194469135802469,148.22222222222217,4.898034398034398,2.8658135663550515,0.07569387228787522,0.9081265205343829,0.23955773955773954,0.582537204895516,0.2371007371007371,0.7991941670966367,0.18334098002402668,0.8818591318591319,0.8816953316953317,0.9859517271281979,0.9526617526617526,-0.2568635817140964,0.6679123578250642,0.23495085995085993,2.175061425061425,0.3712141334991457,2.004597940911989,0.5749385749385749,4.350122850122849,1.7560542062625069,0.28692106502303066,3.78799389270836,36.004444444444445,0.16001975308641975,4.569165432098766,116.87555555555555,0.3011555555555555,5.2,47.19555555555556,219.46666666666667,12.62422839506173,0.25879629629629625,0.05637935668094398,0.43685943352649703,0.010211790741673898,117.71223021582733,0.42342528854614153,0.4117799285751255,6.151079136690647,18.41726618705036,84.26618705035972,4.72931654676259,0.24030775379696248,3.947966755198409,55.1294964028777,0.19830754101754566,0.3088888888888889,7.936442213135968,0.4273237582295282,3.117547999705681,0.08048591643252091,5.2,0.52,0.5599999999999999,8.4,2422.7,10398.2,599.10625,0.20902777777777776,3.0,0.3,0.5119892731377489,5.303799603364457,0.052480717927373965,2.5219280948873624,0.044444444444444446,1916.45,2.2067972350230414,0.04836703671288406,1.4377868061633616,0.01136503703249102,0.25647856057950696,0.889483743224224,18.15980518679861,19.4164878389476,224.5,16.152851493776307,59.59797974644661,0.2654698429685818,225.0,1.1220660792733044,0.8912131098799819,0.2752923236840948,26.927153702515056,0.889483743224224,16.152851493776307,18.15980518679861,19.0,19.0,19.4164878389476,19.4164878389476,224.5,16.152851493776307,1.1220660792733044,0.8912131098799819,59.59797974644661,0.2654698429685818,225.0
"ytma10_010704_benign1_ccd.tif","103a881c-0d8d-4d85-bd33-4352dcb018a5","Detection","Unclassified",778.3132934570312,346.5935363769531,225.0,,,84.0,129.0,2711582.0,1.4888207066818278,18.0,2.9269125085582632,149.0,108.46222222222222,12.983861728395018,110.0,71.0,78.0,8.475260217942052,109.77921276614966,-0.0955741275553733,16.953521940081934,2711582.0,0.4312296296296296,287.42190617283956,8.288508557457213,8.323013212467666,-1.068527110781151,1.5756601168094404,0.21026894865525672,0.7645270994001716,0.21026894865525672,0.7419965110089415,0.16605591788666973,0.8948655256723717,0.8948655256723717,0.9876312383143966,0.9579462102689487,-0.4176189508145916,0.8358646699456055,0.21026894865525672,2.8190709046454767,0.32878509812829904,2.272577305395208,0.5354523227383863,5.638141809290953,2.062308356739951,0.4464822663661743,3.841874794256549,40.07555555555555,0.17811358024691357,4.2268839506172835,97.02666666666667,0.476720987654321,8.72,49.684444444444445,412.1688888888889,7.49358024691358,0.16166666666666665,0.03964212438061644,0.4390754738109235,0.005582528824858705,80.35433070866142,0.31635563271126543,0.7635315270630542,9.669291338582678,21.74015748031496,186.4015748031496,3.0318788276465445,0.17577099737532811,4.352836924431563,44.04724409448819,0.17341434682869367,0.2822222222222222,9.18513237026474,0.38658773569917126,4.639333876053355,0.05707044691800682,2.7142857142857144,0.3877551020408163,1.2653061224489797,11.142857142857142,3054.4285714285716,26424.85714285714,388.3392857142857,0.23015873015873017,1.0,0.14285714285714285,0.18747983085978534,2.9551766574272156,0.014462262685740681,2.8073549220576046,0.03111111111111111,2021.2653061224496,1.5514199713976495,0.05885894003457419,1.3334834137672404,0.017579822093257657,0.29960941859167506,0.9777204090767369,17.119502007843355,17.72004514666935,224.5,16.738086506298625,56.28427124746187,0.25070944876374995,225.0,1.0596780600966622,0.9436828388319953,0.2999582684975296,31.968622412419368,0.9777204090767369,16.738086506298625,17.119502007843355,17.0,17.0,17.72004514666935,17.72004514666935,224.5,16.738086506298625,1.0596780600966622,0.9436828388319953,56.28427124746187,0.25070944876374995,225.0
"ytma10_010704_benign1_ccd.tif","f9ef55a6-dffc-410d-8bb0-c8cb483752f8","Detection","Unclassified",764.72802734375,547.5009155273438,224.0,,,97.0,142.0,3100589.0,1.6517762300047245,26.0,3.0511979755543046,170.0,116.37053571428571,14.213488520408161,113.0,91.0,79.0,10.485881379962194,117.65166883037159,0.8096772467210249,17.31512622366876,3100589.0,0.371452487244898,299.81359614158157,4.844720496894411,8.84962246357064,0.8511360610512446,1.7556514023378729,0.4049689440993789,0.6251364153196547,0.36770186335403726,1.038159085321149,0.26976428378534784,0.8223602484472049,0.8198757763975154,0.9768359517720133,0.9277018633540371,-0.23314523467697698,0.7214670496578343,0.33509316770186337,2.1229813664596273,0.21508352301222944,2.7852007147385067,0.4062111801242236,4.245962732919255,2.331635204787827,0.540155086609313,4.453194685785305,28.339285714285715,0.12651466836734693,5.200255102040818,83.20535714285714,0.6032963966836734,5.486607142857143,37.44642857142857,173.05803571428572,12.479383680555554,0.324311755952381,0.07965259710861858,0.7065092187668718,0.01995505745310507,111.20967741935483,0.2989507457509539,0.8112787605503524,6.483870967741935,10.172043010752688,48.763440860215056,3.2250597371565104,0.31255600358422936,3.9886620088207225,114.20967741935483,0.3070152618799861,0.41517857142857145,4.370678691178171,0.5671152254439549,4.222033673501993,0.16657804128392265,5.25,0.328125,1.25,10.25,1063.75,4751.6875,293.06119791666663,0.2651909722222222,3.375,0.2109375,0.4396397883635828,5.761909805090097,0.05517562456646214,3.25,0.07142857142857142,867.75,3.3347796211669642,0.04671130422995984,1.7236064059014085,0.0324444952997459,0.2144480679909082,0.5827209737965517,22.49671799219861,23.430749027719962,223.5,13.10930941564038,62.04163056034259,0.2775911881894523,224.0,1.1706835276082632,0.8542018200623579,0.2580345058441338,23.6568991523562,0.5827209737965517,13.10930941564038,22.49671799219861,19.0,17.0,23.430749027719962,23.430749027719962,223.5,13.10930941564038,1.1706835276082632,0.8542018200623579,62.04163056034259,0.2775911881894523,224.0
"ytma10_010704_benign1_ccd.tif","34bbc201-daef-48cd-9b0a-e7d16cb791ed","Detection","Unclassified",64.43228149414062,388.7027893066406,222.0,,,86.0,116.9,2233915.0,1.2088787143784645,18.0,3.1265027138864165,142.0,99.47297297297297,10.455807158509845,97.0,76.0,66.0,7.361422324364,100.31291133338809,0.6764444381964441,12.954066083603584,2233915.0,0.471187403619836,167.8078280983687,2.246558197747184,2.5988187398507665,0.7746516303535496,1.0089238582019762,0.22277847309136417,0.6382592328822871,0.21777221526908633,0.7711103626272412,0.1753537353481589,0.8919482686691699,0.8916145181476846,0.9779532107441994,0.9458072590738423,-0.29178919837169454,0.694807257265618,0.21339173967459324,1.4317897371714643,0.3460160620049154,1.9296902868105954,0.5106382978723404,2.863579474342928,1.6939861846109556,0.3079255828233352,3.6373975307111723,39.585585585585584,0.17831344858371886,4.606281957633309,104.6036036036036,0.34877445012580155,2.545045045045045,48.810810810810814,96.78828828828829,37.23185685685686,0.6687937937937938,0.045087196748903095,0.1981608720398403,0.01922701950107704,104.75478927203065,0.4013593458698492,0.4472923180810616,3.5670498084291187,20.053639846743295,38.74329501915709,15.66219667943806,0.5072371221796509,4.045631826808974,51.099616858237546,0.19578397263692546,0.2939189189189189,8.478002378121284,0.4336343559528667,2.0654354226971465,0.15115119110682332,2.7142857142857144,0.3877551020408163,0.489795918367347,5.714285714285714,2793.714285714286,4408.714285714285,2398.3769841269846,0.2976190476190476,1.2857142857142858,0.1836734693877551,0.2987962265134971,1.9739277523988756,0.053073309768783876,2.8073549220576046,0.03153153153153153,1787.9183673469383,8.099144073687869,0.05001880264943011,0.7051566761270507,0.025996614111798412,0.15516607761026094,0.5196502906125806,23.451957085831367,23.40939982143925,221.5,12.18681631508604,61.5979797464466,0.2780947166882465,222.0,1.1675478041372551,0.8564959793992654,0.25849318113847836,23.741077655730248,0.5196502906125806,12.18681631508604,23.451957085831367,17.0,22.0,23.40939982143925,23.40939982143925,221.5,12.18681631508604,1.1675478041372551,0.8564959793992654,61.5979797464466,0.2780947166882465,222.0
"ytma10_010704_benign1_ccd.tif","d1894e3c-7a84-4c2e-9415-932aec265968","Detection","Unclassified",622.984130859375,412.9894104003906,221.0,,,113.0,136.0,3360326.0,0.9725165905619055,11.0,2.713668432357248,148.0,122.99547511312217,7.1174218382097,122.0,102.0,46.0,5.037185993807654,123.30894137338312,0.31064372450010785,8.786815368595088,3360326.0,0.5189287688622264,77.20812432177884,2.03513174404015,0.8483534886789539,0.3204698058329621,0.7475523803976329,0.191969887076537,0.5913457429963153,0.191969887076537,0.7055741706557301,0.15511744953235865,0.9040150564617315,0.9040150564617315,0.9616060225846927,0.9360100376411544,-0.2731696300200022,0.6378250430688812,0.191969887076537,1.377038895859473,0.37512141673055643,1.6507182729708352,0.5269761606022585,2.754077791718946,1.458748385894298,0.23488056686854247,3.5215189662838524,38.59276018099548,0.17462787412215147,3.4636473454679475,114.68325791855203,0.24053561556888678,2.2081447963800906,50.085972850678736,98.61538461538461,37.953619909502265,0.6979638009049773,0.03317719110436197,0.0926334800301887,0.018313118872905293,121.2,0.505,0.24750000000000005,2.65,20.816666666666666,38.06666666666667,16.504166666666666,0.5875,3.8724985542313233,35.65833333333333,0.14857638888888888,0.27149321266968324,7.249722222222221,0.2982723642369528,0.9640400816248339,0.13183043488998256,2.5,0.625,0.1875,3.25,5716.25,9797.0,4696.0625,0.4375,1.0,0.25,0.2510391358343536,1.0041134992602796,0.06277054497787216,2.0,0.01809954751131222,2663.6875,50.266912525879896,0.04778837195952148,0.18937187823267138,0.04606119692877804,0.04725871332526936,0.5787725822393912,22.09563028441854,22.20360331117452,220.5,12.788344995919813,59.94112549695424,0.2718418389884546,221.0,1.1387166331230183,0.8781816045467103,0.2680688291669059,25.532590571434802,0.5787725822393912,12.788344995919813,22.09563028441854,18.0,19.0,22.20360331117452,22.20360331117452,220.5,12.788344995919813,1.1387166331230183,0.8781816045467103,59.94112549695424,0.2718418389884546,221.0
"ytma10_010704_benign1_ccd.tif","253e5503-3f9b-4733-bcdd-ed6b8cd2e940","Detection","Unclassified",514.7720947265625,565.7410888671875,221.0,,,95.0,121.0,2538540.0,1.1952388739435977,13.0,3.5145970338808494,137.0,106.56108597285068,8.751909256567238,106.0,74.0,63.0,5.793271604938276,107.17558646838201,0.1344455604660992,11.460422816299378,2538540.0,0.5316230216416535,131.34129112835535,7.853535353535353,2.728991634587169,-0.37246344296964073,0.8759756657483931,0.2979797979797979,0.4923490589098021,0.29040404040404033,0.89338076475258,0.2136452912968064,0.856060606060606,0.8555555555555554,0.9826054664289958,0.9421717171717171,-0.16752614660853732,0.5668078938388864,0.2837752525252525,2.7765151515151514,0.34926043898581766,2.1195056707522295,0.553030303030303,5.553030303030303,1.7992125716074239,0.29348886593204776,3.740878894993085,32.022624434389144,0.14489875309678343,4.127474867426958,117.48868778280543,0.30822464732499333,8.28054298642534,41.497737556561084,343.68325791855204,5.5695701357466065,0.1476872800402212,0.050572731229243835,0.4980797511312217,0.008289424981768585,125.67084639498432,0.393952496536001,0.4975383496624444,8.404388714733543,13.04075235109718,110.19435736677116,1.722135144548938,0.1642284918146987,3.8912444754411926,74.06583072100314,0.2321812875266556,0.3608597285067873,5.361425300458919,0.4635789313367293,4.216442163446254,0.08161143647225662,2.7777777777777777,0.30864197530864196,1.1111111111111112,10.11111111111111,2704.1111111111113,23461.333333333332,326.82716049382714,0.2191358024691358,1.4444444444444444,0.16049382716049382,0.2845866206963008,3.9303876350485774,0.04536407629890374,2.94770277922009,0.04072398190045249,2101.1358024691363,1.959310799319728,0.040283844429365376,1.7380498343624544,0.014131390557575048,0.21882351877894077,0.5771309940004805,22.704638046304183,23.430749027719962,220.5,13.10355032408466,63.11269837220805,0.2862253894431204,221.0,1.1989678005188795,0.8340507556309921,0.24811814998463336,21.87355209437777,0.5771309940004805,13.10355032408466,22.704638046304183,19.0,19.0,23.430749027719962,23.430749027719962,220.5,13.10355032408466,1.1989678005188795,0.8340507556309921,63.11269837220805,0.2862253894431204,221.0
"ytma10_010704_benign1_ccd.tif","151042a7-1d34-4033-99ca-8de027495d7e","Detection","Unclassified",583.3486328125,322.9862060546875,218.0,,,87.0,140.0,2929210.0,1.7864135548354945,29.75,2.4479914872316857,162.0,114.19266055045871,16.541284403669707,114.5,72.0,90.0,12.560282138510034,115.91696648578264,0.08474402632655625,19.919322169033883,2929210.0,0.3202171534382628,396.7793956737647,9.540025412960608,11.271661439737032,-0.20658196496301973,2.2470643509765575,0.40787801778907246,0.6927405863211198,0.3443456162642948,1.044331466650839,0.28930411434863545,0.8384159254553155,0.8341804320203305,0.9848179468080446,0.9441217401827314,-0.3084643254839253,0.8107768681527564,0.28875476493011437,3.0133418043202034,0.17942938700516164,2.9367369833175134,0.3062261753494282,6.026683608640406,2.4486264378439886,0.6637355921914077,4.51258300033209,30.431192660550458,0.139592626883259,4.466543220267654,69.80733944954129,0.7145863142833094,10.330275229357799,40.027522935779814,381.55045871559633,5.5129841997961275,0.1394724770642202,0.05765852429146989,0.7746999878357731,0.008103867700653243,96.7703927492447,0.29235768202188733,0.8902255364591415,11.3987915407855,10.98489425981873,105.64350453172206,1.5259718026183284,0.14235565626049013,4.2274480274999675,78.7703927492447,0.23797701736931937,0.3795871559633027,4.044614415713621,0.47530946864475554,6.21575948475045,0.06916442207658688,2.8181818181818183,0.256198347107438,1.5041322314049588,14.727272727272727,1104.5454545454545,10011.09090909091,148.60414141414142,0.1674747474747475,1.5454545454545454,0.14049586776859505,0.23636888301072806,4.663988401441306,0.021841193865345512,3.459431618637298,0.05045871559633028,711.7851239669421,1.4443889252948885,0.049452450221458506,3.0650040510620924,0.023136644044264656,0.3860359823662575,0.6052132075230602,21.439198929480444,21.93171219946131,217.5,12.975286350835816,58.28427124746187,0.26797366090787067,218.0,1.114850949373078,0.896980892882889,0.2757765085433006,27.021956095387964,0.6052132075230602,12.975286350835816,21.439198929480444,15.0,20.0,21.93171219946131,21.93171219946131,217.5,12.975286350835816,1.114850949373078,0.896980892882889,58.28427124746187,0.26797366090787067,218.0
"ytma10_010704_benign1_ccd.tif","f95c51a2-327d-48d1-a3b4-10f86ab14d18","Detection","Unclassified",725.1189575195312,597.030029296875,217.0,,,75.6,136.0,2556732.0,1.9599820195947786,34.0,2.2732783718538045,168.0,106.14746543778801,19.379090658115484,108.0,61.0,107.0,14.7407847800238,108.54572822182996,0.13128526832003845,22.691203060679086,2556732.0,0.28484359404531845,514.890696340972,7.161205766710354,16.564570898036486,0.11293242829257552,2.679544943135069,0.6592398427260812,0.605101924797439,0.4521625163826998,1.2644262189632316,0.45478890150454593,0.8041065967671472,0.794441446303292,0.9769040847148451,0.9292527408516924,-0.2681000896141711,0.7978880456137486,0.310515873015873,2.579947575360419,0.15884133301498354,3.2697459559766933,0.3040629095674967,5.159895150720838,2.5754686305978107,0.8346961964652875,4.5422531167499285,26.677419354838708,0.12293741638174521,6.349848159867486,61.8110599078341,0.9321922317314023,8.299539170506913,36.1705069124424,219.33179723502303,9.582174859190987,0.22778417818740399,0.12475070622206896,1.715522269797149,0.01492881332261148,104.47916666666667,0.2720811631944444,1.0598687065972225,10.598958333333334,9.421875,63.598958333333336,2.2475983796296295,0.18564091435185184,3.8271556226263894,146.49479166666666,0.3814968532986111,0.4423963133640553,4.312391493055555,0.6407405449872531,8.05922197550979,0.0851376900002851,7.16,0.2864,1.0304000000000002,14.28,409.08,2487.64,91.14105555555555,0.12411111111111112,10.68,0.4272,0.654214257327749,10.587823213778012,0.05231200165025743,3.1590795706241743,0.1152073732718894,333.73759999999993,2.023333669626043,0.05049376016461165,3.3750660335711484,0.03749480900474612,0.34529684837429325,0.29382218336207416,30.842550019914164,32.2490309931942,216.5,9.062225387305164,72.42640687119285,0.3345330571417684,217.0,1.3885549075284283,0.7201731775806832,0.1981698379561228,13.95331358653081,0.29382218336207416,9.062225387305164,30.842550019914164,17.0,28.0,32.2490309931942,32.2490309931942,216.5,9.062225387305164,1.3885549075284283,0.7201731775806832,72.42640687119285,0.3345330571417684,217.0
"ytma10_010704_benign1_ccd.tif","d85a8fef-5424-47d1-8dd3-e13af929cc57","Detection","Unclassified",580.9149169921875,634.235595703125,217.0,,,113.0,147.0,3702352.0,1.4067586757699122,20.0,2.3554678755185225,159.0,129.91705069124424,11.310667034763952,130.0,97.0,62.0,8.470041322314044,130.61979158579703,-0.020403825988549923,13.531071413813669,3702352.0,0.4261504810040561,183.08989360572542,7.223514211886305,3.932644056460253,0.02161281862440395,1.267486929872003,0.28294573643410853,0.6350106101566816,0.27777777777777773,0.8699317668437011,0.20578524260694805,0.8619724375538328,0.8616279069767442,0.9834473324213406,0.9446167097329888,-0.2714149520582396,0.722572513112114,0.27325581395348836,2.641472868217054,0.2682255673737555,2.3512838990830685,0.4069767441860465,5.282945736434109,2.0534893942223458,0.3876081665765278,3.951261862404391,32.03225806451613,0.14761409246320797,3.6437384527171948,92.47465437788019,0.41440676166408286,7.682027649769585,41.71889400921659,295.258064516129,7.053539426523298,0.1697068612391193,0.04439502704136783,0.4323485105767858,0.008123212513466822,110.42671009771988,0.3596961240968074,0.5791042875786481,8.517915309446254,12.456026058631922,89.66123778501628,2.1092110025334785,0.17281939920376402,4.006409800937107,64.64169381107492,0.21055926322825708,0.35368663594470046,4.462052647773452,0.418901145055602,4.1373837788361465,0.0771535453445118,3.4444444444444446,0.38271604938271603,1.2098765432098764,10.88888888888889,1936.7777777777778,15333.0,275.5192901234568,0.21373456790123457,1.8888888888888888,0.20987654320987653,0.14945375692047308,2.2023007589541876,0.020973403484900198,2.6416041678685933,0.041474654377880185,1355.432098765432,1.8696801594406784,0.051952834305287604,1.5161386027687171,0.017029750465200517,0.2545964009692348,0.39788233182042504,26.70893295525269,26.832815729997478,216.5,10.627012524671336,64.76955262170043,0.2991665248115493,217.0,1.2417581381778366,0.8053098016876347,0.23432931253045508,19.509919747619673,0.39788233182042504,10.627012524671336,26.70893295525269,24.0,16.0,26.832815729997478,26.832815729997478,216.5,10.627012524671336,1.2417581381778366,0.8053098016876347,64.76955262170043,0.2991665248115493,217.0
"ytma10_010704_benign1_ccd.tif","4ae6168f-5447-4f1b-be95-fa0a9f011ea6","Detection","Unclassified",496.1250915527344,393.2182922363281,216.0,,,85.5,128.5,2614453.0,1.4718129564517883,22.0,2.4930999024673874,147.0,108.85648148148148,13.002057613168692,111.0,72.0,75.0,9.340183883180076,110.01794887232754,-0.25593828684382786,15.94413727819582,2614453.0,0.4104509602194788,254.2155135459536,8.313624678663238,5.151776848758907,-0.2737506092234602,1.4414407121285213,0.2737789203084833,0.680765174172482,0.2737789203084833,0.8468350384514305,0.19882402310320443,0.8631105398457583,0.8631105398457583,0.9838953576289128,0.9452442159383034,-0.32682344792105417,0.7795414687260234,0.2737789203084833,2.832262210796915,0.2662642660304915,2.395137919861663,0.44601542416452444,5.664524421593831,2.1213589995531796,0.42880490810925115,3.980438947134966,31.76851851851852,0.14707647462277093,4.316786694101509,88.6574074074074,0.4562542866941015,8.828703703703704,43.148148148148145,339.36574074074076,6.551150977366255,0.14702289094650206,0.04736624931179605,0.5214991436818212,0.007198758687764848,106.20401337792642,0.35519736915694455,0.6026330801668885,10.193979933110368,13.892976588628763,110.94983277591973,2.1006596060943887,0.14183853586027503,3.9854679398737654,65.38127090301003,0.21866645786959876,0.3460648148148148,5.543002874688202,0.45571780337434775,5.485920938684239,0.062073031962978684,2.7142857142857144,0.3877551020408163,1.2653061224489797,11.142857142857142,2628.5714285714284,22031.571428571428,350.4950396825397,0.23015873015873017,1.0,0.14285714285714285,0.1868432197235427,2.4531622812865406,0.045168859767737594,2.8073549220576046,0.032407407407407406,1676.4081632653058,2.066455487467552,0.04670545573986213,1.8388421556998276,0.021318605592285378,0.24586994842759874,0.5591037922121115,22.28277162338699,22.20360331117452,215.5,12.458382115632094,58.87005768508878,0.27317892197256977,216.0,1.131269014915203,0.8839630422255996,0.2691724739474929,25.743259726651896,0.5591037922121115,12.458382115632094,22.28277162338699,22.0,13.0,22.20360331117452,22.20360331117452,215.5,12.458382115632094,1.131269014915203,0.8839630422255996,58.87005768508878,0.27317892197256977,216.0
"ytma10_010704_benign1_ccd.tif","87842a13-3d9f-408d-89f6-d962108ec411","Detection","Unclassified",404.39886474609375,425.2503967285156,216.0,,,111.0,140.0,3443709.0,1.2273049779559981,15.0,3.335623458132479,161.0,125.7175925925926,9.007030178326474,126.0,93.0,68.0,6.0869705578512425,126.26597808682362,-0.1009401292501905,11.75517481559208,3443709.0,0.47475137174211246,138.1841349451303,6.603603603603604,2.2921863434455276,-0.3873073635003224,1.0041790273450504,0.2895752895752896,0.5523488721342453,0.27927927927927926,0.8842096283590305,0.21157837374053584,0.8620763620763621,0.8613899613899615,0.983147853736089,0.9444873444873445,-0.21213971613322094,0.63496140152116,0.2702702702702703,2.5347490347490345,0.2894850172842451,2.174919629438233,0.42084942084942084,5.06949806949807,1.8570946698969595,0.32343857923008495,3.977650976659386,31.00925925925926,0.14356138545953362,4.182098765432099,102.54629629629629,0.327139060356653,6.976851851851852,42.898148148148145,296.162037037037,7.428433641975308,0.18544238683127573,0.056690180058648974,0.46929706090255036,0.013281403521485184,127.50666666666666,0.42502222222222225,0.4424888888888889,7.133333333333334,13.093333333333334,91.44,2.26800925925926,0.203587962962963,3.9608963780597075,61.36666666666667,0.20455555555555555,0.3472222222222222,4.798933333333334,0.42209076347282587,3.127136124110896,0.09884188027568692,2.6,0.26,1.21,8.5,1534.2,10351.9,267.6847222222222,0.30208333333333337,2.4,0.24,0.4563517342494978,4.707093028770956,0.13768693101312543,3.121928094887362,0.046296296296296294,1067.6399999999999,2.021120606690534,0.04319781953863281,1.6021607946153285,0.01399470272429417,0.2284683601382835,0.5364498810642508,22.720183824457447,22.825424421026653,215.5,12.188239910388113,59.69848480983496,0.27702313136814366,216.0,1.1471883799403542,0.8716964166355948,0.26358905633617546,24.68635651905148,0.5364498810642508,12.188239910388113,22.720183824457447,20.0,16.0,22.825424421026653,22.825424421026653,215.5,12.188239910388113,1.1471883799403542,0.8716964166355948,59.69848480983496,0.27702313136814366,216.0
"ytma10_010704_benign1_ccd.tif","2609d155-a26f-4982-9483-62a62b6a6696","Detection","Unclassified",838.778564453125,279.2579650878906,215.0,,,124.4,166.6,4410332.0,1.4619298041426045,25.5,2.3048742576104564,178.0,142.31627906976743,13.470849107625748,138.0,109.0,69.0,9.909305427310958,143.22420219021384,0.3973811321956395,16.10120507165005,4410332.0,0.42714981070849106,259.24880475932923,5.086340206185567,5.742833479016381,0.27967538842635464,1.4011966601126584,0.26417525773195877,0.6827432300241214,0.24355670103092786,0.8398933020965915,0.20485539111489,0.8813359106529209,0.880283505154639,0.9849060036385687,0.9519391261659302,-0.3325756060100447,0.7801804437267778,0.2285581328751432,2.1913659793814437,0.30088877670315656,2.3519967440919265,0.49742268041237114,4.382731958762887,2.054468569267836,0.4163429794611541,4.032550587127341,33.97674418604651,0.15803136830719308,4.826089778258519,91.83720930232558,0.44854515954570034,5.5162790697674415,47.40930232558139,235.32093023255814,13.236627906976747,0.28016795865633076,0.06222865507098619,0.5186144655967468,0.012284225580125818,90.23308270676692,0.33922211543897335,0.6514359206286391,6.567669172932331,17.548872180451127,86.81203007518798,4.715121136173766,0.2728957811194654,4.295718765693523,51.87218045112782,0.19500819718469106,0.30930232558139537,7.096048391655831,0.4223897189950364,3.4903688279197076,0.09559085631351232,5.0,0.4166666666666667,0.6666666666666666,9.666666666666666,1555.75,7383.5,383.7604166666667,0.18460648148148148,3.0,0.25,0.47705708455492135,5.086090291081638,0.04764639307356692,2.9182958340544896,0.05581395348837209,1234.7430555555554,2.1882149943310654,0.05848428550564459,1.3624774342030128,0.01806888589100922,0.27102072303945723,0.6181623804940739,21.168920736681986,21.095023109728988,214.5,13.085830435077701,57.941125496954236,0.27012179718859786,215.0,1.1160106698364969,0.8960487807401579,0.2743923313193475,26.75137968280309,0.6181623804940739,13.085830435077701,21.168920736681986,18.0,18.0,21.095023109728988,21.095023109728988,214.5,13.085830435077701,1.1160106698364969,0.8960487807401579,57.941125496954236,0.27012179718859786,215.0
"ytma10_010704_benign1_ccd.tif","3985f51e-12ef-4489-908e-177e2aea8ea2","Detection","Unclassified",461.66259765625,611.6256713867188,215.0,,,108.0,137.0,3238363.0,1.2837633403922202,15.0,3.4973228351982657,159.0,122.11627906976744,9.535100054083289,122.0,84.0,75.0,6.611441405733913,122.72796538838283,-0.25077144142215174,12.237968562092783,3238363.0,0.45276365603028657,149.76787452677132,5.820051413881749,3.319982824644777,-0.23340183432387251,1.1284372294658378,0.25835475578406175,0.6274066211343061,0.25835475578406175,0.8242535141180583,0.19160757594781958,0.870822622107969,0.870822622107969,0.984802661424467,0.9483290488431876,-0.2746797025540358,0.7093310232664795,0.25835475578406175,2.366966580976864,0.28188668459764343,2.1967523047591904,0.41131105398457585,4.733933161953728,1.9383975489751286,0.34669799631247483,3.8983084608325833,35.13953488372093,0.16343969713358572,3.646381828015143,97.34418604651162,0.350676041103299,6.088372093023255,44.19069767441861,261.15813953488373,9.73824289405685,0.22435400516795864,0.04425330687830688,0.3300271654742862,0.008304972284396578,119.7279151943463,0.4230668381425664,0.4173357140181548,6.431095406360424,14.148409893992932,84.96113074204948,2.999263839811543,0.22612387122104435,4.015311633505264,53.75618374558304,0.18995117931301428,0.32906976744186045,4.913683527076126,0.37616793602530263,2.7974882785150017,0.07249167194909135,2.75,0.34375,0.734375,7.625,2081.625,11716.875,434.6354166666667,0.2508680555555556,1.25,0.15625,0.285518996882522,2.765609180559479,0.031672229969814114,2.75,0.037209302325581395,1359.359375,2.3870085893624045,0.04463374380231058,1.5837746191771551,0.014467166606876363,0.24226332173594586,0.6998134388911964,19.80871672256734,20.248456731316587,214.5,13.862406169641398,56.04163056034258,0.2612663429386601,215.0,1.0794242798004516,0.9264197764616389,0.2884604096576505,29.564781797349987,0.6998134388911964,13.862406169641398,19.80871672256734,14.0,19.0,20.248456731316587,20.248456731316587,214.5,13.862406169641398,1.0794242798004516,0.9264197764616389,56.04163056034258,0.2612663429386601,215.0
"ytma10_010704_benign1_ccd.tif","6208e8c5-74ac-4578-bade-3d9d7264b9ff","Detection","Unclassified",114.10003662109375,718.4302368164062,215.0,,,80.0,126.0,2640893.0,1.4352637719186063,15.0,3.318404958022296,139.0,109.51162790697674,13.039913466738795,114.0,66.0,73.0,8.24772096710265,110.82970385151245,-1.0688372851329622,17.04190743367144,2640893.0,0.48201189832341806,290.4266089778259,8.343589743589742,15.301653303253136,-2.5842071048062154,2.0351660092044708,0.2653846153846154,0.7692860026220746,0.25256410256410255,0.8479889762660119,0.2015959894806049,0.8758547008547009,0.875,0.9846153846153844,0.9499145299145297,-0.3781923902056146,0.824878315382286,0.24134615384615385,2.8108974358974357,0.31950032873109785,2.4459702955203237,0.5423076923076923,5.621794871794872,2.148400425104017,0.5751376561472716,3.920615574905333,36.4046511627907,0.16932395889670093,3.1607138994050836,103.63255813953488,0.5301027582477014,8.553488372093023,45.01860465116279,392.7395348837209,8.073837209302326,0.1907622739018088,0.0338648955275478,0.3115714139230198,0.0063018700006201136,102.56617647058823,0.3770815311418685,0.6478022275086504,8.393382352941176,15.352941176470589,134.8235294117647,2.501991421568628,0.20493770424836602,4.273918412315949,48.794117647058826,0.1793901384083045,0.31627906976744186,5.356185121107266,0.351446138808102,2.982328974763114,0.06744617875373247,2.0,0.3333333333333333,1.3333333333333333,10.333333333333334,3682.8333333333335,32628.166666666668,463.9768518518519,0.25810185185185186,1.3333333333333333,0.2222222222222222,0.08452206316006577,1.3403081108342256,0.005928098930174978,2.2516291673878226,0.027906976744186046,2398.805555555555,1.12275683851093,0.07462701985715084,1.0539335702376293,0.0169695500837403,0.36627906976744196,0.9501768521008926,16.986201022758408,17.4928556845359,214.5,16.139895016957546,54.87005768508877,0.2558044647323486,215.0,1.0568584801536534,0.9462004788518262,0.29774826192742754,31.499286472758232,0.9501768521008926,16.139895016957546,16.986201022758408,16.0,17.0,17.4928556845359,17.4928556845359,214.5,16.139895016957546,1.0568584801536534,0.9462004788518262,54.87005768508877,0.2558044647323486,215.0
"ytma10_010704_benign1_ccd.tif","51dc1551-31fa-489c-8233-6b71102f4ff3","Detection","Unclassified",475.83551025390625,120.5994873046875,212.0,,,115.1,150.0,3832882.0,1.334618677218109,20.0,3.7041709079582987,188.0,133.73584905660377,11.153969384122453,134.0,104.0,84.0,8.000615574022772,134.46052236798613,0.43880097127193646,13.94111733617466,3832882.0,0.4665806336774654,194.35475258098967,3.3241469816272966,2.7886263439752113,0.05746194636162897,0.9637592052961886,0.43700787401574803,0.37604491072076235,0.38188976377952755,1.0767094119336698,0.2911680823361647,0.8179133858267716,0.8145669291338584,0.9753496989346919,0.9254218222722163,-0.101124995294966,0.47585523667153806,0.33675998833479154,1.786745406824147,0.2681686196705727,2.4105594831222086,0.4540682414698163,3.573490813648294,1.9157759112986328,0.3501917698279841,4.075272063124603,25.90566037735849,0.12219651121395514,5.5910466358134565,98.91509433962264,0.38614720541117836,3.7877358490566038,37.31132075471698,124.11792452830188,16.291339098532493,0.4396619496855346,0.09841848470695055,0.7082635516645511,0.025474746502374537,130.9047619047619,0.3666800053354675,0.5676780516128019,4.445378151260504,10.515406162464986,37.187675070028014,4.265172735760971,0.4257703081232493,3.6317003578588114,113.57142857142857,0.31812725090036015,0.4209905660377358,4.873117874600821,0.5763973497885169,3.1175065456422923,0.20592967837979856,8.181818181818182,0.371900826446281,0.793388429752066,7.2727272727272725,712.8181818181819,2612.0454545454545,241.04482323232324,0.293560606060606,5.7272727272727275,0.2603305785123967,0.49425534329494947,4.9856889159544835,0.056988981555430744,3.095795255000933,0.10377358490566038,619.9586776859504,3.5278574532811815,0.039174140139942845,2.3382697390289904,0.022945560243480805,0.21867309673663454,0.6022681489387265,21.29252994070719,21.633307652783937,211.5,12.82381259361213,58.870057685088774,0.27834542640703913,212.0,1.141916487395156,0.8757207825951582,0.2641762331317622,24.796462764682026,0.6022681489387265,12.82381259361213,21.29252994070719,19.0,16.0,21.633307652783937,21.633307652783937,211.5,12.82381259361213,1.141916487395156,0.8757207825951582,58.870057685088774,0.27834542640703913,212.0
"ytma10_010704_benign1_ccd.tif","331ba26e-f7c2-4eb2-baf6-8c099dff83a8","Detection","Unclassified",672.3121337890625,169.5568084716797,211.0,,,117.0,148.0,3729517.0,1.2352837228277638,19.0,2.0635647844616143,162.0,132.43127962085308,10.09096830709103,131.0,110.0,52.0,8.040626238604842,132.94899781103032,0.21561399584539884,11.721441760328355,3729517.0,0.4841984681386312,137.3921969407695,3.222672064777328,2.5694756506655634,-0.061531865804058616,1.0350421886752592,0.25775978407557354,0.6012385662947118,0.25775978407557354,0.8233470052053748,0.19131967778888725,0.8711201079622132,0.8711201079622132,0.9742240215924426,0.9355600539811065,-0.2588438223901106,0.6842828551606712,0.25775978407557354,1.740215924426451,0.3069319462884346,2.1241761732363615,0.48043184885290147,3.4804318488529016,1.8664163891607886,0.32320049318770816,3.877641931726105,31.99526066350711,0.151636306462119,3.817075088160644,102.16587677725119,0.3289234293928708,3.5213270142180093,42.4218009478673,131.76777251184834,21.11216429699842,0.459189046866772,0.05524841738520931,0.3242973954545834,0.016692802087923113,126.61904761904762,0.430677032717849,0.41033828497385355,4.142857142857143,12.578231292517007,39.82312925170068,6.175170068027211,0.4070294784580499,3.838579533248142,60.7891156462585,0.20676569947706974,0.34834123222748814,4.337035494469896,0.4078033518748062,2.111175483414372,0.13344683952405437,5.181818181818182,0.47107438016528924,0.6115702479338844,6.636363636363637,1269.1818181818182,4186.272727272727,546.8787878787879,0.29797979797979796,2.090909090909091,0.19008264462809918,0.3983141049837288,3.5387561556992178,0.04934276177735957,2.7321588913645707,0.052132701421800945,901.2396694214875,5.439439414263357,0.045529063438086485,0.7424930644827497,0.02811487426740847,0.11544839750070363,0.31931376347491014,29.986470663580004,28.460498941515414,210.5,9.575092800917718,70.52691193458116,0.3350447122782953,211.0,1.3712728779796552,0.7292494557854418,0.20051407411293376,14.285385632036812,0.31931376347491014,9.575092800917718,29.986470663580004,15.0,27.0,28.460498941515414,28.460498941515414,210.5,9.575092800917718,1.3712728779796552,0.7292494557854418,70.52691193458116,0.3350447122782953,211.0
"ytma10_010704_benign1_ccd.tif","ce5e1335-360f-41ff-b5c2-d989f89d2dba","Detection","Unclassified",796.1472778320312,234.9386444091797,211.0,,,92.0,153.0,3171489.0,2.0239042298951397,39.0,2.2778228186030653,187.0,120.2132701421801,20.502549358729613,117.0,83.0,104.0,16.064151825988166,122.59997371330212,0.4929827749816747,24.073288853532283,3171489.0,0.2647963882212888,579.5232362256016,5.371352785145889,24.59000221774071,2.4238629146873,3.1816448437686886,0.5968169761273211,0.6840952723223513,0.5092838196286473,1.2059272050245995,0.33744696719177647,0.7599469496021217,0.7541114058355435,0.9777420512351453,0.9172034861690034,-0.2519226164115099,0.7873782701585319,0.4326923076923077,2.173740053050398,0.12357172005713118,3.3566828238207145,0.20954907161803712,4.347480106100796,2.7344841622942915,0.9446154549740025,4.263586914741717,29.900473933649288,0.14170840726848005,3.806428427034432,55.872037914691944,1.0921138339210708,6.507109004739337,27.03791469194313,106.66824644549763,14.511111111111111,0.3710847814639284,0.09980364859652828,1.1817415733188132,0.017351611392318906,112.13378684807256,0.2542716255058335,1.1228757565006349,8.331065759637188,6.058956916099773,29.555555555555557,2.838556311413454,0.26687137818090206,3.6798609328502048,165.21768707482994,0.3746432813488207,0.5225118483412322,2.3962032280788357,0.625778815687875,6.429261391588605,0.1091291700400068,5.842105263157895,0.3074792243767313,1.0858725761772854,13.894736842105264,497.7368421052632,1991.421052631579,220.41394736842105,0.13826023391812867,3.8421052631578947,0.20221606648199447,0.4317532190234351,6.880051735571945,0.03741556635435089,3.7871439606981414,0.09004739336492891,374.40997229916894,2.7732413419913424,0.05085845887736064,3.5701329794662975,0.04338878793127181,0.42288967070172556,0.5079817990559179,23.70410660707676,23.323807579381203,210.5,12.041254719276122,61.94112549695423,0.294257128251564,211.0,1.2043372252608162,0.8303322184394292,0.24361752415031204,21.087218425859547,0.5079817990559179,12.041254719276122,23.70410660707676,21.0,17.0,23.323807579381203,23.323807579381203,210.5,12.041254719276122,1.2043372252608162,0.8303322184394292,61.94112549695423,0.294257128251564,211.0
"ytma10_010704_benign1_ccd.tif","b93ef9e2-cd08-4d5c-8c9e-cab183dee594","Detection","Unclassified",84.56591796875,252.6142120361328,211.0,,,78.0,132.0,2168329.0,1.7439275681138051,27.5,2.898329667647912,162.0,99.30331753554502,16.5765369151636,94.0,66.0,96.0,12.306513409961674,101.37278115102613,0.8008996420256664,20.378711557126362,2168329.0,0.3682531838907481,415.2918847285555,5.943121693121692,11.818472790107807,1.683566193259366,1.9444794378656807,0.5714285714285714,0.5457476431430694,0.4312169312169313,1.204737674512977,0.3854805296604239,0.8057760141093474,0.7984126984126985,0.979405201514735,0.9313271604938274,-0.18964375083041124,0.6766354823059479,0.32727072310405636,2.3664021164021167,0.23543311357464802,2.9219910226644203,0.44841269841269843,4.732804232804233,2.3289979745388374,0.6289770023235634,4.314472766718355,25.587677725118482,0.12126861481098808,6.5339053480380045,77.70142180094787,0.7712764762696256,6.985781990521327,37.018957345971565,187.4218009478673,9.592451290152713,0.24088467614533965,0.1508566882080197,1.923518567774661,0.017959512130676782,97.95367847411444,0.26690375606025735,1.0351847589632415,9.220708446866485,9.73841961852861,51.798365122615806,2.4606827126854376,0.21151528913109297,3.869391515295826,128.1607629427793,0.349211888127464,0.43483412322274884,4.44967295027805,0.6112234441307004,6.9677613150005,0.10163619464078785,11.125,0.34765625,0.74609375,13.4375,453.34375,2057.375,111.84831597222222,0.11459201388888889,15.8125,0.494140625,0.7247253127945674,10.421457515212575,0.058565129731382365,2.8368974703476995,0.15165876777251186,409.8662109375,2.0029048691548694,0.047453599274113065,3.370642115787968,0.02964044566950422,0.373474800470413,0.47636418292061444,23.77052931133212,24.413111231467404,210.5,11.32342877298324,60.52691193458114,0.2875387740360149,211.0,1.1768403074381273,0.8497329617957323,0.25220540430154365,22.60013446550129,0.47636418292061444,11.32342877298324,23.77052931133212,20.0,17.0,24.413111231467404,24.413111231467404,210.5,11.32342877298324,1.1768403074381273,0.8497329617957323,60.52691193458114,0.2875387740360149,211.0
"ytma10_010704_benign1_ccd.tif","f957215d-4046-499f-ab48-de322cd449f3","Detection","Unclassified",7.62767219543457,443.1866455078125,211.0,,,83.0,108.0,1926987.0,1.030494980834206,12.0,3.87851470031417,128.0,95.01895734597156,7.623638283057432,94.0,67.0,61.0,4.836496699839271,95.56484610162119,0.39258955515158434,10.199880161598813,1926987.0,0.580332876620022,104.03755531097704,4.965968586387435,1.9019737541636335,0.5293332784145981,0.705545352375209,0.18324607329842935,0.5876511226252159,0.1780104712041885,0.6895216613612702,0.1515583454400921,0.9118673647469459,0.9115183246073297,0.9893132121958731,0.9645724258289703,-0.27834528500196865,0.6436752417164127,0.17342931937172776,2.1989528795811517,0.48210369781530116,1.6545050727865065,0.6727748691099477,4.397905759162304,1.4543712435813418,0.22219785641840958,3.261188881344988,50.55450236966825,0.23959479796051303,5.060802767233439,122.45023696682465,0.24963500370611616,5.274881516587678,53.66350710900474,251.90995260663507,12.66989204844655,0.23176671932596096,0.05038247320167315,0.431652743597,0.008584394649801099,88.99065420560747,0.4158441785308761,0.4367193641366057,6.616822429906542,29.373831775700936,133.39252336448598,7.025700934579438,0.22014537902388376,4.049316795253709,41.81308411214953,0.19538824351471745,0.25355450236966826,13.819285527120273,0.4424040952235391,3.5539295259341044,0.08708384488949303,2.7777777777777777,0.30864197530864196,0.8395061728395062,8.555555555555555,2685.222222222222,11968.555555555555,639.087962962963,0.22993827160493824,2.3333333333333335,0.25925925925925924,0.4682343842666071,5.699361872976202,0.046139401550639524,2.725480556997868,0.04265402843601896,2135.58024691358,1.5822544998860788,0.06380575173356239,1.1681438301178417,0.007777736942832963,0.31768559373588817,0.7322528182218763,19.18300453620364,19.72308292331602,210.5,14.04680913359815,54.870057685088774,0.2606653571738184,211.0,1.0668526361473707,0.9373365787530041,0.29219584678658966,30.33544174242772,0.7322528182218763,14.04680913359815,19.18300453620364,16.0,17.0,19.72308292331602,19.72308292331602,210.5,14.04680913359815,1.0668526361473707,0.9373365787530041,54.870057685088774,0.2606653571738184,211.0
"ytma10_010704_benign1_ccd.tif","92804c60-0c43-4fc2-8f84-5ecd7b26d2fe","Detection","Unclassified",103.08313751220703,657.9877319335938,211.0,,,70.0,106.0,1617740.0,1.4893750228890437,24.5,2.1121556991438366,122.0,86.35071090047393,12.521147323734874,85.0,65.0,57.0,9.928798604698882,87.56148821262393,0.44080959757886967,14.510993935366761,1617740.0,0.3783158509467442,210.5689449922509,3.655672823218998,5.181763680925724,0.29923639333982255,1.5616728510662,0.283641160949868,0.6925822281704992,0.27836411609498685,0.871046882081099,0.20615457982052482,0.8616974494283203,0.8613456464379948,0.9718794398213925,0.9306728232189975,-0.31681217223721314,0.7745898252865081,0.2737467018469657,1.8265171503957784,0.23358494441002225,2.4340049516123234,0.3720316622691293,3.6530343007915578,2.1356214416349224,0.461328503004017,4.0415869812495275,31.75829383886256,0.1505132409424766,4.3992273309224865,79.82464454976304,0.4933851440893062,4.123222748815166,42.88625592417062,144.1990521327014,22.61861506055818,0.4456292785676671,0.050268732558847645,0.31228989717705585,0.014516824190132826,110.40338983050847,0.3742487790864694,0.5046136167767882,5.196610169491525,12.942372881355933,43.42372881355932,6.911487758945386,0.33879472693032026,3.879623427365377,62.45762711864407,0.2117207698937087,0.3495260663507109,4.75695489801781,0.43638241887832835,2.8678294506061492,0.09807940754608017,6.6,0.66,0.41,7.7,1559.7,5349.6,679.225,0.21388888888888893,1.6,0.16,0.19536219036378816,1.7580127996938466,0.02173056559317699,2.8464393446710154,0.04739336492890995,1114.4900000000002,6.480231616456106,0.05537510981917796,0.6638844326819379,0.04178908702634847,0.1308274075842012,0.5346948955727336,22.514591879268124,22.360679774997898,210.5,12.038437353747986,59.11269837220806,0.28082041982046585,211.0,1.1493433896154381,0.8700619928171271,0.26130997425798136,24.26130851331941,0.5346948955727336,12.038437353747986,22.514591879268124,20.0,16.0,22.360679774997898,22.360679774997898,210.5,12.038437353747986,1.1493433896154381,0.8700619928171271,59.11269837220806,0.28082041982046585,211.0
"ytma10_010704_benign1_ccd.tif","7f522a35-37a3-4fa9-b3f0-1f113a701b1e","Detection","Unclassified",449.30126953125,702.7652587890625,211.0,,,84.0,110.0,2002268.0,1.2273046046883138,14.5,3.1273165882388647,129.0,96.81516587677726,8.492531614294375,97.0,71.0,58.0,5.888799411785296,97.4136633175648,0.001803924082408367,10.781718657058953,2002268.0,0.47799914647020514,116.2454571999731,5.446335078534031,2.0670935440231117,0.020169862501760765,0.8682190729420795,0.35863874345549734,0.415354022834417,0.34816753926701566,0.9666807966450588,0.23741810805624847,0.8276614310645725,0.8269633507853404,0.9790883892824146,0.930715532286213,-0.12601425226779073,0.5093089465813815,0.33900523560209417,2.306282722513089,0.2781242290507388,2.2328295580879756,0.4463350785340314,4.612565445026178,1.8549182617749995,0.30671445409939424,3.7799943607009707,29.04739336492891,0.13766537139776736,4.1832842928056415,100.85781990521328,0.32249949462051614,5.848341232227488,37.34123222748815,200.02843601895734,8.33379410215903,0.22531595576619276,0.06369199566784761,0.5390130322797893,0.010989388402563255,145.71345029239765,0.42606272015320956,0.412511542012927,6.488304093567251,10.099415204678362,55.099415204678365,2.2290448343079925,0.22327810266406758,3.558853580695045,91.0,0.26608187134502925,0.4052132701421801,4.009199411784823,0.5027376683993885,3.7769966605704237,0.10148138529796918,4.833333333333333,0.4027777777777778,0.8541666666666666,8.416666666666666,1488.25,7070.333333333333,342.8275462962963,0.26273148148148145,1.6666666666666667,0.1388888888888889,0.2968849541600637,3.75527037984809,0.03414538956202047,3.2516291673878226,0.05687203791469194,1179.076388888889,3.4462803951367778,0.032566718225124885,2.1969749997140933,0.018567739175912208,0.17503661496798062,0.9330947951981148,16.992032525482575,17.804493814764857,210.5,15.855177109364869,54.62741699796949,0.2595126698240831,211.0,1.0621349108959144,0.9414999824800945,0.2941447931676447,30.74146614305232,0.9330947951981148,15.855177109364869,16.992032525482575,16.0,16.0,17.804493814764857,17.804493814764857,210.5,15.855177109364869,1.0621349108959144,0.9414999824800945,54.62741699796949,0.2595126698240831,211.0
"ytma10_010704_benign1_ccd.tif","8e09ccec-0698-49a3-a06b-158c18e3b526","Detection","Unclassified",39.47593307495117,93.49065399169922,210.0,,,80.0,120.0,2053631.0,1.3235692268793438,24.0,2.295508778133826,136.0,97.74761904761905,12.72589569160998,95.0,70.0,66.0,9.890481341265549,98.88981362150118,0.42939586559744514,14.986600969425306,2053631.0,0.45718820861678006,224.5982086167795,5.898282694848085,3.3561236984359755,0.7384259985670352,1.131993948161501,0.31836195508586523,0.5609878177169497,0.2813738441215324,0.9275996470464836,0.23919071493013688,0.8654777630999558,0.8630118890356671,0.9819255575413784,0.9449581682078381,-0.23273805044313284,0.6677135097423895,0.24900924702774108,2.3863936591809773,0.3214463335596083,2.2411939034728263,0.5099075297225891,4.772787318361956,1.8710783528711556,0.3625889758118415,3.7889864392279655,32.819047619047616,0.15628117913832199,5.90122448979592,96.00952380952381,0.38959183673469383,6.357142857142857,45.77142857142857,244.76666666666668,9.878604497354496,0.20486111111111116,0.06947890046671226,0.6480735746679624,0.011215645625289112,103.79432624113475,0.3680649866706906,0.56336451888738,7.960992907801418,16.76595744680851,87.95035460992908,3.700699369582348,0.18850965327029154,3.8895145276384935,76.50354609929079,0.2712891705648609,0.3357142857142857,7.893164327750112,0.5332164872959458,5.007510764096877,0.0944033464951029,5.8,0.38666666666666666,0.6933333333333334,10.933333333333334,1213.6,6123.666666666667,269.0578703703704,0.1601851851851852,3.2666666666666666,0.21777777777777776,0.3716706941085132,4.361679765495138,0.03770942383098706,2.682588730501833,0.07142857142857142,1017.6,2.464261610155873,0.04792926032435394,1.6954085303794915,0.0184047541845643,0.22080000000000002,0.5993754349357644,21.17721836043531,21.587033144922902,209.5,12.693104465515571,56.870057685088774,0.2714561226018557,210.0,1.1083750041751481,0.9022217175893453,0.2756027760787909,26.98792047491926,0.5993754349357644,12.693104465515571,21.17721836043531,13.0,21.0,21.587033144922902,21.587033144922902,209.5,12.693104465515571,1.1083750041751481,0.9022217175893453,56.870057685088774,0.2714561226018557,210.0
"ytma10_010704_benign1_ccd.tif","9e0f455b-916a-45d4-aa57-8bccd2691702","Detection","Unclassified",675.091064453125,750.927978515625,210.0,,,97.0,138.1,2955689.0,1.5496198746761787,20.75,2.6676062867758343,159.0,117.57619047619048,12.886439909297039,117.0,84.0,75.0,9.208781205139877,118.63688095954615,0.2164052648638403,15.828738323571457,2955689.0,0.3921541950113379,250.54895691609974,4.894736842105263,6.43450518958056,0.17312618001894997,1.5209123961218838,0.33026315789473687,0.6431854805146463,0.32763157894736844,0.9234783633290855,0.22292070637119113,0.8366228070175439,0.8364473684210524,0.9806191950464397,0.9345614035087717,-0.2607154038494014,0.7340734433084788,0.32532894736842105,2.1440789473684214,0.23188192520775622,2.5819607935927507,0.41710526315789476,4.288157894736841,2.24465081959643,0.46279388850415515,4.185022902950345,28.409523809523808,0.13528344671201814,4.451337868480726,82.35238095238095,0.5070521541950115,5.4523809523809526,38.98095238095238,182.78571428571428,12.531415343915345,0.30588624338624343,0.054014214327706374,0.44289351851851855,0.011936730686297643,112.8109756097561,0.3439359012492564,0.6379759071980965,6.439024390243903,10.99390243902439,53.47560975609756,3.2427168021680215,0.2810171070460704,3.9047271234592857,85.33536585365853,0.2601687983343248,0.3904761904761905,4.435306365258775,0.5113458973293291,4.025384094854897,0.10869343578646003,3.5454545454545454,0.32231404958677684,1.0578512396694215,9.0,1312.1818181818182,5894.454545454545,337.2638888888889,0.2720959595959596,1.1818181818181819,0.10743801652892562,0.15323466870049166,2.236981555218709,0.011929330887903867,3.459431618637298,0.05238095238095238,947.7190082644628,2.9207507705856455,0.047489644619159437,1.7128995405369996,0.025296556015919913,0.2333200765108044,0.7513366672153975,18.958150383476863,19.4164878389476,209.5,14.243953525689816,55.11269837220805,0.2630677726597043,210.0,1.0741247639777989,0.9309905455458516,0.28888938104689277,29.652779145823285,0.7513366672153975,14.243953525689816,18.958150383476863,15.0,19.0,19.4164878389476,19.4164878389476,209.5,14.243953525689816,1.0741247639777989,0.9309905455458516,55.11269837220805,0.2630677726597043,210.0
"ytma10_010704_benign1_ccd.tif","94b36def-d5e5-4252-b0e1-583d76f0ae39","Detection","Unclassified",681.964599609375,164.17405700683594,209.0,,,102.8,128.0,2803967.0,1.078007361569685,10.0,5.15093386450755,151.0,115.2488038277512,8.015567409171036,116.0,75.0,76.0,4.533659297052156,115.82793293436126,-0.679890212140414,11.568200556673071,2803967.0,0.5918133742359378,133.82326411941114,4.277556440903055,2.435722507565715,0.021819548681039636,0.6914810876017842,0.19256308100929614,0.5643586873904013,0.19256308100929614,0.706802540427751,0.15548254084150337,0.9037184594953519,0.9037184594953519,0.9886727599406295,0.9614873837981409,-0.26593446412939015,0.6370459819022312,0.19256308100929614,2.037848605577689,0.4953334074062317,1.6972786676298135,0.6918990703851262,4.075697211155378,1.5047155866205169,0.22101104215277007,3.199414672905045,47.07655502392345,0.22524667475561458,5.35450195737277,123.68899521531101,0.2587852842196836,4.650717703349282,51.8421052631579,207.78947368421052,15.255748272195643,0.28684875066454013,0.04687191237473192,0.3530326944706644,0.009524079069426815,91.04385964912281,0.3993151738996614,0.46835564789165907,6.057017543859649,26.54385964912281,109.64912280701755,7.220394736842105,0.2626705653021443,3.7775464706949204,51.59649122807018,0.2263004001231148,0.2727272727272727,13.099415204678364,0.48388731155982545,3.754528713757303,0.08903461396117496,3.5,0.4375,0.6875,8.25,3115.125,12538.0,800.7300347222222,0.23350694444444448,1.25,0.15625,0.2577350176596692,3.1911292692075377,0.02294601620015367,3.0,0.03827751196172249,2432.609375,1.6190317381893466,0.06377939797566895,1.210144341377894,0.00849228271060571,0.3250936431198104,0.5922718218086931,21.234256378717898,21.587033144922902,208.5,12.57645171017611,56.870057685088774,0.27275807043208045,209.0,1.1110297984074191,0.9000658681103133,0.2742872497013265,26.73089412490949,0.5922718218086931,12.57645171017611,21.234256378717898,13.0,21.0,21.587033144922902,21.587033144922902,208.5,12.57645171017611,1.1110297984074191,0.9000658681103133,56.870057685088774,0.27275807043208045,209.0
"ytma10_010704_benign1_ccd.tif","a8f92a54-a4fa-476e-9b22-18c806d92e77","Detection","Unclassified",720.1504516601562,222.4050750732422,209.0,,,86.0,131.40000000000003,2470580.0,1.6038524255969464,28.0,2.6897609110032423,162.0,107.13875598086125,15.445891806506255,103.0,77.0,85.0,11.511501698119794,108.72422424556103,0.6068456387768182,18.499835260685753,2470580.0,0.3604999885533756,342.2439046725119,3.4628647214854116,11.800086111612014,2.04519974783621,2.034442302415412,0.2480106100795756,0.7826806338725549,0.24270557029177722,0.8161750163084409,0.18910461622891883,0.8795313881520777,0.879177718832891,0.985504758932751,0.9516357206012379,-0.40172096574358623,0.8429262585180664,0.2380636604774536,1.7367374005305038,0.24585323895897382,2.466093477661442,0.3673740053050398,3.473474801061008,2.204072538022656,0.5706132281237467,4.013417654874796,34.71291866028708,0.16609051990567983,3.5990018543531517,75.3444976076555,0.6282823195439664,3.813397129186603,45.63157894736842,134.39712918660288,28.423744019138756,0.5393740031897927,0.03807567484729138,0.20084293526022848,0.014803211356312858,81.88973384030419,0.31136780927872315,0.7566106203646145,5.114068441064639,15.163498098859316,45.2319391634981,9.429499366286441,0.41693071398394593,4.279438963530835,45.7148288973384,0.17382064219520305,0.3145933014354067,5.059318480822333,0.35623016769698346,2.537489209927291,0.08496777065628225,1.6666666666666667,0.2777777777777778,0.9166666666666666,7.166666666666667,2525.1666666666665,6826.166666666667,1583.3020833333333,0.2974537037037037,1.0,0.16666666666666666,0.17572660722571118,0.7945766878900226,0.0423718259713845,2.584962500721156,0.028708133971291867,1311.8055555555557,3.4075153780888745,0.06830179620963157,1.3412232952446146,0.02270586630480817,0.4218892105941874,0.6219457814971316,20.715151490685024,20.808652046684813,208.5,12.883701082705569,56.52691193458114,0.27111228745602467,209.0,1.104326004363074,0.9055297041354698,0.2767886210660462,27.22066371426298,0.6219457814971316,12.883701082705569,20.715151490685024,17.0,18.0,20.808652046684813,20.808652046684813,208.5,12.883701082705569,1.104326004363074,0.9055297041354698,56.52691193458114,0.27111228745602467,209.0
"ytma10_010704_benign1_ccd.tif","e3cabc7d-ebdf-4d43-b18b-8e8274583e5f","Detection","Unclassified",421.90008544921875,345.81134033203125,209.0,,,129.0,166.0,4578728.0,1.3608592658268557,24.0,2.0244194161870115,177.0,147.311004784689,12.284425722854328,148.0,118.0,59.0,9.753838788003133,148.0128017222977,-0.008813991006092715,14.396435079892049,4578728.0,0.43737551795975366,207.2573430095464,6.104138851802403,4.267152049081994,0.11430735784085133,1.3281758856044819,0.2576769025367156,0.6750304890042879,0.2576769025367156,0.8232205137631442,0.19127951643579957,0.8711615487316422,0.8711615487316422,0.9848425351448992,0.9484646194926567,-0.3160943535184978,0.7625725717056022,0.2576769025367156,2.4158878504672896,0.27574728030787826,2.3203228909796203,0.40053404539385845,4.831775700934579,2.0626459884429047,0.3964631970352994,4.059094874717822,30.5311004784689,0.14608182047114307,4.887662828231955,91.41148325358851,0.3873079828758499,6.248803827751196,44.83732057416268,278.2775119617225,8.946870015948964,0.2229199893673578,0.05213674970253917,0.3905793433800953,0.011918345672783848,105.45,0.37660714285714286,0.5355102040816326,6.364285714285714,15.864285714285714,98.1,3.206150793650794,0.2559027777777778,4.075246568619464,67.07142857142857,0.23954081632653063,0.3349282296650718,6.949795918367348,0.4927359022494742,3.277962742338845,0.13775437662035805,3.0,0.2727272727272727,0.9752066115702479,7.454545454545454,1415.0,8654.545454545454,274.3087121212121,0.3017676767676768,1.5454545454545454,0.14049586776859505,0.23294003810035174,2.651642357476146,0.032517543184713914,3.2776134368191165,0.05263157894736842,1054.0,2.2012141858839973,0.04976289212087542,1.5137351736424065,0.016189308953446502,0.25084245517682047,0.5441055285913443,22.48211705781767,22.80350850198276,208.5,12.232644185596364,59.45584412271568,0.2851599238499553,209.0,1.1615464657269692,0.8609212196897665,0.256589747218217,23.39272653936811,0.5441055285913443,12.232644185596364,22.48211705781767,22.0,13.0,22.80350850198276,22.80350850198276,208.5,12.232644185596364,1.1615464657269692,0.8609212196897665,59.45584412271568,0.2851599238499553,209.0
"ytma10_010704_benign1_ccd.tif","5a0b056b-13e6-4c9f-9ae2-446afbf7b608","Detection","Unclassified",868.0877075195312,360.1372985839844,209.0,,,71.0,101.0,1515961.0,1.1898092162227862,17.0,2.1640840571228144,110.0,84.49282296650718,8.948970948467311,83.0,65.0,45.0,7.2549070247933765,85.16690621289233,0.3278742422707363,10.694147045280205,1515961.0,0.526384469220027,114.36478102607533,3.6924101198402126,2.93029523884626,-0.09647910479689537,0.9533032742849745,0.2237017310252996,0.6198797286060328,0.2237017310252996,0.7668693828635114,0.17365926656158415,0.8881491344873501,0.8881491344873501,0.9776298268974699,0.9440745672436751,-0.2820110934668126,0.6940889211952266,0.2237017310252996,1.873501997336884,0.3717387025909528,2.0021572719692555,0.5778961384820239,3.7470039946737685,1.7784555409439555,0.2942512513275686,3.6645628146339377,34.933014354066984,0.1671436093496028,3.478217073784941,110.01435406698565,0.30438863579130515,3.985645933014354,46.760765550239235,173.8803827751196,17.81977671451356,0.3811802232854864,0.04615618682348005,0.2810392676918366,0.013234817036813347,104.09881422924902,0.4114577637519724,0.43834460778952966,4.517786561264822,16.48221343873518,63.723320158102766,5.752305665349144,0.37527448397013613,3.9765954551670553,42.65217391304348,0.16858566764048805,0.3026315789473684,5.563498882969581,0.3366723893084299,2.0617228762266664,0.09546548097826961,3.75,0.46875,0.734375,6.375,2743.125,10887.125,758.2361111111111,0.3506944444444444,1.75,0.21875,0.40719823526341,3.659986402856644,0.045774816018225604,2.4056390622295662,0.03827751196172249,2060.609375,3.9575983227299,0.053451220737466096,0.6228932335699251,0.022568497436826422,0.126183460046928,0.5738447153190849,21.69530830325792,21.633307652783937,208.5,12.449738017042819,58.52691193458114,0.2807046135951134,209.0,1.1433985794098451,0.8745856589363098,0.2627227661264551,24.524358845355916,0.5738447153190849,12.449738017042819,21.69530830325792,17.0,19.0,21.633307652783937,21.633307652783937,208.5,12.449738017042819,1.1433985794098451,0.8745856589363098,58.52691193458114,0.2807046135951134,209.0
"ytma10_010704_benign1_ccd.tif","977d4c90-2886-4636-9e9a-5c9b850f7357","Detection","Unclassified",641.0067749023438,481.424072265625,209.0,,,57.8,101.0,1148075.0,1.2327888074744,19.0,3.834389549020315,126.0,72.19617224880383,13.29443007257159,65.0,52.0,74.0,9.248135569482855,74.1160024433443,1.3230131829705407,16.75990843658957,1148075.0,0.5252855932785423,280.8945308028662,1.986789960369881,7.694266211450181,2.3617989302686935,1.2318772042181383,0.29986789960369886,0.6084624016678722,0.2602377807133422,0.894469952825172,0.23214419709309325,0.8764861294583887,0.8738441215323648,0.9830600668272592,0.9492734478203435,-0.24242564034580055,0.6314705307475763,0.22556142668428003,1.324306472919419,0.4686178668839838,1.8442168910599677,0.6710700132100397,2.648612945838838,1.5296732832782731,0.38293627595545926,2.9125170908797258,51.86124401913876,0.24813992353654907,7.101668917836132,109.7846889952153,0.5035599001854354,2.550239234449761,49.38277511961722,63.411483253588514,46.854133439659755,0.7509968102073366,0.06936809918012926,0.4886331177872531,0.02106581463880963,88.9080459770115,0.3406438543180517,0.6331380925118538,4.850574712643678,23.593869731800766,32.86590038314176,22.017667092379735,0.4045338441890166,3.306327372581897,100.61685823754789,0.38550520397527926,0.31220095693779903,13.334243478516171,0.638951283343997,3.989218852696131,0.13420213851081195,4.090909090909091,0.371900826446281,0.6942148760330578,8.636363636363637,2002.4545454545455,2431.7272727272725,1912.3143939393938,0.20833333333333331,3.0,0.2727272727272727,0.4763810413159371,5.555132225028059,0.04423533292999438,2.663532754804255,0.05263157894736842,1641.4545454545455,3.811172161172161,0.06391465231390264,1.42862187930497,0.01873338820600123,0.4968154779383799,0.9332730461372427,16.903303404306435,17.46424919657298,208.5,15.775397457919091,54.28427124746186,0.2603562170142056,209.0,1.0605131310878686,0.9429397625413704,0.2941169848224995,30.7356538430483,0.9332730461372427,15.775397457919091,16.903303404306435,17.0,16.0,17.46424919657298,17.46424919657298,208.5,15.775397457919091,1.0605131310878686,0.9429397625413704,54.28427124746186,0.2603562170142056,209.0
"ytma10_010704_benign1_ccd.tif","02485dba-9c7d-44c8-a277-5bf6bf1b61bf","Detection","Unclassified",249.62008666992188,87.63895416259766,208.0,,,94.7,151.3,3107123.0,1.8679678713550663,32.0,2.183240388532684,173.0,120.45673076923077,17.40782174556215,119.5,83.0,90.0,13.307228915662673,122.22148479769768,0.2541615999310884,20.69462148827321,3107123.0,0.29299186390532544,428.2673585428992,5.399732620320855,13.462808447814563,0.43569002216325015,2.50601961737539,0.46524064171123003,0.6868395218571347,0.40909090909090917,1.1020114105283356,0.29788526981040353,0.8044786096256684,0.8010695187165775,0.9737087134318968,0.9200152788388082,-0.27392157813880763,0.7905838547503711,0.36311645870469406,2.2112299465240643,0.15180945980725785,3.090470845557854,0.27540106951871657,4.422459893048128,2.567658237129489,0.742815064771655,4.479607584946143,27.53846153846154,0.13239644970414202,4.65051775147929,60.94230769230769,0.8386649408284025,6.298076923076923,34.26923076923077,161.06730769230768,14.067274305555555,0.33370058760683763,0.10081321421909221,1.2009731640163188,0.015151963726492496,102.87027027027027,0.2780277574872169,0.9235646457268077,7.967567567567568,8.05945945945946,42.29189189189189,3.0075450450450445,0.2596096096096097,3.821657691711813,111.55675675675676,0.3015047479912345,0.44471153846153844,3.0030387143900663,0.5562711953639983,5.619220092882701,0.09364288944767842,9.842105263157896,0.518005540166205,0.6703601108033241,13.105263157894736,538.3157894736842,2531.157894736842,183.82419590643275,0.13194444444444445,7.0,0.3684210526315789,0.6071547526271083,9.33706959087788,0.040595020033587365,2.394281147713395,0.09134615384615384,418.47091412742384,3.631998556998557,0.05423176630677699,1.7190019652595414,0.049154124001990804,0.2313626609710721,0.6446142525213158,20.470250662833063,21.400934559032695,207.5,13.195415329946103,57.455844122715675,0.2768956343263406,208.0,1.125175396129496,0.8887503258957774,0.2688077900274906,25.673551312262052,0.6446142525213158,13.195415329946103,20.470250662833063,16.0,18.0,21.400934559032695,21.400934559032695,207.5,13.195415329946103,1.125175396129496,0.8887503258957774,57.455844122715675,0.2768956343263406,208.0
"ytma10_010704_benign1_ccd.tif","eac2ec20-3a82-41e4-901c-7a69ff2b9d27","Detection","Unclassified",258.8629455566406,127.76317596435547,206.0,,,80.0,132.5,2329012.0,1.7653152194655581,34.75,3.2382468168727723,179.0,104.0,18.49514563106796,98.0,70.0,109.0,13.58368413412687,106.32912815943537,0.8099927046007059,22.13331188831963,2329012.0,0.35234235083419735,489.88349514563106,6.907608695652174,15.34897531011932,2.61526314434504,2.2230309989366726,0.5665760869565215,0.593795061805192,0.4551630434782608,1.1711542587500097,0.3594026908081285,0.7874547101449273,0.7831761508951405,0.9854483978125281,0.9367850672877845,-0.20993878266797456,0.7076828345720916,0.38834163647342995,2.548233695652174,0.208077962547259,2.962044530621001,0.40353260869565216,5.096467391304348,2.4144043031570055,0.6974017714732987,4.197063012001376,25.07766990291262,0.12173626166462438,5.224432085964746,72.58252427184466,0.8165708360825713,7.893203883495145,32.20388349514563,179.7766990291262,7.213890237324703,0.19978020496224383,0.10444252880943819,1.495485920006262,0.013147517884356185,112.17857142857143,0.2861698250728863,1.012436224489796,9.90561224489796,7.98469387755102,47.46938775510204,1.7632624716553285,0.17902069160997736,3.76300206595355,142.41836734693877,0.3633121615993336,0.47572815533980584,3.566118284048312,0.6218124549281163,7.237690319041448,0.09846384104118783,5.7272727272727275,0.2603305785123967,1.605371900826446,14.5,531.9090909090909,2616.909090909091,123.43806818181817,0.1665151515151515,4.818181818181818,0.2190082644628099,0.46677205392361265,9.185334575265214,0.03556883610465899,3.749902506162895,0.10679611650485436,444.2314049586776,1.3390272556390974,0.04819643556943738,5.466165341593873,0.02042150663801121,0.6892331917298117,0.5908928051975502,21.66283889961061,21.470910553583888,205.5,12.800415645933523,60.76955262170043,0.295715584533822,206.0,1.1958458315569132,0.8362281939788722,0.24474162042847677,21.282268033211103,0.5908928051975502,12.800415645933523,21.66283889961061,18.0,20.0,21.470910553583888,21.470910553583888,205.5,12.800415645933523,1.1958458315569132,0.8362281939788722,60.76955262170043,0.295715584533822,206.0
"ytma10_010704_benign1_ccd.tif","009433e4-2da9-48b1-939c-101ec83ed15a","Detection","Unclassified",629.8789672851562,216.71917724609375,206.0,,,57.0,105.5,1291677.0,1.4580461424894584,31.0,2.2872953646561673,126.0,76.79126213592232,16.783485719671983,69.0,51.0,75.0,13.112811791383226,79.18507876506234,0.7192446187140359,19.323011116313836,1291677.0,0.41705155999622956,373.37875860118805,2.585464333781965,9.284427457684636,2.451920067846008,1.703895849824925,0.37819650067294747,0.6367149607148669,0.3189771197846568,1.0057354949880934,0.27645009772683227,0.8503813369223869,0.8464333781965009,0.9787981949172669,0.9381785554060116,-0.24646574400733118,0.6930724569702973,0.2671601615074024,1.5013458950201883,0.32289434452376514,2.3286424764002773,0.5370121130551817,3.0026917900403767,1.9253487427305576,0.5205230876244681,3.7458136062149414,32.54368932038835,0.15797907437081724,6.857856536902632,85.9126213592233,0.6161749458007353,3.2135922330097086,44.38834951456311,81.62135922330097,37.78371089536138,0.651901294498382,0.08261142406441181,0.5565760814394078,0.022026038846808444,99.52702702702703,0.3362399561723886,0.6303871439006574,5.1891891891891895,15.702702702702704,28.91891891891892,13.46213400900901,0.3758211336336336,3.5381209486642797,98.6891891891892,0.33340942293645,0.3592233009708738,7.953250547845142,0.5978803211143788,3.9115916727721594,0.12479858450957663,8.176470588235293,0.4809688581314879,0.4429065743944638,7.764705882352941,944.8235294117648,1434.3529411764705,838.2009803921568,0.19321895424836602,3.823529411764706,0.22491349480968859,0.4327322599367613,3.858469252906602,0.05123219833191905,2.9398290174664026,0.0825242718446602,797.9861591695501,5.617107780612246,0.05457392505546804,1.7538680688598802,0.028821775365905127,0.36743026717621347,0.7101942782204589,19.34400429794641,19.72308292331602,205.5,13.738001170273506,55.698484809834966,0.2710388555223113,206.0,1.0960554753219018,0.9123625788250442,0.2789149660526398,27.640499229254868,0.7101942782204589,13.738001170273506,19.34400429794641,17.0,17.0,19.72308292331602,19.72308292331602,205.5,13.738001170273506,1.0960554753219018,0.9123625788250442,55.698484809834966,0.2710388555223113,206.0
"ytma10_010704_benign1_ccd.tif","e56e24ba-86e6-4a56-8e7d-5055280b6c44","Detection","Unclassified",755.940185546875,305.0922546386719,206.0,,,96.5,131.0,2651002.0,1.2665658392653587,17.0,3.0398018415892283,153.0,112.64077669902913,10.619851069846366,111.0,86.0,67.0,7.223213957759417,113.44135818815295,0.4958193179160654,13.453518952760003,2651002.0,0.5066924309548497,180.9971722122726,4.051630434782609,3.3866371886178226,-0.00693474151393178,0.9631379962192816,0.2391304347826087,0.6022012578616351,0.2391304347826087,0.7935912300117065,0.18194706994328924,0.8804347826086957,0.8804347826086957,0.9859335038363172,0.9521739130434782,-0.2647019105942586,0.6821361290560546,0.2391304347826087,1.9673913043478262,0.37699004607750486,2.052145874577064,0.5896739130434783,3.9347826086956523,1.8130154397944558,0.30056710775047263,3.7423639251537195,32.42718446601942,0.15741351682533697,4.847959279856727,104.37864077669903,0.33942878687906497,4.41747572815534,46.28155339805825,181.72815533980582,15.561926914778857,0.34267125134843585,0.049126095871646035,0.34139096581638767,0.01266424640019618,95.53787878787878,0.3618859044995409,0.550275482093664,5.3106060606060606,17.507575757575758,70.86363636363636,5.406460437710438,0.33954124579124584,3.9933484171917146,56.196969696969695,0.21286730945821855,0.32038834951456313,7.765610651974288,0.4539510831195488,3.061161024397387,0.12015855851838328,4.2,0.42,0.8400000000000001,7.6,2027.0,8116.0,545.4756944444445,0.2979166666666667,1.4,0.14,0.17582084659578914,2.272708848222405,0.015747800978022326,2.9219280948873623,0.04854368932038835,1602.64,2.0658592248558616,0.05589483089100314,1.48113119763406,0.013307240460393565,0.30053581241985716,0.49086811697009997,23.359904906768584,23.08679276123039,205.5,11.466632534186093,60.04163056034258,0.2921733847218617,206.0,1.1815215108203103,0.8463663089008993,0.24920581555730598,22.065744851195536,0.49086811697009997,11.466632534186093,23.359904906768584,12.0,22.0,23.08679276123039,23.08679276123039,205.5,11.466632534186093,1.1815215108203103,0.8463663089008993,60.04163056034258,0.2921733847218617,206.0
"ytma10_010704_benign1_ccd.tif","c00f83ec-b922-4106-adc3-5c1f879b6b9d","Detection","Unclassified",670.1808471679688,399.1074523925781,206.0,,,98.0,146.5,3112190.0,1.7297707116343726,31.5,2.2352884843762113,171.0,121.4368932038835,16.01451597700066,120.0,90.0,81.0,12.477891156462587,122.91345917596634,0.3672996164985298,18.99472072946944,3112190.0,0.33891035912904144,360.799415590536,5.542005420054201,10.246875920765014,0.40341880464361324,1.9967263019513666,0.39701897018970184,0.6682863671332988,0.3672086720867208,1.0251618799021847,0.26217676133400897,0.821364046973803,0.8193766937669378,0.9771720070141878,0.9275519421860887,-0.2686323081309465,0.7682120705129392,0.3411246612466124,2.2676151761517613,0.18722504975727267,2.874406330075111,0.34552845528455284,4.535230352303524,2.444782344767115,0.5984363180352672,4.079189820003147,36.87378640776699,0.17899896314449995,3.2107644452823076,69.81553398058253,0.661254595155057,6.296116504854369,35.029126213592235,180.94660194174756,11.009135652642932,0.2856324163969795,0.05223415786667058,0.4873392617115167,0.011048476390686126,105.16184971098266,0.3039359818236493,0.7921079889070801,7.468208092485549,9.046242774566474,49.95375722543353,2.559128131021195,0.25692437379576105,3.8834931389762493,92.54335260115607,0.2674663369975609,0.4199029126213592,3.374686758662168,0.5003656283472144,4.638697234937507,0.09737268007525632,2.75,0.34375,1.609375,9.875,1732.75,10033.625,380.62586805555554,0.3263888888888889,1.0,0.125,0.1668741177363232,2.6468100046619822,0.011859896926110324,3.0,0.038834951456310676,1069.6875,3.164364482635159,0.0489473380500494,1.7349789424918596,0.036687962016562214,0.2248225750234443,0.49185387559298727,23.239991690027573,23.706539182259394,205.5,11.43067998148888,59.11269837220806,0.28765303344140175,206.0,1.163241638136452,0.8596666137244107,0.25510308650838565,23.122440605607213,0.49185387559298727,11.43067998148888,23.239991690027573,21.0,15.0,23.706539182259394,23.706539182259394,205.5,11.43067998148888,1.163241638136452,0.8596666137244107,59.11269837220806,0.28765303344140175,206.0
"ytma10_010704_benign1_ccd.tif","d39f66f2-2e6e-4710-814b-c002fe07b818","Detection","Unclassified",679.6372680664062,458.32989501953125,206.0,,,68.5,119.0,1767412.0,1.6922788757668852,23.0,2.8578320575240124,144.0,90.67961165048544,15.283815628240154,86.0,62.0,82.0,10.951037649219463,92.62650756080907,0.7545806296832382,18.891213138117074,1767412.0,0.35795079649354317,356.8779338297671,4.5075034106412,11.543409221844875,1.0786787136289484,1.966074123981693,0.34242837653478847,0.7033328952789293,0.3260572987721691,0.9569211972055607,0.2361150144521849,0.8396998635743519,0.8386084583901774,0.9801460556937643,0.9353342428376535,-0.3278032371262062,0.8059706400562899,0.31173260572987715,2.0252387448840383,0.23043743683566945,2.674691571973858,0.4147339699863574,4.050477489768077,2.310432996897844,0.5771256251291204,3.8544098719447484,30.262135922330096,0.1469035724384956,5.347723630879442,73.7378640776699,0.6575784711094356,5.199029126213592,39.62135922330097,140.61650485436894,18.3061286407767,0.3650552858683927,0.0636045065275301,0.6204558836749371,0.012105492322783122,102.37654320987654,0.31597698521566836,0.7360444292028655,7.188271604938271,11.697530864197532,46.17901234567901,4.875000000000001,0.25486539780521267,3.745207442528079,95.49382716049382,0.29473403444596863,0.3932038834951456,5.229614388050601,0.5561810036657552,5.114327717083633,0.08059691923751666,4.333333333333333,0.48148148148148145,1.1111111111111112,12.222222222222221,1674.2222222222222,7218.777777777777,541.7831790123457,0.19290123456790123,1.8888888888888888,0.20987654320987653,0.3921026821366709,6.272221115137075,0.024567398445288595,2.4193819456463714,0.043689320388349516,1150.3209876543212,2.8330767826721837,0.0619356612179463,1.3684564815396383,0.029411917311185573,0.29574039004715336,0.39831112186446127,25.877141976667104,25.632011235952593,205.5,10.307153451372217,62.52691193458115,0.30426721136049223,206.0,1.2304278009510021,0.8127254595735697,0.23449652932729528,19.537774139943114,0.39831112186446127,10.307153451372217,25.877141976667104,24.0,14.0,25.632011235952593,25.632011235952593,205.5,10.307153451372217,1.2304278009510021,0.8127254595735697,62.52691193458115,0.30426721136049223,206.0
"ytma10_010704_benign1_ccd.tif","c1d7ec97-bef4-4425-85d8-c796071d9432","Detection","Unclassified",189.1682891845703,321.1393737792969,205.0,,,91.0,122.0,2315017.0,1.261340010468346,17.0,3.0563735618412395,147.0,105.52682926829269,10.145342058298628,105.0,80.0,67.0,7.404703149949197,106.26742611759512,0.4549054075964615,12.524143014160424,2315017.0,0.4622724568709101,156.85415823914335,2.9986522911051217,2.383524715945617,-7.796856430145604E-4,1.0476620338416605,0.23315363881401613,0.6359294412277305,0.22237196765498649,0.7910347069388399,0.18370434681526582,0.8906109613656784,0.8898921832884098,0.9771822517105536,0.9449460916442048,-0.30254906181627567,0.7199365998149209,0.21293800539083554,1.671832884097035,0.32063393174998733,2.049099339692472,0.46630727762803237,3.3436657681940702,1.7896080696399,0.3202039181639192,3.7654258873190223,35.048780487804876,0.17096966091612137,4.436311719214753,94.76585365853659,0.3448899464604403,3.3268292682926828,48.90243902439025,141.2780487804878,26.48604336043361,0.4995934959349594,0.04212028971480191,0.22270662343528197,0.01428776831419108,96.0376569037657,0.4018312004341661,0.45212793893664327,4.205020920502092,18.803347280334727,55.28870292887029,10.119014411901443,0.4172477917247792,3.9149229185557433,42.50627615062761,0.17785052782689378,0.2914634146341463,7.031844680590328,0.3764956605963847,2.2326068750632686,0.09458599324703298,3.75,0.46875,0.5,6.75,1530.375,4269.25,854.1284722222222,0.2569444444444444,1.25,0.15625,0.1988819716293818,1.7893771076266545,0.022130101210310518,2.75,0.03902439024390244,873.734375,4.769806316308907,0.05567187089815992,0.6530181866523641,0.02602897645235957,0.1404109331952045,0.888701829664734,17.14491864992181,17.4928556845359,204.5,15.236720573638534,53.45584412271568,0.26139777077122583,205.0,1.0544927634712173,0.9483232456789593,0.29520627731384286,30.963740741842,0.888701829664734,15.236720573638534,17.14491864992181,16.0,16.0,17.4928556845359,17.4928556845359,204.5,15.236720573638534,1.0544927634712173,0.9483232456789593,53.45584412271568,0.26139777077122583,205.0
"ytma10_010704_benign1_ccd.tif","ef6070b9-ae4c-4805-a655-9cd2aac92b43","Detection","Unclassified",581.4754028320312,409.8820495605469,204.0,,,104.3,144.70000000000002,3267984.0,1.5475430465553035,17.0,3.105666503179581,163.0,125.65686274509804,11.63417916186085,126.0,87.0,76.0,7.44131992074378,126.56827964290542,-0.19964888483146134,15.161868513619893,3267984.0,0.3905228758169935,229.8822568242983,6.371777476255089,6.573997447373244,-0.44763503855169984,1.5731825638061085,0.3052917232021709,0.6749577832248227,0.3052917232021709,0.8876635933232471,0.21208868694641997,0.8473541383989145,0.8473541383989145,0.9820416633410489,0.9389416553595658,-0.29437073133438096,0.7651009895276115,0.3052917232021709,2.460651289009498,0.22927762814151767,2.5505624032549017,0.32700135685210313,4.921302578018995,2.2452706800527307,0.4696185717520698,4.079773109050086,31.176470588235293,0.15282583621683968,3.6466743560169164,79.66666666666667,0.5040369088811996,6.901960784313726,39.88235294117647,249.42156862745097,9.037411492374728,0.22116693899782133,0.0523407256421087,0.5300228756626107,0.008699537085067223,104.26973684210526,0.34299255540166207,0.6460786011080332,7.815789473684211,11.151315789473685,72.48684210526316,2.3845029239766085,0.21116593567251465,4.005708314398726,67.88157894736842,0.2232946675900277,0.37254901960784315,3.9463296398891967,0.44137140671684594,4.2687247799543,0.07499002189073474,3.4444444444444446,0.38271604938271603,1.2098765432098766,10.88888888888889,1616.6666666666667,11492.222222222223,277.9128086419753,0.21373456790123457,1.2222222222222223,0.13580246913580246,0.2670415795578653,4.251440674231152,0.017483263090049557,2.94770277922009,0.04411764705882353,1102.888888888889,2.1161546338965698,0.05182864125240451,1.5592015675348723,0.02342720568003034,0.2467762027385659,0.7230278123664347,18.95131607158834,19.235384061671343,203.5,13.702328600705373,54.28427124746187,0.2667531756632033,204.0,1.0734624890931839,0.9315649220726456,0.2870638197188424,29.279197208834976,0.7230278123664347,13.702328600705373,18.95131607158834,17.0,16.0,19.235384061671343,19.235384061671343,203.5,13.702328600705373,1.0734624890931839,0.9315649220726456,54.28427124746187,0.2667531756632033,204.0
"ytma10_010704_benign1_ccd.tif","936f87cc-ec57-468a-8220-fd09b9469592","Detection","Unclassified",79.31818389892578,503.2600402832031,204.0,,,84.3,129.70000000000002,2412813.0,1.4767792980621905,25.0,2.2266743376744746,149.0,107.44607843137256,13.988610149942351,106.5,76.0,73.0,10.334705075445815,108.75437786996142,0.1262885758804458,16.818291696890377,2412813.0,0.38105536332179935,282.8549356016918,3.41112618724559,4.71305470481586,0.3509256608873279,1.5249397517163168,0.2876526458616011,0.6826063639613872,0.28222523744911804,0.8768255516470496,0.20800156120839003,0.8597919493441882,0.8594301221166893,0.9714852311867237,0.9297150610583448,-0.3204892322759517,0.7740145216769084,0.2774762550881954,1.761194029850746,0.24061571996929132,2.394993299051295,0.3514246947082768,3.522388059701493,2.0925100987881713,0.4531480993944795,3.9345144559134337,32.01960784313726,0.15695886197616302,4.741926182237601,77.73529411764706,0.488538062283737,3.8676470588235294,43.254901960784316,126.09313725490196,25.617238562091504,0.4791666666666667,0.05324773273506934,0.3395488735617703,0.01473676121683241,108.32631578947368,0.3800923361034164,0.4909325946445059,5.192982456140351,13.810526315789474,41.27017543859649,8.177582846003899,0.33382066276803124,3.7323797463479895,67.27368421052631,0.23604801477377654,0.3492647058823529,5.612853185595568,0.48414833083846526,3.218351281410378,0.10236115112028142,4.75,0.59375,0.484375,7.375,1881.0,6042.375,908.1562499999999,0.23958333333333334,1.25,0.15625,0.2913671337890804,2.6220303951909782,0.032399235105272615,2.75,0.0392156862745098,1230.75,6.9593853820598,0.05680801040684561,0.6659941754479568,0.04250855133127995,0.13310942404727874,0.7881593521597378,18.155700620460312,18.384776310850235,203.5,14.309585239028149,54.28427124746187,0.2667531756632033,204.0,1.0734624890931839,0.9315649220726456,0.2870638197188424,29.279197208834976,0.7881593521597378,14.309585239028149,18.155700620460312,17.0,16.0,18.384776310850235,18.384776310850235,203.5,14.309585239028149,1.0734624890931839,0.9315649220726456,54.28427124746187,0.2667531756632033,204.0
"ytma10_010704_benign1_ccd.tif","11ffe895-38a0-4b6a-9cc4-4d1260854f80","Detection","Unclassified",561.2876586914062,370.0303955078125,202.0,,,85.0,117.9,1982443.0,1.21693535944497,16.0,4.327345987257239,150.0,98.06435643564356,11.14287814920103,93.0,81.0,69.0,7.245090852976344,99.066009596762,1.3252431354469096,14.051912833802922,1982443.0,0.5059798059013823,197.45625428879524,1.965753424657534,4.577357409819854,1.5278248714066471,1.034385438168512,0.26301369863013707,0.5945523761035836,0.24109589041095889,0.8418128083617106,0.20488647025708384,0.8831050228310503,0.8816438356164383,0.9849153908138595,0.9525114155251141,-0.24785446303947997,0.6382132332410242,0.22191780821917806,1.3315068493150686,0.431210358416213,1.8489419728329923,0.6328767123287671,2.6630136986301367,1.567143252883244,0.3243497841996623,3.029095004221196,46.336633663366335,0.2293892755612195,6.067640427409078,102.20792079207921,0.4128026664052543,2.4455445544554455,49.15841584158416,68.76237623762377,44.667388613861384,0.7295448294829482,0.0617594268638882,0.3961254884700488,0.019899515178275196,93.73983739837398,0.3810562495868861,0.5268028290038997,4.365853658536586,22.75609756097561,32.7479674796748,20.665198735320683,0.421070460704607,3.454615729973122,72.28455284552845,0.29383964571353033,0.30445544554455445,11.967810165906533,0.5558520048122578,3.2613334955115185,0.12360363354264185,4.2,0.42,0.61,7.9,1983.0,2732.0,1801.8090277777778,0.2229166666666667,2.2,0.22,0.4409788472034819,4.658342615627518,0.044431114974016084,2.8464393446710154,0.04950495049504951,1574.9599999999998,3.5506163084702904,0.06293311020415429,1.5289669281546647,0.015500373570866555,0.49516346423802154,0.7845950833296779,18.124317415924214,18.788294228055936,201.5,14.220250333240589,53.698484809834966,0.2664937211406202,202.0,1.0671355163111382,0.937088106163675,0.28890633623713746,29.65625994711725,0.7845950833296779,14.220250333240589,18.124317415924214,16.0,17.0,18.788294228055936,18.788294228055936,201.5,14.220250333240589,1.0671355163111382,0.937088106163675,53.698484809834966,0.2664937211406202,202.0
"ytma10_010704_benign1_ccd.tif","d1d83c47-6e90-4302-984e-dbd3e0ca8410","Detection","Unclassified",82.35628509521484,454.618896484375,202.0,,,93.0,122.0,2239256.0,1.3087172323747682,12.0,4.608497098684508,147.0,104.62376237623762,8.738653073228129,102.0,84.0,63.0,5.341487578113092,105.28734844497822,1.2119449950517815,11.802291676400056,2239256.0,0.4414763258504068,139.29408881482206,2.9588477366255144,2.7883973553770973,0.2680632928528469,1.062612782980613,0.30178326474622774,0.5576309895517283,0.30178326474622774,0.8834598374847507,0.21071012586533594,0.8491083676268861,0.8491083676268861,0.9698216735253772,0.9245541838134429,-0.2105000719422226,0.6390690418452714,0.30178326474622774,1.663923182441701,0.26353442809267635,2.231306581103271,0.3950617283950617,3.3278463648834022,1.9295233163570429,0.3410990119317102,4.026540908535878,28.445544554455445,0.1408195274973042,4.325164199588276,89.17821782178218,0.37300264679933337,3.3069306930693068,40.801980198019805,120.02970297029702,22.122662266226627,0.5167766776677668,0.053631972820297906,0.26877114468816493,0.019444417354859068,117.42140468227424,0.39271372803436205,0.4647822731289359,3.8361204013377925,11.85953177257525,36.80936454849498,6.082868821999257,0.47305834262356006,3.757079763828723,69.52842809364549,0.23253654880817887,0.37004950495049505,4.556884151183993,0.46663487344646765,2.246539422687197,0.16325108098949973,2.75,0.34375,0.609375,5.125,1871.0,5873.5,901.9027777777778,0.3854166666666667,1.25,0.15625,0.2863492338356911,2.3904405532801354,0.03872146570297509,2.75,0.039603960396039604,1233.4375,7.287869822485207,0.041001908009580645,0.903216063732688,0.03693608443535751,0.11219563839455741,0.6649774955247931,19.660586823359672,19.924858845171276,201.5,13.073847786345464,54.04163056034259,0.2681966777188218,202.0,1.0739547593295344,0.9311379192772476,0.28615902526090703,29.094918284649737,0.6649774955247931,13.073847786345464,19.660586823359672,19.0,13.0,19.924858845171276,19.924858845171276,201.5,13.073847786345464,1.0739547593295344,0.9311379192772476,54.04163056034259,0.2681966777188218,202.0
"ytma10_010704_benign1_ccd.tif","e7d8c582-5888-4dea-9529-32d0f61c1f27","Detection","Unclassified",787.2427368164062,490.763427734375,202.0,,,98.1,145.0,2976905.0,1.6311531490661078,31.75,1.9850590502410619,160.0,120.05445544554455,15.48505048524655,117.0,91.0,69.0,12.283874409388805,121.39667814790705,0.3224166975087533,18.002255220396474,2976905.0,0.370110773453583,324.0811930202921,5.31129476584022,8.270916409086391,0.413897540497191,1.7625541667615299,0.3112947658402204,0.6997903165013226,0.3057851239669422,0.9076013143088488,0.21779022380074217,0.8480257116620754,0.8476584022038568,0.9817857721601035,0.939026629935721,-0.31082261287195523,0.7884361281530703,0.3009641873278237,2.224517906336088,0.2279898914008606,2.640877912788061,0.4049586776859504,4.449035812672176,2.316848731811766,0.5184622331504376,4.213834904216042,28.534653465346533,0.1412606607195373,4.197921772375257,74.76237623762377,0.5710469561807665,5.915841584158416,40.31683168316832,205.4108910891089,11.896211496149615,0.28723184818481845,0.047875654983298786,0.4000777888162966,0.010770252256313437,94.47682119205298,0.3128371562650761,0.753300293846761,7.0198675496688745,11.907284768211921,63.629139072847686,3.245125091979396,0.27179911699779263,4.106940890272102,71.43708609271523,0.23654664269111003,0.37376237623762376,4.749002236744003,0.4686901725232186,4.099870589424001,0.09996035605102785,2.5555555555555554,0.2839506172839506,1.2839506172839508,9.0,1549.7777777777778,8071.444444444444,365.50694444444446,0.3078703703703704,1.2222222222222223,0.13580246913580246,0.061894027307031835,0.7134790114005767,0.008620438539436325,2.94770277922009,0.04455445544554455,1046.0246913580247,2.566966477312574,0.057947059446279106,1.4871651099138274,0.02625656044228877,0.2665024785788057,0.5880369816019716,20.95351920834045,21.400934559032695,201.5,12.32144418921145,56.284271247461874,0.27932640817598947,202.0,1.118522153289058,0.894036829811069,0.2692275772928829,25.75380081139783,0.5880369816019716,12.32144418921145,20.95351920834045,16.0,18.0,21.400934559032695,21.400934559032695,201.5,12.32144418921145,1.118522153289058,0.894036829811069,56.284271247461874,0.27932640817598947,202.0
"ytma10_010704_benign1_ccd.tif","bc12d504-19e3-4c94-93a7-02fc9a226312","Detection","Unclassified",30.52274513244629,646.7568359375,202.0,,,85.0,136.0,2442775.0,1.6849392826267648,30.75,2.320276792088878,159.0,108.16336633663366,16.552347809038366,107.0,77.0,82.0,12.581923487273281,109.96792961838672,0.4981588294321523,19.840154416779104,2442775.0,0.33746691500833254,393.63172728163937,3.437762237762237,11.34799328836509,2.0450327900863376,2.1007579832754666,0.38041958041958046,0.6933556179243797,0.3524475524475524,1.007386485640571,0.25620030319331016,0.8284382284382287,0.8265734265734267,0.9781160016454132,0.9304428904428904,-0.2887430510749105,0.7726853252825846,0.32797202797202796,1.7342657342657344,0.21454936671719882,2.6934038608915647,0.3734265734265734,3.4685314685314688,2.276913225360972,0.6202943909237616,4.056002604243586,28.564356435643564,0.14140770512694834,5.909518674639741,68.16831683168317,0.717013037937457,4.163366336633663,38.20792079207921,94.83663366336634,27.182446369636967,0.5211427392739274,0.07309584225145871,0.5891509960236386,0.0180644520482377,106.76716417910448,0.3187079527734462,0.7216217420360884,5.991044776119403,11.522388059701493,30.555223880597016,8.12777777777778,0.32696932006633495,3.548763934739065,119.96716417910447,0.3581109378480731,0.4146039603960396,5.704932056137224,0.6179275936795718,4.566957077778352,0.12116047970296949,4.384615384615385,0.33727810650887574,0.7692307692307693,9.76923076923077,916.4615384615385,2373.0,610.0165598290598,0.18589743589743588,1.9230769230769231,0.14792899408284024,0.3056849731559931,4.014505786068554,0.025366640773057017,3.3927474104487847,0.06435643564356436,675.0177514792898,4.283453887884267,0.05969393139841688,1.6228146330583928,0.03496889374649357,0.32227471518601153,0.424768279295928,25.868265854510344,24.515301344262525,201.5,10.988018775389966,63.94112549695424,0.3173256848484082,202.0,1.2706847541852877,0.786977255142374,0.2223461937750328,17.565545643321062,0.424768279295928,10.988018775389966,25.868265854510344,14.0,24.0,24.515301344262525,24.515301344262525,201.5,10.988018775389966,1.2706847541852877,0.786977255142374,63.94112549695424,0.3173256848484082,202.0
"ytma10_010704_benign1_ccd.tif","c2acfdad-0cb3-4d56-b711-a10c24dd39b5","Detection","Unclassified",281.3763427734375,154.8040313720703,201.0,,,103.0,147.0,3227211.0,1.4540088354787417,24.0,2.2270734451114604,164.0,125.67661691542288,13.49149773520456,128.0,91.0,73.0,10.5264279155188,126.71138906745118,-0.07738851082229942,16.160571775064998,3227211.0,0.4171431400212866,261.1640800970274,6.875690607734808,5.354991356935725,-0.571223178213011,1.463126888678612,0.19060773480662985,0.7694820775960722,0.19060773480662985,0.7027410642560996,0.1542764262385153,0.9046961325966851,0.9046961325966851,0.9887877803054924,0.9618784530386741,-0.4408620045807285,0.8419858348911362,0.19060773480662985,2.5607734806629834,0.3154303134824945,2.1824620592114283,0.4530386740331492,5.121546961325968,1.9918543244047986,0.4134336558713104,3.760283151980843,38.52238805970149,0.19165367193881339,4.259944060790575,83.8457711442786,0.44142471720997006,7.134328358208955,50.92039800995025,354.0,9.323037589828635,0.19817578772802652,0.04166309498739609,0.39256668283676105,0.0072546379035716415,69.5229357798165,0.3189125494486996,0.7251914821984684,7.706422018348624,21.75229357798165,156.39449541284404,3.818042813455658,0.22139398572884816,4.338613843080718,36.79816513761468,0.1687989226496086,0.27114427860696516,8.150408214796736,0.38559298536352427,3.7080964067713946,0.08175756478432682,1.6666666666666667,0.2777777777777778,1.1388888888888888,9.166666666666666,2771.5,19799.666666666668,460.9050925925926,0.2662037037037037,1.3333333333333333,0.2222222222222222,0.3373579538578521,4.191563265722027,0.031633931649686885,2.584962500721156,0.029850746268656716,1649.25,1.341811918990704,0.07460032227834086,1.1257279976211265,0.014667532772705208,0.3391852123476968,0.7250042980244695,18.79228037204203,19.1049731745428,200.5,13.62448403941135,54.870057685088774,0.27366612311764976,201.0,1.0931337327113648,0.914801153853006,0.2783148089344951,27.521675953216914,0.7250042980244695,13.62448403941135,18.79228037204203,14.0,19.0,19.1049731745428,19.1049731745428,200.5,13.62448403941135,1.0931337327113648,0.914801153853006,54.870057685088774,0.27366612311764976,201.0
"ytma10_010704_benign1_ccd.tif","28496d4f-de68-49f3-a1c1-2688f7e35f23","Detection","Unclassified",90.22527313232422,207.54281616210938,201.0,,,75.0,102.0,1575932.0,1.027047513828999,16.0,2.8817110909919372,119.0,87.86069651741293,8.906413207593872,87.0,68.0,51.0,6.314185409513531,88.54635910890286,0.4837265829448502,10.997987039356277,1575932.0,0.608722556372367,120.95571891784866,4.048022598870056,1.9129168522088191,-0.0747254161817909,0.6361258737910561,0.2076271186440678,0.5078485753399395,0.2076271186440678,0.7369225139354291,0.16451809824763,0.896186440677966,0.896186440677966,0.9792372881355933,0.948093220338983,-0.20672137827496817,0.5709282753473097,0.2076271186440678,1.9851694915254237,0.4859505170927894,1.7109616975516326,0.6850282485875706,3.9703389830508478,1.5033345789075647,0.21093824810878098,3.3628806908077067,32.333333333333336,0.16086235489220563,4.392515036756516,122.35323383084577,0.23722185094428352,4.398009950248756,47.71641791044776,190.08955223880596,14.146351575456052,0.3052791597567717,0.06188165841239758,0.4029244250215288,0.01725729131020383,98.04526748971193,0.4034784670358516,0.444579925146912,5.20164609053498,18.16460905349794,74.0246913580247,5.123228166438044,0.31538637402834935,3.796451348773041,44.711934156378604,0.18399972903859507,0.30223880597014924,7.217497332723669,0.4035879762846668,2.7114803916498698,0.11423617000979394,6.166666666666667,0.5138888888888888,0.7430555555555557,6.583333333333333,1993.0833333333333,8006.666666666667,512.0949074074074,0.34490740740740744,3.5,0.2916666666666667,0.532216853290577,4.046588972785911,0.14172957895038368,2.617492461184755,0.05970149253731343,1712.5208333333333,2.92142649017649,0.060141612766948765,0.5979892292961443,0.01672804642210088,0.1277670107383459,0.3628515014993392,27.08417767703612,26.570660511172846,200.5,9.827534536987441,65.94112549695423,0.32888341893742756,201.0,1.3136940563717125,0.7612122435583646,0.21125398369889362,15.856672660900008,0.3628515014993392,9.827534536987441,27.08417767703612,14.0,25.0,26.570660511172846,26.570660511172846,200.5,9.827534536987441,1.3136940563717125,0.7612122435583646,65.94112549695423,0.32888341893742756,201.0
"ytma10_010704_benign1_ccd.tif","61b9d21d-60dc-4582-b4c2-5dfdb1701fab","Detection","Unclassified",744.0198364257812,371.199462890625,200.0,,,53.0,111.1,1192883.0,1.6912072828033273,31.0,2.939836547264639,141.0,74.185,17.595699999999983,67.5,46.0,95.0,12.880056513979788,77.22962514475905,0.9506975317575985,21.470928601250574,1192883.0,0.38885000000000003,461.000775,6.081717451523545,13.527035817010491,2.541989531453353,1.98365766069935,0.4501385041551247,0.6300935052364666,0.3808864265927978,1.0857919788893986,0.3050640341924939,0.8200600184672205,0.8164819944598335,0.9833780966775859,0.9380935892362484,-0.24977801577544886,0.7325177046348192,0.3301015697137581,2.387119113573407,0.28158259221460835,2.694675972315747,0.502770083102493,4.774238227146814,2.2348483853938093,0.6084490412136188,3.7380263273639613,30.3,0.1515,6.513899999999999,77.77,0.7595999999999999,7.11,38.89,184.67,9.690255555555556,0.22523611111111108,0.08409784265558073,1.1597187232300328,0.011453099017384734,88.55287009063444,0.26753132957895603,1.0323198948530956,9.851963746223564,12.429003021148036,64.3202416918429,2.9650621013763008,0.1946634776770729,3.7354326716298627,134.67371601208458,0.40686923266490815,0.41375,6.5875083286936045,0.6622352099189192,7.819957049897038,0.10568175420430705,4.625,0.2890625,1.609375,14.75,913.875,4347.625,213.1720138888889,0.1918576388888889,2.625,0.1640625,0.3692733996592529,7.585559920893184,0.02640794698150894,3.577819531114783,0.08,757.625,1.4624770220588235,0.06284663849042374,2.661964142118461,0.02314067142857143,0.4907385697538102,0.7602397820904548,18.322652307869312,18.384776310850235,199.5,13.929609197853736,53.69848480983496,0.2691653373926564,200.0,1.0724712271579309,0.9324259473608622,0.2860387795499203,29.070471709332704,0.7602397820904548,13.929609197853736,18.322652307869312,16.0,17.0,18.384776310850235,18.384776310850235,199.5,13.929609197853736,1.0724712271579309,0.9324259473608622,53.69848480983496,0.2691653373926564,200.0
"ytma10_010704_benign1_ccd.tif","488e6aff-3a96-4134-a9b8-01f9d3827a02","Detection","Unclassified",293.0169982910156,244.7714080810547,199.0,,,101.0,146.0,2988320.0,1.588204681364072,22.0,2.4346321495806422,159.0,121.4070351758794,13.630312365849365,119.0,84.0,75.0,9.996342021033382,122.54257797633208,0.21877246875656386,16.643774418328615,2988320.0,0.3888033130476503,277.01522688821,5.7304469273743015,9.286714458356222,0.923206021474929,1.769802752723074,0.2709497206703911,0.7344609655478281,0.2709497206703911,0.8428241269936105,0.19753596953902816,0.8645251396648046,0.8645251396648046,0.9840617811370358,0.9458100558659219,-0.35115073350737763,0.8130817710062443,0.2709497206703911,2.314245810055866,0.25441426609656376,2.5404293310678305,0.4399441340782123,4.628491620111732,2.26947961039744,0.5101881183483662,4.246788317819009,28.507537688442213,0.14325395823337794,4.326304891290625,77.37185929648241,0.546400343425671,6.1959798994974875,43.34170854271357,241.33165829145727,10.91150195421552,0.25621161362367395,0.0501198602928981,0.429127833992335,0.010171481721863426,87.52554744525547,0.319436304544728,0.72360008524695,7.12043795620438,13.97080291970803,78.53284671532846,3.3528994322789942,0.2568430656934307,4.206168640562513,60.2992700729927,0.22007032873355,0.3442211055276382,5.531141776333314,0.4576182543157395,3.9024182352663535,0.09740942235161697,2.25,0.28125,1.234375,8.125,1805.125,9465.875,406.0920138888889,0.3385416666666667,1.25,0.15625,0.2601299530772782,3.1743448632806452,0.028008638781999426,3.0,0.04020100502512563,1186.359375,2.5497783598629855,0.0550394917243205,1.5141795893619856,0.025067319725601014,0.2645701941127191,0.6408445676194622,19.984168206604952,20.248456731316587,198.5,12.806745633596353,54.870057685088774,0.2764234644085077,199.0,1.0986269016381232,0.9102271194241974,0.2755386013640762,26.97535354450883,0.6408445676194622,12.806745633596353,19.984168206604952,19.0,14.0,20.248456731316587,20.248456731316587,198.5,12.806745633596353,1.0986269016381232,0.9102271194241974,54.870057685088774,0.2764234644085077,199.0
"ytma10_010704_benign1_ccd.tif","059a9331-0260-46b2-a278-58b121633189","Detection","Unclassified",386.2434997558594,338.4706115722656,199.0,,,119.0,144.20000000000002,3428732.0,1.0596490694454725,10.0,3.7018969688761305,163.0,130.87437185929647,7.496780384333725,129.0,109.0,54.0,4.6202692797345755,131.26236720867917,0.607121932492918,10.085030275646952,3428732.0,0.5739501527739198,101.70783566071563,3.3716690042075736,1.6212008457506515,-0.2954280012897268,0.7097364316077495,0.23562412342215988,0.5015147984152878,0.23281907433380084,0.7928212254624936,0.181419402048512,0.8840579710144927,0.8838709677419354,0.976567051461862,0.9419354838709677,-0.1907686381319688,0.5657397091126017,0.23036465638148668,1.8036465638148664,0.41086592612846173,1.8292212013412374,0.6100981767180925,3.6072931276297338,1.5834859648299604,0.23634013875747736,3.5836746411419806,32.90954773869347,0.16537461175222848,5.2047170525996815,114.21608040201005,0.2521148455847075,3.6532663316582914,47.552763819095475,168.0251256281407,17.88135120044668,0.40368509212730314,0.04955055575180008,0.23469846793174745,0.018773224707247505,104.94354838709677,0.42315946930280957,0.41777770551508847,3.963709677419355,19.419354838709676,69.87903225806451,7.109094982078853,0.4338037634408602,3.804450448064391,56.96774193548387,0.2297086368366285,0.31155778894472363,9.11732570239334,0.48462978944716284,2.2700514076024283,0.1855015852269446,2.75,0.34375,0.75,4.75,2521.875,9567.875,772.3194444444445,0.4791666666666667,1.75,0.21875,0.22233527586902677,1.4905606045353517,0.0806047324541602,2.75,0.04020100502512563,1903.109375,4.303484032501888,0.04587460611672393,0.758325534943921,0.020876846693476156,0.1144575645167029,0.5118991556841708,22.285669293623478,22.360679774997898,198.5,11.408015295262508,56.62741699796949,0.2852766599393929,199.0,1.1338133457285533,0.8819793873191986,0.2628121544655907,24.541049935143317,0.5118991556841708,11.408015295262508,22.285669293623478,11.0,22.0,22.360679774997898,22.360679774997898,198.5,11.408015295262508,1.1338133457285533,0.8819793873191986,56.62741699796949,0.2852766599393929,199.0
"ytma10_010704_benign1_ccd.tif","81f42cd6-577e-4ff5-a2ea-fa2c6d6492dd","Detection","Unclassified",103.41392517089844,502.12152099609375,198.0,,,98.0,130.3,2601661.0,1.2591702371628088,18.0,2.7148039583849637,151.0,113.96464646464646,10.207784919906134,114.0,86.0,65.0,7.623828125,114.62853929193209,0.18442087981162153,12.319146739533718,2601661.0,0.5039791857973676,151.76137639016423,4.347398030942335,2.602425664902839,0.030405678222584734,0.873542345421852,0.3389592123769339,0.4408927391527788,0.32489451476793246,0.9507395603352088,0.23340276665064355,0.8398968588842007,0.838959212376934,0.9803094233473982,0.9354899203000469,-0.13585896284496832,0.5256800402271676,0.31258790436005623,2.0527426160337554,0.3318477372849001,2.2189356409100753,0.5457102672292545,4.10548523206751,1.851458204875335,0.3031253894496964,3.8398939952815154,26.363636363636363,0.13314967860422405,5.252423222120193,99.78787878787878,0.3349913274155698,4.813131313131313,40.05050505050505,170.34848484848484,11.468890291806959,0.30222362514029183,0.0765437188717612,0.5621390881923289,0.018223437090417908,114.47882736156352,0.3728952031321287,0.5233795584038028,5.5602605863192185,12.742671009771987,55.57654723127036,3.5330256967064786,0.31279406442272895,3.6391080320929476,91.06514657980456,0.2966291419537608,0.38762626262626265,6.087279440630669,0.5574910115496704,3.599719042780496,0.16005424788525044,5.769230769230769,0.4437869822485207,0.8639053254437871,7.3076923076923075,1428.3076923076924,6027.0,358.93643162393164,0.32318376068376065,3.4615384615384617,0.26627218934911245,0.49205989577201703,4.800449208479511,0.06943787623711865,2.6535442970305683,0.06565656565656566,1196.3313609467457,2.507417324314167,0.044512803988167406,1.9406379468734882,0.01741188186905556,0.2244348670923311,0.5772433835692632,20.907877171258118,21.213203435596427,197.5,12.06893376158759,55.45584412271569,0.28078908416564907,198.0,1.1131631941825577,0.8983408769047039,0.2698181642416938,25.866913600446022,0.5772433835692632,12.06893376158759,20.907877171258118,21.0,12.0,21.213203435596427,21.213203435596427,197.5,12.06893376158759,1.1131631941825577,0.8983408769047039,55.45584412271569,0.28078908416564907,198.0
"ytma10_010704_benign1_ccd.tif","55aea6a2-4acd-416f-8783-88fc58a4b44a","Detection","Unclassified",10.382911682128906,519.6052856445312,198.0,,,125.7,159.0,3918403.0,1.162802559589302,13.75,4.799386858835795,189.0,140.03535353535352,9.952657892051828,137.0,119.0,70.0,6.229062499999995,140.6766296916945,1.2906353588594244,13.416925938630259,3918403.0,0.5856035098459342,180.01390164268946,4.541607898448518,6.143206718535758,1.1949177929661894,1.0037936584036398,0.22002820874471085,0.6404244528537433,0.22002820874471085,0.7602190079555899,0.17161579610130479,0.8899858956276444,0.8899858956276444,0.9870571641914876,0.9559943582510578,-0.2874781903848583,0.6895713043789993,0.22002820874471085,2.084626234132581,0.4507888700786383,1.9221201084126307,0.6586741889985895,4.169252468265162,1.70209189966792,0.3059554667870876,3.6156443733205914,33.888888888888886,0.17115600448933782,5.000204060810121,115.94949494949495,0.33108866442199786,4.787878787878788,48.37373737373738,214.33333333333334,12.594767115600447,0.28977272727272724,0.04970946552957134,0.28715231331964136,0.015803779400836274,87.52719665271967,0.36622258013690234,0.6218378529787644,5.355648535564853,20.91213389121339,90.63598326359832,5.4593212459321245,0.3408298465829847,4.139402389094406,51.87029288702929,0.21703051417167066,0.30176767676767674,9.930813536177588,0.46197299088166793,2.5429956620648193,0.18463688820345378,3.4444444444444446,0.38271604938271603,0.9135802469135802,7.444444444444445,2509.3333333333335,10239.555555555555,639.2623456790124,0.3186728395061728,1.4444444444444444,0.16049382716049382,0.2939865541216892,2.4412857226595963,0.05764615842068296,2.94770277922009,0.045454545454545456,2025.3333333333333,1.8939677213167145,0.058468924146484476,1.3238688408648884,0.01215405146596875,0.317779382557042,0.5625392759681409,21.36043815903487,21.540659228538015,197.5,12.016085416345726,56.87005768508877,0.2879496591650064,198.0,1.1415506529121358,0.8760014261732187,0.2598164595492182,23.984770490594602,0.5625392759681409,12.016085416345726,21.36043815903487,20.0,14.0,21.540659228538015,21.540659228538015,197.5,12.016085416345726,1.1415506529121358,0.8760014261732187,56.87005768508877,0.2879496591650064,198.0
"ytma10_010704_benign1_ccd.tif","7db9b1a1-6760-489d-9114-29527029474e","Detection","Unclassified",420.1803894042969,528.798095703125,198.0,,,84.0,132.3,2164448.0,1.5901573114604262,26.75,2.849703137679763,157.0,102.8989898989899,15.29578614427098,97.0,72.0,85.0,11.133593750000001,104.5540795739485,0.7982391864136659,18.529798523543917,2164448.0,0.3877155392306908,343.3534333231304,6.563559322033897,8.68960663745795,1.9044811101715702,1.6977081936863607,0.3870056497175141,0.6287206026457619,0.35875706214689274,1.0142329412262407,0.25829902007724476,0.8253295668549906,0.823446327683616,0.9853399571400739,0.9408797417271991,-0.24443979100573432,0.7134939454167255,0.3340395480225989,2.4971751412429373,0.26856506750933634,2.5548474725941976,0.4703389830508475,4.994350282485876,2.1426437020151443,0.5211784608509687,3.7317829862433123,26.434343434343436,0.13350678502193652,5.780736659524537,76.76767676767676,0.6304458728701153,7.474747474747475,38.121212121212125,198.36363636363637,8.50050084175084,0.1891231762065095,0.08922796082518306,1.2634168021866437,0.009858830573943008,103.40243902439025,0.31525133848899467,0.7603732897085068,10.018292682926829,11.487804878048781,63.93292682926829,2.507179878048781,0.15345782520325205,3.5345715379880827,110.35365853658537,0.3364440809042237,0.41414141414141414,5.657346817370614,0.5961585239975099,7.308569343214308,0.07401263010458155,5.428571428571429,0.3877551020408163,1.1683673469387756,15.5,1046.857142857143,5726.571428571428,221.45847222222224,0.14150793650793653,5.0,0.35714285714285715,0.585902724461345,11.183756534129472,0.03924013358673373,2.6384600665861555,0.0707070707070707,846.8367346938777,1.5241592390855823,0.05628582586724912,2.909020266989958,0.018916408633784413,0.4675643902960352,0.57318444574287,21.15012118400559,22.090722034374522,197.5,12.122920488248779,57.69848480983496,0.2921442268852403,198.0,1.1581796412346164,0.8634239149066744,0.2542409782026508,22.966422383320044,0.57318444574287,12.122920488248779,21.15012118400559,22.0,13.0,22.090722034374522,22.090722034374522,197.5,12.122920488248779,1.1581796412346164,0.8634239149066744,57.69848480983496,0.2921442268852403,198.0
"ytma10_010704_benign1_ccd.tif","91657572-816f-47e4-ae6d-158ad88d9b3a","Detection","Unclassified",839.3983154296875,611.4696044921875,198.0,,,83.7,124.30000000000001,2096547.0,1.3850339614776652,21.75,3.914301063937251,162.0,101.45959595959596,13.373635343332293,97.0,77.0,85.0,8.945922127864124,102.9010262928471,1.127199265321971,17.16308829543073,2096547.0,0.4410774410774411,294.5715998367513,2.308555399719495,6.771438964878522,1.8091757498198524,1.2936666083101056,0.34221598877980364,0.5816130211439675,0.30575035063113604,0.963494118681537,0.248732711868741,0.8532024310425431,0.8507713884992986,0.9805131589802819,0.940065451145395,-0.22199768913978357,0.6484388232363393,0.2738429172510519,1.4389901823281908,0.3333277599538918,2.1846544433345683,0.5329593267882188,2.8779803646563806,1.8241648834892055,0.4089706492724772,3.482533870812255,31.434343434343436,0.1587593102744618,6.083766962554842,87.33333333333333,0.5105601469237833,2.898989898989899,43.676767676767675,70.57575757575758,37.44461980920315,0.6632645903479236,0.08009535071043009,0.5877820199347977,0.02124443723898089,100.79577464788733,0.35491469946439197,0.6217392382463798,4.778169014084507,15.56338028169014,26.309859154929576,13.351868153364633,0.4030467527386542,3.570106407934885,86.87323943661971,0.3058916881571117,0.35858585858585856,7.786351914302717,0.5702865054937769,3.640279414335718,0.12719177876146953,7.571428571428571,0.5408163265306123,0.4948979591836734,9.071428571428571,1217.0,2150.0,987.8497023809523,0.1775793650793651,4.428571428571429,0.3163265306122449,0.5659947222978559,5.7188232185878904,0.058555345138927344,2.5566567074628237,0.0707070707070707,1016.979591836735,4.1294828869047615,0.057629678036793315,1.709684709852679,0.02272481765757041,0.40421323803812476,0.7519250067904822,18.399031662625486,18.601075237738275,197.5,13.834692007857965,54.28427124746187,0.27485706960740186,198.0,1.0896462533683615,0.9177290307829323,0.27860002159445385,27.57811242149652,0.7519250067904822,13.834692007857965,18.399031662625486,16.0,17.0,18.601075237738275,18.601075237738275,197.5,13.834692007857965,1.0896462533683615,0.9177290307829323,54.28427124746187,0.27485706960740186,198.0
"ytma10_010704_benign1_ccd.tif","43189ce6-4d36-4b87-802d-dbced685b496","Detection","Unclassified",623.7288208007812,112.90139770507812,197.0,,,60.0,135.0,1709383.0,2.0108651063524228,36.0,3.296908831255379,177.0,88.43147208121827,23.591847251926072,78.0,53.0,124.0,16.515625,93.15079745224861,1.102059729888804,29.273636800687424,1709383.0,0.2923290989203535,856.9458115385611,4.29395218002813,47.465360006901236,7.617068982522834,3.660132813473624,0.8410689170182847,0.6262913917762274,0.5710267229254571,1.401500392966403,0.5149973987232973,0.7537974683544303,0.7412922975097213,0.9788161091958557,0.9229689906905095,-0.2209367473519571,0.7455006156959745,0.3871405688388811,1.8945147679324894,0.1735852714328385,3.266906588112755,0.3459915611814346,3.7890295358649793,2.573227991848468,1.1253004326229774,4.190382816142933,24.492385786802032,0.12432683140508645,7.392666649488523,57.588832487309645,1.4350279574325542,5.766497461928934,31.487309644670052,67.93908629441624,24.27940496333897,0.5073181049069373,0.20341698288640517,2.945627852851989,0.028868996860823667,89.93300248138958,0.22315881509029672,1.6175211964854166,8.933002481389579,7.39454094292804,21.69727047146402,5.357180865729253,0.30310242624758754,3.6573883937777936,185.72952853598014,0.46086731646645196,0.5114213197969543,3.5712060292225187,0.7054635516774185,7.922366461448992,0.13072544409176864,11.102564102564102,0.284681130834977,1.0190664036817882,15.615384615384615,264.3333333333333,599.2820512820513,188.4378774928775,0.10378205128205127,22.384615384615383,0.5739644970414202,0.781561837948543,13.380856132638751,0.0565726823364198,2.9169309664949505,0.19796954314720813,238.81788297172918,2.693943495765653,0.053299561054859765,6.378483408803053,0.04179052083927048,0.887523628294882,0.7747144513439208,18.020449454577186,18.788294228055936,196.5,13.96070261217362,52.870057685088774,0.26905881773582074,197.0,1.0639557717821668,0.9398886932348339,0.2883851823813519,29.549363473537905,0.7747144513439208,13.96070261217362,18.020449454577186,15.0,17.0,18.788294228055936,18.788294228055936,196.5,13.96070261217362,1.0639557717821668,0.9398886932348339,52.870057685088774,0.26905881773582074,197.0
"ytma10_010704_benign1_ccd.tif","d43f12c7-0fe0-4caf-996b-6af78615b94f","Detection","Unclassified",259.58544921875,718.4497680664062,197.0,,,92.0,136.0,2514432.0,1.6270281451389603,22.0,3.1890758760337463,167.0,111.63451776649747,13.756035971037655,108.0,87.0,80.0,9.610458447055096,112.97616657152945,0.8717934701123862,17.359396770611934,2514432.0,0.372825890901595,301.3486562395321,3.9007092198581566,7.522433396469675,0.7029252420697498,1.6101805744177857,0.4042553191489362,0.5986416639616469,0.3617021276595745,1.04004747814315,0.2734268899954731,0.826241134751773,0.8234042553191488,0.976971214017522,0.9290780141843973,-0.24099568914514866,0.7175415761197814,0.324468085106383,1.8971631205673758,0.22963231225793468,2.6397578331194085,0.40283687943262414,3.794326241134752,2.2271441021665943,0.5036089733916805,3.997291984327437,25.497461928934012,0.1294287407560102,5.317993248988636,73.44670050761421,0.5988817026978277,4.6395939086294415,38.045685279187815,123.69543147208122,18.689791314156796,0.4073604060913706,0.08229939710420736,0.7855184093283863,0.016105629822430943,100.6842105263158,0.31171582206289716,0.7511430187196274,6.3312693498452015,9.863777089783282,35.752321981424146,4.620141038871688,0.31024251805985553,3.7020260696553726,96.96904024767802,0.300213746896836,0.4098984771573604,3.911989954854355,0.5599523513108947,4.692705582720418,0.10832316320777827,5.8,0.38666666666666666,0.6933333333333334,10.933333333333334,894.6,3187.3333333333335,345.7407407407407,0.1601851851851852,3.533333333333333,0.23555555555555555,0.45963741276910886,6.236491961725009,0.036512066785372416,2.9735572622751856,0.07614213197969544,722.1155555555558,3.3177011494252877,0.05118833148558759,1.7685176379959526,0.03289663319874695,0.2573746184330628,0.5541277087142704,21.39275180089153,21.540659228538015,196.5,11.854316538521106,56.870057685088774,0.28941505183251287,197.0,1.144451675767703,0.8737808866671419,0.25850093317175377,23.74250163436529,0.5541277087142704,11.854316538521106,21.39275180089153,20.0,14.0,21.540659228538015,21.540659228538015,196.5,11.854316538521106,1.144451675767703,0.8737808866671419,56.870057685088774,0.28941505183251287,197.0
"ytma10_010704_benign1_ccd.tif","15901967-f3ec-4d55-a0ca-e2137b325e9b","Detection","Unclassified",652.7708740234375,529.0816040039062,196.0,,,120.5,168.0,4001120.0,1.6964832796627878,25.0,3.108967423511634,206.0,141.58163265306123,15.344127446897126,138.5,102.0,104.0,10.736419327356078,142.8771414573388,0.5841874931652952,19.19684469682546,4001120.0,0.3681278633902541,368.51884631403567,4.787535410764872,13.024909235467556,1.6612085322435322,1.9020395798056315,0.38951841359773376,0.6600405359855365,0.36968838526912184,1.0079732660934417,0.2528489113948431,0.8184608120868744,0.8171388101983001,0.985176321187848,0.9388574126534465,-0.24945718345828888,0.7411119038123224,0.35233711048158634,2.09985835694051,0.21900504778948549,2.7958596572344416,0.4164305949008499,4.19971671388102,2.3702486814658914,0.5728894983508415,4.267496741881673,26.20408163265306,0.13369429404414826,4.543523531861725,72.15306122448979,0.6562890462307371,5.469387755102041,36.04081632653061,154.69387755102042,12.859472789115646,0.3356632653061225,0.07602465022290095,0.7929646453252502,0.01569363881465284,96.57228915662651,0.29088038902598345,0.8828839454202352,6.7620481927710845,9.066265060240964,41.493975903614455,3.0226539491298525,0.30848477242302547,3.9808335405860977,93.46987951807229,0.2815357816809406,0.42346938775510207,3.489838873566555,0.5323538247851572,4.476100867946464,0.13170174438305002,4.066666666666666,0.27111111111111114,1.4666666666666666,10.466666666666667,847.4666666666667,3716.5333333333333,231.65637037037038,0.27720370370370373,2.7333333333333334,0.18222222222222223,0.3959891928674629,6.433427378340052,0.034141930436583694,3.0565647621309537,0.07653061224489796,676.728888888889,1.878806823518362,0.05144059601604082,3.4841125532750477,0.021759904309793167,0.5087460352353737,0.7560729987857818,18.181595137942505,18.973665961010276,195.5,13.74661315865318,53.698484809834966,0.27467255657204587,196.0,1.0833872461234018,0.9230309878376549,0.28030366617548574,27.916425056340675,0.7560729987857818,13.74661315865318,18.181595137942505,15.0,18.0,18.973665961010276,18.973665961010276,195.5,13.74661315865318,1.0833872461234018,0.9230309878376549,53.698484809834966,0.27467255657204587,196.0
"ytma10_010704_benign1_ccd.tif","c28c15fe-6552-4dc1-acae-f65b60912559","Detection","Unclassified",35.378089904785156,668.1432495117188,196.0,,,83.5,106.0,1773936.0,0.8928431098906255,8.25,3.9183575916033897,122.0,94.6938775510204,6.53769262807164,94.0,72.0,50.0,3.780843036228651,95.13513482174197,0.23842342556805904,9.152236442715715,1773936.0,0.6358288213244482,83.76343190337361,4.628531073446328,1.2115193432580529,0.29532194589478944,0.5029365763350251,0.18361581920903955,0.465107629364452,0.18361581920903955,0.687923544180326,0.14990105014523283,0.9081920903954801,0.9081920903954801,0.981638418079096,0.9540960451977402,-0.1848008249704111,0.5099892462554052,0.18361581920903955,2.132768361581921,0.5361885154329853,1.4793876610365684,0.7189265536723164,4.265536723163842,1.2957718418275288,0.17163809888601617,3.035664528872176,40.255102040816325,0.2053831736776343,4.499791753436067,124.62244897959184,0.19770408163265307,4.9438775510204085,52.08163265306123,225.60714285714286,12.849914965986395,0.24078798185941042,0.04246428796386279,0.294447571356585,0.00823043486574524,92.0873786407767,0.447026109906683,0.3604722405504761,6.228155339805825,26.941747572815533,116.04854368932038,6.628371089536139,0.2269417475728155,3.7785582365718517,39.20388349514563,0.190310114054105,0.2627551020408163,12.45744179470261,0.42774599799021473,3.256805526480816,0.08539219401691123,3.857142857142857,0.5510204081632653,0.5306122448979592,7.142857142857143,3354.285714285714,13873.57142857143,828.2738095238095,0.25793650793650796,1.5714285714285714,0.22448979591836735,0.3280309567473873,2.906532998065387,0.04152811935537514,2.2359263506290326,0.03571428571428571,2570.285714285714,2.633126903960237,0.06265674652255818,0.6517933732666876,0.012304069012231874,0.1469515227282234,0.9567219462316735,16.150631964672296,16.76305461424021,195.5,15.451664046112757,52.284271247461874,0.2674387276085006,196.0,1.0548549524805624,0.9479976347918097,0.29175293706401595,30.24354667128882,0.9567219462316735,15.451664046112757,16.150631964672296,16.0,16.0,16.76305461424021,16.76305461424021,195.5,15.451664046112757,1.0548549524805624,0.9479976347918097,52.284271247461874,0.2674387276085006,196.0
"ytma10_010704_benign1_ccd.tif","5f706dac-d31b-4106-9a22-b930c9ea6ddd","Detection","Unclassified",304.84405517578125,267.74078369140625,195.0,,,103.0,151.2,3234501.0,1.6795024869729507,22.5,2.6380889293276963,166.0,127.56410256410257,14.238790269559498,127.0,86.0,80.0,9.901134122287957,128.7912443273401,-0.1803958561610176,17.736525939420524,3234501.0,0.35253122945430637,314.58435239973716,6.847360912981455,11.500617775421212,0.033554752232315854,2.1032273031597413,0.3309557774607704,0.7280765115034781,0.3309557774607704,0.9158999069930649,0.22142405082610744,0.8345221112696148,0.8345221112696148,0.9805320130905428,0.933808844507846,-0.3250762671899851,0.8149140610541717,0.3309557774607704,2.5306704707560628,0.1863508621268577,2.8103699168034333,0.28530670470756064,5.0613409415121255,2.479414139342663,0.608545770155128,4.328363295095389,29.994871794871795,0.1538198553583169,3.3127153188691643,68.74358974358974,0.6102301117685733,7.343589743589743,37.07179487179487,250.17435897435897,8.652279202279201,0.22143874643874642,0.04775382370422053,0.44780424410979974,0.008597975264945063,108.2218649517685,0.34798027315681185,0.6480081885009461,8.012861736334406,9.286173633440514,63.466237942122184,2.058369060378707,0.2077304394426581,3.9702184111872882,73.55948553054662,0.23652567694709525,0.39871794871794874,2.995916088543336,0.4538679750201462,4.1413973789121075,0.07858132858444553,2.142857142857143,0.30612244897959184,1.2653061224489797,9.428571428571429,1810.7142857142858,12966.285714285714,318.73611111111114,0.2569444444444445,1.2857142857142858,0.1836734693877551,0.1619867852224322,2.473217485175986,0.012488155272089936,2.8073549220576046,0.035897435897435895,1034.6938775510203,2.4107512055455094,0.05119471525518128,1.6714736624936797,0.030849280485330005,0.25282245328940445,0.7311755803549421,18.53824995487326,18.867962264113206,194.5,13.554715669519435,54.28427124746186,0.27909651026972676,195.0,1.0980175384138835,0.9107322652100143,0.2743681225322597,26.74665950798447,0.7311755803549421,13.554715669519435,18.53824995487326,17.0,16.0,18.867962264113206,18.867962264113206,194.5,13.554715669519435,1.0980175384138835,0.9107322652100143,54.28427124746186,0.27909651026972676,195.0
"ytma10_010704_benign1_ccd.tif","f6a74527-a350-45fc-b43a-10d8710768a0","Detection","Unclassified",303.555908203125,570.8228149414062,195.0,,,129.4,157.6,3934250.0,1.0214688068450966,13.5,3.98990615197584,182.0,141.6,8.533333333333353,140.0,119.0,63.0,5.531571279916753,142.04098361262157,0.8066601655587089,11.18396287730899,3934250.0,0.6040499671268902,125.08102564102558,4.655761024182077,1.931193488803485,0.3680811644103541,0.61477633956484,0.2147937411095306,0.48215649017881324,0.2119487908961593,0.7547880865010694,0.16987145114718674,0.8944997629208155,0.8943100995732575,0.987415279056146,0.9577050734945473,-0.18829586860194092,0.5413597561692559,0.20945945945945946,2.1344238975817924,0.4978177248896723,1.6684986037754643,0.6913229018492176,4.268847795163585,1.4476410573001237,0.20739252016859266,3.1639188129517652,38.805128205128206,0.19900065746219592,5.197633136094676,117.7897435897436,0.24604865220249836,5.041025641025641,49.98461538461538,214.62051282051283,12.660754985754982,0.2465099715099715,0.05533983726444043,0.47909764779606046,0.009493671708949486,92.04,0.4090666666666667,0.4533333333333333,6.5377777777777775,23.92,103.36888888888889,5.955308641975308,0.22913580246913584,3.7887188921730703,51.44444444444444,0.22864197530864197,0.28846153846153844,11.902222222222223,0.4842517976124425,4.008383733659647,0.09150825118637539,2.75,0.34375,0.859375,9.125,2777.375,11626.625,684.0989583333334,0.22743055555555558,2.5,0.3125,0.5037614101630767,6.263415207504318,0.046089100400322186,2.5,0.041025641025641026,2183.234375,1.73196557837199,0.05821553395159794,1.3531874423556614,0.008996498080341956,0.2977684066316319,0.7347272159212225,18.422290678470954,18.601075237738275,194.5,13.535358341084454,52.870057685088774,0.2718254893834898,195.0,1.0694119910082704,0.9350933114721979,0.28544996424006586,28.950910851991463,0.7347272159212225,13.535358341084454,18.422290678470954,16.0,16.0,18.601075237738275,18.601075237738275,194.5,13.535358341084454,1.0694119910082704,0.9350933114721979,52.870057685088774,0.2718254893834898,195.0
"ytma10_010704_benign1_ccd.tif","b46b657d-d1f0-496c-9e23-b90deaadd1a2","Detection","Unclassified",811.7339477539062,624.1983642578125,195.0,,,117.0,142.0,3321318.0,1.1061034401435306,13.0,3.7655699183885365,160.0,130.04102564102564,8.346824457593698,131.0,95.0,65.0,5.476003083289382,130.50823728791988,-0.3250504583897791,11.033206706579536,3321318.0,0.5535568704799473,121.73165023011164,7.623021582733814,2.186081534177131,-0.5874458707657352,0.8102810413539673,0.24460431654676257,0.5362447403127552,0.24460431654676257,0.8026136197921806,0.18477304487345372,0.8776978417266187,0.8776978417266187,0.985611510791367,0.9510791366906476,-0.2090092936967854,0.5997565550398818,0.24460431654676257,2.7352517985611513,0.39069820402670674,1.9101516419713491,0.5884892086330935,5.470503597122303,1.6655473254245865,0.2637213394751824,3.6486969367181543,29.133333333333333,0.1494017094017094,4.45207100591716,107.94358974358974,0.27523997370151215,7.887179487179488,45.215384615384615,366.6871794871795,6.195548433048432,0.15409544159544158,0.051574392245027155,0.44024499244142096,0.009766378558651485,104.9843137254902,0.4117031910803537,0.456962706651288,7.694117647058824,16.666666666666668,139.46666666666667,2.194607843137255,0.17941176470588238,3.972275961223334,53.97254901960784,0.2116570549788543,0.3269230769230769,7.310265282583622,0.44571121430507393,3.665088292580088,0.08824354965287555,3.6,0.36,1.04,7.8,1935.3,17013.2,226.84236111111113,0.2548611111111111,1.4,0.14,0.26995996634352976,2.5798668982460913,0.0616298656727721,3.321928094887362,0.05128205128205128,1555.05,1.5386590992986342,0.04912159904899626,1.5449576568358756,0.011162229983143136,0.2684674634896678,0.513009855058909,22.541218083754572,22.47220505424423,194.5,11.563867021998192,58.76955262170042,0.30215708288791987,195.0,1.188742116647313,0.8412253473616004,0.243565679403093,21.078244152083165,0.513009855058909,11.563867021998192,22.541218083754572,20.0,17.0,22.47220505424423,22.47220505424423,194.5,11.563867021998192,1.188742116647313,0.8412253473616004,58.76955262170042,0.30215708288791987,195.0
"ytma10_010704_benign1_ccd.tif","381a218d-09f8-43bc-ade5-4d07ced04c43","Detection","Unclassified",55.983848571777344,284.75775146484375,194.0,,,87.3,145.70000000000002,2561756.0,1.8090807056578417,30.0,2.617252297661013,168.0,112.96907216494846,17.02710171112767,110.0,80.0,88.0,12.05380333951762,114.91269657897489,0.6179329347531892,21.04558312906095,2561756.0,0.31092570942714426,442.9165692422149,4.283667621776504,14.903992061617622,1.9364623219672812,2.4168212904655952,0.43409742120343836,0.6954683980103371,0.37679083094555876,1.0744466545231715,0.29212609091879377,0.820797516714422,0.8173352435530085,0.9755671666947583,0.9265111202073955,-0.2881498932282619,0.7917586248261828,0.33003024514485835,1.9462750716332378,0.18018530225531812,2.9284137390513116,0.29512893982808025,3.8925501432664764,2.4617330959330217,0.7127296779172585,4.293463112279958,27.2680412371134,0.14055691359336805,4.897863747475821,60.31958762886598,0.8254065256669146,5.097938144329897,37.16494845360825,124.92268041237114,20.823668384879724,0.43084192439862545,0.08239501270152964,0.841361484169842,0.01591912527468032,90.51552795031056,0.2811041240692875,0.9074206242043129,7.003105590062112,9.472049689440993,34.701863354037265,5.189699792960663,0.30031487232574194,3.8621104760705216,90.1055900621118,0.2798310250376143,0.41494845360824745,3.664249064465105,0.5335742947937178,4.886385352097823,0.09246731912246797,5.153846153846154,0.39644970414201186,0.8284023668639052,11.76923076923077,846.3076923076923,3065.153846153846,393.8557692307692,0.16399572649572647,4.230769230769231,0.3254437869822485,0.5504618578896934,7.714465380818179,0.042013895256213116,2.6535442970305683,0.06701030927835051,623.6094674556214,4.492990867579907,0.059148445320717724,1.6554527707523956,0.044953488464150086,0.28556455161676464,0.7261636533838336,18.490583377742723,19.235384061671343,193.5,13.427189578780043,53.69848480983496,0.2775115494048318,194.0,1.088971753464643,0.9182974643909974,0.2774361094882686,27.348166641133222,0.7261636533838336,13.427189578780043,18.490583377742723,19.0,14.0,19.235384061671343,19.235384061671343,193.5,13.427189578780043,1.088971753464643,0.9182974643909974,53.69848480983496,0.2775115494048318,194.0
"ytma10_010704_benign1_ccd.tif","f98afc4f-8374-4eee-8b5a-3b7626977426","Detection","Unclassified",426.4851379394531,405.6074523925781,194.0,,,60.0,142.0,2130339.0,2.167608462646603,50.0,1.8560381213954291,153.0,100.52061855670104,25.318949941545384,101.0,46.0,107.0,20.392405063291115,104.79088159749101,-0.09790677701379437,29.609696232106042,2130339.0,0.23509405887979593,876.7341109575947,13.025824964131994,51.83425479623695,-0.91657076570465,5.284245454489316,0.37015781922525104,0.8690727203890847,0.35868005738880915,0.9789825395432743,0.24150643565681162,0.8225729316116691,0.8218077474892397,0.9900422660824382,0.9489649518343922,-0.444753477537954,0.924196103471525,0.3486370157819225,3.4347202295552366,0.1200471790353822,3.365910609484403,0.20516499282639886,6.869440459110472,2.9782922126458917,1.4136008184286417,4.545568295272819,31.5979381443299,0.16287596981613348,3.1039430332660216,45.608247422680414,1.4039749176320544,13.835051546391753,35.02061855670103,512.5567010309278,4.517656071019473,0.13583762886597933,0.05334822646126034,0.8670380881925126,0.0060685560282192725,78.96307692307693,0.24296331360946746,1.259039053254438,13.412307692307692,8.836923076923076,132.16,1.0774,0.1392598290598291,4.244143459967498,87.20307692307692,0.2683171597633136,0.41881443298969073,3.1358485207100593,0.48769076399790684,6.918372784754928,0.06002302878922222,1.2857142857142858,0.1836734693877551,2.5306122448979593,15.285714285714286,1250.2857142857142,18322.571428571428,132.79638888888888,0.22198412698412698,1.2857142857142858,0.1836734693877551,0.28995342379921896,7.4358440216818495,0.016900658610412393,2.8073549220576046,0.03608247422680412,482.204081632653,0.6529324043050055,0.0791900610058926,3.9970399941810486,0.027193829317515402,0.9200093542558595,0.7511636566846922,18.256719862626813,18.788294228055936,193.5,13.713784451078809,54.0416305603426,0.2792849124565509,194.0,1.095930535094098,0.9124665916112454,0.2747978728932283,26.83051318937808,0.7511636566846922,13.713784451078809,18.256719862626813,18.0,14.0,18.788294228055936,18.788294228055936,193.5,13.713784451078809,1.095930535094098,0.9124665916112454,54.0416305603426,0.2792849124565509,194.0
"ytma10_010704_benign1_ccd.tif","f039a473-5539-4eb0-a031-5443a053ff9f","Detection","Unclassified",167.6085662841797,32.59986877441406,192.0,,,115.0,141.9,3126899.0,1.1693723243127145,15.0,2.9541061016378585,160.0,127.171875,8.7109375,125.0,108.0,52.0,6.233934896272567,127.61634805802376,0.6089486306405794,10.641733911869892,3126899.0,0.47021484375,113.24650065104167,2.388969521044993,1.9540774022387772,0.4257239304464855,0.9527954314218244,0.23222060957910012,0.6080717871414553,0.22931785195936139,0.7869479784675082,0.17963393235184458,0.8858248669569424,0.8856313497822932,0.9769119124706933,0.9428156748911466,-0.26692324785430727,0.6728007234538322,0.22677793904208998,1.486211901306241,0.317718196582835,1.9565588898975412,0.43686502177068215,2.972423802612482,1.7152531170644512,0.29625401025023124,3.6625370936893265,32.427083333333336,0.1688910590277778,4.727430555555556,90.28125,0.310302734375,2.703125,47.520833333333336,106.74479166666667,33.0736400462963,0.6089409722222222,0.04201378718925842,0.17686516712201858,0.017262812062035462,114.29661016949153,0.48430767020970983,0.3266841424877909,3.4788135593220337,18.322033898305083,40.97457627118644,12.856638418079097,0.4650423728813559,3.764968676922874,52.03389830508475,0.22048261993679977,0.3072916666666667,7.7319735708129835,0.4694307980888825,2.033416725391985,0.14817301682807868,1.8,0.36,0.5599999999999999,5.4,3392.0,8404.6,2144.6277777777777,0.34444444444444444,1.0,0.2,0.2580472757330884,2.072119730750598,0.035640273089821976,2.321928094887362,0.026041666666666668,1917.44,5.7930325255102035,0.04932033170124871,0.8033442685786434,0.024604113144724268,0.15532139505786677,0.6872425711135093,18.95497760017023,18.973665961010276,191.5,13.026667541339965,54.04163056034258,0.28220172616366884,192.0,1.1016385452406827,0.9077387536231524,0.2719575848013087,26.27874359337837,0.6872425711135093,13.026667541339965,18.95497760017023,14.0,18.0,18.973665961010276,18.973665961010276,191.5,13.026667541339965,1.1016385452406827,0.9077387536231524,54.04163056034258,0.28220172616366884,192.0
"ytma10_010704_benign1_ccd.tif","266aed63-a472-4ad2-a2ed-c1e38f82cfcf","Detection","Unclassified",557.2765502929688,387.8957824707031,192.0,,,94.0,109.9,1990905.0,1.0051071817221946,8.0,4.349084682671014,126.0,101.609375,5.07861328125,101.0,88.0,38.0,3.3662064431295198,101.82974454941935,0.8777703507880327,6.695654345123783,1990905.0,0.5199110243055556,44.831787109375,2.653120464441219,0.8148857361411355,-0.18954013441166656,0.7211140859578573,0.26705370101596515,0.4594972543401889,0.26705370101596515,0.8372050397256781,0.1957360217896406,0.8664731494920173,0.8664731494920173,0.9732946298984034,0.9332365747460085,-0.15781770834930464,0.5208307582878067,0.26705370101596515,1.5936139332365749,0.318167934428854,1.8469055187598602,0.45428156748911463,3.1872278664731497,1.5798518177438952,0.24704194674345564,3.731389827492548,30.177083333333332,0.1571723090277778,3.2446831597222228,99.82291666666667,0.24606662326388887,2.8697916666666665,42.4375,122.36979166666667,22.46021412037037,0.5383391203703703,0.040911491959824055,0.15075804690124509,0.019236890261505837,132.5361216730038,0.5039396261330943,0.2660729517558443,2.8897338403041823,12.304182509505704,36.47148288973384,6.279256442754542,0.5444655682298268,3.5979263642312063,50.71102661596958,0.19281759169570184,0.3424479166666667,3.7768942734461963,0.35214437855835184,1.13804538883572,0.17256815429488226,2.3333333333333335,0.3888888888888889,0.5555555555555557,3.3333333333333335,1620.0,5045.833333333333,763.7268518518518,0.6018518518518519,1.0,0.16666666666666666,0.16948119867749578,1.5031073144054121,0.0212598549307019,2.584962500721156,0.03125,596.0,5.243052978767264,0.03963191076529298,1.0223088613187556,0.021809526029594645,0.12425963063147097,0.7629341795617035,17.982732152411888,18.601075237738275,191.5,13.719641000978232,54.04163056034259,0.2822017261636689,192.0,1.1016385452406827,0.9077387536231523,0.27195758480130866,26.278743593378355,0.7629341795617035,13.719641000978232,17.982732152411888,18.0,14.0,18.601075237738275,18.601075237738275,191.5,13.719641000978232,1.1016385452406827,0.9077387536231523,54.04163056034259,0.2822017261636689,192.0
"ytma10_010704_benign1_ccd.tif","e1878730-f2a8-4139-ac32-daed6aba6cf3","Detection","Unclassified",869.0942993164062,511.07806396484375,190.0,,,103.0,144.1,2687034.0,1.3577727638039272,16.0,3.684605081990813,168.0,117.84210526315789,12.30249307479225,113.0,91.0,77.0,7.836987687637036,118.92133622914903,1.1039018754105936,15.985069210770723,2687034.0,0.5043213296398892,255.52243767313013,4.815519765739385,6.598503048637575,1.1963498849778038,1.1529060706683327,0.3191800878477306,0.5663567842123044,0.28989751098096633,0.9314287879540091,0.23513952097477114,0.859931673987311,0.8579795021961935,0.9817414520713117,0.9429965836993657,-0.21120886337425668,0.6350087299582118,0.2642752562225476,2.1464128843338215,0.3984338323090149,2.186068926170721,0.616398243045388,4.292825768667643,1.8320392475598046,0.3680215396290159,3.320369181185409,31.957894736842107,0.1681994459833795,5.9662049861495845,95.82105263157895,0.454432132963989,5.457894736842105,44.536842105263155,186.3736842105263,12.236622807017545,0.26783625730994154,0.05462149006776199,0.5034526030685178,0.010264182902693242,82.31320754716981,0.31061587753648984,0.7566251334994659,7.418867924528302,16.837735849056603,76.06037735849057,4.323480083857443,0.24748427672955978,3.605948984172125,86.33584905660378,0.3257956568173727,0.34868421052631576,8.612744749021003,0.5899806653953922,5.613637487449023,0.10445452041717,2.7777777777777777,0.30864197530864196,1.432098765432099,9.777777777777779,1933.3333333333333,8102.111111111111,481.0617283950617,0.30246913580246915,1.4444444444444444,0.16049382716049382,0.14553055271087142,2.2551888055754077,0.013384672593810657,2.725480556997868,0.04736842105263158,1487.6543209876543,1.7615350956605706,0.06835264138418383,1.293983049308441,0.018533674755440106,0.30518903840063605,0.7035638580343817,18.588232144176317,19.235384061671343,189.5,13.078008321395398,52.870057685088774,0.27899766588437347,190.0,1.0834284735706978,0.9229958639579231,0.27811191888685083,27.48156426200531,0.7035638580343817,13.078008321395398,18.588232144176317,15.0,17.0,19.235384061671343,19.235384061671343,189.5,13.078008321395398,1.0834284735706978,0.9229958639579231,52.870057685088774,0.27899766588437347,190.0
"ytma10_010704_benign1_ccd.tif","970a2edf-cf3a-4af9-9a48-28287be84ce9","Detection","Unclassified",699.24560546875,166.09747314453125,189.0,,,72.8,109.60000000000005,1539147.0,1.379289155931206,18.0,4.951763975799981,152.0,88.92592592592592,11.634724671761688,85.0,68.0,84.0,7.368975044954163,90.24209062646388,1.340572211014915,15.356256667940135,1539147.0,0.5051650289745527,235.81461885165587,4.328928046989723,8.299044959627393,0.9798074221359918,1.2464739380844876,0.2613803230543319,0.653308241000795,0.24375917767988256,0.8407435662522407,0.20196178635115936,0.8810572687224671,0.8798825256975038,0.9900871319677337,0.9597930214670304,-0.3162119802038539,0.7406420059973613,0.2283406754772394,2.0205580029368577,0.40138347122763685,2.11741351819965,0.6152716593245228,4.0411160058737154,1.851049256551505,0.37696356528470487,3.4895223886635542,33.98412698412698,0.17981019568321155,5.625486408555191,95.47619047619048,0.4607933708462809,4.873015873015873,48.04761904761905,181.6137566137566,16.623705173427396,0.3213095238095238,0.0701012751269428,0.7861943546279966,0.011419552707424339,73.55319148936171,0.3129923042100498,0.811661385242191,7.029787234042553,19.327659574468086,78.36595744680851,5.987501182033098,0.2677612293144208,3.960472793001682,56.88936170212766,0.24208239022181982,0.31084656084656087,8.97843368039837,0.5007240946506637,4.983522856144027,0.07891775862457819,3.6666666666666665,0.3055555555555556,1.0555555555555556,12.166666666666666,1461.75,5814.25,401.25854166666664,0.17057870370370368,3.5,0.2916666666666667,0.5160179706748392,8.374551512328987,0.034874811598750964,2.9182958340544896,0.06349206349206349,1213.6875,1.1910015251652262,0.07059162504802152,2.2993446434888005,0.01046160006222181,0.7620315910183851,0.7731434395868828,17.67662265946762,18.384776310850235,188.5,13.666564843220227,51.698484809834966,0.27426251888506614,189.0,1.0622266804588216,0.9414186429285101,0.2861012108613033,29.083163035569065,0.7731434395868828,13.666564843220227,17.67662265946762,17.0,15.0,18.384776310850235,18.384776310850235,188.5,13.666564843220227,1.0622266804588216,0.9414186429285101,51.698484809834966,0.27426251888506614,189.0
"ytma10_010704_benign1_ccd.tif","21794c7b-8b74-4cca-9c99-dad74458f8ee","Detection","Unclassified",752.2440185546875,724.2555541992188,188.0,,,69.7,122.30000000000001,1802755.0,1.81069600678516,33.0,2.0640153249989033,143.0,95.83510638297872,17.313829787234038,95.5,62.0,81.0,13.606666666666671,97.92406415394294,0.19810228525178852,20.118516967924915,1802755.0,0.30653010411951104,404.75472498868277,5.246636771300448,12.443294532318015,0.3419513801342118,2.4217972522181337,0.44693572496263073,0.6884089746116036,0.4200298953662182,1.0599070755852418,0.27051061196127457,0.7944693572496264,0.7926756352765322,0.9741844719950761,0.9168908819133034,-0.2661978944140262,0.7801849855753282,0.3964872944693572,2.1801195814648726,0.14442500575340564,3.0555138007595755,0.23318385650224216,4.360239162929746,2.57040189969041,0.7171832442951911,4.376399210141772,28.148936170212767,0.14972838388411044,3.407537347215935,57.62765957446808,0.7707956088727932,6.026595744680851,30.69148936170213,148.35638297872342,13.029846335697398,0.34286347517730503,0.06859612880810323,0.6117634297119162,0.015589926819821702,107.0112676056338,0.3014401904384051,0.8021106923229521,7.045070422535211,6.878873239436619,35.70140845070423,2.739162754303599,0.2819640062597809,3.8103585367946593,111.96901408450704,0.3154056734774846,0.4720744680851064,2.3916365800436425,0.5626167685123085,4.638794439032786,0.12587822758863587,3.909090909090909,0.35537190082644626,0.8760330578512395,11.0,743.6363636363636,3456.818181818182,265.4103535353535,0.18244949494949497,1.3636363636363635,0.12396694214876033,0.24382240061367497,3.236757271442795,0.019904593589024275,3.2776134368191165,0.05851063829787234,451.53719008264466,3.0746443479001617,0.05469166672438753,1.796767220100531,0.044902879096527654,0.25125794721208683,0.4746189509801215,22.546394607331894,22.47220505424423,187.5,10.700946156915732,57.11269837220806,0.30460105798510967,188.0,1.1765953060861754,0.8499099009041591,0.24509097327305626,21.34306952148559,0.4746189509801215,10.700946156915732,22.546394607331894,15.0,20.0,22.47220505424423,22.47220505424423,187.5,10.700946156915732,1.1765953060861754,0.8499099009041591,57.11269837220806,0.30460105798510967,188.0
"ytma10_010704_benign1_ccd.tif","06210e70-7df0-4cef-8442-5e6b6b562558","Detection","Unclassified",82.88200378417969,724.9846801757812,188.0,,,78.0,112.0,1635662.0,1.013016859699422,12.25,3.1257495581818486,127.0,92.51063829787235,9.219782707107287,90.0,73.0,54.0,6.197022160664823,93.27555835927247,0.7548725152049515,11.92105653682919,1635662.0,0.5921797193300135,142.11158895427795,4.734814814814816,1.7129190431937313,0.4508717703602088,0.631036488340192,0.18814814814814818,0.540645320315828,0.18814814814814818,0.6975814153716249,0.15274842249657067,0.905925925925926,0.905925925925926,0.9889324618736386,0.9623703703703703,-0.23332191158747873,0.5906280070554972,0.18814814814814818,2.1503703703703705,0.4990430727023321,1.6241694080729934,0.6903703703703704,4.300740740740741,1.4360212599248454,0.20479615912208507,3.2563393843440567,38.58510638297872,0.20523992756903575,5.205070167496604,111.32978723404256,0.23888071525577184,5.111702127659575,51.851063829787236,233.83510638297872,12.49885490543735,0.2411716903073286,0.055562174337820236,0.40555514512739693,0.014493634771131112,83.87254901960785,0.41113994617454824,0.45117262591311047,6.362745098039215,25.96078431372549,114.86274509803921,6.3176742919389985,0.24278322440087147,3.852496870877085,45.85294117647059,0.2247693194925029,0.2712765957446808,12.37216455209535,0.47552921083862265,3.5597385031295117,0.11609252167378452,4.2,0.42,0.8400000000000002,7.6,1976.6,8247.3,486.42847222222224,0.2979166666666667,2.2,0.22,0.43613873135895825,3.7932223272421766,0.13604392167845222,3.121928094887362,0.05319148936170213,1623.16,1.4004900096353772,0.07147962183514153,1.2127961186912977,0.007634441295679002,0.3493965237406676,0.8607356111407649,16.71555832901479,17.26267650163207,187.5,14.387676313883649,52.87005768508877,0.2819736409871401,188.0,1.089191431638809,0.9181122536883984,0.2751767007455649,26.90453961156285,0.8607356111407649,14.387676313883649,16.71555832901479,15.0,17.0,17.26267650163207,17.26267650163207,187.5,14.387676313883649,1.089191431638809,0.9181122536883984,52.87005768508877,0.2819736409871401,188.0
"ytma10_010704_benign1_ccd.tif","c5e3454d-705d-40d9-bfc9-68998e198add","Detection","Unclassified",258.9224853515625,144.7035369873047,187.0,,,123.0,144.4,3342818.0,0.8318377298840569,12.0,3.6135968631274573,167.0,133.4331550802139,6.917098001086687,132.0,120.0,47.0,5.14421745152355,133.7012792966526,0.6658278128970607,8.463167899851909,3342818.0,0.6788012239412051,71.62521090108378,3.5148367952522257,1.1658666749658464,-0.43865443909927304,0.5184865588320755,0.1513353115727003,0.5481326655361439,0.1513353115727003,0.6131718590478358,0.12843293504389403,0.9243323442136498,0.9243323442136498,0.98486646884273,0.962166172106825,-0.25307818447617186,0.5751599439886884,0.1513353115727003,1.8501483679525224,0.559155667479682,1.3863571749810197,0.7344213649851632,3.7002967359050447,1.2350218634083192,0.167455467601194,3.069876597459485,42.35828877005348,0.22651491320884212,4.3391003460207624,126.93582887700535,0.17604163687837796,3.679144385026738,55.0,202.5668449197861,18.262774806892455,0.36586452762923355,0.038691963317313456,0.1922973777052909,0.012834347754253217,82.0340909090909,0.46610278925619836,0.3605049070247935,3.8125,30.5,115.51136363636364,9.449179292929292,0.4294507575757576,4.180438450239922,25.920454545454547,0.14727530991735538,0.23529411764705882,12.4375,0.3624050055423133,1.7057860188709641,0.14878898902272072,2.3333333333333335,0.3888888888888889,0.5555555555555555,6.0,3853.1666666666665,14974.333333333334,1075.4675925925926,0.3055555555555555,1.3333333333333333,0.2222222222222222,0.26871121087305044,2.2085485471959054,0.03580948996106096,2.584962500721156,0.03208556149732621,2881.805555555555,2.3505721830985915,0.07003089598352215,0.5207842428731334,0.009610489668192262,0.16832260668891952,0.9118083946918264,16.160336298623612,16.76305461424021,186.5,14.735130298128048,50.870057685088774,0.27276170340530176,187.0,1.0507947154863795,0.9516606671714481,0.290008384877792,29.88294224302905,0.9118083946918264,14.735130298128048,16.160336298623612,16.0,15.0,16.76305461424021,16.76305461424021,186.5,14.735130298128048,1.0507947154863795,0.9516606671714481,50.870057685088774,0.27276170340530176,187.0
"ytma10_010704_benign1_ccd.tif","a9234246-92fb-48a1-bcaa-75941fd47b70","Detection","Unclassified",728.7035522460938,148.70799255371094,187.0,,,109.0,172.4,3556632.0,1.8035892845142065,39.0,2.411685496843175,198.0,135.70053475935828,20.783493951785925,131.0,102.0,96.0,15.944511772853184,137.91092219216378,0.690993801465291,24.592424156988695,3556632.0,0.31270553919185573,604.7873259172411,4.174107142857143,26.98699858478914,4.717307399382744,3.301903964710883,0.30208333333333337,0.8323615993334573,0.2961309523809524,0.8967420206807375,0.21438979237528352,0.8529265873015872,0.8525297619047618,0.9823354341736694,0.9409722222222222,-0.41390053705522245,0.873357313047341,0.29092261904761907,1.8504464285714284,0.21130841659580493,2.756516714651078,0.3943452380952381,3.7008928571428568,2.4419805806481687,0.9009968245110543,4.075127719731308,30.475935828877006,0.16297291887100002,4.36254968686551,58.475935828877006,0.9430638565586663,4.711229946524064,41.331550802139034,138.79679144385025,28.81814468211527,0.5235814022578728,0.04232864863116964,0.2679604004901624,0.014213924931177109,82.04029304029304,0.30051389392048733,0.8277851574554871,6.238095238095238,12.835164835164836,40.7032967032967,9.141941391941392,0.32946682946682954,3.9706113529923144,66.35531135531136,0.24305974855425405,0.3649732620320856,5.327966294999264,0.4854502486097775,3.4037831406799146,0.10144372255782921,2.142857142857143,0.30612244897959184,0.9795918367346939,9.142857142857142,1492.4285714285713,4275.571428571428,1017.4017857142857,0.24404761904761904,1.2857142857142858,0.1836734693877551,0.05496169065065264,0.5650004303200741,0.005642340493234304,2.8073549220576046,0.0374331550802139,778.7755102040817,6.1132186035035785,0.07924728199177661,1.3149898151698056,0.03779039624862541,0.44578430452185797,0.74446803924097,17.90133245654479,18.601075237738275,186.5,13.326969873724638,52.04163056034259,0.2790435954978155,187.0,1.074995249988324,0.9302366684977087,0.2802706087222075,27.90984082922775,0.74446803924097,13.326969873724638,17.90133245654479,15.0,16.0,18.601075237738275,18.601075237738275,186.5,13.326969873724638,1.074995249988324,0.9302366684977087,52.04163056034259,0.2790435954978155,187.0
"ytma10_010704_benign1_ccd.tif","40be7164-2537-4963-87de-a09efead80e8","Detection","Unclassified",114.83020782470703,295.6831970214844,187.0,,,62.0,138.4,1771939.0,2.08381374020155,44.0,2.2827860853608213,163.0,93.20320855614973,23.888129486116274,85.0,56.0,107.0,18.474452874873915,97.34274305601033,0.6410945473254419,28.085076829293282,1771939.0,0.2583717006491464,788.7715405073063,4.878603945371775,35.34198349137924,4.983158492107127,3.747126860258681,0.833080424886191,0.6362258854143361,0.6084977238239757,1.3950191855647796,0.4628109449872318,0.7316641375821952,0.7182094081942335,0.9699501436120626,0.9038225305296625,-0.2214805253765301,0.7589678329761882,0.42631933906592484,2.0371775417298936,0.13814903253883998,3.4453220502080293,0.2943854324734446,4.074355083459787,2.6885152333317333,1.145051821286218,4.086585123137373,24.02673796791444,0.12848522977494353,5.971860790986303,48.31550802139037,1.3912894277788899,6.411764705882353,26.294117647058822,65.87700534759358,19.7358541295306,0.4466384432560903,0.1632671393473214,2.3156164654413955,0.02300908094719369,97.84761904761905,0.2329705215419501,1.3407936507936504,8.995238095238095,5.628571428571429,20.633333333333333,3.713927248677249,0.2679616402116402,3.442867150777531,200.09047619047618,0.47640589569160996,0.5614973262032086,2.456780045351474,0.7174793144973456,7.826672605633819,0.11037330505831847,9.424242424242424,0.28558310376492196,0.9990817263544536,14.666666666666666,216.75757575757575,553.969696969697,146.10797138047138,0.11302188552188552,9.484848484848484,0.2874196510560147,0.5280653240835321,9.851026980519736,0.0337614980777363,3.3969841806735968,0.17647058823529413,184.64646464646466,4.229158445146013,0.061072976141181685,3.5090975654898644,0.05900137123889927,0.5003524977245393,0.3931724887173832,24.957549157892522,25.059928172283335,186.5,9.812621714695036,61.112698372208044,0.32768202880540503,187.0,1.2623712930731115,0.7921599655245678,0.22024533062845156,17.235173742691995,0.3931724887173832,9.812621714695036,24.957549157892522,15.0,22.0,25.059928172283335,25.059928172283335,186.5,9.812621714695036,1.2623712930731115,0.7921599655245678,61.112698372208044,0.32768202880540503,187.0
"ytma10_010704_benign1_ccd.tif","f1b58069-20c8-4a39-9c4e-af71ab56e4cb","Detection","Unclassified",605.1849975585938,333.0133972167969,187.0,,,87.6,119.0,2063151.0,1.2285571805096263,15.0,3.9379211095863473,148.0,104.24064171122994,9.942062970059196,104.0,79.0,69.0,6.734002894609878,105.03757921871744,0.5980311790375495,12.914397537606224,2063151.0,0.46924418770911375,166.7816637593297,2.849702380952381,1.765754788311786,-0.037784505155608716,0.9376040780895695,0.2663690476190476,0.5575166223709986,0.25744047619047616,0.8483466364266508,0.20009344883786845,0.8727678571428572,0.8721726190476191,0.9737751831501831,0.9360863095238096,-0.22631662226562815,0.6395301354213166,0.2496279761904762,1.6376488095238095,0.30527432327097503,2.060931489614058,0.44345238095238093,3.275297619047619,1.7718653942200355,0.30099328142715426,3.8004797338802625,30.614973262032084,0.16371643455632132,4.928021962309474,87.74866310160428,0.3295490291400955,3.2032085561497325,45.49197860962567,128.6577540106952,24.967914438502675,0.5145573380867499,0.057842277483383914,0.3283359244371149,0.018277227136645906,100.83739837398375,0.4099081234714786,0.43618216669971577,3.902439024390244,14.739837398373984,43.59349593495935,7.770325203252033,0.4505420054200542,3.80739804358162,50.15447154471545,0.20387996562892458,0.32887700534759357,5.494282503800647,0.4380505802877715,2.2889224381772686,0.13454670795631854,4.4,0.44,0.64,6.4,1348.5,4560.3,548.55,0.31666666666666665,1.8,0.18,0.3606080679344,3.2226363458116736,0.04093433179841481,2.6464393446710153,0.053475935828877004,998.8100000000001,4.894545277127245,0.05219371083727245,0.7817154875279096,0.02835125879178478,0.13539867938537695,0.7391950616543564,17.95265597435509,18.35755975068582,186.5,13.270514639822862,52.284271247461874,0.28034461794885723,187.0,1.0800073447920155,0.9259196289934277,0.27832185556234773,27.523069608582766,0.7391950616543564,13.270514639822862,17.95265597435509,16.0,16.0,18.35755975068582,18.35755975068582,186.5,13.270514639822862,1.0800073447920155,0.9259196289934277,52.284271247461874,0.28034461794885723,187.0
"ytma10_010704_benign1_ccd.tif","02d84de6-80c0-4230-b46b-c678d164d5d9","Detection","Unclassified",688.5220336914062,346.47125244140625,186.0,,,72.0,120.0,1773177.0,1.7578829191819965,27.75,4.100487792047685,166.0,95.41397849462365,16.360619724823692,90.5,67.0,99.0,11.607843137254905,97.63815687229739,1.0867153988505571,20.721543988005543,1773177.0,0.3575557867961614,429.3823852468486,5.158059467918622,16.062798845232706,2.0195132309428847,1.9634111397650373,0.6416275430359936,0.5073949978001151,0.4976525821596245,1.2507179580692642,0.3939694505058521,0.7724308815858114,0.7655712050078249,0.9768369060429744,0.9202902600789925,-0.1442689245001826,0.6139286181380104,0.39753955833768034,2.1971830985915495,0.19075065940767186,3.042495884542494,0.37715179968701096,4.394366197183098,2.427744569140272,0.6512596707002578,4.233442091414589,24.129032258064516,0.1297259798820673,4.703780783905655,66.50537634408602,0.7706093189964157,6.21505376344086,28.43010752688172,124.46236559139786,9.404632616487456,0.29639187574671444,0.12295459840646733,1.4478507644595073,0.02069818267310907,113.75,0.2962239583333333,1.0025770399305556,7.703125,6.473958333333333,32.364583333333336,2.0067144097222225,0.2653667534722222,3.5869745105303648,153.125,0.3987630208333333,0.5161290322580645,2.7200520833333335,0.6538702401292308,6.015966892833522,0.14498416114827706,6.090909090909091,0.2768595041322314,1.2479338842975205,13.181818181818182,477.1818181818182,2130.7272727272725,127.21325757575757,0.1698358585858586,6.909090909090909,0.3140495867768595,0.5619993164439272,8.841234463610014,0.04317117180839688,3.2655833228877333,0.11827956989247312,405.702479338843,1.937492150706435,0.05274746644033604,3.564318948262225,0.03022708148662015,0.440669847644664,0.21874869105969702,34.452407360763075,31.240998703626616,185.5,7.5364190140223934,72.9116882454314,0.39305492315596446,186.0,1.5101506200641082,0.6621856036833919,0.16810214153520536,10.040347368868616,0.21874869105969702,7.5364190140223934,34.452407360763075,23.0,24.0,31.240998703626616,31.240998703626616,185.5,7.5364190140223934,1.5101506200641082,0.6621856036833919,72.9116882454314,0.39305492315596446,186.0
"ytma10_010704_benign1_ccd.tif","26d16d1d-00ed-4c3b-8e12-2bd666410f21","Detection","Unclassified",10.037735939025879,421.0592956542969,186.0,,,93.0,128.5,2269172.0,1.367671212316305,19.75,2.2945425058055897,143.0,109.6989247311828,10.70956179905192,108.0,86.0,57.0,8.103791551246543,110.45292871791852,0.35434099479965414,12.883919247957236,2269172.0,0.437911897329171,165.99537518788293,3.582335329341317,3.577291975927886,-0.026045677925944366,1.194402362938793,0.2619760479041916,0.6402362930489282,0.2619760479041916,0.829713639921705,0.1933445982286923,0.8690119760479041,0.8690119760479041,0.9738023952095808,0.934505988023952,-0.2882618658391802,0.7271260633356724,0.2619760479041916,1.8300898203592815,0.29061076947900605,2.233589940795884,0.47604790419161674,3.660179640718563,1.9716138928916926,0.36409460271074623,3.898313318935811,27.93548387096774,0.15019077349982657,4.403977338420627,81.45161290322581,0.39923690600069367,4.021505376344086,44.10752688172043,147.69892473118279,20.652927120669055,0.4178614097968936,0.056833757995432346,0.3651375148326953,0.01607966931047608,94.61752988047809,0.37696227044015174,0.4966587831939176,5.039840637450199,14.844621513944222,52.366533864541836,6.482293050022134,0.34860557768924305,3.869235420565551,53.02390438247012,0.21125061506960208,0.33736559139784944,6.058475262297423,0.4391564536462227,2.8506360435104585,0.11390324989911513,6.2727272727272725,0.5702479338842975,0.6115702479338844,7.090909090909091,1303.090909090909,4752.181818181818,461.5252525252525,0.28535353535353536,2.090909090909091,0.19008264462809918,0.3532342768826929,2.9968935973601956,0.059491221906855525,2.845350936622437,0.05913978494623656,1017.1735537190084,4.634036952931462,0.05800258606000061,0.6818171709830159,0.0340899869688972,0.1354060125105484,0.7100586962605179,18.297117635700236,18.439088914585774,185.5,12.99202749373064,52.28427124746187,0.2818559096898214,186.0,1.0829145030653156,0.9234339342296956,0.27682951317327353,27.228707343508134,0.7100586962605179,12.99202749373064,18.297117635700236,14.0,18.0,18.439088914585774,18.439088914585774,185.5,12.99202749373064,1.0829145030653156,0.9234339342296956,52.28427124746187,0.2818559096898214,186.0
"ytma10_010704_benign1_ccd.tif","6e4be3b2-71cc-48ee-99dd-7d20ad6c0326","Detection","Unclassified",771.2244873046875,275.8419189453125,185.0,,,100.0,132.6,2475876.0,1.1926716956373529,14.0,7.413447819993552,179.0,114.8108108108108,10.263550036523014,112.0,91.0,88.0,6.465027700831027,115.6854075219235,1.6628640388471971,14.198282800315006,2475876.0,0.584046749452155,201.59123447772095,4.3912386706948645,7.232909176510577,1.1739547980706633,0.8630534588037714,0.3293051359516617,0.4476407728344406,0.27492447129909364,0.9327128099198368,0.2537216710325754,0.8712235649546828,0.8679758308157101,0.9878180655130463,0.9554470579772695,-0.1419777898543031,0.5038274409914271,0.2309080228264518,2.0634441087613293,0.478378483219394,1.9160123437095145,0.6812688821752266,4.12688821752266,1.5892467311325909,0.29808964868885823,3.3378199958320818,32.362162162162164,0.17493060628195764,6.741972242512783,108.04864864864865,0.3841051862673485,4.989189189189189,47.35675675675676,189.8864864864865,13.14684984984985,0.2801621621621621,0.08480762309928977,0.7378812937086745,0.016377460368531795,80.76954732510288,0.33238496841606124,0.7827397585056478,6.79835390946502,19.703703703703702,82.62551440329219,5.2260402377686335,0.2737288523090992,3.7435346023237464,76.4156378600823,0.314467645514742,0.32837837837837835,10.43004961980728,0.5796562424565382,5.007791636492819,0.1353824533896261,6.875,0.4296875,0.93359375,9.5625,1208.0625,4855.6875,307.7157291666667,0.22038194444444445,3.875,0.2421875,0.4869558754109709,4.990225358219847,0.06389447283674374,2.9056390622295662,0.08648648648648649,1074.37109375,1.3319485849431585,0.0579692196126955,2.7925677725891327,0.010641246125599671,0.6074866095306493,0.7244547907848912,18.231801008338607,19.313207915827967,184.5,13.208115585127713,53.45584412271569,0.28973357248084386,185.0,1.1101766140154155,0.9007575798080307,0.26633524774769685,25.203423599511886,0.7244547907848912,13.208115585127713,18.231801008338607,14.0,18.0,19.313207915827967,19.313207915827967,184.5,13.208115585127713,1.1101766140154155,0.9007575798080307,53.45584412271569,0.28973357248084386,185.0
"ytma10_010704_benign1_ccd.tif","196d96a9-3dcf-4dbf-8a94-b12c324cb5be","Detection","Unclassified",435.8301696777344,486.2723693847656,185.0,,,82.4,149.0,2509769.0,1.9606408076866881,38.0,2.1026083342886177,172.0,113.88648648648649,20.522483564645746,113.0,72.0,100.0,15.869195081302644,116.47454193478899,0.24492870599865957,24.4169431887419,2509769.0,0.27918188458729004,596.1871146822496,9.288519637462237,17.980473884950484,1.4093140625408875,2.860150966128457,0.5196374622356495,0.6925029638691523,0.4622356495468277,1.1396412280808925,0.30597566652367175,0.7784491440080564,0.7746223564954682,0.9804707221104763,0.9243274349014531,-0.2693482161551008,0.7970387135065934,0.41200906344410876,2.9501510574018126,0.14023352287766636,3.2402946568113,0.24471299093655588,5.900302114803624,2.68285391230865,0.844947107091027,4.189908288066423,26.589189189189188,0.1437253469685902,3.9538349159970796,51.648648648648646,0.969934258582907,10.52972972972973,29.497297297297298,226.85405405405405,5.1188993993994,0.1492087087087087,0.09366496343282055,1.5411625732875733,0.014725358436667967,94.46301369863014,0.2588027772565209,1.091867142052918,12.745205479452055,6.706849315068493,56.61917808219178,1.1301537290715375,0.134486301369863,3.76603587092359,129.3890410958904,0.3544905235503847,0.49324324324324326,2.5965096641020833,0.6092461607423285,9.063144196288357,0.07639447768579781,6.0,0.375,2.0,18.0,511.0625,4052.5,81.36835069444444,0.18178819444444447,3.25,0.203125,0.42833071814989016,8.79435177071154,0.0922341328523597,3.1493974703476995,0.08648648648648649,377.37109375,1.508940526527736,0.06480051740335903,3.2629333752010923,0.03440520343363295,0.4538646005910125,0.5736995435281718,20.306921926680403,20.0,184.5,11.65007183979877,53.941125496954236,0.29236382383173026,185.0,1.1202549888262243,0.8926539135949535,0.2627492156818126,24.529297062536088,0.5736995435281718,11.65007183979877,20.306921926680403,17.0,17.0,20.0,20.0,184.5,11.65007183979877,1.1202549888262243,0.8926539135949535,53.941125496954236,0.29236382383173026,185.0
"ytma10_010704_benign1_ccd.tif","61fd8458-8294-48ba-b109-11e150009951","Detection","Unclassified",519.3156127929688,139.76022338867188,184.0,,,80.0,135.70000000000002,2053857.0,1.7890170666234106,28.5,2.870465772575339,166.0,103.42934782608695,17.54590028355388,99.0,71.0,95.0,12.522004720255445,105.65162707856338,0.7673134446305154,21.55542420408718,2053857.0,0.3442225897920605,464.6363126181475,6.6335999999999995,13.832623931392,2.116104192,2.047744,0.6736,0.504950495049505,0.5232000000000001,1.2885978251103314,0.39986176000000007,0.7622666666666668,0.75344,0.9754508971758467,0.916295238095238,-0.14583292247113086,0.6180276310578618,0.4029333333333334,2.508,0.20063360000000005,3.0590607801347645,0.3952,5.015999999999999,2.388689179953441,0.6803359999999999,4.110764295007388,22.043478260869566,0.1198015122873346,5.931001890359169,63.33695652173913,0.8103733459357277,7.9021739130434785,28.184782608695652,139.79347826086956,7.000410628019323,0.2017783816425121,0.15711689249975355,2.2680031179138322,0.015973636246467183,112.86294416243655,0.286454173001108,0.9256164807132363,10.093908629441625,6.0761421319796955,35.16243654822335,1.3996192893401014,0.16574168076706153,3.428389045859977,170.53807106598984,0.4328377438223093,0.5353260869565217,2.5866422736994,0.6835125218540133,8.145994003095693,0.08873116420261466,9.758620689655173,0.33650416171224734,0.8537455410225923,15.241379310344827,310.3448275862069,1469.1724137931035,72.91327586206897,0.10837164750957855,10.310344827586206,0.3555291319857313,0.6087916171892919,10.73983260564035,0.03893910284338465,3.1719860644523625,0.15760869565217392,270.08799048751496,2.011989434839754,0.04854128050239723,3.813967990927409,0.034739199522297835,0.3706909393002609,0.2214209706297519,33.465461100128614,33.52610922848042,183.5,7.409954879362683,75.94112549695429,0.4138480953512495,184.0,1.5814448929116944,0.6323331305960583,0.1564392006432803,8.69547723637685,0.2214209706297519,7.409954879362683,33.465461100128614,13.0,32.0,33.52610922848042,33.52610922848042,183.5,7.409954879362683,1.5814448929116944,0.6323331305960583,75.94112549695429,0.4138480953512495,184.0
"ytma10_010704_benign1_ccd.tif","073650f2-bfc8-401b-b8a7-2db7c7009eb8","Detection","Unclassified",703.7722778320312,538.0433959960938,184.0,,,77.3,122.70000000000002,1777231.0,1.5130633763771641,21.0,2.8941232288225116,145.0,96.83152173913044,13.586779300567118,93.0,64.0,81.0,9.417526740476642,98.27952040193716,0.5722572657484305,16.808346977591,1777231.0,0.4107396030245747,282.52052811909255,5.853030303030303,6.773175659424197,0.8886196399254274,1.4677318640955006,0.3454545454545455,0.6189530832185399,0.3212121212121212,0.9658964931765688,0.242277318640955,0.8434343434343435,0.8418181818181819,0.9801069518716579,0.9365656565656566,-0.2382695550756996,0.7040601284791319,0.30000000000000004,2.3606060606060604,0.2672681359044996,2.53086196364404,0.4621212121212121,4.721212121212122,2.1481083359617883,0.4532966023875115,4.072728540201827,25.054347826086957,0.13616493383742911,4.661153119092627,75.57608695652173,0.5072956049149338,6.461956521739131,40.141304347826086,212.8423913043478,9.566991243961352,0.2261096014492753,0.06281400367111419,0.6460806405895692,0.00978480534110674,93.77857142857142,0.3349234693877551,0.6628061224489796,7.914285714285715,12.042857142857143,64.63571428571429,2.824950396825397,0.20756448412698414,3.852182190346735,71.81428571428572,0.2564795918367347,0.3804347826086957,5.133469387755103,0.49472150137336685,4.711922063964474,0.0854840198831682,4.333333333333333,0.3611111111111111,0.8055555555555555,10.833333333333334,1003.5,4873.25,232.80729166666666,0.17650462962962962,1.6666666666666667,0.1388888888888889,0.2941276539010666,4.540543432434702,0.02039048406399597,3.0220552088742005,0.06521739130434782,768.388888888889,2.4564737511166075,0.05404337526333733,1.716781566737359,0.025869143748739668,0.25022295365322206,0.6725061198580373,18.667757368181135,18.973665961010276,183.5,12.554181074126781,52.04163056034259,0.28360561613265717,184.0,1.0837470518099148,0.9227245401313409,0.2757622343191693,27.019158848607095,0.6725061198580373,12.554181074126781,18.667757368181135,13.0,18.0,18.973665961010276,18.973665961010276,183.5,12.554181074126781,1.0837470518099148,0.9227245401313409,52.04163056034259,0.28360561613265717,184.0
"ytma10_010704_benign1_ccd.tif","2f51b2d3-8893-4e4b-8de0-dda5997d3f0a","Detection","Unclassified",235.707763671875,126.56037902832031,182.0,,,131.0,155.0,3785922.0,0.9781022502859666,14.0,2.282332710310309,164.0,143.94505494505495,7.561043352252162,144.0,121.0,43.0,6.106932029009951,144.22818459222606,-0.14849829755161645,9.032739763457355,3785922.0,0.554945054945055,81.59038763434366,5.362940275650843,1.2268640503485728,0.4629202404609204,0.7539850237682599,0.1562021439509954,0.6567691800305067,0.1562021439509954,0.6251459608667977,0.13180303417610792,0.9218989280245021,0.9218989280245021,0.9843797856049005,0.9609494640122512,-0.34447484812818896,0.6968622204650801,0.1562021439509954,2.283307810107198,0.4384827712360667,1.5974630867437147,0.6140888208269525,4.566615620214395,1.4412609427927192,0.22754679192981386,3.3626907038390126,35.40659340659341,0.1945417220142495,3.227750271706316,101.0,0.2328523125226422,5.532967032967033,53.0,277.66483516483515,11.45528083028083,0.21474358974358976,0.02969551455095673,0.17490972014568953,0.007696278748633718,82.32203389830508,0.4650962367135881,0.3204060135976252,6.112994350282486,25.638418079096045,128.4858757062147,5.726930320150659,0.21767106089139987,4.108995904161455,23.48587570621469,0.1326885633119474,0.24313186813186813,8.721695553640396,0.26542904975046516,1.7552605889277408,0.07063263013741528,1.5,0.375,0.6875,5.75,4540.5,21945.25,1030.701388888889,0.3680555555555556,1.5,0.375,0.12509916918358863,0.6258098998748504,0.06945775831977227,2.0,0.02197802197802198,2470.25,2.3349641393442617,0.07986221573768335,0.5419484035335125,0.011476597169080439,0.22091776836302385,0.7126241036692093,18.102198134978384,18.384776310850235,181.5,12.900062720381401,51.69848480983496,0.28484013669330555,182.0,1.082516608383678,0.9237733557669062,0.2754767627126078,26.96324683937762,0.7126241036692093,12.900062720381401,18.102198134978384,17.0,15.0,18.384776310850235,18.384776310850235,181.5,12.900062720381401,1.082516608383678,0.9237733557669062,51.69848480983496,0.28484013669330555,182.0
"ytma10_010704_benign1_ccd.tif","f2a547bb-e26b-4212-a5ca-efa8937c0bea","Detection","Unclassified",575.8905639648438,39.022621154785156,181.0,,,116.0,148.0,3062399.0,1.3076226999978946,16.0,2.9524912918274895,164.0,129.5303867403315,9.460333933640626,128.0,105.0,59.0,6.771183345507681,130.07433064103273,0.6213556226849279,11.883198332640205,3062399.0,0.44116479960929145,141.21040261286294,2.902866242038217,2.23753898372985,0.08624712782756602,1.0307593614345414,0.29458598726114654,0.55545777174069,0.2818471337579618,0.8929129953950572,0.2151481804535681,0.8611995753715499,0.8603503184713376,0.9711293483586476,0.9301751592356688,-0.2182566726684831,0.6438657695332878,0.27070063694267515,1.6488853503184713,0.2815973771755446,2.1853624974588404,0.410828025477707,3.297770700636943,1.8623367100327055,0.33133633717392186,3.991502945611643,25.022099447513813,0.1382436433564299,5.584872256646622,79.85082872928177,0.3728213424498642,3.287292817679558,41.9171270718232,117.97237569060773,23.35144260282382,0.5202578268876612,0.07830682871675375,0.44532662405047957,0.023725333263037163,102.41263940520446,0.38071613161786044,0.4885781014634958,4.04089219330855,12.951672862453531,39.531598513011154,6.711482858323007,0.4545642296571665,3.629102030284766,72.88104089219331,0.27093323751744725,0.3715469613259669,5.707770760492531,0.5271828618420085,2.7843909720205215,0.16688285366495095,5.571428571428571,0.3979591836734694,0.5153061224489797,6.071428571428571,844.3571428571429,2540.5,424.52777777777777,0.2876984126984127,2.7142857142857144,0.19387755102040816,0.418062934633165,3.2310866375716407,0.06313152388972773,3.2359263506290334,0.07734806629834254,677.2091836734695,5.870407600126142,0.051047370912668186,0.825401384122937,0.035945725204325145,0.1289574145802232,0.3316940518131598,26.920471917721883,27.730849247724095,180.5,8.929360407111556,65.94112549695424,0.3653247949969764,181.0,1.3845633146311571,0.7222493832045497,0.19018126712045028,12.851023549860692,0.3316940518131598,8.929360407111556,26.920471917721883,25.0,15.0,27.730849247724095,27.730849247724095,180.5,8.929360407111556,1.3845633146311571,0.7222493832045497,65.94112549695424,0.3653247949969764,181.0
"ytma10_010704_benign1_ccd.tif","b1e864f2-c969-4cb4-a679-ab1fabf331bd","Detection","Unclassified",414.4856872558594,106.38227081298828,181.0,,,97.0,150.0,2759657.0,1.7262556705485004,27.0,2.319602644605111,165.0,121.95027624309392,16.013003266078556,120.0,82.0,83.0,11.941505854042301,123.47762451920623,0.18729696132894105,19.361143590685945,2759657.0,0.3447086474771832,374.8538811391594,5.654088050314465,11.297927549241502,0.7366282232984287,2.0037973181440605,0.4088050314465409,0.661108651812503,0.37735849056603776,1.03734081644555,0.26640560104426253,0.8165618448637316,0.8144654088050315,0.9765075841657419,0.9255765199161425,-0.2638657423759662,0.762214458893603,0.3498427672955975,2.292452830188679,0.20215280249990109,2.861522251524307,0.38836477987421386,4.584905660377359,2.411217261687613,0.6031505873976503,4.214581645948855,23.994475138121548,0.13256616098409693,4.8354445834986715,62.392265193370164,0.6726290406275753,6.475138121546961,34.93370165745856,165.61325966850828,11.452539901780236,0.27021945979128303,0.0762238364242771,0.7903961250450661,0.011802416805171016,101.52201257861635,0.31925161188244133,0.7284521973023221,8.144654088050315,8.38993710691824,43.79245283018868,2.4804332634521313,0.21433874912648498,3.708341300940841,97.52201257861635,0.3066729955302401,0.43922651933701656,3.2064396186859705,0.565636808618121,5.598506657025573,0.07970975205798804,4.5,0.375,0.8541666666666666,11.416666666666666,846.0833333333334,4328.833333333333,208.80729166666666,0.17245370370370372,2.3333333333333335,0.19444444444444445,0.38118903810855814,5.350129959922119,0.029199756965747642,3.188721875540867,0.06629834254143646,618.576388888889,2.7287452207160237,0.06052085190940819,1.622195580132314,0.03515405458779854,0.2721629213711001,0.39656238578113345,24.45838449821535,25.079872407968907,180.5,9.699275308964568,60.769552621700434,0.3366734217268722,181.0,1.2759759948355807,0.7837138034315901,0.21496770066832138,16.41907431495257,0.39656238578113345,9.699275308964568,24.45838449821535,23.0,15.0,25.079872407968907,25.079872407968907,180.5,9.699275308964568,1.2759759948355807,0.7837138034315901,60.769552621700434,0.3366734217268722,181.0
"ytma10_010704_benign1_ccd.tif","5a646724-f558-4232-81f3-15e6695ea0a0","Detection","Unclassified",456.9365234375,587.8211059570312,181.0,,,121.0,142.0,3152521.0,0.7523738102338953,9.0,3.624125384845806,156.0,131.707182320442,6.365312414150979,131.0,106.0,50.0,4.228238234069135,131.9744031769898,-0.17664993732456202,8.394118127147433,3152521.0,0.7036110008851989,70.46121913250512,3.5482866043613703,0.9845561253583153,-0.5039773509386406,0.4433769082209995,0.10903426791277258,0.6052423534372201,0.10903426791277258,0.49699612914195057,0.09714579633349832,0.9454828660436135,0.9454828660436135,0.9890965732087227,0.9727414330218067,-0.32432592247254793,0.596862615919455,0.10903426791277258,1.8613707165109032,0.6360235246164146,1.137788975597331,0.7881619937694704,3.7227414330218065,1.0287547076845587,0.138102794033443,2.8901252733554585,42.469613259668506,0.23463874729098624,3.687372180336376,127.353591160221,0.1561612893379323,3.6022099447513813,57.27624309392265,212.6961325966851,18.439686924493554,0.3678637200736648,0.045455245173575874,0.22523659970433843,0.01892611280239536,70.6842105263158,0.4650277008310249,0.34539473684210525,3.4078947368421053,36.14473684210526,137.39473684210526,10.919956140350877,0.4857456140350877,4.112156926977569,17.460526315789473,0.1148718836565097,0.20994475138121546,13.457063711911356,0.2673858317673206,1.0319626286715022,0.16396093078688925,2.7142857142857144,0.3877551020408163,0.8571428571428571,4.857142857142857,3269.285714285714,12787.42857142857,890.2261904761905,0.5119047619047619,2.7142857142857144,0.3877551020408163,0.6073606189938442,4.035951351715021,0.22640341200402597,2.128085278891395,0.03867403314917127,2600.6938775510203,1.4548051573570604,0.1076256800932133,0.38053080120999005,0.006007204207821104,0.24228027606046426,0.44084836280613643,22.89774084006186,22.847319317591726,180.5,10.094431561300478,56.52691193458114,0.3131684871721947,181.0,1.1868934290122508,0.84253562750972,0.23961796691808795,20.40050903683652,0.44084836280613643,10.094431561300478,22.89774084006186,14.0,21.0,22.847319317591726,22.847319317591726,180.5,10.094431561300478,1.1868934290122508,0.84253562750972,56.52691193458114,0.3131684871721947,181.0
"ytma10_010704_benign1_ccd.tif","c845995b-29c3-4133-8e0b-6d5e3e277cfa","Detection","Unclassified",602.9746704101562,74.58612060546875,180.0,,,83.0,140.1,2150311.0,1.7657754055674066,31.5,2.6949568975626366,174.0,107.10555555555555,18.0283950617284,103.0,74.0,100.0,13.356575505350778,109.29854629510048,0.6875423904814901,21.784677903472087,2150311.0,0.3335185185185185,474.572191358025,7.353896103896104,12.128630116239455,2.3068513119533556,2.1034322820037117,0.6266233766233765,0.5409446143391095,0.4902597402597402,1.2562391911458628,0.3862687637038287,0.7767857142857143,0.7685064935064935,0.977093646718393,0.9214788188002472,-0.16297905078800257,0.641073635558965,0.3786075036075036,2.642857142857143,0.1998044569067297,2.9829353188035586,0.387987012987013,5.285714285714286,2.346381019635228,0.6825139146567718,4.08298569646956,21.755555555555556,0.12086419753086419,6.239999999999999,60.03333333333333,0.8121913580246914,8.683333333333334,30.57777777777778,174.52777777777777,6.473773148148148,0.1706435185185185,0.13804986562526242,1.9142617157974302,0.022182653484061662,105.77595628415301,0.2890053450386694,0.8889784705425664,11.03825136612022,7.109289617486339,45.759562841530055,1.4327064359441413,0.14150349119611413,3.4326379671998137,161.37704918032787,0.44092089939980295,0.5083333333333333,3.2393621786258175,0.6889541070068942,8.784274807149144,0.08474642178118419,8.076923076923077,0.3106508875739645,1.1967455621301775,15.115384615384615,314.0769230769231,1655.1923076923076,68.75644230769231,0.145982905982906,7.3076923076923075,0.28106508875739644,0.5296420291862354,8.547196932547914,0.10362247395160451,3.4556501805795428,0.14444444444444443,266.14792899408286,1.9335464753587022,0.05081505738875133,3.922437896786122,0.033531900352733686,0.3835063437139562,0.2481888515092832,31.258543643498992,30.805843601498726,179.5,7.758022046732819,70.87005768508877,0.3948192628695753,180.0,1.4921951627044914,0.6701536266794856,0.1697443537640991,10.237476562789253,0.2481888515092832,7.758022046732819,31.258543643498992,30.0,11.0,30.805843601498726,30.805843601498726,179.5,7.758022046732819,1.4921951627044914,0.6701536266794856,70.87005768508877,0.3948192628695753,180.0
"ytma10_010704_benign1_ccd.tif","7d172b20-e7df-4e8d-b751-c38fa30f5d08","Detection","Unclassified",709.6722412109375,509.2664794921875,180.0,,,101.0,150.0,2988577.0,1.7220667149416877,28.5,2.1955067675781295,171.0,127.51666666666667,15.571851851851864,128.0,92.0,79.0,11.926815537624321,128.8534266349,-0.06994472918267657,18.512300715410227,2988577.0,0.3415432098765432,342.70527777777795,6.932812500000001,11.278547401142125,-0.5614411010742189,2.1542871093750002,0.3375,0.7291100843003776,0.32812500000000006,0.943427611698268,0.22983398437500002,0.8375,0.836875,0.9803125,0.9346875000000001,-0.32687237261745805,0.8171514997052413,0.319921875,2.5453125,0.19720825195312502,2.8199040899505046,0.3453125,5.090625,2.463136708502435,0.6229467773437499,4.307583365329539,28.433333333333334,0.15796296296296297,3.8976543209876535,61.477777777777774,0.65320987654321,7.355555555555555,37.666666666666664,270.3777777777778,7.830131172839506,0.23306327160493825,0.05748795701408136,0.47819155661235685,0.011988304664000946,83.64808362369338,0.2914567373647853,0.844978086416006,7.637630662020906,10.954703832752614,78.88501742160278,2.2752129307007354,0.2530487804878049,4.007902032003073,70.97212543554006,0.2472896356639027,0.39861111111111114,4.661073947723051,0.46578012679967706,3.879653833324144,0.11876738155815904,2.7777777777777777,0.30864197530864196,0.8395061728395062,8.555555555555555,1061.7777777777778,7684.666666666667,192.69521604938274,0.2299382716049383,1.2222222222222223,0.13580246913580246,0.2559674560829317,2.3013868041238705,0.029143695874523368,2.94770277922009,0.05,661.7777777777778,2.2488795518207287,0.05605032073239086,1.7131886970106043,0.03511867119243238,0.26330968685501843,0.49859858605041313,21.471418690845347,21.37755832643195,179.5,10.705618999751902,54.62741699796949,0.30433101391626455,180.0,1.1502003816283346,0.8694137264885129,0.2508265575942623,22.353692982903087,0.49859858605041313,10.705618999751902,21.471418690845347,11.0,21.0,21.37755832643195,21.37755832643195,179.5,10.705618999751902,1.1502003816283346,0.8694137264885129,54.62741699796949,0.30433101391626455,180.0
"ytma10_010704_benign1_ccd.tif","53e9a7da-b6bd-416a-b718-1c7bcfda93e1","Detection","Unclassified",632.65625,584.6780395507812,180.0,,,123.0,172.1,3933902.0,1.766678123922512,26.0,2.673072743126344,189.0,146.62222222222223,15.326419753086416,147.0,98.0,91.0,11.014030915576695,147.83440435538375,-0.20307491164258926,18.892725100641115,3933902.0,0.3395061728395061,356.9350617283949,11.44736842105263,13.299724388882435,-0.5894152954512482,2.1660036998341785,0.43653250773993807,0.6645329994107246,0.3839009287925697,1.0762536259348996,0.2891525846121405,0.8168214654282766,0.813312693498452,0.983629107094464,0.9372696446999852,-0.2649029096551925,0.7749546430203099,0.3378482972136223,3.318885448916409,0.1856398987817385,3.0053675045965345,0.32972136222910214,6.637770897832817,2.4929105811269348,0.6506340518935291,4.465476702399949,22.444444444444443,0.12469135802469136,5.0820987654320975,61.111111111111114,0.6844444444444443,12.244444444444444,36.56666666666667,414.75555555555553,3.8199475308641975,0.11252469135802472,0.07861709323647155,1.174455230291705,0.009104144826154627,87.4655737704918,0.2867723730180059,0.9515076592313896,13.281967213114754,9.645901639344263,110.82622950819672,1.0083970856102003,0.12040528233151182,4.06438164411485,91.87213114754098,0.3012201021230852,0.4236111111111111,4.073206127385112,0.5585015270212117,8.054660698694416,0.07003070272696434,3.933333333333333,0.26222222222222225,1.528888888888889,15.466666666666667,598.5333333333333,6761.866666666667,59.20974074074074,0.1489814814814815,2.6,0.17333333333333334,0.34772105681298576,5.776995612711476,0.03897062771490627,3.6402239289418516,0.08333333333333333,454.53333333333336,0.9922798927263212,0.0622941039784179,3.1503195568245466,0.021946584362139917,0.4928289537010299,0.8479619394489453,16.548284658577785,17.26267650163207,179.5,14.032315553640846,50.87005768508878,0.2833986500562049,180.0,1.071087797635011,0.93363027961669,0.2791233516652206,27.681816725656223,0.8479619394489453,14.032315553640846,16.548284658577785,14.0,17.0,17.26267650163207,17.26267650163207,179.5,14.032315553640846,1.071087797635011,0.93363027961669,50.87005768508878,0.2833986500562049,180.0
"ytma10_010704_benign1_ccd.tif","7f925ce6-496d-411c-b4d9-87089dd1e96a","Detection","Unclassified",414.11907958984375,708.759765625,180.0,,,83.0,119.0,1855857.0,1.2922445155539735,20.0,2.601721418490333,138.0,100.62777777777778,11.06135802469135,99.0,74.0,64.0,8.313458728999262,101.53972949868769,0.3634126549758504,13.578181254234293,1855857.0,0.44734567901234557,184.36700617283955,6.248000000000001,4.011689317708592,1.0139906949119977,1.1317350400000001,0.2832,0.5996989374155296,0.2832,0.8597744796350539,0.20299776,0.8584000000000002,0.8584000000000002,0.9833411764705883,0.9433600000000001,-0.24071676653354143,0.6706264831307027,0.2832,2.4568000000000003,0.29026944,2.182923894747843,0.4544,4.9136,1.899723894747843,0.35373376,3.7222035525622,28.177777777777777,0.15654320987654322,4.22172839506173,80.52222222222223,0.37111111111111117,6.788888888888889,39.955555555555556,228.84444444444443,8.250308641975307,0.18433641975308643,0.05224479472859102,0.4198023282872819,0.012093149522611974,123.24264705882354,0.4530979671280277,0.38785413062283725,7.930147058823529,13.198529411764707,74.27941176470588,2.759803921568628,0.16296466503267976,3.5348424732650123,70.34558823529412,0.2586234861591695,0.37777777777777777,6.191608996539793,0.5076337375403647,4.45120911102951,0.07698125776920305,1.6666666666666667,0.2777777777777778,1.1388888888888888,9.166666666666666,2118.6666666666665,12109.0,430.8171296296296,0.2662037037037037,1.3333333333333333,0.2222222222222222,0.3363029699849321,2.8743648991721127,0.17731600499355019,2.584962500721156,0.03333333333333333,1218.6666666666667,2.2249935765673174,0.04850066544067763,1.768218592253723,0.016882037520192114,0.264153076966569,0.43041406465163107,24.84533949145492,25.179356624028344,179.5,10.6937835581668,64.87005768508877,0.36139307902556417,180.0,1.3658629531836473,0.7321378749376951,0.19383093485377492,13.348990590169278,0.43041406465163107,10.6937835581668,24.84533949145492,12.0,25.0,25.179356624028344,25.179356624028344,179.5,10.6937835581668,1.3658629531836473,0.7321378749376951,64.87005768508877,0.36139307902556417,180.0
"ytma10_010704_benign1_ccd.tif","24afe42c-3e26-4630-bfbf-b0bae8e82e47","Detection","Unclassified",218.04037475585938,112.92112731933594,178.0,,,131.7,151.0,3677546.0,0.9465621122518432,6.0,7.205629046939795,164.0,143.46067415730337,5.750536548415598,145.0,106.0,58.0,2.662428480610302,143.7371586838868,-1.8095697933893253,8.910990789406231,3677546.0,0.6383663678828431,79.40575684888269,4.463108320251177,1.3462070421288568,0.05541391680373553,0.5033504284457413,0.21978021978021978,0.39214242870385513,0.21978021978021978,0.7597659876428757,0.17147687477357806,0.8901098901098902,0.8901098901098902,0.978021978021978,0.945054945054945,-0.1545421582231596,0.4818677451425011,0.21978021978021978,2.0957613814756675,0.5106279681296502,1.5775940606006142,0.7001569858712716,4.191522762951334,1.3578138408203944,0.18078266205649024,3.1926380472210254,27.674157303370787,0.1554727938391617,4.321550309304381,113.62921348314607,0.20997980053023607,4.601123595505618,47.674157303370784,197.5561797752809,12.450842696629213,0.2745006242197254,0.03907460929648597,0.23242515379018858,0.01077616030026243,87.96744186046512,0.40915089237425634,0.43210383991346674,5.437209302325582,18.865116279069767,78.53953488372093,4.928423772609819,0.2937984496124031,3.7346035150269676,42.2,0.19627906976744186,0.30196629213483145,7.898236884802596,0.41859181443578836,2.713473200895608,0.13198028206143053,5.666666666666667,0.6296296296296297,0.4444444444444444,7.555555555555555,2175.777777777778,8740.555555555555,551.8672839506173,0.22530864197530864,1.6666666666666667,0.18518518518518517,0.0926505298575754,0.8264798255785705,0.011111545279528404,2.5032583347756456,0.05056179775280899,1784.6172839506175,2.895757535223827,0.0575554633422664,0.7118402468224846,0.015934796708308316,0.1311477574301219,0.7404825997791867,17.537228122727477,18.027756377319946,177.5,12.986012273237908,51.45584412271568,0.2898920795645954,178.0,1.0895084337164371,0.917845120839392,0.2713134728151106,26.15441237313504,0.7404825997791867,12.986012273237908,17.537228122727477,15.0,16.0,18.027756377319946,18.027756377319946,177.5,12.986012273237908,1.0895084337164371,0.917845120839392,51.45584412271568,0.2898920795645954,178.0
"ytma10_010704_benign1_ccd.tif","a2a3e2ae-fd27-4a6e-9ffd-1e0fe2ed38a5","Detection","Unclassified",622.0563354492188,196.41549682617188,178.0,,,109.0,142.0,2829919.0,1.151746803625378,17.0,2.4370445150046063,155.0,125.53370786516854,9.60712031309178,125.0,98.0,57.0,7.234207968901847,126.08894221268812,0.018577657035089547,11.819878930730598,2829919.0,0.48030551698017937,139.70953793712908,6.300469483568075,1.246376224333492,-0.07358080632493703,0.7851224894139659,0.36463223787167454,0.3657216983442994,0.35524256651017216,0.9704970403289992,0.2384349568109404,0.8239436619718311,0.8233176838810643,0.9787167449139278,0.9292644757433489,-0.09168031524991267,0.4331124001003144,0.3470266040688576,2.48904538341158,0.2601090808457071,2.1621059537652823,0.325508607198748,4.978090766823161,1.7717573012783407,0.2874386818214101,3.9041601513660544,24.348314606741575,0.13678828430753692,4.099861128645373,85.49438202247191,0.2938076000504986,6.713483146067416,36.168539325842694,235.15168539325842,6.560471285892635,0.18375468164794004,0.0640777003164978,0.5550120509085865,0.011233404099664097,137.82154882154882,0.4640456189277738,0.34420523982813545,7.013468013468014,8.868686868686869,58.96296296296296,1.5910961466517022,0.1859334081556304,3.4737805687535417,78.5016835016835,0.26431543266560104,0.41713483146067415,3.1216089061206898,0.5082383553558598,3.863347095291539,0.09417267141109123,2.142857142857143,0.30612244897959184,0.9795918367346939,9.142857142857142,2071.1428571428573,13951.285714285714,360.7996031746032,0.24404761904761907,1.8571428571428572,0.2653061224489796,0.4801985390839159,6.035963697619331,0.07121556021151201,2.5216406363433186,0.03932584269662921,1424.530612244898,2.5507487309644663,0.03542306180627765,2.2874722624961916,0.01695275615628963,0.20056453272370978,0.8155049546768193,16.6799615966577,17.26267650163207,177.5,13.602591325893426,50.28427124746187,0.28329166899978514,178.0,1.0647019506032986,0.9392299877288324,0.2808504864250591,28.025450789546326,0.8155049546768193,13.602591325893426,16.6799615966577,14.0,17.0,17.26267650163207,17.26267650163207,177.5,13.602591325893426,1.0647019506032986,0.9392299877288324,50.28427124746187,0.28329166899978514,178.0
"ytma10_010704_benign1_ccd.tif","da940fed-b93e-47fd-979b-bd7b3669cf0b","Detection","Unclassified",503.945068359375,342.15728759765625,178.0,,,81.7,137.0,2097795.0,1.7254969580559334,29.5,2.3723214364800564,156.0,106.74719101123596,16.0137608887767,106.0,71.0,85.0,11.939814814814822,108.56042174079523,0.3826469344789246,19.75860267706276,2097795.0,0.33878298194672396,390.40237975003174,7.695102685624013,9.704174797599995,1.0279887522494455,1.9139931468046294,0.4439178515007899,0.6234651334848311,0.3870458135860979,1.0834035142321632,0.2941133896862654,0.8155608214849922,0.8121642969984205,0.9834320417797151,0.9368182502068759,-0.23143998249422879,0.7277653044238214,0.34101281376162895,2.7069510268562404,0.19320220919466222,2.8818646835762993,0.3048973143759874,5.413902053712481,2.385187239211883,0.5894777495763548,4.3011839233120535,22.280898876404493,0.12517358919328367,5.1575558641585655,60.30337078651685,0.675546016917056,8.629213483146067,35.96629213483146,248.06741573033707,6.540324594257178,0.1672534332084894,0.09387162110995044,1.3005464744678565,0.010346213138755755,91.71661237785017,0.29875118038387677,0.8346401553332132,10.511400651465799,8.814332247557003,64.26058631921823,1.577671009771987,0.151090300398118,3.8047380006275566,90.77198697068404,0.2956742246602086,0.4311797752808989,3.4355589979734527,0.5515754906124194,7.002768136988018,0.07158408323339766,5.352941176470588,0.314878892733564,1.0519031141868513,14.352941176470589,410.2352941176471,2549.0588235294117,80.66607843137254,0.1361437908496732,3.823529411764706,0.22491349480968859,0.4660385444159505,8.120622312629095,0.03525840642221752,3.381580488309164,0.09550561797752809,300.6020761245674,1.512450761554622,0.05408537763183311,3.471564287939733,0.024512489032783545,0.4192514361287709,0.5239278734224265,20.9245936312813,21.095023109728988,177.5,10.962977843465662,54.284271247461874,0.30582688026739085,178.0,1.1493965816829559,0.8700217278668011,0.2503873611798256,22.27547904450632,0.5239278734224265,10.962977843465662,20.9245936312813,15.0,18.0,21.095023109728988,21.095023109728988,177.5,10.962977843465662,1.1493965816829559,0.8700217278668011,54.284271247461874,0.30582688026739085,178.0
"ytma10_010704_benign1_ccd.tif","0e5bad1c-d6de-4c80-9e5d-635768bfd612","Detection","Unclassified",131.03636169433594,90.10387420654297,177.0,,,93.0,149.0,2499268.0,1.8691422526259922,40.0,2.041514795644022,174.0,116.71186440677967,19.630757445178567,110.0,85.0,89.0,16.270782510789996,118.82827185518771,0.562551791692841,22.327088900792116,2499268.0,0.28839094768425416,498.49889878387455,4.6465927099841515,14.828635573270946,1.5317972397113246,2.6429660363521297,0.5419968304278923,0.6596526533599133,0.4532488114104595,1.1794377889904681,0.3365623453828978,0.7877707342842047,0.7822503961965134,0.96978465554209,0.9122632254169498,-0.2373862765229868,0.7567429122501618,0.37933615073076243,2.0301109350237714,0.1426797200127587,3.156311404799913,0.22820919175911253,4.060221870047544,2.558901573076255,0.7962407166950055,4.425508448870696,23.497175141242938,0.1327524019279262,4.738293593794888,51.045197740113,0.8902294998244439,5.548022598870056,31.8135593220339,125.54802259887006,16.98948524795982,0.412272441933459,0.09195559815263205,0.8930903502853328,0.018146910503000577,92.51785714285714,0.27535076530612246,0.9332482993197279,7.005952380952381,6.845238095238095,30.196428571428573,3.4644510582010586,0.3094204695767196,3.7349095271763293,110.79166666666667,0.3297371031746032,0.4745762711864407,2.4051870748299313,0.5880165985044812,5.151442372583955,0.11598122990377807,6.25,0.390625,0.6875,11.25,474.3125,1756.0,231.46006944444446,0.1540798611111111,4.125,0.2578125,0.40826460275329995,5.323664027254241,0.03393104689941194,2.9834585933443494,0.0903954802259887,351.93359375,4.441636187607575,0.06001533079273276,1.8745805596663538,0.05585289980242153,0.27099747408598773,0.5416080586918599,20.506090226226185,20.248456731316587,176.5,11.106263718786487,53.11269837220806,0.3009218038085442,177.0,1.1277714064772024,0.8867045167634464,0.2572599756152086,23.515092661548625,0.5416080586918599,11.106263718786487,20.506090226226185,16.0,17.0,20.248456731316587,20.248456731316587,176.5,11.106263718786487,1.1277714064772024,0.8867045167634464,53.11269837220806,0.3009218038085442,177.0
"ytma10_010704_benign1_ccd.tif","90ab0f1b-0cfc-49b6-992e-6d3d62f0d502","Detection","Unclassified",722.9631958007812,256.5004577636719,177.0,,,106.0,145.4,2824965.0,1.394790012428315,25.0,2.432512307458001,169.0,125.35028248587571,13.014395607903241,126.0,91.0,78.0,9.783971434239263,126.33389979450541,0.06297875138395992,15.734068704543583,2824965.0,0.42915509591752055,247.5609179992978,6.5707472178060415,4.6948133352575585,-0.058236685150829415,1.3542782471988495,0.23052464228934821,0.7090809919411558,0.22734499205087444,0.7841902796577781,0.17883889687873605,0.8868574456809751,0.8866454689984101,0.9864958383989525,0.9546369899311077,-0.35276983419387803,0.7883332626506776,0.2245627980922099,2.5079491255961837,0.2876344969302979,2.2680726570527097,0.3847376788553259,5.015898251192369,2.0276064162213427,0.3962007223720494,3.870009335280085,28.536723163841806,0.16122442465447348,3.4816304382520986,75.96045197740114,0.4058859203932459,6.898305084745763,45.76836158192091,302.728813559322,8.656701192718142,0.19868173258003766,0.04149093860184794,0.3226546297008027,0.007951903682644385,82.68325791855203,0.37413238877172866,0.5554349829037081,7.34841628959276,15.683257918552036,103.56561085972851,2.967006033182504,0.2130781799899448,4.204953599643643,39.34389140271493,0.1780266579308368,0.3121468926553672,5.420077393992751,0.34684457347753916,2.751645679104975,0.08052307665310504,2.142857142857143,0.30612244897959184,0.9795918367346939,9.142857142857142,1867.2857142857142,12670.714285714286,326.42857142857144,0.24404761904761904,1.5714285714285714,0.22448979591836735,0.30758418803945453,2.861387996184841,0.036838737321282324,2.2359263506290326,0.03954802259887006,1227.918367346939,1.4133716707021788,0.07075279777634065,1.249824044900842,0.014262971737285884,0.3554628954784237,0.5069666070914193,21.14262959878628,21.18962010041709,176.5,10.718607192687294,54.28427124746186,0.307559610467206,177.0,1.152648063657303,0.8675675008961908,0.24897672815909427,22.025194749112398,0.5069666070914193,10.718607192687294,21.14262959878628,20.0,13.0,21.18962010041709,21.18962010041709,176.5,10.718607192687294,1.152648063657303,0.8675675008961908,54.28427124746186,0.307559610467206,177.0
"ytma10_010704_benign1_ccd.tif","aebedc9f-9755-445a-b2a6-9751138dc81b","Detection","Unclassified",20.130578994750977,540.0114135742188,176.0,,,65.5,136.5,1693517.0,2.0563120329120164,36.0,3.0027894605097702,173.0,94.3465909090909,21.848850723140508,86.5,60.0,113.0,15.592755102040817,98.0930970141028,0.8934140333185216,26.85100492813679,1693517.0,0.2699509297520661,720.9764656508261,5.119047619047619,34.29207101207831,4.466277939747336,3.4445578231292524,0.7285714285714284,0.6508272882875543,0.5126984126984127,1.3324152855530247,0.4657117661879566,0.7768518518518518,0.7652380952380953,0.9740703177822851,0.9194916855631141,-0.251837125755391,0.7864186437085129,0.35004409171075834,2.1071428571428568,0.1547392290249433,3.3442208548155126,0.27936507936507937,4.214285714285714,2.669117306937397,1.04328231292517,4.4835208348630395,21.0,0.11931818181818182,6.955578512396693,47.51136363636363,1.2853499483471074,6.528409090909091,33.80681818181818,109.69886363636364,19.317166982323233,0.3976120580808081,0.14096545188993106,1.8203208656147645,0.020489235243234497,77.58333333333333,0.2309027777777778,1.3600393282312926,9.574404761904763,7.458333333333333,30.226190476190474,4.052876984126984,0.24698330026455034,3.7535209062298023,134.21428571428572,0.3994472789115646,0.4772727272727273,3.068310657596372,0.6547248514154339,7.913099782240939,0.09321687823470438,7.814814814814815,0.289437585733882,0.9821673525377229,13.88888888888889,262.8888888888889,883.8888888888889,127.95966049382716,0.12314814814814816,7.7407407407407405,0.28669410150891633,0.544504463457846,8.183181898615963,0.046556076750564876,3.7043494289560517,0.1534090909090909,220.39780521262003,2.853435230024213,0.06533902574845536,3.2959065785008366,0.051956515769225615,0.5326989777290982,0.7262351186178564,17.621140731818766,17.88854381999832,175.5,12.797091229554342,51.11269837220806,0.2912404465652881,176.0,1.088391939239948,0.9187866649382994,0.27096236286120023,26.08676270970087,0.7262351186178564,12.797091229554342,17.621140731818766,16.0,16.0,17.88854381999832,17.88854381999832,175.5,12.797091229554342,1.088391939239948,0.9187866649382994,51.11269837220806,0.2912404465652881,176.0
"ytma10_010704_benign1_ccd.tif","2c4df8d3-3cc4-4387-95da-9ddad248e89b","Detection","Unclassified",149.88128662109375,670.4548950195312,176.0,,,98.0,124.5,2156886.0,1.0935883525335417,15.0,2.770053760635525,140.0,110.22727272727273,8.34762396694215,110.0,93.0,47.0,6.497443389335282,110.7024574745705,0.6152779109963201,10.246093793076897,2156886.0,0.5748321280991735,104.98243801652892,3.716323296354992,2.181654807957862,-0.1274919445319423,0.7599739803747732,0.2408874801901743,0.518639712524843,0.2408874801901743,0.7965130156623346,0.1828607020778027,0.8795562599049127,0.8795562599049127,0.9759112519809825,0.9397781299524564,-0.202382656253328,0.5903107752836143,0.2408874801901743,1.8938193343898573,0.4102285256466605,1.90270183119471,0.618066561014263,3.7876386687797146,1.6618143510045358,0.2502153651412369,3.563467003504099,27.772727272727273,0.1577995867768595,3.792226239669421,101.17045454545455,0.26313920454545453,4.017045454545454,45.30681818181818,172.2215909090909,15.232165404040405,0.35937500000000006,0.037900263798701296,0.1907963295798117,0.01343185902570203,92.34222222222222,0.4104098765432099,0.4399802469135803,4.4222222222222225,15.03111111111111,58.56,4.850123456790124,0.3864197530864197,3.9025362719175987,41.95111111111111,0.18644938271604938,0.3196022727272727,5.241165432098765,0.3997557025279247,2.147684034601495,0.1480616853531536,2.2,0.44,0.64,6.4,3523.2,13722.2,1003.2277777777778,0.31666666666666665,1.0,0.2,0.03247205285914387,0.29028588616243095,0.00382106366912457,2.321928094887362,0.028409090909090908,2284.1600000000003,3.3372270742358072,0.05757466714645557,0.6737893671902078,0.020710821054540623,0.1348089002781337,0.8459803260504507,16.38897955907346,17.46424919657298,175.5,13.864754271019137,50.284271247461874,0.2865200640881018,176.0,1.0707514421905544,0.9339235611527075,0.2776859739019598,27.3974494165673,0.8459803260504507,13.864754271019137,16.38897955907346,17.0,14.0,17.46424919657298,17.46424919657298,175.5,13.864754271019137,1.0707514421905544,0.9339235611527075,50.284271247461874,0.2865200640881018,176.0
"ytma10_010704_benign1_ccd.tif","91874270-ae2c-4028-acaa-d46dcbd9d843","Detection","Unclassified",77.31017303466797,133.9969024658203,175.0,,,91.4,112.6,1909496.0,0.7755126581331478,10.0,3.8532364881505816,117.0,104.09142857142857,6.866873469387752,107.0,77.0,40.0,4.442109621655193,104.45767427185862,-1.174515217750468,8.739577349328627,1909496.0,0.6473469387755102,76.38021224489798,3.1977309562398704,0.9943935556855797,-0.5610930565872009,0.6162352996803165,0.12641815235008103,0.6595500848896436,0.12641815235008103,0.5475324789956808,0.11043660310647273,0.9367909238249595,0.9367909238249595,0.9747163695299839,0.9578606158833063,-0.3597834678964687,0.663221306950127,0.12641815235008103,1.753646677471637,0.5182366708783286,1.3211074019364863,0.6904376012965965,3.507293354943274,1.1946892495864054,0.18566336300759934,3.1663315966447145,40.01714285714286,0.22866938775510204,3.185828571428572,113.28571428571429,0.17632653061224493,3.3142857142857145,54.45142857142857,185.40571428571428,21.712857142857143,0.42142857142857143,0.025158693265666058,0.08089038260806967,0.011225770930065148,94.44099378881988,0.5865900235330427,0.20670498823347858,3.124223602484472,27.81366459627329,97.98757763975155,10.270186335403727,0.468944099378882,4.012299148213133,20.453416149068325,0.12703985185756722,0.23,8.91007291385363,0.2249756291851593,0.6947810395783437,0.10752427658686323,1.6666666666666667,0.5555555555555556,0.2222222222222222,3.0,4319.0,15676.0,1479.75,0.5,1.0,0.3333333333333333,5.293605026849596E-4,0.0014924420107398386,2.8859012567123993E-4,1.584962500721156,0.017142857142857144,916.2222222222223,4.089868012422361,0.09301884106117411,0.12286297376093296,0.02135470220741358,0.0943661180699882,0.4759607989285568,21.798383103689673,22.135943621178654,174.5,10.37517583738289,56.87005768508876,0.32590290937013616,175.0,1.2144538643102878,0.8234153880912715,0.22955935286753715,18.723723957858763,0.4759607989285568,10.37517583738289,21.798383103689673,12.0,21.0,22.135943621178654,22.135943621178654,174.5,10.37517583738289,1.2144538643102878,0.8234153880912715,56.87005768508876,0.32590290937013616,175.0
"ytma10_010704_benign1_ccd.tif","ea9bd3f9-2421-48dc-8437-5c671162cf82","Detection","Unclassified",693.609130859375,201.11866760253906,175.0,,,61.0,84.0,916595.0,0.9940418300122004,13.5,3.866236009593283,105.0,71.69714285714285,7.8800326530612255,69.0,58.0,47.0,5.686222222222221,72.37185719798624,1.0885534298951745,9.859280927540471,916595.0,0.5587918367346939,97.20542040816328,1.7629032258064516,1.077334106317019,0.5340010070155409,0.6606243496357962,0.23548387096774198,0.47442983882205403,0.20967741935483875,0.7841398507828105,0.19151925078043708,0.8994623655913978,0.8977419354838709,0.9776426799007445,0.9488709677419356,-0.21346852503834485,0.5680247535764639,0.18709677419354842,1.2870967741935486,0.4404058272632674,1.6301690696483888,0.6274193548387097,2.574193548387097,1.3654907135345609,0.22402705515088453,3.3926788404307846,32.28,0.18445714285714285,4.716212244897958,97.78857142857143,0.25586938775510204,2.0285714285714285,49.49142857142857,77.64,42.47333333333333,0.761904761904762,0.06077691214051758,0.28475964888600946,0.023828847001763666,90.22772277227723,0.4466718949122635,0.356950298990295,2.9455445544554455,20.564356435643564,30.633663366336634,18.113036303630363,0.5796204620462045,3.799715121830142,37.21782178217822,0.1842466424860308,0.2885714285714286,8.555729830408783,0.41329735446617216,1.7084942166268782,0.15550473958606176,4.6,0.46,0.36,5.2,1585.1,2021.9,1476.2333333333333,0.2833333333333333,3.0,0.3,0.5377536015745475,3.650993572964856,0.09277694206030355,2.6464393446710153,0.05714285714285714,1278.85,6.597930072930074,0.05973754492507203,0.7600639107104712,0.018846143888261807,0.21249923034295914,0.5857839550783118,19.911372708714392,21.840329667841555,174.5,11.663762656349077,55.35533905932732,0.3172225734058872,175.0,1.1821072136600443,0.8459469567940429,0.23904585751910684,20.303209239593127,0.5857839550783118,11.663762656349077,19.911372708714392,14.0,21.0,21.840329667841555,21.840329667841555,174.5,11.663762656349077,1.1821072136600443,0.8459469567940429,55.35533905932732,0.3172225734058872,175.0
"ytma10_010704_benign1_ccd.tif","d80252c5-ca26-483b-9693-620235188d79","Detection","Unclassified",694.031494140625,506.4255065917969,175.0,,,59.0,106.0,1134192.0,1.5374641107938996,20.0,3.3257011263638976,129.0,78.68571428571428,13.412244897959187,75.0,53.0,76.0,9.831533888228314,80.50526158492464,0.903094819612048,17.01926879169847,1134192.0,0.3859918367346939,289.6555102040815,2.752791068580543,8.096626777852364,1.8050760803348633,1.5624387923556895,0.4130781499202552,0.5818024729827345,0.35566188197767157,1.0514640592327238,0.2865827756283561,0.8313397129186603,0.8279106858054225,0.9768158363824,0.9307359307359306,-0.2112047711788913,0.6671150581798231,0.3091883749778487,1.5701754385964912,0.2584240796278065,2.493685757868172,0.4354066985645933,3.140350877192983,2.0481966448840314,0.4938792355689862,3.862575479557585,26.885714285714286,0.15363265306122448,6.747297959183673,67.54857142857144,0.6040816326530613,3.4457142857142857,40.52,81.48,31.34388888888889,0.5925396825396825,0.08236507396609438,0.5727475326638591,0.023052087157614372,91.5304659498208,0.3280661862000745,0.6903559820660062,5.207885304659499,12.078853046594983,26.329749103942653,9.247660294703305,0.3838610115491836,3.5953818933325636,104.24731182795699,0.37364627895325087,0.3985714285714286,5.783969887334439,0.6316491370196916,4.11699908872877,0.1578956129846296,5.615384615384615,0.4319526627218935,0.5917159763313611,8.692307692307692,867.9230769230769,1843.6153846153845,632.8301282051283,0.19337606837606838,2.6923076923076925,0.20710059171597633,0.3779787457131336,3.6153018458933763,0.04853875889219438,3.085055102756477,0.07428571428571429,686.7100591715977,4.100893695506373,0.06010369727689364,1.883517354757418,0.0314608727719036,0.3682420812016981,0.768964991546521,17.029696820410205,17.46424919657298,174.5,13.095240671546549,50.28427124746187,0.28816201287943766,175.0,1.0738151149531658,0.9312590091857803,0.2761037176404102,27.0861172911528,0.768964991546521,13.095240671546549,17.029696820410205,14.0,17.0,17.46424919657298,17.46424919657298,174.5,13.095240671546549,1.0738151149531658,0.9312590091857803,50.28427124746187,0.28816201287943766,175.0
"ytma10_010704_benign1_ccd.tif","5daec5aa-f55a-4439-8fe8-fe2d853d9c99","Detection","Unclassified",144.9976043701172,322.0076904296875,174.0,,,66.0,131.0,1661874.0,1.9765918355676082,41.0,2.318507166148413,157.0,94.54022988505747,20.830360681728106,91.5,53.0,104.0,15.88816326530613,97.72921773962995,0.48039789010955203,24.76176353332869,1661874.0,0.27229488703923904,613.1449332804865,4.790697674418605,18.521246632658823,1.987581305069457,2.8374548846039227,0.6594684385382058,0.6228293401951711,0.5365448504983389,1.2528466499588227,0.3715880619419212,0.7505537098560358,0.7440199335548177,0.9758379386545811,0.9133839582344565,-0.21349535378685236,0.7393598522146088,0.44467515688445924,2.0606312292358804,0.13074634937804216,3.309906272040885,0.22757475083056478,4.121262458471762,2.6229868965743703,0.8742308307855324,4.091468752236079,26.229885057471265,0.150746465847536,4.27705112960761,47.37931034482759,1.0336900515259613,6.057471264367816,25.310344827586206,82.28735632183908,15.681414431673053,0.39780970625798207,0.12920621707601732,1.6055124095721731,0.01992098085775391,102.57291666666667,0.2671169704861111,1.0168999565972219,7.880208333333333,5.755208333333333,24.307291666666668,3.1478240740740744,0.2724442997685185,3.451550435933065,173.16145833333334,0.4509412977430556,0.5517241379310345,2.4700520833333335,0.6974461396479567,6.5953265782817425,0.12606655996596838,7.526315789473684,0.3961218836565097,0.8642659279778394,14.052631578947368,360.5263157894737,1350.3157894736842,174.007865497076,0.12957602339181287,6.7894736842105265,0.3573407202216066,0.6036752192982455,10.143098903508772,0.03859762426900585,2.8795064608120073,0.10919540229885058,276.65927977839334,2.1440965943339356,0.06420337041338608,3.5544471412232332,0.04085324700766088,0.5248375552550913,0.28917486730208625,28.289494009230015,27.018512172212592,173.5,8.180610676162253,65.25483399593898,0.3761085532907146,174.0,1.397519954293707,0.715553289187481,0.18569726569054804,12.252177055493119,0.28917486730208625,8.180610676162253,28.289494009230015,22.0,20.0,27.018512172212592,27.018512172212592,173.5,8.180610676162253,1.397519954293707,0.715553289187481,65.25483399593898,0.3761085532907146,174.0
"ytma10_010704_benign1_ccd.tif","2725a694-caaf-4ab7-b534-59bb979c2673","Detection","Unclassified",83.84221649169922,521.837890625,174.0,,,100.0,139.10000000000005,2473764.0,1.330924738242598,20.0,2.435784182502785,153.0,118.39080459770115,11.649623464130006,117.0,92.0,61.0,8.682087143625607,119.23520655728585,0.3646123372624318,14.165163940723208,2473764.0,0.4699431893248778,200.651869467565,4.820598006644517,3.25757426164133,0.15759919336732015,0.9680467103012109,0.33887043189368776,0.48142017431254625,0.32558139534883723,0.9498164460078273,0.2328671868963919,0.8394241417497234,0.8385382059800667,0.9803009575923392,0.9353266888150608,-0.16017686831744818,0.5719301952821211,0.3139534883720931,2.1594684385382057,0.31785521131113337,2.2752130555932206,0.526578073089701,4.318936877076412,1.9103953560092568,0.3267292855487246,3.6668100220418722,23.0,0.13218390804597702,4.641564275333598,81.77011494252874,0.37283657022063676,5.448275862068965,37.275862068965516,164.3793103448276,10.241977969348659,0.26209291187739464,0.0674142881396918,0.6203242052994037,0.012160946780798315,111.57342657342657,0.39011687613086216,0.5149518313853979,6.625874125874126,10.692307692307692,50.11888111888112,2.7873931623931623,0.24378399378399382,3.4782401888675194,83.3986013986014,0.29160350139371116,0.4109195402298851,4.770062105726441,0.5451797144522085,4.347676818278699,0.11373374206542376,3.6,0.36,0.8,9.8,1257.4,5459.0,313.73263888888886,0.19930555555555557,1.8,0.18,0.3572894862804383,5.3108279767768805,0.02564268134168806,2.6464393446710153,0.05747126436781609,954.64,2.350728488446317,0.04961099696855629,1.8561467514695955,0.01940581695962611,0.24791022168836713,0.31026842136816296,27.35989897496986,27.784887978899608,173.5,8.488912663756317,65.01219330881969,0.37471004788945067,174.0,1.3923234779377354,0.7182239011592103,0.18673783343351205,12.389873652752668,0.31026842136816296,8.488912663756317,27.35989897496986,24.0,17.0,27.784887978899608,27.784887978899608,173.5,8.488912663756317,1.3923234779377354,0.7182239011592103,65.01219330881969,0.37471004788945067,174.0
"ytma10_010704_benign1_ccd.tif","0d7dd54e-5928-4033-a710-dfd0a6d5061f","Detection","Unclassified",658.7327270507812,113.30271911621094,172.0,,,89.0,142.9,2267848.0,1.8946586523369224,25.75,3.35241044397751,178.0,112.70930232558139,17.16008653326122,108.0,70.0,108.0,11.264323792764356,114.82666411029136,0.7842048988461936,21.949395435372853,2267848.0,0.31368307193077344,481.7759599783666,8.547967479674796,16.22199124536587,1.5990657602074791,2.2140366184149647,0.669918699186992,0.535416727784786,0.5040650406504065,1.288593051388409,0.4158371339810959,0.773577235772358,0.7645528455284556,0.9827202812568667,0.9308555942702283,-0.16348908714572696,0.6609629089594158,0.3781391147244806,2.8569105691056906,0.16580342388789734,3.225332109735862,0.3056910569105691,5.713821138211383,2.5228695833364054,0.720988829400489,4.389962107319902,20.651162790697676,0.12006489994591671,5.667793401838831,53.95348837209303,0.872093023255814,9.872093023255815,31.488372093023255,233.80232558139534,5.266107881136952,0.15387273901808782,0.11993420484042021,2.001056795726473,0.011648408671117504,86.29970326409496,0.256082205531439,1.128441740263628,12.094955489614243,6.967359050445104,56.33827893175074,1.1511424332344213,0.14046900758325093,3.765190109710784,129.74183976261128,0.38499062244098303,0.4898255813953488,2.7994611205522637,0.6423115811320319,9.227784361899356,0.07915467691334335,6.304347826086956,0.2741020793950851,1.3459357277882797,17.0,328.95652173913044,2572.9565217391305,49.3186231884058,0.11754830917874397,5.3478260869565215,0.23251417769376181,0.4666714464697568,9.647561054263354,0.030695229363607267,3.708132064658602,0.13372093023255813,273.0321361058601,1.0356437655383437,0.05558242090526868,6.085741256871546,0.02505698058222108,0.6537980611938494,0.7119620717133176,17.58623404505237,17.4928556845359,171.5,12.520731624350766,50.28427124746187,0.29320274779861144,172.0,1.0831663664950069,0.9232192126089338,0.27135694885576134,26.162795159209168,0.7119620717133176,12.520731624350766,17.58623404505237,15.0,16.0,17.4928556845359,17.4928556845359,171.5,12.520731624350766,1.0831663664950069,0.9232192126089338,50.28427124746187,0.29320274779861144,172.0
"ytma10_010704_benign1_ccd.tif","31dde681-1e60-44bb-970d-50ebba6c16f6","Detection","Unclassified",55.93610382080078,604.7437133789062,172.0,,,51.0,94.80000000000001,813233.0,1.3360076219509973,20.0,3.8733362568770446,121.0,66.48255813953489,13.854583558680348,60.5,47.0,74.0,8.93686397783581,68.76117245371331,1.2934168224590992,17.554723023524645,813233.0,0.516901027582477,308.16830043266623,4.813614262560779,6.359273480622861,1.328666299937026,1.0935435486709626,0.36952998379254454,0.4948579472005974,0.32090761750405183,0.9984201623878887,0.2665482848204177,0.847649918962723,0.8444084278768235,0.9791209838878824,0.9374392220421395,-0.1557795577106741,0.5527618314529044,0.2783630470016207,2.152350081037277,0.41053326993950456,2.1583575146497886,0.6272285251215559,4.304700162074554,1.7892366351136215,0.3657683831158767,3.3498295281607375,25.63953488372093,0.14906706327744726,6.753650621957815,88.90697674418605,0.46944294213088156,5.558139534883721,43.31395348837209,180.6046511627907,11.457566214470285,0.26037629198966405,0.09147182177134419,0.8680045351473923,0.01886642120510995,76.46456692913385,0.3010416020832042,0.7969030938061877,7.610236220472441,14.984251968503937,67.55118110236221,3.8014545056867894,0.24584426946631674,3.5029145205275847,92.28346456692914,0.36332072664145326,0.3691860465116279,7.64740529481059,0.6225151574145272,5.962165121060968,0.12355425514362234,5.25,0.328125,1.109375,9.375,905.125,3721.0,226.25390625,0.27126736111111105,3.875,0.2421875,0.46260321286390094,4.988307641775312,0.1024577931674119,3.4056390622295662,0.09302325581395349,789.5625,2.1165436286246346,0.05674899880123238,1.6471559523708614,0.02380139832996877,0.27200921089391383,0.8283335803585234,16.262984896237153,16.76305461424021,171.5,13.471176506416713,48.870057685088774,0.2849566045777771,172.0,1.0527029924060178,0.9499355537257836,0.2832206469825537,28.5004729689433,0.8283335803585234,13.471176506416713,16.262984896237153,16.0,14.0,16.76305461424021,16.76305461424021,171.5,13.471176506416713,1.0527029924060178,0.9499355537257836,48.870057685088774,0.2849566045777771,172.0
"ytma10_010704_benign1_ccd.tif","d8c82207-1bf0-40e4-9e3d-2be310067a8f","Detection","Unclassified",878.3775634765625,676.0923461914062,172.0,,,148.0,165.9,4224912.0,0.9242674560849216,10.25,3.022080982041221,178.0,156.54651162790697,6.053948080043266,156.0,141.0,37.0,4.430470144812543,156.72728499040974,0.6537854777168767,7.525394182280552,4224912.0,0.6292590589507843,56.63155759870198,3.4657980456026056,1.3568207450883212,-0.29731474353938697,0.5719875011936465,0.1970684039087948,0.4875056478955338,0.1970684039087948,0.7160260130500877,0.1582324480896349,0.9014657980456026,0.9014657980456026,0.9802931596091204,0.9507328990228012,-0.19882791958291193,0.5429631805612637,0.1970684039087948,1.8363192182410424,0.491908402211164,1.5820848910973466,0.6824104234527687,3.6726384364820848,1.385016487188552,0.19226397627561034,3.3768582409085153,30.988372093023255,0.180164954029205,4.474986479177934,108.23255813953489,0.2060573282855598,3.5813953488372094,49.80232558139535,185.97674418604652,16.314276485788113,0.3934108527131783,0.04137489050314356,0.1301447098003715,0.02298483303743547,87.36923076923077,0.44804733727810653,0.3643392504930967,3.3333333333333335,21.753846153846155,82.6974358974359,6.768660968660969,0.5078347578347578,3.973077192645312,35.32820512820513,0.18117028270874425,0.28343023255813954,9.305614727153188,0.40385990324473425,1.3259153964547201,0.2372903161087461,3.0,0.42857142857142855,0.5306122448979592,3.0,2480.0,9765.714285714286,664.2857142857143,0.6587301587301587,1.0,0.14285714285714285,0.18772157132364561,0.32663581946866305,0.15740218036322906,2.8073549220576046,0.040697674418604654,1876.2448979591834,2.927847948122338,0.059701443198093264,0.7126047560167,0.014458336854932844,0.14901828242053775,0.8393275841181171,16.18187118207415,17.029386365926403,171.5,13.581890845760878,50.62741699796949,0.2952035976557988,172.0,1.090558020515931,0.916961758281243,0.2686027981252845,25.634409117789456,0.8393275841181171,13.581890845760878,16.18187118207415,15.0,15.0,17.029386365926403,17.029386365926403,171.5,13.581890845760878,1.090558020515931,0.916961758281243,50.62741699796949,0.2952035976557988,172.0
"ytma10_010704_benign1_ccd.tif","ed311167-a6c1-4221-9efc-a252e3c9b526","Detection","Unclassified",811.0325317382812,388.8795166015625,171.0,,,105.0,142.0,2558064.0,1.1907963349475645,21.5,2.6193972700014885,161.0,121.50877192982456,11.477582846003898,120.0,98.0,63.0,8.567568966409608,122.3087838075877,0.5431302088752247,13.96627869538292,2558064.0,0.49693922916452926,195.05694059710686,5.44353518821604,2.1698425296526977,0.6140674073852566,0.8689947792918159,0.23076923076923078,0.5803295458697162,0.23076923076923078,0.7793498372920852,0.1775147928994083,0.8846153846153847,0.8846153846153847,0.9864253393665159,0.9538461538461539,-0.2466624769668251,0.6459321362403067,0.23076923076923078,2.2986906710310966,0.3797067403119568,1.919083522153685,0.5711947626841244,4.597381342062193,1.688314291384454,0.2749410025152617,3.417543093635686,28.53216374269006,0.16685475872918162,4.717827707670736,84.9766081871345,0.3160630621387778,5.953216374269005,46.92982456140351,235.16959064327486,10.489197530864198,0.21085120207927227,0.05005316237389476,0.4627185339156239,0.009736026206020636,90.14018691588785,0.4212158267097563,0.46266049436632023,7.457943925233645,18.925233644859812,94.91588785046729,4.265900830737279,0.19532061266874357,3.704184727410942,48.074766355140184,0.22464844091187003,0.3128654970760234,8.70914490348502,0.4670493947838741,4.132142896142534,0.09196936697571419,2.142857142857143,0.30612244897959184,1.1428571428571428,10.142857142857142,1957.857142857143,9741.42857142857,437.39087301587307,0.23710317460317462,1.2857142857142858,0.1836734693877551,0.33960161165306463,5.179365590073565,0.03621965951024044,2.5216406363433186,0.04093567251461988,1361.1020408163265,1.818030690537084,0.06013926988816207,1.5070314222417296,0.01277249178938807,0.3052192327608962,0.8284485694138939,16.259843383591413,16.64331697709324,170.5,13.470443990030272,50.04163056034259,0.2934992994741501,171.0,1.0810961697165644,0.9249870899664497,0.27173918496464144,26.236553420188397,0.8284485694138939,13.470443990030272,16.259843383591413,14.0,16.0,16.64331697709324,16.64331697709324,170.5,13.470443990030272,1.0810961697165644,0.9249870899664497,50.04163056034259,0.2934992994741501,171.0
"ytma10_010704_benign1_ccd.tif","c9eb2959-914d-447f-b8ad-97d6cc5268e4","Detection","Unclassified",314.32080078125,5.2529497146606445,170.0,,,109.0,138.1,2597814.0,1.074036871555598,14.75,2.665191249388748,154.0,123.16470588235295,8.552802768166083,122.0,102.0,52.0,6.2451165721487065,123.61738883963457,0.2974019374243771,10.569486668845682,2597814.0,0.4928719723183391,111.7140484429066,2.2382550335570475,1.2233859582158508,0.30830806150578416,0.8532582991757127,0.19966442953020133,0.6207424835902302,0.19966442953020133,0.7212564460523052,0.15979854511058056,0.9001677852348995,0.9001677852348995,0.9800335570469799,0.9500838926174496,-0.2919423793968209,0.6761332055649991,0.19966442953020133,1.4404362416107384,0.34776445880816187,1.7871842048933293,0.4748322147651007,2.8808724832214767,1.5875197753631283,0.26323068217647855,3.623447721097556,30.08235294117647,0.17695501730103808,4.061038062283738,83.78823529411764,0.2726643598615917,2.4352941176470586,47.77647058823529,103.63529411764706,33.8640522875817,0.6542483660130719,0.037253729269485565,0.12394849884398204,0.018848010732070604,96.52709359605912,0.4755029241185178,0.3055643184741197,2.916256157635468,16.45320197044335,35.02463054187192,11.865079365079364,0.5592501368363437,3.828001495054633,35.50246305418719,0.1748889805624985,0.2985294117647059,5.232352156082407,0.3626829288510403,1.3564201341874715,0.14845771345015638,2.2,0.44,0.4,4.4,2248.4,3919.2,1831.588888888889,0.37222222222222223,1.4,0.28,0.10032626101823638,0.6512341556041366,0.018154842927316922,2.321928094887362,0.029411764705882353,1092.4,4.571159491193737,0.06368097437242133,0.7231410845844064,0.01797713549446998,0.21762519134047673,0.5621223764459085,20.639538479317537,21.213203435596427,169.5,11.601946418740747,57.2132034355964,0.3375410232188578,170.0,1.2396711144408263,0.8066655650446983,0.22097867669380347,17.350139987762994,0.5621223764459085,11.601946418740747,20.639538479317537,21.0,12.0,21.213203435596427,21.213203435596427,169.5,11.601946418740747,1.2396711144408263,0.8066655650446983,57.2132034355964,0.3375410232188578,170.0
"ytma10_010704_benign1_ccd.tif","9684fd8b-0b70-4695-bdbf-f001c5cbb9d7","Detection","Unclassified",338.606689453125,571.4002075195312,170.0,,,71.9,114.0,1553745.0,1.6770104116615712,20.0,3.988783736609678,151.0,93.79411764705883,13.553979238754327,93.0,48.0,103.0,8.320635089775696,95.60165516657248,0.2785382502189121,18.502431337473567,1553745.0,0.3912802768166091,342.33996539792395,10.583881578947366,10.767035607203239,0.31614164270939815,1.6849787915512466,0.368421052631579,0.6411599487792925,0.3355263157894737,0.996844813989499,0.25584314404432135,0.8377192982456142,0.8355263157894738,0.9901760312944525,0.95265507518797,-0.2669708030214206,0.7484750492299385,0.3067434210526316,3.2023026315789473,0.2622949489265929,2.666265153491557,0.46875,6.404605263157896,2.2637766986669527,0.5133499610457063,4.182883744349761,21.75294117647059,0.12795847750865053,5.559723183391004,66.51764705882353,0.6242560553633217,11.205882352941176,40.023529411764706,397.33529411764704,4.581540849673203,0.11996895424836602,0.08152116216857111,1.3714281573740608,0.009728311334821995,74.74436090225564,0.28099383797840466,1.0076883939171235,12.969924812030076,11.842105263157896,119.18045112781955,1.3571950710108605,0.12594820384294073,4.077828256924065,79.66165413533835,0.2994799027644299,0.3911764705882353,5.306970433602804,0.5625432451451694,8.498941576816131,0.0708776976064019,3.4285714285714284,0.24489795918367346,1.9234693877551021,17.357142857142858,755.8571428571429,7409.071428571428,82.50271825396825,0.1492063492063492,3.4285714285714284,0.24489795918367346,0.4377807180946162,9.43482511446326,0.04973313294986424,3.3248629576173574,0.08235294117647059,608.4081632653061,0.7215310177985136,0.06107053047539218,4.53802963467918,0.013135314959451182,0.805568208069099,0.7746177988600159,16.788119210756303,17.08800749063506,169.5,13.004375950035596,49.45584412271569,0.2917748915794436,170.0,1.071587985249469,0.9331944868411313,0.2749592521141322,26.8620356947408,0.7746177988600159,13.004375950035596,16.788119210756303,16.0,14.0,17.08800749063506,17.08800749063506,169.5,13.004375950035596,1.071587985249469,0.9331944868411313,49.45584412271569,0.2917748915794436,170.0
"ytma10_010704_benign1_ccd.tif","116eb503-4f4e-4556-95c7-8371d8a62ee5","Detection","Unclassified",411.9058532714844,730.7416381835938,170.0,,,70.0,114.19999999999999,1310359.0,1.6727336664987118,25.0,2.898780144423057,134.0,86.08823529411765,14.536678200692037,78.0,67.0,67.0,10.634652061225475,87.79518277016717,1.0202313521469486,17.228170581686708,1310359.0,0.3386159169550173,296.80986159169527,3.3959731543624168,7.233988985242869,1.1517624950535799,1.736236543398946,0.5318791946308725,0.5309946615926353,0.464765100671141,1.156393909908713,0.3158725958290167,0.7788031319910516,0.7743288590604027,0.9698973549151205,0.9092841163310961,-0.16548893237192144,0.6334081983404073,0.4060402684563758,1.7592281879194631,0.17858852078735188,2.8425048088838927,0.2953020134228188,3.5184563758389262,2.2702003487399334,0.5670289345074547,4.037258094005876,22.341176470588234,0.13141868512110727,4.646920415224913,57.56470588235294,0.6711418685121108,4.258823529411765,29.529411764705884,75.25882352941177,19.91834150326798,0.49023692810457514,0.1142096255168734,1.0120654789693655,0.023744391275028528,108.88269794721407,0.31930409955194744,0.7127905676765767,5.653958944281525,6.721407624633431,21.01466275659824,4.108097100032584,0.3533724340175953,3.3637742537486157,126.80058651026393,0.37184922730282677,0.5014705882352941,2.7448336357616467,0.6284004209351101,4.469966415038737,0.14030015914936486,6.529411764705882,0.38408304498269896,0.643598615916955,10.0,514.1176470588235,1459.8823529411766,295.8892973856209,0.16544117647058823,5.588235294117647,0.328719723183391,0.5656876212108705,6.855708444995979,0.056742098397105714,2.8451442836760017,0.1,414.11764705882354,3.8977625694948026,0.05534868703844602,2.1304491888056196,0.04209754601426085,0.28611988866402305,0.37425763661414857,24.066784636479998,24.698178070456937,169.5,9.007177938950706,57.698484809834945,0.3404040401760174,170.0,1.2501859827910466,0.79988098872097,0.2181966876220219,16.916034140128343,0.37425763661414857,9.007177938950706,24.066784636479998,12.0,23.0,24.698178070456937,24.698178070456937,169.5,9.007177938950706,1.2501859827910466,0.79988098872097,57.698484809834945,0.3404040401760174,170.0
"ytma10_010704_benign1_ccd.tif","08412416-5e49-4f95-b32a-26b7dfe94698","Detection","Unclassified",765.4886474609375,329.95599365234375,169.0,,,92.0,120.0,1899066.0,1.1206593380601984,18.0,2.065823073169701,132.0,105.45562130177515,9.327614579321452,105.0,84.0,48.0,7.49992236426686,106.00507970412042,0.15542754845883214,10.779093604450734,1899066.0,0.49973740415251566,116.18885893351072,2.8616666666666664,1.7902553240740748,-0.04417592592592637,0.8997222222222224,0.23333333333333334,0.5881343466535915,0.23333333333333334,0.783776947484701,0.17888888888888888,0.8833333333333333,0.8833333333333333,0.9766666666666667,0.9416666666666668,-0.2549880122299409,0.6596179842835074,0.23333333333333334,1.6416666666666668,0.3240055555555555,1.954160637949433,0.4716666666666667,3.283333333333333,1.7208273046160993,0.28326388888888887,3.7811688728793436,26.19526627218935,0.1550015755750849,3.7971359546234376,84.45562130177515,0.2826931830117994,3.0473372781065087,45.319526627218934,134.4319526627219,23.534516765285996,0.5210387902695596,0.034817278434494545,0.11857191868638756,0.016424458096848206,101.28703703703704,0.46892146776406035,0.3307398834019204,3.2175925925925926,15.101851851851851,47.101851851851855,7.287037037037037,0.512474279835391,3.828572168315048,39.388888888888886,0.1823559670781893,0.31952662721893493,5.307270233196157,0.3814458411344,1.4231513781010505,0.16402928771121028,1.8,0.36,0.56,3.8,2419.0,8345.0,943.0555555555554,0.5222222222222223,1.0,0.2,0.030963218038975615,0.1616911029486787,0.007170135700438731,2.321928094887362,0.029585798816568046,1276.56,4.075727513227513,0.0548478701825558,0.8065115104895906,0.021753594898834345,0.1634964759207781,0.6301287269412179,18.630479710215305,18.867962264113206,168.5,11.73960046210216,52.28427124746187,0.3102924109641654,169.0,1.1362297976347453,0.8801036569201663,0.25145969255901124,22.466685539155304,0.6301287269412179,11.73960046210216,18.630479710215305,16.0,15.0,18.867962264113206,18.867962264113206,168.5,11.73960046210216,1.1362297976347453,0.8801036569201663,52.28427124746187,0.3102924109641654,169.0
"ytma10_010704_benign1_ccd.tif","3bbc25d8-138b-449d-8c39-3258b4f85f49","Detection","Unclassified",132.83880615234375,334.5238952636719,168.0,,,90.7,157.3,2525589.0,2.026905963139008,39.25,2.341083689040138,182.0,120.10119047619048,20.73228458049885,115.5,82.0,100.0,15.749164624638015,122.61022737578973,0.5208473211663702,24.67735608497538,2525589.0,0.2662273242630385,608.9719033446713,5.326633165829146,28.485276999431335,3.15390002808256,3.369684828385367,0.49413735343383586,0.7442235536827,0.44723618090452255,1.1139737014428168,0.2941171519237729,0.7841987716359576,0.7810720268006702,0.9813679360551654,0.9265773310999442,-0.30596032045382254,0.8317612351658576,0.4061976549413736,2.146566164154104,0.13629986897076116,3.258661972044592,0.22278056951423786,4.293132328308208,2.7243435519463763,0.9659555454548006,4.420714526631677,22.13095238095238,0.13173185941043083,4.955215419501134,44.726190476190474,1.111359126984127,6.363095238095238,30.916666666666668,118.0297619047619,17.21928902116402,0.3852116402116401,0.10922966607277831,1.476610354128424,0.01668688052271173,83.45731707317073,0.2544430398572278,1.138673036882808,8.484756097560975,6.890243902439025,31.628048780487806,3.50838753387534,0.2585992547425474,3.783836921789789,122.22560975609755,0.37263905413444376,0.4880952380952381,2.6927424152290302,0.631248475225682,6.599851412759097,0.1017762691825827,3.933333333333333,0.26222222222222225,1.288888888888889,14.733333333333333,433.06666666666666,1830.3333333333333,194.21437037037037,0.144462962962963,5.8,0.38666666666666666,0.6036178490568727,11.567345651494225,0.035163333889614304,2.8402239289418514,0.08928571428571429,307.62666666666667,2.103295068027211,0.07131666986729197,3.1496630249872117,0.03954649229069934,0.604389039350008,0.584081527140604,19.152497296169145,19.235384061671343,167.5,11.186619869302762,51.45584412271568,0.3071990693893474,168.0,1.1215596318805237,0.8916155428341299,0.25602820674101984,23.290449740726675,0.584081527140604,11.186619869302762,19.152497296169145,18.0,13.0,19.235384061671343,19.235384061671343,167.5,11.186619869302762,1.1215596318805237,0.8916155428341299,51.45584412271568,0.3071990693893474,168.0
"ytma10_010704_benign1_ccd.tif","742c27cb-7118-49ee-9cca-4bb5b3fa8ed3","Detection","Unclassified",690.499755859375,424.9589538574219,168.0,,,52.0,85.60000000000002,718656.0,0.9871111941283689,15.0,3.4187650002063044,105.0,64.08333333333333,10.535714285714281,59.0,47.0,58.0,7.171836734693884,65.40423752108333,1.151795084315551,13.078251970472754,718656.0,0.620110544217687,171.0406746031745,4.525790349417637,1.4317376848709111,0.3044277396611431,0.48698093305389517,0.23128119800332775,0.355997795225816,0.2179700499168053,0.7866395099383048,0.18377025534259317,0.8932334997226843,0.8923460898502495,0.9866301262601546,0.9568496949528562,-0.11902255168448446,0.4218565574691654,0.20632279534109815,2.112312811980033,0.5422922417158311,1.5485082584487175,0.7254575707154742,4.224625623960066,1.3076313553967107,0.17956553276430576,2.828217585282021,35.964285714285715,0.2140731292517007,6.265306122448979,104.17857142857143,0.23752834467120182,5.035714285714286,50.392857142857146,208.33333333333334,12.773230820105823,0.24280753968253968,0.06080926098393502,0.5433131021367983,0.009857389467030199,82.76767676767676,0.4180185695337211,0.4507703295582084,6.878787878787879,23.2020202020202,98.87878787878788,5.765712682379349,0.2163299663299664,3.3617776879267485,58.92929292929293,0.2976226915620855,0.29464285714285715,11.683195592286499,0.5607368826587613,4.8717283948325765,0.09531441925553706,3.4444444444444446,0.38271604938271603,0.7654320987654322,9.11111111111111,1858.0,7599.111111111111,461.7422839506172,0.2145061728395062,1.8888888888888888,0.20987654320987653,0.35094202165772925,4.678444286499425,0.032142648010677476,2.94770277922009,0.05357142857142857,1509.5555555555557,1.6140868314150303,0.061660912172524736,1.489928628906236,0.009688582337287286,0.30807539739989004,0.805050560948789,16.299843530422233,16.64331697709324,167.5,13.122198177543908,48.870057685088774,0.29176153841844044,168.0,1.065198420932549,0.9387922290802219,0.27661491760686735,27.186508843591202,0.805050560948789,13.122198177543908,16.299843530422233,15.0,15.0,16.64331697709324,16.64331697709324,167.5,13.122198177543908,1.065198420932549,0.9387922290802219,48.870057685088774,0.29176153841844044,168.0
"ytma10_010704_benign1_ccd.tif","3b8daf8f-5810-4a50-9ac6-5aa85ce8019e","Detection","Unclassified",853.1116333007812,570.9439697265625,167.0,,,108.0,152.0,2721236.0,1.5486262343700155,25.0,3.6134605444249437,185.0,126.34730538922156,14.37168776220018,122.0,98.0,87.0,10.058271604938277,127.65119015232638,0.9979253201323331,18.19848257927497,2721236.0,0.4084406038222955,331.18476818817453,6.5404040404040416,13.283957476065849,3.0109757309249447,1.7505583330499155,0.4208754208754209,0.6123525112248096,0.3468013468013467,1.0583928336304576,0.3006042467321928,0.8385241301907971,0.8340067340067342,0.9844586710712471,0.9439333814333813,-0.2208779761591235,0.6784857793270889,0.28596146651702203,2.4915824915824913,0.3004072713668673,2.48417842681473,0.5067340067340067,4.983164983164984,2.0383774957757463,0.5428584384813342,3.79414061331722,22.62874251497006,0.13550145218544946,6.151314138190684,68.20958083832335,0.6688658610921868,7.485029940119761,40.94011976047904,211.66467065868264,9.054672322022622,0.1854441117764471,0.08758777701588508,1.1363947143505884,0.014013386549945377,78.35907335907336,0.30254468478406704,0.8562782307956054,10.420849420849422,12.718146718146718,69.52895752895753,2.7830416130416133,0.14430394680394681,3.706673492664154,85.81853281853282,0.33134568655804175,0.38772455089820357,6.066129008213951,0.5962636934123484,7.722284875471332,0.06910416555544492,4.0,0.2857142857142857,1.2295918367346936,14.5,722.0714285714286,3547.714285714286,163.79843253968255,0.14845238095238097,3.4285714285714284,0.24489795918367346,0.48142966245032864,7.377507306218348,0.09576242647930475,3.2359263506290334,0.08383233532934131,579.780612244898,1.3928887915084236,0.061295864844977566,3.169815984421998,0.02135383346807356,0.5289944839582864,0.6478804924938497,18.307924085773553,18.867962264113206,166.5,11.861346873230984,50.627416997969505,0.3040685705583754,167.0,1.106811643963903,0.9034960966064912,0.26077181275720024,24.161480273207193,0.6478804924938497,11.861346873230984,18.307924085773553,13.0,17.0,18.867962264113206,18.867962264113206,166.5,11.861346873230984,1.106811643963903,0.9034960966064912,50.627416997969505,0.3040685705583754,167.0
"ytma10_010704_benign1_ccd.tif","21bf2d19-bc9c-4f9f-a18e-30a2165f2fd2","Detection","Unclassified",444.5354919433594,329.2243347167969,166.0,,,93.5,136.0,2155767.0,1.4004581177546753,18.0,3.006878360659871,157.0,112.8132530120482,12.425460879663216,112.0,76.0,81.0,8.105945821854913,113.95853716493154,0.21859711284406785,16.115772944872482,2155767.0,0.4531136594571056,259.71813761068387,4.085324232081912,4.303538777737658,0.006105847329287928,1.1527915293130957,0.29692832764505117,0.5903645435772998,0.27986348122866894,0.8980671571536455,0.2186047595196217,0.8629124004550625,0.8617747440273037,0.9828347721341097,0.9445961319681457,-0.25060124318514454,0.6933613098612041,0.2649317406143345,1.9675767918088736,0.3186015562208063,2.2875042648137986,0.5290102389078498,3.935153583617747,1.9549473975145317,0.36242996423953683,3.8222757771573335,25.349397590361445,0.15270721439976775,5.75018144868631,75.21686746987952,0.4127231818841631,4.632530120481928,43.506024096385545,162.70481927710844,16.477827978580986,0.34663654618473894,0.06810127414419584,0.5687665571583386,0.013799894637127498,86.0464135021097,0.3630650358738806,0.5653296302230768,5.970464135021097,14.472573839662447,57.67932489451477,4.956633849038913,0.2930145335208627,3.762565795827952,66.26582278481013,0.27960262778400896,0.3569277108433735,6.623119514322847,0.5429609306415631,4.048885262459284,0.10869607939000306,3.4444444444444446,0.38271604938271603,0.7654320987654322,9.11111111111111,1316.2222222222222,5256.777777777777,387.3873456790123,0.21450617283950618,2.3333333333333335,0.25925925925925924,0.4736356280397776,5.817090054626085,0.04195114269727523,2.725480556997868,0.05421686746987952,976.0246913580247,1.9341890440386678,0.0645293853048486,1.6031518689559128,0.018704849016592705,0.3299025677835959,0.4532507551610778,21.666621727426254,21.95449840010015,165.5,9.820412659745367,53.69848480983495,0.3244621438660722,166.0,1.17749236686139,0.849262405552151,0.23729031586722718,20.006092618427033,0.4532507551610778,9.820412659745367,21.666621727426254,14.0,19.0,21.95449840010015,21.95449840010015,165.5,9.820412659745367,1.17749236686139,0.849262405552151,53.69848480983495,0.3244621438660722,166.0
"ytma10_010704_benign1_ccd.tif","25f9fe40-1d64-41d4-9f3a-67cf0b71d40a","Detection","Unclassified",464.2771911621094,494.0475769042969,166.0,,,83.0,135.5,1904470.0,1.6008727344782347,30.0,2.7827900890168706,162.0,105.13253012048193,16.96530701117725,98.0,77.0,85.0,12.375857338820307,107.11074102709539,0.8319371279114525,20.490533273671875,1904470.0,0.37922775439105816,419.8619538394543,2.8843537414965987,14.049964117083952,3.208053113419929,2.0186612059789906,0.4659863945578231,0.6249074561260555,0.38775510204081626,1.110689446191941,0.3156323753991392,0.8187358276643988,0.8139455782312925,0.974077631052421,0.925008098477486,-0.21931891810824283,0.6865728011187776,0.323318216175359,1.5799319727891155,0.27118908788005003,2.5879338739625655,0.4812925170068027,3.1598639455782314,2.0968125916352855,0.6211619001342034,3.937343908360478,22.14457831325301,0.13340107417622296,6.721439976774567,62.95180722891566,0.7477137465524749,3.674698795180723,38.10843373493976,68.75903614457832,32.46636546184739,0.6137048192771084,0.10613489957562676,0.8106210101175676,0.02562777399279658,85.8581560283688,0.30446154619988935,0.7814496252703587,5.709219858156028,10.815602836879433,22.75177304964539,8.94710401891253,0.36704590228526396,3.474894926633691,103.90780141843972,0.36846738091645287,0.4246987951807229,5.271414918766663,0.6294655696739274,4.585436565637324,0.12895675448676766,6.444444444444445,0.35802469135802467,0.617283950617284,8.333333333333334,483.55555555555554,746.1111111111111,434.3711419753086,0.1909722222222222,4.777777777777778,0.2654320987654321,0.5101947617804052,4.767482903015501,0.06852187936838694,3.2390979179887864,0.10843373493975904,398.5061728395061,6.168310657596374,0.064075581983108,1.8453093089551167,0.0392901838622798,0.4005558891389774,0.5820391884111052,19.285222490490145,19.235384061671343,165.5,11.224755246692478,52.04163056034259,0.3144509399416471,166.0,1.1411611139649993,0.8763004520242277,0.24871198790094015,21.978380288013437,0.5820391884111052,11.224755246692478,19.285222490490145,14.0,17.0,19.235384061671343,19.235384061671343,165.5,11.224755246692478,1.1411611139649993,0.8763004520242277,52.04163056034259,0.3144509399416471,166.0
"ytma10_010704_benign1_ccd.tif","4dea50b0-379d-4347-b558-1f751a01fa8b","Detection","Unclassified",835.2249145507812,393.39208984375,165.0,,,67.0,112.6,1277348.0,1.6500727943411413,22.0,3.525480144342021,147.0,86.13333333333334,14.152727272727274,81.0,57.0,90.0,9.330578512396695,87.98581152835399,0.9844546227917838,17.959730487730578,1277348.0,0.37256198347107433,322.55191919191924,4.086805555555555,11.590003437438835,1.5789099694606548,1.9420542775848764,0.3559027777777778,0.6902441871598765,0.328125,0.9800887577068661,0.2482367621527778,0.8405671296296295,0.8387152777777778,0.9795547385620915,0.935300925925926,-0.30525251380608864,0.7853421325135026,0.3038194444444444,1.9210069444444442,0.22962631413966056,2.662438213567925,0.4027777777777778,3.842013888888889,2.2964582155486255,0.5744892638406637,4.268624477147889,21.12121212121212,0.12800734618916437,5.003489439853077,61.472727272727276,0.654398530762167,4.703030303030303,38.5030303030303,132.35151515151514,18.585521885521885,0.4130471380471381,0.06679250650877634,0.5986198072944104,0.01561025814646846,80.40377358490566,0.30341046635813457,0.8531719473122108,6.256603773584906,10.407547169811322,39.071698113207546,4.741509433962265,0.32984800838574424,3.9375494870545165,74.14716981132075,0.27980064079743683,0.4015151515151515,4.204627981488073,0.536537172904056,4.385607461707069,0.11828867972729516,3.6,0.36,0.96,11.2,989.3,3658.2,379.27638888888885,0.18958333333333333,2.4,0.24,0.3065440524427906,4.552147746754444,0.021653762053338018,2.7219280948873625,0.06060606060606061,717.05,3.1393707482993207,0.06055104068278507,1.7042436080508228,0.0331967970270445,0.34127651138033727,0.39695688424021847,23.610751523141754,24.839484696748443,164.5,9.372450359196343,57.94112549695423,0.35222568691157585,165.0,1.274380284122206,0.7846951278666404,0.21043141492789122,15.733429443690754,0.39695688424021847,9.372450359196343,23.610751523141754,17.0,19.0,24.839484696748443,24.839484696748443,164.5,9.372450359196343,1.274380284122206,0.7846951278666404,57.94112549695423,0.35222568691157585,165.0
"ytma10_010704_benign1_ccd.tif","5376bb6b-240d-46da-ba9a-f7b6ce195140","Detection","Unclassified",447.06964111328125,416.70135498046875,165.0,,,92.4,119.0,1868552.0,1.1939563504143056,12.0,3.9800855003894915,143.0,105.75757575757575,8.840771349862258,106.0,77.0,66.0,5.649142347961684,106.41690455824006,0.28521228714889246,11.827626373799621,1868552.0,0.503544536271809,139.89274563820038,3.352640545144804,2.871233660298258,0.032156578613533604,0.9722697050518185,0.22657580919931855,0.6220099979423122,0.22657580919931855,0.7719942448106762,0.17523921188499253,0.8867120954003407,0.8867120954003407,0.9773424190800681,0.9433560477001705,-0.2916585234644095,0.7037435053412726,0.22657580919931855,1.7793867120954001,0.3465038932695628,2.0023349232646153,0.5383304940374787,3.5587734241908007,1.7757591140652964,0.29971137856278424,3.796989582659361,27.084848484848486,0.1641505968778696,4.019687786960515,83.08484848484848,0.30905417814508723,3.5272727272727273,46.30909090909091,164.1939393939394,19.127441077441077,0.44898989898989905,0.04135508619834016,0.15106340521618303,0.0177587935286348,87.93203883495146,0.42685455745122064,0.40201715524554626,3.5242718446601944,16.97087378640777,61.689320388349515,6.460086299892126,0.49298813376483275,3.993927821319491,39.33980582524272,0.19096993119049863,0.31212121212121213,6.706004335941181,0.40421579508628475,1.4882847688025287,0.19054453032197272,2.3333333333333335,0.3888888888888889,0.47222222222222227,3.8333333333333335,2100.1666666666665,7702.666666666667,726.2083333333334,0.47685185185185186,1.0,0.16666666666666666,0.214239946307254,0.8485454333771641,0.056949582770229136,2.584962500721156,0.03636363636363636,1343.9166666666667,3.8445659443552715,0.06027769490440374,0.7167757292165677,0.0230943298967449,0.16515839089943563,0.720732436443447,17.15024302067219,17.4928556845359,164.5,12.360736437886288,50.52691193458115,0.3071544798454781,165.0,1.1113091061787193,0.8998396525684379,0.25840852177400786,23.72552927333665,0.720732436443447,12.360736437886288,17.15024302067219,16.0,16.0,17.4928556845359,17.4928556845359,164.5,12.360736437886288,1.1113091061787193,0.8998396525684379,50.52691193458115,0.3071544798454781,165.0
"ytma10_010704_benign1_ccd.tif","594c0127-bd70-44ea-9b2c-bcedcef0d9e6","Detection","Unclassified",448.5369873046875,457.47161865234375,165.0,,,94.0,132.6,2194221.0,1.3956692978695713,18.0,2.419533871281764,148.0,114.5030303030303,11.039118457300276,116.0,85.0,63.0,8.169859656939188,115.31829469303251,-0.126917414161116,13.688138746097488,2194221.0,0.4268503213957759,187.36514233241533,4.080617495711835,3.7749930888638206,-0.10393324504129808,1.1915125232061057,0.3653516295025729,0.530657021209046,0.3413379073756432,0.9886080759499035,0.24884006249098967,0.8333333333333333,0.8317324185248712,0.9645731626863703,0.9158662092624356,-0.183316361089652,0.6254109776849155,0.32032590051457976,1.9682675814751285,0.2540123393225435,2.458523113918319,0.451114922813036,3.936535162950257,2.0488266601182406,0.3892160381771696,3.970232114365485,21.715151515151515,0.13160697887970615,4.895720844811755,70.43030303030304,0.4163820018365472,4.587878787878788,37.836363636363636,149.86060606060607,14.126599326599328,0.3589225589225589,0.06895509994121106,0.4642188743061759,0.01595536835665804,100.56133828996282,0.37383397133815177,0.509887923052473,5.353159851301116,10.617100371747211,43.72490706319702,3.645394465097067,0.32889301941346555,3.6339570321858634,76.90334572490707,0.2858860435870151,0.4075757575757576,4.597283066845399,0.5427123282409871,3.433349924112993,0.13760192188393613,6.6,0.66,0.41,7.7,1051.9,4090.3,330.3,0.21388888888888893,1.6,0.16,0.33437794751582994,3.0085148079891857,0.03724710856277187,2.8464393446710154,0.06060606060606061,779.65,4.57966577935522,0.05594538825937995,0.8622076966255763,0.044085621097927644,0.12419671914492923,0.5235908627662783,20.34851836838068,20.248456731316587,164.5,10.654298288515902,53.11269837220805,0.3228735463356113,165.0,1.1681819271120224,0.8560310485817895,0.2397692124005769,20.426270532455007,0.5235908627662783,10.654298288515902,20.34851836838068,17.0,16.0,20.248456731316587,20.248456731316587,164.5,10.654298288515902,1.1681819271120224,0.8560310485817895,53.11269837220805,0.3228735463356113,165.0
"ytma10_010704_benign1_ccd.tif","a836d963-d02c-457e-af6b-fb674a0a18f8","Detection","Unclassified",488.09173583984375,145.74974060058594,164.0,,,97.3,141.40000000000003,2292227.0,1.59146610150118,21.25,3.3677299796649622,169.0,116.9939024390244,13.212447947650217,114.5,85.0,84.0,8.582721893491124,118.22433718333558,0.6245303628081519,17.012368868769194,2292227.0,0.3919541939321833,289.4206945270672,4.739726027397259,7.384628679554481,0.604700115933237,1.500281478701445,0.40068493150684936,0.5784408084696823,0.35616438356164387,1.0368536872162748,0.27383186338900356,0.8293378995433788,0.8263698630136984,0.9772159548751006,0.9302511415525112,-0.2101142074313712,0.6814781196879918,0.3172089041095891,2.113013698630137,0.2523207332520172,2.6594782865287208,0.4606164383561644,4.226027397260275,2.192502197309894,0.4752416025520735,3.9928224008542452,21.975609756097562,0.1339976204640095,5.1661213563355135,64.28048780487805,0.5493753718024986,5.475609756097561,38.15853658536585,159.609756097561,12.959180216802169,0.30962059620596205,0.06683544900570887,0.6056878614137616,0.015016240814867049,85.78651685393258,0.32129781593233175,0.7293691873921643,6.951310861423221,10.262172284644194,46.546816479400746,3.2147836038285473,0.2732001664585934,3.7509500367649298,78.64044943820225,0.2945335184951395,0.4070121951219512,4.225672964973558,0.5518191870658653,4.756942366071134,0.11574999124181506,3.0,0.3,1.29,9.7,941.2,4080.2,256.52638888888885,0.2833333333333333,2.0,0.2,0.28196586041824134,3.954566956412195,0.04251371960821365,3.121928094887362,0.06097560975609756,672.2399999999999,2.5163910546613013,0.05737033475606987,1.841062734500371,0.03125928317473414,0.268344024258001,0.7123872432206636,17.168192797878476,17.4928556845359,163.5,12.230401538361498,48.97056274847713,0.29951414525062464,164.0,1.0803669356819345,0.9256114445679454,0.26917838211706746,25.74438983636065,0.7123872432206636,12.230401538361498,17.168192797878476,16.0,12.0,17.4928556845359,17.4928556845359,163.5,12.230401538361498,1.0803669356819345,0.9256114445679454,48.97056274847713,0.29951414525062464,164.0
"ytma10_010704_benign1_ccd.tif","6a1f401c-4eb7-4091-b21f-f114edee0fc2","Detection","Unclassified",636.0372314453125,157.30020141601562,164.0,,,76.0,151.10000000000005,2076611.0,2.1883781551839534,43.5,2.2996216299322327,178.0,109.04268292682927,22.913221296847098,106.5,63.0,115.0,17.022084960083912,112.52671769460777,0.4205857197898329,27.784087086692775,2076611.0,0.2484384295062463,771.9554952409281,8.1421143847487,32.6640520172082,2.064338187802396,3.5209549183159172,0.8318890814558059,0.6177721593057631,0.5788561525129984,1.3998926182859865,0.4968146361536544,0.7483246678220682,0.7356305433785298,0.9789037137390694,0.9216060080878107,-0.21440139971653793,0.7666640327244334,0.3974701521278644,2.733102253032929,0.12020130418197277,3.690197344658336,0.2270363951473137,5.466204506065858,2.848016889051513,1.0882109999429306,4.579481984836662,19.658536585365855,0.11986912552052349,6.440214158239144,40.74390243902439,1.2924970255800117,9.823170731707316,28.829268292682926,190.6158536585366,6.788311314363144,0.21321985094850945,0.16948542323433438,3.0705142407007973,0.01648794662274224,75.87428571428572,0.21678367346938776,1.5505387755102034,12.402857142857142,6.051428571428572,47.63428571428572,1.3041730158730158,0.18573015873015877,3.7656333038790475,160.45714285714286,0.4584489795918367,0.5335365853658537,2.538481632653061,0.7033364966886225,10.420033922272612,0.1008528251318752,7.758620689655173,0.267538644470868,1.3341260404280622,18.17241379310345,176.27586206896552,1217.8275862068965,36.12694444444445,0.10431034482758621,10.448275862068966,0.36028537455410226,0.6128495435530534,13.470255554089452,0.03251859753879202,3.1936822880072135,0.17682926829268292,144.294887039239,1.0280764063257124,0.07378409689197347,5.524388736999349,0.038247003504226156,0.7491779241727787,0.4673419904738643,21.29839776577044,21.470910553583888,163.5,9.953635605759262,54.284271247461874,0.33201389142178517,164.0,1.1975956266741312,0.8350063892410177,0.23063849888958582,18.900176145606157,0.4673419904738643,9.953635605759262,21.29839776577044,14.0,19.0,21.470910553583888,21.470910553583888,163.5,9.953635605759262,1.1975956266741312,0.8350063892410177,54.284271247461874,0.33201389142178517,164.0
"ytma10_010704_benign1_ccd.tif","f151a911-14fd-4380-89ea-fb5bb3a9dbb7","Detection","Unclassified",368.5492858886719,45.49871063232422,162.0,,,49.0,91.9,809336.0,1.5395409949957,22.75,2.223246600055537,104.0,68.98765432098766,12.998323426306966,65.0,43.0,61.0,9.74130177514793,70.68168952824982,0.3662672925359829,15.381963003980168,809336.0,0.39856729157140686,236.6047858558146,5.031358885017423,6.295296065961795,0.19495206896576095,1.4431187704111983,0.3327526132404181,0.6252514497348347,0.31881533101045295,0.9434488472660689,0.23110939795311344,0.8429152148664345,0.8419860627177702,0.9806722689075629,0.9367015098722417,-0.256147826859521,0.7245555825400438,0.30662020905923343,2.180313588850175,0.2539714577086041,2.5339344868525644,0.44947735191637633,4.360627177700349,2.1808452392580664,0.44396784591290406,3.8759789024780846,23.604938271604937,0.1457094955037342,4.318091754305747,64.5679012345679,0.49961896052431026,5.716049382716049,38.851851851851855,178.19753086419752,12.142146776406035,0.2818072702331962,0.057918274419964604,0.5483891021543505,0.010423102783065675,91.31620553359684,0.3609336187098689,0.6115702479338843,7.090909090909091,11.059288537549406,54.69565217391305,3.132740447957839,0.2421223100570927,3.6877360232762317,69.07114624505928,0.2730084831820525,0.3904320987654321,4.499211048446313,0.5284453041207698,4.739109026277763,0.0852111857639736,2.142857142857143,0.30612244897959184,1.1428571428571428,10.142857142857142,1371.7142857142858,6710.285714285715,340.17658730158735,0.23710317460317462,1.2857142857142858,0.1836734693877551,0.2966126459139689,4.728389899064579,0.019028653011084105,2.5216406363433186,0.043209876543209874,836.122448979592,2.2605599647266317,0.06032294585918085,1.6775291181949066,0.025049482853030332,0.29487764097887226,0.5711621736028667,19.090096801886453,19.209372712298546,161.5,10.903541183654601,50.87005768508878,0.31498487730705127,162.0,1.1292004297640241,0.8855823763802286,0.2511332662614659,22.408394233215045,0.5711621736028667,10.903541183654601,19.090096801886453,15.0,16.0,19.209372712298546,19.209372712298546,161.5,10.903541183654601,1.1292004297640241,0.8855823763802286,50.87005768508878,0.31498487730705127,162.0
"ytma10_010704_benign1_ccd.tif","e4bfcbc8-50b1-4cc3-b61a-d56631235f99","Detection","Unclassified",154.8865509033203,378.61187744140625,161.0,,,82.0,118.0,1586300.0,1.289879888901065,18.0,3.6155001583833744,152.0,98.14906832298136,11.746151768836077,96.0,73.0,79.0,8.379763313609464,99.26124637065516,0.8537372065746728,14.81740255195344,1586300.0,0.47756645191157754,219.55541838663632,5.690140845070423,4.100225792354355,1.115337419777539,1.0329175758778018,0.3028169014084507,0.5465911727850745,0.2852112676056338,0.9067798723021582,0.22147143423923826,0.8603286384976525,0.8591549295774648,0.9884932939813951,0.9528839704896043,-0.20069918658133548,0.6136174218881777,0.26980633802816906,2.3468309859154934,0.3480599707399326,2.11778994770215,0.545774647887324,4.693661971830986,1.804441775860074,0.3339336193215632,3.6054185224075024,23.608695652173914,0.1466378611936268,5.3366768257397466,76.88819875776397,0.39396628216503987,6.291925465838509,42.61490683229814,211.9937888198758,9.567148033126294,0.20327639751552798,0.06041450413843936,0.6463865639998811,0.010263282785445034,90.66523605150215,0.3891211847703955,0.5602976661938882,8.081545064377682,14.918454935622318,75.75965665236052,3.344093943729137,0.17808297567954223,3.657165992735783,66.41630901287553,0.28504853653594653,0.36180124223602483,7.279043636832508,0.5481335613223662,5.348355854850473,0.0876287873229956,2.3333333333333335,0.25925925925925924,1.2839506172839508,11.666666666666666,1239.0,5938.333333333333,283.14101851851854,0.20120370370370372,1.6666666666666667,0.18518518518518517,0.29285903124667867,5.2120611249867155,0.042242535589447454,3.169925001442312,0.055900621118012424,918.9876543209876,1.1332673180177801,0.06565023048454181,2.6522149269088438,0.010070843197816915,0.6610214894866645,0.5716684014789032,19.29807479921779,19.4164878389476,160.5,11.032099572089141,52.04163056034258,0.3242469193790815,161.0,1.1587998891007512,0.8629617670882048,0.24119803056254316,20.670441884038972,0.5716684014789032,11.032099572089141,19.29807479921779,11.0,19.0,19.4164878389476,19.4164878389476,160.5,11.032099572089141,1.1587998891007512,0.8629617670882048,52.04163056034258,0.3242469193790815,161.0
"ytma10_010704_benign1_ccd.tif","7ba4daca-47c5-4989-831c-447e6bf4edd5","Detection","Unclassified",493.4265441894531,557.2578125,161.0,,,109.0,140.0,2576575.0,1.2273663531050116,14.0,4.169162652119901,171.0,125.8944099378882,9.513290382315494,128.0,96.0,75.0,6.651815549120073,126.50522293000961,0.08758114340096042,12.416479974710455,2576575.0,0.47818371204814625,154.16897496238573,6.805944055944056,2.7796474370682334,-0.5322299344745418,1.083744926402269,0.20629370629370633,0.680174374526156,0.20629370629370633,0.7343383069623532,0.16373661303731235,0.8968531468531469,0.8968531468531469,0.9878650761003704,0.9587412587412587,-0.3371638460985313,0.7465201387589575,0.20629370629370633,2.5664335664335662,0.3348819013154678,2.0093416237060064,0.4825174825174825,5.132867132867133,1.8030479174123002,0.3225096581739938,3.7754073859203956,26.29192546583851,0.16330388488098452,3.721152733305042,76.98757763975155,0.32884533775703095,7.037267080745342,47.807453416149066,340.41614906832297,8.030236369910284,0.18491200828157348,0.039870708002547696,0.3134010426691956,0.007683486999009405,77.71578947368421,0.4090304709141274,0.46828254847645423,6.984210526315789,17.54736842105263,128.17894736842106,2.8810672514619884,0.21337719298245617,4.192803284835347,31.49473684210526,0.1657617728531856,0.2950310559006211,6.058836565096953,0.36175634161845427,2.7560808534246104,0.08650820686845603,1.6666666666666667,0.2777777777777778,0.9166666666666666,7.166666666666667,1893.8333333333333,14639.5,279.2280092592593,0.2974537037037037,1.0,0.16666666666666666,0.19828504285585535,1.8175441831856565,0.03076065544896348,2.584962500721156,0.037267080745341616,1173.8055555555557,1.1762044817927173,0.0731983749571061,1.2804125072067343,0.011250867917725194,0.384134710254555,0.7219907470558252,16.912754447829485,17.804493814764857,160.5,12.210852218560142,49.213203435596405,0.30662432047100563,161.0,1.0958199055146287,0.9125587105760514,0.2622875323230766,24.443170687573506,0.7219907470558252,12.210852218560142,16.912754447829485,16.0,13.0,17.804493814764857,17.804493814764857,160.5,12.210852218560142,1.0958199055146287,0.9125587105760514,49.213203435596405,0.30662432047100563,161.0
"ytma10_010704_benign1_ccd.tif","1d290197-708d-4a3a-a9fa-94a8aff77986","Detection","Unclassified",268.45611572265625,333.5872497558594,160.0,,,121.9,148.0,2927113.0,0.9964649667006844,13.0,3.3410989626535987,166.0,134.81875,8.394843749999993,135.0,107.0,59.0,5.687896975700721,135.25700074302992,0.1339767515092795,10.879379506088565,2927113.0,0.620078125,118.36089843749987,3.7040280210157612,1.8492553200363822,-0.14295282913045249,0.6448330117991296,0.20490367775831875,0.517724301477356,0.20490367775831875,0.7316276964463213,0.16291816059943381,0.8975481611208406,0.8975481611208406,0.9795096322241682,0.9487740805604202,-0.217279249798096,0.5823000207511809,0.20490367775831875,1.8957968476357268,0.4762422517413454,1.6988430706739044,0.6742556917688266,3.7915936952714535,1.4939393929155853,0.21243417238936207,3.49785161576897,29.8375,0.186484375,4.831875,99.2125,0.2265234374999999,3.95625,49.3875,190.51875,15.625520833333335,0.35121527777777783,0.04760135877267574,0.2543355861441799,0.015607230942145375,78.65591397849462,0.4228812579488958,0.4212336686322118,4.188172043010753,21.096774193548388,82.97849462365592,6.259557945041817,0.40606332138590207,3.988932363711778,38.03225806451613,0.204474505723205,0.290625,9.257255174008554,0.4511844271210778,2.1181606475524117,0.1835343584728222,2.3333333333333335,0.3888888888888889,0.8055555555555555,5.5,2598.3333333333335,10326.833333333334,688.9861111111112,0.4305555555555556,1.3333333333333333,0.2222222222222222,0.3386998219849397,3.0164188215091414,0.04117089855017015,2.2516291673878226,0.0375,1887.222222222222,2.376744154869155,0.07580966584520725,0.5740754376678278,0.01486953328747911,0.1709865115048929,0.8179152734248383,15.83222657889401,16.1245154965971,159.5,12.949419931200087,47.45584412271568,0.2975288032772143,160.0,1.059996489878751,0.9433993504208549,0.27526512836461,26.921833856560447,0.8179152734248383,12.949419931200087,15.83222657889401,15.0,14.0,16.1245154965971,16.1245154965971,159.5,12.949419931200087,1.059996489878751,0.9433993504208549,47.45584412271568,0.2975288032772143,160.0
"ytma10_010704_benign1_ccd.tif","ae46b98b-d943-4ec2-ada9-a609f8e95817","Detection","Unclassified",351.0491027832031,543.65673828125,160.0,,,112.8,146.1,2784923.0,1.262035846479814,17.25,2.615297924506945,161.0,131.24375,10.894062499999993,133.0,99.0,62.0,7.68212890625,131.93092416109272,-0.28709826344232886,13.447930544790147,2784923.0,0.48679687499999996,180.84683593749983,7.656140350877192,2.3288835818791602,-0.3365426554999398,0.9336903662665433,0.3087719298245614,0.5029677265926139,0.2982456140350877,0.9105869936901742,0.21982148353339487,0.8526315789473683,0.8519298245614035,0.9820227038183695,0.940701754385965,-0.17974602647572316,0.5924389677749831,0.28903508771929826,2.7385964912280705,0.3143659587565405,2.18889899183622,0.5052631578947369,5.477192982456141,1.8536262955752352,0.31061557402277623,3.9278027531874984,21.5625,0.134765625,5.69859375,77.8875,0.336875,8.0375,42.15,330.0375,6.106510416666667,0.15295138888888887,0.08021660249748049,0.8200796337632277,0.014759165241778296,88.0210970464135,0.37139703395111184,0.5312538944969646,8.523206751054852,13.054852320675106,106.23628691983123,1.8187998124706983,0.16145100796999537,3.73170425221677,69.58227848101266,0.2935961117342306,0.3703125,5.7625736616283,0.5519868052937621,5.310806037656755,0.08738810550696556,4.166666666666667,0.3472222222222222,0.9722222222222222,11.0,882.1666666666666,7489.0,111.02546296296295,0.1840277777777778,2.8333333333333335,0.2361111111111111,0.4713222217154807,5.638296133666599,0.11215674301762922,3.0220552088742005,0.075,704.388888888889,1.441238721804511,0.05842926993409753,1.805947327605906,0.015848247606507927,0.294488230487387,0.8293020510904269,15.678433684947864,15.811388300841896,159.5,13.002157212812502,48.28427124746187,0.3027227037458424,160.0,1.0785006353762066,0.9272131765144268,0.2682113978234522,25.559756095512306,0.8293020510904269,13.002157212812502,15.678433684947864,15.0,15.0,15.811388300841896,15.811388300841896,159.5,13.002157212812502,1.0785006353762066,0.9272131765144268,48.28427124746187,0.3027227037458424,160.0
"ytma10_010704_benign1_ccd.tif","cf1c31ca-1a91-4d85-98f0-c7d08a6f5149","Detection","Unclassified",267.06597900390625,158.4119415283203,159.0,,,77.0,109.20000000000002,1457084.0,1.3178914677963585,14.0,3.0686667229799465,125.0,94.99371069182389,9.2277995332463,97.0,64.0,61.0,6.1541748046875,95.7290463467876,-0.2900535954395899,11.842518459494615,1457084.0,0.45294885487124714,140.2452434634707,5.172535211267606,3.2638150918481643,-0.13894978430392013,1.0658971434239237,0.3415492957746479,0.5146539345836381,0.3415492957746479,0.9262935642541911,0.22489337433048998,0.8292253521126761,0.8292253521126761,0.9799088649544324,0.9316901408450703,-0.17954069338540837,0.6087696086676697,0.3415492957746479,2.234154929577465,0.2601108411029558,2.347246732073941,0.43661971830985913,4.468309859154929,2.005697436299293,0.3518616097996429,3.987553669886758,22.0188679245283,0.13848344606621574,4.308848542383608,72.01886792452831,0.36644120090186305,5.578616352201258,36.84905660377358,184.61006289308176,9.605040181691125,0.2573812019566737,0.05652466006202155,0.4095074088335544,0.013609036980607395,106.76335877862596,0.4074937357962823,0.4514888409766331,6.1603053435114505,9.625954198473282,48.56488549618321,2.41931721798134,0.2532866836301951,3.6316001787808276,72.42748091603053,0.2764407668550784,0.4119496855345912,3.7332906007808404,0.5275772572599863,3.5394279857829476,0.12235983947756372,2.142857142857143,0.30612244897959184,1.1020408163265307,7.0,1463.857142857143,7141.857142857143,340.155753968254,0.3779761904761905,1.0,0.14285714285714285,0.1907904758284141,2.4198851693396435,0.04727276632939753,2.8073549220576046,0.0440251572327044,947.9183673469387,2.4404294032023284,0.04741809939907252,2.0735804770505193,0.019866732065506366,0.25730488248695627,0.885459910519948,15.136301562242078,15.811388300841896,158.5,13.40258822690582,46.870057685088774,0.29571014312358845,159.0,1.0502094521738,0.9521910109741701,0.27868339857691543,27.59462156497531,0.885459910519948,13.40258822690582,15.136301562242078,14.0,15.0,15.811388300841896,15.811388300841896,158.5,13.40258822690582,1.0502094521738,0.9521910109741701,46.870057685088774,0.29571014312358845,159.0
"ytma10_010704_benign1_ccd.tif","f02b5141-3376-4f91-a241-43fe26362828","Detection","Unclassified",738.7718505859375,226.40335083007812,157.0,,,89.0,128.4,1890299.0,1.4421082358405668,22.0,2.7749902677792826,156.0,108.59235668789809,12.810337133352274,109.0,76.0,80.0,9.356764928193497,109.72748524917665,0.2810578089760934,15.742334263907479,1890299.0,0.41320134691062516,247.82108807659543,3.4076086956521743,4.8232472983343415,0.4584780092592607,1.3714522946859906,0.2844202898550725,0.6564708027533389,0.2807971014492754,0.8698343500601475,0.2055732776727578,0.8602053140096618,0.8599637681159421,0.9833333333333333,0.9439613526570048,-0.2875695634655968,0.7406781192494415,0.2776268115942029,1.7708333333333333,0.25539868199958,2.368270548619269,0.4076086956521739,3.5416666666666665,2.077654761702589,0.41396814613526567,4.044904424949442,23.089171974522294,0.1470647896466388,3.988721651993996,64.87261146496816,0.4479694916629478,3.859872611464968,40.8343949044586,128.5095541401274,21.4954440905874,0.45864295824486906,0.057376039705809186,0.39870115609348245,0.01592401672275421,86.63478260869566,0.37667296786389415,0.5305293005671078,4.7956521739130435,11.304347826086957,36.51304347826087,5.939975845410628,0.37536231884057975,3.8782880492287646,49.87826086956522,0.21686200378071835,0.3662420382165605,3.8490737240075616,0.43942311975648296,2.7189065833109867,0.11346395542448605,2.7142857142857144,0.3877551020408163,0.7755102040816327,8.142857142857142,1433.0,4982.0,598.532738095238,0.25099206349206354,1.8571428571428572,0.2653061224489796,0.4648079508216463,5.182678948348313,0.044758680765866206,2.5216406363433186,0.044585987261146494,929.9591836734695,2.2256431308155444,0.06756839840147556,1.718602137641372,0.019371362968986724,0.41718004738956266,0.5183005975592,19.958577442336647,19.72308292331602,156.5,10.344542614794655,52.04163056034259,0.3325343805772689,157.0,1.1735153978259816,0.852140501822617,0.2351868646918256,19.652978144014643,0.5183005975592,10.344542614794655,19.958577442336647,13.0,18.0,19.72308292331602,19.72308292331602,156.5,10.344542614794655,1.1735153978259816,0.852140501822617,52.04163056034259,0.3325343805772689,157.0
"ytma10_010704_benign1_ccd.tif","4dbd54e4-964a-46ee-9a30-3e4da90b4393","Detection","Unclassified",804.3837280273438,261.4549865722656,156.0,,,45.0,120.0,1014786.0,2.2082999137863406,46.5,2.9113475714150305,163.0,74.8974358974359,25.309664694280066,63.0,41.0,122.0,19.056482112964247,80.65381864201137,0.9210655255443362,29.92344494753139,1014786.0,0.24712360289283364,895.4125575279419,5.819168173598552,54.664519135615336,6.638487069459144,4.263092322331914,0.9041591320072333,0.6500425264777951,0.5967450271247741,1.446510015054596,0.5480545046090861,0.7487944544906573,0.7323688969258593,0.977117442940228,0.9200464996125031,-0.25481959599009113,0.8042171319157781,0.36618444846292947,2.2314647377938517,0.13245522532037968,3.5634496503989093,0.2513562386980108,4.462929475587703,2.8362431376263566,1.2918128635847868,4.293183705853129,21.923076923076923,0.14053254437869822,6.395299145299145,38.55128205128205,1.6197813938198549,7.647435897435898,29.756410256410255,100.8525641025641,17.078616452991454,0.37120904558404555,0.14278132288052925,2.4839311444544583,0.017736230576632366,68.87076923076923,0.21191005917159764,1.6994082840236688,10.978461538461538,6.363076923076923,30.75076923076923,3.20105641025641,0.2286769230769231,3.73259083461733,154.35384615384615,0.47493491124260356,0.5208333333333334,2.6766769230769225,0.7117454081632654,9.635245970695971,0.09309467992325131,5.090909090909091,0.23140495867768596,1.572314049586777,18.681818181818183,241.54545454545453,935.0454545454545,108.48387626262625,0.11160353535353536,6.818181818181818,0.30991735537190085,0.5544504406205344,12.903886350970573,0.02880863475019666,3.3564924137968237,0.14102564102564102,191.26446280991738,1.552926364865827,0.07507885170150656,5.518850675020529,0.048249806824738756,0.9689383220151271,0.7273615145634402,16.64536078812279,16.76305461424021,155.5,12.107194833303893,48.62741699796949,0.31271650802552725,156.0,1.1000465733400566,0.9090524203568159,0.2587221759593154,23.78315994115075,0.7273615145634402,12.107194833303893,16.64536078812279,16.0,13.0,16.76305461424021,16.76305461424021,155.5,12.107194833303893,1.1000465733400566,0.9090524203568159,48.62741699796949,0.31271650802552725,156.0
"ytma10_010704_benign1_ccd.tif","a8c11e78-8e07-42e7-87e7-7671e4fb39c6","Detection","Unclassified",135.54501342773438,526.0439453125,156.0,,,149.0,182.5,4350074.0,1.2484577639970085,15.0,2.7115703915109486,196.0,166.53846153846155,9.793885601577918,167.0,140.0,56.0,6.825471999999998,166.98829223508378,0.0859080488841655,12.248696746679235,4350074.0,0.4940828402366864,150.03057199211045,4.353479853479854,2.8173762480642655,-0.11145731457287911,0.9279475103650929,0.315018315018315,0.4931183004630979,0.31135531135531136,0.908812203320735,0.21807618510915217,0.844932844932845,0.8446886446886448,0.9686672302056918,0.9223443223443223,-0.17006076224353922,0.5797420139844611,0.30815018315018317,2.0494505494505493,0.32166841095412524,2.2038851389127734,0.532967032967033,4.0989010989010985,1.8767238817577285,0.310741456345852,3.8200670331938364,21.435897435897434,0.13740959894806049,4.600427350427351,77.07692307692308,0.3328402366863905,4.8076923076923075,38.62820512820513,159.98717948717947,12.034900284900285,0.30448717948717946,0.06822241360931837,0.47464953752156136,0.015189152732555512,98.4493927125506,0.39858053729777576,0.45491648773131843,5.5951417004048585,11.182186234817813,47.48987854251012,3.274853801169591,0.2920602789023842,3.573940911997024,66.20647773279352,0.26804241997082395,0.3958333333333333,4.79991476667377,0.5115196130903011,3.3137471433193695,0.1296012070662475,6.2727272727272725,0.5702479338842975,0.6115702479338843,7.090909090909091,1000.7272727272727,4107.272727272727,261.4646464646464,0.28535353535353536,2.272727272727273,0.2066115702479339,0.4037145981534582,3.549347289850665,0.05419621384070849,2.7321588913645707,0.07051282051282051,799.6033057851236,3.47768817204301,0.06029218520522532,0.8235537329015589,0.031514497589587465,0.1371397395254254,0.44612657635765685,21.25476137491897,21.2602916254693,155.5,9.482313923491564,53.94112549695424,0.3468882668614421,156.0,1.2202529751376308,0.8195022018997423,0.22144988096759807,17.424212081180013,0.44612657635765685,9.482313923491564,21.25476137491897,16.0,17.0,21.2602916254693,21.2602916254693,155.5,9.482313923491564,1.2202529751376308,0.8195022018997423,53.94112549695424,0.3468882668614421,156.0
"ytma10_010704_benign1_ccd.tif","fb89f503-a589-43c6-b2b6-5bbae33f77b3","Detection","Unclassified",333.4871520996094,647.8906860351562,156.0,,,69.0,143.0,1921739.0,2.149148387813769,47.25,1.9473450171414857,168.0,107.48076923076923,23.928994082840216,106.5,63.0,105.0,19.577789796286275,110.99026868869966,0.16493833438444144,27.689781312821413,1921739.0,0.24145299145299146,766.7239891518739,7.7365491651205955,37.060042036723786,1.5916274503934957,4.093094819307381,0.7532467532467534,0.6891483020872694,0.5714285714285715,1.335158928770833,0.4267161410018553,0.7445887445887447,0.7324675324675324,0.9724758000620071,0.9090909090909092,-0.25018316660078516,0.8059864552773268,0.4123376623376623,2.62708719851577,0.09483823888806664,3.667450023271488,0.19294990723562153,5.254174397031541,2.951431796475849,1.2115853931385339,4.429166712736491,29.243589743589745,0.18745890861275477,3.2804076265614732,37.666666666666664,1.3002547666009208,9.147435897435898,24.346153846153847,167.08333333333334,8.24153668091168,0.25662571225071223,0.08106471992880723,1.0412479034230027,0.012604689107510291,83.97093023255815,0.2441015413737155,1.2800753785830181,10.543604651162791,6.22093023255814,50.395348837209305,1.7343959948320418,0.20793039405684757,3.65576222423147,148.87790697674419,0.4327846133044889,0.5512820512820513,2.930502974580854,0.6807610738766867,8.175004822530864,0.10037238244520258,2.111111111111111,0.2345679012345679,1.5802469135802473,13.444444444444445,513.7777777777778,3945.6666666666665,129.58595679012345,0.19330246913580248,1.0,0.1111111111111111,0.14476435063920295,3.3229415592534064,0.006785589599339574,3.169925001442312,0.057692307692307696,213.33333333333331,1.950252807088744,0.056810816599128684,4.002532143406473,0.06181072205118372,0.4503531079550858,0.29535443153553353,26.08179919716696,24.331050121192877,155.5,7.703374975303182,57.313708498984745,0.36857690353044853,156.0,1.2965473498695541,0.7712791978639347,0.20219373335287594,14.52571867156192,0.29535443153553353,7.703374975303182,26.08179919716696,7.0,24.0,24.331050121192877,24.331050121192877,155.5,7.703374975303182,1.2965473498695541,0.7712791978639347,57.313708498984745,0.36857690353044853,156.0
"ytma10_010704_benign1_ccd.tif","c33cdb54-8c06-4855-8660-335539b398b9","Detection","Unclassified",337.9905700683594,56.66801452636719,155.0,,,58.0,102.19999999999999,904366.0,1.261969285714849,18.0,3.382422702475832,123.0,74.63225806451612,12.54484911550466,70.0,50.0,73.0,8.009599999999997,76.3846801056253,1.0345507984941895,16.26792583675549,904366.0,0.4867013527575442,264.6454110301769,2.0018115942028984,4.370411010180781,1.4659632612805127,1.0614366729678637,0.4384057971014492,0.41539754227497117,0.35144927536231885,1.0716923953226505,0.31488920394875025,0.8387681159420289,0.8329710144927535,0.9601727982162764,0.9164855072463769,-0.1116038961785271,0.466114051924352,0.2753623188405797,1.358695652173913,0.38082860743541275,2.072405524208376,0.592391304347826,2.717391304347826,1.6479205637635388,0.3749606175173283,3.373870545837643,23.8,0.15354838709677418,7.00786680541103,75.43870967741935,0.48141519250780423,2.6451612903225805,42.16129032258065,56.825806451612905,39.12598566308243,0.717741935483871,0.08381554527426263,0.4901061513016199,0.025651894165671048,83.11764705882354,0.3492338111715274,0.5650907421792246,4.382352941176471,13.53781512605042,20.50420168067227,12.263071895424838,0.44386087768440713,3.3138598441475007,83.18487394957984,0.3495162770990749,0.38387096774193546,6.751571216721984,0.6129327535383314,3.513159177441226,0.1512916989683553,7.125,0.4453125,0.37109375,6.3125,651.3125,747.75,631.0920138888888,0.22743055555555555,3.125,0.1953125,0.2911426518646674,2.36845810745867,0.03934851018838908,3.0306390622295662,0.1032258064516129,557.46484375,15.74406702898551,0.053505317450500384,0.9626529208560475,0.05495725406609385,0.16140173190864432,0.8791485359825613,15.000002992978763,15.524174696260024,154.5,13.187230671011317,46.870057685088774,0.30336606915915065,155.0,1.0637175243373511,0.9400992059644366,0.27165037905446965,26.219407712738782,0.8791485359825613,13.187230671011317,15.000002992978763,14.0,15.0,15.524174696260024,15.524174696260024,154.5,13.187230671011317,1.0637175243373511,0.9400992059644366,46.870057685088774,0.30336606915915065,155.0
"ytma10_010704_benign1_ccd.tif","6fd33fba-0860-4e86-a719-e7e2081f7edd","Detection","Unclassified",491.37701416015625,468.24163818359375,155.0,,,64.0,119.0,1242622.0,1.7923239784360816,30.0,2.583887266189371,146.0,87.23870967741935,16.558002081165476,84.0,50.0,96.0,12.273494583018396,89.53723319955927,0.506183822795674,20.15747163835774,1242622.0,0.31138397502601456,406.3236628511967,4.128623188405797,11.417006549962009,1.2063136968850214,2.146699747952111,0.5217391304347827,0.6089555322697284,0.3985507246376812,1.1592171152646864,0.3628964503255619,0.8198973429951691,0.8130434782608696,0.9718286445012788,0.9242408557625948,-0.25250478536776333,0.7562876243761301,0.30359299516908217,1.9293478260869563,0.1877904458097038,2.936304716464065,0.3115942028985507,3.8586956521739135,2.3526200536025037,0.6671097195967234,4.195963550104565,22.12258064516129,0.14272632674297606,6.74522372528616,48.26451612903226,0.7829344432882416,5.04516129032258,39.05161290322581,126.0516129032258,21.458870967741934,0.4282258064516129,0.10853899779744636,1.0673815294337567,0.019817014828631577,74.90661478599222,0.2914654271828491,0.8568184226861876,7.175097276264592,10.22568093385214,37.85214007782101,5.184608733246866,0.28915369649805456,3.6346401036668787,92.66536964980544,0.3605656406607216,0.41451612903225804,4.405759360474797,0.6191456796005619,5.608010019651325,0.09842668156937079,5.352941176470588,0.314878892733564,0.8788927335640141,10.235294117647058,364.88235294117646,1335.8823529411766,177.79003267973857,0.176062091503268,4.764705882352941,0.28027681660899656,0.5315751828958678,6.59105326775862,0.05488134862162254,3.286895754518763,0.10967741935483871,281.75086505190313,3.2420814732142857,0.07470123807835367,1.7223103243322813,0.044950579495487406,0.33300800284238635,0.8328666819578717,15.390438927702698,15.811388300841896,154.5,12.818183803591014,46.6274169979695,0.3017955792748835,155.0,1.0582107858404588,0.94499131305468,0.27377356478076836,26.630864690098356,0.8328666819578717,12.818183803591014,15.390438927702698,15.0,13.0,15.811388300841896,15.811388300841896,154.5,12.818183803591014,1.0582107858404588,0.94499131305468,46.6274169979695,0.3017955792748835,155.0
"ytma10_010704_benign1_ccd.tif","c243da0f-3507-4a9e-891c-8328510f765a","Detection","Unclassified",459.3580322265625,689.0513305664062,154.0,,,100.0,129.70000000000002,2074487.0,1.1851444959443678,15.75,2.8867683871486336,143.0,115.47402597402598,9.261426884803514,116.0,84.0,59.0,6.332738449335712,116.06332239426375,-0.25122058076945364,11.680930208882337,2074487.0,0.5231067633665036,136.44413054477997,4.457720588235294,2.7219202356293626,0.052208426623245874,0.8827854671280276,0.25,0.5586101565483008,0.25,0.8112781244591328,0.1875,0.875,0.875,0.975,0.9374999999999999,-0.22675467724254353,0.6357621029211687,0.25,2.0735294117647056,0.37467222642733566,2.024778573588765,0.5863970588235294,4.147058823529412,1.774778573588765,0.2831963667820069,3.7445185937019723,22.467532467532468,0.14589306797099005,4.456232079608703,80.55844155844156,0.302960026986001,4.811688311688312,44.12987012987013,194.66883116883116,12.324855699855698,0.2923881673881674,0.06067215113558652,0.4256757555715889,0.012873324218456024,82.33653846153847,0.3958487426035503,0.45892659023668625,5.456730769230769,15.221153846153847,68.33653846153847,4.047008547008547,0.3024839743589744,3.791006776220454,46.02884615384615,0.22129252958579881,0.33766233766233766,6.450443786982248,0.45812542464759437,3.041013446638956,0.11534994008362613,3.75,0.46875,0.734375,6.375,1505.75,6544.125,371.71180555555554,0.3506944444444445,2.5,0.3125,0.5051656588561351,4.5063107835726885,0.0605892542202066,2.0,0.05194805194805195,1135.1875,3.1505586080586077,0.06266694957868395,0.7475652120006315,0.025659640097388327,0.15101269778929582,0.5606889835115175,18.74448387233013,18.973665961010276,153.5,10.509825608824814,49.698484809834966,0.32376863068296396,154.0,1.1315767780756796,0.8837226243724845,0.24718306951309837,21.70899347668013,0.5606889835115175,10.509825608824814,18.74448387233013,18.0,13.0,18.973665961010276,18.973665961010276,153.5,10.509825608824814,1.1315767780756796,0.8837226243724845,49.698484809834966,0.32376863068296396,154.0
"ytma10_010704_benign1_ccd.tif","7441e3e0-43a8-44c4-a099-6bf6ff944b0c","Detection","Unclassified",205.80108642578125,25.67049217224121,153.0,,,116.0,162.60000000000002,2844580.0,1.641087559041115,32.0,2.1514591673921615,181.0,134.99346405228758,16.437182280319547,131.0,101.0,80.0,12.557377049180328,136.35258026084745,0.47526964728526666,19.203926862873384,2844580.0,0.33589645008330127,368.79080695459004,3.6992619926199266,10.467156490178645,1.7800611691660397,2.3739736659359214,0.33579335793357934,0.7521607171570994,0.31365313653136534,0.9529335993393427,0.2374150678776161,0.8468634686346862,0.8453874538745386,0.9806381593227698,0.9380073800738009,-0.3338175735736384,0.8069244550844479,0.29428044280442806,1.785977859778598,0.21229966912215245,2.6280361512138204,0.37453874538745385,3.5719557195571956,2.2662355787232658,0.6774417559673751,4.030722264605467,22.568627450980394,0.14750736896065617,4.944252210688197,51.3921568627451,0.7181853133410229,4.261437908496732,40.24183006535948,132.62745098039215,26.775508351488742,0.5191539578794481,0.07916931793293448,0.6276098217064603,0.01892904715612811,78.8119658119658,0.3368032727007086,0.6371721820439767,5.405982905982906,11.572649572649572,38.06837606837607,7.599477682811015,0.3555318138651472,3.694570986342611,59.63247863247863,0.2548396522755497,0.38235294117647056,4.732412886259041,0.503197661370386,3.242265993831576,0.10740845810598439,3.4444444444444446,0.38271604938271603,0.7654320987654322,9.11111111111111,839.2222222222222,2799.3333333333335,519.3256172839506,0.21450617283950618,4.333333333333333,0.48148148148148145,0.6668261229277008,7.556515207605347,0.06332119252247717,2.058813890331201,0.058823529411764705,550.2222222222222,2.7906709093211752,0.07290628433791257,1.7620089536264962,0.0345411073571226,0.4257503686350643,0.678860515630051,16.99704566968553,17.26267650163207,152.5,11.538623187510243,47.798989873223306,0.3134359991686774,153.0,1.0918899407740141,0.9158432206923021,0.26035554346345624,24.08440403787168,0.678860515630051,11.538623187510243,16.99704566968553,11.0,17.0,17.26267650163207,17.26267650163207,152.5,11.538623187510243,1.0918899407740141,0.9158432206923021,47.798989873223306,0.3134359991686774,153.0
"ytma10_010704_benign1_ccd.tif","0ece9b99-e4c7-4f89-aa16-e059f0fba061","Detection","Unclassified",469.7030029296875,39.970218658447266,153.0,,,55.0,112.0,977441.0,1.559812405152551,35.0,3.5946075228249694,153.0,76.04575163398692,20.20060660429751,66.0,52.0,101.0,14.476586888657653,79.92811312657052,1.2122704672803188,24.60786310096491,977441.0,0.4372249989320347,605.5469263958304,2.5330882352941178,24.63807845259819,5.273506672348871,2.1169442041522495,0.5919117647058824,0.5629802606630341,0.4044117647058824,1.1867190898201714,0.4283628892733564,0.8281249999999998,0.8165441176470588,0.9788501119748882,0.9369966736694677,-0.2195342938019454,0.6621003917556687,0.24902982026143794,1.4669117647058825,0.3754342155060555,2.3394841759591976,0.5955882352941176,2.9338235294117645,1.8634210147435186,0.677213992214533,3.1344055315653327,30.869281045751634,0.201760006834978,8.174121064547823,66.89542483660131,0.9361356743132984,3.627450980392157,42.69934640522876,58.1764705882353,40.289355482933914,0.6833932461873637,0.10215856713055592,0.9522330043128361,0.023263374279753054,65.67782426778243,0.2748026119990897,1.1078237425815376,6.656903765690377,14.167364016736402,24.292887029288703,12.816469084146906,0.35170618317061836,3.2774448343193243,110.23849372384937,0.46124892771485093,0.39052287581699346,7.610335953502218,0.6945857376605307,5.83200902915286,0.1211171716834658,5.0,0.3125,0.90234375,11.0625,591.3125,743.8125,561.3376909722223,0.1643923611111111,3.5,0.21875,0.4440754699701664,5.693381354316056,0.03824121049634828,3.2806390622295662,0.10457516339869281,499.87109375,2.466810966810966,0.07831237203860779,3.100847503675519,0.030807546175755495,0.9501887999554949,0.9722162731198871,14.169921629785112,15.033296378372908,152.5,13.776228397310557,46.87005768508878,0.30734464055795924,153.0,1.070670000466165,0.9339946011045461,0.2681338692932467,25.54498175006047,0.9722162731198871,13.776228397310557,14.169921629785112,15.0,14.0,15.033296378372908,15.033296378372908,152.5,13.776228397310557,1.070670000466165,0.9339946011045461,46.87005768508878,0.30734464055795924,153.0
"ytma10_010704_benign1_ccd.tif","8ed2098d-4d4e-4182-a07b-36ef1203f3fd","Detection","Unclassified",720.1156005859375,68.6527328491211,153.0,,,79.0,121.0,1540284.0,1.457713328559328,26.0,2.3123186966426195,145.0,99.05882352941177,13.564013840830436,98.0,72.0,73.0,10.708224000000007,100.33551557785762,0.28057003980561024,15.955098471754033,1540284.0,0.41313170148233586,254.56516724336788,5.965779467680607,3.80851995798443,0.2707464392469726,1.230482586129625,0.3745247148288973,0.5333046589816403,0.35171102661596954,0.9971675991209396,0.25082406858563805,0.8279467680608362,0.8264258555133079,0.9783717289197049,0.9304182509505705,-0.18338000790064965,0.6303305925388453,0.3317490494296578,2.3982889733840302,0.24611639607338545,2.508097265558231,0.40304182509505704,4.7965779467680605,2.092117198815484,0.4012518252396304,3.7863791862406506,24.019607843137255,0.1569909009355376,4.5101456704686225,63.209150326797385,0.4460677517194242,6.712418300653595,35.15686274509804,195.9281045751634,7.5800199709513425,0.20937726942628898,0.08690416907503742,0.9829854071258134,0.013252957818930045,97.3622641509434,0.36740477038091846,0.5956568173727304,7.875471698113207,9.856603773584906,57.60754716981132,2.0918238993710694,0.2038259958071279,3.5105818776418203,81.05283018867925,0.30585973656105375,0.43300653594771243,4.523118547525809,0.5506996299742818,5.009124522389319,0.11046826277025486,5.0,0.45454545454545453,0.9586776859504134,12.272727272727273,799.3636363636364,4755.363636363636,158.94633838383837,0.17361111111111113,3.727272727272727,0.33884297520661155,0.5599801790711225,8.908423183750775,0.037460885317959554,2.0494520727893946,0.0718954248366013,605.900826446281,1.8084617007807553,0.06248322695821616,1.7626476664867385,0.023079112308371143,0.2856767942156937,0.3503037150679435,24.4547840531218,24.351591323771842,152.5,8.566601704992868,58.870057685088774,0.38603316514812314,153.0,1.3447904227604486,0.7436102927825007,0.19048168109973396,12.891655062536232,0.3503037150679435,8.566601704992868,24.4547840531218,23.0,12.0,24.351591323771842,24.351591323771842,152.5,8.566601704992868,1.3447904227604486,0.7436102927825007,58.870057685088774,0.38603316514812314,153.0
"ytma10_010704_benign1_ccd.tif","1971242a-2113-4f03-9149-de17688774e7","Detection","Unclassified",720.2718505859375,632.7516479492188,153.0,,,93.0,147.8,2302617.0,1.753497862714454,22.0,2.623857890061257,160.0,121.16993464052288,14.935366739288305,123.0,77.0,83.0,10.065976887933363,122.6775623890754,-0.25361922891651384,19.17371254965779,2302617.0,0.32923234653338457,367.63125293690456,5.849906191369607,12.567534414759285,0.09754981455914025,2.25451883036654,0.3302063789868668,0.7444940160045321,0.3227016885553471,0.9326670137173575,0.22606999919039455,0.8398999374609133,0.8393996247654785,0.980708531067211,0.9357098186366479,-0.339599441250338,0.8292994409945826,0.31613508442776733,2.3170731707317076,0.18214714402880788,2.8453506367618284,0.30956848030018763,4.634146341463414,2.497066487619976,0.6461813023383518,4.364682603598259,24.03267973856209,0.15707633816053654,3.810841983852365,50.372549019607845,0.6858900422914262,6.222222222222222,36.81699346405229,204.28758169934642,11.778050108932462,0.29992737835875094,0.06268781175021448,0.4318654828186418,0.015127468597178239,76.5421686746988,0.30739826776987467,0.7717617457782938,6.931726907630522,9.46987951807229,54.63453815261044,2.874442213297635,0.27565818830879074,4.037590958042781,64.04417670682732,0.2572055289430816,0.4068627450980392,3.428944694440413,0.48915800516249935,3.8819967391612304,0.11235927411459898,2.5,0.3125,0.75,7.0,821.875,4512.0,218.16319444444446,0.2682291666666667,1.75,0.21875,0.37774665851757205,2.15374848598323,0.07686629010879444,2.75,0.05228758169934641,456.109375,2.265337706511176,0.06891795802932821,1.6080906351854034,0.034639617434786794,0.3377801408155703,0.622813937605244,18.652699368983008,18.681541692269406,152.5,11.617161140963157,54.52691193458114,0.3575535208824993,153.0,1.2455783438258838,0.8028399056204106,0.21368722211471597,16.224052869600033,0.622813937605244,11.617161140963157,18.652699368983008,18.0,15.0,18.681541692269406,18.681541692269406,152.5,11.617161140963157,1.2455783438258838,0.8028399056204106,54.52691193458114,0.3575535208824993,153.0
"ytma10_010704_benign1_ccd.tif","b117af21-258f-4bdf-98c8-7d65fcf4965b","Detection","Unclassified",405.1119384765625,45.26925277709961,152.0,,,144.0,167.0,3670498.0,0.9361398582460435,13.0,3.0371222104523765,180.0,155.10526315789474,7.653047091412753,155.0,126.0,54.0,5.722487444974891,155.39630998802622,-0.038381690246641155,9.506339916863823,3670498.0,0.5871710526315789,90.37049861495848,3.033644859813084,0.9133332093313277,-0.3889128724461096,0.6405310507467898,0.23177570093457944,0.4685912943174354,0.23177570093457944,0.781093929174221,0.17805572539086384,0.8841121495327103,0.8841121495327103,0.976822429906542,0.9420560747663552,-0.170766869407243,0.5211556710938746,0.23177570093457944,1.7121495327102803,0.39833697266136786,1.6973465685435294,0.5831775700934579,3.4242990654205605,1.4655708676089498,0.21807668792034238,3.5135259740353186,24.986842105263158,0.1643871191135734,3.2678324099722986,89.25,0.2170619806094183,3.2565789473684212,44.328947368421055,147.95394736842104,18.437317251461987,0.45047514619883045,0.0444638640665818,0.21297424592400313,0.016956151643162137,99.82233502538071,0.5067123605349275,0.2868406812852689,3.213197969543147,13.97969543147208,47.045685279187815,5.758319232938522,0.49182177100958824,3.7303390835348305,36.27918781725889,0.1841583137931923,0.32401315789473684,4.454482207735318,0.3412180923769526,1.1651741539271616,0.18035034038477535,1.8,0.36,0.8,4.8,2617.6,9749.4,835.0944444444445,0.49444444444444446,1.4,0.28,0.4042714766335494,3.6043219774331456,0.04870329587809484,1.9219280948873623,0.03289473684210526,1693.4399999999998,2.997138926325247,0.05980546361881137,0.83326272429975,0.016539189033347734,0.16397551818283462,0.5545387777790666,18.929793219666134,19.4164878389476,151.5,10.49730439564412,50.04163056034259,0.33030779247750885,152.0,1.1468858747047228,0.8719263372717533,0.2414573989568515,20.714921035715864,0.5545387777790666,10.49730439564412,18.929793219666134,11.0,19.0,19.4164878389476,19.4164878389476,151.5,10.49730439564412,1.1468858747047228,0.8719263372717533,50.04163056034259,0.33030779247750885,152.0
"ytma10_010704_benign1_ccd.tif","2b27707e-255a-4902-99af-3d05a2e4f1fd","Detection","Unclassified",750.262939453125,236.70956420898438,152.0,,,124.2,160.9,3082026.0,1.4189402331025405,14.25,4.495232673784124,191.0,141.51315789473685,11.098857340720222,141.0,94.0,97.0,6.0001388888888885,142.39552957205245,-0.0011093364861067714,15.827601990337733,3082026.0,0.49445983379501385,250.51298476454295,9.912476722532588,8.573553012093049,0.07893330442355245,1.3616789599436832,0.2811918063314711,0.6576823787923242,0.26256983240223464,0.8739572674001875,0.21224888944373355,0.8718187461204222,0.8705772811918064,0.9893331159946457,0.9566817415979428,-0.3040619580476866,0.745327687282672,0.2462756052141527,3.105214152700186,0.38121642756329566,2.2612601928584173,0.5996275605214153,6.210428305400372,1.9582091751109865,0.41071769156878857,3.741230360763495,23.236842105263158,0.15287396121883656,5.292070637119114,75.15789473684211,0.46589335180055397,10.355263157894736,44.68421052631579,424.5263157894737,5.0699817251461985,0.12383771929824562,0.05788367351082733,0.7362688436120062,0.009421580358846483,61.01932367149758,0.2947793414082009,0.9145137576139466,11.642512077294686,15.594202898550725,148.79227053140096,1.7838942565754161,0.14110171765968865,4.185437581532185,51.68599033816425,0.24969077458050362,0.3404605263157895,6.967070410044577,0.5074291519465116,6.574119479703254,0.08124770069638883,2.0,0.25,2.234375,13.625,1422.0,13401.75,156.5075,0.2242013888888889,1.5,0.1875,0.32729998724457876,4.790339953999932,0.0695017666782691,3.0,0.05263157894736842,1061.0,0.69371387283237,0.07915842099781273,2.259594395642524,0.01103212687839752,0.6909265622878389,0.6632266103657734,17.165989720087794,18.027756377319946,151.5,11.384941175627539,48.6274169979695,0.3209730494915478,152.0,1.114474029999828,0.8972842552465349,0.2520669431372108,22.575326258383477,0.6632266103657734,11.384941175627539,17.165989720087794,15.0,14.0,18.027756377319946,18.027756377319946,151.5,11.384941175627539,1.114474029999828,0.8972842552465349,48.6274169979695,0.3209730494915478,152.0
"ytma10_010704_benign1_ccd.tif","8f102f16-e71a-4efb-96bc-15af5f566dbe","Detection","Unclassified",765.719482421875,642.1517944335938,152.0,,,89.0,150.9,2206797.0,1.9640632819244608,38.0,2.1339181630712174,175.0,118.25657894736842,19.68135387811634,117.0,78.0,97.0,15.193227626981994,120.4923288669842,0.31400425103486634,23.103741070534312,2206797.0,0.27068905817174516,533.782851454294,5.037878787878786,16.80033882162207,1.181918713108176,2.8493421430211208,0.6799242424242427,0.6146937248895469,0.5511363636363638,1.2686085395122197,0.3761729511019284,0.7444760101010103,0.7373106060606063,0.9750653969087031,0.9111088564213564,-0.20036856633249103,0.7259001051790148,0.4518623737373738,2.120265151515152,0.12069917929292931,3.3614285125647974,0.21022727272727273,4.240530303030302,2.6384168163358184,0.8823165963613409,4.193277014663986,23.42105263157895,0.15408587257617729,3.8414127423822717,41.14473684210526,1.0083102493074794,6.25,24.32894736842105,91.8157894736842,14.210058479532162,0.3826644736842106,0.11535385566263541,1.3439650817685749,0.019134121317264725,92.40588235294118,0.2717820069204152,0.9734515570934257,7.779411764705882,4.776470588235294,22.17058823529412,2.487031045751634,0.27293790849673205,3.488176191771033,138.57647058823528,0.40757785467128027,0.5592105263157895,1.578685121107267,0.6597928421368547,6.114780587234894,0.11857455169567825,7.111111111111111,0.3950617283950617,0.8055555555555556,13.055555555555555,279.1111111111111,1178.111111111111,127.68509259259261,0.1372530864197531,3.888888888888889,0.21604938271604937,0.4202519772376543,6.974384886188272,0.02678085348079561,3.1496734471867414,0.11842105263157894,207.8024691358025,1.6826147151898727,0.0714680333360761,3.692555281422829,0.04037979297273655,0.5771439864622835,0.3817968554479549,22.71926580726077,22.825424421026653,151.5,8.674144243298404,55.11269837220805,0.36378018727530065,152.0,1.2631078278660042,0.7916980466263758,0.20891045932507998,15.506815298379992,0.3817968554479549,8.674144243298404,22.71926580726077,14.0,20.0,22.825424421026653,22.825424421026653,151.5,8.674144243298404,1.2631078278660042,0.7916980466263758,55.11269837220805,0.36378018727530065,152.0
"ytma10_010704_benign1_ccd.tif","28249a41-9865-4459-b137-e160ab0798ca","Detection","Unclassified",403.97332763671875,648.4144897460938,152.0,,,79.0,124.0,1664558.0,1.6904897195125645,25.25,3.325871835327366,158.0,102.80263157894737,15.5240650969529,99.0,70.0,88.0,10.789802289281981,104.64721436179852,0.7210007933339309,19.561656732685595,1664558.0,0.3700657894736842,382.6584141274236,6.2748091603053435,13.249212588352549,1.418259355937992,1.7427998077035136,0.6049618320610688,0.48464799678579795,0.4942748091603053,1.2291357722100544,0.3606542450906124,0.7713104325699744,0.7639312977099236,0.9776130358191428,0.9202562704471102,-0.1557375092290559,0.6234611285368725,0.3974236641221375,2.447519083969466,0.18861080356622575,2.9141898998413915,0.3320610687022901,4.895038167938931,2.337490275605999,0.5869404099411457,4.097132909287617,21.5,0.14144736842105263,4.232686980609418,56.25,0.6789733379501385,7.296052631578948,27.93421052631579,154.88815789473685,6.924049707602338,0.21540570175438592,0.09580221946234635,1.1019223012060575,0.012795381799636144,105.06369426751593,0.3345977524443182,0.7973244350683598,8.63375796178344,6.292993630573249,40.02547770700637,1.390932413305025,0.18933917197452235,3.451890534363547,121.10828025477707,0.3856951600470607,0.5164473684210527,2.5437137409225534,0.6409693676831375,6.5371903297333604,0.09515814124908227,4.733333333333333,0.31555555555555553,1.0222222222222224,12.133333333333333,370.4,2071.9333333333334,79.82407407407408,0.16146296296296295,2.7333333333333334,0.18222222222222223,0.3399024392510183,5.304824038272155,0.023256879777530107,3.0565647621309537,0.09868421052631579,267.71555555555557,1.844694305512139,0.045075752895343976,4.362375710187522,0.03189919693787359,0.4007514033976348,0.3122217021271476,24.941388109813246,24.331050121192877,151.5,7.787242649059693,57.213203435596405,0.37764490716565285,152.0,1.3112485371108982,0.7626319280426587,0.19751191456702785,13.860817449696158,0.3122217021271476,7.787242649059693,24.941388109813246,24.0,9.0,24.331050121192877,24.331050121192877,151.5,7.787242649059693,1.3112485371108982,0.7626319280426587,57.213203435596405,0.37764490716565285,152.0
"ytma10_010704_benign1_ccd.tif","b4ece98c-f30e-49a1-9ac6-ca23a7a95894","Detection","Unclassified",873.98681640625,707.74365234375,152.0,,,45.0,125.80000000000001,1032632.0,2.238938872720641,43.25,2.829081951531039,171.0,76.27631578947368,26.236495844875364,64.0,40.0,131.0,19.229776941682363,82.4234892427357,0.9335428506643073,31.233879498580638,1032632.0,0.24445983379501388,975.555228531856,6.231910946196659,54.55383754646844,6.607499179118568,4.406304535644583,0.9573283858998148,0.6430298643091471,0.6345083487940629,1.4771538574761194,0.5547275412104461,0.7323747680890537,0.7150278293135431,0.9757508900366044,0.9149218128809966,-0.24188870404238313,0.7953731880354153,0.39146567717996283,2.3172541743970307,0.12776356958705223,3.6390550689625396,0.27087198515769945,4.6345083487940615,2.8792093183266974,1.3409082303860995,4.34619054631031,18.776315789473685,0.12352839335180055,6.709660664819945,37.1578947368421,1.7077562326869808,8.223684210526315,28.039473684210527,98.47368421052632,14.685012792397664,0.3426480263157895,0.1819756018269881,3.3486462404771853,0.020121031020839134,67.30030030030031,0.2021030039048057,1.8170603035467898,11.702702702702704,5.645645645645645,28.576576576576578,2.561062729396063,0.22147647647647647,3.6869947003920718,164.68168168168168,0.49453958462967473,0.5476973684210527,2.3120056993930866,0.7246290895960208,10.368289047740106,0.09923824109918687,8.266666666666667,0.27555555555555555,1.2455555555555555,19.166666666666668,160.26666666666668,617.0,65.5056574074074,0.09550925925925928,10.266666666666667,0.3422222222222222,0.5987818374046466,13.793834712068847,0.028941201043123397,3.217856113506615,0.19736842105263158,134.59555555555556,1.5697701465201461,0.07448420215040465,5.7194830169435,0.05339324110004438,0.9295588208149593,0.8299556301674414,15.300534039761697,16.1245154965971,151.5,12.698764370868808,47.45584412271569,0.3132398951994435,152.0,1.0876231786832318,0.9194360874238485,0.26145872694193356,24.288938242911886,0.8299556301674414,12.698764370868808,15.300534039761697,16.0,13.0,16.1245154965971,16.1245154965971,151.5,12.698764370868808,1.0876231786832318,0.9194360874238485,47.45584412271569,0.3132398951994435,152.0
"ytma10_010704_benign1_ccd.tif","a5a12f2f-8420-4ede-93f0-099b43a7dcbf","Detection","Unclassified",464.7580261230469,181.83111572265625,151.0,,,101.0,158.0,2347457.0,1.6759136256259617,28.5,2.852583463372474,180.0,122.78807947019868,17.370115345818167,117.0,83.0,97.0,12.069739317387786,124.68389169288116,0.8039618057769056,21.66011051916156,2347457.0,0.40932415244945397,469.1603877022932,6.5315985130111525,26.605059792582015,4.744533154168309,2.8366247011511723,0.24535315985130118,0.8407820101786876,0.24535315985130118,0.8038296374032832,0.18515498680228304,0.8773234200743494,0.8773234200743494,0.9905633400057193,0.9591078066914499,-0.4451591461362888,0.8750113182200476,0.24535315985130118,2.425650557620818,0.30879548375506144,2.533864194497959,0.5315985130111525,4.851301115241636,2.2885110346466577,0.7704944652506184,4.013889220087596,24.6158940397351,0.16301916582606027,4.380685057672909,61.80794701986755,0.8182097276435244,6.887417218543046,45.05298013245033,257.1920529801325,11.314747976453274,0.24411515820456223,0.04510673572838505,0.4041682736989817,0.009076124252589187,54.04040404040404,0.2729313335373941,1.082542597694113,8.575757575757576,15.696969696969697,87.18181818181819,3.8432154882154883,0.23117003367003364,4.394692397689928,40.74747474747475,0.2057953270074482,0.32781456953642385,6.391388633812876,0.43612393672706046,4.4844063108813055,0.08491695617016767,1.3333333333333333,0.2222222222222222,1.6666666666666667,10.666666666666666,1547.1666666666667,7598.333333333333,370.4596759259259,0.2624537037037037,1.0,0.16666666666666666,0.1794151717477114,1.7706125010498026,0.020660246073738134,2.584962500721156,0.039735099337748346,913.8055555555553,0.929066478076379,0.10057471264367816,2.0283267576278607,0.017890435656311498,0.9407249666534059,0.9799552377010524,14.04295091987038,14.866068747318506,150.5,13.761463306705792,45.45584412271568,0.3020321868618982,151.0,1.0452412607867685,0.9567169203091785,0.2770620051302302,27.274461957326306,0.9799552377010524,13.761463306705792,14.04295091987038,14.0,14.0,14.866068747318506,14.866068747318506,150.5,13.761463306705792,1.0452412607867685,0.9567169203091785,45.45584412271568,0.3020321868618982,151.0
"ytma10_010704_benign1_ccd.tif","25b48894-f634-4a01-88ea-e58c9f1dec09","Detection","Unclassified",466.1872863769531,167.07302856445312,150.0,,,57.0,107.1,905901.0,1.5276272845846466,23.5,4.708619110749921,158.0,74.48666666666666,17.202400000000004,63.0,49.0,109.0,11.078563995837664,77.71319064354519,1.5343046659821609,22.16024568656424,905901.0,0.4661333333333333,491.0764888888891,6.020676691729324,20.869431402852197,4.643159250662125,1.917335632313867,0.5939849624060151,0.526954094467362,0.4097744360902255,1.2034788059158246,0.42606987393295265,0.8234649122807017,0.8135338345864663,0.9848709611867508,0.9446383816684564,-0.16623699805983894,0.5919840823705713,0.27078111946532996,2.3853383458646618,0.39055345129741664,2.3797652420040856,0.6109022556390977,4.7706766917293235,1.896303456809946,0.6278301486799707,3.2855613930994974,26.226666666666667,0.17484444444444444,8.641955555555555,69.92,0.8483999999999999,7.3,41.973333333333336,182.47333333333333,10.233527777777779,0.20421666666666666,0.13117424834131186,2.103308104476359,0.014319796653229192,64.10743801652893,0.2649067686633427,1.1820401611911755,11.227272727272727,13.553719008264462,65.38842975206612,3.214341138659321,0.1535468319559229,3.455590879578336,115.33884297520662,0.4766067891537463,0.4033333333333333,7.406597909978827,0.7080694701693055,9.568991608868222,0.08788983113022555,5.636363636363637,0.256198347107438,1.2995867768595042,16.227272727272727,437.54545454545456,1822.3181818181818,108.03602272727272,0.11917929292929293,6.0,0.2727272727272727,0.517662272729135,10.747320138123301,0.03762462158478953,3.295357051617442,0.14666666666666667,391.05785123966956,0.8788874191651966,0.07023470095903814,5.016120666928851,0.02000742664665924,1.0599178838258063,0.818773671220275,15.29402733922464,15.811388300841896,149.5,12.522346912280213,46.6274169979695,0.31188907690949497,150.0,1.0757610835979177,0.9295744336237445,0.26491357886553313,24.935075398869756,0.818773671220275,12.522346912280213,15.29402733922464,14.0,14.0,15.811388300841896,15.811388300841896,149.5,12.522346912280213,1.0757610835979177,0.9295744336237445,46.6274169979695,0.31188907690949497,150.0
"ytma10_010704_benign1_ccd.tif","d1f2a116-cbd6-4012-8322-a0292c542957","Detection","Unclassified",806.7001342773438,599.30712890625,150.0,,,101.0,139.0,2281192.0,1.4509134018969296,19.0,3.1121584667032125,169.0,122.45333333333333,11.602488888888889,124.0,89.0,80.0,8.480228928199793,123.32050383722354,-0.10600062627131078,14.598897979718272,2281192.0,0.4121777777777778,213.12782222222222,5.7175141242937855,5.093627892305607,-0.19880065020278131,1.4061377282673844,0.2787193973634652,0.6691477358840071,0.2749529190207156,0.8620640647529821,0.20312028968545293,0.8631512868801005,0.8629001883239172,0.983671208596433,0.9451349654739485,-0.29739466753800337,0.7549199510194958,0.2716572504708098,2.3314500941619585,0.2555725791864832,2.415255801683903,0.3954802259887006,4.662900188323918,2.125864664159383,0.4212142814077124,3.865800263194757,25.08,0.1672,3.0451555555555556,61.82666666666667,0.44128888888888884,6.233333333333333,40.82666666666667,231.16666666666666,9.941666666666666,0.24074074074074076,0.044198171243806164,0.3636470280087344,0.008823341924218246,81.69158878504673,0.38173639619180716,0.5566425015285179,7.018691588785047,11.429906542056075,65.67289719626169,2.6906801661474558,0.23487798546209762,3.8891554528944474,44.55140186915888,0.20818412088392,0.3566666666666667,3.5689579875971695,0.3669722197860346,3.207188322052143,0.07078531687334585,1.6666666666666667,0.2777777777777778,1.1388888888888888,9.166666666666666,1523.3333333333333,9357.166666666666,303.81018518518516,0.2662037037037037,1.3333333333333333,0.2222222222222222,0.2514524647969076,2.835220921643426,0.02511719366544562,2.2516291673878226,0.04,898.3333333333334,1.5064257242508363,0.07441961559315387,1.4383623294255976,0.018009956841708422,0.3702599338821548,0.7288500843698569,16.294352357946764,16.76305461424021,149.5,11.876140090841675,47.45584412271569,0.31743039546967017,150.0,1.094874080173252,0.9133470397269436,0.25800712658626446,23.65187909523647,0.7288500843698569,11.876140090841675,16.294352357946764,13.0,16.0,16.76305461424021,16.76305461424021,149.5,11.876140090841675,1.094874080173252,0.9133470397269436,47.45584412271569,0.31743039546967017,150.0
"ytma10_010704_benign1_ccd.tif","f174c127-267e-409e-8953-eea0cbb89bb5","Detection","Unclassified",357.81298828125,697.9601440429688,150.0,,,65.0,122.0,1275921.0,1.7915102283639046,27.5,3.3963471203682905,152.0,89.76666666666667,16.349777777777764,86.0,61.0,91.0,11.112604138672406,92.22873738699884,0.9273628466449017,21.16803145206364,1275921.0,0.3344888888888889,448.0855555555555,4.150093808630395,12.755533429595898,1.4634065506398612,2.0024851367001193,0.5872420262664166,0.5464834792915171,0.4333958724202628,1.219445448836166,0.39941004403549607,0.8075359599749844,0.7986866791744838,0.9788277038884988,0.9313298490127759,-0.2162123365354199,0.7123819822281948,0.312070043777361,1.9484052532833023,0.20589850363794446,2.921534888238769,0.3696060037523452,3.8968105065666037,2.3290005194305223,0.6474317907416339,4.073880941441391,19.893333333333334,0.13262222222222222,6.702222222222224,50.17333333333333,0.8046222222222222,5.1866666666666665,37.32,117.90666666666667,19.373137037037036,0.40452592592592596,0.1062201992525405,1.175086229738809,0.01816696323591165,71.71538461538462,0.2758284023668639,0.9624852071005918,7.484615384615385,9.36923076923077,34.92307692307692,4.438382478632478,0.2805032051282051,3.6775570571000826,96.84615384615384,0.37248520710059174,0.43333333333333335,4.04378698224852,0.6273087721912127,6.060011193116848,0.10139399910605267,5.352941176470588,0.314878892733564,0.9134948096885814,11.764705882352942,388.47058823529414,1349.764705882353,162.67964052287584,0.15553921568627452,3.4705882352941178,0.2041522491349481,0.4211898847310127,6.499489871392344,0.031906180508583015,3.4992275471326932,0.11333333333333333,310.61591695501716,1.6486123629262428,0.07175521221888757,3.53429793378844,0.030769775520282188,0.6322430682384195,0.8986915614333658,14.582160654591963,15.231546211727817,149.5,13.104864727747444,46.0416305603426,0.30797077297888026,150.0,1.0622461541107038,0.9414013843497364,0.26998535851274075,25.898980675829847,0.8986915614333658,13.104864727747444,14.582160654591963,14.0,14.0,15.231546211727817,15.231546211727817,149.5,13.104864727747444,1.0622461541107038,0.9414013843497364,46.0416305603426,0.30797077297888026,150.0
"ytma10_010704_benign1_ccd.tif","7c4b51da-1018-4428-a231-85310b7e7ec7","Detection","Unclassified",60.022315979003906,208.446044921875,148.0,,,86.7,104.0,1376654.0,0.9017166373398942,8.0,2.4698843079013737,110.0,96.22972972972973,5.160153396639875,97.0,82.0,28.0,3.6508721135513036,96.44540536602155,-0.28694883062266685,6.446342556782598,1376654.0,0.5665631848064281,41.555332359386405,1.810810810810811,0.8689318088988891,0.44063136026583194,0.6522599543835066,0.19111969111969113,0.546776609706627,0.19111969111969113,0.703807899447346,0.154592954786005,0.9044401544401546,0.9044401544401546,0.9617760617760618,0.9362934362934363,-0.23735676654330326,0.5853895032766143,0.19111969111969113,1.3021235521235521,0.4237172224623962,1.5579496675749216,0.6023166023166023,2.6042471042471043,1.3668299764552305,0.21084491137579942,3.5387993804654716,24.135135135135137,0.16307523739956173,3.912892622352082,83.85135135135135,0.21671840759678596,1.9527027027027026,48.2972972972973,81.39864864864865,40.02195945945946,0.7618243243243243,0.044212027716492006,0.12426248314641174,0.024199413859012073,86.84971098265896,0.5020214507668148,0.2489892746165926,2.4046242774566475,19.13294797687861,29.53757225433526,16.53179190751445,0.6488439306358381,3.693210370170975,29.832369942196532,0.1724414447525811,0.2922297297297297,7.423101339837615,0.34007315508277336,0.9847985886087851,0.17889179670127045,4.142857142857143,0.5918367346938775,0.20408163265306126,3.142857142857143,1512.2857142857142,1929.2857142857142,1408.0357142857142,0.4642857142857143,1.2857142857142858,0.1836734693877551,0.3064511624732602,1.1781409780102936,0.08852870858900187,2.5216406363433186,0.0472972972972973,1065.265306122449,149.12670068027188,0.07088890536171474,0.19062945667675396,0.04208506914576582,0.06958826940601442,0.5547983406999175,18.56746793704463,19.697715603592208,147.5,10.301200402471283,50.38477631085022,0.34159170380237436,148.0,1.1703032002497085,0.854479420193527,0.2326848362128766,19.23704716087053,0.5547983406999175,10.301200402471283,18.56746793704463,18.0,11.0,19.697715603592208,19.697715603592208,147.5,10.301200402471283,1.1703032002497085,0.854479420193527,50.38477631085022,0.34159170380237436,148.0
"ytma10_010704_benign1_ccd.tif","00f8e18a-fdcb-43ce-8b69-844abb7538ac","Detection","Unclassified",676.998046875,210.53248596191406,148.0,,,91.7,121.0,1666156.0,1.219627222143788,15.25,3.187242659587236,142.0,105.52702702702703,8.82651570489408,104.0,85.0,57.0,6.297222222222235,106.10283130440398,0.5591755947306561,11.0389029186744,1666156.0,0.483473338203068,121.8573776479182,3.0593869731800765,1.979501112538662,-0.10491965474327031,0.915154651282277,0.2662835249042146,0.5492213976634164,0.2624521072796935,0.8438858395060124,0.19740241628866284,0.8694125159642402,0.8691570881226054,0.9735484821691718,0.9345785440613027,-0.21460207175964904,0.6252958772978359,0.25909961685823757,1.7021072796934866,0.3161763626488161,2.062957859212619,0.48659003831417624,3.4042145593869733,1.784348250095993,0.2953595440466229,3.808774063151374,23.2027027027027,0.15677501826150475,4.669466764061358,71.55405405405405,0.32263513513513514,3.385135135135135,43.310810810810814,134.29054054054055,21.121433933933933,0.47879129129129133,0.06340284374510564,0.3772205006877626,0.019931329075674315,83.29126213592232,0.40432651522292395,0.4448110095202187,3.883495145631068,13.077669902912621,42.89320388349515,5.925836030204962,0.45711974110032366,3.860643597060947,43.398058252427184,0.2106701856913941,0.34797297297297297,4.819021585446318,0.4377924316792437,2.1438142570210057,0.1642595271836689,3.6666666666666665,0.4074074074074074,0.6666666666666666,6.111111111111111,967.7777777777778,3477.0,345.4104938271605,0.3395061728395061,2.3333333333333335,0.25925925925925924,0.4525926658825424,4.046217982203009,0.05144285257746003,2.2810361125534233,0.060810810810810814,697.3580246913581,3.747967575187969,0.06494748093421561,0.7873043305783977,0.028106004779700294,0.1631603903072047,0.9115381430582081,14.70434767332877,16.278820596099706,147.5,13.403573773028391,48.52691193458114,0.32899601311580434,148.0,1.1271499943733254,0.8871933682224623,0.24617452063681025,21.532202127530752,0.9115381430582081,13.403573773028391,14.70434767332877,16.0,15.0,16.278820596099706,16.278820596099706,147.5,13.403573773028391,1.1271499943733254,0.8871933682224623,48.52691193458114,0.32899601311580434,148.0
"ytma10_010704_benign1_ccd.tif","f8f95507-145b-45b1-8f98-38180a748c40","Detection","Unclassified",143.79830932617188,583.242919921875,148.0,,,90.0,136.60000000000002,2036030.0,1.5552386981878028,25.25,2.4290369119654835,147.0,115.93243243243244,14.766800584368138,119.5,73.0,74.0,10.94837935174071,117.29006547640537,-0.5008456055550298,17.79411615559897,2036030.0,0.3618517165814463,316.63056975894824,10.161228406909789,7.679214155402288,-0.9858162480118442,1.8513562800019159,0.3109404990403071,0.7123979445799881,0.30710172744721687,0.9043304080825342,0.2166290280392424,0.8470889315419066,0.8468330134357005,0.9817771254375072,0.9387076135636596,-0.3284689471308562,0.7993733129503424,0.303742802303263,3.126679462571977,0.2008300146256461,2.592443540707352,0.31861804222648754,6.253358925143955,2.270328240823327,0.5405741947605558,4.258476679937365,22.33783783783784,0.15093133674214756,4.1639883126369615,53.554054054054056,0.5547845142439737,10.554054054054054,38.87837837837838,397.7432432432432,4.861768018018019,0.1256569069069069,0.057630222697187,0.6356381562259539,0.011807600971270779,84.19130434782609,0.3660491493383743,0.5923629489603024,11.0,10.078260869565218,105.01739130434783,1.2359903381642514,0.12801932367149757,3.8484585406121377,55.92173913043478,0.24313799621928167,0.3885135135135135,3.453232514177693,0.48607129917184266,5.820218093759244,0.06281779305925268,2.0,0.3333333333333333,1.3333333333333333,10.333333333333334,1209.3333333333333,12849.666666666666,134.46990740740742,0.25810185185185186,1.3333333333333333,0.2222222222222222,0.33829044464981245,2.9098199598665473,0.17743493008256228,2.584962500721156,0.04054054054054054,600.8888888888889,1.507870960884354,0.06259670591884281,2.1480200271528873,0.027620224303843866,0.4059294106687472,0.6145383968800493,17.728360108373465,18.027756377319946,147.5,10.894758000312049,48.62741699796949,0.3296774033760643,148.0,1.1294844573984069,0.885359681976807,0.24541171031510625,21.398967068978234,0.6145383968800493,10.894758000312049,17.728360108373465,12.0,17.0,18.027756377319946,18.027756377319946,147.5,10.894758000312049,1.1294844573984069,0.885359681976807,48.62741699796949,0.3296774033760643,148.0
"ytma10_010704_benign1_ccd.tif","206f78f9-c920-4eba-b038-647071a9635e","Detection","Unclassified",119.23912048339844,136.65090942382812,146.0,,,69.5,110.0,1139806.0,1.6531864702681895,23.75,3.6107819284071527,140.0,86.73972602739725,13.253893788703317,81.5,65.0,75.0,9.014245014245013,88.35660932244346,1.099628992531063,16.825883027376797,1139806.0,0.36695440045036587,283.1103396509665,4.007736943907156,7.360351964885335,0.6887070915272768,1.5504341742458532,0.5145067698259187,0.5016741071428572,0.4216634429400387,1.1494590371804105,0.3367067107138715,0.8031914893617023,0.7984526112185686,0.9717419501649788,0.9185962973197017,-0.16514515210979286,0.6279452321262192,0.354126370083817,1.9361702127659572,0.2149864004878615,2.7853924464160715,0.3965183752417795,3.872340425531915,2.244175217408527,0.5162352360179432,4.0406646573664,20.068493150684933,0.13745543253893788,6.167948958528804,53.57534246575342,0.6194877087633703,4.86986301369863,35.15068493150685,121.65068493150685,15.680127473363775,0.3880802891933029,0.10318494660675027,0.938500093403673,0.021089628535965375,79.78030303030303,0.30219811753902664,0.7909636134067953,6.359848484848484,8.787878787878787,34.621212121212125,3.5879629629629632,0.32002314814814814,3.5725434968119836,101.71212121212122,0.38527318640955005,0.4520547945205479,3.894398530762167,0.6427406956735653,5.03151563799042,0.1475966818489345,4.846153846153846,0.3727810650887574,0.7455621301775146,10.692307692307692,553.2307692307693,2052.076923076923,202.18108974358972,0.171474358974359,3.4615384615384617,0.26627218934911245,0.5045617419159182,6.425072133689847,0.04303580746046353,2.8150724101159437,0.08904109589041095,427.10059171597635,2.32696918767507,0.0738147745110313,1.8400777939541233,0.03668232011774386,0.31796214484858315,0.6822782703405722,16.513752060636655,17.0,145.5,11.266974192764236,46.04163056034259,0.31643732343878067,146.0,1.076748479254659,0.9287219989316489,0.26276166999066075,24.531622494266816,0.6822782703405722,11.266974192764236,16.513752060636655,15.0,13.0,17.0,17.0,145.5,11.266974192764236,1.076748479254659,0.9287219989316489,46.04163056034259,0.31643732343878067,146.0
"ytma10_010704_benign1_ccd.tif","e1249f0b-1577-4ff6-b787-2c6f5a7ba6c6","Detection","Unclassified",757.8568115234375,338.8407897949219,146.0,,,75.0,121.0,1351785.0,1.5831449886142734,27.75,2.9325519480140816,148.0,94.44520547945206,14.967348470632375,92.0,65.0,83.0,10.836684860672225,96.22266557242641,0.7062316086442352,18.409359896723547,1351785.0,0.40148245449427666,338.90453180709324,5.232283464566929,7.402834130290738,0.8077457468891329,1.507792640585281,0.4232283464566929,0.5616532919147468,0.37598425196850394,1.0611695914754826,0.28186418872837743,0.8198818897637795,0.8167322834645669,0.9759379342288097,0.9263779527559055,-0.19889697068210152,0.6654341354222894,0.33464566929133854,2.2273622047244093,0.26315758881517765,2.647977282692571,0.4763779527559055,4.4547244094488185,2.184385595518036,0.48275524676049353,3.9928083596579667,19.013698630136986,0.13023081253518484,6.085569525239258,58.61643835616438,0.5676487145805967,6.054794520547945,36.41095890410959,163.04109589041096,10.571537290715371,0.26426940639269414,0.09966367990625982,1.0900466953651071,0.014671975144700193,79.93333333333334,0.3134640522875817,0.7448519800076893,7.772549019607843,9.654901960784313,46.180392156862744,2.6185729847494557,0.22992919389978214,3.629785476885632,89.99607843137255,0.3529257977700884,0.4366438356164384,4.409903883121876,0.6155824613796136,5.6999932442112655,0.11298693705877413,5.8,0.38666666666666666,0.7288888888888889,11.4,512.6666666666666,2298.4,129.12685185185185,0.15694444444444447,3.4,0.22666666666666666,0.4647365822657542,6.6480905148515514,0.03484590306179317,2.999581230646064,0.10273972602739725,417.9288888888889,1.8178183725597519,0.07693108695897635,1.6116639477793613,0.029619037273869407,0.3224734955857194,0.4094496980540111,21.41070953680788,21.095023109728988,145.5,8.766608554968123,52.28427124746187,0.35934207042929117,146.0,1.2227414379006252,0.8178343916412459,0.21713581761030348,16.75194285536731,0.4094496980540111,8.766608554968123,21.41070953680788,13.0,19.0,21.095023109728988,21.095023109728988,145.5,8.766608554968123,1.2227414379006252,0.8178343916412459,52.28427124746187,0.35934207042929117,146.0
"ytma10_010704_benign1_ccd.tif","86ce22db-48bb-4231-8975-78dce104758b","Detection","Unclassified",857.8634033203125,654.2883911132812,146.0,,,106.0,147.5,2607353.0,1.2227103931196963,16.5,4.5719004493872655,167.0,132.67808219178082,12.016325764683856,138.0,83.0,84.0,7.179487179487171,133.6360063447753,-1.3714066930307567,15.972122516806428,2607353.0,0.5601426158753988,255.1086976918749,8.005813953488373,8.321713721310367,-2.0885801343371098,1.3081695811549785,0.22093023255813954,0.7110322941945117,0.2054263565891473,0.7644342997488142,0.17873024457664802,0.8998708010335917,0.8988372093023257,0.9872777017783857,0.9594315245478037,-0.3523867281783378,0.7519110115006687,0.19186046511627908,2.781007751937984,0.4644815515894477,1.9479893404517208,0.6705426356589147,5.562015503875969,1.6927659751667123,0.3822749534282796,3.503963330480568,25.10958904109589,0.17198348658284857,4.617939575905423,81.78082191780823,0.39031713267029455,8.123287671232877,49.12328767123287,413.7808219178082,7.194539573820396,0.17998477929984782,0.043959885387437565,0.3954916775817379,0.008746494965453346,56.1764705882353,0.3304498269896194,0.7124221453287198,7.688235294117647,20.647058823529413,176.28235294117647,2.892238562091503,0.23480392156862753,4.118616601396975,34.54117647058823,0.2031833910034602,0.2910958904109589,8.845813148788928,0.440354262650076,3.3244301939160428,0.11548008510200554,2.0,0.3333333333333333,1.3333333333333333,10.333333333333334,1983.6666666666667,17318.0,243.01157407407405,0.25810185185185186,1.0,0.16666666666666666,0.19851020364437064,3.1335247031697055,0.014903268511925952,2.584962500721156,0.0410958904109589,1391.5555555555557,0.5709465921675224,0.13515628271732014,0.9391556021683996,0.011784199575906108,0.5200250590713345,0.6724130368849125,16.701515031329524,16.64331697709324,145.5,11.230316442795301,46.87005768508878,0.32213098065353113,146.0,1.0961224161871206,0.9123068602852918,0.2558260851289665,23.253690938746256,0.6724130368849125,11.230316442795301,16.701515031329524,15.0,14.0,16.64331697709324,16.64331697709324,145.5,11.230316442795301,1.0961224161871206,0.9123068602852918,46.87005768508878,0.32213098065353113,146.0
"ytma10_010704_benign1_ccd.tif","f5749645-856a-419e-9a80-7d9505335c87","Detection","Unclassified",668.0615844726562,309.01336669921875,144.0,,,128.3,153.0,2896358.0,0.99229197066529,15.0,2.343411274547025,164.0,141.48611111111111,8.090470679012343,142.0,121.0,43.0,6.000151228733453,141.8224143858164,-0.050842178467531966,9.761023761703647,2896358.0,0.5886381172839504,95.27758487654322,4.916831683168317,1.629251035033009,0.4148601078713884,0.6896343495735712,0.15643564356435644,0.6302063781173385,0.15643564356435644,0.6257138799714377,0.13196353298696206,0.9217821782178219,0.9217821782178219,0.9843564356435645,0.9608910891089111,-0.3200391270526887,0.6714965195156152,0.15643564356435644,2.1871287128712873,0.4885030879325556,1.57342827957013,0.6752475247524753,4.374257425742575,1.4169926360057739,0.2115174982844819,3.351438933828542,26.694444444444443,0.1853780864197531,4.048611111111111,84.76388888888889,0.23027584876543208,5.076388888888889,51.888888888888886,249.11805555555554,12.11863425925926,0.2432484567901234,0.03828887856582962,0.1966236094489236,0.014151809590005409,64.57333333333334,0.43048888888888887,0.39115555555555553,5.62,22.946666666666665,108.21333333333334,5.422592592592593,0.26722222222222225,3.900697182714722,22.373333333333335,0.14915555555555557,0.2604166666666667,8.201066666666666,0.3259944077013522,2.094319194591417,0.10176689182017114,1.8,0.36,0.8,4.8,2414.0,10673.8,577.4944444444444,0.49444444444444446,1.0,0.2,0.26271345308956917,0.6643303748582767,0.2180817920918367,2.321928094887362,0.034722222222222224,1584.5600000000002,1.8127337398373984,0.09687564822030242,0.5426229771815803,0.012659841225168568,0.23684210526315788,0.5420783598721611,18.555692901387832,19.1049731745428,143.5,10.05863957427582,48.6274169979695,0.33886701740745295,144.0,1.1451182038918482,0.8732722932893362,0.2387564774930016,20.25408237293499,0.5420783598721611,10.05863957427582,18.555692901387832,19.0,10.0,19.1049731745428,19.1049731745428,143.5,10.05863957427582,1.1451182038918482,0.8732722932893362,48.6274169979695,0.33886701740745295,144.0
"ytma10_010704_benign1_ccd.tif","fdb27159-78f1-43cb-a239-0cd7697a9161","Detection","Unclassified",43.015098571777344,748.842041015625,144.0,,,74.3,102.70000000000002,1097514.0,1.1224122797533505,16.0,4.246172396100057,130.0,86.34722222222223,10.040316358024677,83.0,66.0,64.0,6.503847337642355,87.30191865016484,1.174168129847727,12.87564423654882,1097514.0,0.5909529320987654,165.78221450617286,4.047337278106509,2.5667172712700825,0.15905596031265107,0.6816832588339187,0.272189349112426,0.4292962249991843,0.2603550295857988,0.8587811988993596,0.20440460768180388,0.8717948717948718,0.8710059171597633,0.9841977027497388,0.9483234714003943,-0.14127695233241927,0.49693174673050305,0.25,1.9861932938856013,0.4596458262821484,1.8656829500133105,0.6646942800788954,3.972386587771203,1.5750733231821752,0.2384681519865862,3.5012396099902503,20.38888888888889,0.1415895061728395,5.826388888888889,85.09722222222223,0.2885802469135802,4.513888888888889,44.888888888888886,175.54166666666666,13.182966820987653,0.3071952160493827,0.08515090038072842,0.6634992262079729,0.023618517140652565,71.12121212121212,0.3591980410162228,0.5850678502193655,5.590909090909091,15.444444444444445,62.77777777777778,4.33080808080808,0.3194444444444444,3.761524927997766,53.07070707070707,0.26803387409448015,0.34375,6.981634527089072,0.5297602306257245,3.7130013602133363,0.15669592653035558,4.846153846153846,0.3727810650887574,1.0059171597633136,7.846153846153846,916.6153846153846,3672.769230769231,236.64209401709402,0.31944444444444453,3.769230769230769,0.28994082840236685,0.5292682283423024,5.066799883929514,0.13727478368682072,3.0269868333592873,0.09027777777777778,793.9171597633135,1.387570606320606,0.07791178886008278,1.4956518167586637,0.01211960692571588,0.38276465441819774,0.6710072123631642,16.67740138424423,17.46424919657298,143.5,11.190656612303297,47.45584412271569,0.3307027464997609,144.0,1.1175290472090027,0.894831326753852,0.24765232551925717,21.79149706597838,0.6710072123631642,11.190656612303297,16.67740138424423,13.0,16.0,17.46424919657298,17.46424919657298,143.5,11.190656612303297,1.1175290472090027,0.894831326753852,47.45584412271569,0.3307027464997609,144.0
"ytma10_010704_benign1_ccd.tif","37c522cc-25d9-41f0-a0a5-5ed983c5cad7","Detection","Unclassified",442.3137512207031,252.69869995117188,141.0,,,124.0,168.0,3010492.0,1.6228947608345128,26.0,2.3041470304493257,185.0,145.14893617021278,14.047080126754217,144.0,118.0,67.0,10.578947368421057,146.1198381199438,0.41279205494281185,16.816462792575663,3010492.0,0.3753835320154921,282.79342085408166,5.36842105263158,7.936993927125505,0.7651821862348183,1.6508097165991904,0.4271255060728745,0.5888943010228933,0.40283400809716596,1.0433094143620354,0.26485026799324685,0.8026315789473685,0.8010121457489883,0.9753036437246964,0.920242914979757,-0.1991613647053259,0.6799628178698811,0.381578947368421,2.25,0.20705756527725425,2.805524044517728,0.39068825910931176,4.500000000000001,2.331151875806983,0.5194838056680162,4.161047306787758,19.22695035460993,0.13636135003269453,4.352899753533526,52.9290780141844,0.5671746894019416,6.078014184397163,32.12056737588652,160.1631205673759,8.797133569739954,0.27250788022064615,0.06604443412510788,0.5172796587113963,0.016809721261764488,84.25475285171103,0.32036027700270353,0.7290549234483655,7.007604562737643,7.3688212927756656,38.7680608365019,1.9677862272919309,0.26872095479509933,3.7240150661825266,86.10266159695817,0.32738654599603867,0.46631205673758863,2.7699981205453317,0.5853028473042504,4.634124725654238,0.14782053218766733,3.0,0.3,1.1599999999999997,9.0,649.5,3221.5,155.64930555555557,0.2881944444444445,3.0,0.3,0.08412924776470132,0.8959529321018893,0.018223906171460042,2.8464393446710154,0.07092198581560284,450.68999999999994,2.2350672877846796,0.06530574435811631,1.8970213233867714,0.03328072915106286,0.2965936730969108,0.5397264305088267,18.45950826349719,18.439088914585774,140.5,9.96308450400553,47.79898987322331,0.3402063336172478,141.0,1.1375634369591299,0.8790718543777596,0.23986854987944645,20.443199432780272,0.5397264305088267,9.96308450400553,18.45950826349719,18.0,10.0,18.439088914585774,18.439088914585774,140.5,9.96308450400553,1.1375634369591299,0.8790718543777596,47.79898987322331,0.3402063336172478,141.0
"ytma10_010704_benign1_ccd.tif","514243ff-2c14-4684-a3a3-e8b311ae8aeb","Detection","Unclassified",889.0341186523438,319.8680419921875,141.0,,,71.0,128.0,1398374.0,1.861739803184169,33.0,2.0427476557768784,144.0,97.46099290780141,17.421155877470973,96.0,66.0,78.0,14.221876986088539,99.58687714398307,0.32036336476905486,20.467070154671916,1398374.0,0.29591066847744074,418.9009607162619,5.784552845528454,13.731684475338302,0.06518606313615827,2.506589166501421,0.41260162601626016,0.7173178080214427,0.3719512195121951,1.0475620787548239,0.274253916319651,0.8207994579945798,0.8180894308943089,0.9764466762314683,0.9269647696476965,-0.30810808301036136,0.8170878076491127,0.3363821138211382,2.29369918699187,0.16194270936611807,3.024332453959128,0.2865853658536585,4.587398373983739,2.5539369701407946,0.7297976981294203,4.539103586632775,17.79432624113475,0.12620089532719683,5.199738443740255,41.723404255319146,0.8223932397766712,6.602836879432624,35.723404255319146,181.05673758865248,13.10584121355398,0.30875689519306543,0.07993637637613492,0.8340745744055437,0.014141035940030511,68.40408163265306,0.27920033319450227,0.9210162432319867,8.2,8.816326530612244,50.43265306122449,2.8640589569160997,0.2488945578231293,3.8052270657921317,76.09387755102041,0.31058725531028736,0.43439716312056736,3.5169346105789248,0.5693942773616884,5.757500220187649,0.09839445042906313,4.2,0.42,1.01,11.9,556.7,3190.5,151.75347222222223,0.18472222222222223,1.8,0.18,0.34436758105902887,4.806519119132146,0.02655581762875637,2.9219280948873623,0.07092198581560284,357.89,2.234750275431509,0.08109806950441438,1.6639570659572256,0.04634814989288661,0.3492655457274152,0.5724931505352555,18.02105806190791,18.601075237738275,140.5,10.316932305840426,49.213203435596405,0.3502719105736399,141.0,1.1712201657911459,0.8538104356532416,0.22960372767222595,18.73096340933698,0.5724931505352555,10.316932305840426,18.02105806190791,16.0,13.0,18.601075237738275,18.601075237738275,140.5,10.316932305840426,1.1712201657911459,0.8538104356532416,49.213203435596405,0.3502719105736399,141.0
"ytma10_010704_benign1_ccd.tif","aed08ed0-8c93-4ed6-a456-baa8e4854e9e","Detection","Unclassified",467.4418640136719,467.899169921875,141.0,,,85.0,135.0,1664938.0,1.5807258886327002,32.0,1.8643262378909216,150.0,106.93617021276596,16.812433982194072,105.0,78.0,72.0,13.896710775047284,108.6649479914559,0.3684530362706879,19.306123956200075,1664938.0,0.3538554398672099,372.72642221216245,3.3137651821862346,9.304547207604873,1.994066250131146,2.125981412578473,0.40890688259109315,0.6773768032537781,0.3684210526315789,1.043852623954942,0.2731728105689324,0.8225371120107963,0.819838056680162,0.9766611097880448,0.9276653171390014,-0.25795898044246884,0.7362922668169654,0.33299595141700405,1.6983805668016194,0.21882427182874656,2.637659820148703,0.39878542510121456,3.3967611336032384,2.190487271443538,0.6337220737923912,3.930897588331667,21.354609929078013,0.15145113424878023,5.025602333886625,49.8936170212766,0.6740103616518284,3.893617021276596,36.02127659574468,102.53191489361703,26.434840425531913,0.5565898345153667,0.07829054940862606,0.5242939194984534,0.021760624126777636,83.79338842975207,0.3462536711973226,0.5930093572843385,4.913223140495868,9.487603305785123,29.355371900826448,6.568985307621671,0.38957759412304876,3.470519008852626,73.00826446280992,0.3016870432347517,0.42907801418439717,4.056007103339936,0.5556534350760518,3.2320489332688025,0.13497309188450607,3.6,0.36,0.6400000000000001,7.4,569.5,1419.9,439.2923611111111,0.23680555555555557,2.0,0.2,0.3535741467127617,3.8649092157197877,0.03492057302905873,2.9219280948873623,0.07092198581560284,370.68999999999994,3.304104622304948,0.06950194381280715,2.038882910096694,0.035248397318486134,0.43794383491688366,0.515473500344264,18.88327304337449,18.867962264113206,140.5,9.73382685362473,48.284271247461874,0.3436602935762411,141.0,1.1491126004338235,0.870236737133046,0.23626145074730426,19.83298022874919,0.515473500344264,9.73382685362473,18.88327304337449,16.0,14.0,18.867962264113206,18.867962264113206,140.5,9.73382685362473,1.1491126004338235,0.870236737133046,48.284271247461874,0.3436602935762411,141.0
"ytma10_010704_benign1_ccd.tif","3bbc1714-86d3-4358-bd82-c52c709ecbee","Detection","Unclassified",681.3270874023438,711.0773315429688,140.0,,,88.9,141.10000000000002,1868673.0,1.7875902823805683,27.75,3.95905588806634,197.0,113.52142857142857,17.167346938775488,110.0,77.0,120.0,12.113520408163252,115.53209201652277,0.8642589298466804,21.46041800190123,1868673.0,0.32908163265306123,460.5495408163263,4.014285714285714,16.01142205241776,2.054943161437837,2.063073719283631,0.6326530612244897,0.5306252356143896,0.4612244897959184,1.2584949259179907,0.4199250312369846,0.7959183673469389,0.786530612244898,0.9773064663531198,0.9270651117589893,-0.1819313092932172,0.6734501544833673,0.330498866213152,1.9122448979591835,0.1831986672219909,3.0193594560980075,0.32040816326530613,3.8244897959183675,2.3683225042600937,0.6739316951270304,4.246081023392082,17.62857142857143,0.1259183673469388,5.629795918367347,46.07142857142857,0.7903571428571428,4.992857142857143,33.871428571428574,106.42142857142858,18.55218650793651,0.4244801587301587,0.08967873564769824,0.8036813136630313,0.018905824829931972,76.12403100775194,0.2950543837509765,0.9177934018388318,6.767441860465116,8.062015503875969,29.45736434108527,4.139954780361757,0.31140503875969,3.6839167952692007,90.01550387596899,0.3488973018448411,0.4607142857142857,3.350760170662821,0.6092193323625272,5.192763792562485,0.12214966432631297,4.571428571428571,0.32653061224489793,0.9234693877551019,10.357142857142858,385.85714285714283,1281.0714285714287,180.1949603174603,0.1789484126984127,2.142857142857143,0.15306122448979592,0.29334821428571434,3.5662648809523807,0.027743055555555552,3.521640636343319,0.1,285.85714285714283,1.7218866020984667,0.06890353154035721,3.9636251948786714,0.03193352010447035,0.6528464695359362,0.5619626962965792,18.018622383129216,18.681541692269406,139.5,10.12579361797319,48.04163056034259,0.3443844484612372,140.0,1.1474286865715755,0.8715138567677957,0.23635928224766276,19.849408570532244,0.5619626962965792,10.12579361797319,18.018622383129216,18.0,11.0,18.681541692269406,18.681541692269406,139.5,10.12579361797319,1.1474286865715755,0.8715138567677957,48.04163056034259,0.3443844484612372,140.0
"ytma10_010704_benign1_ccd.tif","5d0d855a-0b93-4300-aad6-f69fa09337db","Detection","Unclassified",295.2135925292969,103.60108184814453,139.0,,,120.8,186.4,3429253.0,2.015027224970868,28.5,2.615313967214704,208.0,155.20143884892087,19.046012111174353,156.0,102.0,106.0,13.136596055514977,157.06968164507856,-0.13040474620912706,24.15363888342725,3429253.0,0.281817711298587,583.3982713110088,7.7724425887265145,28.208129456292838,-0.6094538255949455,3.393526004506606,0.44467640918580387,0.7682892347733072,0.4196242171189979,1.055652670117309,0.2685919255930718,0.7943632567849687,0.7926931106471816,0.9830964154986902,0.9306591112436624,-0.32693656606498456,0.8509696020114944,0.39770354906054284,2.652400835073069,0.13646863463809875,3.2953344365799273,0.2818371607515658,5.304801670146138,2.819967641697249,0.9595506034231023,4.488002999239235,21.79136690647482,0.15677242378758863,3.2731225091868956,39.172661870503596,1.0120594172144297,8.525179856115107,29.14388489208633,208.85611510791367,8.754972022382093,0.24924060751398877,0.07722293140544254,0.8950100554477054,0.012813232501678177,70.55882352941177,0.2594074394463668,1.099467452422145,9.599264705882353,6.198529411764706,49.43382352941177,1.6229656862745097,0.21285028594771244,3.8690090627812554,86.24264705882354,0.3170685553633218,0.4892086330935252,2.0201124567474045,0.5600255848867325,6.3227176547702415,0.09037320170159113,2.111111111111111,0.2345679012345679,1.654320987654321,11.333333333333334,520.3333333333334,4524.333333333333,96.26074074074074,0.21953703703703703,1.6666666666666667,0.18518518518518517,0.34185021872912685,4.95914181511975,0.03002280219949847,2.94770277922009,0.06474820143884892,281.8024691358025,1.102122964068134,0.08232390890502714,2.91768390215728,0.034296124495480786,0.653694952901126,0.3569792594216193,22.34192162274533,22.47220505424423,138.5,7.97560263494349,53.11269837220805,0.38348518680294624,139.0,1.2731176745624173,0.785473346243276,0.20187255876887478,14.47960857424396,0.3569792594216193,7.97560263494349,22.34192162274533,14.0,19.0,22.47220505424423,22.47220505424423,138.5,7.97560263494349,1.2731176745624173,0.785473346243276,53.11269837220805,0.38348518680294624,139.0
"ytma10_010704_benign1_ccd.tif","0b67bd92-7171-4688-88c3-c19d5dded1f6","Detection","Unclassified",752.7813110351562,130.8378448486328,139.0,,,48.0,110.4,817895.0,1.8989547282566541,37.5,2.675256299558573,142.0,72.66906474820144,20.731949692044925,63.0,43.0,99.0,15.530111989975724,76.70812662715393,0.8867846857828006,24.563055983920027,817895.0,0.33160809481910875,603.3437192691894,5.628048780487804,21.054305731630706,2.772288669743725,2.552878577566263,0.6951219512195123,0.5719693115448017,0.4999999999999999,1.3031293679153992,0.44512195121951215,0.7820121951219512,0.7695121951219515,0.9748857361408692,0.921276132404181,-0.2162047967174057,0.7259791605082397,0.3340672990063233,2.272357723577236,0.2128218157181572,3.0888038845215653,0.4268292682926829,4.544715447154472,2.485058548499027,0.812000132196444,3.9234514767080624,18.568345323741006,0.1335852181564101,6.356296257957664,46.093525179856115,1.0247916774494075,7.043165467625899,33.56115107913669,136.3525179856115,12.173778976818545,0.2872601918465228,0.1097669630735321,1.570068901794664,0.01380363311391703,64.97718631178707,0.24706154491173793,1.1986872732004221,9.88212927756654,7.733840304182509,39.133079847908746,2.439921841994086,0.21322982678495989,3.559811709280224,104.65779467680608,0.39793838280154403,0.47302158273381295,3.2645549306770385,0.6503833252410484,8.236580829481305,0.08019751153135772,5.111111111111111,0.2839506172839506,1.111111111111111,14.555555555555555,309.3888888888889,1276.388888888889,89.03754629629628,0.13350308641975311,3.2222222222222223,0.17901234567901234,0.3277442169001567,6.7655241927035075,0.017283490781966476,3.3082708345352603,0.12949640287769784,249.75617283950623,1.6954891810144253,0.06676078130011989,3.5489060835497894,0.04299894576046928,0.5698888461234034,0.8213958102672981,14.670274743807193,15.231546211727817,138.5,12.050102210033389,44.0416305603426,0.317990112349044,139.0,1.0556831040665022,0.947253959211803,0.2673497317785862,25.3957914273689,0.8213958102672981,12.050102210033389,14.670274743807193,13.0,14.0,15.231546211727817,15.231546211727817,138.5,12.050102210033389,1.0556831040665022,0.947253959211803,44.0416305603426,0.317990112349044,139.0
"ytma10_010704_benign1_ccd.tif","5fcbfca4-2876-43b9-a995-7006c73012af","Detection","Unclassified",396.3631286621094,679.8378295898438,139.0,,,57.0,114.60000000000001,871956.0,1.4199589415550808,26.5,3.686507155391481,149.0,76.24460431654676,17.07199420319856,69.0,53.0,96.0,11.37098692033294,79.20268144577834,1.261571258540282,21.44353191092031,871956.0,0.4720770146472749,459.82506081465766,2.201219512195122,11.040025222112158,3.060218721300339,1.5655818295987838,0.5711382113821137,0.4654066041146662,0.39634146341463417,1.175282025968808,0.41405165576046,0.8299457994579944,0.8193089430894309,0.9697465327594457,0.9264421215640728,-0.16171144610564658,0.5643832194560328,0.2529923215898826,1.397357723577236,0.4077062264525085,2.1797622140839468,0.6239837398373984,2.7947154471544717,1.7123617177081927,0.5341800102452245,3.132828014112456,26.640287769784173,0.19165674654520987,9.053258112934115,65.61870503597122,0.7362972931007712,3.1510791366906474,43.431654676258994,52.73381294964029,41.65917266187051,0.7115307753796963,0.16003461063348867,1.394852756117102,0.0335731686759436,62.559633027522935,0.2869707937042337,0.8904343068765255,5.922018348623853,14.137614678899082,21.38532110091743,13.022680937818553,0.3747451580020387,3.121572829731777,99.60550458715596,0.4569059843447521,0.3920863309352518,7.632775018937801,0.6944558523322697,5.294991020527989,0.1266360256248283,7.75,0.3229166666666667,0.6927083333333334,8.958333333333334,348.5416666666667,390.9166666666667,340.03993055555554,0.17650462962962962,10.583333333333334,0.4409722222222222,0.6824791262796315,7.003049221167909,0.08838341325715061,2.7883201891060003,0.17266187050359713,314.99826388888886,4.718671218487396,0.07219962119314884,1.8798554659883444,0.04261855547461107,0.4774920384284435,0.8782133864503874,14.197054021978005,14.560219778561036,138.5,12.468042890260396,44.04163056034259,0.31799011234904395,139.0,1.055683104066502,0.9472539592118031,0.26734973177858623,25.395791427368913,0.8782133864503874,12.468042890260396,14.197054021978005,13.0,14.0,14.560219778561036,14.560219778561036,138.5,12.468042890260396,1.055683104066502,0.9472539592118031,44.04163056034259,0.31799011234904395,139.0
"ytma10_010704_benign1_ccd.tif","e1dbfbb1-61b8-4c19-9448-4352b116545f","Detection","Unclassified",620.536376953125,59.413333892822266,138.0,,,52.7,113.0,840424.0,1.6537284716330698,37.75,2.7197172513253913,138.0,74.0,20.855072463768117,62.5,48.0,90.0,15.946432919405893,78.03863777326745,0.9937559031710743,24.77960825976162,840424.0,0.42081495484141984,614.0289855072464,6.061475409836065,15.942566321340566,3.414172142299357,2.0599595202902443,0.7479508196721312,0.46725448528235186,0.48975409836065575,1.3238706202725228,0.5080917428110723,0.7955942622950817,0.7809426229508195,0.9736325901843973,0.9243388953942233,-0.14332754473477172,0.5815717668309517,0.2880236794171221,2.394467213114754,0.3249063591776404,2.6739154701989807,0.555327868852459,4.788934426229509,2.1185884133096637,0.7019775849905938,3.4229465574418985,20.608695652173914,0.14933837429111532,8.218441503885739,58.072463768115945,0.9392984667086748,7.594202898550725,37.91304347826087,166.40579710144928,9.578619162640901,0.21650161030595813,0.13567633877222385,2.242419525781327,0.0137358005635158,60.73061224489796,0.24788004997917534,1.2113952519783424,11.191836734693878,10.53061224489796,53.48571428571429,2.542156462585034,0.17231519274376417,3.4669275492454723,114.9673469387755,0.4692544773011245,0.4438405797101449,5.454327363598501,0.7066763740990484,9.641618194808894,0.09372211380694905,6.363636363636363,0.2892561983471074,1.117768595041322,16.045454545454547,329.72727272727275,1384.090909090909,82.00136363636364,0.11752525252525253,5.181818181818182,0.23553719008264462,0.46852916924345495,10.176402030509173,0.024915506396161156,3.293455052528059,0.15942028985507245,290.38016528925624,1.5265328558864182,0.05963122470354143,3.9219186741142793,0.04068915847634239,0.521236942018884,0.8935893544918524,14.01244523122549,14.422205101855956,137.5,12.521371889023222,43.79898987322331,0.3185381081688968,138.0,1.0536777599995315,0.9490567590611808,0.26762804397396767,25.44869319993326,0.8935893544918524,12.521371889023222,14.01244523122549,13.0,13.0,14.422205101855956,14.422205101855956,137.5,12.521371889023222,1.0536777599995315,0.9490567590611808,43.79898987322331,0.3185381081688968,138.0
"ytma10_010704_benign1_ccd.tif","d20d7701-db07-4da6-b6fc-0cedd52728a9","Detection","Unclassified",211.4412078857422,89.31211853027344,138.0,,,132.0,158.0,2869622.0,0.8526495536948172,10.0,2.83712927077394,167.0,143.8840579710145,7.595253098088637,142.0,123.0,44.0,5.359187442289934,144.20250455120598,0.46819746773854576,9.578109449902966,2869622.0,0.6251837849191347,91.74018063432048,4.8483606557377055,0.9113007613318741,0.46176467895440576,0.49455371539908627,0.17008196721311475,0.48819489635390667,0.17008196721311475,0.6578922506787684,0.14115409164203171,0.9149590163934427,0.9149590163934427,0.9829918032786885,0.9574795081967213,-0.2008801811111168,0.5160759990872577,0.17008196721311475,2.1834016393442623,0.5365724099704381,1.3868739700022603,0.7151639344262295,4.366803278688525,1.2167920027891452,0.16615892065305027,3.111799391256557,28.202898550724637,0.20436883007771475,4.982986767485822,86.27536231884058,0.19260659525309812,5.173913043478261,52.17391304347826,237.1159420289855,12.258856682769725,0.22222222222222224,0.061597461851085035,0.4228030300955595,0.015329917151300191,69.93877551020408,0.4757739830626128,0.30431764542551726,6.503401360544218,24.517006802721088,110.29931972789116,5.8076341647770215,0.19860166288737716,3.594686813307661,27.408163265306122,0.1864500902401777,0.266304347826087,10.416215465778148,0.4251949604367297,3.386328258644542,0.07761854032007612,4.75,0.59375,0.484375,7.375,1417.25,5994.25,345.3611111111111,0.23958333333333334,2.5,0.3125,0.5191587103043616,3.67237060797594,0.16879701738835445,2.4056390622295662,0.057971014492753624,1119.6875,1.9346129514607775,0.08614987640851926,0.7147138078052898,0.011983081135638018,0.21268899659986984,0.8513238657805787,14.427871834648627,14.866068747318506,137.5,12.2827916252598,43.798989873223306,0.31853810816889677,138.0,1.0536777599995313,0.9490567590611809,0.2676280439739678,25.448693199933274,0.8513238657805787,12.2827916252598,14.427871834648627,14.0,12.0,14.866068747318506,14.866068747318506,137.5,12.2827916252598,1.0536777599995313,0.9490567590611809,43.798989873223306,0.31853810816889677,138.0
"ytma10_010704_benign1_ccd.tif","ef985d8d-c7fb-434c-b6b9-790f255c8767","Detection","Unclassified",474.57879638671875,578.1309204101562,138.0,,,115.0,149.0,2486362.0,1.2348774151566702,18.75,2.259595123264827,160.0,133.59420289855072,10.879017013232511,135.5,105.0,55.0,8.29910714285715,134.22785084336627,-0.3115407318015891,13.027083093687805,2486362.0,0.49285864314219696,169.70489392984666,3.5420168067226894,3.0963389708143207,-0.11584515170378495,1.025439587599746,0.18907563025210083,0.6886401628025292,0.18907563025210083,0.699533740082839,0.1533260362968717,0.9054621848739497,0.9054621848739497,0.98109243697479,0.9527310924369747,-0.35676342450727755,0.755225031739605,0.18907563025210083,1.8256302521008403,0.37570616481886876,1.945599305104672,0.5714285714285714,3.6512605042016806,1.7565236748525712,0.30362880446296164,3.7367758260732904,22.869565217391305,0.1657214870825457,3.762864944339425,68.01449275362319,0.3272946859903382,3.6884057971014492,47.2463768115942,168.02173913043478,19.331119162640903,0.43256843800322065,0.04320190146643735,0.18092098728917225,0.017615256633383355,64.21686746987952,0.3868485992161417,0.4764116707795035,3.963855421686747,17.36144578313253,62.626506024096386,6.794846050870148,0.45983935742971893,4.07250755466103,28.349397590361445,0.17077950355639426,0.3007246376811594,6.303817680359993,0.33340668982807464,1.5411842682596528,0.1510610606522789,2.3333333333333335,0.3888888888888889,0.47222222222222215,5.166666666666667,1470.3333333333333,5337.5,526.6898148148148,0.3287037037037037,1.3333333333333333,0.2222222222222222,0.2515285459948081,1.2209487671850279,0.05700024306946012,2.584962500721156,0.043478260869565216,941.3333333333334,2.6705650570087185,0.09097615721483622,0.5638015212158016,0.02117683957597622,0.22885939368878291,0.37342792596560564,21.72926268891334,21.633307652783937,137.5,8.114313498682728,52.28427124746187,0.3802492454360863,138.0,1.257809231918234,0.7950331215767438,0.2051970784977095,14.96044777975169,0.37342792596560564,8.114313498682728,21.72926268891334,14.0,18.0,21.633307652783937,21.633307652783937,137.5,8.114313498682728,1.257809231918234,0.7950331215767438,52.28427124746187,0.3802492454360863,138.0
"ytma10_010704_benign1_ccd.tif","9bca89a9-8d7d-42de-9fb7-487ca7b1d70d","Detection","Unclassified",559.8684692382812,648.9345703125,138.0,,,109.0,134.3,2049719.0,0.9530118733731826,11.0,2.852499479761597,143.0,121.54347826086956,6.976685570258354,120.0,98.0,45.0,4.675594513432351,121.87303324314226,0.1390362231578651,8.9565129449795,2049719.0,0.5611216131064902,80.21912413358532,5.300207039337474,1.0140301885386243,0.44116272065073014,0.6695729331430114,0.19668737060041408,0.5458931460890993,0.19668737060041408,0.7152531561441675,0.15800144884670944,0.901656314699793,0.901656314699793,0.9803312629399585,0.9508281573498966,-0.2353964449519399,0.5946646701424728,0.19668737060041408,2.2763975155279503,0.4247457016833199,1.6356079387148035,0.6086956521739131,4.552795031055901,1.4389205681143893,0.2165650759358564,3.533475450647957,22.594202898550726,0.16372610796051248,4.2638101239235455,77.43478260869566,0.2262129804662886,5.536231884057971,48.130434782608695,245.43478260869566,10.567632850241546,0.21215780998389694,0.05406834123880363,0.3517721102128452,0.014584149149162853,78.1951219512195,0.4767995240928019,0.2964009518143962,6.304878048780488,17.74390243902439,88.52439024390245,3.9647696476964773,0.20223577235772353,3.752334892564813,28.0609756097561,0.17110350981558597,0.2971014492753623,6.4149315883402735,0.38060897190387866,2.819928594047681,0.07537094151003552,3.0,0.5,0.5833333333333334,6.833333333333333,1727.3333333333333,8181.333333333333,396.6111111111111,0.28240740740740744,2.0,0.3333333333333333,0.5417951059295907,3.542728308881633,0.2083502241167513,2.2516291673878226,0.043478260869565216,1198.3333333333333,2.385080850522027,0.07735250508142967,0.7814182019872777,0.015268855795799322,0.21160297029519576,0.5646756940161745,17.76529783637912,18.439088914585774,137.5,10.031631885161422,47.45584412271568,0.3451334118015686,138.0,1.1416511585962312,0.8759243070620585,0.23729752445225,20.007308157372503,0.5646756940161745,10.031631885161422,17.76529783637912,15.0,14.0,18.439088914585774,18.439088914585774,137.5,10.031631885161422,1.1416511585962312,0.8759243070620585,47.45584412271568,0.3451334118015686,138.0
"ytma10_010704_benign1_ccd.tif","0cab4e3e-e933-47f9-a827-5d7ea24f5e4d","Detection","Unclassified",826.0765991210938,656.763427734375,137.0,,,56.0,119.4,1013203.0,1.7388647250701417,35.0,2.2587410968354216,139.0,82.72262773722628,20.071820555170746,78.0,53.0,86.0,15.768016581632653,85.9979205316409,0.5971254145044937,23.507641226092954,1013203.0,0.33379508764452026,552.609196014705,3.3326446280991733,14.860623731575185,3.0309532101914662,2.3293661635134213,0.5082644628099173,0.6417684119314251,0.43388429752066116,1.1470459036039222,0.32000887917491977,0.7954545454545455,0.7904958677685952,0.9714146815751095,0.9157024793388431,-0.2567235005526261,0.7464602619317091,0.36880165289256206,1.696280991735537,0.22513404139061535,2.7659119191687878,0.4194214876033058,3.392561983471074,2.2610493430740695,0.7094076565808347,3.5692146351952894,19.175182481751825,0.139964835633225,6.544088656827747,45.72992700729927,0.8691992114657149,4.306569343065694,34.24087591240876,63.45985401459854,28.625861719383618,0.5527676399026764,0.10591181106127232,1.012320975700364,0.02125385170288716,74.6796875,0.291717529296875,0.8482513427734375,6.58203125,8.46875,19.9140625,6.659125434027779,0.3142632378472222,3.31594622331865,102.328125,0.39971923828125,0.46715328467153283,3.886474609375,0.6559258516744861,5.40027850810164,0.11341573420157107,6.375,0.3984375,0.65234375,10.8125,356.9375,745.75,268.4822048611111,0.15711805555555555,3.375,0.2109375,0.3962148843885455,5.206251732461108,0.03265002036423214,2.9834585933443494,0.11678832116788321,283.62109375,5.026994434137291,0.08848332748980457,1.6524115722711268,0.04743661492376451,0.45233276210632256,0.7697910876839789,15.087217223371963,15.524174696260024,136.5,11.614005356503963,44.0416305603426,0.322649308134378,137.0,1.06338892242293,0.9403897096478131,0.263489085832325,24.667634653004427,0.7697910876839789,11.614005356503963,15.087217223371963,12.0,15.0,15.524174696260024,15.524174696260024,136.5,11.614005356503963,1.06338892242293,0.9403897096478131,44.0416305603426,0.322649308134378,137.0
"ytma10_010704_benign1_ccd.tif","67409fac-eca9-4d5d-8ac1-79af590b23f4","Detection","Unclassified",890.7819213867188,695.0408935546875,135.0,,,45.0,128.20000000000002,933618.0,2.2150509158330096,47.5,2.344202686277647,151.0,77.37777777777778,25.893991769547316,67.0,42.0,109.0,19.7249389782005,83.16062102274662,0.7468289152999126,30.469138403665582,933618.0,0.24466392318244168,928.3683950617288,6.812631578947368,59.66262610560935,6.955833216503859,4.779851523545705,0.7515789473684209,0.7282515069762003,0.5621052631578948,1.3368427640663387,0.4356166204986149,0.7505263157894737,0.7378947368421054,0.9804551920341394,0.9230827067669172,-0.29605163633251835,0.8438311612991268,0.39631578947368423,2.409473684210526,0.1262980609418283,3.582766886132434,0.27578947368421053,4.818947368421053,2.918363304559524,1.3828576177285314,4.127245135321911,21.20740740740741,0.15709190672153636,4.85508916323731,33.02962962962963,1.6458710562414265,8.444444444444445,27.4,115.54074074074074,13.335473251028805,0.32080246913580257,0.09689661543629798,1.4545635025615185,0.014047251908307905,60.958188153310104,0.21239786813000036,1.6739792883244913,11.35540069686411,5.672473867595818,34.167247386759584,2.2906620209059234,0.21532617111885402,3.709858125927671,122.97909407665506,0.4284985856329444,0.5314814814814814,2.1323070572666896,0.6798452647609567,9.550166966902907,0.08374424006213664,3.4285714285714284,0.24489795918367346,1.836734693877551,16.714285714285715,275.64285714285717,1276.2857142857142,99.50757936507937,0.14623015873015874,2.142857142857143,0.15306122448979592,0.2269618702104074,4.958872899791802,0.014933480211674042,3.4677201004744997,0.1037037037037037,182.65816326530611,1.1407738095238096,0.09245369162535873,5.199777508593258,0.04348640964531924,1.2019966031046736,0.6571349088341399,16.180272834758362,16.492422502470642,134.5,10.632622114180448,44.6274169979695,0.33180235686222675,135.0,1.0855146192984686,0.9212220473329655,0.2545333665084498,23.01927755022701,0.6571349088341399,10.632622114180448,16.180272834758362,11.0,16.0,16.492422502470642,16.492422502470642,134.5,10.632622114180448,1.0855146192984686,0.9212220473329655,44.6274169979695,0.33180235686222675,135.0
"ytma10_010704_benign1_ccd.tif","6cf467a8-795c-408a-bfd0-dc11cfb73d1e","Detection","Unclassified",746.3130493164062,248.08209228515625,134.0,,,100.3,143.0,2059265.0,1.5805723662531121,19.5,2.5573292250534196,155.0,123.00746268656717,12.260191579416363,124.5,88.0,67.0,8.495414446676564,123.96632306288407,-0.19646811945891732,15.388741896078772,2059265.0,0.37970594787257744,236.81337714413007,6.156779661016948,6.890526519140596,-0.7752776574041165,1.680192473427176,0.30508474576271183,0.6926527511485728,0.2966101694915254,0.9037189389881558,0.21710715311692041,0.8531073446327684,0.8525423728813559,0.9822033898305084,0.9409604519774011,-0.31061914914784017,0.7819172497710974,0.28919491525423735,2.4110169491525424,0.2295048118356794,2.5703297061673784,0.3432203389830508,4.822033898305085,2.244942358095226,0.496319304797472,4.191956676264438,19.223880597014926,0.14346179550011137,4.01470260637113,50.88059701492537,0.5321897972822454,6.597014925373134,39.83582089552239,249.91044776119404,9.515806384742953,0.24518034825870644,0.06782389897639542,0.7429419935470042,0.011228495726572061,65.56435643564356,0.3245760219586315,0.7034604450544064,7.178217821782178,10.336633663366337,67.51485148514851,2.3240511551155114,0.24649339933993397,4.012278571041613,44.28712871287129,0.21924321144985787,0.376865671641791,3.295755318106068,0.43668937904277966,3.800242515322961,0.09205592060016975,3.4444444444444446,0.38271604938271603,1.2098765432098764,10.88888888888889,653.5555555555555,4583.555555555556,119.5625,0.21373456790123457,2.3333333333333335,0.25925925925925924,0.4587585733882029,7.314355281207132,0.02961591220850479,2.2810361125534233,0.06716417910447761,431.8765432098766,1.4438718917601163,0.07918602172550394,1.5907436518146008,0.02593337808213835,0.36419543123035697,0.8303883695705397,14.347887606573009,14.7648230602334,133.5,11.914318996403512,44.04163056034259,0.3298998543845887,134.0,1.0752707316795485,0.9299983441733067,0.2576981169129333,23.59525831257676,0.8303883695705397,11.914318996403512,14.347887606573009,13.0,14.0,14.7648230602334,14.7648230602334,133.5,11.914318996403512,1.0752707316795485,0.9299983441733067,44.04163056034259,0.3298998543845887,134.0
"ytma10_010704_benign1_ccd.tif","80f52531-a9a1-47a0-9850-acc25b0cd160","Detection","Unclassified",421.8688659667969,386.45501708984375,133.0,,,55.0,104.0,763205.0,1.4418830212690898,29.0,3.20989374785385,128.0,72.98496240601504,16.869353835717092,63.0,52.0,76.0,12.480991735537192,75.75211850929726,1.103256510510138,20.287403018602156,763205.0,0.4430436994742495,411.5787212391879,2.279317697228145,9.853512122537825,2.6618171670653483,1.4889639527007061,0.44989339019189756,0.535919038250956,0.35607675906183367,1.0845239617637636,0.32310273184791855,0.8365316275764039,0.8313432835820895,0.9754621848739495,0.9317900294446138,-0.1847075947572525,0.6046572431346278,0.2840559109215826,1.4211087420042645,0.36331213260532547,2.2363049120959384,0.5778251599147122,2.8422174840085286,1.793134372873456,0.4847143357231509,3.2309631380141295,23.330827067669173,0.17541975238849003,7.77206173328057,58.92481203007519,0.6368929843405506,3.082706766917293,41.902255639097746,56.49624060150376,38.78947368421053,0.6808688387635756,0.1150505716767353,1.0199148156199267,0.025402783224122285,67.53333333333333,0.3215873015873016,0.751496598639456,5.404761904761905,13.076190476190476,21.447619047619046,11.57857142857143,0.37764550264550273,3.15587764168954,90.55238095238096,0.4312018140589569,0.39473684210526316,6.658412698412699,0.6739798932800632,4.681802644602815,0.13351744472039256,5.666666666666667,0.37777777777777777,0.6666666666666666,9.666666666666666,475.4,634.8,438.5222222222222,0.17592592592592593,5.0,0.3333333333333333,0.5821586030762166,7.102677236378941,0.05182318343366323,2.5735572622751848,0.11278195488721804,396.7822222222221,3.607310606060606,0.08379448300484077,1.7321653117921243,0.03138668521943265,0.5621002922029296,0.9470218925070281,13.384495200989068,13.92838827718412,132.5,12.675409975491903,43.213203435596405,0.3261373844195955,133.0,1.0590186076611925,0.9442704715155731,0.26315780099456304,24.60564441168685,0.9470218925070281,12.675409975491903,13.384495200989068,13.0,13.0,13.92838827718412,13.92838827718412,132.5,12.675409975491903,1.0590186076611925,0.9442704715155731,43.213203435596405,0.3261373844195955,133.0
"ytma10_010704_benign1_ccd.tif","557349bc-6496-4d47-af3b-122665163721","Detection","Unclassified",626.1478271484375,655.1622924804688,133.0,,,129.2,171.0,2940895.0,1.2913481037894508,24.0,3.404586240053948,199.0,147.69172932330827,13.713607326587136,145.0,123.0,76.0,9.630473478106088,148.70101708193863,0.9406977279907224,17.295825238873437,2940895.0,0.4779806659505907,299.1455706936514,5.925053533190578,5.846214911848592,1.748105450495661,1.2883455836837252,0.2269807280513919,0.7004200002420748,0.2269807280513919,0.7727107891958123,0.175460477144652,0.886509635974304,0.886509635974304,0.9866481924675652,0.9546038543897215,-0.3295737602313287,0.7405525753353034,0.2269807280513919,2.3790149892933616,0.38019340727867984,2.014702963307345,0.5845824411134903,4.758029978586724,1.7877222352559532,0.3788315779337793,3.649491696365062,21.360902255639097,0.16060828763638418,4.906552094522019,63.57142857142857,0.42727118548250315,6.398496240601504,46.233082706766915,239.1203007518797,10.260912698412698,0.2004490392648287,0.07071068165500677,0.6533430207226304,0.015341692110567427,61.865497076023395,0.36178653260832394,0.5588044184535412,8.274853801169591,16.853801169590643,87.94152046783626,3.740740740740742,0.17158057179987005,3.762765206228641,37.44444444444444,0.2189733593242365,0.32142857142857145,7.174788823911631,0.4528140751035108,4.575177677931912,0.07005027171790355,2.5,0.3125,1.0,10.0,1033.875,5070.875,234.08246527777777,0.22135416666666669,3.5,0.4375,0.6266578053624583,6.4006319930547715,0.1685144813474733,2.5,0.06015037593984962,757.484375,1.2386304256215759,0.09502359429382126,1.3977991414997186,0.01597550083163937,0.45056982719336747,0.8368572202373487,14.284914440119595,14.866068747318506,132.5,11.954433789686846,44.6274169979695,0.3368106943242981,133.0,1.0936764982753893,0.9143471598565873,0.25074848373508996,22.339779245238347,0.8368572202373487,11.954433789686846,14.284914440119595,13.0,14.0,14.866068747318506,14.866068747318506,132.5,11.954433789686846,1.0936764982753893,0.9143471598565873,44.6274169979695,0.3368106943242981,133.0
"ytma10_010704_benign1_ccd.tif","c4b1ed40-12d6-4405-9867-ebfcc6c7d734","Detection","Unclassified",286.5687561035156,615.8792724609375,132.0,,,120.2,160.0,2651373.0,1.4172873619189887,18.0,2.677444450803556,175.0,140.96212121212122,11.509871441689624,141.0,107.0,68.0,7.9025850340136,141.72564725874105,-0.16804609340951496,14.691476246052948,2651373.0,0.4313590449954087,215.839474288338,4.603036876355747,5.0327931720963806,-0.005175857011899515,1.3625194686642734,0.26030368763557477,0.6791964834553068,0.25162689804772237,0.8384612829128344,0.19698759181445602,0.875632682574114,0.8750542299349238,0.9848411381906341,0.9499638467100506,-0.3175391832431943,0.7659697683604083,0.2440347071583514,2.0802603036876355,0.2868751793940364,2.3408619434648563,0.48590021691973967,4.160520607375271,2.0569663725812886,0.405705789074962,4.025378360285838,19.818181818181817,0.15013774104683195,4.009412304866851,56.93939393939394,0.4207988980716253,4.984848484848484,43.166666666666664,192.34848484848484,14.402619949494948,0.31970749158249157,0.046202971227772824,0.34236313078822994,0.011212213368091344,68.07182320441989,0.3760874210188944,0.5228167638350478,5.7292817679558015,13.193370165745856,59.812154696132595,4.093155310006139,0.29726826273787604,3.999428036899504,36.6353591160221,0.2024052989835475,0.3428030303030303,4.683739812582034,0.41643137252643425,2.8418079746649387,0.09545054882448527,1.4,0.28,1.0400000000000003,7.8,1397.6,6073.2,384.15138888888885,0.30694444444444446,1.0,0.2,0.20258786390596928,3.21868997968341,0.013284684721837714,2.321928094887362,0.03787878787878788,700.64,1.4638548329779675,0.08411648859177709,1.5007289367011591,0.01692733902370171,0.45274507272863146,0.7116528255130417,15.57655989493723,16.492422502470642,131.5,11.085102861005206,46.04163056034259,0.3501264681394874,132.0,1.1326165082214317,0.8829113762171084,0.23747876016338068,20.037880945028302,0.7116528255130417,11.085102861005206,15.57655989493723,16.0,12.0,16.492422502470642,16.492422502470642,131.5,11.085102861005206,1.1326165082214317,0.8829113762171084,46.04163056034259,0.3501264681394874,132.0
"ytma10_010704_benign1_ccd.tif","c9c25ba6-7cb9-420d-b0ff-8c6d4c0e72e4","Detection","Unclassified",41.45402145385742,220.72158813476562,131.0,,,49.0,104.0,753870.0,1.8938166216047185,33.5,4.150267830292964,164.0,72.47328244274809,18.49530913116951,66.0,45.0,119.0,14.053223140495863,75.85995534158639,1.0782707350781482,22.413303112239888,753870.0,0.3236990851348989,502.35615640114224,5.682608695652175,17.28030807934237,1.987666495438476,2.330486767485823,0.5804347826086956,0.6012020436690578,0.4717391304347825,1.2045667509732303,0.35789697542533083,0.7806159420289853,0.7749999999999999,0.9848766157461809,0.9344720496894409,-0.22520072938982896,0.7372085507143239,0.39202898550724624,2.290217391304348,0.18357986767485818,3.089791736312389,0.3739130434782609,4.5804347826086955,2.532981984127137,0.7277303875236295,4.134150147286708,17.977099236641223,0.13722976516520016,5.1124060369442335,42.404580152671755,0.9040265718780959,6.908396946564886,30.572519083969464,137.18320610687022,10.2311556403732,0.2781234096692112,0.10911309427644396,1.598716218392927,0.014860906159184058,69.37837837837837,0.26787018678910574,1.1186476051340914,9.019305019305019,6.77992277992278,36.76447876447877,2.025795795795796,0.2280426855426856,3.6844235921049364,99.24710424710425,0.38319345269152216,0.49427480916030536,2.6867220226293593,0.6418521613206988,7.205969989060976,0.10562142499642499,3.6153846153846154,0.2781065088757396,1.5621301775147929,15.76923076923077,381.0,1828.2307692307693,100.67549145299145,0.1503846153846154,3.4615384615384617,0.26627218934911245,0.4885510105995434,10.725993654749129,0.024750968546120015,3.0269868333592873,0.09923664122137404,279.4556213017751,0.8898194206953731,0.08009841244422446,5.567839959635129,0.02313959687209707,1.1744114635533176,0.7790852563848967,14.651286616229802,15.132745950421556,130.5,11.414601389774,43.79898987322331,0.3356244434729756,131.0,1.081568192438209,0.9245834030544782,0.25400334355347476,22.923509811208646,0.7790852563848967,11.414601389774,14.651286616229802,15.0,11.0,15.132745950421556,15.132745950421556,130.5,11.414601389774,1.081568192438209,0.9245834030544782,43.79898987322331,0.3356244434729756,131.0
"ytma10_010704_benign1_ccd.tif","cc4503d9-cb12-4f7f-b059-1e6b85b04863","Detection","Unclassified",9.23605728149414,636.5,129.0,,,41.0,111.4,696490.0,2.03178214201451,38.0,3.102042768344165,152.0,67.70542635658914,23.549786671474084,54.0,37.0,115.0,17.043584592540835,73.47889007614164,1.0899948534525161,28.5503507630675,696490.0,0.2833363379604591,815.122528694189,4.519823788546259,44.953432595932384,6.725581027338182,3.731243571581053,1.0066079295154182,0.5750783116429624,0.6013215859030836,1.4877605066927593,0.6450202798424188,0.7596182085168869,0.7395568800207306,0.9750217516737342,0.9209775540172018,-0.21890473124091922,0.7445625381795066,0.3131577337249142,1.959251101321586,0.1707388072735741,3.2882174346105786,0.32819383259911894,3.9185022026431717,2.613135027443948,1.1844628752741173,4.1182825899110505,17.031007751937985,0.132023315906496,6.898263325521304,36.55038759689923,1.515774292410312,6.294573643410852,32.2093023255814,80.40310077519379,23.314565030146426,0.47140396210163643,0.1505850012988256,2.1445506002429684,0.021964163339036443,59.609375,0.23284912109375,1.6085052490234375,9.62890625,7.03125,25.1953125,4.6762890624999995,0.2720659722222223,3.590226917853499,112.7421875,0.440399169921875,0.49612403100775193,2.968505859375,0.6857675537662982,8.431685694134426,0.09751224978200192,6.0,0.2727272727272727,1.1983471074380168,15.090909090909092,192.86363636363637,519.1818181818181,122.73621212121212,0.12343434343434344,6.2727272727272725,0.28512396694214875,0.531218297990247,9.314558935773034,0.038204494464864694,3.481714572986072,0.17054263565891473,158.48140495867773,1.566517349260523,0.07026303247622723,7.015853050561415,0.05136324375162379,1.1271625778916499,0.996620327948288,12.834063202843215,13.341664064126334,128.5,12.79068827812666,42.6274169979695,0.3317308715795292,129.0,1.0607975831386414,0.9426869139739589,0.2604921649442265,24.109687235070286,0.996620327948288,12.79068827812666,12.834063202843215,13.0,13.0,13.341664064126334,13.341664064126334,128.5,12.79068827812666,1.0607975831386414,0.9426869139739589,42.6274169979695,0.3317308715795292,129.0
"ytma10_010704_benign1_ccd.tif","95731d74-c1e2-4391-9a80-bb792446599f","Detection","Unclassified",526.03466796875,757.7947387695312,129.0,,,109.0,142.0,1965544.0,1.0125261110387234,19.0,2.2930259300292875,153.0,122.82170542635659,10.322576768223074,121.0,103.0,50.0,8.052331790672834,123.43733306337451,0.5598787974895706,12.312752330804758,1965544.0,0.5231055825971996,151.60386995973798,1.8656387665198237,1.0935423178160417,0.499643543608266,0.7021094917425141,0.20264317180616742,0.552047360631475,0.20264317180616742,0.7271830443804183,0.16157891672650354,0.8986784140969164,0.8986784140969164,0.9797356828193833,0.9493392070484581,-0.23633937559782053,0.59698846512857,0.20264317180616742,1.3193832599118942,0.40847872072037106,1.644231132682767,0.5881057268722467,2.6387665198237884,1.4415879608765998,0.22618816588717033,3.2925252735658592,23.899224806201552,0.18526530857520582,4.826512829757827,67.48062015503876,0.25286941890511383,2.1782945736434107,48.55038759689923,79.68217054263566,40.77605512489234,0.7140396210163652,0.046149570508651344,0.18483827057954963,0.020090659918144693,79.44155844155844,0.5158542755945353,0.26889020070838254,3.0974025974025974,18.7012987012987,30.246753246753247,15.843795093795093,0.5045093795093795,3.4106330688719124,30.116883116883116,0.19556417608365662,0.29844961240310075,7.474447630291786,0.42784168103725584,1.7520717643043289,0.12564418908051633,2.2,0.44,0.4,4.4,1669.0,2837.0,1377.2222222222222,0.37222222222222223,1.4,0.28,0.30013455578512394,2.2004444731404957,0.04727929866850321,1.9219280948873623,0.03875968992248062,1003.36,4.4902457757296474,0.07722833244958349,0.7928943742297379,0.018311019202094533,0.2771729465926379,0.859880193944623,13.841776989566112,14.7648230602334,128.5,11.902269882326328,42.38477631085022,0.3298426172050601,129.0,1.0547593881788229,0.9480835261647949,0.2627322276387385,24.526125283065873,0.859880193944623,11.902269882326328,13.841776989566112,12.0,13.0,14.7648230602334,14.7648230602334,128.5,11.902269882326328,1.0547593881788229,0.9480835261647949,42.38477631085022,0.3298426172050601,129.0
"ytma10_010704_benign1_ccd.tif","15f4c885-cf63-40fb-b8c1-99be578a8ed9","Detection","Unclassified",429.8826904296875,43.968955993652344,128.0,,,74.0,142.0,1362313.0,1.9837131108963053,35.0,2.610235054592266,168.0,99.9765625,21.379150390625,89.5,67.0,101.0,16.42455621301776,103.16525729381961,0.8664423560272776,25.451075874775782,1362313.0,0.3045654296875,647.7572631835938,6.2538975501113585,27.35665151227564,3.64181703194215,2.8934777109240533,0.7216035634743876,0.6007815544371324,0.5345211581291759,1.326467512031787,0.435890694986632,0.7616926503340758,0.7514476614699332,0.9740349821259842,0.915208399618199,-0.20426419109628485,0.7261984943768505,0.39185845087849536,2.3897550111358576,0.18170544788964332,3.2942112376151917,0.38530066815144765,4.779510022271714,2.593060897899019,0.9037703185996101,4.164388682218737,16.953125,0.1324462890625,6.870849609375,38.984375,1.10443115234375,7.7109375,30.484375,133.6640625,10.150193142361113,0.26253689236111105,0.14250570215065195,1.919487688521589,0.023402711344954648,64.04150943396226,0.24166607333570667,1.2489284442862227,10.316981132075473,6.784905660377358,37.14716981132076,1.9299371069182387,0.20485534591194968,3.483551232740767,128.7509433962264,0.48585261658953366,0.517578125,3.0519900320398716,0.7207796816839944,8.747191053780002,0.10325244138535918,5.9,0.295,1.3399999999999999,14.3,205.4,912.35,55.19729166666666,0.17084722222222223,4.3,0.215,0.44943984891787087,7.389050109688844,0.07307400975813294,3.341446071165522,0.15625,164.44,1.3513915701415702,0.09142585042111842,3.157458144108245,0.043654408057530715,0.6500888256194264,0.6655920012673339,15.651956368506074,15.811388300841896,127.5,10.417816963062949,43.213203435596405,0.3389270857693836,128.0,1.0795839957944449,0.9262827199139049,0.2532273179381644,22.783652942256136,0.6655920012673339,10.417816963062949,15.651956368506074,14.0,12.0,15.811388300841896,15.811388300841896,127.5,10.417816963062949,1.0795839957944449,0.9262827199139049,43.213203435596405,0.3389270857693836,128.0
"ytma10_010704_benign1_ccd.tif","c2d632e7-2922-44c5-a6ee-26db549a2504","Detection","Unclassified",45.351959228515625,678.2578735351562,128.0,,,102.0,120.0,1580485.0,0.5249218128910731,11.0,3.5659898495416433,138.0,110.8671875,5.965087890625,111.0,94.0,44.0,4.387504449982201,111.11948102155625,0.27750135281689764,7.483702181396835,1580485.0,0.8267822265625,56.00579833984375,3.779510022271715,0.6207520676390844,-0.25512189179515465,0.25667531411054517,0.1046770601336303,0.42063720847231956,0.1046770601336303,0.4836485704142468,0.09371977321541064,0.9476614699331848,0.9476614699331848,0.9895322939866368,0.9738307349665922,-0.1792883545173463,0.4088976506666516,0.1046770601336303,1.934298440979955,0.7327468613746954,0.9289914103310053,0.8530066815144766,3.868596881959911,0.8243143501973749,0.09033809356104383,2.628678395297985,34.484375,0.2694091796875,3.9833984375,105.828125,0.091552734375,3.90625,57.0,222.84375,15.6171875,0.2994791666666667,0.03503575808216805,0.18872376149533887,0.00963459056220868,63.69090909090909,0.57900826446281,0.25958677685950415,4.009090909090909,34.63636363636363,136.72727272727272,9.255050505050505,0.3588383838383839,3.8667647713318205,15.218181818181819,0.13834710743801654,0.21484375,12.971570247933883,0.33806640897450846,1.6040156358980338,0.12511445577898062,1.5,0.375,0.6875,5.75,3385.5,13487.5,861.3888888888889,0.3680555555555556,1.0,0.25,0.31560499882561915,2.815660736043217,0.03781328674344182,2.0,0.03125,2361.5,0.9175395045910739,0.15639409216662256,0.32888620073029207,0.003264063881209918,0.3332608695652174,0.7604125528488963,14.719811222680743,15.231546211727817,127.5,11.193129229292497,43.21320343559641,0.33892708576938363,128.0,1.0795839957944449,0.9262827199139048,0.25322731793816433,22.783652942256126,0.7604125528488963,11.193129229292497,14.719811222680743,12.0,14.0,15.231546211727817,15.231546211727817,127.5,11.193129229292497,1.0795839957944449,0.9262827199139048,43.21320343559641,0.33892708576938363,128.0
"ytma10_010704_benign1_ccd.tif","7a66c929-c2da-4e97-b66b-bcd229a43258","Detection","Unclassified",277.24737548828125,190.5312957763672,127.0,,,112.6,154.8,2257169.0,1.5215388448710572,21.0,3.2131191175441103,181.0,132.25984251968504,13.259346518693027,129.0,101.0,80.0,8.84932849720616,133.31535639966052,0.7601662804020498,16.74270911879608,2257169.0,0.38582677165354323,280.3183086366173,3.3146067415730336,7.786240958833457,1.3591617900928967,1.6060901401338215,0.35505617977528087,0.6379095469105666,0.350561797752809,0.9521362149069156,0.2321626057315995,0.8254681647940074,0.8251685393258427,0.9791936549900859,0.9300374531835205,-0.24531394157412786,0.716762540975308,0.346629213483146,1.7325842696629215,0.20958717333669993,2.5786960900191644,0.30337078651685395,3.4651685393258425,2.211224537641223,0.4902865799772756,4.1693379775105734,17.47244094488189,0.1375782751565503,4.387252774505549,49.0,0.5250170500341,3.748031496062992,35.37795275590551,104.55118110236221,21.035214348206473,0.5060148731408575,0.06129288030464447,0.28052193500614014,0.02874246993927346,79.5045871559633,0.36469994108240045,0.5955727632354179,4.486238532110092,8.688073394495413,27.55045871559633,4.855823139653415,0.4277204383282366,3.6948945882325126,66.03669724770643,0.30292062957663496,0.42913385826771655,3.257890749936874,0.5621732250919396,2.867201034508265,0.19920079674963764,1.6666666666666667,0.2777777777777778,1.2222222222222223,6.666666666666667,1007.8333333333334,3151.6666666666665,511.712962962963,0.4224537037037037,1.0,0.16666666666666666,0.22782574778008835,1.0079109894971878,0.1715128914114501,2.584962500721156,0.047244094488188976,559.8055555555555,2.6728719377924572,0.06866247834988644,2.1449131270390644,0.02727860896450423,0.4590165021205649,0.6915737497370107,15.291768791536319,15.811388300841896,126.5,10.57538588327417,43.213203435596405,0.3416063512695368,127.0,1.083842726317027,0.9226430880779812,0.2512412213268847,22.42766383976737,0.6915737497370107,10.57538588327417,15.291768791536319,13.0,13.0,15.811388300841896,15.811388300841896,126.5,10.57538588327417,1.083842726317027,0.9226430880779812,43.213203435596405,0.3416063512695368,127.0
"ytma10_010704_benign1_ccd.tif","c4ce2c4a-8f8a-4229-a596-c01507ce460a","Detection","Unclassified",407.1749572753906,605.5939331054688,126.0,,,89.5,126.0,1383613.0,1.401190263327814,17.0,3.1777449812006204,145.0,103.81746031746032,11.440665154950874,99.0,85.0,60.0,7.969806881678266,104.79053180300001,1.0370064243381176,14.247473066761971,1383613.0,0.40980095742000505,202.9904887881078,2.419134396355353,3.8030093775901967,1.0880340800708297,1.202546686661028,0.4441913439635536,0.4605197235955268,0.3986332574031891,1.0790353197459168,0.2852828700556764,0.8082763857251327,0.8052391799544417,0.9576835465218156,0.9026195899772208,-0.13109917407994162,0.5325633028545904,0.35876993166287025,1.4931662870159452,0.26465460432438603,2.3774795834027675,0.4510250569476082,2.9863325740318905,1.9034599503336134,0.4116845076561454,3.709816646016709,16.428571428571427,0.13038548752834467,5.862181909800956,51.63492063492063,0.4916225749559083,3.0873015873015874,34.476190476190474,58.73809523809524,29.04563492063492,0.6192680776014109,0.09565632786036224,0.6003445252292569,0.026313594606713935,84.88695652173914,0.36907372400756144,0.5123629489603025,4.408695652173913,8.8,17.808695652173913,7.030917874396136,0.4183574879227053,3.1378351557764312,87.1304347826087,0.37882797731568996,0.45634920634920634,3.998185255198488,0.6374570413914358,3.503885070574124,0.17581514413333768,6.2727272727272725,0.5702479338842975,0.4132231404958678,7.363636363636363,557.2727272727273,1100.4545454545455,426.7297979797979,0.21717171717171715,3.1818181818181817,0.2892561983471074,0.45714139064099546,4.000218183447372,0.053976008376550595,2.2998963911678914,0.0873015873015873,426.06611570247935,11.162996031746031,0.06718626414155328,0.9587217627427823,0.05705559300437289,0.17910447761194032,0.5433113918371586,17.18022693247158,17.46424919657298,125.5,9.334213006759372,44.87005768508878,0.35753034012022933,126.0,1.1298735262879311,0.8850548107675241,0.23557752117214983,19.718321416285736,0.5433113918371586,9.334213006759372,17.18022693247158,12.0,16.0,17.46424919657298,17.46424919657298,125.5,9.334213006759372,1.1298735262879311,0.8850548107675241,44.87005768508878,0.35753034012022933,126.0
"ytma10_010704_benign1_ccd.tif","195ba718-166e-400d-bf01-c273c9defbc8","Detection","Unclassified",172.73904418945312,663.838623046875,126.0,,,98.0,157.0,2073757.0,1.911405179625093,33.25,2.098415261279451,177.0,126.42063492063492,18.624464600655102,125.5,83.0,94.0,14.694504665849738,128.29025250925687,0.11119167127009816,21.822281162894758,2073757.0,0.2916351725875535,476.21195515243136,6.80045871559633,17.965122923799647,0.6671966419284776,2.8297491793620067,0.3990825688073394,0.7528006412637589,0.3853211009174312,1.006549053730202,0.25061021799511823,0.8096330275229356,0.8087155963302751,0.9847601781325286,0.9361074705111401,-0.3305022922166082,0.841268977659081,0.3732798165137614,2.4885321100917435,0.1527096835283226,3.1068333610541026,0.29357798165137616,4.977064220183487,2.676610305576269,0.8072079370423365,4.466993986095764,18.46031746031746,0.14651045603426555,4.06777525825145,36.74603174603175,0.8758503401360542,7.611111111111111,32.17460317460318,192.484126984127,9.38672619047619,0.2533487654320987,0.08343445432258734,0.9593259867144976,0.01300313867381821,64.38197424892704,0.27631748604689715,0.9605260734218719,9.008583690987125,7.141630901287554,46.987124463519315,1.8942250834525516,0.2190343347639485,3.8914480949124353,72.71673819742489,0.31208900513916266,0.4623015873015873,2.4626719961686536,0.5678200271524918,6.029601933763491,0.09372201200262334,2.3333333333333335,0.25925925925925924,1.2839506172839508,11.666666666666666,465.77777777777777,2930.1111111111113,105.33546296296295,0.2012037037037037,2.3333333333333335,0.25925925925925924,0.4470192259793524,6.587131327779907,0.03678541605706867,2.94770277922009,0.07142857142857142,269.77777777777777,1.1624418116605617,0.0868529826170944,3.205004829891277,0.03023934536021513,0.6987393501541604,0.8087854441448574,14.79974277246607,16.278820596099706,125.5,11.969816531458616,46.6274169979695,0.3715332031710717,126.0,1.1741256147905792,0.8516976270706463,0.22238564647240408,17.571779792219253,0.8087854441448574,11.969816531458616,14.79974277246607,14.0,14.0,16.278820596099706,16.278820596099706,125.5,11.969816531458616,1.1741256147905792,0.8516976270706463,46.6274169979695,0.3715332031710717,126.0
"ytma10_010704_benign1_ccd.tif","75661701-1fc8-4fb7-b74a-806c6f87c185","Detection","Unclassified",262.1235046386719,230.70046997070312,125.0,,,95.8,149.60000000000002,1794772.0,1.7528710868229966,25.0,2.9519213196234935,179.0,118.144,16.019712000000002,114.0,82.0,97.0,10.878889909192955,119.82560661227632,0.6742812817352088,20.004281141795623,1794772.0,0.358976,400.171264,5.073226544622425,12.462786654226068,1.4861218983952655,1.9195052600160234,0.5102974828375286,0.5799679753112496,0.4233409610983981,1.1534963006719796,0.3310799134938131,0.8022501906941267,0.797025171624714,0.9811422581160005,0.9314727034978754,-0.2065850552617924,0.6988088398395057,0.3526570048309179,2.1727688787185353,0.2218606161209411,2.908575653528175,0.4302059496567506,4.345537757437071,2.3474762275531402,0.607450685713388,4.264824285454493,14.584,0.116672,6.3456,44.872,0.736384,6.008,34.648,145.928,11.75054222222222,0.307208888888889,0.14114051650289744,1.598238868732678,0.026485777273872513,62.23478260869565,0.270586011342155,0.9906238185255201,7.886956521739131,8.130434782608695,38.4,2.5341497584541064,0.2662753623188406,3.668131225020387,87.05217391304348,0.37848771266540643,0.46,3.404536862003781,0.6376349165269972,6.226450294127313,0.1257550120088293,5.444444444444445,0.30246913580246915,1.1728395061728396,11.555555555555555,262.8333333333333,1107.9444444444443,75.09172839506172,0.1997530864197531,7.222222222222222,0.4012345679012346,0.6382660097037465,8.537541486863212,0.10164847400695134,2.93299930663729,0.144,214.60802469135803,1.2568843005952384,0.077697087913145,3.6289452428099342,0.027964357729523825,0.6808647238802226,0.8799206776586552,13.49755799565879,13.92838827718412,124.5,11.876780378277083,43.2132034355964,0.34709400349876623,125.0,1.092513606311111,0.915320408115113,0.24726902810432533,21.724094826187212,0.8799206776586552,11.876780378277083,13.49755799565879,13.0,13.0,13.92838827718412,13.92838827718412,124.5,11.876780378277083,1.092513606311111,0.915320408115113,43.2132034355964,0.34709400349876623,125.0
"ytma10_010704_benign1_ccd.tif","95326c0d-748c-4659-a08c-c486a26e2448","Detection","Unclassified",591.4444580078125,303.9959716796875,125.0,,,85.0,142.20000000000002,1597637.0,1.6940312829242292,30.0,2.395303176672267,161.0,111.24,16.20608,112.0,77.0,84.0,11.992549750024502,113.0535094545941,0.3495926203968207,20.168252279263072,1597637.0,0.343616,406.75840000000017,3.995423340961098,13.412049390419723,2.014137797270055,2.231692054731396,0.40274599542334094,0.6942452335140809,0.3798627002288329,1.0230108958444835,0.25845032439820076,0.8138825324180015,0.8123569794050344,0.9767128819491183,0.9247902364607169,-0.2807326160074967,0.7780587314130891,0.3598398169336384,1.8810068649885583,0.18296948719425668,2.8472105779687444,0.28604118993135014,3.762013729977117,2.418471322249501,0.6586095125386842,4.192997210342319,17.768,0.142144,4.642943999999999,42.952,0.6856959999999999,4.496,33.976,107.36,19.72888888888889,0.45655555555555566,0.07238110355253212,0.5628606122448979,0.018311150793650793,72.29464285714286,0.3227439413265306,0.7520527742346939,5.754464285714286,7.946428571428571,27.776785714285715,4.32843501984127,0.34523809523809534,3.7155984339986556,70.84821428571429,0.3162866709183674,0.448,2.9639668367346945,0.576051018580382,4.065260457440251,0.13057743146241632,2.142857142857143,0.30612244897959184,0.9795918367346939,9.142857142857142,740.1428571428571,2538.0,349.69642857142856,0.24404761904761904,1.2857142857142858,0.1836734693877551,0.3009847135176921,3.747928288079666,0.026305995688699683,2.8073549220576046,0.056,421.265306122449,3.0006032818532824,0.07036873215650005,2.0310030625744586,0.04064544668850374,0.4023650385604112,0.6123202028315915,16.179320431729742,16.76305461424021,124.5,9.90692476843407,43.45584412271568,0.34904292468044723,125.0,1.0986480335473972,0.910209611690766,0.24520093924691688,21.36222598339346,0.6123202028315915,9.90692476843407,16.179320431729742,11.0,16.0,16.76305461424021,16.76305461424021,124.5,9.90692476843407,1.0986480335473972,0.910209611690766,43.45584412271568,0.34904292468044723,125.0
"ytma10_010704_benign1_ccd.tif","04034bee-662a-4155-9e1c-fc9a10692b92","Detection","Unclassified",165.89541625976562,319.87921142578125,124.0,,,110.0,145.0,1982834.0,1.140137432725499,22.25,1.9167043733942586,156.0,125.7741935483871,11.223725286160251,125.0,107.0,49.0,9.47918367346937,126.45393143035747,0.3748418582417631,13.093853956968132,1982834.0,0.4767169614984392,171.44901144641003,2.4354838709677415,1.7286187308155405,0.3084212628836097,0.9516075941302639,0.195852534562212,0.6586329587148533,0.195852534562212,0.7135552059032966,0.15749431926776955,0.9020737327188939,0.9020737327188939,0.9804147465437789,0.951036866359447,-0.32503382611150045,0.7173168608262133,0.195852534562212,1.498847926267281,0.3354260018263288,1.8620221251504556,0.43317972350230416,2.9976958525345623,1.6661695905882437,0.28686503217311904,3.7659766257608522,21.56451612903226,0.17390738813735693,5.072060353798127,59.11290322580645,0.296761186264308,2.6693548387096775,49.016129032258064,116.15322580645162,32.47379032258065,0.6095430107526881,0.05933943581913053,0.21593988491453933,0.023176181370845827,69.25850340136054,0.47114628164190847,0.32939978712573464,3.2448979591836733,17.877551020408163,42.36734693877551,11.891156462585034,0.5068027210884354,3.7569748710159954,28.959183673469386,0.19700124947938358,0.2963709677419355,6.492665093248185,0.4118346175682845,1.6903066662517034,0.143237013560695,3.857142857142857,0.5510204081632653,0.2857142857142857,4.285714285714286,894.5714285714286,2041.857142857143,609.1785714285714,0.3373015873015873,1.8571428571428572,0.2653061224489796,0.4474545028095272,1.8690640429841403,0.10968880206922482,2.128085278891395,0.056451612903225805,580.7755102040817,3.402212389380531,0.08063467290935102,0.7539873418486741,0.021620792267807373,0.2600652359347414,0.6779362417934778,15.308157324866281,15.652475842498529,123.5,10.377954645603145,42.6274169979695,0.3451612712386194,124.0,1.0820581653582224,0.9241647371783785,0.25035628303978186,22.269949711947238,0.6779362417934778,10.377954645603145,15.308157324866281,14.0,12.0,15.652475842498529,15.652475842498529,123.5,10.377954645603145,1.0820581653582224,0.9241647371783785,42.6274169979695,0.3451612712386194,124.0
"ytma10_010704_benign1_ccd.tif","1b739e2d-6c63-430e-a7fb-8cc9ec1c066b","Detection","Unclassified",861.0161743164062,488.90283203125,124.0,,,42.3,108.0,688847.0,2.0424263486268353,39.25,2.4232413122145195,135.0,69.95967741935483,21.77380332986475,62.0,37.0,98.0,16.61320273441485,74.53333309288861,0.7297189805884169,25.707222279260282,688847.0,0.26873048907388136,660.8612773152962,4.988479262672811,27.786666755679974,3.43482534739344,3.1777113550935456,0.7903225806451615,0.6016553318624623,0.564516129032258,1.3764446889353925,0.4716441207075962,0.753648233486943,0.740322580645161,0.971632813303297,0.9111668861092821,-0.21937078981168023,0.7516249658696311,0.3832565284178187,2.0956221198156686,0.1380232113657117,3.37776738957802,0.24423963133640553,4.191244239631335,2.679329822621383,0.9920084839346768,4.335853698988144,16.35483870967742,0.13189386056191468,5.875390218522374,33.32258064516129,1.2060353798126953,6.451612903225806,28.822580645161292,94.40322580645162,16.833147401433695,0.39135528673835124,0.13137028833337394,1.60980244703915,0.019852401982298293,63.85823754789272,0.2446675768118495,1.229165749181603,8.796934865900383,6.061302681992337,26.766283524904214,3.0465283099191147,0.25914325244785014,3.541444514051967,113.04597701149426,0.4331263487030431,0.5262096774193549,2.4498465964974088,0.6820997319745267,7.373585644347139,0.10417373971193414,5.588235294117647,0.328719723183391,0.9550173010380623,13.411764705882353,213.88235294117646,795.6470588235294,98.54844771241828,0.14032679738562093,4.176470588235294,0.24567474048442905,0.4774346075460669,7.252228546926557,0.03518742081278179,3.381580488309164,0.13709677419354838,160.67820069204151,1.9531104425465846,0.08626151250816776,3.5873912702468376,0.05264247171964687,0.6853907472249124,0.6523263589272346,15.548275430160015,15.652475842498529,123.5,10.142549898954066,42.6274169979695,0.3451612712386194,124.0,1.0820581653582224,0.9241647371783785,0.25035628303978186,22.269949711947238,0.6523263589272346,10.142549898954066,15.548275430160015,12.0,14.0,15.652475842498529,15.652475842498529,123.5,10.142549898954066,1.0820581653582224,0.9241647371783785,42.6274169979695,0.3451612712386194,124.0
"ytma10_010704_benign1_ccd.tif","1711f22f-7f84-4477-9a0f-5365f45c369d","Detection","Unclassified",493.06549072265625,37.08196258544922,122.0,,,52.0,101.0,648006.0,1.2984208475145844,26.5,3.3736011782355013,132.0,70.0,16.60655737704918,61.0,49.0,83.0,11.629833690439758,72.88020712212565,1.2028897423290286,20.286068869150927,648006.0,0.5267401236226821,411.5245901639344,5.398601398601398,8.204211451097189,2.2402572731684174,1.1432995908520387,0.5291375291375292,0.36722580142106653,0.35664335664335667,1.1091741062540557,0.4019430452996887,0.8492618492618494,0.8389277389277389,0.9811783109489461,0.9445831945831945,-0.09327771704872881,0.42378802057781284,0.2167184667184667,2.2902097902097904,0.4590064170483751,2.0232716145927254,0.6666666666666666,4.58041958041958,1.585071359478148,0.4181092799973919,3.031986826625831,24.262295081967213,0.19887127116366568,8.023112066648752,64.26229508196721,0.5724267669981188,6.459016393442623,45.21311475409836,194.50819672131146,11.029205373406194,0.20881830601092893,0.09496991282851938,1.068859614884205,0.017509048739410758,53.644067796610166,0.3030738293593795,0.8076223307478694,9.706214689265536,15.525423728813559,72.61016949152543,3.6964689265536728,0.15840081607030757,3.307193667402981,71.0225988700565,0.4012576207347825,0.36270491803278687,7.924032046985221,0.6495759191371335,7.742096834112878,0.08279878901913029,4.230769230769231,0.3254437869822485,1.0059171597633136,12.461538461538462,576.1538461538462,2436.153846153846,141.07801282051284,0.1622649572649573,3.4615384615384617,0.26627218934911245,0.4149330260007472,5.3262243419237985,0.09992221855224412,3.0269868333592873,0.10655737704918032,488.08284023668637,1.0767948483741325,0.07244194677128617,3.5070217864952227,0.020276240868493094,0.671453732556564,0.9668664303574694,12.66293459894635,13.416407864998739,121.5,12.24336637353335,40.38477631085022,0.332384990212759,122.0,1.033533625415358,0.9675543934026515,0.26710057260391856,25.348477776754713,0.9668664303574694,12.24336637353335,12.66293459894635,12.0,12.0,13.416407864998739,13.416407864998739,121.5,12.24336637353335,1.033533625415358,0.9675543934026515,40.38477631085022,0.332384990212759,122.0
"ytma10_010704_benign1_ccd.tif","895eaf58-b519-4ddd-b6d4-1af28e92ef9c","Detection","Unclassified",458.2709045410156,407.68792724609375,122.0,,,96.1,123.0,1494163.0,1.1609489414585696,17.75,2.4121078685843633,134.0,110.12295081967213,9.27882289707068,112.0,83.0,51.0,6.931023488149645,110.66723862515967,-0.12643674997488913,10.962363234545087,1494163.0,0.5370868046224133,120.17340768610582,3.5377358490566038,1.7042284240973398,-0.34089214586537886,0.7390530437878249,0.2641509433962264,0.47338537970191635,0.2641509433962264,0.83294582353614,0.19437522249911002,0.8679245283018867,0.8679245283018867,0.9735849056603773,0.9339622641509434,-0.18078585835266836,0.5634935459562775,0.2641509433962264,1.849056603773585,0.38901744393022425,1.9221447923408668,0.5943396226415094,3.6981132075471703,1.6579938489446404,0.25080099679601286,3.552044967808735,16.885245901639344,0.13840365493147003,5.413061005106154,65.52459016393442,0.291924213920989,3.877049180327869,42.80327868852459,153.4672131147541,15.483378870673954,0.3900273224043716,0.08263556652169064,0.5773786755139214,0.01916027298138442,66.0,0.375,0.5,4.5,13.613636363636363,51.34090909090909,4.5353535353535355,0.40277777777777773,3.573161648186732,45.79545454545455,0.26020144628099173,0.36065573770491804,5.925619834710742,0.5155246543566225,2.9315635795477024,0.17035330689723643,6.2727272727272725,0.5702479338842975,0.6115702479338844,7.090909090909091,687.2727272727273,2673.7272727272725,192.88131313131314,0.28535353535353536,3.0,0.2727272727272727,0.5112828294203061,4.592128657947796,0.05785027240066722,2.2221915755066783,0.09016393442622951,564.2644628099174,2.506389573070608,0.08392343706110736,0.7123181198874117,0.025672505117617515,0.18080869142892833,0.6744544084832547,15.315764007192284,16.1245154965971,121.5,10.329784553939994,44.28427124746188,0.3644795987445422,122.0,1.1333301207110933,0.882355442360045,0.23260930744635702,19.22456061765087,0.6744544084832547,10.329784553939994,15.315764007192284,16.0,12.0,16.1245154965971,16.1245154965971,121.5,10.329784553939994,1.1333301207110933,0.882355442360045,44.28427124746188,0.3644795987445422,122.0
"ytma10_010704_benign1_ccd.tif","b08ff75e-3c16-48a2-9d2a-22637b90b84a","Detection","Unclassified",146.34170532226562,362.9665222167969,120.0,,,79.0,134.0,1330317.0,1.6468255274532435,31.25,2.5594786139876025,162.0,103.175,17.592499999999987,98.5,74.0,88.0,13.924293439444954,105.2899567860107,0.6227212914566318,20.997484968443242,1330317.0,0.36763888888888885,440.8943749999999,6.744525547445254,9.61688056124768,2.0522938413846434,1.8256818275998845,0.48418491484184906,0.5807680971846688,0.4160583941605839,1.1222512557032076,0.3110803274903653,0.8027169505271697,0.7987834549878347,0.9820016256032901,0.9322355462866413,-0.18766729452070374,0.6592543036307811,0.36219248445525815,2.5316301703163018,0.2335707224086999,2.753499824316665,0.4306569343065693,5.0632603406326036,2.2370533709557994,0.5774666856104332,3.946181654503082,15.316666666666666,0.12763888888888889,5.353055555555555,44.11666666666667,0.6722222222222222,7.783333333333333,32.56666666666667,179.43333333333334,7.107321759259261,0.18533101851851846,0.10003973634206768,1.339558699714454,0.013489908116024187,71.4669603524229,0.3148324244600128,0.7664421975974693,9.713656387665198,7.797356828193832,46.881057268722465,1.647212432697014,0.16033651492902595,3.540837628190712,85.15859030837004,0.3751479749267403,0.47291666666666665,3.3260882221661587,0.6352597440493034,7.162334864596627,0.09050533717891096,3.1818181818181817,0.2892561983471074,1.3388429752066116,13.909090909090908,409.09090909090907,2203.2727272727275,88.9965404040404,0.16952020202020204,2.8181818181818183,0.256198347107438,0.48448799301261364,9.040816913681848,0.0475438896051433,2.845350936622437,0.09166666666666666,290.0826446280992,1.1361819727891156,0.07858399131834,3.415123187830418,0.023744516093474426,0.6566493470018256,0.4413863798523737,18.70664875914902,19.209372712298546,119.5,8.256859974970684,47.45584412271568,0.39712003449971284,120.0,1.224618506354185,0.8165808329788373,0.2062331212512282,15.111900155468097,0.4413863798523737,8.256859974970684,18.70664875914902,15.0,14.0,19.209372712298546,19.209372712298546,119.5,8.256859974970684,1.224618506354185,0.8165808329788373,47.45584412271568,0.39712003449971284,120.0
"ytma10_010704_benign1_ccd.tif","533f0b33-077a-4f24-8121-7776a3e975f2","Detection","Unclassified",128.82566833496094,731.6736450195312,120.0,,,102.8,125.10000000000001,1586137.0,0.936111768379108,14.25,2.601713626657502,140.0,114.575,7.882499999999997,113.0,96.0,44.0,5.720052083333333,114.96872763205363,0.3003197148224203,9.506719115096088,1586137.0,0.6420833333333333,90.37770833333335,4.306954436450839,1.344108336770841,0.13741189647526428,0.5143281058606352,0.22062350119904076,0.3996244131455399,0.22062350119904076,0.7613043647399019,0.17194877191771762,0.8896882494004796,0.8896882494004796,0.9779376498800959,0.9448441247002398,-0.13366489718765592,0.45537734779713096,0.22062350119904076,2.057553956834532,0.5099517508295521,1.6224546908663426,0.7026378896882494,4.115107913669064,1.401831189667302,0.183737901764919,3.2721918166363757,20.05,0.16708333333333333,5.6930555555555555,77.05,0.20666666666666667,4.616666666666666,46.86666666666667,196.71666666666667,11.9875,0.2717592592592592,0.05080747013311496,0.30810880154530945,0.013675909850823046,64.89677419354838,0.4186888657648283,0.4163995837669094,5.341935483870968,17.406451612903226,73.2,4.475985663082437,0.2944444444444444,3.699340164604875,38.535483870967745,0.24861602497398544,0.3229166666666667,7.816441207075962,0.5067331723390154,3.071108316596205,0.15825189125281441,3.857142857142857,0.5510204081632653,0.5306122448979592,7.142857142857143,1286.5714285714287,5211.714285714285,324.4920634920635,0.25793650793650796,1.8571428571428572,0.2653061224489796,0.127376063965434,1.122980122398827,0.016746654295357342,2.128085278891395,0.058333333333333334,992.6938775510205,2.0848510260457767,0.07950009582600838,0.7367290537524043,0.016615343918666984,0.18311944718657455,0.6045229755651371,15.975538121521215,16.15549442140351,119.5,9.657579841476286,42.97056274847713,0.3595862991504362,120.0,1.1088738877800306,0.9018158070274371,0.23935163969014212,20.355185293583098,0.6045229755651371,9.657579841476286,15.975538121521215,15.0,10.0,16.15549442140351,16.15549442140351,119.5,9.657579841476286,1.1088738877800306,0.9018158070274371,42.97056274847713,0.3595862991504362,120.0
"ytma10_010704_benign1_ccd.tif","63c90969-c128-4780-b25b-20e129469abe","Detection","Unclassified",99.70956420898438,121.84529113769531,119.0,,,45.0,96.40000000000002,538344.0,1.8491327190866698,26.0,4.409853587775009,148.0,63.47899159663866,17.7553845067439,52.0,41.0,107.0,12.185547688463128,67.2599372558722,1.4018780105902806,22.23323605635816,538344.0,0.3178447849728127,494.3167855377445,3.6954436450839334,22.34708498263561,3.866629629891663,2.537929368735228,0.6954436450839327,0.5698339522772868,0.5035971223021583,1.309180630606576,0.44183358349291796,0.7777777777777777,0.7673860911270982,0.9751020840372486,0.9204636290967225,-0.1963319335072046,0.6947841139683026,0.3583799626965094,1.7985611510791364,0.18795323453467433,3.027889836817069,0.3381294964028777,3.5971223021582737,2.4140516635129683,0.8083432534547903,4.083054816780874,14.411764705882353,0.12110726643598616,6.497140032483583,37.8235294117647,1.0072734976343478,4.873949579831932,32.34453781512605,73.4453781512605,23.58377217553688,0.5019561157796452,0.14418800456690614,1.6479322641755114,0.024704761534243332,61.712446351931334,0.2648602847722375,1.133341929304279,7.244635193133047,6.9957081545064375,20.412017167381975,4.790178826895565,0.31825464949928467,3.55591075467224,88.80257510729614,0.38112693179097057,0.4894957983193277,2.822192340989888,0.6395030132940157,6.026973397370393,0.11817726276848364,6.473684210526316,0.3407202216066482,0.8642659279778394,12.210526315789474,221.0,574.2105263157895,138.29368421052632,0.1423684210526316,6.368421052631579,0.33518005540166207,0.5618198698980876,8.0706697724322,0.045725815317190964,2.9450386975402463,0.15966386554621848,181.77285318559558,2.155293367346939,0.08216205553089709,3.9467526133044,0.04249170553045735,0.8118785362750678,0.8890099005554194,13.064190705766027,13.601470508735444,118.5,11.614194880170091,40.6274169979695,0.3428474008267468,119.0,1.052822371030753,0.9498278413489277,0.2581752441699009,23.682712291924826,0.8890099005554194,11.614194880170091,13.064190705766027,12.0,13.0,13.601470508735444,13.601470508735444,118.5,11.614194880170091,1.052822371030753,0.9498278413489277,40.6274169979695,0.3428474008267468,119.0
"ytma10_010704_benign1_ccd.tif","c2d0b382-ad08-46a3-8dcd-cb4dc06d5638","Detection","Unclassified",790.3488159179688,188.5541534423828,119.0,,,110.8,163.2,2161009.0,1.5127252694869946,28.5,2.1927195778598283,172.0,133.45378151260505,15.563731374902897,132.0,102.0,70.0,11.616842105263155,134.7580776643772,0.39436296443375524,18.70368134309917,2161009.0,0.36402796412682714,349.827695784196,3.128865979381443,5.0438916765007935,0.9216767670348519,1.5154904878308,0.4690721649484536,0.527279056378948,0.4381443298969072,1.0783802758025594,0.2771017111276437,0.786082474226804,0.7840206185567009,0.9545202220459952,0.8920103092783505,-0.15527500946691594,0.6014397701629783,0.4110824742268041,1.693298969072165,0.18708151769582312,2.66710548496557,0.30927835051546393,3.38659793814433,2.1635107779834453,0.4961406631948135,3.5679178325448966,21.571428571428573,0.18127250900360145,3.1547207118141367,43.319327731092436,0.5372501941953252,3.831932773109244,25.857142857142858,66.28571428571429,18.000233426704014,0.5067693744164333,0.07911532470130908,0.4659054931496408,0.022927690255996582,93.65079365079364,0.37163013353489543,0.5069286974048878,4.634920634920635,6.896825396825397,20.317460317460316,4.31768077601411,0.3910934744268078,3.020393850257705,103.15873015873017,0.4093600403124213,0.5294117647058824,3.3289241622574957,0.6587981384349674,3.548607166212745,0.1863679273459021,3.0,0.5,0.5833333333333334,6.833333333333333,818.1666666666666,2496.0,451.1157407407407,0.2824074074074074,1.3333333333333333,0.2222222222222222,0.3407974241121649,3.0661979912017454,0.03794843974717701,2.2516291673878226,0.05042016806722689,424.8055555555556,8.188539055973266,0.06373906517313038,1.0307415305152265,0.0691950588720691,0.1615617637159206,0.19700912880060528,28.16053839076696,27.65863337187866,118.5,5.547883134920998,61.254833995938974,0.5169184303454766,119.0,1.5873630255136029,0.6299756161174553,0.13945460604251494,6.90983970089037,0.19700912880060528,5.547883134920998,28.16053839076696,19.0,21.0,27.65863337187866,27.65863337187866,118.5,5.547883134920998,1.5873630255136029,0.6299756161174553,61.254833995938974,0.5169184303454766,119.0
"ytma10_010704_benign1_ccd.tif","3104089a-e2a2-41f0-b9a2-ab1efcebb713","Detection","Unclassified",304.8860778808594,287.5422058105469,119.0,,,49.0,110.0,734101.0,1.9637780870891723,39.5,2.7039206817119346,141.0,74.89915966386555,19.646070192782975,68.0,45.0,96.0,15.01413540227442,78.54244690857648,0.7898374589492466,23.64385433962346,734101.0,0.3047101193418544,559.0318480333311,5.894484412470024,18.771116440181178,1.9642952304822758,2.577138289368505,0.776978417266187,0.5367016205910391,0.5371702637889688,1.3666518160265133,0.4884265249670766,0.7683852917665869,0.7553956834532376,0.972428610396127,0.9159672262190249,-0.19230874623102637,0.7096349849969524,0.3556488142819078,2.3333333333333335,0.17077848512556854,3.2915619978356836,0.3645083932853717,4.666666666666666,2.5733104076758515,0.838529176658673,4.3766064770665105,13.521008403361344,0.11362191935597768,6.705882352941177,36.260504201680675,1.0230915895770072,7.294117647058823,31.705882352941178,145.78151260504202,10.466316526610644,0.27782446311858083,0.17607057770198026,2.5357344458947604,0.019999962433533084,57.18487394957983,0.24027257962008333,1.258332744862651,9.785714285714286,6.6722689075630255,35.99159663865546,1.9911064425770308,0.22281162464985996,3.6883916282199647,96.70588235294117,0.4063272367770638,0.5,2.672268907563025,0.6615718787515006,8.029291716686675,0.10032719685096261,6.826086956521739,0.29678638941398866,0.9943289224952742,14.652173913043478,159.69565217391303,715.8260869565217,44.61497584541063,0.12131642512077295,9.521739130434783,0.41398865784499056,0.6579367437417103,10.93883467419202,0.047119179394953546,2.8183758278451165,0.19327731092436976,132.92627599243858,1.4388219544846046,0.08303870487532564,3.6347353080795126,0.04637892385963636,0.6059677699918736,0.8434558907121168,13.410104952205083,13.601470508735444,118.5,11.310832017005106,40.627416997969505,0.34284740082674686,119.0,1.0528223710307532,0.9498278413489276,0.25817524416990084,23.682712291924815,0.8434558907121168,11.310832017005106,13.410104952205083,12.0,13.0,13.601470508735444,13.601470508735444,118.5,11.310832017005106,1.0528223710307532,0.9498278413489276,40.627416997969505,0.34284740082674686,119.0
"ytma10_010704_benign1_ccd.tif","240e4681-a579-4ee0-a7fa-48a9003d9a33","Detection","Unclassified",717.2971801757812,760.0028076171875,118.0,,,114.0,147.0,1944564.0,1.2896277887512215,18.0,2.3780898588172104,159.0,127.76271186440678,10.437517954610747,126.0,106.0,53.0,8.052083333333323,128.3719437112463,0.5259081353920414,12.491812889087031,1944564.0,0.43924159724217177,156.04538925596088,2.546568627450981,2.8125369323448517,0.6173024927723869,1.1169201749327182,0.2720588235294118,0.60826070972904,0.26715686274509803,0.8538406000752041,0.20068603421760864,0.8672385620915033,0.8669117647058824,0.9730203619909501,0.9334558823529411,-0.25440777262056197,0.6814390405221689,0.26286764705882354,1.528186274509804,0.28876513840830453,2.1417550524000184,0.4215686274509804,3.056372549019608,1.8565115990322383,0.3472447496155324,3.9443997657812258,16.89830508474576,0.1432059752944556,5.179258833668485,51.83050847457627,0.37690318873886813,2.9152542372881354,42.20338983050848,94.35593220338983,29.692561205273073,0.5965160075329566,0.06362782966293862,0.310322056317819,0.0221598599420936,71.02325581395348,0.41292590589507844,0.43063818280151434,3.8488372093023258,12.511627906976743,28.290697674418606,8.864018087855298,0.4557493540051679,3.5934802163794473,42.48837209302326,0.24702541914548404,0.3644067796610169,4.981070849107625,0.4928666371605241,2.4552569526213337,0.1451056933800187,2.7142857142857144,0.3877551020408163,0.489795918367347,5.714285714285714,761.1428571428571,1719.142857142857,525.7698412698412,0.29761904761904756,1.2857142857142858,0.1836734693877551,0.31354439167421394,2.0923345556829265,0.055134328626180465,2.8073549220576046,0.059322033898305086,476.9795918367346,4.023178854875284,0.08729178812542822,0.7531566613175417,0.03158604878010183,0.244524852409065,0.5616178604749597,16.542027000528776,17.08800749063506,117.5,9.290297811955984,43.79898987322331,0.37275736062317716,118.0,1.1398303831026944,0.8773235165726442,0.22870032848684507,18.58385562930664,0.5616178604749597,9.290297811955984,16.542027000528776,10.0,16.0,17.08800749063506,17.08800749063506,117.5,9.290297811955984,1.1398303831026944,0.8773235165726442,43.79898987322331,0.37275736062317716,118.0
"ytma10_010704_benign1_ccd.tif","c2ffb9cd-8999-419e-9a33-dce9eea0d920","Detection","Unclassified",157.63697814941406,413.8258361816406,117.0,,,78.0,118.4,1170982.0,1.6368197851529602,22.0,2.6376430733099228,135.0,98.75213675213675,12.613046972021328,99.0,63.0,72.0,8.759619737437754,100.04195701001237,-0.06413187349842533,16.012765197817778,1170982.0,0.36445321060705677,256.4086492804442,6.041769041769042,8.193856451761063,-0.3456172084536869,1.8005541838465668,0.3538083538083538,0.6715424190456978,0.3488943488943489,0.9519199960215008,0.23208108711794218,0.8263718263718264,0.8260442260442261,0.979274461627403,0.9303849303849303,-0.27474072228881813,0.7635021272937689,0.34459459459459457,2.383292383292383,0.1963398511310059,2.7457962011523147,0.3046683046683047,4.766584766584766,2.3791043335710125,0.5385906344137302,4.192532084889456,16.45299145299145,0.14062385857257653,3.786251734969684,42.64102564102564,0.5738914456863176,6.6752136752136755,34.55555555555556,201.75213675213675,9.13164767331434,0.24833808167141502,0.06108947710138187,0.5125728576489158,0.01228530388316911,67.31683168316832,0.33325164199588275,0.6814282913439859,7.53960396039604,8.069306930693068,48.32673267326733,2.0059130913091305,0.23057618261826185,3.8172375403999546,54.504950495049506,0.269826487599255,0.43162393162393164,2.7015978825605336,0.5077762342560787,4.4528215857300015,0.09473156364672748,2.142857142857143,0.30612244897959184,1.2653061224489797,9.428571428571429,693.2857142857143,4544.714285714285,136.09325396825398,0.2569444444444445,1.2857142857142858,0.1836734693877551,0.2116199112226603,1.652747256067343,0.04113370993212447,2.5216406363433186,0.05982905982905983,413.9183673469388,1.47748613998614,0.0823165905453181,1.738685117448333,0.030605986597348086,0.3899314456424606,0.739429283138884,14.283158071859205,15.132745950421556,116.5,10.561385334034217,42.04163056034259,0.3608723653248291,117.0,1.098782305019388,0.9100983838489783,0.24111912652283318,20.656920093758725,0.739429283138884,10.561385334034217,14.283158071859205,15.0,11.0,15.132745950421556,15.132745950421556,116.5,10.561385334034217,1.098782305019388,0.9100983838489783,42.04163056034259,0.3608723653248291,117.0
"ytma10_010704_benign1_ccd.tif","387206c6-87a7-44e0-bfe9-92caf102347c","Detection","Unclassified",106.82791900634766,252.8170928955078,116.0,,,85.0,140.5,1433873.0,1.6670985117280235,27.0,2.400731721813818,161.0,109.33620689655173,16.61831153388823,105.5,82.0,79.0,12.423721140787686,111.17991787157892,0.6317472038791465,20.163531421987308,1433873.0,0.33784185493460167,406.5679994054695,3.218045112781955,6.644312754182928,1.1615136546777087,1.6694744379746358,0.6040100250626567,0.46864820509420035,0.4887218045112782,1.2309102466153004,0.36516102285789664,0.7748538011695905,0.7671679197994987,0.9665044965354561,0.9060985797827903,-0.12897101538377487,0.5713556437852249,0.38784461152882205,1.718045112781955,0.18074007072819895,2.8665745713675137,0.3182957393483709,3.43609022556391,2.2236847946248224,0.568371115759323,4.073412643817848,14.982758620689655,0.12916171224732462,5.699464922711058,39.189655172413794,0.6815546967895362,4.181034482758621,29.844827586206897,72.80172413793103,20.902478448275865,0.5073635057471264,0.12274120527840768,1.0346622612966003,0.027363910622518483,75.55696202531645,0.31880574694226355,0.710035784863537,5.561181434599156,6.455696202531645,18.810126582278482,4.240857946554149,0.36310360993905305,3.304380001975849,97.51476793248945,0.4114547170147234,0.5107758620689655,2.622692232370169,0.6640459471004638,4.506892583293619,0.16137330456517182,4.857142857142857,0.3469387755102041,0.6938775510204082,8.857142857142858,212.0,474.5,159.83482142857142,0.1939484126984127,3.2857142857142856,0.23469387755102042,0.4594439752867782,5.626732786013089,0.04088570704337751,3.128085278891395,0.1206896551724138,143.3469387755102,3.1023809523809516,0.07331497449325088,2.3823712786735256,0.0472893853725517,0.38558805153074893,0.5212689270656933,16.968632334636215,17.26267650163207,115.5,8.845220770848051,44.384776310850214,0.3842837775831187,116.0,1.1650326895172785,0.8583450138333385,0.22037178765222595,17.254971070223682,0.5212689270656933,8.845220770848051,16.968632334636215,9.0,17.0,17.26267650163207,17.26267650163207,115.5,8.845220770848051,1.1650326895172785,0.8583450138333385,44.384776310850214,0.3842837775831187,116.0
"ytma10_010704_benign1_ccd.tif","574c2871-a804-411a-ba2f-535f31136836","Detection","Unclassified",749.2398071289062,176.99453735351562,115.0,,,88.2,152.20000000000002,1727044.0,2.0109444758469484,38.0,2.132588562331979,177.0,120.12173913043478,20.54230623818526,119.0,74.0,103.0,15.522038401159287,122.54702735294512,0.10184694314135316,24.2598784276272,1727044.0,0.27168241965973533,588.5417013232516,10.439698492462313,17.78659769713441,0.6107756529674907,2.825642029241687,0.6809045226130653,0.6116381102923569,0.5452261306532662,1.2712364403036933,0.38363298906593263,0.7481155778894472,0.7409547738693468,0.9822898275159584,0.9244436468054558,-0.20262217891693307,0.7353428826581766,0.4443048576214405,3.146984924623116,0.11888904320597962,3.451169439199444,0.20854271356783918,6.293969849246232,2.71943405296283,0.8766366379636878,4.333152136128756,16.11304347826087,0.1401134215500945,4.141398865784498,31.243478260869566,0.99765595463138,11.97391304347826,24.982608695652175,221.7478260869565,3.7647125603864735,0.12668357487922707,0.156369973271112,2.8807228315641877,0.01871413098250572,66.49019607843137,0.2607458669742407,1.095670895809304,14.027450980392157,4.776470588235294,48.266666666666666,0.6701416122004357,0.11354793028322442,3.6193753101207107,104.73333333333333,0.410718954248366,0.5543478260869565,1.5223375624759712,0.6635032679738562,10.618123093681916,0.06832628298232873,5.777777777777778,0.32098765432098764,1.5061728395061729,19.333333333333332,172.94444444444446,1766.2777777777778,21.77449074074074,0.11722222222222224,7.444444444444445,0.41358024691358025,0.6591290835863272,13.73925427489683,0.0858038966106546,3.086048612313038,0.1565217391304348,132.12654320987656,0.6195450802799507,0.08915469169643102,5.987107243291049,0.028591208509726723,0.9586450814471391,0.6258330244618876,15.363289210723128,15.524174696260024,114.5,9.614853752429541,42.38477631085022,0.37017271887205433,115.0,1.1173834128421467,0.8949479547547844,0.2341077047831561,19.473035715442435,0.6258330244618876,9.614853752429541,15.363289210723128,10.0,15.0,15.524174696260024,15.524174696260024,114.5,9.614853752429541,1.1173834128421467,0.8949479547547844,42.38477631085022,0.37017271887205433,115.0
"ytma10_010704_benign1_ccd.tif","ce2743e6-e49e-4e13-a835-4446d058c87d","Detection","Unclassified",888.5709838867188,725.8067626953125,115.0,,,74.0,112.60000000000001,969753.0,1.511002916980208,22.5,3.0620222495438285,137.0,90.51304347826087,12.824347826086964,86.0,70.0,67.0,9.37152777777778,91.82937864653498,0.9122264677343072,15.492699665040732,969753.0,0.4256332703213611,240.02374291115322,4.5979643765903315,5.779129971311603,0.3440972807595406,1.2794126216420953,0.3867684478371502,0.535742597342038,0.36641221374045807,1.006191301730091,0.25251053745896707,0.8201865988125531,0.8188295165394402,0.9776081424936387,0.9273960983884648,-0.1992233106891136,0.6516689083256034,0.3486005089058525,2.0916030534351147,0.27606523836347274,2.4984462077401157,0.4860050890585242,4.183206106870228,2.098967110547782,0.41654526736981135,3.522160720821712,16.130434782608695,0.14026465028355387,5.196521739130435,48.947826086956525,0.4955765595463138,5.373913043478261,34.356521739130436,134.57391304347826,11.81274154589372,0.2993357487922705,0.08345920284377842,0.8459501982757677,0.013861011151642622,71.29951690821257,0.34444211066769354,0.6364675955098135,6.874396135265701,8.42512077294686,37.31400966183575,2.575348899624262,0.2511741814278046,3.4383000673795423,68.21739130434783,0.3295526149968494,0.45,3.4868491680085887,0.589845324513774,5.102259719955257,0.10221575946982836,2.75,0.34375,1.109375,10.875,668.375,2935.5,176.27690972222223,0.2152777777777778,1.75,0.21875,0.41064527465904527,6.534320266755219,0.026449636840593028,2.4056390622295662,0.06956521739130435,461.734375,1.721223698781838,0.07768945450100209,1.8348089941026051,0.028091222016600973,0.37439951723170495,0.5446851362421501,16.893441339896125,17.0,114.5,9.201606397820091,45.556349186104036,0.397872045293485,115.0,1.2009951062822153,0.8326428598827409,0.21009087054397213,15.682547348660282,0.5446851362421501,9.201606397820091,16.893441339896125,16.0,10.0,17.0,17.0,114.5,9.201606397820091,1.2009951062822153,0.8326428598827409,45.556349186104036,0.397872045293485,115.0
"ytma10_010704_benign1_ccd.tif","74410766-280a-4aef-ba41-b6533be8b4cd","Detection","Unclassified",210.878173828125,199.7234649658203,112.0,,,100.0,150.8,1751089.0,1.7132685635201828,28.5,2.1388913822375533,170.0,123.58035714285714,16.123565051020407,124.5,92.0,78.0,12.544444444444439,125.03888680840738,0.2899149713096846,19.042545594788315,1751089.0,0.3424744897959183,362.6185427295919,6.0,8.48753348656167,0.3456430191124117,1.842781557067271,0.5185185185185185,0.5608194622279128,0.492063492063492,1.0860154036192016,0.27639203829680015,0.7583774250440917,0.7566137566137565,0.969965764083411,0.9024691358024691,-0.17922707052324524,0.6686546946642593,0.4689153439153438,2.3809523809523805,0.15706797122141034,3.010000791424288,0.2857142857142857,4.761904761904762,2.46186062245937,0.5903250188964475,4.033888841082877,17.5,0.15625,3.2496811224489797,38.357142857142854,0.6425382653061226,6.982142857142857,23.660714285714285,132.48214285714286,6.028149801587301,0.24231150793650796,0.09566101572904294,0.9507606227841665,0.01965746920047781,79.53386454183267,0.3168679862224409,0.7498611133156615,7.8326693227091635,5.01195219123506,31.545816733067728,1.1997011952191232,0.23375940681717575,3.3153219818446935,108.66533864541833,0.4329296360375232,0.5602678571428571,1.8262249805558637,0.6823640315282081,5.980772250504156,0.14613495093699277,3.5454545454545454,0.32231404958677684,1.2727272727272727,10.272727272727273,285.45454545454544,1582.0,63.76136363636363,0.26325757575757575,1.9090909090909092,0.17355371900826447,0.2632870724913197,3.68755065706185,0.040229151865096895,3.0957952550009344,0.09821428571428571,181.78512396694214,1.5224593495934957,0.08971363727388025,1.851345860103301,0.03824291045006882,0.3786052326100545,0.37757111144751515,19.53350785313169,20.396078054371138,111.5,7.375288270575699,47.79898987322331,0.42869049213653193,112.0,1.276957235173231,0.7831115815435595,0.19035831538475645,12.87496187475754,0.37757111144751515,7.375288270575699,19.53350785313169,20.0,8.0,20.396078054371138,20.396078054371138,111.5,7.375288270575699,1.276957235173231,0.7831115815435595,47.79898987322331,0.42869049213653193,112.0
"ytma10_010704_benign1_ccd.tif","c87b30a6-e894-44ac-890a-3c8913bbc4cf","Detection","Unclassified",684.5162353515625,447.021484375,111.0,,,93.0,127.0,1344602.0,1.2520801751396964,14.5,3.0119410918547214,144.0,109.27927927927928,10.051781511240977,108.0,84.0,60.0,6.60093422547658,110.06148977517763,0.35255043960457855,13.098498071642181,1344602.0,0.49517084652219795,171.57065173281393,3.647214854111406,2.5788673383881893,-0.25492185126475525,0.9229221341175977,0.2625994694960212,0.556989145207333,0.2519893899204244,0.8429366437795104,0.19910081686355355,0.8757736516357206,0.8750663129973475,0.9742297490308099,0.9375331564986739,-0.23527071144342998,0.6506387116732555,0.24270557029177722,1.8660477453580901,0.35938126631440453,2.0645566465645286,0.5649867374005305,3.7320954907161807,1.7744550191013182,0.2963804009034047,3.822414082337314,15.81081081081081,0.14243973703433163,5.887184481779077,54.96396396396396,0.3342261180099018,3.981981981981982,43.306306306306304,154.18018018018017,16.92917917917918,0.3946446446446446,0.08078449764957701,0.5336542381383651,0.02092041588073334,59.6625,0.372890625,0.5043359375,4.68125,13.2375,49.225,4.837847222222222,0.38524305555555555,3.771340663966892,41.9125,0.261953125,0.36036036036036034,5.536875,0.5207214131944335,2.9342582080498434,0.17312425151761826,4.75,0.59375,0.484375,7.375,747.125,2817.5,239.53125,0.23958333333333334,2.5,0.3125,0.5334435954473425,4.7991389651227045,0.059467669695168986,2.0,0.07207207207207207,554.609375,2.271779859484777,0.10012370496366169,0.6752006263484925,0.028342068928858995,0.214393145253179,0.48318444322801557,17.382819075315933,18.110770276274835,110.5,8.399107756639857,46.0416305603426,0.4166663399126027,111.0,1.2355622324467268,0.8093481443016806,0.19955439542246053,14.148970539347497,0.48318444322801557,8.399107756639857,17.382819075315933,18.0,10.0,18.110770276274835,18.110770276274835,110.5,8.399107756639857,1.2355622324467268,0.8093481443016806,46.0416305603426,0.4166663399126027,111.0
"ytma10_010704_benign1_ccd.tif","10c1f4f3-9a40-4c80-8542-3e03fa65a61a","Detection","Unclassified",102.17609405517578,484.9415588378906,111.0,,,83.0,122.0,1180381.0,1.397188099056508,25.5,4.1502178328750965,165.0,101.68468468468468,13.707491275058846,98.0,79.0,86.0,10.193548387096774,103.12159358283338,1.0789784908572786,17.15482333454108,1180381.0,0.4286178069961854,294.28796363931514,2.345454545454545,5.640897900446224,1.4082421730740176,1.2058289762185868,0.4233766233766234,0.48026618189648407,0.33506493506493507,1.0397774163808056,0.31110811266655425,0.8452380952380951,0.8412987012987011,0.9771489686783805,0.9357081014223873,-0.1740728938152103,0.5929740610866904,0.27619047619047615,1.4662337662337661,0.3020037105751392,2.272409201998935,0.4857142857142857,2.9324675324675322,1.852719940790696,0.40730139989880254,3.603642336164341,17.09009009009009,0.1539647755863972,5.738495252008767,47.57657657657658,0.49492735979222474,3.009009009009009,40.13513513513514,71.2072072072072,32.8501001001001,0.6285035035035035,0.07804729616237553,0.5168558538697428,0.022166339028938237,66.45977011494253,0.3819527018100145,0.5860747787026025,4.540229885057471,11.229885057471265,21.93103448275862,8.971663473818646,0.41327426564495534,3.4535164383804124,52.195402298850574,0.2999735764301757,0.3918918918918919,4.718588981371384,0.5610299414572129,3.361782508767662,0.1365852454221365,3.5,0.4375,0.6875,8.25,654.125,1371.0,478.53472222222223,0.23350694444444445,2.0,0.25,0.4514936511442842,4.281557574586385,0.048689282938079975,2.4056390622295662,0.07207207207207207,461.609375,2.2791000355366027,0.09086461717773954,1.9380639316739103,0.024800333675650137,0.6187302416746286,0.7131819151774372,14.103138448118017,14.560219778561036,110.5,10.058103288441357,40.38477631085022,0.36547308878597484,111.0,1.083756239043253,0.9227167179981419,0.24291862775911938,20.966400838193312,0.7131819151774372,10.058103288441357,14.103138448118017,14.0,10.0,14.560219778561036,14.560219778561036,110.5,10.058103288441357,1.083756239043253,0.9227167179981419,40.38477631085022,0.36547308878597484,111.0
"ytma10_010704_benign1_ccd.tif","0c5216a3-9051-42ee-9fbd-f300ed077630","Detection","Unclassified",38.78120422363281,424.4813537597656,110.0,,,82.9,126.0,1262442.0,1.4721599439260296,29.0,1.7558578141476908,134.0,105.87272727272727,14.440991735537157,107.0,76.0,58.0,11.888148148148149,107.12957320247969,-0.15192533792218313,16.361878693480325,1262442.0,0.38066115702479336,267.71107438016537,3.397297297297298,6.205048427376305,0.905601405642313,1.6983856829802777,0.24594594594594593,0.7470123488329281,0.24594594594594593,0.804789140898948,0.1854565376186998,0.8770270270270271,0.8770270270270271,0.9754054054054053,0.9385135135135136,-0.3720576708005447,0.8130975661885361,0.24594594594594593,1.7418918918918918,0.23894448502556614,2.367439643353251,0.327027027027027,3.483783783783784,2.1214936974073053,0.4860829072315559,4.147777587869237,17.01818181818182,0.1547107438016529,3.8856198347107447,41.872727272727275,0.49264462809917353,3.7,40.763636363636365,131.02727272727273,23.632070707070707,0.5068181818181817,0.049068734396115345,0.20845478452323693,0.018440624713690193,62.49068322981366,0.3881408896261718,0.4751359901238378,4.254658385093168,11.714285714285714,37.316770186335404,6.680124223602484,0.42097998619737764,3.7552140114585697,35.2360248447205,0.218857297172177,0.3659090909090909,4.245438061803171,0.40566975645553127,1.9492949430726214,0.12533243457313206,2.3333333333333335,0.3888888888888889,0.47222222222222215,5.166666666666667,613.0,1806.5,357.9583333333333,0.3287037037037037,1.3333333333333333,0.2222222222222222,0.1881818337605237,0.8487261893395809,0.04444492182049192,2.584962500721156,0.05454545454545454,276.88888888888886,4.764744340359095,0.09461571071348848,0.6874630343863947,0.041247435699280216,0.26124661671216887,0.3376466945103882,20.562394411543487,19.924858845171276,109.5,6.942824504276537,48.04163056034259,0.4387363521492474,110.0,1.295107288840483,0.7721368018052819,0.18552932907612238,12.230026392920143,0.3376466945103882,6.942824504276537,20.562394411543487,10.0,19.0,19.924858845171276,19.924858845171276,109.5,6.942824504276537,1.295107288840483,0.7721368018052819,48.04163056034259,0.4387363521492474,110.0
"ytma10_010704_benign1_ccd.tif","93d56f9a-3fff-4047-be8b-79ebceb05837","Detection","Unclassified",725.7815551757812,575.5350341796875,110.0,,,94.9,130.0,1426244.0,1.4224588087457943,23.0,2.0214013625197893,145.0,113.07272727272728,11.492231404958686,112.0,91.0,54.0,9.101376088877666,113.86770633263211,0.13675767999269367,13.431786648170947,1426244.0,0.4135537190082645,180.41289256198334,3.9301675977653634,3.856050844847802,0.2249456396561753,1.245068818076839,0.4050279329608939,0.5090858366866369,0.3994413407821229,0.9929430366063261,0.2454745482350738,0.8012104283054003,0.8008379888268156,0.9597550494198539,0.9004189944134077,-0.16125973107364394,0.6009198721475627,0.39455307262569833,1.9287709497206702,0.2133750507162698,2.5542105928894614,0.3854748603351955,3.8575418994413413,2.133661894361025,0.4125241877594332,3.684647816778963,20.727272727272727,0.1884297520661157,2.867438016528926,45.49090909090909,0.43504132231404957,4.581818181818182,27.145454545454545,114.30909090909091,10.081818181818182,0.36717171717171715,0.10448107349000206,0.7531048495155638,0.022957845532994348,84.53571428571429,0.3773915816326531,0.4954559948979592,4.973214285714286,5.598214285714286,24.375,2.034970238095238,0.3539186507936508,3.3286674793684257,75.42857142857143,0.336734693877551,0.509090909090909,1.739795918367347,0.5838835805899739,3.2718016834710077,0.1877445531060473,7.545454545454546,0.6859504132231405,0.38016528925619836,7.818181818181818,418.0,1662.7272727272727,134.0909090909091,0.20454545454545456,3.909090909090909,0.35537190082644626,0.5914756828530965,5.321660268038982,0.06588976382935226,1.8676338909712125,0.1,318.0,3.4668125583566765,0.07776822040388977,0.9154711306010005,0.04943808332235109,0.17647924596910344,0.22813597562077206,24.88805824267254,24.596747752497688,109.5,5.677861448498698,56.76955262170042,0.5184434029379034,110.0,1.5303947956601844,0.6534261635205171,0.1444328480843701,7.411979280250448,0.22813597562077206,5.677861448498698,24.88805824267254,13.0,22.0,24.596747752497688,24.596747752497688,109.5,5.677861448498698,1.5303947956601844,0.6534261635205171,56.76955262170042,0.5184434029379034,110.0
"ytma10_010704_benign1_ccd.tif","f7c03ee6-1803-4f8a-9422-f6b9b97200fe","Detection","Unclassified",373.7929992675781,499.75537109375,109.0,,,110.8,151.0,1899230.0,1.4074555798864334,16.0,3.54028451393779,175.0,131.10091743119267,11.518390707852882,131.0,101.0,74.0,7.485020661157023,132.00048651564498,0.531255456736998,15.384339084490337,1899230.0,0.4284992845720057,236.67788906657697,3.128000000000001,3.3677147680616293,0.22727846874074153,1.1207395555555553,0.4240000000000001,0.4510401465734318,0.33333333333333337,1.0481996944457488,0.3128888888888889,0.8471111111111113,0.8424,0.9769976470588235,0.9362031746031745,-0.18647644237010264,0.6248988910514305,0.2665925925925926,1.7186666666666666,0.2647751111111111,2.407545486299906,0.42133333333333334,3.4373333333333336,1.927996625702626,0.38618488888888897,4.07331394357528,14.504587155963304,0.13306960693544315,5.072805319417558,46.706422018348626,0.4307718205538255,3.697247706422018,39.440366972477065,118.1743119266055,20.863213557594296,0.4738149847094802,0.07325610060537976,0.4611909225973774,0.027488557753206622,62.67251461988304,0.3665059334496084,0.5672172634314832,4.590643274853801,9.91812865497076,32.56140350877193,5.0508447043534765,0.4085445094217024,3.6855979714611213,45.46783625730994,0.2658937792825143,0.3922018348623853,3.4171197975445438,0.5160653783930726,3.0540426628741164,0.1618870091896408,2.142857142857143,0.30612244897959184,1.1020408163265307,7.0,709.2857142857143,2404.4285714285716,299.5525793650794,0.3779761904761905,1.8571428571428572,0.2653061224489796,0.46621135369664174,4.051864448979765,0.1719561241635348,2.8073549220576046,0.06422018348623854,466.81632653061223,1.8070925553319919,0.08495476687543493,2.133007580548006,0.02361811422362619,0.48203516210387803,0.5530409859422681,15.908416213764912,16.278820596099706,108.5,8.798006187640512,42.0416305603426,0.387480465993941,109.0,1.1385700366245375,0.8782946747524207,0.2245615899375742,17.917325983072153,0.5530409859422681,8.798006187640512,15.908416213764912,16.0,10.0,16.278820596099706,16.278820596099706,108.5,8.798006187640512,1.1385700366245375,0.8782946747524207,42.0416305603426,0.387480465993941,109.0
"ytma10_010704_benign1_ccd.tif","43018383-1f2e-40e0-b479-b9ffef7f8969","Detection","Unclassified",414.20654296875,70.25395202636719,106.0,,,82.0,143.5,1332867.0,1.7704813450686565,35.5,2.5773651944191918,171.0,109.63207547169812,19.727483090067643,103.5,76.0,95.0,14.612318339100337,112.1348160971073,0.6323831669353963,23.55896875714139,1332867.0,0.32075471698113206,555.0250088999642,3.292957746478873,13.188553609310624,2.585806460265264,2.128022217813926,0.7859154929577464,0.46058181679551463,0.5887323943661971,1.3630236903324193,0.439309660781591,0.7370892018779341,0.7253521126760563,0.9576072908036454,0.8886653252850433,-0.11473474289955035,0.5558512819648482,0.4294992175273865,1.7197183098591549,0.18115453283078764,3.0363213351478002,0.35774647887323946,3.4394366197183097,2.3022591065738234,0.728484427692918,3.776694511101624,14.339622641509434,0.13527945888216447,5.668921324314702,34.0,0.8778924884300464,4.509433962264151,24.830188679245282,47.0377358490566,21.001637840670856,0.528498427672956,0.172046375328608,1.4969467946158197,0.03450502895078366,71.66938775510204,0.29252811328613076,0.8425489379425242,6.085714285714285,5.004081632653061,14.114285714285714,3.6755102040816325,0.3511621315192744,3.0941691977666954,117.57959183673469,0.4799167013744273,0.5778301886792453,2.0090628904623067,0.7201511522976537,5.268368168355777,0.16645483636576322,7.888888888888889,0.4382716049382716,0.5555555555555556,9.555555555555555,173.66666666666666,385.6666666666667,127.15393518518519,0.16512345679012347,6.222222222222222,0.345679012345679,0.6014551451045952,6.325800004286695,0.06630568013760288,2.8218881955261788,0.16981132075471697,138.98765432098764,5.291608044733047,0.07587771961205554,2.5059340807689865,0.06954747636448569,0.3939514577692936,0.3500924449112011,19.752264283142384,19.4164878389476,105.5,6.91511849541751,47.698484809834966,0.4521183394297153,106.0,1.3100064127814501,0.763355041809884,0.18068439592414973,11.599614130504436,0.3500924449112011,6.91511849541751,19.752264283142384,13.0,17.0,19.4164878389476,19.4164878389476,105.5,6.91511849541751,1.3100064127814501,0.763355041809884,47.698484809834966,0.4521183394297153,106.0
"ytma10_010704_benign1_ccd.tif","7de9c84d-6300-4902-b130-5440b9b09cc7","Detection","Unclassified",157.67022705078125,348.5382995605469,106.0,,,98.5,142.0,1530423.0,1.639924337042768,22.75,2.526814456332812,163.0,118.99056603773585,13.49857600569597,116.0,92.0,71.0,9.69134948096886,120.15803273268367,0.4485469510977889,16.70921973665746,1530423.0,0.37486650053399784,279.19802420790313,4.630136986301369,6.768412853289044,0.6269330543395275,1.4717507975229873,0.5452054794520548,0.4593779888280629,0.4520547945205479,1.1826515607725474,0.34085194220303994,0.7894977168949772,0.7832876712328767,0.9695729250604351,0.9126940639269405,-0.12331237904606114,0.5599083848785984,0.3705479452054794,2.0972602739726027,0.21251266654156495,2.86227209795396,0.410958904109589,4.1945205479452055,2.2392587925921905,0.5042390692437606,4.147581130814416,13.81132075471698,0.13029547881808473,5.70808116767533,39.735849056603776,0.590245639017444,5.547169811320755,31.660377358490567,135.11320754716982,10.320885744234799,0.3159067085953879,0.11148434863113658,1.0191340450400983,0.0221345264389823,63.44444444444444,0.3064949006977992,0.7764942005647737,6.681159420289855,7.082125603864735,33.14975845410628,2.158749329039184,0.2973027375201288,3.548335495178978,78.94202898550725,0.3813624588671848,0.4882075471698113,2.886555112137973,0.6388907143622647,4.983756630932688,0.16260631907485085,3.909090909090909,0.35537190082644626,0.8099173553719008,10.363636363636363,358.0,1616.7272727272727,100.01641414141415,0.18686868686868685,3.3636363636363638,0.30578512396694213,0.5232832260653875,6.297472272065296,0.04741428367331351,2.663532754804255,0.10377358490566038,265.1404958677686,1.7587643678160916,0.08659423249734499,2.049085612161585,0.03870227749047347,0.36738321331042384,0.5989516472009085,14.990428560471939,15.297058540778355,105.5,8.978541878542213,40.38477631085022,0.38279408825450445,106.0,1.1091403879363864,0.9015991220557321,0.231926834647847,19.11191686732877,0.5989516472009085,8.978541878542213,14.990428560471939,15.0,9.0,15.297058540778355,15.297058540778355,105.5,8.978541878542213,1.1091403879363864,0.9015991220557321,40.38477631085022,0.38279408825450445,106.0
"ytma10_010704_benign1_ccd.tif","81604bcf-dc7f-4ee0-ba7e-9338ddd70e60","Detection","Unclassified",862.810791015625,402.35821533203125,106.0,,,94.0,160.0,1623912.0,1.9150138468994977,35.75,2.223785859426238,174.0,121.47169811320755,20.088999644001426,116.0,85.0,89.0,15.225206611570258,123.773682696694,0.5262314817577997,23.760283790301344,1623912.0,0.2814168743325027,564.5510857956567,6.002732240437158,22.93819339413907,2.1084606200518934,3.240325181402848,0.3743169398907104,0.7928885198976461,0.36885245901639346,0.9708797432259689,0.23826480336827016,0.8164845173041894,0.816120218579235,0.9780777884924463,0.9264116575591985,-0.3625976877891348,0.863053917762607,0.3640710382513661,2.2991803278688527,0.1444877422437218,3.084149917268317,0.2814207650273224,4.5983606557377055,2.695799708561208,0.9036605303233898,4.358264579937853,18.641509433962263,0.17586329654681382,2.83873264506942,29.830188679245282,0.9630651477394093,6.481132075471698,31.754716981132077,182.38679245283018,11.646160901467507,0.3428328092243186,0.05188364601605843,0.3762359034284573,0.014788351617726058,51.270833333333336,0.2670355902777778,0.9982638888888888,7.041666666666667,6.8125,41.28125,2.3196614583333335,0.3205656828703704,3.9739037788733653,53.15625,0.27685546875,0.4528301886792453,1.9357638888888884,0.48379115226337444,3.8063003150720167,0.12632974255722737,1.0,0.25,1.25,7.5,790.5,4447.25,253.12673611111111,0.3559027777777778,1.0,0.25,0.001923304184743092,0.018524252799483106,6.504699530111833E-4,2.0,0.03773584905660377,88.25,2.5507926227485815,0.10765728131510188,1.606856702264273,0.05136383506207461,0.5273191892878026,0.6233136050942248,14.714058640894702,14.866068747318506,105.5,9.171472937023907,39.55634918610403,0.3749416984464837,106.0,1.0863882009378625,0.9204812783650588,0.2392507017519572,20.33802078024557,0.6233136050942248,9.171472937023907,14.714058640894702,14.0,9.0,14.866068747318506,14.866068747318506,105.5,9.171472937023907,1.0863882009378625,0.9204812783650588,39.55634918610403,0.3749416984464837,106.0
"ytma10_010704_benign1_ccd.tif","e7d468fc-d28b-4310-8ef5-bf1632c63daa","Detection","Unclassified",60.97846984863281,221.8333282470703,105.0,,,66.0,106.80000000000003,767034.0,1.603526999646315,23.0,3.1150246715427596,131.0,83.82857142857142,13.565714285714284,80.0,62.0,69.0,9.589569160997737,85.46979416311773,0.9058134595902017,16.669022962687766,767034.0,0.3659863945578232,277.856326530612,3.25207756232687,6.679285753651886,1.0405181273999307,1.5498499858042833,0.4736842105263159,0.5318248523941165,0.4127423822714682,1.1129813961190178,0.30332793640318906,0.803785780240074,0.7997229916897507,0.9732116669382433,0.919482917820868,-0.17716063846974975,0.638344684675901,0.35941828254847646,1.7271468144044322,0.20352821110949115,2.6925640544687472,0.296398891966759,3.4542936288088644,2.193850654708278,0.5058835490826498,3.932530639999288,13.723809523809523,0.130702947845805,4.662494331065759,38.42857142857143,0.5986394557823129,4.0476190476190474,32.2,82.98095238095237,20.782870370370368,0.4877645502645502,0.08781318162185509,0.703625679372278,0.020481897278311678,66.37055837563452,0.3369063876935762,0.6707207091138654,5.3908629441624365,7.035532994923858,21.269035532994923,4.24104624929498,0.35825578116187257,3.464943731603644,63.81218274111675,0.3239197093457703,0.46904761904761905,2.490195573191785,0.580237289501249,4.024182320982539,0.13293644398913915,3.4444444444444446,0.38271604938271603,0.7654320987654322,9.11111111111111,429.0,1314.111111111111,219.9020061728395,0.21450617283950618,1.8888888888888888,0.20987654320987653,0.3976968837019759,4.550613492522375,0.037515571003049,2.94770277922009,0.08571428571428572,292.8888888888889,2.1104399008674104,0.0924770642201835,2.0201971142514084,0.035275836700015974,0.48742945100051305,0.6079821973806706,14.892666590691178,15.0,104.5,9.054476158666123,40.627416997969505,0.3887791100284163,105.0,1.1211304145665908,0.8919568919076932,0.22767352755911086,18.417357539275542,0.6079821973806706,9.054476158666123,14.892666590691178,13.0,12.0,15.0,15.0,104.5,9.054476158666123,1.1211304145665908,0.8919568919076932,40.627416997969505,0.3887791100284163,105.0
"ytma10_010704_benign1_ccd.tif","01fcb9fc-d2d1-465b-9c57-086a9589f472","Detection","Unclassified",86.1159439086914,144.73348999023438,104.0,,,100.0,132.0,1368678.0,1.0537744644013274,13.5,2.497997321644638,140.0,114.17307692307692,8.776627218934909,113.0,95.0,45.0,6.465657111952404,114.71863573376116,0.5397039001350145,11.17469867748318,1368678.0,0.5874630177514794,124.87389053254434,4.6657142857142855,2.4439840483132036,0.30517784256559977,0.8124489795918366,0.1514285714285714,0.6857929282235866,0.1514285714285714,0.6134037890618231,0.12849795918367346,0.9242857142857144,0.9242857142857144,0.9848571428571429,0.9621428571428572,-0.3794219272202334,0.737044977461839,0.1514285714285714,2.121428571428571,0.47522857142857156,1.6734190270058038,0.6685714285714286,4.242857142857143,1.5219904555772326,0.24096938775510202,3.5406199683466646,19.057692307692307,0.18324704142011836,4.186020710059172,61.09615384615385,0.24842825443786984,4.6826923076923075,49.23076923076923,232.54807692307693,12.279647435897434,0.28231837606837606,0.04986260102331531,0.18472480534236488,0.02270197386785515,54.63025210084034,0.45907774874655743,0.3763858484570298,4.546218487394958,18.873949579831933,85.4453781512605,4.789449112978525,0.34687208216619975,3.9237724706384105,19.50420168067227,0.16390085445943084,0.2860576923076923,6.653343690417344,0.3558791272214719,1.3677041839559152,0.16241554900113517,1.8,0.36,0.56,3.8,1237.6,5281.4,306.8722222222222,0.5222222222222223,1.4,0.28,0.4046702753123409,1.0092062863926734,0.25415184656503415,2.321928094887362,0.04807692307692308,804.9600000000002,1.3486872146118725,0.13204113589233565,0.46804232430151554,0.013307708580398318,0.33253519043105195,0.4185760403443301,17.890917093942853,18.439088914585774,103.5,7.488709235311289,44.97056274847712,0.43449819080654223,104.0,1.2469619895669088,0.8019490636978575,0.19363012690410603,13.321345932761202,0.4185760403443301,7.488709235311289,17.890917093942853,8.0,18.0,18.439088914585774,18.439088914585774,103.5,7.488709235311289,1.2469619895669088,0.8019490636978575,44.97056274847712,0.43449819080654223,104.0
"ytma10_010704_benign1_ccd.tif","a60dbff1-edc4-4442-92fe-95fffdcb5642","Detection","Unclassified",581.1139526367188,555.1533813476562,104.0,,,109.3,148.0,1760869.0,1.372967450366501,22.25,2.2037826437555212,164.0,129.27884615384616,12.411242603550294,130.0,98.0,66.0,9.421768707482991,130.1208388088076,-0.040867433084977416,14.778789850250588,1760869.0,0.4288091715976331,218.4126294378698,6.75208913649025,2.471637808733896,0.12984381805080858,1.0608545867893637,0.3788300835654596,0.4737318645310107,0.34540389972144847,1.0088989299060616,0.2595262296226752,0.8328690807799443,0.8306406685236769,0.9783057512698673,0.9320334261838441,-0.15902776388278347,0.5817300812930492,0.3161559888579388,2.565459610027855,0.24878764131252862,2.3911621736444726,0.3398328690807799,5.13091922005571,1.9651447089843035,0.3599211675887058,3.9118276161379444,15.807692307692308,0.15199704142011836,4.731878698224852,44.59615384615385,0.3994082840236687,7.4423076923076925,36.48076923076923,239.55769230769232,6.564903846153846,0.172008547008547,0.0905187619919763,0.9564073098968932,0.01829549661250223,66.63428571428571,0.3807673469387755,0.5229061224489795,8.491428571428571,8.548571428571428,57.645714285714284,1.5326190476190475,0.16464285714285712,3.5924059702688322,47.114285714285714,0.26922448979591834,0.4206730769230769,2.8977632653061223,0.5103969792678976,5.093938621639132,0.08034148715041571,3.6,0.36,0.9600000000000002,11.2,409.8,2816.6,70.04444444444445,0.18958333333333335,2.6,0.26,0.4723223143424036,5.803395160147392,0.1250382849899219,2.846439344671015,0.09615384615384616,301.64000000000004,1.2137074506608725,0.08145234301356889,2.0748267697783636,0.022021709790267976,0.3890338035666756,0.6436027198081129,14.369771224815079,14.7648230602334,103.5,9.248423843311341,39.213203435596405,0.3788715307787092,104.0,1.0873195971958143,0.9196927955487875,0.23780278129520974,20.092598480579426,0.6436027198081129,9.248423843311341,14.369771224815079,13.0,11.0,14.7648230602334,14.7648230602334,103.5,9.248423843311341,1.0873195971958143,0.9196927955487875,39.213203435596405,0.3788715307787092,104.0
"ytma10_010704_benign1_ccd.tif","e4dbec19-06d7-4674-ac14-7f6b6bc0316a","Detection","Unclassified",447.4707336425781,308.4609680175781,103.0,,,122.4,152.6,1944515.0,1.041970047418719,12.5,3.2278589342757784,169.0,136.98058252427185,8.173814685644263,136.0,117.0,52.0,5.153177869227248,137.40009609809954,0.46489557462198544,10.728765962501987,1944515.0,0.6029786030728627,115.10641907814119,3.8757062146892656,1.5416343929926173,-0.17237364056659146,0.5907705320948643,0.2627118644067797,0.3843766069842457,0.2570621468926554,0.8403165024371186,0.19663091704171853,0.8724105461393596,0.8720338983050848,0.9739895697522817,0.9360169491525425,-0.1182982079805042,0.4507350919397104,0.2521186440677966,1.9477401129943503,0.4538526604743209,1.806206880823914,0.6581920903954802,3.8954802259887003,1.5256702348406674,0.21337059912541095,3.331496231675955,14.495145631067961,0.14072956923366953,5.217079837873503,62.10679611650485,0.24262418701102836,4.281553398058253,42.74757281553398,165.6601941747573,12.763754045307444,0.319848975188781,0.059562438693564444,0.388309760168001,0.014532506323277242,59.472972972972975,0.4018444119795471,0.4497352081811542,4.97972972972973,12.621621621621621,50.810810810810814,3.614864864864865,0.33539789789789787,3.4630433179930815,35.689189189189186,0.24114317019722425,0.3592233009708738,4.872169466764061,0.49067831152938757,3.0687567896610934,0.1406198197909221,3.75,0.46875,0.734375,6.375,775.375,3095.875,200.66666666666666,0.3506944444444444,1.5,0.1875,0.2016264484714004,1.7364103077744906,0.03108634784315874,2.75,0.07766990291262135,609.609375,1.785284391534391,0.10016300220423438,0.7119004469101554,0.020909463863211374,0.20489521082184214,0.5786679717134133,15.043773015096104,15.524174696260024,102.5,8.705349617562645,39.79898987322331,0.388282828031447,103.0,1.1089326865818492,0.901767990158518,0.23032488064402304,18.8488108263136,0.5786679717134133,8.705349617562645,15.043773015096104,9.0,15.0,15.524174696260024,15.524174696260024,102.5,8.705349617562645,1.1089326865818492,0.901767990158518,39.79898987322331,0.388282828031447,103.0
"ytma10_010704_benign1_ccd.tif","aab258b4-def5-4510-84ee-f398e6d1320f","Detection","Unclassified",169.43226623535156,694.8427734375,102.0,,,101.0,121.80000000000001,1249598.0,0.745217654166132,11.75,3.2691680340339384,135.0,110.33333333333333,6.8300653594771275,110.0,88.0,47.0,4.512195121951223,110.6840584018933,0.12991196499164331,8.804336424131067,1249598.0,0.7387543252595156,77.51633986928104,3.8233618233618234,0.9267453358902283,-0.22652991656490024,0.3652730091476532,0.150997150997151,0.41504598695071154,0.150997150997151,0.6123300602203052,0.12819701138789455,0.9245014245014245,0.9245014245014245,0.9849002849002849,0.9622507122507122,-0.16384451883140086,0.44618211578222117,0.150997150997151,1.9415954415954417,0.6357618850496344,1.2439000355264112,0.792022792022792,3.883190883190883,1.09290288452926,0.12906754003620102,3.001112880883592,20.058823529411764,0.1966551326412918,5.093041138023838,75.3529411764706,0.14619377162629754,4.029411764705882,51.92156862745098,202.16666666666666,14.643518518518519,0.3080065359477124,0.056735512106076996,0.29143328936512874,0.021057920853526594,51.836363636363636,0.4712396694214876,0.36330578512396683,4.4363636363636365,22.927272727272726,90.98181818181818,6.236868686868687,0.35303030303030314,3.792118654802764,20.09090909090909,0.18264462809917356,0.2696078431372549,9.1699173553719,0.415359087375113,2.301903521217624,0.13928975781459754,2.3333333333333335,0.3888888888888889,0.8055555555555555,5.5,1274.6666666666667,5077.833333333333,326.4675925925926,0.4305555555555556,1.3333333333333333,0.2222222222222222,0.39614470482670544,2.211025578566081,0.19448209956058582,2.584962500721156,0.058823529411764705,985.6666666666666,0.9232251082251084,0.16739736946990832,0.41496001626457035,0.007291488299968785,0.31990456088831787,0.6300035214466244,14.372344231915942,14.560219778561036,101.5,9.054627477550124,39.21320343559641,0.3863369796610484,102.0,1.0979798481607816,0.9107635278325855,0.23320755846824912,19.32357559770816,0.6300035214466244,9.054627477550124,14.372344231915942,10.0,14.0,14.560219778561036,14.560219778561036,101.5,9.054627477550124,1.0979798481607816,0.9107635278325855,39.21320343559641,0.3863369796610484,102.0
"ytma10_010704_benign1_ccd.tif","4a77400c-2102-4ba4-9c18-7b5eae00e3a4","Detection","Unclassified",852.5393676757812,179.34286499023438,101.0,,,67.0,124.0,860132.0,1.845755382416571,33.0,2.534871210886706,146.0,89.66336633663366,18.39211841976278,82.0,61.0,85.0,14.273646638905406,92.28303427955534,0.7928894869468358,21.83206708088387,860132.0,0.29732379178511914,476.63915302421316,4.011494252873563,12.256377754299425,1.6740710084084618,2.232354009776721,0.7270114942528736,0.5086706976458671,0.5545977011494253,1.3262414588287565,0.4194328841326463,0.7507183908045978,0.7399425287356323,0.9604597701149424,0.8947454844006569,-0.14425383384415183,0.6248104939342539,0.41052043422733087,1.906609195402299,0.14731965913594924,3.1835192807152732,0.25287356321839083,3.8132183908045985,2.449135183414202,0.7398413760073987,4.273822686525858,12.207920792079207,0.12087050289187334,6.051171453779041,30.02970297029703,0.8848152141946867,5.207920792079208,27.613861386138613,78.61386138613861,17.230816831683168,0.4406628162816281,0.16630166588087383,1.6496828296775257,0.02884776962673592,61.00909090909091,0.27731404958677686,0.9202272727272727,6.922727272727273,5.3545454545454545,19.581818181818182,2.985858585858586,0.3125631313131313,3.3216606532390474,96.74545454545455,0.4397520661157025,0.5445544554455446,1.9823140495867768,0.6888376365697794,5.809100778190063,0.13433477204012914,6.052631578947368,0.3185595567867036,0.7867036011080332,10.105263157894736,108.36842105263158,318.94736842105266,66.30299707602339,0.16922514619883042,5.7368421052631575,0.30193905817174516,0.5367331624185269,6.560137524755665,0.05384344392838962,3.070847093622519,0.18811881188118812,80.11080332409972,3.3643298059964732,0.09265690732998703,2.1969217125518603,0.06558416398205591,0.4117527122037163,0.7490588533709958,13.123982478585063,13.601470508735444,100.5,9.830635267069965,38.38477631085022,0.3819380727447783,101.0,1.0801176209726115,0.925825095881254,0.2384254463246841,20.197957532834792,0.7490588533709958,9.830635267069965,13.123982478585063,11.0,12.0,13.601470508735444,13.601470508735444,100.5,9.830635267069965,1.0801176209726115,0.925825095881254,38.38477631085022,0.3819380727447783,101.0
"ytma10_010704_benign1_ccd.tif","e3c3042f-52ac-4f0b-a7fc-74d3b6f2cf02","Detection","Unclassified",32.34950256347656,483.5990905761719,101.0,,,98.0,121.0,1241180.0,0.8280765360976783,11.0,2.8626782544205795,127.0,110.51485148514851,6.963434957357131,112.0,87.0,40.0,5.013209464363473,110.85536022714061,-0.48522673207399214,8.682078800879202,1241180.0,0.694343691794922,75.37849230467603,3.7155172413793105,1.3148040111827315,-0.35163393333059967,0.5215021799445106,0.17816091954022986,0.4907236935278289,0.17816091954022986,0.6760372499791718,0.14641960628880962,0.9109195402298851,0.9109195402298851,0.9821839080459771,0.9554597701149425,-0.21264206764468427,0.5468400670461895,0.17816091954022986,1.9051724137931034,0.5442842515523847,1.4932160273409156,0.7270114942528736,3.810344827586207,1.315055107800686,0.17491577487118512,3.256221235036275,17.396039603960396,0.172238015880796,4.163905499460837,70.12871287128714,0.17194392706597392,3.8613861386138613,48.56435643564357,182.7128712871287,15.346259625962595,0.33965896589658967,0.05189027774659552,0.3076603734636502,0.013616987407357513,59.440677966101696,0.5037345590347602,0.32871301350186727,4.161016949152542,18.016949152542374,69.2542372881356,5.452448210922787,0.36982109227871945,3.690628091200393,20.050847457627118,0.16992243608158575,0.29207920792079206,6.29503016374605,0.34685144524107114,1.8249481538456405,0.11621615697881772,2.2,0.44,0.64,6.4,1413.8,5564.8,378.4944444444444,0.31666666666666665,1.4,0.28,0.4234346859646948,3.8012995591119023,0.04810427014702876,1.9219280948873623,0.04950495049504951,1005.7599999999999,1.4086309523809522,0.11715820915308868,0.5386260277813495,0.010479986410136439,0.27449351007427175,0.678415652923333,13.777741076413367,14.317821063276353,100.5,9.347035208163598,38.384776310850214,0.38193807274477826,101.0,1.0801176209726113,0.9258250958812541,0.23842544632468418,20.197957532834803,0.678415652923333,9.347035208163598,13.777741076413367,14.0,9.0,14.317821063276353,14.317821063276353,100.5,9.347035208163598,1.0801176209726113,0.9258250958812541,38.384776310850214,0.38193807274477826,101.0
"ytma10_010704_benign1_ccd.tif","a9ddebe3-df7f-4cd6-a4a4-904883875734","Detection","Unclassified",712.919189453125,176.12771606445312,100.0,,,122.0,162.0,1928302.0,1.3349991355387647,16.5,2.439348963652038,167.0,138.22,10.82840000000001,135.0,117.0,50.0,8.96155370590566,138.8633140897912,0.617224348753101,13.351089843155128,1928302.0,0.4574,178.25160000000002,4.145772594752187,3.473714023543007,-0.21677898582894883,1.0545436000305997,0.23906705539358603,0.6303879310344829,0.23906705539358603,0.7934853799237664,0.18191399841902606,0.880466472303207,0.880466472303207,0.9760932944606414,0.9402332361516036,-0.2997569054132317,0.7225298438469793,0.23906705539358603,1.9854227405247813,0.34731276933930605,2.093697896268952,0.5568513119533528,3.9708454810495626,1.8546308408753658,0.3234026638560464,3.666497411754096,14.76,0.1476,4.5116,45.74,0.3784,4.54,43.2,166.94,15.409444444444443,0.3483333333333333,0.042525530675233056,0.2528582120811287,0.012263347978080121,51.24460431654676,0.36866621810465294,0.5369287303969773,5.510791366906475,13.251798561151078,54.805755395683455,4.31814548361311,0.327937649880096,3.691775892991491,30.007194244604317,0.21587909528492313,0.3475,4.970653692873039,0.4494225488595837,3.2304366921185417,0.10610628408968635,1.0,0.3333333333333333,0.6666666666666666,4.666666666666667,1524.6666666666667,6544.666666666667,433.0,0.4537037037037037,1.0,0.3333333333333333,0.0019959756633945195,0.008302984534696538,0.0012590655552523942,1.584962500721156,0.03,413.5555555555555,2.2884373609256783,0.10209799219436541,0.7115183555197281,0.03215649206992336,0.24633201027317303,0.8257799064992108,12.678248058109576,13.038404810405298,99.5,10.469442495999527,39.21320343559641,0.39410254709142123,100.0,1.1089599197852604,0.9017458450560057,0.22861233564128855,18.56955803938074,0.8257799064992108,10.469442495999527,12.678248058109576,12.0,12.0,13.038404810405298,13.038404810405298,99.5,10.469442495999527,1.1089599197852604,0.9017458450560057,39.21320343559641,0.39410254709142123,100.0
"ytma10_010704_benign1_ccd.tif","b434dc6c-d486-4002-852d-b415d1d92834","Detection","Unclassified",415.8857727050781,44.4255485534668,99.0,,,76.6,133.4,1143796.0,1.8972877950146394,31.0,2.3931779453052964,163.0,105.1919191919192,18.49301091725334,106.0,68.0,95.0,13.754846979650692,107.4871850477765,0.22037948116423528,22.0942319670925,1143796.0,0.30598918477706355,488.1550862156921,6.830188679245283,14.194049467526007,0.6734715632765724,2.364354653692496,0.6446540880503145,0.5715173046144545,0.5377358490566038,1.2419527904283376,0.3554942446896879,0.7489517819706498,0.7418238993710692,0.9760564202659192,0.912923030847559,-0.17046738680315152,0.681229871219394,0.44418238993710696,2.529874213836478,0.13357857679680393,3.34723335136826,0.2389937106918239,5.0597484276729565,2.6129967054414793,0.7522521854357026,4.36336628247207,14.494949494949495,0.14641363126211612,4.174676053463933,30.292929292929294,0.8248137945107641,7.98989898989899,22.77777777777778,158.75757575757575,4.653094837261503,0.22941358024691355,0.13317724199668646,1.6018633964996398,0.024048894275048003,62.310344827586206,0.2685790725326992,1.0234096313912011,8.681034482758621,4.396551724137931,31.801724137931036,0.9991044061302682,0.23772988505747125,3.5262966037393917,106.24137931034483,0.4579369797859691,0.5858585858585859,1.483055885850178,0.7030453118348233,6.536917837377607,0.17379334457481913,3.933333333333333,0.26222222222222225,1.1555555555555554,12.266666666666667,117.66666666666667,769.1333333333333,25.54375925925926,0.1632037037037037,2.6,0.17333333333333334,0.3858105535981122,6.686957785214247,0.02700528157971818,3.640223928941851,0.15151515151515152,74.10666666666665,1.1348610397396366,0.07844905575297793,4.39828063309044,0.03981938360777254,0.6128991109188882,0.25027338441394814,23.833167795215164,22.561028345356956,98.5,5.964807565414013,52.970562748477114,0.5377722106444377,99.0,1.5056067029260738,0.6641840781238211,0.1441482631524578,7.382799497841207,0.25027338441394814,5.964807565414013,23.833167795215164,8.0,22.0,22.561028345356956,22.561028345356956,98.5,5.964807565414013,1.5056067029260738,0.6641840781238211,52.970562748477114,0.5377722106444377,99.0
"ytma10_010704_benign1_ccd.tif","a1de96d9-2631-48c7-8118-a45acf20a01d","Detection","Unclassified",19.80414581298828,471.5410461425781,99.0,,,90.6,113.80000000000001,1022391.0,1.2302946271736452,10.0,8.69615516527734,159.0,100.93939393939394,7.8708295071931484,99.0,76.0,83.0,4.1826630347700675,101.62274262280967,1.5881121291728266,11.765227126139987,1022391.0,0.46556473829201106,138.42056932966017,2.189910979228486,3.2460710384273628,0.8504907917128409,0.8573818559642153,0.45103857566765587,0.31056017658618007,0.4213649851632048,1.0665130833044176,0.273490124946068,0.7942631058358062,0.7922848664688428,0.9739919706755106,0.9167161226508408,-0.06626692823539503,0.37540675768276427,0.39540059347181017,1.4451038575667654,0.26369431799170545,2.2163695013215547,0.4035608308605341,2.8902077151335317,1.757335134175302,0.32710510790796776,3.7029420746046946,13.88888888888889,0.14029180695847362,4.180185695337211,46.09090909090909,0.37057443118049177,2.696969696969697,29.585858585858585,53.86868686868687,23.734357463524127,0.6378367003367004,0.09343956222593788,0.4486416969518821,0.039906830015957,88.77551020408163,0.4529362765514369,0.4240941274468971,3.3979591836734695,6.0,12.39795918367347,4.559948979591836,0.5145975056689343,3.1092029633935576,64.61224489795919,0.3296543107038734,0.494949494949495,1.9179508538109122,0.5820006493243557,2.4277092661044013,0.22962174405854557,4.2,0.42,0.6900000000000001,5.1,308.5,459.1,272.13125,0.36736111111111114,1.8,0.18,0.32964750606124793,2.274030239546799,0.1371475017022059,3.321928094887362,0.10101010101010101,210.49000000000007,2.9583353929807217,0.05789751805120128,3.1828599220555724,0.024987185661474714,0.5134690142418118,0.5456761763217306,15.369139152664191,15.811388300841896,98.5,8.386573086182398,40.38477631085022,0.40999772904416465,99.0,1.1478750980710375,0.8711749228469751,0.21653832429206568,16.659876950296763,0.5456761763217306,8.386573086182398,15.369139152664191,15.0,9.0,15.811388300841896,15.811388300841896,98.5,8.386573086182398,1.1478750980710375,0.8711749228469751,40.38477631085022,0.40999772904416465,99.0
"ytma10_010704_benign1_ccd.tif","6bd9bc1e-5dbd-44cd-98b5-4fc75952e5e4","Detection","Unclassified",73.53045654296875,762.0355224609375,99.0,,,105.0,131.0,1388335.0,1.0997721960765068,15.5,3.734178572914839,154.0,117.84848484848484,9.191307009488828,116.0,96.0,58.0,6.616299821534802,118.42122216303063,0.7940986122777345,11.632733019471207,1388335.0,0.5696357514539333,135.32047750229572,4.879765395894427,1.9512747661147924,0.46705834771119403,0.6684841031638874,0.29325513196480935,0.3901566635667787,0.28739002932551316,0.8850170479843624,0.21066210300909005,0.8572825024437927,0.8568914956011728,0.9828531999309988,0.9427174975562075,-0.11507501738384678,0.45419188601960614,0.282258064516129,2.187683284457478,0.41813795890988203,1.8921930057629253,0.6217008797653959,4.375366568914956,1.5891863517759577,0.24043480878217421,3.4914461303129127,13.141414141414142,0.1327415569839812,5.641465156616673,56.39393939393939,0.28466483011937554,5.313131313131313,40.7979797979798,178.92929292929293,9.947109988776656,0.236672278338945,0.07733530346294896,0.7105617525723346,0.013379607758741356,61.171052631578945,0.40244113573407203,0.4721260387811635,6.526315789473684,11.93421052631579,54.0,2.8961988304093564,0.22697368421052636,3.5102600352939413,43.44736842105263,0.28583795013850416,0.3838383838383838,5.146814404432132,0.5450988233327783,4.23314565882819,0.11653456410155064,2.75,0.34375,0.859375,9.125,660.375,2785.5,161.88020833333334,0.22743055555555558,2.0,0.25,0.40844032954714654,5.314727871476568,0.04557860405471305,2.75,0.08080808080808081,507.234375,1.1974758418011555,0.08647897664464484,1.760682861811104,0.013726052479362188,0.4471835021733189,0.9456320271608158,11.586851621592025,12.165525060596439,98.5,10.956897987337653,37.79898987322331,0.3837460900834854,99.0,1.0743780991565162,0.9307710207282617,0.23913382087853335,20.318154213770626,0.9456320271608158,10.956897987337653,11.586851621592025,11.0,12.0,12.165525060596439,12.165525060596439,98.5,10.956897987337653,1.0743780991565162,0.9307710207282617,37.79898987322331,0.3837460900834854,99.0
"ytma10_010704_benign1_ccd.tif","215f8107-f8d5-4545-b04c-28bdc3df512d","Detection","Unclassified",876.9840087890625,354.44775390625,97.0,,,80.6,113.0,885325.0,0.9039324555927868,18.0,2.2239864861042453,119.0,94.83505154639175,9.548304814539266,93.0,75.0,44.0,7.3440153821503,95.53565750896418,0.3539660168327774,11.548803135534106,885325.0,0.5650972473163992,133.3748538633224,1.625,0.7481315580957933,0.41437235430783026,0.518209027364664,0.2225609756097561,0.39910910345692957,0.2225609756097561,0.7648162753581751,0.17302758774538968,0.888719512195122,0.888719512195122,0.9554878048780487,0.9258130081300814,-0.13021703999152273,0.43463728485173786,0.2225609756097561,1.2454268292682928,0.45658741076740034,1.5032101971927836,0.6432926829268293,2.4908536585365857,1.2806492215830276,0.18519250074360502,3.1616615759975497,15.783505154639176,0.16271654798597088,5.057285577638432,54.81443298969072,0.2174513763418004,1.958762886597938,44.21649484536083,59.77319587628866,40.327319587628864,0.7603092783505154,0.04592212228534025,0.13877435596231621,0.022709063866096266,69.2406015037594,0.5206060263440556,0.23969698682797222,2.8045112781954886,14.045112781954888,19.729323308270676,12.62406015037594,0.5488721804511278,3.0895763546852733,29.67669172932331,0.22313302052122788,0.3427835051546392,5.534512974164737,0.46706445896088017,1.7427160880335617,0.1481515516927098,2.5,0.625,0.1875,3.25,1223.25,1626.0,1122.5625,0.4375,1.0,0.25,0.06817596184479302,0.27253167107063214,0.01708703453833324,2.0,0.041237113402061855,635.1875,135.18467261904738,0.08969212089722943,0.22988147113452673,0.05313787867380448,0.0843754708452614,0.47159225162351415,16.29169804465802,16.401219466856727,96.5,7.683038563650679,41.213203435596405,0.4270798283481493,97.0,1.1834986971141388,0.8449523454807473,0.205777467342219,15.045197100629093,0.47159225162351415,7.683038563650679,16.29169804465802,12.0,13.0,16.401219466856727,16.401219466856727,96.5,7.683038563650679,1.1834986971141388,0.8449523454807473,41.213203435596405,0.4270798283481493,97.0
"ytma10_010704_benign1_ccd.tif","ee8f311f-20ea-4177-b100-4008d7650a30","Detection","Unclassified",514.3734130859375,695.0106811523438,94.0,,,110.0,143.7,1478947.0,1.1152272650943258,22.0,1.8816312228439256,153.0,124.79787234042553,11.052965142598463,121.5,105.0,48.0,8.944510035419125,125.43316436813772,0.3659132985046031,12.608321962382915,1478947.0,0.48755092802172934,158.96978270710736,2.12111801242236,1.165538302101316,0.36974001990280647,0.799853400717565,0.2670807453416149,0.499349146658953,0.2546583850931677,0.8507110505006193,0.20222985224335482,0.8747412008281574,0.8739130434782609,0.9738652651696129,0.9369565217391305,-0.19223348549551236,0.5761520147728583,0.24378881987577639,1.4099378881987576,0.33260676671424716,1.8967614052703203,0.48757763975155277,2.8198757763975153,1.6056500556829454,0.266733536514795,3.787577775769529,12.957446808510639,0.13784517881394295,5.42462652784065,45.829787234042556,0.29153463105477584,2.4468085106382977,43.234042553191486,86.29787234042553,32.491725768321515,0.6619385342789598,0.090256417086141,0.42665697553647147,0.02979693941209266,61.865671641791046,0.46168411672978393,0.3373245711739808,3.156716417910448,11.985074626865671,24.64179104477612,8.887230514096187,0.5271558872305141,3.419639365809997,30.850746268656717,0.2302294497660949,0.35638297872340424,4.111606148362664,0.46410462685627035,1.9870224674999903,0.14971015840346644,3.75,0.46875,0.359375,4.875,463.25,840.25,369.27777777777777,0.3090277777777778,3.5,0.4375,0.6286485228736639,3.764455408062703,0.12247457935418193,2.1556390622295662,0.0851063829787234,325.1875,3.656064993564993,0.08686048200087125,0.9528060962281921,0.027213837230549175,0.2828925085445085,0.7510019542131193,12.639615913183134,13.038404810405298,93.5,9.492376251303774,36.97056274847713,0.3954070882190067,94.0,1.0785625182658147,0.9271599773445374,0.23466730331179209,19.566241584471975,0.7510019542131193,9.492376251303774,12.639615913183134,10.0,12.0,13.038404810405298,13.038404810405298,93.5,9.492376251303774,1.0785625182658147,0.9271599773445374,36.97056274847713,0.3954070882190067,94.0
"ytma10_010704_benign1_ccd.tif","f6eadb0f-a0ef-4c49-8f5e-5897c5872154","Detection","Unclassified",337.5450744628906,199.8337860107422,92.0,,,126.0,153.9,1777751.0,1.0764085838718433,16.0,2.5407877671424113,169.0,138.59782608695653,8.884688090737235,137.0,119.0,50.0,6.6173766185025364,139.00856245132027,0.39172865413403807,10.678157085956496,1777751.0,0.5744328922495274,114.02303875236294,4.425087108013938,1.6116617687277779,0.2116270104830808,0.6595928079738737,0.2961672473867596,0.3802476976818038,0.2961672473867596,0.8765551876946174,0.20845220896210953,0.8519163763066202,0.8519163763066202,0.9703832752613241,0.9259581881533102,-0.11628987701203024,0.4615203432924436,0.2961672473867596,2.081881533101045,0.3965873083320181,1.9399880824097875,0.6062717770034843,4.16376306620209,1.6438208350230277,0.23894001384015834,3.4614043394509446,13.195652173913043,0.14343100189035918,4.08601134215501,52.84782608695652,0.25744328922495274,4.75,33.15217391304348,146.09782608695653,8.22493961352657,0.27989130434782605,0.08754766902735328,0.5455560142736643,0.026121938056623623,70.87951807228916,0.42698504862824793,0.4092030773697197,5.0602409638554215,10.024096385542169,43.66265060240964,2.591700133868809,0.3129183400267738,3.1409612226258483,50.74698795180723,0.3057047466976339,0.45108695652173914,5.109595006532153,0.5447881279887389,2.894430289732733,0.20136278761223755,3.75,0.46875,0.734375,6.375,583.75,2423.125,145.57291666666666,0.3506944444444445,2.0,0.25,0.41148617917873326,3.529625272270488,0.06501467751073267,2.4056390622295662,0.08695652173913043,451.5,2.1233056805399313,0.08529264715133818,0.9015673626677463,0.02618295081888031,0.20058379139875757,0.18309633938605752,25.808603387982746,25.019992006393608,91.5,4.725460805006243,54.72792206135784,0.598119366790796,92.0,1.6139626490431758,0.6195930250262245,0.12750661585562562,5.77653866733729,0.18309633938605752,4.725460805006243,25.808603387982746,5.0,25.0,25.019992006393608,25.019992006393608,91.5,4.725460805006243,1.6139626490431758,0.6195930250262245,54.72792206135784,0.598119366790796,92.0
"ytma10_010704_benign1_ccd.tif","e58304f1-f0ad-4eb6-a997-c89f3d541858","Detection","Unclassified",167.4143829345703,418.7513732910156,92.0,,,90.0,160.0,1416796.0,1.972007284217098,45.75,1.7425088942099034,173.0,121.19565217391305,23.643194706994333,113.5,80.0,93.0,19.51680058436815,124.0965612808797,0.2840286930035162,26.675277240902613,1416796.0,0.2599243856332703,711.5704158790169,6.252396166134185,34.313964865556336,3.2611059695906377,4.343353509783707,0.4408945686900959,0.8156890857420824,0.40894568690095845,1.063072885648228,0.27365799385519907,0.8008519701810436,0.7987220447284344,0.9746288291674499,0.9192758253461129,-0.360237925570105,0.8692989101447764,0.3809904153354632,2.2971246006389774,0.12753524073941755,3.20743859149598,0.20447284345047922,4.594249201277955,2.7398130572026496,1.1960620196184508,4.5383178370196715,12.934782608695652,0.14059546313799623,3.830812854442343,23.91304347826087,1.1895085066162574,6.804347826086956,30.152173913043477,197.2608695652174,14.016606280193237,0.37771739130434784,0.07170104313867254,0.5401740612710463,0.017779703152899645,48.561797752808985,0.2728190884989269,0.9675546016917055,7.022471910112359,6.0,39.359550561797754,2.6363139825218473,0.3121098626716604,3.779885413136731,55.37078651685393,0.31107183436434793,0.483695652173913,1.7257921979548037,0.5600132168972458,4.103571269331702,0.13160670030340474,2.0,0.3333333333333333,0.888888888888889,8.0,343.6666666666667,2041.6666666666667,141.11111111111111,0.2743055555555556,1.0,0.16666666666666666,0.17896073033092263,1.6103224989042297,0.020147192773394693,2.584962500721156,0.06521739130434782,108.55555555555556,2.0039819376026275,0.131921256939181,1.5828275608951485,0.06293866824027325,0.6728550618307868,0.7238607423136826,12.785944030568047,13.601470508735444,91.5,9.255242937148184,37.79898987322332,0.41310371446145705,92.0,1.1147172326138575,0.8970884909127479,0.22213953919173393,17.532909027930742,0.7238607423136826,9.255242937148184,12.785944030568047,10.0,13.0,13.601470508735444,13.601470508735444,91.5,9.255242937148184,1.1147172326138575,0.8970884909127479,37.79898987322332,0.41310371446145705,92.0
"ytma10_010704_benign1_ccd.tif","89e04a83-9f64-4dd7-8298-b5f880a0956c","Detection","Unclassified",774.5670166015625,536.08935546875,90.0,,,51.9,112.30000000000003,588211.0,1.8361351289080472,33.75,3.8611300805760473,159.0,76.78888888888889,20.24493827160493,68.0,48.0,111.0,14.173996913580245,80.84353887465453,1.1609970261368276,25.28130378338219,588211.0,0.3617283950617284,639.1443209876545,6.270358306188926,23.694341050464693,4.189193965130065,2.248384598245074,0.8175895765472314,0.4666689737511464,0.5570032573289903,1.3889531606208494,0.507336947872126,0.7606948968512488,0.7470971450469441,0.9793305206985985,0.9248642779587407,-0.13920221636694224,0.600750592845056,0.36574828085414407,2.431596091205212,0.23895213742320864,2.9923099408836764,0.4560260586319218,4.8631921824104225,2.3343990867421742,0.7664935436980763,3.7224551198234157,11.777777777777779,0.1308641975308642,6.537777777777778,32.55555555555556,1.01,7.944444444444445,29.57777777777778,136.7888888888889,7.295672839506172,0.21441358024691357,0.13214249671061842,2.0375977646202514,0.017264276441029087,47.476190476190474,0.25119677500629883,1.2892136278379667,10.544973544973544,6.063492063492063,34.095238095238095,1.4327689594356259,0.18796590241034689,3.5270081638054225,84.11111111111111,0.4450323339212228,0.525,2.435374149659864,0.6918727504229204,8.692130919387155,0.11446138605108903,3.8,0.25333333333333335,1.4933333333333334,15.933333333333334,168.93333333333334,763.6666666666666,40.945296296296306,0.14040740740740743,3.933333333333333,0.26222222222222225,0.37694044359020007,8.158985983052542,0.02320110510055721,3.1068905956085184,0.16666666666666666,132.93333333333334,0.7072191930207198,0.09714426694627767,6.2622632310774025,0.03132068779936714,1.340840584655633,0.882045536360277,11.424633728694895,12.041594578792296,89.5,10.0770471849464,36.627416997969505,0.40924488265887715,90.0,1.0921689944302277,0.9156092189942534,0.22779210069530567,18.43654617779186,0.882045536360277,10.0770471849464,11.424633728694895,11.0,12.0,12.041594578792296,12.041594578792296,89.5,10.0770471849464,1.0921689944302277,0.9156092189942534,36.627416997969505,0.40924488265887715,90.0
"ytma10_010704_benign1_ccd.tif","0d9a68bd-82b8-41fd-aece-c25316be2ffb","Detection","Unclassified",468.6139221191406,149.96234130859375,89.0,,,88.8,130.60000000000002,1084704.0,1.565225468977844,20.0,3.3013806979514513,157.0,109.07865168539325,13.08067163236964,107.0,76.0,81.0,8.468161079150965,110.39785049202013,0.6209234418915416,17.015673355911648,1084704.0,0.39224845347809617,289.53313975508155,3.5247524752475248,5.707129377962225,0.7354756127182813,1.32668910455402,0.6237623762376237,0.3603918042765638,0.5181518151815181,1.2340032374331158,0.3552810726617216,0.7585258525852585,0.7514851485148513,0.9651718112987768,0.8998899889988999,-0.0749259634887784,0.4445463787721697,0.42574257425742573,1.8300330033003303,0.18788463004716316,2.8284776196797377,0.3333333333333333,3.6600660066006596,2.1776373354471366,0.48761287019791094,4.126690247382064,11.696629213483146,0.13142280015149602,4.589824517106426,34.91011235955056,0.557252872112107,4.292134831460674,26.123595505617978,83.52808988764045,12.843398876404494,0.4340667915106117,0.12189868425522518,0.9190115353257409,0.03175055194258312,65.1340206185567,0.33574237432245724,0.6904028058242108,5.11340206185567,5.144329896907217,18.690721649484537,2.373067010309278,0.38885309278350516,3.319227162519274,82.87628865979381,0.42719736422574134,0.5449438202247191,1.7769157189924547,0.6775235815975875,4.015824566940178,0.22672733010730067,4.2,0.42,0.6900000000000001,9.1,298.1,1034.4,120.65347222222222,0.2041666666666667,2.8,0.28,0.4779811805555555,5.175333611111112,0.04718088155864197,2.6464393446710153,0.11235955056179775,218.89000000000004,2.0006556569996428,0.0836192037832209,2.6160624885057664,0.04174924204723707,0.42576666686727294,0.7418416371243138,12.423393609074832,13.152946437965905,88.5,9.216190653595811,36.627416997969505,0.41386911862112435,89.0,1.098322107875364,0.9104797152216465,0.22524693755904526,18.02685793839272,0.7418416371243138,9.216190653595811,12.423393609074832,10.0,13.0,13.152946437965905,13.152946437965905,88.5,9.216190653595811,1.098322107875364,0.9104797152216465,36.627416997969505,0.41386911862112435,89.0
"ytma10_010704_benign1_ccd.tif","b114963d-07d1-434a-8e3a-8fd2692b45ef","Detection","Unclassified",247.1501922607422,153.95997619628906,89.0,,,116.0,134.0,1366862.0,0.9845543528607514,11.0,2.0197508603588865,137.0,123.75280898876404,5.6490342128519115,123.0,111.0,26.0,4.908612754766602,123.92739810066215,0.14775478552539553,6.57588529328797,1366862.0,0.5106678449690696,43.24226739048101,2.2532894736842106,0.7778735880651564,0.1157538367701193,0.7651380713296398,0.22697368421052633,0.5424433125743016,0.22697368421052633,0.7726983359420441,0.1754566308864266,0.8865131578947367,0.8865131578947367,0.9546052631578947,0.924342105263158,-0.22456298531326072,0.6001492386007632,0.22697368421052633,1.455592105263158,0.3284874913434903,1.765321160135121,0.4309210526315789,2.911184210526316,1.5383474759245948,0.24802793888504154,3.4441266708734193,15.9438202247191,0.17914404746875395,2.4941295290998613,45.449438202247194,0.2446660775154652,2.2808988764044944,41.943820224719104,99.98876404494382,27.43258426966292,0.6797752808988764,0.03166128790259341,0.07384293053467746,0.0211158772445724,63.082644628099175,0.5213441704801585,0.23932791475992077,2.190082644628099,11.619834710743802,28.52892561983471,7.392561983471074,0.7024793388429752,3.4150884002834596,24.801652892561982,0.2049723379550577,0.3398876404494382,2.963595382829042,0.31007120394836846,0.7264217728719893,0.20598356171746324,1.6666666666666667,0.5555555555555556,0.2222222222222222,2.0,1055.0,2499.0,694.0,0.75,1.0,0.3333333333333333,0.003193994528513542,0.00388651530413681,0.0030208643346077246,1.584962500721156,0.033707865168539325,174.8888888888889,16.71435714285714,0.10649527138772913,0.21101321983155083,0.051682272553828595,0.10638297872340427,0.830616788957943,11.743203213235237,12.649110640673518,88.5,9.754101745058051,36.0416305603426,0.4072500628287299,89.0,1.0807565177335625,0.9252777879120121,0.23076061532199768,18.920195640265817,0.830616788957943,9.754101745058051,11.743203213235237,11.0,12.0,12.649110640673518,12.649110640673518,88.5,9.754101745058051,1.0807565177335625,0.9252777879120121,36.0416305603426,0.4072500628287299,89.0
"ytma10_010704_benign1_ccd.tif","9c3a6b2b-8a2c-4183-aa6c-d2d4d3e55737","Detection","Unclassified",891.388427734375,576.2066650390625,89.0,,,84.8,134.0,1013727.0,1.7150585764049708,19.0,3.0040542730645057,158.0,105.11235955056179,14.42595631864663,101.0,68.0,90.0,10.035879629629635,106.72483783654091,0.5661267315329208,18.48196096060629,1013727.0,0.3442747127887893,341.582880949375,7.174342105263159,7.121856799748314,0.4467579093162289,1.7136426592797787,0.44078947368421045,0.5908068145290902,0.39473684210526316,1.0765460700457883,0.28497229916897504,0.8103070175438597,0.8072368421052631,0.983413025268742,0.9353070175438597,-0.2253509829510806,0.7137879393652012,0.3544407894736841,2.6184210526315788,0.20081479397506927,2.8047608139851596,0.3223684210526316,5.236842105263158,2.32447885072345,0.5386080332409972,4.089075394229198,11.157303370786517,0.1253629592223204,5.307915667213734,30.640449438202246,0.651432899886378,8.044943820224718,33.31460674157304,210.62921348314606,6.513714107365792,0.187247191011236,0.09144046309743208,1.1825929340733379,0.012688049730920251,48.72121212121212,0.29528007346189167,0.8536271808999083,9.672727272727272,7.260606060606061,49.45454545454545,1.4041683501683502,0.17937878787878786,3.6509231394086927,54.15151515151515,0.32819100091827363,0.46348314606741575,2.6054729109274564,0.5880979609015323,6.745817254174397,0.09912290755247108,3.2,0.32,1.2399999999999998,12.8,232.1,1503.0,43.372055555555555,0.18247222222222223,2.0,0.2,0.26615151112528346,4.9463443257511335,0.02512500885770975,3.121928094887362,0.11235955056179775,152.89000000000001,0.6925584415584418,0.1168263731318094,3.2886896961441057,0.022914300385650187,0.8721463079695082,0.8318017447199539,11.758824864537743,12.206555615733702,88.5,9.781011038178871,35.556349186104036,0.4017666574701021,89.0,1.0662047063979203,0.9379061956858293,0.23550091044791913,19.705498552333047,0.8318017447199539,9.781011038178871,11.758824864537743,10.0,11.0,12.206555615733702,12.206555615733702,88.5,9.781011038178871,1.0662047063979203,0.9379061956858293,35.556349186104036,0.4017666574701021,89.0
"ytma10_010704_benign1_ccd.tif","181a584b-f25a-4f31-9462-5127cfcfe992","Detection","Unclassified",674.0977783203125,73.87909698486328,87.0,,,86.0,132.4,1090479.0,1.5978042042980372,25.5,2.2449313618003854,151.0,110.51724137931035,14.89100277447484,110.0,75.0,76.0,11.248163265306124,111.95642625285225,0.002388579415559272,17.893594865694205,1090479.0,0.35367948209803146,320.18073721759805,3.4175824175824174,4.305325789016112,0.35198816577877234,1.3665284654295644,0.7142857142857142,0.3134555490356652,0.5897435897435896,1.2740826373633667,0.3664882126420588,0.725885225885226,0.7175824175824176,0.960180995475113,0.8862026862026864,-0.06927455902149166,0.43566233801069526,0.4807692307692306,1.8040293040293038,0.15516107823800135,2.9330520799883737,0.23076923076923078,3.608058608058608,2.1785934004454774,0.5202035449288196,3.784650572223985,13.160919540229886,0.15127493724402166,4.056282203725724,30.770114942528735,0.5725987580922183,4.390804597701149,19.7816091954023,52.7816091954023,12.406848659003831,0.44005427841634737,0.1932428421560195,1.477826973701358,0.04136209946409385,76.61643835616438,0.3498467504847689,0.5848501907800088,5.269406392694064,3.7442922374429224,12.730593607305936,2.036149162861492,0.354388635210553,2.9152963404498733,108.44292237442923,0.4951731615270741,0.6293103448275862,1.219240633014324,0.7307406630841073,4.410189430414479,0.2090829923631891,9.5,0.475,0.5275,7.55,63.25,182.4,35.714236111111106,0.22534722222222223,5.9,0.295,0.529619592451019,4.944583704817729,0.06496035448279841,2.6841837197791887,0.22988505747126436,44.3275,2.112118320610687,0.07860853851366613,2.981335827880239,0.0476617165309485,0.39046069600412686,0.20136111083522848,23.58553814392205,22.825424421026653,86.5,4.749210160306797,51.698484809834966,0.5976703446223696,87.0,1.5680677725411603,0.637727538000116,0.13128782355173865,6.124225080677036,0.20136111083522848,4.749210160306797,23.58553814392205,20.0,12.0,22.825424421026653,22.825424421026653,86.5,4.749210160306797,1.5680677725411603,0.637727538000116,51.698484809834966,0.5976703446223696,87.0
"ytma10_010704_benign1_ccd.tif","48cbf41b-11ac-40cb-bc25-cb43f859a72c","Detection","Unclassified",12.616371154785156,690.473388671875,85.0,,,97.0,115.60000000000001,974590.0,0.7219280948873623,11.0,2.2941046276644,124.0,106.82352941176471,6.182698961937715,107.0,91.0,33.0,4.773787019533708,107.07831108997915,-0.02082353843818314,7.382294351771255,974590.0,0.6800000000000002,54.49826989619377,3.309859154929577,0.7382122721252186,-0.43054759074183246,0.45084060702241613,0.18661971830985916,0.41448993484391694,0.18661971830985916,0.6943463707055313,0.15179279904780799,0.9066901408450704,0.9066901408450704,0.9626760563380281,0.9377934272300469,-0.14661532711963648,0.43621439125899636,0.18661971830985916,1.801056338028169,0.5294770382860543,1.334085528353028,0.7077464788732394,3.602112676056338,1.147465810043169,0.15936508133306884,3.2033198164991177,14.223529411764705,0.1673356401384083,4.739930795847751,57.8,0.16,3.4,46.15294117647059,171.65882352941176,14.776470588235295,0.4,0.04121423198909193,0.13028830050538734,0.01894571486001808,59.4954128440367,0.5458294756333641,0.2270852621833179,2.9541284403669725,16.36697247706422,60.95412844036697,5.220183486238532,0.5114678899082569,3.295803974607805,22.96330275229358,0.21067250231461998,0.3205882352941177,6.637151754902787,0.4399309745134886,1.1857677100741755,0.25347179062331693,2.0,0.5,0.25,2.5,1097.75,4273.25,303.875,0.625,1.0,0.25,0.0368475095223347,0.12035835764856745,0.01596979749077651,2.0,0.047058823529411764,646.1875,3.0180272108843536,0.11833652654119237,0.19883473389355744,0.030512044817927183,0.12338425381903641,0.5731114361244122,13.9367061856948,14.317821063276353,84.5,7.987285696927524,38.14213562373094,0.4513862203991827,85.0,1.1705008127009184,0.8543351607697823,0.20238310913066573,14.55294115212131,0.5731114361244122,7.987285696927524,13.9367061856948,8.0,14.0,14.317821063276353,14.317821063276353,84.5,7.987285696927524,1.1705008127009184,0.8543351607697823,38.14213562373094,0.4513862203991827,85.0
"ytma10_010704_benign1_ccd.tif","d7b4411a-67ba-4243-986e-fbe4d8652f9a","Detection","Unclassified",49.89421081542969,148.9750518798828,84.0,,,78.3,100.7,692062.0,0.5600443203590992,15.25,1.993879474369148,110.0,90.35714285714286,7.39625850340136,91.0,76.0,34.0,5.71900826446281,90.7680193313335,0.03371842217117487,8.62670667330302,692062.0,0.7723922902494331,74.42006802721089,1.2014134275618376,0.3326563148602689,0.21625182267413023,0.1949331368852152,0.127208480565371,0.21023255813953493,0.127208480565371,0.5497324256822759,0.11102648303762062,0.9363957597173145,0.9363957597173145,0.9745583038869259,0.9575971731448762,-0.05227540303283623,0.20988427888679909,0.127208480565371,1.088339222614841,0.7279027082370862,0.8392782871697942,0.8480565371024735,2.176678445229682,0.7120698066044232,0.08053540436264656,2.670925115892395,17.785714285714285,0.21173469387755103,5.557256235827665,64.88095238095238,0.11380385487528345,1.3928571428571428,52.904761904761905,55.226190476190474,52.32440476190476,0.9017857142857143,0.06784934244861966,0.21665886625814348,0.030646961496238707,45.764044943820224,0.5142027521777554,0.24289862391112232,2.247191011235955,22.674157303370787,25.03370786516854,22.084269662921347,0.6882022471910112,3.0666030182313384,18.730337078651687,0.21045322560282792,0.2648809523809524,8.421411437949752,0.4404109092659119,1.5793996733108557,0.155663718254676,3.4,0.68,0.16,3.4,1079.2,1119.4,1069.15,0.4,2.2,0.44,0.603162530493526,2.412537530493526,0.15081878049352598,1.3709505944546687,0.05952380952380952,796.9600000000002,4.767588702147526,0.17273499523852656,0.13783844887161215,0.018249583587214173,0.14847547503314185,0.5852176486796591,13.680026009675608,13.92838827718412,83.5,8.005792655258938,36.627416997969505,0.4386517005744851,84.0,1.130727938705508,0.8843860364366963,0.21252112187774327,16.04746532107104,0.5852176486796591,8.005792655258938,13.680026009675608,13.0,10.0,13.92838827718412,13.92838827718412,83.5,8.005792655258938,1.130727938705508,0.8843860364366963,36.627416997969505,0.4386517005744851,84.0
"ytma10_010704_benign1_ccd.tif","033b0fe9-79a1-4920-96a8-873f2f23b7e8","Detection","Unclassified",501.5756530761719,28.534765243530273,82.0,,,101.1,140.8,1219625.0,1.470892485676895,23.0,2.4918398009527856,161.0,120.9390243902439,13.179952409280185,119.0,95.0,66.0,9.625,121.95685962567295,0.45672799372970485,15.72348527814645,1219625.0,0.41909577632361694,247.22798929208813,5.587121212121211,5.791681814481176,0.6087116212051664,1.4045999770431585,0.30681818181818177,0.641445686164371,0.30681818181818177,0.8894663896628687,0.21268078512396693,0.8465909090909091,0.8465909090909091,0.9819518716577539,0.9386363636363636,-0.26730345131278577,0.7297875871241916,0.30681818181818177,2.304924242424242,0.2645417240587695,2.4649876405544915,0.45075757575757575,4.609848484848485,2.1581694587363094,0.42785453971533516,3.822373194771256,13.195121951219512,0.1609161213563355,3.34622248661511,34.36585365853659,0.4574657941701369,6.170731707317073,33.19512195121951,175.6341463414634,7.894478319783198,0.2374661246612466,0.06156083311825182,0.5052321536112186,0.012050523320213362,51.93793103448276,0.358192627824019,0.5938644470868015,7.0,7.6689655172413795,42.19310344827586,1.7941570881226052,0.2349137931034483,3.5824677246020964,40.57241379310345,0.2798097502972652,0.4420731707317073,2.552009512485137,0.48868176862060275,3.965952541680784,0.10751076283003623,2.0,0.3333333333333333,0.888888888888889,8.0,398.0,1954.0,92.6111111111111,0.2743055555555556,1.0,0.16666666666666666,0.18579019989133236,1.6912646915839742,0.0260748724167596,2.584962500721156,0.07317073170731707,211.22222222222226,1.0580357142857142,0.12109704641350212,1.630272771889009,0.021844965748007195,0.5855141601834059,0.30437652450037,18.929006178132596,18.35755975068582,81.5,5.761545112746031,44.284271247461874,0.5433652913799003,82.0,1.3837759102825837,0.7226603618181126,0.15603011157924362,8.650059290595372,0.30437652450037,5.761545112746031,18.929006178132596,16.0,12.0,18.35755975068582,18.35755975068582,81.5,5.761545112746031,1.3837759102825837,0.7226603618181126,44.284271247461874,0.5433652913799003,82.0
"ytma10_010704_benign1_ccd.tif","83e0cf1c-a24e-45ca-afe4-3a1ac52e4037","Detection","Unclassified",168.9636993408203,400.86553955078125,82.0,,,104.0,137.0,1176002.0,1.0767129416796728,19.75,2.3522793775733004,149.0,119.04878048780488,10.835217132659134,116.5,98.0,51.0,8.052341597796143,119.75595102072401,0.4654128788808597,12.995217168039071,1176002.0,0.5193337299226651,168.8756692444974,5.234657039711191,1.3848269177792096,0.32821294769302367,0.7550209177755476,0.24548736462093862,0.5092746977907462,0.24548736462093862,0.8040471053635292,0.185223318432405,0.8772563176895307,0.8772563176895307,0.9754512635379062,0.9386281588447654,-0.19729176929489683,0.580499031384632,0.24548736462093862,2.2599277978339347,0.37001655176009063,1.8774751590636645,0.5595667870036101,4.51985559566787,1.631987794442726,0.2501270705991216,3.4616283211264767,12.951219512195122,0.15794170136823318,4.161213563355146,42.58536585365854,0.2653182629387269,5.634146341463414,41.34146341463415,209.9512195121951,9.161924119241192,0.22086720867208673,0.05061522147250951,0.3290863836501177,0.013201471080753889,53.26890756302521,0.4476378786808841,0.3636748817173929,6.302521008403361,11.697478991596638,60.23529411764706,2.606909430438842,0.2252567693744164,3.3738359343018143,25.789915966386555,0.21672198291081138,0.3628048780487805,4.100275404279358,0.42532199558296363,2.975360111183395,0.10595361202988345,2.2,0.44,0.64,6.4,642.4,3071.2,147.2,0.3166666666666667,1.4,0.28,0.1129871876375373,0.6165148662526285,0.05700884925098212,2.321928094887362,0.06097560975609756,373.44,1.8492063492063489,0.10868467558697299,0.896684034499075,0.02232684511790673,0.29926404272956414,0.6382025501049698,12.809370990787185,13.416407864998739,81.5,8.174973231561006,34.727922061357845,0.426109473145495,82.0,1.0851632105255058,0.9215203669830787,0.22468003101416315,17.936231326807466,0.6382025501049698,8.174973231561006,12.809370990787185,8.0,12.0,13.416407864998739,13.416407864998739,81.5,8.174973231561006,1.0851632105255058,0.9215203669830787,34.727922061357845,0.426109473145495,82.0
"ytma10_010704_benign1_ccd.tif","2fd33b82-3d31-40bb-99de-1a1178e90159","Detection","Unclassified",686.8046875,485.4407043457031,82.0,,,105.0,137.9,1198145.0,1.2517302254373834,14.75,3.713956060564422,161.0,120.13414634146342,10.11808447352766,118.0,90.0,71.0,6.350295857988164,120.87813859521458,0.7363248574396486,13.390715927528108,1198145.0,0.5237953599048187,179.31127305175494,4.880434782608696,3.2471743001473916,0.7308773313668726,0.7991362108800673,0.4021739130434782,0.3304411491514681,0.3369565217391304,1.0360479098990607,0.28863421550094515,0.8423913043478263,0.8380434782608698,0.9774936061381075,0.9347826086956522,-0.08771394813953276,0.4168363737207293,0.279891304347826,2.1865942028985508,0.4005592312539383,2.080517495218002,0.6123188405797102,4.3731884057971016,1.6863363810170187,0.3003275309808864,3.441511978430826,10.829268292682928,0.132064247471743,5.94824509220702,42.951219512195124,0.37775133848899467,5.634146341463414,38.24390243902439,165.90243902439025,9.45342140921409,0.2361111111111111,0.09347274840378789,0.8648801535067504,0.015304915496008702,49.01470588235294,0.3604022491349481,0.5838559688581316,7.169117647058823,9.441176470588236,44.161764705882355,2.2944240196078427,0.22109885620915032,3.2979779507558096,41.44117647058823,0.3047145328719723,0.4146341463414634,3.6245674740484417,0.5646890654409913,5.048472356535207,0.11082748377128629,4.2,0.42,0.6900000000000001,9.1,323.6,1344.2,80.2625,0.20416666666666666,2.4,0.24,0.35925410997732427,3.922016439909297,0.04439686082766439,2.6464393446710153,0.12195121951219512,256.35999999999996,1.1663997800207038,0.09551874527641223,2.045572695648958,0.02246966015863446,0.4567106160017384,0.6928894117685325,12.302487864038206,12.649110640673518,81.5,8.524263579402941,35.79898987322331,0.4392514094874026,82.0,1.1186314780297038,0.8939494548833413,0.2146725492799943,16.374018376786285,0.6928894117685325,8.524263579402941,12.302487864038206,10.0,12.0,12.649110640673518,12.649110640673518,81.5,8.524263579402941,1.1186314780297038,0.8939494548833413,35.79898987322331,0.4392514094874026,82.0
"ytma10_010704_benign1_ccd.tif","62c90557-58d6-4cfc-9e3a-938e3e47c178","Detection","Unclassified",18.169254302978516,452.16925048828125,81.0,,,75.0,104.0,660697.0,1.1707297073725063,17.0,2.533436304632514,120.0,89.5679012345679,9.700045724737082,88.0,71.0,49.0,7.259171597633135,90.314744568203,0.47881071960473004,11.590692595977298,660697.0,0.5317786922725194,134.34415485444296,4.177121771217712,1.9691876717914127,-0.13080731371031318,0.7145055214389783,0.3025830258302583,0.4050016065117277,0.3025830258302583,0.8844254894849949,0.2110265383096635,0.8487084870848708,0.8487084870848708,0.969741697416974,0.9243542435424353,-0.1319389603744986,0.4964054444982934,0.3025830258302583,2.0184501845018445,0.38238858403344184,2.002850233701313,0.5940959409594095,4.036900369003689,1.7002672078710546,0.25427213681730915,3.3790252374961067,10.851851851851851,0.133973479652492,5.012345679012346,43.074074074074076,0.29629629629629634,4.753086419753086,37.123456790123456,147.320987654321,11.041838134430726,0.29492455418381347,0.07841884559036236,0.5773125285779607,0.015423819905191156,54.525925925925925,0.4038957475994513,0.4455418381344308,5.718518518518518,9.170370370370371,38.96296296296296,2.594650205761317,0.2812757201646091,3.2455369101797613,37.77037037037037,0.27978052126200276,0.4166666666666667,3.4103703703703703,0.533532555546224,3.8278442139544437,0.1186057612002277,3.857142857142857,0.5510204081632653,0.5306122448979592,7.142857142857143,469.2857142857143,1910.4285714285713,122.4920634920635,0.25793650793650796,1.2857142857142858,0.1836734693877551,0.3124947359896339,2.7943677113702625,0.03671209125184465,2.5216406363433186,0.08641975308641975,335.3877551020409,1.8407852564102565,0.10577634614547514,0.9175806133378432,0.030619606483069217,0.23303098300727956,0.5887312544169911,13.399486691561743,13.601470508735444,80.5,7.8886966084669226,36.38477631085022,0.45198479889254933,81.0,1.1439757992630255,0.8741443662044442,0.20693853971122406,15.215457186952072,0.5887312544169911,7.8886966084669226,13.399486691561743,11.0,11.0,13.601470508735444,13.601470508735444,80.5,7.8886966084669226,1.1439757992630255,0.8741443662044442,36.38477631085022,0.45198479889254933,81.0
"ytma10_010704_benign1_ccd.tif","ef4574e1-2475-4abb-8f0a-017694b22eef","Detection","Unclassified",155.84906005859375,716.0744018554688,80.0,,,85.0,127.0,900432.0,1.459309825630404,25.0,1.9987931040591156,137.0,104.975,13.198125000000005,101.0,79.0,58.0,10.597796143250687,106.09146996813645,0.26225807896640296,15.350875382205404,900432.0,0.38406250000000003,235.6493749999999,2.9849056603773585,5.1281587608157215,1.0030612653398436,1.5052474190103242,0.2943396226415094,0.6728809267582452,0.2943396226415094,0.8742612397515297,0.20770380918476328,0.8528301886792453,0.8528301886792453,0.9705660377358492,0.9264150943396228,-0.29301989589640515,0.745838427202689,0.2943396226415094,1.6377358490566039,0.24280526877892492,2.3667454350286903,0.37735849056603776,3.2754716981132073,2.072405812387181,0.44989676041295834,3.8320463404113805,12.825,0.1603125,3.644375000000001,30.725,0.5048437499999999,3.4375,35.85,91.0125,24.309375,0.5572916666666667,0.07599202215608465,0.39220524494520026,0.024380846088435375,47.285714285714285,0.35553168635875404,0.5461020973486348,4.338345864661654,8.25563909774436,22.25563909774436,5.440685045948204,0.44110275689223055,3.5855433993046986,33.61654135338346,0.25275595002543955,0.415625,2.4667307366159763,0.44412627018225836,2.4700586180587525,0.12955815582986185,2.7142857142857144,0.3877551020408163,0.489795918367347,5.714285714285714,321.42857142857144,805.0,210.37698412698413,0.2976190476190476,1.8571428571428572,0.2653061224489796,0.43851924100495954,2.516425522490845,0.08853120678869085,2.5216406363433186,0.0875,190.81632653061223,5.054675499231951,0.12763653975821235,0.7452596965204522,0.04652024973028619,0.34025946062335144,0.49937092227463553,14.457701347942795,14.560219778561036,79.5,7.219755656093435,37.79898987322331,0.4754589921160165,80.0,1.1958912759777536,0.8361964169212673,0.19300648487150662,13.235673598349226,0.49937092227463553,7.219755656093435,14.457701347942795,14.0,9.0,14.560219778561036,14.560219778561036,79.5,7.219755656093435,1.1958912759777536,0.8361964169212673,37.79898987322331,0.4754589921160165,80.0
"ytma10_010704_benign1_ccd.tif","0921c46d-1355-49d0-99d4-f47a26e3f135","Detection","Unclassified",36.777042388916016,178.96026611328125,76.0,,,86.5,125.0,865474.0,1.3948746268312613,24.25,1.9967324888895128,135.0,105.71052631578948,12.481301939058172,107.0,78.0,57.0,9.871488033298647,106.71370947293363,0.05859184987776149,14.597959292739015,865474.0,0.40962603878116344,213.10041551246536,3.1568627450980395,3.8245657545429905,0.38582711023663485,1.3780238369857747,0.3372549019607844,0.6067637354755415,0.3294117647058824,0.9408757812218238,0.2287427912341407,0.8366013071895425,0.8360784313725489,0.9666365007541479,0.9180392156862746,-0.24932904064930164,0.7062220976198458,0.32254901960784316,1.7019607843137257,0.23165705497885428,2.4247079329826824,0.3215686274509804,3.4039215686274513,2.0685941744606753,0.42881968473663973,3.8997861918354375,11.289473684210526,0.14854570637119113,3.7756232686980606,31.13157894736842,0.430747922437673,3.4473684210526314,34.31578947368421,90.10526315789474,21.66959064327485,0.5197368421052633,0.06262715112848258,0.34017971930487595,0.02075281675170068,51.92424242424242,0.39336547291092744,0.46602387511478416,4.2272727272727275,7.515151515151516,21.40909090909091,4.5130471380471375,0.4204545454545455,3.4562957659237057,34.92424242424242,0.26457759412304865,0.4342105263157895,2.211202938475666,0.4967665601594173,2.5740561224489795,0.15304274796338285,2.3333333333333335,0.3888888888888889,0.5555555555555556,6.0,299.3333333333333,804.3333333333334,179.19444444444443,0.3055555555555555,1.6666666666666667,0.2777777777777778,0.18995396671608855,1.6967213365433078,0.021595457592617065,2.2516291673878226,0.07894736842105263,138.88888888888889,3.2304178814382896,0.1200324899972925,0.8200357783027039,0.04359208560127784,0.3033742647817562,0.5982448683251578,12.722910220240431,13.0,75.5,7.611415749420541,33.79898987322332,0.44766874004269297,76.0,1.097299833219246,0.9113279431258192,0.21677861325683792,16.696871840067697,0.5982448683251578,7.611415749420541,12.722910220240431,9.0,12.0,13.0,13.0,75.5,7.611415749420541,1.097299833219246,0.9113279431258192,33.79898987322332,0.44766874004269297,76.0
"ytma10_010704_benign1_ccd.tif","dbc662d9-160e-4277-ac13-582c92506a8a","Detection","Unclassified",168.33729553222656,223.9484100341797,74.0,,,129.0,142.7,1335791.0,0.10327508457163545,7.0,3.470848027262612,150.0,134.25675675675674,4.03506208911614,133.0,127.0,23.0,2.6916666666666647,134.3548649276599,0.9958689966781283,5.13351681469718,1335791.0,0.973338203067933,26.352994886778685,1.0202429149797572,0.01865307912072721,0.019030178264665652,0.019833139372879414,0.020242914979757085,-0.010224948875255624,0.020242914979757085,0.14280227654464248,0.019833139372879414,0.9898785425101214,0.9898785425101214,0.9959514170040485,0.9932523616734142,-0.0018298301675815363,0.01727928350544782,0.020242914979757085,1.0101214574898787,0.9601288334508025,0.16304519152439956,0.979757085020243,2.020242914979757,0.14280227654464248,0.010019013588159124,2.1489829550785218,22.35135135135135,0.30204528853177504,3.2753834915997078,72.02702702702703,0.013330898466033601,1.0405405405405406,60.13513513513514,60.17567567567568,60.125,0.9898648648648649,0.034384978090335236,0.07492551863087578,0.024249842955200097,46.592592592592595,0.8628257887517147,0.06858710562414266,1.2222222222222223,37.48148148148148,37.7037037037037,37.425925925925924,0.9444444444444444,3.3067982077488844,6.814814814814815,0.1262002743484225,0.18243243243243243,7.4348422496570645,0.17248392616237732,0.39470614838459955,0.11692837060682179,1.0,0.5,0.25,2.5,2665.0,2666.5,2664.625,0.625,1.0,0.5,0.5000938262338149,2.000093826233815,0.125093826233815,1.0,0.02702702702702703,1296.0,0.4954225352112676,1.0518834399431414,0.025693937180423666,3.5128718930764225E-4,1.0256410256410258,0.750474982860117,11.343718386207751,11.704699910719626,73.5,8.513176861459257,33.55634918610403,0.45654896851842214,74.0,1.1041449829920145,0.9056781631069842,0.21332921989883788,16.16973627191907,0.750474982860117,8.513176861459257,11.343718386207751,9.0,11.0,11.704699910719626,11.704699910719626,73.5,8.513176861459257,1.1041449829920145,0.9056781631069842,33.55634918610403,0.45654896851842214,74.0
"ytma10_010704_benign1_ccd.tif","349833dc-f294-4eef-abcc-22b4aa142229","Detection","Unclassified",93.93197631835938,728.4478759765625,74.0,,,106.3,127.7,1027551.0,0.8756865556764957,12.0,2.406686648458158,134.0,117.55405405405405,6.770270270270269,117.5,97.0,37.0,4.913793103448276,117.83812763415891,-0.18269284565948832,8.177328401187147,1027551.0,0.6256391526661798,66.86869978086193,5.060483870967742,0.8624023819762401,0.40134171708737665,0.5470701092611863,0.22983870967741937,0.4083251365548417,0.22983870967741937,0.7777300323134144,0.17701287721123832,0.8850806451612904,0.8850806451612904,0.9770161290322581,0.9425403225806452,-0.13442270725788347,0.4541919213146204,0.22983870967741937,2.231854838709677,0.44656445109261184,1.603219906182598,0.6370967741935484,4.463709677419354,1.3733811965051785,0.19422720473465138,3.4517376926540675,11.108108108108109,0.15010956902848796,3.8115412710007304,46.2972972972973,0.1964937910883857,5.108108108108108,41.78378378378378,197.16216216216216,9.62087087087087,0.2282282282282282,0.05159900334007478,0.2425769328001471,0.020903734304031925,53.304761904761904,0.5076643990929706,0.28426303854875284,5.552380952380952,11.695238095238095,54.95238095238095,2.722222222222222,0.23227513227513227,3.495234002276492,21.704761904761906,0.20671201814058957,0.3547297297297297,3.748208616780045,0.40633203907665355,2.3728149287933866,0.10621631370802291,1.5,0.375,0.6875,5.75,841.5,3651.5,202.61111111111111,0.3680555555555556,1.0,0.25,0.3136908304988662,0.8228188775510205,0.2570878310815066,2.0,0.05405405405405406,499.25,1.3499007936507936,0.12346586315866834,0.8073533673749969,0.014624288540653863,0.3304233695472258,0.9936168621783704,9.795716081338744,10.44030650891055,73.5,9.733188675530005,32.97056274847713,0.44857908501329424,74.0,1.084870146131086,0.9217693044335732,0.21903971362239913,17.047000430563884,0.9936168621783704,9.733188675530005,9.795716081338744,10.0,10.0,10.44030650891055,10.44030650891055,73.5,9.733188675530005,1.084870146131086,0.9217693044335732,32.97056274847713,0.44857908501329424,74.0
"ytma10_010704_benign1_ccd.tif","97fc6352-bd5e-4660-93b3-6d46f91eb9ae","Detection","Unclassified",698.3463134765625,250.17730712890625,71.0,,,118.0,142.0,1166449.0,1.2078853229682496,11.0,3.200911237007141,154.0,127.78873239436619,7.913112477683,124.0,113.0,41.0,5.399815327793166,128.17511129283088,1.0308378374003357,9.944799041239634,1166449.0,0.46201150565364013,98.89902797064073,2.2857142857142856,1.8469709620847632,0.4882702463091021,0.8778334863357105,0.33613445378151263,0.4462218602757257,0.33613445378151263,0.9210715204383164,0.2231480827625168,0.8319327731092436,0.8319327731092436,0.9663865546218489,0.915966386554622,-0.13964299292684262,0.5215716918307507,0.33613445378151263,1.4663865546218486,0.2755278582021044,2.1149390304172524,0.41596638655462187,2.9327731092436977,1.77880457663574,0.30349198502930586,3.614351297121988,10.492957746478874,0.14778813727435033,3.6841896449117235,32.80281690140845,0.33326720888712563,2.6901408450704225,33.394366197183096,66.43661971830986,25.274647887323944,0.6244131455399061,0.06821521057562305,0.33520356929939427,0.024942299298436124,55.92063492063492,0.4438145628621819,0.3716301335348954,3.365079365079365,7.285714285714286,16.126984126984127,5.1988536155202825,0.5057319223985891,3.221239339742109,34.904761904761905,0.2770219198790627,0.44366197183098594,2.2053413958175865,0.5189053557931108,2.238488689126444,0.1793975295144513,1.8,0.36,0.5599999999999999,5.4,411.0,871.4,297.0111111111111,0.34444444444444444,1.0,0.2,0.25842866941015086,2.2832517146776405,0.030000685871056244,2.321928094887362,0.07042253521126761,209.35999999999999,3.235638528138528,0.0997414482244216,1.0842622552813108,0.036649707150539654,0.31146832202812313,0.8444109650376793,10.39151682842507,10.770329614269007,70.5,8.774710753295697,31.79898987322332,0.4510495017478485,71.0,1.068350687684316,0.9360222364507778,0.22181667655486592,17.481980611034903,0.8444109650376793,8.774710753295697,10.39151682842507,10.0,10.0,10.770329614269007,10.770329614269007,70.5,8.774710753295697,1.068350687684316,0.9360222364507778,31.79898987322332,0.4510495017478485,71.0
"ytma10_010704_benign1_ccd.tif","c605f1c1-5aeb-4fa4-ae51-f45171414e3c","Detection","Unclassified",61.180259704589844,575.1649169921875,71.0,,,65.0,109.0,537530.0,1.5357419939937478,26.0,2.1289052863644873,121.0,85.38028169014085,14.051577068042052,84.0,60.0,61.0,10.855529131985733,87.01060320686517,0.3786999386897739,16.764622540777207,537530.0,0.3564768895060504,281.05256893473523,3.3628318584070795,4.421733824091149,0.5495506609272864,1.4427323987782912,0.5530973451327432,0.4457469663229971,0.4999999999999999,1.1455221102209245,0.30309734513274333,0.7588495575221239,0.7553097345132744,0.9471409121851599,0.8776548672566372,-0.10734086191494428,0.5207259042767151,0.45353982300884943,1.7721238938053099,0.16472511551413582,2.7884921515739447,0.23893805309734514,3.5442477876106198,2.1926016057220994,0.49895743597775866,3.6741891139714724,13.0,0.18309859154929578,3.1858758182900213,25.309859154929576,0.5443364411823052,4.267605633802817,22.12676056338028,62.46478873239437,14.029733959311423,0.4491392801251956,0.09511058857554498,0.5828172252208134,0.026761568085763257,60.61212121212121,0.367346189164371,0.5186409550045912,5.0181818181818185,4.618181818181818,15.72121212121212,2.5562289562289564,0.35909090909090907,2.9486962071292386,71.69090909090909,0.43449035812672177,0.5809859154929577,1.6556106519742884,0.6810465205723143,3.89871961203112,0.18662637715018665,3.0,0.5,0.5833333333333334,6.833333333333333,268.8333333333333,920.8333333333334,125.27777777777777,0.2824074074074074,1.0,0.16666666666666666,0.21607424266337616,1.9410995609504134,0.02433694601342763,2.584962500721156,0.08450704225352113,128.80555555555554,4.15831916099773,0.10163218147922201,1.123703579696681,0.07697438129391879,0.24222167915202372,0.3284330862377948,16.895970895433408,17.029386365926403,70.5,5.549195866171153,39.55634918610403,0.5610829671787806,71.0,1.3289746945968466,0.7524597752430168,0.1598784310285591,9.082010537320864,0.3284330862377948,5.549195866171153,16.895970895433408,17.0,6.0,17.029386365926403,17.029386365926403,70.5,5.549195866171153,1.3289746945968466,0.7524597752430168,39.55634918610403,0.5610829671787806,71.0
"ytma10_010704_benign1_ccd.tif","f7b32a74-e96c-4220-99cb-e2f2dfb07f9d","Detection","Unclassified",189.31326293945312,101.31204223632812,69.0,,,126.0,154.0,1332174.0,1.0208135027719738,18.0,1.9288129938005951,158.0,138.55072463768116,9.04137786179373,137.0,119.0,39.0,7.325946445060012,138.94916180106085,0.1872588644630385,10.515049576242722,1332174.0,0.603444654484352,110.56626759084224,4.462882096069869,2.276961557458603,0.27000774170082115,0.7525790888808375,0.18340611353711792,0.6081003993154592,0.18340611353711792,0.687471928901765,0.14976831105432772,0.9082969432314412,0.9082969432314412,0.9816593886462883,0.9541484716157206,-0.29851746684191477,0.6745279233810236,0.18340611353711792,2.078602620087336,0.4689079155622509,1.7297317166543584,0.6681222707423581,4.157205240174672,1.5463256031172405,0.23399630060448887,3.303945205801777,12.73913043478261,0.18462507876496534,3.200168031926066,41.63768115942029,0.23608485612266328,4.6521739130434785,44.42028985507246,200.68115942028984,11.345410628019323,0.28019323671497576,0.033986803524415674,0.16927450878365302,0.010625156329305744,41.04494382022472,0.46117914404746874,0.3693978033076631,4.831460674157303,13.573033707865168,60.20224719101124,3.5137328339575533,0.3167915106117353,3.714232159325168,17.629213483146067,0.19808105037242774,0.322463768115942,3.9560661532634773,0.29424041703226,1.4545677854823484,0.11537025476437657,1.0,0.3333333333333333,0.6666666666666666,4.666666666666667,957.6666666666666,4045.6666666666665,239.0,0.4537037037037037,1.0,0.3333333333333333,0.015771422309883848,0.03465976331360947,0.013621353519857793,1.584962500721156,0.043478260869565216,428.6666666666667,0.9347613035113036,0.18640312086936664,0.5144755515351322,0.013960343289272538,0.447552920680294,0.580642494359166,12.333064227972043,12.649110640673518,68.5,7.16110117642149,32.38477631085022,0.47277045709270393,69.0,1.103800747587604,0.9059606112656979,0.20970282578462926,15.624668486922365,0.580642494359166,7.16110117642149,12.333064227972043,12.0,8.0,12.649110640673518,12.649110640673518,68.5,7.16110117642149,1.103800747587604,0.9059606112656979,32.38477631085022,0.47277045709270393,69.0
"ytma10_010704_benign1_ccd.tif","6a4eb2c3-abf4-4ae4-adb3-d0146bf5694f","Detection","Unclassified",407.456787109375,141.04568481445312,68.0,,,123.7,147.0,1268737.0,0.8741671168850882,15.0,2.1243453449538614,153.0,136.30882352941177,7.458044982698961,138.5,119.0,34.0,5.787626962142203,136.5939129640246,-0.2656053982631216,8.820526449776741,1268737.0,0.6751730103806229,77.80168685121109,3.598214285714286,1.130049100968799,-0.3330773890192236,0.5156050701530612,0.21874999999999997,0.40423915108421316,0.21874999999999997,0.7578784625383954,0.17089843749999994,0.8906249999999999,0.8906249999999999,0.978125,0.9453124999999999,-0.1407262028972198,0.46342723586703743,0.21874999999999997,1.8772321428571428,0.4997907366071429,1.5971450956755762,0.6919642857142857,3.7544642857142856,1.3783950956755762,0.1835887675382653,3.2403050260649775,11.441176470588236,0.16825259515570934,4.15484429065744,45.911764705882355,0.18576989619377163,3.8970588235294117,41.94117647058823,156.80882352941177,13.38766339869281,0.34109477124183,0.0653759281490374,0.4268012691187586,0.01586926610922147,48.855670103092784,0.50366670209374,0.3294717823360613,4.247422680412371,11.876288659793815,45.71134020618557,3.6237113402061856,0.35996563573883167,3.477766263573459,20.587628865979383,0.21224359655648847,0.35661764705882354,4.013178871293443,0.43149943472998203,2.2431798695041207,0.14180956658627564,2.2,0.44,0.64,6.4,622.4,2447.0,167.58333333333331,0.31666666666666665,1.4,0.28,0.45253525150494844,4.052733598612386,0.052485664728088965,1.9219280948873623,0.07352941176470588,437.43999999999994,1.1379007543611506,0.14791872756747237,0.6521698939924732,0.013846014908154656,0.33851623956817295,0.6661171002154807,11.614780050554309,12.083045973594572,67.5,7.736803606915849,32.97056274847712,0.4884527814589203,68.0,1.1320602503043113,0.8833452104083578,0.20115892067363192,14.377416023278586,0.6661171002154807,7.736803606915849,11.614780050554309,9.0,11.0,12.083045973594572,12.083045973594572,67.5,7.736803606915849,1.1320602503043113,0.8833452104083578,32.97056274847712,0.4884527814589203,68.0
"ytma10_010704_benign1_ccd.tif","b279b094-ca87-446b-8838-89268267e4d2","Detection","Unclassified",237.5,181.909912109375,56.0,,,75.5,115.5,503107.0,1.4725961625037838,18.75,4.5035848824957885,153.0,93.16071428571429,13.34375,89.5,68.0,85.0,8.551652892561986,94.78424748569022,1.1993145317049103,17.468110521864737,503107.0,0.46875000000000006,305.13488520408157,4.85792349726776,9.46373562579122,1.7174385782330928,1.3599092239242734,0.46994535519125685,0.4863577023498695,0.41530054644808745,1.1060637529149364,0.2974708113111768,0.8014571948998179,0.7978142076502732,0.9823600179733586,0.9320843091334895,-0.15791699653283803,0.5922636529074145,0.36748633879781417,2.1530054644808745,0.29614201678162966,2.519485072515831,0.5136612021857924,4.306010928961749,2.0862423462854887,0.4574636447788827,3.6220371283978694,7.142857142857143,0.12755102040816327,4.928571428571429,26.25,0.5446428571428571,5.607142857142857,29.928571428571427,127.42857142857143,8.005922619047618,0.27675595238095235,0.1136959032951805,1.3721943274664363,0.02134642952749883,36.357142857142854,0.32461734693877553,0.8542729591836735,6.839285714285714,6.285714285714286,29.678571428571427,1.6715674603174602,0.2782142857142857,3.46708653083038,39.92857142857143,0.3565051020408163,0.5,2.2857142857142856,0.6137194802689595,5.114897762345679,0.1634756152171517,1.5714285714285714,0.22448979591836735,1.5510204081632655,11.428571428571429,200.57142857142858,855.1428571428571,51.150555555555556,0.2338888888888889,1.8571428571428572,0.2653061224489796,0.44555665784832454,8.24945877425044,0.030553350970017636,2.5216406363433186,0.125,136.57142857142858,0.6008170995670995,0.14122182093289262,3.6934816072551158,0.019933187560738582,1.5160315985130113,0.7015312309393157,10.050637100325979,10.198039027185569,55.5,7.050835816716038,28.142135623730944,0.5070655067338908,56.0,1.0656280117460826,0.9384137700748426,0.2097405822339526,15.630295355416628,0.7015312309393157,7.050835816716038,10.050637100325979,7.0,10.0,10.198039027185569,10.198039027185569,55.5,7.050835816716038,1.0656280117460826,0.9384137700748426,28.142135623730944,0.5070655067338908,56.0
"ytma10_010704_benign1_ccd.tif","402e405a-23a9-4b88-9099-f9d9050e6929","Detection","Unclassified",30.66171646118164,764.1254272460938,51.0,,,77.0,98.0,374351.0,0.8471905923412066,10.5,2.7844348334182842,105.0,85.23529411764706,6.756632064590541,84.0,68.0,37.0,4.757369614512472,85.67505871766012,0.28363133877549324,8.669505346483758,374351.0,0.6939638600538254,75.16032295271047,3.981012658227848,1.069032924475818,-0.10586180809226017,0.4036212145489505,0.17721518987341772,0.3897931034482759,0.17721518987341772,0.6739468651941156,0.1458099663515462,0.9113924050632911,0.9113924050632911,0.9822784810126581,0.9556962025316454,-0.14202799790126733,0.43604560686951055,0.17721518987341772,1.981012658227848,0.5961384393526677,1.3793943428965378,0.7658227848101266,3.9620253164556964,1.2021791530231203,0.14520910110559207,3.0831632148018375,7.392156862745098,0.14494425221068818,4.206074586697424,35.3921568627451,0.17608612072279892,4.098039215686274,41.3921568627451,164.52941176470588,11.174291938997822,0.31263616557734203,0.046292572584589395,0.22370514872615715,0.017674117486500773,34.78378378378378,0.47005113221329436,0.36468224981738495,4.3108108108108105,11.837837837837839,47.86486486486486,3.2515015015015014,0.3674924924924925,3.205887984929724,16.216216216216218,0.2191380569758948,0.3627450980392157,4.238130021913807,0.41540072096890285,2.0667267577494854,0.18368783039237585,1.0,0.3333333333333333,0.6666666666666666,4.666666666666667,601.6666666666666,2408.3333333333335,155.92592592592592,0.4537037037037037,1.0,0.3333333333333333,0.034355631141345426,0.2015891912320484,0.01569538926681784,1.584962500721156,0.058823529411764705,312.6666666666667,0.5854656419529838,0.27566503223813754,0.5053603495052046,0.010693683259541831,0.544447375362701,0.4441379043227976,12.587484731011527,12.165525060596439,50.5,5.590579089126673,31.313708498984752,0.6200734356234604,51.0,1.2430365058604966,0.8044816023385783,0.16259780750136102,9.393590342496589,0.4441379043227976,5.590579089126673,12.587484731011527,12.0,6.0,12.165525060596439,12.165525060596439,50.5,5.590579089126673,1.2430365058604966,0.8044816023385783,31.313708498984752,0.6200734356234604,51.0
"ytma10_010704_benign1_ccd.tif","c9f8b34c-33be-43d0-9d94-59be3132b52d","Detection","Unclassified",766.0127563476562,120.75784301757812,43.0,,,82.0,118.40000000000003,422100.0,1.1914646443679555,20.0,2.333861518682558,127.0,98.23255813953489,10.796106003244997,98.0,78.0,49.0,8.52739225712199,99.07713696795766,0.47222898539458585,12.909050744742649,422100.0,0.47863710113574903,166.64359113034075,2.016949152542373,2.5831552761364467,0.8685990291120325,0.8506176386095948,0.3220338983050847,0.45075943165115145,0.3220338983050847,0.906579548498746,0.21832806664751503,0.8389830508474576,0.8389830508474576,0.9677966101694915,0.9194915254237288,-0.14296105306030785,0.5141108501589154,0.3220338983050847,1.3728813559322033,0.33058029301924735,1.9935898796113034,0.5169491525423728,2.7457627118644066,1.6715559813062186,0.29316288422866993,3.3674432427723113,7.1395348837209305,0.1660356949702542,4.387236343969714,20.58139534883721,0.3418063818280151,2.488372093023256,26.674418604651162,44.348837209302324,22.462532299741603,0.6795865633074936,0.15767263882297103,0.6268871618414807,0.05328890470917049,40.06521739130435,0.43549149338374293,0.3790170132325142,3.108695652173913,4.934782608695652,9.58695652173913,3.892512077294686,0.5573671497584541,2.8934827171110467,33.30434782608695,0.3620037807183365,0.5348837209302325,1.4395085066162572,0.6120954106280193,2.3408091787439615,0.2554000603864735,4.75,0.59375,0.25,4.25,92.125,136.625,81.55555555555556,0.3263888888888889,2.75,0.34375,0.56395,2.41145,0.1367972222222222,2.0,0.18604651162790697,63.234375,2.681856684981685,0.15416988565306655,1.1542743199672676,0.04181734223699025,0.4921664903666514,0.18618051926546925,17.18222453566528,16.1245154965971,42.5,3.1989954861860483,37.213203435596405,0.8756047867199154,43.0,1.6102661371620992,0.6210153569784309,0.10562541006396817,3.964049437680497,0.18618051926546925,3.1989954861860483,17.18222453566528,14.0,9.0,16.1245154965971,16.1245154965971,42.5,3.1989954861860483,1.6102661371620992,0.6210153569784309,37.213203435596405,0.8756047867199154,43.0
"ytma10_010704_benign1_ccd.tif","5807c38a-8a26-47af-9692-19102615f424","Detection","Unclassified",1.72374427318573,16.28082275390625,37.0,,,94.0,131.6,492292.0,1.4684843111737709,23.0,2.189507522754936,145.0,114.43243243243244,12.065741417092767,114.0,90.0,55.0,9.233333333333329,115.34812174105475,0.18978311616707913,14.505433353953105,492292.0,0.38787436084733384,210.40759678597522,4.275510204081632,4.4825603802282155,-0.09443769177808314,1.4182632236568096,0.3979591836734694,0.5617726308547841,0.3979591836734694,0.9697442681154499,0.23958767180341523,0.8010204081632654,0.8010204081632654,0.960204081632653,0.9005102040816327,-0.1969891050039629,0.6593440611517525,0.3979591836734694,2.0051020408163263,0.19278425655976678,2.6106657742038286,0.3469387755102041,4.0102040816326525,2.212706590530359,0.4540556018325697,3.696638002087407,7.378378378378378,0.19941563184806427,1.8831263696128566,14.35135135135135,0.47479912344777203,4.918918918918919,19.43243243243243,81.67567567567568,7.685435435435434,0.35060060060060055,0.10130983023840166,0.665569651283937,0.024792756191565714,33.853932584269664,0.380381264991794,0.49160459537937123,5.292134831460674,3.9101123595505616,17.93258426966292,1.3782771535580525,0.3264669163545568,2.913022943477938,37.60674157303371,0.42254765812397427,0.6013513513513513,1.1448049488700922,0.6580844257178528,3.8250655430711613,0.1851246922249965,2.2,0.44,0.64,6.4,92.6,394.0,29.02777777777778,0.3166666666666667,1.0,0.2,0.22269120482911536,1.968797699135056,0.02844853186991427,2.321928094887362,0.13513513513513514,37.84,1.3386424731182798,0.22290275616245794,0.9288265188265189,0.05321885070940683,0.5561086873879908,0.2568797222913762,14.670415823437422,15.0,36.5,3.768532342623616,34.14213562373093,0.9354009759926282,37.0,1.594187204209846,0.6272789026026884,0.10322428975595489,3.7858731022767347,0.2568797222913762,3.768532342623616,14.670415823437422,4.0,15.0,15.0,15.0,36.5,3.768532342623616,1.594187204209846,0.6272789026026884,34.14213562373093,0.9354009759926282,37.0
"ytma10_010704_benign1_ccd.tif","8838b5cb-eb02-4e2d-bd01-e2ee6730fcb9","Detection","Unclassified",446.0511779785156,571.0921020507812,29.0,,,88.0,111.0,283003.0,1.1496838880149503,12.0,4.95101382143504,130.0,98.3103448275862,7.46730083234245,96.0,87.0,43.0,5.701183431952662,98.78625480263453,1.3574134391166914,9.685052287526815,283003.0,0.4887039239001188,93.8002378121284,1.8095238095238098,1.3023146581478389,0.5300014847208717,0.6376133786848073,0.32142857142857145,0.3296881926998668,0.32142857142857145,0.9059282160429992,0.21811224489795922,0.8392857142857142,0.8392857142857142,0.9678571428571427,0.9196428571428572,-0.0899030445712415,0.39780089859983603,0.32142857142857145,1.3154761904761907,0.36160714285714296,1.830007868873987,0.5476190476190477,2.630952380952381,1.5085792974454155,0.2397604875283447,2.991120116251102,4.172413793103448,0.14387633769322236,5.029726516052318,14.172413793103448,0.3162901307966706,2.413793103448276,29.344827586206897,40.48275862068966,26.59865900383142,0.6848659003831418,0.10312340357598977,0.5334394955300128,0.033858556832694765,26.93220338983051,0.4564780235564493,0.34760126400459634,3.2203389830508473,5.254237288135593,9.559322033898304,4.253295668549906,0.5202448210922787,2.54849175892648,20.728813559322035,0.3513358230393565,0.5086206896551724,1.388681413386958,0.5904566854990583,2.515597928436911,0.1845009416195857,1.5,0.375,0.5,4.5,88.75,139.5,76.34027777777777,0.4027777777777778,1.0,0.25,0.27159209271944074,2.3337732151684203,0.0338245898849736,2.0,0.13793103448275862,36.1875,1.5751096491228072,0.24225548207448658,1.104454022988506,0.03577956365379078,0.7848404332973223,0.7344927617945874,7.23865619730851,8.06225774829855,28.5,5.316740582042634,21.899494936611664,0.7684033311091811,29.0,1.1571955020412543,0.8641582154752877,0.15689849410315618,8.746610692927797,0.7344927617945874,5.316740582042634,7.23865619730851,6.0,7.0,8.06225774829855,8.06225774829855,28.5,5.316740582042634,1.1571955020412543,0.8641582154752877,21.899494936611664,0.7684033311091811,29.0
